Results_Name,VSPAERO_History
Results_Timestamp,1749672324
Results_Date,6,11,2025
Results_Time,16,5,24
Alpha,-5.000000000000000000e+00,-5.000000000000000000e+00,-5.000000000000000000e+00,-5.000000000000000000e+00,-5.000000000000000000e+00
AnalysisMethod,0
Beta,0.000000000000000000e+00,0.000000000000000000e+00,0.000000000000000000e+00,0.000000000000000000e+00,0.000000000000000000e+00
CDi,6.363427405999999738e-03,7.047379541000000323e-03,6.404371076999999975e-03,6.381063596000000407e-03,6.513007646000000365e-03
CDo,1.024222370300000018e-02,1.043013768200000066e-02,1.037963070799999971e-02,1.042779967900000007e-02,1.047654254799999969e-02
CDt,1.092582589099999960e-02,9.641009234999999358e-03,6.968619506999999824e-03,7.410930195000000123e-03,1.077062232600000009e-02
CDtot,1.660565110899999905e-02,1.747751722299999838e-02,1.678400178499999881e-02,1.680886327499999874e-02,1.698955019399999919e-02
CDtott,2.116804959399999977e-02,2.007114691699999828e-02,1.734825021400000084e-02,1.783872987399999846e-02,2.124716487300000109e-02
CFx,2.839810616199999957e-02,3.328338413600000212e-02,3.319399993299999851e-02,3.283133708100000048e-02,3.268808767999999837e-02
CFxi,1.811266042200000009e-02,2.281180864099999900e-02,2.277413907800000109e-02,2.236368017800000052e-02,2.217106863799999869e-02
CFxo,1.028544573999999948e-02,1.047157549499999965e-02,1.041986085499999916e-02,1.046765690199999953e-02,1.051701904099999925e-02
CFy,1.965028621999999857e-03,-1.721210760000000089e-04,3.168524389999999888e-04,-4.164503399999999820e-05,1.188208240000000049e-04
CFyi,1.985291808999999942e-03,-1.745094799999999987e-04,3.183101869999999914e-04,-4.243003699999999987e-05,1.196642069999999977e-04
CFyo,-2.026318700000000051e-05,2.388403999999999977e-06,-1.457748000000000091e-06,7.850029999999999785e-07,-8.433830000000000023e-07
CFz,1.340633596570000030e-01,1.798988006189999878e-01,1.868343317829999906e-01,1.824038228000000039e-01,1.786933247609999997e-01
CFzi,1.340165146489999959e-01,1.798805538930000059e-01,1.868276835550000126e-01,1.824035402159999986e-01,1.786880920470000078e-01
CFzo,4.684500799999999810e-05,1.824672600000000044e-05,6.648229000000000311e-06,2.825830000000000099e-07,5.232713999999999855e-06
CL,1.360282661339999866e-01,1.821150694349999988e-01,1.890164184629999911e-01,1.845711607530000076e-01,1.808622972720000111e-01
CLi,1.350851637219999957e-01,1.811842342040000109e-01,1.881016448210000025e-01,1.836585628329999997e-01,1.799404658640000043e-01
CLo,9.431024110000000085e-04,9.308352310000000268e-04,9.147736419999999468e-04,9.125979200000000277e-04,9.218314080000000136e-04
CMx,7.065941243999999954e-03,1.122125281000000037e-03,9.625445069999999988e-04,8.163899050000000086e-04,5.133922080000000296e-04
CMxi,7.070703355000000113e-03,1.122495533000000085e-03,9.628580240000000423e-04,8.167876760000000345e-04,5.137059550000000214e-04
CMxo,-4.762110999999999780e-06,-3.702520000000000255e-07,-3.135160000000000130e-07,-3.977710000000000220e-07,-3.137469999999999837e-07
CMy,6.375772404900000023e-02,3.957854031900000236e-02,1.836034490900000093e-02,3.666719250000000097e-02,5.210088753699999853e-02
CMyi,6.170569735800000150e-02,3.744356895999999962e-02,1.617918391299999828e-02,3.446728806399999845e-02,4.992433730000000319e-02
CMyo,2.052026691000000038e-03,2.134971359000000131e-03,2.181160995000000057e-03,2.199904435999999915e-03,2.176550236000000110e-03
CMz,3.549063230000000036e-04,-1.114047519999999963e-04,3.607100099999999674e-05,-5.516135399999999757e-05,-1.064342000000000016e-06
CMzi,3.854880540000000209e-04,-1.096602920000000025e-04,3.918220999999999971e-05,-5.350964200000000168e-05,5.248579999999999476e-07
CMzo,-3.058173099999999704e-05,-1.744459999999999939e-06,-3.111209999999999813e-06,-1.651711999999999908e-06,-1.589199999999999963e-06
CS,1.965028621999999857e-03,-1.721210760000000089e-04,3.168524389999999888e-04,-4.164503399999999820e-05,1.188208240000000049e-04
CSi,1.985291808999999942e-03,-1.745094799999999987e-04,3.183101869999999914e-04,-4.243003699999999987e-05,1.196642069999999977e-04
CSo,-2.026318700000000051e-05,2.388403999999999977e-06,-1.457748000000000091e-06,7.850029999999999785e-07,-8.433830000000000023e-07
E,7.359936451500000143e-02,1.195536940220000011e-01,1.417942273320000057e-01,1.356685369769999872e-01,1.275927343499999866e-01
FC_AoA_,-5.000000000000000000e+00
FC_Beta_,0.000000000000000000e+00
FC_Bref_,1.417173599999999922e+01
FC_Cref_,1.193975999999999926e+00
FC_Mach_,1.499999999999999944e-01
FC_Pitch_Rate,0.000000000000000000e+00
FC_ReCref_,3.870000000000000000e+06
FC_Rho_,2.377000000000000206e-03
FC_Roll__Rate,0.000000000000000000e+00
FC_Sref_,1.619368700000000061e+01
FC_Vinf_,5.100000000000000000e+01
FC_Xcg_,1.785187999999999997e+00
FC_Yaw___Rate,0.000000000000000000e+00
FC_Ycg_,-0.000000000000000000e+00
FC_Zcg_,7.542510000000000048e-01
L/D,8.134891118647999519e+00,1.036670322729499993e+01,1.120719880962299975e+01,1.092629286293600011e+01,1.059124366528400074e+01
Mach,1.499999999999999944e-01,1.499999999999999944e-01,1.499999999999999944e-01,1.499999999999999944e-01,1.499999999999999944e-01
T/QS,0.000000000000000000e+00,0.000000000000000000e+00,0.000000000000000000e+00,0.000000000000000000e+00,0.000000000000000000e+00
WakeIter,1,2,3,4,5
Results_Name,VSPAERO_History
Results_Timestamp,1749672324
Results_Date,6,11,2025
Results_Time,16,5,24
Alpha,-4.000000000000000000e+00,-4.000000000000000000e+00,-4.000000000000000000e+00,-4.000000000000000000e+00,-4.000000000000000000e+00
AnalysisMethod,0
Beta,0.000000000000000000e+00,0.000000000000000000e+00,0.000000000000000000e+00,0.000000000000000000e+00,0.000000000000000000e+00
CDi,6.851654167000000191e-03,6.647722473999999847e-03,8.027862896000000081e-03,7.437019058000000210e-03,7.178527191999999751e-03
CDo,1.057376700399999953e-02,1.082494468299999985e-02,1.089037956200000073e-02,1.086413540300000015e-02,1.087353496699999984e-02
CDt,1.030299189900000037e-02,9.238845509999999567e-03,8.389171435000000385e-03,7.678167855999999680e-03,1.001054689600000026e-02
CDtot,1.742542117099999885e-02,1.747266715700000056e-02,1.891824245800000082e-02,1.830115445999999993e-02,1.805206215900000133e-02
CDtott,2.087675890200000120e-02,2.006379019299999941e-02,1.927955099699999938e-02,1.854230325799999940e-02,2.088408186300000011e-02
CFx,3.269149093600000333e-02,3.698942968099999673e-02,3.801304721100000339e-02,3.765200745399999854e-02,3.740957765899999982e-02
CFxi,2.208720403399999990e-02,2.613743513199999827e-02,2.709403512199999933e-02,2.676004235499999939e-02,2.650846961499999863e-02
CFxo,1.060428690199999996e-02,1.085199454900000020e-02,1.091901208900000059e-02,1.089196509899999915e-02,1.090110804399999946e-02
CFy,2.190796765000000042e-03,-1.778061399999999876e-05,2.510666598000000152e-03,-1.118557888999999975e-03,2.726662399999999842e-04
CFyi,2.210091448999999906e-03,-1.484768600000000020e-05,2.520160157999999824e-03,-1.120863724000000080e-03,2.726947319999999770e-04
CFyo,-1.929468399999999966e-05,-2.932927000000000015e-06,-9.493558999999999546e-06,2.305836000000000161e-06,-2.849100000000000015e-08
CFz,2.177064596459999946e-01,2.784925482760000071e-01,2.724077904300000186e-01,2.760910000510000128e-01,2.761949768260000271e-01
CFzi,2.176392488520000057e-01,2.784837325719999868e-01,2.723786266439999770e-01,2.760724008250000083e-01,2.761803756589999992e-01
CFzo,6.721079499999999657e-05,8.815704000000000256e-06,2.916378599999999854e-05,1.859922600000000087e-05,1.460116699999999979e-05
CL,2.194565807820000047e-01,2.803944066060000129e-01,2.743958748740000231e-01,2.780449275210000182e-01,2.781317399659999912e-01
CLi,2.186498160479999897e-01,2.796286155039999777e-01,2.736051103489999803e-01,2.772665885239999906e-01,2.773567515099999992e-01
CLo,8.067647329999999605e-04,7.657911019999999588e-04,7.907645249999999690e-04,7.783389969999999743e-04,7.749884560000000217e-04
CMx,9.659881998999999414e-03,1.298365121000000059e-03,7.192982049999999909e-04,8.716572030000000219e-04,6.437121309999999704e-04
CMxi,9.666130029000000526e-03,1.299541931999999940e-03,7.190638789999999943e-04,8.720014170000000295e-04,6.440285029999999900e-04
CMxo,-6.248029999999999707e-06,-1.176812000000000016e-06,2.343260000000000033e-07,-3.442139999999999878e-07,-3.163720000000000221e-07
CMy,4.422759027200000304e-02,6.329379880000000382e-04,2.597574522400000058e-02,1.582708324500000166e-02,1.730887921700000054e-02
CMyi,4.213429042499999833e-02,-1.659473192999999947e-03,2.375814417900000072e-02,1.356984169899999940e-02,1.504027586599999966e-02
CMyo,2.093299846999999939e-03,2.292411180999999985e-03,2.217601043999999858e-03,2.257241546000000095e-03,2.268603351000000011e-03
CMz,4.128897130000000210e-04,-5.234023899999999739e-05,6.951066720000000478e-04,-3.884980300000000220e-04,4.940196200000000174e-05
CMzi,4.583619849999999787e-04,-4.702808099999999925e-05,7.029460839999999641e-04,-3.872352289999999946e-04,5.205871200000000302e-05
CMzo,-4.547227199999999837e-05,-5.312157999999999835e-06,-7.839413000000000425e-06,-1.262801000000000033e-06,-2.656750000000000017e-06
CS,2.190796765000000042e-03,-1.778061399999999876e-05,2.510666598000000152e-03,-1.118557888999999975e-03,2.726662399999999842e-04
CSi,2.210091448999999906e-03,-1.484768600000000020e-05,2.520160157999999824e-03,-1.120863724000000080e-03,2.726947319999999770e-04
CSo,-1.929468399999999966e-05,-2.932927000000000015e-06,-9.493558999999999546e-06,2.305836000000000161e-06,-2.849100000000000015e-08
E,1.790822944640000081e-01,3.018840696189999950e-01,2.393306467250000125e-01,2.653053666099999819e-01,2.750375469499999892e-01
FC_AoA_,-4.000000000000000000e+00
FC_Beta_,0.000000000000000000e+00
FC_Bref_,1.417173599999999922e+01
FC_Cref_,1.193975999999999926e+00
FC_Mach_,1.499999999999999944e-01
FC_Pitch_Rate,0.000000000000000000e+00
FC_ReCref_,3.870000000000000000e+06
FC_Rho_,2.377000000000000206e-03
FC_Roll__Rate,0.000000000000000000e+00
FC_Sref_,1.619368700000000061e+01
FC_Vinf_,5.100000000000000000e+01
FC_Xcg_,1.785187999999999997e+00
FC_Yaw___Rate,0.000000000000000000e+00
FC_Ycg_,-0.000000000000000000e+00
FC_Zcg_,7.542510000000000048e-01
L/D,1.254774928587199945e+01,1.600377395090799837e+01,1.446250152236799913e+01,1.515022394497500002e+01,1.536426969225400008e+01
Mach,1.499999999999999944e-01,1.499999999999999944e-01,1.499999999999999944e-01,1.499999999999999944e-01,1.499999999999999944e-01
T/QS,0.000000000000000000e+00,0.000000000000000000e+00,0.000000000000000000e+00,0.000000000000000000e+00,0.000000000000000000e+00
WakeIter,1,2,3,4,5
Results_Name,VSPAERO_History
Results_Timestamp,1749672324
Results_Date,6,11,2025
Results_Time,16,5,24
Alpha,-3.000000000000000000e+00,-3.000000000000000000e+00,-3.000000000000000000e+00,-3.000000000000000000e+00,-3.000000000000000000e+00
AnalysisMethod,0
Beta,0.000000000000000000e+00,0.000000000000000000e+00,0.000000000000000000e+00,0.000000000000000000e+00,0.000000000000000000e+00
CDi,7.621332736000000288e-03,8.346817952999999526e-03,8.253368942999999777e-03,8.672170635000000377e-03,8.482356412000000012e-03
CDo,1.107346300400000039e-02,1.129575829499999962e-02,1.133501413600000035e-02,1.137725012299999929e-02,1.138037192699999957e-02
CDt,1.137273530199999980e-02,1.059560696699999964e-02,1.005327768599999921e-02,9.832991726000000696e-03,1.094971931600000059e-02
CDtot,1.869479573900000025e-02,1.964257624800000088e-02,1.958838307899999839e-02,2.004942075800000140e-02,1.986272834000000001e-02
CDtott,2.244619830600000018e-02,2.189136526200000099e-02,2.138829182300000173e-02,2.121024184899999998e-02,2.233009124299999842e-02
CFx,3.574783635300000234e-02,3.914052414599999974e-02,3.936487649300000197e-02,3.965923441199999816e-02,3.951257595899999864e-02
CFxi,2.465516733999999904e-02,2.782738388099999932e-02,2.801348097699999859e-02,2.826505700299999924e-02,2.811530246399999988e-02
CFxo,1.109266901299999983e-02,1.131314026500000042e-02,1.135139551599999991e-02,1.139417740900000066e-02,1.139727349500000049e-02
CFy,3.913017869999999856e-04,-2.962366250000000108e-04,-1.724112319999999943e-04,7.136084799999999409e-05,3.532300899999999837e-05
CFyi,4.043800269999999744e-04,-3.000134929999999974e-04,-1.728403050000000064e-04,7.172797600000000275e-05,3.628196300000000138e-05
CFyo,-1.307824000000000067e-05,3.776868000000000174e-06,4.290729999999999935e-07,-3.671279999999999771e-07,-9.589530000000000240e-07
CFz,3.249018584419999800e-01,3.715286500000000158e-01,3.768450341780000268e-01,3.736525221929999918e-01,3.744213044720000050e-01
CFzi,3.248253547800000196e-01,3.714927720930000232e-01,3.768292766210000200e-01,3.736274541060000121e-01,3.743968088769999980e-01
CFzo,7.650366199999999333e-05,3.587790700000000337e-05,1.575755800000000150e-05,2.506808699999999918e-05,2.449559499999999938e-05
CL,3.263274889359999986e-01,3.730679396559999916e-01,3.783887796090000255e-01,3.752160483540000202e-01,3.759761015329999845e-01
CLi,3.256705446800000070e-01,3.724400269049999990e-01,3.777789575080000017e-01,3.745946894519999737e-01,3.753551523020000058e-01
CLo,6.569442559999999704e-04,6.279127510000000363e-04,6.098221010000000200e-04,6.213589019999999968e-04,6.209492310000000329e-04
CMx,9.172934217000000209e-03,2.272018151000000045e-03,1.209246811999999983e-03,7.787487139999999712e-04,6.392092339999999985e-04
CMxi,9.177866808000000043e-03,2.273183947999999916e-03,1.209987907000000104e-03,7.792125339999999732e-04,6.396027849999999732e-04
CMxo,-4.932591000000000391e-06,-1.165797000000000046e-06,-7.410940000000000318e-07,-4.638199999999999803e-07,-3.935499999999999738e-07
CMy,3.068142685000000130e-03,-3.116176615499999941e-02,-3.223445439599999934e-02,-1.620515153400000144e-02,-1.715232481999999850e-02
CMyi,8.458865509999999787e-04,-3.351468455599999896e-02,-3.465712264700000073e-02,-1.859200494700000150e-02,-1.953954362400000047e-02
CMyo,2.222256134000000043e-03,2.352918400999999982e-03,2.422668250000000086e-03,2.386853413000000063e-03,2.387218803999999802e-03
CMz,-5.868996899999999732e-05,-1.379797610000000100e-04,-7.087732700000000038e-05,-2.541767999999999920e-06,-1.290847200000000023e-05
CMzi,-8.804159000000000691e-06,-1.285327430000000079e-04,-6.514543199999999552e-05,1.578426000000000081e-06,-9.328163000000000359e-06
CMzo,-4.988580999999999663e-05,-9.447018000000000426e-06,-5.731894999999999777e-06,-4.120194000000000214e-06,-3.580308999999999876e-06
CS,3.913017869999999856e-04,-2.962366250000000108e-04,-1.724112319999999943e-04,7.136084799999999409e-05,3.532300899999999837e-05
CSi,4.043800269999999744e-04,-3.000134929999999974e-04,-1.728403050000000064e-04,7.172797600000000275e-05,3.628196300000000138e-05
CSo,-1.307824000000000067e-05,3.776868000000000174e-06,4.290729999999999935e-07,-3.671279999999999771e-07,-9.589530000000000240e-07
E,3.571707534310000209e-01,4.265221686890000030e-01,4.438069712620000273e-01,4.152840673200000055e-01,4.263027144279999958e-01
FC_AoA_,-3.000000000000000000e+00
FC_Beta_,0.000000000000000000e+00
FC_Bref_,1.417173599999999922e+01
FC_Cref_,1.193975999999999926e+00
FC_Mach_,1.499999999999999944e-01
FC_Pitch_Rate,0.000000000000000000e+00
FC_ReCref_,3.870000000000000000e+06
FC_Rho_,2.377000000000000206e-03
FC_Roll__Rate,0.000000000000000000e+00
FC_Sref_,1.619368700000000061e+01
FC_Vinf_,5.100000000000000000e+01
FC_Xcg_,1.785187999999999997e+00
FC_Yaw___Rate,0.000000000000000000e+00
FC_Ycg_,-0.000000000000000000e+00
FC_Zcg_,7.542510000000000048e-01
L/D,1.742038528902699923e+01,1.896085432971300122e+01,1.928586734217000043e+01,1.868356667141199878e+01,1.889746191345399851e+01
Mach,1.499999999999999944e-01,1.499999999999999944e-01,1.499999999999999944e-01,1.499999999999999944e-01,1.499999999999999944e-01
T/QS,0.000000000000000000e+00,0.000000000000000000e+00,0.000000000000000000e+00,0.000000000000000000e+00,0.000000000000000000e+00
WakeIter,1,2,3,4,5
Results_Name,VSPAERO_History
Results_Timestamp,1749672324
Results_Date,6,11,2025
Results_Time,16,5,24
Alpha,-2.000000000000000000e+00,-2.000000000000000000e+00,-2.000000000000000000e+00,-2.000000000000000000e+00,-2.000000000000000000e+00
AnalysisMethod,0
Beta,0.000000000000000000e+00,0.000000000000000000e+00,0.000000000000000000e+00,0.000000000000000000e+00,0.000000000000000000e+00
CDi,9.127284597999999610e-03,1.011029240100000046e-02,9.878755403999999601e-03,1.030800797699999924e-02,1.036004605199999928e-02
CDo,1.162413328499999933e-02,1.198128523399999944e-02,1.199684598999999942e-02,1.201127394499999952e-02,1.201294175499999922e-02
CDt,1.143792747600000034e-02,1.142995513199999980e-02,1.087515022099999965e-02,1.036581904600000076e-02,1.155826939599999964e-02
CDtot,2.075141788300000067e-02,2.209157763500000163e-02,2.187560139400000075e-02,2.231928192299999919e-02,2.237298780699999851e-02
CDtott,2.306206076100000141e-02,2.341124036600000097e-02,2.287199621199999949e-02,2.237709299200000071e-02,2.357121115099999886e-02
CFx,3.528360371900000209e-02,3.862053545000000004e-02,3.844859861799999889e-02,3.882993094400000178e-02,3.888618023300000059e-02
CFxi,2.364920197699999990e-02,2.663080810899999887e-02,2.644360697199999929e-02,2.681028007500000157e-02,2.686487021700000033e-02
CFxo,1.163440174200000045e-02,1.198972734099999944e-02,1.200499164599999960e-02,1.201965086900000021e-02,1.202131001499999984e-02
CFy,3.312368169999999859e-04,-3.255125470000000062e-04,-8.660019899999999522e-05,-2.616939439999999852e-04,-2.826298100000000166e-05
CFyi,3.427506610000000250e-04,-3.254686590000000043e-04,-8.599295900000000271e-05,-2.626197890000000058e-04,-2.830064399999999839e-05
CFyo,-1.151384400000000014e-05,-4.388800000000000230e-08,-6.072400000000000297e-07,9.258449999999999634e-07,3.766299999999999784e-08
CFz,4.157851370269999847e-01,4.729418125800000094e-01,4.742067061049999865e-01,4.724135427200000237e-01,4.724854388609999734e-01
CFzi,4.156939868810000105e-01,4.729091963779999963e-01,4.741828507759999756e-01,4.723833165899999909e-01,4.724554899139999931e-01
CFzo,9.115014600000000589e-05,3.261620300000000279e-05,2.385532900000000113e-05,3.022612900000000118e-05,2.994894699999999907e-05
CL,4.167632319669999919e-01,4.740015464560000114e-01,4.752596689329999791e-01,4.734809062009999736e-01,4.735547216170000184e-01
CLi,4.162661025819999749e-01,4.735505146719999892e-01,4.748168599700000048e-01,4.730312187180000238e-01,4.731052532450000236e-01
CLo,4.971293849999999966e-04,4.510317840000000237e-04,4.428089629999999938e-04,4.496874820000000181e-04,4.494683719999999910e-04
CMx,1.052366379699999979e-02,1.202722660000000001e-03,6.995577819999999761e-04,5.670195060000000247e-04,4.081013859999999905e-04
CMxi,1.052911794700000028e-02,1.203396530000000074e-03,6.999304089999999669e-04,5.673738960000000286e-04,4.083414889999999967e-04
CMxo,-5.454150000000000118e-06,-6.738700000000000381e-07,-3.726269999999999922e-07,-3.543899999999999858e-07,-2.401030000000000159e-07
CMy,-2.115957310400000055e-02,-5.547524546899999798e-02,-5.457641536999999904e-02,-4.744925892799999739e-02,-4.754057068800000146e-02
CMyi,-2.350810586299999921e-02,-5.801627740499999686e-02,-5.714840265199999658e-02,-4.999660064900000173e-02,-5.008766207800000037e-02
CMyo,2.348532758999999966e-03,2.541031936000000182e-03,2.571987282000000145e-03,2.547341720999999996e-03,2.547091390000000202e-03
CMz,-4.159672999999999637e-06,-1.075520300000000051e-04,-3.358679700000000016e-05,-8.461745999999999808e-05,-2.040612700000000155e-05
CMzi,6.175127899999999529e-05,-1.009070200000000028e-04,-2.941370699999999841e-05,-8.184434599999999751e-05,-1.795150700000000166e-05
CMzo,-6.591095200000000171e-05,-6.645009999999999758e-06,-4.173090000000000054e-06,-2.773114000000000145e-06,-2.454619999999999887e-06
CS,3.312368169999999859e-04,-3.255125470000000062e-04,-8.660019899999999522e-05,-2.616939439999999852e-04,-2.826298100000000166e-05
CSi,3.427506610000000250e-04,-3.254686590000000043e-04,-8.599295900000000271e-05,-2.626197890000000058e-04,-2.830064399999999839e-05
CSo,-1.151384400000000014e-05,-4.388800000000000230e-08,-6.072400000000000297e-07,9.258449999999999634e-07,3.766299999999999784e-08
E,4.872483226379999977e-01,5.692706081099999649e-01,5.857332557229999459e-01,5.571276506700000297e-01,5.545027526300000398e-01
FC_AoA_,-2.000000000000000000e+00
FC_Beta_,0.000000000000000000e+00
FC_Bref_,1.417173599999999922e+01
FC_Cref_,1.193975999999999926e+00
FC_Mach_,1.499999999999999944e-01
FC_Pitch_Rate,0.000000000000000000e+00
FC_ReCref_,3.870000000000000000e+06
FC_Rho_,2.377000000000000206e-03
FC_Roll__Rate,0.000000000000000000e+00
FC_Sref_,1.619368700000000061e+01
FC_Vinf_,5.100000000000000000e+01
FC_Xcg_,1.785187999999999997e+00
FC_Yaw___Rate,0.000000000000000000e+00
FC_Ycg_,-0.000000000000000000e+00
FC_Zcg_,7.542510000000000048e-01
L/D,2.005964628237099845e+01,2.143579433331899864e+01,2.170531686930700133e+01,2.119383680711500162e+01,2.114627055302599956e+01
Mach,1.499999999999999944e-01,1.499999999999999944e-01,1.499999999999999944e-01,1.499999999999999944e-01,1.499999999999999944e-01
T/QS,0.000000000000000000e+00,0.000000000000000000e+00,0.000000000000000000e+00,0.000000000000000000e+00,0.000000000000000000e+00
WakeIter,1,2,3,4,5
Results_Name,VSPAERO_History
Results_Timestamp,1749672324
Results_Date,6,11,2025
Results_Time,16,5,24
Alpha,-1.000000000000000000e+00,-1.000000000000000000e+00,-1.000000000000000000e+00,-1.000000000000000000e+00,-1.000000000000000000e+00
AnalysisMethod,0
Beta,0.000000000000000000e+00,0.000000000000000000e+00,0.000000000000000000e+00,0.000000000000000000e+00,0.000000000000000000e+00
CDi,1.124576659200000016e-02,1.230998528500000001e-02,1.203540662399999947e-02,1.237117552200000040e-02,1.264980642699999915e-02
CDo,1.226075357499999997e-02,1.267957281099999986e-02,1.271069418000000083e-02,1.270747420499999947e-02,1.271363936499999951e-02
CDt,1.081854308899999999e-02,1.165252890199999954e-02,1.141188056999999957e-02,1.129031441100000061e-02,1.232480377799999999e-02
CDtot,2.350652016700000013e-02,2.498955809600000161e-02,2.474610080500000073e-02,2.507864972699999986e-02,2.536344579199999866e-02
CDtott,2.307929666399999996e-02,2.433210171300000113e-02,2.412257475000000040e-02,2.399778861600000007e-02,2.503844314300000123e-02
CFx,3.236393298299999888e-02,3.491177340599999762e-02,3.466541351400000137e-02,3.499246980000000201e-02,3.527921000900000048e-02
CFxi,2.009952960400000072e-02,2.222954307599999887e-02,2.195213401600000155e-02,2.228244037200000083e-02,2.256296389599999827e-02
CFxo,1.226440337899999990e-02,1.268223033000000048e-02,1.271327949699999939e-02,1.271002942799999945e-02,1.271624611300000048e-02
CFy,5.537588400000000244e-05,-6.157952100000000642e-05,-1.712768910000000088e-04,-1.603729139999999955e-04,1.666000900000000104e-05
CFyi,6.572303800000000478e-05,-6.067478099999999854e-05,-1.648720580000000017e-04,-1.613523020000000091e-04,1.680875899999999856e-05
CFyo,-1.034715299999999956e-05,-9.047400000000000401e-07,-6.404833000000000347e-06,9.793879999999999817e-07,-1.487490000000000040e-07
CFz,5.072357021090000417e-01,5.682252538480000448e-01,5.680610885669999943e-01,5.677435135389999887e-01,5.678524081010000168e-01
CFzi,5.071336029290000047e-01,5.681836576590000298e-01,5.680239004020000149e-01,5.677080213890000060e-01,5.678140178180000053e-01
CFzo,1.020991799999999985e-04,4.159618900000000325e-05,3.718816500000000176e-05,3.549215000000000204e-05,3.839028200000000148e-05
CL,5.077232761669999705e-01,5.687480048490000106e-01,5.685795649979999977e-01,5.682677462570000504e-01,5.683816285399999613e-01
CLi,5.074071491839999837e-01,5.684850795570000059e-01,5.683205051759999682e-01,5.680104389140000487e-01,5.681213150099999609e-01
CLo,3.161269819999999947e-04,2.629252919999999793e-04,2.590598219999999826e-04,2.573073440000000025e-04,2.603135310000000190e-04
CMx,1.179784689600000061e-02,1.009403121000000030e-03,7.584965789999999599e-04,7.104994960000000394e-04,5.612398480000000247e-04
CMxi,1.180396742400000032e-02,1.010116126000000069e-03,7.592368500000000117e-04,7.109093540000000150e-04,5.615805719999999914e-04
CMxo,-6.120528000000000025e-06,-7.130060000000000518e-07,-7.402709999999999721e-07,-4.098579999999999898e-07,-3.407240000000000009e-07
CMy,-4.705612681900000344e-02,-8.692971585900000075e-02,-8.112113805800000299e-02,-8.240399776100000573e-02,-7.923122959499999396e-02
CMyi,-4.955995900199999804e-02,-8.964440794700000159e-02,-8.385132214799999317e-02,-8.514028207700000128e-02,-8.195564142000000274e-02
CMyo,2.503832182999999809e-03,2.714692086999999972e-03,2.730184090000000157e-03,2.736284315999999890e-03,2.724411825000000106e-03
CMz,2.438621000000000195e-06,2.168390000000000003e-07,-5.033114800000000128e-05,-1.135711269999999947e-04,-7.448782999999999898e-06
CMzi,8.727240399999999906e-05,8.090441000000000150e-06,-4.332686999999999807e-05,-1.088146709999999941e-04,-3.141619999999999831e-06
CMzo,-8.483378400000000377e-05,-7.873602000000000785e-06,-7.004277999999999823e-06,-4.756455999999999747e-06,-4.307162999999999643e-06
CS,5.537588400000000244e-05,-6.157952100000000642e-05,-1.712768910000000088e-04,-1.603729139999999955e-04,1.666000900000000104e-05
CSi,6.572303800000000478e-05,-6.067478099999999854e-05,-1.648720580000000017e-04,-1.613523020000000091e-04,1.680875899999999856e-05
CSo,-1.034715299999999956e-05,-9.047400000000000401e-07,-6.404833000000000347e-06,9.793879999999999817e-07,-1.487490000000000040e-07
E,5.875893966270000490e-01,6.737991505949999516e-01,6.887723989309999517e-01,6.693473023199999483e-01,6.548595102969999582e-01
FC_AoA_,-1.000000000000000000e+00
FC_Beta_,0.000000000000000000e+00
FC_Bref_,1.417173599999999922e+01
FC_Cref_,1.193975999999999926e+00
FC_Mach_,1.499999999999999944e-01
FC_Pitch_Rate,0.000000000000000000e+00
FC_ReCref_,3.870000000000000000e+06
FC_Rho_,2.377000000000000206e-03
FC_Roll__Rate,0.000000000000000000e+00
FC_Sref_,1.619368700000000061e+01
FC_Vinf_,5.100000000000000000e+01
FC_Xcg_,1.785187999999999997e+00
FC_Yaw___Rate,0.000000000000000000e+00
FC_Ycg_,-0.000000000000000000e+00
FC_Zcg_,7.542510000000000048e-01
L/D,2.158580451645099885e+01,2.274890485752600000e+01,2.296606280179300086e+01,2.264916353547900130e+01,2.239921656036800002e+01
Mach,1.499999999999999944e-01,1.499999999999999944e-01,1.499999999999999944e-01,1.499999999999999944e-01,1.499999999999999944e-01
T/QS,0.000000000000000000e+00,0.000000000000000000e+00,0.000000000000000000e+00,0.000000000000000000e+00,0.000000000000000000e+00
WakeIter,1,2,3,4,5
Results_Name,VSPAERO_History
Results_Timestamp,1749672324
Results_Date,6,11,2025
Results_Time,16,5,24
Alpha,0.000000000000000000e+00,0.000000000000000000e+00,0.000000000000000000e+00,0.000000000000000000e+00,0.000000000000000000e+00
AnalysisMethod,0
Beta,0.000000000000000000e+00,0.000000000000000000e+00,0.000000000000000000e+00,0.000000000000000000e+00,0.000000000000000000e+00
CDi,1.374230365899999952e-02,1.506052369099999955e-02,1.515985958899999930e-02,1.508755326099999947e-02,1.548048357000000007e-02
CDo,1.298619039899999959e-02,1.346170520800000006e-02,1.351027509899999958e-02,1.353448697099999924e-02,1.354498593500000000e-02
CDt,1.119621331399999961e-02,1.426957361099999953e-02,1.338822040899999982e-02,1.339562263499999989e-02,1.361623350399999988e-02
CDtot,2.672849405799999911e-02,2.852222889899999961e-02,2.867013468800000062e-02,2.862204023200000044e-02,2.902546950499999834e-02
CDtott,2.418240371300000094e-02,2.773127881900000133e-02,2.689849550800000114e-02,2.693010960699999956e-02,2.716121943899999988e-02
CFx,2.672849405799999911e-02,2.852222889899999961e-02,2.867013468800000062e-02,2.862204023200000044e-02,2.902546950499999834e-02
CFxi,1.374230365899999952e-02,1.506052369099999955e-02,1.515985958899999930e-02,1.508755326099999947e-02,1.548048357000000007e-02
CFxo,1.298619039899999959e-02,1.346170520800000006e-02,1.351027509899999958e-02,1.353448697099999924e-02,1.354498593500000000e-02
CFy,-4.575859879999999999e-04,-1.907650310000000055e-04,-1.630779309999999907e-04,-1.222296390000000062e-04,-7.767545699999999420e-05
CFyi,-4.486598680000000164e-04,-1.905030049999999957e-04,-1.628801770000000101e-04,-1.227089180000000095e-04,-7.810169299999999884e-05
CFyo,-8.926120000000000522e-06,-2.620260000000000197e-07,-1.977540000000000117e-07,4.792789999999999601e-07,4.262359999999999794e-07
CFz,5.996535193099999939e-01,6.613039425829999596e-01,6.603525012619999579e-01,6.610930766379999879e-01,6.614646890469999541e-01
CFzi,5.995455581830000380e-01,6.612498756629999752e-01,6.603047631680000196e-01,6.610519951440000375e-01,6.614163231290000056e-01
CFzo,1.079611269999999993e-04,5.406692099999999977e-05,4.773809399999999980e-05,4.108149399999999987e-05,4.836591699999999699e-05
CL,5.996535193099999939e-01,6.613039425829999596e-01,6.603525012619999579e-01,6.610930766379999879e-01,6.614646890469999541e-01
CLi,5.995455581830000380e-01,6.612498756629999752e-01,6.603047631680000196e-01,6.610519951440000375e-01,6.614163231290000056e-01
CLo,1.079611269999999993e-04,5.406692099999999977e-05,4.773809399999999980e-05,4.108149399999999987e-05,4.836591699999999699e-05
CMx,1.304743991200000078e-02,1.217704171999999972e-03,9.477338109999999859e-04,7.712196769999999681e-04,6.363245889999999926e-04
CMxi,1.305436371300000044e-02,1.218460706999999980e-03,9.483127450000000420e-04,7.717247510000000343e-04,6.367979399999999660e-04
CMxo,-6.923799999999999676e-06,-7.565349999999999912e-07,-5.789330000000000397e-07,-5.050739999999999605e-07,-4.733510000000000145e-07
CMy,-7.694257542799999572e-02,-1.180434977169999983e-01,-1.070270437490000032e-01,-1.025625988990000043e-01,-1.012335451960000021e-01
CMyi,-7.964148012199999405e-02,-1.209489762999999968e-01,-1.099560364620000008e-01,-1.055139183230000000e-01,-1.041568939949999995e-01
CMyo,2.698904694000000062e-03,2.905478581999999810e-03,2.928992712999999807e-03,2.951319424000000032e-03,2.923348798999999935e-03
CMz,2.124336000000000120e-05,-3.971217100000000308e-05,-3.962541799999999765e-05,-2.828399499999999854e-05,-1.780946900000000138e-05
CMzi,1.276709970000000031e-04,-2.986136300000000055e-05,-3.184764100000000200e-05,-2.210343799999999977e-05,-1.263122800000000022e-05
CMzo,-1.064276370000000053e-04,-9.850808000000000841e-06,-7.777778000000000125e-06,-6.180556999999999616e-06,-5.178241000000000317e-06
CS,-4.575859879999999999e-04,-1.907650310000000055e-04,-1.630779309999999907e-04,-1.222296390000000062e-04,-7.767545699999999420e-05
CSi,-4.486598680000000164e-04,-1.905030049999999957e-04,-1.628801770000000101e-04,-1.227089180000000095e-04,-7.810169299999999884e-05
CSo,-8.926120000000000522e-06,-2.620260000000000197e-07,-1.977540000000000117e-07,4.792789999999999601e-07,4.262359999999999794e-07
E,6.713278904210000508e-01,7.451453312589999545e-01,7.381481453479999955e-01,7.433652853809999961e-01,7.252957725490000174e-01
FC_AoA_,0.000000000000000000e+00
FC_Beta_,0.000000000000000000e+00
FC_Bref_,1.417173599999999922e+01
FC_Cref_,1.193975999999999926e+00
FC_Mach_,1.499999999999999944e-01
FC_Pitch_Rate,0.000000000000000000e+00
FC_ReCref_,3.870000000000000000e+06
FC_Rho_,2.377000000000000206e-03
FC_Roll__Rate,0.000000000000000000e+00
FC_Sref_,1.619368700000000061e+01
FC_Vinf_,5.100000000000000000e+01
FC_Xcg_,1.785187999999999997e+00
FC_Yaw___Rate,0.000000000000000000e+00
FC_Ycg_,-0.000000000000000000e+00
FC_Zcg_,7.542510000000000048e-01
L/D,2.243095166104700056e+01,2.318366765810300123e+01,2.303110084258199919e+01,2.309590755202700052e+01,2.278744614348200059e+01
Mach,1.499999999999999944e-01,1.499999999999999944e-01,1.499999999999999944e-01,1.499999999999999944e-01,1.499999999999999944e-01
T/QS,0.000000000000000000e+00,0.000000000000000000e+00,0.000000000000000000e+00,0.000000000000000000e+00,0.000000000000000000e+00
WakeIter,1,2,3,4,5
Results_Name,VSPAERO_History
Results_Timestamp,1749672324
Results_Date,6,11,2025
Results_Time,16,5,24
Alpha,1.000000000000000000e+00,1.000000000000000000e+00,1.000000000000000000e+00,1.000000000000000000e+00,1.000000000000000000e+00
AnalysisMethod,0
Beta,0.000000000000000000e+00,0.000000000000000000e+00,0.000000000000000000e+00,0.000000000000000000e+00,0.000000000000000000e+00
CDi,1.682722657599999838e-02,1.850622621500000106e-02,1.840642178600000040e-02,1.812823123400000153e-02,1.862969273300000075e-02
CDo,1.380041822499999959e-02,1.435778932500000014e-02,1.442010241200000070e-02,1.444416257999999939e-02,1.445004074799999955e-02
CDt,1.526267455499999946e-02,1.527437117500000073e-02,1.515993593600000085e-02,1.633307000999999897e-02,1.634852110100000130e-02
CDtot,3.062764480100000145e-02,3.286401553999999947e-02,3.282652419800000110e-02,3.257239381399999745e-02,3.307973348200000246e-02
CDtott,2.906309278000000079e-02,2.963216049899999871e-02,2.958003834799999981e-02,3.077723258999999836e-02,3.079856184900000085e-02
CFx,1.855193059999999880e-02,1.968647498599999934e-02,1.968351649200000136e-02,1.939253809600000045e-02,1.987174797299999865e-02
CFxi,4.751578246000000109e-03,5.327561251999999616e-03,5.262217252000000317e-03,4.947005287999999695e-03,5.420489879000000080e-03
CFxo,1.380035235399999956e-02,1.435891373400000059e-02,1.442129923999999931e-02,1.444553280899999945e-02,1.445125809400000030e-02
CFy,-9.399879759999999872e-04,-1.814374369999999931e-04,-4.690427750000000198e-04,-1.359333500000000120e-04,-1.047585940000000005e-04
CFyi,-9.336044270000000162e-04,-1.808627549999999959e-04,-4.691712930000000196e-04,-1.359934240000000105e-04,-1.052415949999999984e-04
CFyo,-6.383550000000000063e-06,-5.746809999999999828e-07,1.285180000000000130e-07,6.007399999999999914e-08,4.830009999999999983e-07
CFz,6.920844866509999749e-01,7.552275926260000327e-01,7.532488799330000484e-01,7.553576833509999533e-01,7.569736654549999999e-01
CFzi,6.919602784789999905e-01,7.551667114850000306e-01,7.531916038320000117e-01,7.553101313969999842e-01,7.569173035570000430e-01
CFzo,1.242081719999999910e-04,6.088114100000000109e-05,5.727610100000000146e-05,4.755195499999999829e-05,5.636189800000000109e-05
CL,6.916553029980000433e-01,7.547689914430000258e-01,7.527906317500000499e-01,7.549041922610000288e-01,7.565115648769999979e-01
CLi,6.917719631019999538e-01,7.549587171730000046e-01,7.529850507480000399e-01,7.551087568580000520e-01,7.567074207930000185e-01
CLo,-1.166601040000000023e-04,-1.897257300000000006e-04,-1.944189979999999909e-04,-2.045645969999999880e-04,-1.958559159999999865e-04
CMx,1.418814247799999977e-02,1.184601992999999905e-03,9.722334490000000221e-04,8.288314920000000195e-04,7.163877299999999804e-04
CMxi,1.419609731800000087e-02,1.185296356000000058e-03,9.729281970000000458e-04,8.294052909999999942e-04,7.169090189999999816e-04
CMxo,-7.954839999999999887e-06,-6.943630000000000086e-07,-6.947480000000000481e-07,-5.737989999999999886e-07,-5.212890000000000034e-07
CMy,-1.067414004320000054e-01,-1.476555986689999933e-01,-1.302585973829999966e-01,-1.290875079980000062e-01,-1.315598773049999892e-01
CMyi,-1.096317517879999981e-01,-1.508001970829999927e-01,-1.334169659549999942e-01,-1.322794589550000122e-01,-1.347171811919999906e-01
CMyo,2.890351356000000083e-03,3.144598413999999831e-03,3.158368571999999822e-03,3.191950956999999901e-03,3.157303887000000118e-03
CMz,3.745921700000000195e-05,-2.050501700000000087e-05,-1.224432420000000018e-04,-2.627674700000000058e-05,-1.867942199999999959e-05
CMzi,1.667634219999999967e-04,-9.133909999999999764e-06,-1.132994330000000052e-04,-1.861133899999999918e-05,-1.214524899999999922e-05
CMzo,-1.293042050000000015e-04,-1.137110699999999941e-05,-9.143809000000000057e-06,-7.665407999999999708e-06,-6.534173000000000365e-06
CS,-9.399879759999999872e-04,-1.814374369999999931e-04,-4.690427750000000198e-04,-1.359333500000000120e-04,-1.047585940000000005e-04
CSi,-9.336044270000000162e-04,-1.808627549999999959e-04,-4.691712930000000196e-04,-1.359934240000000105e-04,-1.052415949999999984e-04
CSo,-6.383550000000000063e-06,-5.746809999999999828e-07,1.285180000000000130e-07,6.007399999999999914e-08,4.830009999999999983e-07
E,7.298997619649999491e-01,7.904572609959999996e-01,7.905934101170000172e-01,8.072599986130000183e-01,7.888603819830000141e-01
FC_AoA_,1.000000000000000000e+00
FC_Beta_,0.000000000000000000e+00
FC_Bref_,1.417173599999999922e+01
FC_Cref_,1.193975999999999926e+00
FC_Mach_,1.499999999999999944e-01
FC_Pitch_Rate,0.000000000000000000e+00
FC_ReCref_,3.870000000000000000e+06
FC_Rho_,2.377000000000000206e-03
FC_Roll__Rate,0.000000000000000000e+00
FC_Sref_,1.619368700000000061e+01
FC_Vinf_,5.100000000000000000e+01
FC_Xcg_,1.785187999999999997e+00
FC_Yaw___Rate,0.000000000000000000e+00
FC_Ycg_,-0.000000000000000000e+00
FC_Zcg_,7.542510000000000048e-01
L/D,2.258652167352499873e+01,2.297219937267900036e+01,2.293831190295300004e+01,2.318247658331500105e+01,2.287525748100700085e+01
Mach,1.499999999999999944e-01,1.499999999999999944e-01,1.499999999999999944e-01,1.499999999999999944e-01,1.499999999999999944e-01
T/QS,0.000000000000000000e+00,0.000000000000000000e+00,0.000000000000000000e+00,0.000000000000000000e+00,0.000000000000000000e+00
WakeIter,1,2,3,4,5
Results_Name,VSPAERO_History
Results_Timestamp,1749672324
Results_Date,6,11,2025
Results_Time,16,5,24
Alpha,2.000000000000000000e+00,2.000000000000000000e+00,2.000000000000000000e+00,2.000000000000000000e+00,2.000000000000000000e+00
AnalysisMethod,0
Beta,0.000000000000000000e+00,0.000000000000000000e+00,0.000000000000000000e+00,0.000000000000000000e+00,0.000000000000000000e+00
CDi,2.087292009099999887e-02,2.204426690800000144e-02,2.151208795699999926e-02,2.210668686300000171e-02,2.235193413099999943e-02
CDo,1.470243866400000078e-02,1.512151612099999973e-02,1.522614774399999940e-02,1.537687541499999956e-02,1.543548023799999960e-02
CDt,1.683404036700000134e-02,1.652571130700000029e-02,4.490021527999999915e-03,9.527767560999999413e-03,1.342621238100000051e-02
CDtot,3.557535875500000139e-02,3.716578302899999769e-02,3.673823570100000213e-02,3.748356227900000170e-02,3.778741436900000250e-02
CDtott,3.153647903100000038e-02,3.164722742799999655e-02,1.971616927200000105e-02,2.490464297699999940e-02,2.886169261899999838e-02
CFx,8.243126486000000586e-03,7.939512650999999699e-03,7.322788402999999904e-03,7.987013216000000276e-03,8.292595923999999605e-03
CFxi,-6.462577058000000367e-03,-7.188671597000000427e-03,-7.910025842000000321e-03,-7.396977566000000233e-03,-7.149866183999999646e-03
CFxo,1.470570354500000052e-02,1.512818424800000013e-02,1.523281424500000023e-02,1.538399078199999964e-02,1.544246210800000012e-02
CFy,-1.437422789999999928e-03,-5.651927730000000068e-04,-1.724121891000000026e-03,-6.275499359999999784e-04,1.480385823000000042e-03
CFyi,-1.433216331999999935e-03,-5.650644159999999600e-04,-1.725095733999999943e-03,-6.422547780000000157e-04,1.486277317000000075e-03
CFyo,-4.206458000000000409e-06,-1.283569999999999893e-07,9.738430000000000204e-07,1.470484299999999951e-05,-5.891493999999999670e-06
CFz,7.833136962310000007e-01,8.375796122180000358e-01,8.429894675600000387e-01,8.453249279369999813e-01,8.452806733100000081e-01
CFzi,7.831505581550000095e-01,8.375066153610000175e-01,8.429145977740000184e-01,8.452602810099999475e-01,8.452111806040000230e-01
CFzo,1.631380769999999996e-04,7.299685699999999464e-05,7.486978499999999827e-05,6.464692699999999986e-05,6.949270500000000671e-05
CL,7.825488417270000108e-01,8.367922963530000091e-01,8.422203795229999956e-01,8.445312360890000480e-01,8.444763437379999571e-01
CLi,7.828990246820000110e-01,8.372473099799999652e-01,8.426771728969999486e-01,8.450035220789999801e-01,8.449458275210000036e-01
CLo,-3.501829550000000219e-04,-4.550136269999999769e-04,-4.567933740000000120e-04,-4.722859900000000240e-04,-4.694837829999999926e-04
CMx,1.524921287499999938e-02,4.645744874999999802e-03,3.350633691999999834e-03,1.728995584999999929e-03,1.054809089999999942e-03
CMxi,1.525830159100000083e-02,4.649218576999999963e-03,3.353274723999999981e-03,1.730664718999999976e-03,1.054966608000000019e-03
CMxo,-9.088714999999999259e-06,-3.473701999999999933e-06,-2.641031999999999823e-06,-1.669133999999999917e-06,-1.575189999999999959e-07
CMy,-1.325987867660000097e-01,-1.886740455979999953e-01,-1.804296004489999994e-01,-1.578598948219999965e-01,-1.479005431759999878e-01
CMyi,-1.356202039799999925e-01,-1.920507363389999944e-01,-1.838062848120000092e-01,-1.612794221799999927e-01,-1.512979672820000121e-01
CMyo,3.021417213000000216e-03,3.376690740999999975e-03,3.376684362999999873e-03,3.419527357000000205e-03,3.397424106000000027e-03
CMz,7.456965700000000100e-05,-2.981617800000000074e-05,-4.048256320000000099e-04,-1.202517850000000052e-04,4.295694650000000188e-04
CMzi,2.282106769999999905e-04,2.002923099999999939e-05,-3.699517660000000113e-04,-1.070628700000000058e-04,4.458350650000000143e-04
CMzo,-1.536410199999999895e-04,-4.984540900000000014e-05,-3.487386599999999859e-05,-1.318891499999999941e-05,-1.626559999999999890e-05
CS,-1.437422789999999928e-03,-5.651927730000000068e-04,-1.724121891000000026e-03,-6.275499359999999784e-04,1.480385823000000042e-03
CSi,-1.433216331999999935e-03,-5.650644159999999600e-04,-1.725095733999999943e-03,-6.422547780000000157e-04,1.486277317000000075e-03
CSo,-4.206458000000000409e-06,-1.283569999999999893e-07,9.738430000000000204e-07,1.470484299999999951e-05,-5.891493999999999670e-06
E,7.536646493159999682e-01,8.161344541210000525e-01,8.472074102829999509e-01,8.289784298000000273e-01,8.197708550319999787e-01
FC_AoA_,2.000000000000000000e+00
FC_Beta_,0.000000000000000000e+00
FC_Bref_,1.417173599999999922e+01
FC_Cref_,1.193975999999999926e+00
FC_Mach_,1.499999999999999944e-01
FC_Pitch_Rate,0.000000000000000000e+00
FC_ReCref_,3.870000000000000000e+06
FC_Rho_,2.377000000000000206e-03
FC_Roll__Rate,0.000000000000000000e+00
FC_Sref_,1.619368700000000061e+01
FC_Vinf_,5.100000000000000000e+01
FC_Xcg_,1.785187999999999997e+00
FC_Yaw___Rate,0.000000000000000000e+00
FC_Ycg_,-0.000000000000000000e+00
FC_Zcg_,7.542510000000000048e-01
L/D,2.200677806425300176e+01,2.252736904057699974e+01,2.293733372912399915e+01,2.254330887226799973e+01,2.236050922299699906e+01
Mach,1.499999999999999944e-01,1.499999999999999944e-01,1.499999999999999944e-01,1.499999999999999944e-01,1.499999999999999944e-01
T/QS,0.000000000000000000e+00,0.000000000000000000e+00,0.000000000000000000e+00,0.000000000000000000e+00,0.000000000000000000e+00
WakeIter,1,2,3,4,5
Results_Name,VSPAERO_History
Results_Timestamp,1749672324
Results_Date,6,11,2025
Results_Time,16,5,24
Alpha,3.000000000000000000e+00,3.000000000000000000e+00,3.000000000000000000e+00,3.000000000000000000e+00,3.000000000000000000e+00
AnalysisMethod,0
Beta,0.000000000000000000e+00,0.000000000000000000e+00,0.000000000000000000e+00,0.000000000000000000e+00,0.000000000000000000e+00
CDi,2.483212454000000013e-02,2.708902429900000158e-02,2.676727176900000130e-02,2.648165092999999956e-02,2.647170416000000151e-02
CDo,1.567436149599999926e-02,1.635349724399999885e-02,1.638925860399999962e-02,1.645801118400000082e-02,1.648996078299999959e-02
CDt,2.234701080500000117e-02,2.398522962299999908e-02,2.507618267199999973e-02,1.875840037800000082e-02,1.961753553399999891e-02
CDtot,4.050648603600000286e-02,4.344252154299999696e-02,4.315653037299999745e-02,4.293966211400000038e-02,4.296166494300000110e-02
CDtott,3.802137230100000043e-02,4.033872686599999924e-02,4.146544127699999804e-02,3.521641156199999817e-02,3.610749631699999851e-02
CFx,-5.256811911000000385e-03,-5.447731622000000044e-03,-6.188881704000000032e-03,-6.274021087000000371e-03,-6.426424768999999988e-03
CFxi,-2.094404211000000168e-02,-2.181832434399999868e-02,-2.259659643899999959e-02,-2.275056962999999835e-02,-2.293558843899999936e-02
CFxo,1.568723019900000043e-02,1.637059272200000123e-02,1.640771473499999869e-02,1.647654854299999971e-02,1.650916367000000023e-02
CFy,-1.825457475999999997e-03,-1.378538449999999944e-04,1.091126339999999958e-04,-2.448098339999999948e-04,-1.895506280000000109e-04
CFyi,-1.821121870999999970e-03,-1.372161409999999877e-04,1.109817210000000058e-04,-2.454634370000000065e-04,-1.900935619999999881e-04
CFyo,-4.335604999999999971e-06,-6.377049999999999786e-07,-1.869086000000000065e-06,6.536029999999999533e-07,5.429340000000000096e-07
CFz,8.742764430610000526e-01,9.340191857909999618e-01,9.426966462810000280e-01,9.401774306800000369e-01,9.435058813259999955e-01
CFzi,8.741115449540000082e-01,9.339171555499999888e-01,9.426196423899999566e-01,9.401001763880000306e-01,9.434404894140000497e-01
CFzo,1.648981069999999984e-04,1.020302409999999965e-04,7.700389199999999447e-05,7.725429200000000142e-05,6.539191100000000330e-05
CL,8.733533978590000135e-01,9.330242572019999958e-01,9.417286143330000359e-01,9.392173070799999524e-01,9.425491723919999787e-01
CLi,8.740097319320000446e-01,9.337791374139999823e-01,9.425104294130000060e-01,9.400024745859999475e-01,9.433478929649999900e-01
CLo,-6.563340729999999875e-04,-7.548802120000000027e-04,-7.818150799999999461e-04,-7.851675059999999561e-04,-7.987205740000000338e-04
CMx,1.639529987999999855e-02,1.398203814999999985e-03,1.471071152000000054e-03,1.448565850000000039e-03,1.064318332000000053e-03
CMxi,1.640520294999999948e-02,1.399364796000000018e-03,1.472288037000000051e-03,1.449902542000000094e-03,1.065184439000000033e-03
CMxo,-9.903069999999999698e-06,-1.160981000000000091e-06,-1.216884999999999954e-06,-1.336692000000000042e-06,-8.661070000000000408e-07
CMy,-1.612476927829999962e-01,-1.925220118750000098e-01,-2.090981049189999941e-01,-1.889827756130000036e-01,-1.918324361179999937e-01
CMyi,-1.645473922219999885e-01,-1.961139061490000113e-01,-2.127904570149999897e-01,-1.926760453470000023e-01,-1.955624844090000092e-01
CMyo,3.299699439000000102e-03,3.591894274000000196e-03,3.692352095999999924e-03,3.693269733999999995e-03,3.730048290999999835e-03
CMz,1.587065419999999973e-04,3.101516600000000113e-05,8.287818799999999587e-05,-1.135304799999999918e-05,-1.606847999999999900e-05
CMzi,3.405970740000000213e-04,4.815718699999999806e-05,1.016195400000000011e-04,5.215554999999999906e-06,-3.729766999999999996e-06
CMzo,-1.818905329999999929e-04,-1.714202100000000031e-05,-1.874135199999999850e-05,-1.656860300000000078e-05,-1.233871299999999985e-05
CS,-1.825457475999999997e-03,-1.378538449999999944e-04,1.091126339999999958e-04,-2.448098339999999948e-04,-1.895506280000000109e-04
CSi,-1.821121870999999970e-03,-1.372161409999999877e-04,1.109817210000000058e-04,-2.454634370000000065e-04,-1.900935619999999881e-04
CSo,-4.335604999999999971e-06,-6.377049999999999786e-07,-1.869086000000000065e-06,6.536029999999999533e-07,5.429340000000000096e-07
E,7.895297710990000217e-01,8.261232066360000292e-01,8.517616305570000490e-01,8.563726499970000239e-01,8.628031429479999792e-01
FC_AoA_,3.000000000000000000e+00
FC_Beta_,0.000000000000000000e+00
FC_Bref_,1.417173599999999922e+01
FC_Cref_,1.193975999999999926e+00
FC_Mach_,1.499999999999999944e-01
FC_Pitch_Rate,0.000000000000000000e+00
FC_ReCref_,3.870000000000000000e+06
FC_Rho_,2.377000000000000206e-03
FC_Roll__Rate,0.000000000000000000e+00
FC_Sref_,1.619368700000000061e+01
FC_Vinf_,5.100000000000000000e+01
FC_Xcg_,1.785187999999999997e+00
FC_Yaw___Rate,0.000000000000000000e+00
FC_Ycg_,-0.000000000000000000e+00
FC_Zcg_,7.542510000000000048e-01
L/D,2.157703166750700063e+01,2.149458880974000152e+01,2.183934670520400090e+01,2.189124059929899957e+01,2.195789884344799958e+01
Mach,1.499999999999999944e-01,1.499999999999999944e-01,1.499999999999999944e-01,1.499999999999999944e-01,1.499999999999999944e-01
T/QS,0.000000000000000000e+00,0.000000000000000000e+00,0.000000000000000000e+00,0.000000000000000000e+00,0.000000000000000000e+00
WakeIter,1,2,3,4,5
Results_Name,VSPAERO_History
Results_Timestamp,1749672324
Results_Date,6,11,2025
Results_Time,16,5,24
Alpha,4.000000000000000000e+00,4.000000000000000000e+00,4.000000000000000000e+00,4.000000000000000000e+00,4.000000000000000000e+00
AnalysisMethod,0
Beta,0.000000000000000000e+00,0.000000000000000000e+00,0.000000000000000000e+00,0.000000000000000000e+00,0.000000000000000000e+00
CDi,3.026863597499999947e-02,3.220879439899999863e-02,3.165689017400000194e-02,3.123655717300000134e-02,3.099639389900000000e-02
CDo,1.710744498399999897e-02,1.750884629199999862e-02,1.754736645599999992e-02,1.759811901200000056e-02,1.765533404699999934e-02
CDt,3.051773739000000069e-02,3.148591408600000252e-02,3.131237930499999877e-02,3.026797622900000151e-02,2.995233871800000169e-02
CDtot,4.737608095899999844e-02,4.971764069100000072e-02,4.920425663099999708e-02,4.883467618500000190e-02,4.865172794599999934e-02
CDtott,4.762518237399999965e-02,4.899476037799999767e-02,4.885974576100000216e-02,4.786609524200000076e-02,4.760767276600000319e-02
CFx,-2.214740248800000158e-02,-2.209764444100000003e-02,-2.309347140799999920e-02,-2.358866576900000081e-02,-2.378575125200000154e-02
CFxi,-3.928650335799999810e-02,-3.963979578199999798e-02,-4.067745080400000240e-02,-4.122382126600000057e-02,-4.147799518700000243e-02
CFxo,1.713910086999999999e-02,1.754215134100000142e-02,1.758397939599999973e-02,1.763515549699999976e-02,1.769224393599999959e-02
CFy,-1.950170616999999905e-03,-1.331617679999999885e-04,1.579786509999999984e-04,-3.153142850000000236e-04,-1.531801509999999866e-04
CFyi,-1.947490703000000082e-03,-1.332056780000000109e-04,1.601846170000000111e-04,-3.160153790000000060e-04,-1.545437350000000048e-04
CFyo,-2.679913999999999919e-06,4.391000000000000078e-08,-2.205966000000000048e-06,7.010939999999999912e-07,1.363583999999999937e-06
CFz,9.958865429800000113e-01,1.028742603068000028e+00,1.035623930300999973e+00,1.037407386951000099e+00,1.037603170264000063e+00
CFzi,9.957418380970000094e-01,1.028607465072999938e+00,1.035534752186000107e+00,1.037322493503000098e+00,1.037514468406000034e+00
CFzo,1.447048829999999977e-04,1.351379940000000030e-04,8.917811499999999346e-05,8.489344800000000069e-05,8.870185699999999420e-05
CL,9.950055381140000543e-01,1.027778091545000105e+00,1.034712121587999967e+00,1.036525776840999891e+00,1.036734831223000031e+00
CLi,9.960567489649999606e-01,1.028866961360000110e+00,1.035849757103999957e+00,1.037671256451000001e+00,1.037880493989000064e+00
CLo,-1.051210850999999974e-03,-1.088869813999999905e-03,-1.137635516000000012e-03,-1.145479609999999976e-03,-1.145662765999999957e-03
CMx,1.151501326200000085e-02,1.797019305000000042e-03,1.627212323000000070e-03,1.544258370999999994e-03,1.070376433000000058e-03
CMxi,1.152324092699999990e-02,1.798519708999999928e-03,1.628464404999999940e-03,1.545784855999999966e-03,1.071380161000000039e-03
CMxo,-8.227665999999999501e-06,-1.500402999999999939e-06,-1.252080999999999947e-06,-1.526484999999999921e-06,-1.003727999999999947e-06
CMy,-2.074717485789999982e-01,-2.244631062469999994e-01,-2.359923647720000017e-01,-2.317214990819999876e-01,-2.229998497869999929e-01
CMyi,-2.112046239919999902e-01,-2.282729298729999912e-01,-2.399867132240000034e-01,-2.357346124049999880e-01,-2.269938402760000029e-01
CMyo,3.732875413000000166e-03,3.809823626000000043e-03,3.994348453000000354e-03,4.013113322999999587e-03,3.993990489000000428e-03
CMz,-3.376928399999999826e-05,6.428092099999999380e-05,1.203142130000000031e-04,-1.292202399999999993e-05,7.579158999999999715e-06
CMzi,1.075851819999999986e-04,8.815559300000000095e-05,1.431178709999999946e-04,6.816239000000000080e-06,2.113953899999999981e-05
CMzo,-1.413544649999999873e-04,-2.387467200000000037e-05,-2.280365800000000169e-05,-1.973826299999999916e-05,-1.356037900000000070e-05
CS,-1.950170616999999905e-03,-1.331617679999999885e-04,1.579786509999999984e-04,-3.153142850000000236e-04,-1.531801509999999866e-04
CSi,-1.947490703000000082e-03,-1.332056780000000109e-04,1.601846170000000111e-04,-3.160153790000000060e-04,-1.545437350000000048e-04
CSo,-2.679913999999999919e-06,4.391000000000000078e-08,-2.205966000000000048e-06,7.010939999999999912e-07,1.363583999999999937e-06
E,8.412501721659999543e-01,8.435169724479999465e-01,8.699116341170000100e-01,8.847208546160000298e-01,8.919353570560000222e-01
FC_AoA_,4.000000000000000000e+00
FC_Beta_,0.000000000000000000e+00
FC_Bref_,1.417173599999999922e+01
FC_Cref_,1.193975999999999926e+00
FC_Mach_,1.499999999999999944e-01
FC_Pitch_Rate,0.000000000000000000e+00
FC_ReCref_,3.870000000000000000e+06
FC_Rho_,2.377000000000000206e-03
FC_Roll__Rate,0.000000000000000000e+00
FC_Sref_,1.619368700000000061e+01
FC_Vinf_,5.100000000000000000e+01
FC_Xcg_,1.785187999999999997e+00
FC_Yaw___Rate,0.000000000000000000e+00
FC_Ycg_,-0.000000000000000000e+00
FC_Zcg_,7.542510000000000048e-01
L/D,2.102446485238100138e+01,2.069420324580600123e+01,2.105203549521399964e+01,2.124865643658300129e+01,2.133285985520100070e+01
Mach,1.499999999999999944e-01,1.499999999999999944e-01,1.499999999999999944e-01,1.499999999999999944e-01,1.499999999999999944e-01
T/QS,0.000000000000000000e+00,0.000000000000000000e+00,0.000000000000000000e+00,0.000000000000000000e+00,0.000000000000000000e+00
WakeIter,1,2,3,4,5
Results_Name,VSPAERO_History
Results_Timestamp,1749672324
Results_Date,6,11,2025
Results_Time,16,5,24
Alpha,5.000000000000000000e+00,5.000000000000000000e+00,5.000000000000000000e+00,5.000000000000000000e+00,5.000000000000000000e+00
AnalysisMethod,0
Beta,0.000000000000000000e+00,0.000000000000000000e+00,0.000000000000000000e+00,0.000000000000000000e+00,0.000000000000000000e+00
CDi,3.537903177499999996e-02,3.711782804000000185e-02,3.726593690499999806e-02,3.747522384699999987e-02,3.685544879799999840e-02
CDo,1.825949448900000133e-02,1.874452639799999848e-02,1.879552060899999932e-02,1.882769879899999846e-02,1.888403764500000068e-02
CDt,3.603508793900000312e-02,3.705235333899999789e-02,3.671816730500000042e-02,3.750912576399999948e-02,3.683347967799999872e-02
CDtot,5.363852626400000129e-02,5.586235443700000164e-02,5.606145751399999738e-02,5.630292264600000179e-02,5.573948644300000255e-02
CDtott,5.429458242799999751e-02,5.579687973700000331e-02,5.551368791399999975e-02,5.633682456300000141e-02,5.571751732400000157e-02
CFx,-4.129750081800000194e-02,-4.204297161000000033e-02,-4.213857412600000019e-02,-4.302216847999999760e-02,-4.301525367899999841e-02
CFxi,-5.961326306599999680e-02,-6.084699145900000078e-02,-6.099458266700000242e-02,-6.191382841999999720e-02,-6.196305548799999757e-02
CFxo,1.831576224799999833e-02,1.880401984900000045e-02,1.885600854099999876e-02,1.889165993999999960e-02,1.894780180899999916e-02
CFy,-2.147399538999999937e-03,-1.090745179999999965e-04,-1.169003359999999946e-04,1.651445590000000057e-04,-4.388586040000000041e-04
CFyi,-2.145861327000000204e-03,-1.083990370000000047e-04,-1.167753999999999933e-04,1.664236769999999940e-04,-4.401106380000000115e-04
CFyo,-1.538212000000000063e-06,-6.754810000000000384e-07,-1.249360000000000012e-07,-1.279118000000000033e-06,1.252033999999999920e-06
CFz,1.087465663594999965e+00,1.121502000505999908e+00,1.124879193875000016e+00,1.137749225234000017e+00,1.131205483270999901e+00
CFzi,1.087311580283000012e+00,1.121363610069999961e+00,1.124749943952999987e+00,1.137658269344999917e+00,1.131109816107999988e+00
CFzo,1.540833120000000087e-04,1.383904360000000008e-04,1.292499209999999879e-04,9.095588800000000156e-05,9.566716199999999374e-05
CL,1.086926842787999892e+00,1.120898633221999896e+00,1.124271307657999985e+00,1.137169374983999948e+00,1.130649931270000019e+00
CLi,1.088369669671999995e+00,1.122399647718999915e+00,1.125785959000999981e+00,1.138725281863999905e+00,1.132206037890999939e+00
CLo,-1.442826884000000072e-03,-1.501014497999999912e-03,-1.514651343000000035e-03,-1.555906880000000082e-03,-1.556106619999999933e-03
CMx,1.244984722300000041e-02,1.852611609000000053e-03,1.696042902999999897e-03,1.540786785000000051e-03,1.260668189000000057e-03
CMxi,1.245919552999999978e-02,1.854304751000000013e-03,1.697553994000000014e-03,1.542188129000000027e-03,1.262054404999999983e-03
CMxo,-9.348308000000000146e-06,-1.693142000000000035e-06,-1.511090999999999988e-06,-1.401345000000000006e-06,-1.386217000000000004e-06
CMy,-2.418873097779999926e-01,-2.536497786290000112e-01,-2.539027740750000040e-01,-2.867397023220000229e-01,-2.573686627960000139e-01
CMyi,-2.459485907650000025e-01,-2.578221193219999985e-01,-2.581219198299999906e-01,-2.911079225570000206e-01,-2.617120860930000070e-01
CMyo,4.061280987000000404e-03,4.172340693000000343e-03,4.219145754999999685e-03,4.368220235000000277e-03,4.343423297000000016e-03
CMz,9.085936000000000348e-05,9.559116099999999372e-05,7.347118399999999841e-05,1.349197110000000053e-04,-4.373672999999999960e-05
CMzi,2.566667789999999894e-04,1.223348690000000086e-04,9.775147999999999943e-05,1.580504419999999885e-04,-2.633974500000000102e-05
CMzo,-1.658074189999999995e-04,-2.674370900000000074e-05,-2.428029600000000102e-05,-2.313073199999999950e-05,-1.739698499999999857e-05
CS,-2.147399538999999937e-03,-1.090745179999999965e-04,-1.169003359999999946e-04,1.651445590000000057e-04,-4.388586040000000041e-04
CSi,-2.145861327000000204e-03,-1.083990370000000047e-04,-1.167753999999999933e-04,1.664236769999999940e-04,-4.401106380000000115e-04
CSo,-1.538212000000000063e-06,-6.754810000000000384e-07,-1.249360000000000012e-07,-1.279118000000000033e-06,1.252033999999999920e-06
E,8.593236594680000451e-01,8.710886189019999559e-01,8.728697898420000323e-01,8.880625207360000051e-01,8.926867335339999654e-01
FC_AoA_,5.000000000000000000e+00
FC_Beta_,0.000000000000000000e+00
FC_Bref_,1.417173599999999922e+01
FC_Cref_,1.193975999999999926e+00
FC_Mach_,1.499999999999999944e-01
FC_Pitch_Rate,0.000000000000000000e+00
FC_ReCref_,3.870000000000000000e+06
FC_Rho_,2.377000000000000206e-03
FC_Roll__Rate,0.000000000000000000e+00
FC_Sref_,1.619368700000000061e+01
FC_Vinf_,5.100000000000000000e+01
FC_Xcg_,1.785187999999999997e+00
FC_Yaw___Rate,0.000000000000000000e+00
FC_Ycg_,-0.000000000000000000e+00
FC_Zcg_,7.542510000000000048e-01
L/D,2.029081977972199979e+01,2.009223669538700108e+01,2.008128238053500070e+01,2.022497640188500156e+01,2.031245908674999967e+01
Mach,1.499999999999999944e-01,1.499999999999999944e-01,1.499999999999999944e-01,1.499999999999999944e-01,1.499999999999999944e-01
T/QS,0.000000000000000000e+00,0.000000000000000000e+00,0.000000000000000000e+00,0.000000000000000000e+00,0.000000000000000000e+00
WakeIter,1,2,3,4,5
Results_Name,VSPAERO_History
Results_Timestamp,1749672324
Results_Date,6,11,2025
Results_Time,16,5,24
Alpha,6.000000000000000000e+00,6.000000000000000000e+00,6.000000000000000000e+00,6.000000000000000000e+00,6.000000000000000000e+00
AnalysisMethod,0
Beta,0.000000000000000000e+00,0.000000000000000000e+00,0.000000000000000000e+00,0.000000000000000000e+00,0.000000000000000000e+00
CDi,4.095145294699999855e-02,4.274616932900000138e-02,4.358250541599999889e-02,4.326812038700000168e-02,4.295034768699999839e-02
CDo,1.949063789999999977e-02,2.008918771699999897e-02,2.018812802800000125e-02,2.021855800500000147e-02,2.024633556199999934e-02
CDt,4.150112294200000024e-02,4.259826489699999885e-02,4.216187368100000193e-02,4.220002074499999700e-02,4.337600085900000096e-02
CDtot,6.044209084700000179e-02,6.283535704600000382e-02,6.377063344399999667e-02,6.348667839200000662e-02,6.319668324900000467e-02
CDtott,6.099176084199999653e-02,6.268745261399999436e-02,6.235000170899999972e-02,6.241857875000000194e-02,6.362233642100000031e-02
CFx,-6.306068911100000396e-02,-6.498373872300000631e-02,-6.447358279999999831e-02,-6.545207418100000563e-02,-6.558379357599999904e-02
CFxi,-8.264023863099999312e-02,-8.516893837599999462e-02,-8.475654951199999843e-02,-8.577084007000000676e-02,-8.593130269000000265e-02
CFxo,1.957954951999999957e-02,2.018519965299999872e-02,2.028296671200000012e-02,2.031876588900000113e-02,2.034750911400000015e-02
CFy,-2.402496737000000149e-03,-1.727630760000000072e-04,-1.336419479999999965e-04,1.179926769999999964e-04,-9.204568299999999880e-05
CFyi,-2.402530990999999887e-03,-1.721380719999999944e-04,-1.344411840000000059e-04,1.196508949999999962e-04,-9.298911199999999996e-05
CFyo,3.425399999999999690e-08,-6.250030000000000281e-07,7.992360000000000504e-07,-1.658218999999999954e-06,9.434289999999999970e-07
CFz,1.178218095382999930e+00,1.219410522883999981e+00,1.223504289777999965e+00,1.230097480079999972e+00,1.228576388929000007e+00
CFzi,1.178042571893000101e+00,1.219271185715999906e+00,1.223348604619000080e+00,1.229991284685999942e+00,1.228477925486000100e+00
CFzo,1.755234889999999907e-04,1.393371679999999904e-04,1.556851590000000128e-04,1.061953940000000068e-04,9.846344300000000086e-05
CL,1.178355330303000104e+00,1.219523114797000041e+00,1.223541129792999893e+00,1.230200482109000015e+00,1.228701492079999902e+00
CLi,1.180227388572000047e+00,1.221494468833000058e+00,1.225506444834000064e+00,1.232218757837999945e+00,1.230730461889000038e+00
CLo,-1.872058269000000021e-03,-1.971354036000000105e-03,-1.965315040999999867e-03,-2.018275729000000053e-03,-2.028969809000000062e-03
CMx,1.338065232599999939e-02,2.056060151000000009e-03,1.135403978000000102e-03,1.045476931000000010e-03,8.721114639999999474e-04
CMxi,1.339116427900000073e-02,2.058083709999999813e-03,1.136481001999999942e-03,1.046399363000000008e-03,8.730554260000000007e-04
CMxo,-1.051195200000000069e-05,-2.023558999999999916e-06,-1.077023000000000022e-06,-9.224319999999999844e-07,-9.439619999999999925e-07
CMy,-2.756007264359999764e-01,-2.951866011220000141e-01,-2.914729509089999948e-01,-3.042278821159999924e-01,-2.963189654910000082e-01
CMyi,-2.799895386089999993e-01,-2.997651248720000217e-01,-2.960049472130000248e-01,-3.089491650999999783e-01,-3.010575125839999866e-01
CMyo,4.388812173000000358e-03,4.578523749999999747e-03,4.531996303000000031e-03,4.721282983999999794e-03,4.738547093000000134e-03
CMz,2.416563460000000049e-04,1.069884770000000045e-04,4.598885100000000208e-05,1.030091970000000015e-04,4.890023100000000130e-05
CMzi,4.335761260000000087e-04,1.389210829999999871e-04,6.321020200000000558e-05,1.202398279999999968e-04,6.172733399999999395e-05
CMzo,-1.919197809999999998e-04,-3.193260600000000297e-05,-1.722135100000000011e-05,-1.723063099999999878e-05,-1.282710200000000003e-05
CS,-2.402496737000000149e-03,-1.727630760000000072e-04,-1.336419479999999965e-04,1.179926769999999964e-04,-9.204568299999999880e-05
CSi,-2.402530990999999887e-03,-1.721380719999999944e-04,-1.344411840000000059e-04,1.196508949999999962e-04,-9.298911199999999996e-05
CSo,3.425399999999999690e-08,-6.250030000000000281e-07,7.992360000000000504e-07,-1.658218999999999954e-06,9.434289999999999970e-07
E,8.729953169490000109e-01,8.958507451420000267e-01,8.844409813319999980e-01,9.006529037539999782e-01,9.051260570620000001e-01
FC_AoA_,6.000000000000000000e+00
FC_Beta_,0.000000000000000000e+00
FC_Bref_,1.417173599999999922e+01
FC_Cref_,1.193975999999999926e+00
FC_Mach_,1.499999999999999944e-01
FC_Pitch_Rate,0.000000000000000000e+00
FC_ReCref_,3.870000000000000000e+06
FC_Rho_,2.377000000000000206e-03
FC_Roll__Rate,0.000000000000000000e+00
FC_Sref_,1.619368700000000061e+01
FC_Vinf_,5.100000000000000000e+01
FC_Xcg_,1.785187999999999997e+00
FC_Yaw___Rate,0.000000000000000000e+00
FC_Ycg_,-0.000000000000000000e+00
FC_Zcg_,7.542510000000000048e-01
L/D,1.952658109667000019e+01,1.943960416958299930e+01,1.921741056413500104e+01,1.940909162450699910e+01,1.947460528963399895e+01
Mach,1.499999999999999944e-01,1.499999999999999944e-01,1.499999999999999944e-01,1.499999999999999944e-01,1.499999999999999944e-01
T/QS,0.000000000000000000e+00,0.000000000000000000e+00,0.000000000000000000e+00,0.000000000000000000e+00,0.000000000000000000e+00
WakeIter,1,2,3,4,5
Results_Name,VSPAERO_History
Results_Timestamp,1749672324
Results_Date,6,11,2025
Results_Time,16,5,24
Alpha,7.000000000000000000e+00,7.000000000000000000e+00,7.000000000000000000e+00,7.000000000000000000e+00,7.000000000000000000e+00
AnalysisMethod,0
Beta,0.000000000000000000e+00,0.000000000000000000e+00,0.000000000000000000e+00,0.000000000000000000e+00,0.000000000000000000e+00
CDi,4.793125102600000187e-02,4.872603164300000345e-02,4.999113862400000191e-02,4.988914294400000060e-02,5.044779387000000032e-02
CDo,2.078579017699999990e-02,2.125822336600000084e-02,2.151885471200000108e-02,2.156929623500000032e-02,2.159203306399999980e-02
CDt,4.980431225600000233e-02,4.955019944999999870e-02,4.879015708500000076e-02,4.829369316099999671e-02,5.084085001199999815e-02
CDtot,6.871704120299999830e-02,6.998425500900000429e-02,7.150999333499999389e-02,7.145843917899999398e-02,7.203982693400000359e-02
CDtott,7.059010243299999876e-02,7.080842281700000518e-02,7.030901179600000661e-02,6.986298939599999702e-02,7.243288307499999579e-02
CFx,-8.653271525099999473e-02,-8.886169153499999529e-02,-8.899884463599999629e-02,-8.955174138999999478e-02,-9.023920091100000318e-02
CFxi,-1.074527686060000042e-01,-1.102593986670000054e-01,-1.106587504329999971e-01,-1.112653863999999992e-01,-1.119803143310000026e-01
CFxo,2.092005335600000127e-02,2.139770713199999966e-02,2.165990579700000085e-02,2.171364501099999969e-02,2.174111342100000163e-02
CFy,-2.589764946000000165e-03,-4.496020039999999935e-04,-1.106731550000000065e-04,-9.791855000000000459e-05,4.209399600000000293e-05
CFyi,-2.591857109999999922e-03,-4.487989260000000216e-04,-1.107416359999999954e-04,-9.768712999999999724e-05,4.284399600000000083e-05
CFyo,2.092163999999999913e-06,-8.030780000000000129e-07,6.848100000000000288e-08,-2.314209999999999915e-07,-7.500000000000000190e-07
CFz,1.268610713701999959e+00,1.297976837740999922e+00,1.311613319746999906e+00,1.315693274355999920e+00,1.326062765327999937e+00
CFzi,1.268432886153999961e+00,1.297812633206999910e+00,1.311445939111999914e+00,1.315549666115999994e+00,1.325956302085999905e+00
CFzo,1.778275480000000093e-04,1.642045339999999960e-04,1.673806349999999970e-04,1.436082400000000012e-04,1.064632419999999956e-04
CL,1.269700367006999953e+00,1.299131431221000055e+00,1.312682983715999896e+00,1.316799908127000096e+00,1.327175886725999954e+00
CLi,1.272073378124999987e+00,1.301576175160999993e+00,1.315156529208999947e+00,1.319303597980999943e+00,1.329719792262000100e+00
CLo,-2.373011117999999919e-03,-2.444743939999999803e-03,-2.473545491999999939e-03,-2.503689854999999968e-03,-2.543905535999999978e-03
CMx,1.427019298899999920e-02,3.739979302000000141e-03,9.727268799999999908e-04,9.555570170000000398e-04,8.641600349999999618e-04
CMxi,1.428250598999999954e-02,3.744073530000000156e-03,9.740532589999999474e-04,9.566047349999999951e-04,8.651301290000000055e-04
CMxo,-1.231300199999999931e-05,-4.094227999999999622e-06,-1.326378999999999968e-06,-1.047718000000000012e-06,-9.700949999999998997e-07
CMy,-3.107890675780000111e-01,-3.227265849789999752e-01,-3.236502800009999903e-01,-3.255196717589999844e-01,-3.554705444599999820e-01
CMyi,-3.155419028600000009e-01,-3.276188776399999725e-01,-3.285575125970000010e-01,-3.305253021139999969e-01,-3.606082105869999888e-01
CMyo,4.752835282999999696e-03,4.892292660999999869e-03,4.907232596000000308e-03,5.005630353999999949e-03,5.137666126999999860e-03
CMz,3.948070130000000053e-04,1.735366439999999882e-04,4.333612099999999741e-05,3.795573500000000227e-05,5.925579399999999965e-05
CMzi,6.140253139999999688e-04,2.349985469999999984e-04,5.961807099999999829e-05,5.441297600000000336e-05,7.472106900000000042e-05
CMzo,-2.192183019999999866e-04,-6.146190200000000066e-05,-1.628195000000000087e-05,-1.645724100000000109e-05,-1.546527400000000137e-05
CS,-2.589764946000000165e-03,-4.496020039999999935e-04,-1.106731550000000065e-04,-9.791855000000000459e-05,4.209399600000000293e-05
CSi,-2.591857109999999922e-03,-4.487989260000000216e-04,-1.107416359999999954e-04,-9.768712999999999724e-05,4.284399600000000083e-05
CSo,2.092163999999999913e-06,-8.030780000000000129e-07,6.848100000000000288e-08,-2.314209999999999915e-07,-7.500000000000000190e-07
E,8.664737591579999565e-01,8.923351270839999794e-01,8.879974400210000063e-01,8.954334255160000255e-01,8.995554494540000112e-01
FC_AoA_,7.000000000000000000e+00
FC_Beta_,0.000000000000000000e+00
FC_Bref_,1.417173599999999922e+01
FC_Cref_,1.193975999999999926e+00
FC_Mach_,1.499999999999999944e-01
FC_Pitch_Rate,0.000000000000000000e+00
FC_ReCref_,3.870000000000000000e+06
FC_Rho_,2.377000000000000206e-03
FC_Roll__Rate,0.000000000000000000e+00
FC_Sref_,1.619368700000000061e+01
FC_Vinf_,5.100000000000000000e+01
FC_Xcg_,1.785187999999999997e+00
FC_Yaw___Rate,0.000000000000000000e+00
FC_Ycg_,-0.000000000000000000e+00
FC_Zcg_,7.542510000000000048e-01
L/D,1.851176005051199880e+01,1.859812860750700025e+01,1.839122712604000043e+01,1.846253029223300146e+01,1.845812030457399899e+01
Mach,1.499999999999999944e-01,1.499999999999999944e-01,1.499999999999999944e-01,1.499999999999999944e-01,1.499999999999999944e-01
T/QS,0.000000000000000000e+00,0.000000000000000000e+00,0.000000000000000000e+00,0.000000000000000000e+00,0.000000000000000000e+00
WakeIter,1,2,3,4,5
Results_Name,VSPAERO_History
Results_Timestamp,1749672324
Results_Date,6,11,2025
Results_Time,16,5,24
Alpha,8.000000000000000000e+00,8.000000000000000000e+00,8.000000000000000000e+00,8.000000000000000000e+00,8.000000000000000000e+00
AnalysisMethod,0
Beta,0.000000000000000000e+00,0.000000000000000000e+00,0.000000000000000000e+00,0.000000000000000000e+00,0.000000000000000000e+00
CDi,5.477455599000000119e-02,5.617506317499999791e-02,5.660120853199999968e-02,5.710111936900000296e-02,5.699039863099999992e-02
CDo,2.215521748100000160e-02,2.281267711100000081e-02,2.295144609500000127e-02,2.301333139499999944e-02,2.304262713099999860e-02
CDt,5.656030866399999746e-02,5.657716689799999893e-02,5.522393431300000322e-02,5.462921305500000047e-02,5.693608650999999743e-02
CDtot,7.692977347099999585e-02,7.898774028600000219e-02,7.955265462699999401e-02,8.011445076400000587e-02,8.003302576100000676e-02
CDtott,7.871552614400000036e-02,7.938984400899999627e-02,7.817538040799999755e-02,7.764254445000000338e-02,7.997871364099999603e-02
CFx,-1.133960511479999989e-01,-1.167560658840000043e-01,-1.169952090799999955e-01,-1.169362526990000012e-01,-1.177643545379999934e-01
CFxi,-1.357406945330000003e-01,-1.397692865509999882e-01,-1.401480764730000106e-01,-1.401505395990000069e-01,-1.410155182789999961e-01
CFxo,2.234464338600000016e-02,2.301322066599999910e-02,2.315286739300000118e-02,2.321428689900000009e-02,2.325116374200000141e-02
CFy,-2.533862305000000089e-03,-2.660006620000000257e-04,-1.691430430000000077e-04,-2.289384519999999922e-04,9.781362100000000565e-05
CFyi,-2.538183880999999795e-03,-2.650886390000000152e-04,-1.691136100000000073e-04,-2.301632249999999939e-04,9.797175799999999440e-05
CFyo,4.321575999999999601e-06,-9.120219999999999858e-07,-2.943299999999999959e-08,1.224773000000000005e-06,-1.581370000000000084e-07
CFz,1.359618063682000111e+00,1.398312912628999927e+00,1.404073581942000049e+00,1.407690757329999931e+00,1.412997945289000024e+00
CFzi,1.359416655304999999e+00,1.398144636390000084e+00,1.403901847490000021e+00,1.407511381144000095e+00,1.412870462924000092e+00
CFzo,2.014083779999999873e-04,1.682762389999999933e-04,1.717344529999999985e-04,1.793761849999999910e-04,1.274823650000000020e-04
CL,1.362168034223999902e+00,1.400953931229999894e+00,1.406691820405999938e+00,1.410265588549000082e+00,1.415636376821000075e+00
CLi,1.365078359248000028e+00,1.403990113926999905e+00,1.409744013612999947e+00,1.413318762335000089e+00,1.418746071663999908e+00
CLo,-2.910325024999999965e-03,-3.036182696999999934e-03,-3.052193206999999960e-03,-3.053173786000000067e-03,-3.109694844000000184e-03
CMx,1.509313860100000050e-02,2.508446065999999849e-03,1.318970258000000092e-03,1.300197710000000097e-03,1.070227977999999979e-03
CMxi,1.510684141100000072e-02,2.511309397999999908e-03,1.320433732000000091e-03,1.301849330000000088e-03,1.071465847000000046e-03
CMxo,-1.370280999999999934e-05,-2.863331999999999795e-06,-1.463473999999999966e-06,-1.651619999999999909e-06,-1.237870000000000059e-06
CMy,-3.502948344999999852e-01,-3.666335839820000220e-01,-3.643212709990000242e-01,-3.637449516180000231e-01,-3.749218880910000218e-01
CMyi,-3.554157113690000203e-01,-3.719706243179999872e-01,-3.696680892590000211e-01,-3.690737620669999886e-01,-3.804360670049999893e-01
CMyo,5.120876869999999893e-03,5.337040337000000315e-03,5.346818260000000406e-03,5.328810449000000171e-03,5.514178913999999605e-03
CMz,6.068951979999999500e-04,1.587239740000000025e-04,7.639073199999999440e-05,5.959154200000000185e-05,1.175803510000000027e-04
CMzi,8.542412079999999776e-04,2.033593259999999872e-04,9.978261099999999914e-05,8.212083900000000157e-05,1.372574899999999976e-04
CMzo,-2.473460099999999734e-04,-4.463535199999999826e-05,-2.339187900000000135e-05,-2.252929699999999972e-05,-1.967713899999999836e-05
CS,-2.533862305000000089e-03,-2.660006620000000257e-04,-1.691430430000000077e-04,-2.289384519999999922e-04,9.781362100000000565e-05
CSi,-2.538183880999999795e-03,-2.650886390000000152e-04,-1.691136100000000073e-04,-2.301632249999999939e-04,9.797175799999999440e-05
CSo,4.321575999999999601e-06,-9.120219999999999858e-07,-2.943299999999999959e-08,1.224773000000000005e-06,-1.581370000000000084e-07
E,8.731445535580000250e-01,9.006050576690000087e-01,9.011657251819999992e-01,8.978121502089999595e-01,9.064784853559999522e-01
FC_AoA_,8.000000000000000000e+00
FC_Beta_,0.000000000000000000e+00
FC_Bref_,1.417173599999999922e+01
FC_Cref_,1.193975999999999926e+00
FC_Mach_,1.499999999999999944e-01
FC_Pitch_Rate,0.000000000000000000e+00
FC_ReCref_,3.870000000000000000e+06
FC_Rho_,2.377000000000000206e-03
FC_Roll__Rate,0.000000000000000000e+00
FC_Sref_,1.619368700000000061e+01
FC_Vinf_,5.100000000000000000e+01
FC_Xcg_,1.785187999999999997e+00
FC_Yaw___Rate,0.000000000000000000e+00
FC_Ycg_,-0.000000000000000000e+00
FC_Zcg_,7.542510000000000048e-01
L/D,1.774447392285500058e+01,1.777478516084499915e+01,1.772089215901900161e+01,1.764124635261299900e+01,1.772700779667000148e+01
Mach,1.499999999999999944e-01,1.499999999999999944e-01,1.499999999999999944e-01,1.499999999999999944e-01,1.499999999999999944e-01
T/QS,0.000000000000000000e+00,0.000000000000000000e+00,0.000000000000000000e+00,0.000000000000000000e+00,0.000000000000000000e+00
WakeIter,1,2,3,4,5
Results_Name,VSPAERO_History
Results_Timestamp,1749672324
Results_Date,6,11,2025
Results_Time,16,5,24
Alpha,9.000000000000000000e+00,9.000000000000000000e+00,9.000000000000000000e+00,9.000000000000000000e+00,9.000000000000000000e+00
AnalysisMethod,0
Beta,0.000000000000000000e+00,0.000000000000000000e+00,0.000000000000000000e+00,0.000000000000000000e+00,0.000000000000000000e+00
CDi,6.211401066799999982e-02,6.371179209600000282e-02,6.404401980700000219e-02,6.452509191199999605e-02,6.460836297800000294e-02
CDo,2.358327000599999904e-02,2.433566603300000089e-02,2.449041869000000149e-02,2.455338001699999828e-02,2.458519769800000115e-02
CDt,6.409033699199999379e-02,6.376782973200000038e-02,6.195505880999999798e-02,6.114281584600000236e-02,6.383270256799999931e-02
CDtot,8.569728067300000363e-02,8.804745812799999460e-02,8.853443849799999543e-02,8.907847192899999433e-02,8.919356067599999716e-02
CDtott,8.767360699699999760e-02,8.810349576499999780e-02,8.644547750000000641e-02,8.569619586299999370e-02,8.841790026500000177e-02
CFx,-1.427422835720000005e-01,-1.470299294959999947e-01,-1.474599936700000113e-01,-1.474826245729999874e-01,-1.477397483610000117e-01
CFxi,-1.665839644509999884e-01,-1.716394617710000070e-01,-1.722264958599999951e-01,-1.723117962529999991e-01,-1.726056228220000099e-01
CFxo,2.384168088000000046e-02,2.460953227499999840e-02,2.476650218899999895e-02,2.482917168000000133e-02,2.486587445999999951e-02
CFy,-2.693934898000000140e-03,-3.356869400000000092e-04,-1.931488860000000118e-04,-2.285584970000000091e-04,-8.487767000000000011e-05
CFyi,-2.700734376000000006e-03,-3.356106999999999884e-04,-1.936593249999999993e-04,-2.295910030000000062e-04,-8.520878499999999533e-05
CFyo,6.799477999999999683e-06,-7.623999999999999977e-08,5.104390000000000353e-07,1.032506000000000021e-06,3.311149999999999841e-07
CFz,1.449055167021999990e+00,1.491149697416999986e+00,1.496978014978999960e+00,1.500598609135999961e+00,1.502957724275999940e+00
CFzi,1.448830665467000012e+00,1.490963562364999939e+00,1.496793699836999947e+00,1.500407496251999984e+00,1.502794950590000012e+00
CFzo,2.245015540000000064e-04,1.861350509999999919e-04,1.843151420000000015e-04,1.911128840000000007e-04,1.627736870000000009e-04
CL,1.453544706114999974e+00,1.495791718585999908e+00,1.501615556746999980e+00,1.505195115635000080e+00,1.507565409174999926e+00
CLi,1.457052629142000066e+00,1.499457654181999944e+00,1.505307845351000040e+00,1.508890493857000026e+00,1.511294519271999981e+00
CLo,-3.507923026999999923e-03,-3.665935596000000161e-03,-3.692288603999999922e-03,-3.695378222000000011e-03,-3.729110095999999940e-03
CMx,1.595974162499999918e-02,2.922858574999999837e-03,1.531961565999999993e-03,1.363328223999999995e-03,1.090763773999999962e-03
CMxi,1.597497351699999832e-02,2.926426721999999918e-03,1.533920275000000017e-03,1.365189741000000017e-03,1.092144253000000044e-03
CMxo,-1.523189200000000043e-05,-3.568147000000000008e-06,-1.958709000000000020e-06,-1.861516999999999926e-06,-1.380479000000000010e-06
CMy,-3.883861543159999874e-01,-4.065931966329999758e-01,-4.034498252009999786e-01,-4.031868631600000197e-01,-4.048450807199999724e-01
CMyi,-3.938976104849999937e-01,-4.123554033890000081e-01,-4.092389207989999833e-01,-4.089632008810000219e-01,-4.107138098920000147e-01
CMyo,5.511456169000000273e-03,5.762206756999999763e-03,5.789095598000000391e-03,5.776337720999999599e-03,5.868729171999999793e-03
CMz,8.324747020000000533e-04,2.094049570000000007e-04,9.948014200000000480e-05,7.783345799999999784e-05,8.772044099999999330e-05
CMzi,1.110276553000000060e-03,2.640804650000000181e-04,1.280984560000000133e-04,1.029217320000000018e-04,1.083186829999999970e-04
CMzo,-2.778018520000000028e-04,-5.467550799999999707e-05,-2.861831399999999835e-05,-2.508827400000000055e-05,-2.059824100000000091e-05
CS,-2.693934898000000140e-03,-3.356869400000000092e-04,-1.931488860000000118e-04,-2.285584970000000091e-04,-8.487767000000000011e-05
CSi,-2.700734376000000006e-03,-3.356106999999999884e-04,-1.936593249999999993e-04,-2.295910030000000062e-04,-8.520878499999999533e-05
CSo,6.799477999999999683e-06,-7.623999999999999977e-08,5.104390000000000353e-07,1.032506000000000021e-06,3.311149999999999841e-07
E,8.772245089789999506e-01,9.057293502519999651e-01,9.080754164850000087e-01,9.056005229239999510e-01,9.073175870140000043e-01
FC_AoA_,9.000000000000000000e+00
FC_Beta_,0.000000000000000000e+00
FC_Bref_,1.417173599999999922e+01
FC_Cref_,1.193975999999999926e+00
FC_Mach_,1.499999999999999944e-01
FC_Pitch_Rate,0.000000000000000000e+00
FC_ReCref_,3.870000000000000000e+06
FC_Rho_,2.377000000000000206e-03
FC_Roll__Rate,0.000000000000000000e+00
FC_Sref_,1.619368700000000061e+01
FC_Vinf_,5.100000000000000000e+01
FC_Xcg_,1.785187999999999997e+00
FC_Yaw___Rate,0.000000000000000000e+00
FC_Ycg_,-0.000000000000000000e+00
FC_Zcg_,7.542510000000000048e-01
L/D,1.700232046682799947e+01,1.703010724057499914e+01,1.700251191394099948e+01,1.693889063408699869e+01,1.694398685078200018e+01
Mach,1.499999999999999944e-01,1.499999999999999944e-01,1.499999999999999944e-01,1.499999999999999944e-01,1.499999999999999944e-01
T/QS,0.000000000000000000e+00,0.000000000000000000e+00,0.000000000000000000e+00,0.000000000000000000e+00,0.000000000000000000e+00
WakeIter,1,2,3,4,5
Results_Name,VSPAERO_History
Results_Timestamp,1749672324
Results_Date,6,11,2025
Results_Time,16,5,24
Alpha,1.000000000000000000e+01,1.000000000000000000e+01,1.000000000000000000e+01,1.000000000000000000e+01,1.000000000000000000e+01
AnalysisMethod,0
Beta,0.000000000000000000e+00,0.000000000000000000e+00,0.000000000000000000e+00,0.000000000000000000e+00,0.000000000000000000e+00
CDi,7.058631698400000265e-02,7.121041508000000575e-02,7.193278077400000470e-02,7.225841475100000522e-02,7.266184785500000298e-02
CDo,2.507777418800000158e-02,2.566437968499999875e-02,2.600583322799999986e-02,2.610917572499999936e-02,2.616672906099999987e-02
CDt,7.421886087600000625e-02,7.265320987800000241e-02,6.959560322199999371e-02,6.772875071099999922e-02,7.100623950399999329e-02
CDtot,9.566409117200000423e-02,9.687479476499999409e-02,9.793861400200000455e-02,9.836759047500000241e-02,9.882857691599999939e-02
CDtott,9.929663506499999959e-02,9.831758956300000463e-02,9.560143644999999357e-02,9.383792643499999642e-02,9.717296856500000357e-02
CFx,-1.741058836680000055e-01,-1.783174369960000005e-01,-1.798608969050000117e-01,-1.803612840250000127e-01,-1.803520758250000133e-01
CFxi,-1.995292318509999940e-01,-2.043397812490000132e-01,-2.062314833459999996e-01,-2.068363885969999871e-01,-2.068870703519999910e-01
CFxo,2.542334818400000113e-02,2.602234425299999876e-02,2.637058644099999835e-02,2.647510457199999875e-02,2.653499452699999844e-02
CFy,-3.306786609000000095e-03,-6.353917179999999656e-04,-9.347593199999999812e-05,-3.048284779999999765e-04,-2.540203929999999854e-04
CFyi,-3.316548660999999853e-03,-6.351282050000000429e-04,-9.362677399999999833e-05,-3.060156150000000125e-04,-2.543603189999999966e-04
CFyo,9.762053000000000706e-06,-2.635129999999999853e-07,1.508429999999999962e-07,1.187136999999999998e-06,3.399259999999999960e-07
CFz,1.538311077271000027e+00,1.569168147210999953e+00,1.584047834149999945e+00,1.589356047581000020e+00,1.591958540392000021e+00
CFzi,1.538076903841000043e+00,1.568952922877000056e+00,1.583841236825999976e+00,1.589147076311000051e+00,1.591757785478000065e+00
CFzo,2.341734299999999986e-04,2.152243339999999915e-04,2.065973229999999976e-04,2.089712699999999939e-04,2.007549139999999894e-04
CL,1.545173844860999957e+00,1.576293455132999899e+00,1.591215105194000001e+00,1.596529566247999909e+00,1.599090922357000011e+00
CLi,1.549357947133999991e+00,1.580600233198999893e+00,1.595590850827999896e+00,1.600921123383000078e+00,1.603500970805999959e+00
CLo,-4.184102272999999650e-03,-4.306778064999999996e-03,-4.375745634000000397e-03,-4.391557134999999820e-03,-4.410048449000000120e-03
CMx,1.674938363799999969e-02,4.710977768000000274e-03,1.223265701000000091e-03,1.513678033999999936e-03,1.426610058000000016e-03
CMxi,1.676665392499999963e-02,4.717391575000000337e-03,1.224867027000000035e-03,1.515891209999999925e-03,1.428629605000000021e-03
CMxo,-1.727028700000000076e-05,-6.413807000000000305e-06,-1.601325999999999896e-06,-2.213176999999999834e-06,-2.019547000000000131e-06
CMy,-4.278978615049999767e-01,-4.408405645660000149e-01,-4.424542402500000193e-01,-4.409535009339999867e-01,-4.389216946269999808e-01
CMyi,-4.338301067429999880e-01,-4.469651249750000166e-01,-4.486703465429999760e-01,-4.471846055859999836e-01,-4.451637344819999731e-01
CMyo,5.932245239000000399e-03,6.124560408999999914e-03,6.216106291999999589e-03,6.231104652999999889e-03,6.242039855000000061e-03
CMz,1.011308332000000016e-03,3.396093740000000172e-04,1.128842349999999948e-04,8.933655500000000477e-05,9.189355800000000235e-05
CMzi,1.319533333000000091e-03,4.319186360000000003e-04,1.374751060000000042e-04,1.185950830000000059e-04,1.198628319999999945e-04
CMzo,-3.082250000000000246e-04,-9.230926199999999664e-05,-2.459087099999999931e-05,-2.925852900000000049e-05,-2.796927399999999889e-05
CS,-3.306786609000000095e-03,-6.353917179999999656e-04,-9.347593199999999812e-05,-3.048284779999999765e-04,-2.540203929999999854e-04
CSi,-3.316548660999999853e-03,-6.351282050000000429e-04,-9.362677399999999833e-05,-3.060156150000000125e-04,-2.543603189999999966e-04
CSo,9.762053000000000706e-06,-2.635129999999999853e-07,1.508429999999999962e-07,1.187136999999999998e-06,3.399259999999999960e-07
E,8.728364166869999607e-01,9.004309568939999897e-01,9.083768899080000292e-01,9.103351078060000212e-01,9.082007742350000079e-01
FC_AoA_,1.000000000000000000e+01
FC_Beta_,0.000000000000000000e+00
FC_Bref_,1.417173599999999922e+01
FC_Cref_,1.193975999999999926e+00
FC_Mach_,1.499999999999999944e-01
FC_Pitch_Rate,0.000000000000000000e+00
FC_ReCref_,3.870000000000000000e+06
FC_Rho_,2.377000000000000206e-03
FC_Roll__Rate,0.000000000000000000e+00
FC_Sref_,1.619368700000000061e+01
FC_Vinf_,5.100000000000000000e+01
FC_Xcg_,1.785187999999999997e+00
FC_Yaw___Rate,0.000000000000000000e+00
FC_Ycg_,-0.000000000000000000e+00
FC_Zcg_,7.542510000000000048e-01
L/D,1.619581525474900019e+01,1.631590794104799969e+01,1.629174424293299950e+01,1.627488399023300047e+01,1.622507396993400164e+01
Mach,1.499999999999999944e-01,1.499999999999999944e-01,1.499999999999999944e-01,1.499999999999999944e-01,1.499999999999999944e-01
T/QS,0.000000000000000000e+00,0.000000000000000000e+00,0.000000000000000000e+00,0.000000000000000000e+00,0.000000000000000000e+00
WakeIter,1,2,3,4,5
Results_Name,VSPAERO_History
Results_Timestamp,1749672324
Results_Date,6,11,2025
Results_Time,16,5,24
Alpha,1.100000000000000000e+01,1.100000000000000000e+01,1.100000000000000000e+01,1.100000000000000000e+01,1.100000000000000000e+01
AnalysisMethod,0
Beta,0.000000000000000000e+00,0.000000000000000000e+00,0.000000000000000000e+00,0.000000000000000000e+00,0.000000000000000000e+00
CDi,7.882258888199999980e-02,8.041233305599999881e-02,8.074464865500000088e-02,8.111192036799999561e-02,8.148104185099999675e-02
CDo,2.663198878600000000e-02,2.744362225800000069e-02,2.768712909400000005e-02,2.778579423399999901e-02,2.784256598699999877e-02
CDt,8.166652869500000411e-02,8.124878622400000250e-02,7.750736611300000634e-02,7.587049924000000001e-02,7.975055864400000527e-02
CDtot,1.054545776679999963e-01,1.078559553139999960e-01,1.084317777489999940e-01,1.088977146019999981e-01,1.093236078389999977e-01
CDtott,1.082985174810000006e-01,1.086924084819999997e-01,1.051944952059999938e-01,1.036562934740000025e-01,1.075931246310000006e-01
CFx,-2.087214574779999998e-01,-2.142591402690000035e-01,-2.153150528280000087e-01,-2.158132003849999869e-01,-2.156517141179999930e-01
CFxi,-2.358008522570000098e-01,-2.421727370229999898e-01,-2.434772038749999923e-01,-2.440762579980000069e-01,-2.439734346770000006e-01
CFxo,2.707939477899999961e-02,2.791359675400000018e-02,2.816215104700000096e-02,2.826305761299999914e-02,2.832172055999999938e-02
CFy,-3.495839015000000091e-03,-3.909017940000000021e-04,-1.313761680000000035e-04,-2.670934530000000184e-04,-2.703016899999999799e-04
CFyi,-3.508784535000000065e-03,-3.908789759999999969e-04,-1.316630519999999985e-04,-2.684631069999999869e-04,-2.712902390000000068e-04
CFyo,1.294551999999999968e-05,-2.281799999999999958e-08,2.868839999999999899e-07,1.369653999999999990e-06,9.885490000000000198e-07
CFz,1.626449704247999950e+00,1.667523855865999938e+00,1.675973850074000016e+00,1.680978499017999894e+00,1.682379763806999939e+00
CFzi,1.626187039691999958e+00,1.667299144782000031e+00,1.675751658865000104e+00,1.680758338571000099e+00,1.682163866206999980e+00
CFzo,2.626645550000000231e-04,2.247110839999999867e-04,2.221912090000000060e-04,2.201604470000000091e-04,2.158976000000000113e-04
CL,1.636393173814999935e+00,1.677769317270999982e+00,1.686265538900000083e+00,1.691273289381999945e+00,1.692617995957000021e+00
CLi,1.641302327260999894e+00,1.682874900115999939e+00,1.691421021717999906e+00,1.696450019532000031e+00,1.697810104051999947e+00
CLo,-4.909153446000000254e-03,-5.105582846000000091e-03,-5.155482817999999627e-03,-5.176730150000000315e-03,-5.192108093999999591e-03
CMx,1.748356120200000169e-02,3.083125376000000160e-03,1.097036475000000072e-03,1.306697569000000005e-03,1.067504421999999984e-03
CMxi,1.750330581800000132e-02,3.087213340000000052e-03,1.098669294999999940e-03,1.308407336000000105e-03,1.069033215000000057e-03
CMxo,-1.974461600000000110e-05,-4.087964000000000354e-06,-1.632819999999999979e-06,-1.709767000000000066e-06,-1.528793000000000103e-06
CMy,-4.674137066010000119e-01,-4.876523903539999871e-01,-4.837571282409999784e-01,-4.822127125449999774e-01,-4.775385735770000251e-01
CMyi,-4.737761740109999731e-01,-4.942860745470000206e-01,-4.904527619829999741e-01,-4.889343214910000235e-01,-4.842573538139999800e-01
CMyo,6.362467410000000219e-03,6.633684194000000027e-03,6.695633741999999951e-03,6.721608944999999703e-03,6.718780237000000072e-03
CMz,1.235647829000000031e-03,2.622065929999999783e-04,9.470805499999999900e-05,9.172258399999999785e-05,5.795435900000000319e-05
CMzi,1.575148034000000037e-03,3.266604680000000202e-04,1.176912749999999941e-04,1.180812600000000011e-04,7.948020499999999876e-05
CMzo,-3.395002040000000103e-04,-6.445387500000000129e-05,-2.298321999999999846e-05,-2.635867599999999991e-05,-2.152584599999999895e-05
CS,-3.495839015000000091e-03,-3.909017940000000021e-04,-1.313761680000000035e-04,-2.670934530000000184e-04,-2.703016899999999799e-04
CSi,-3.508784535000000065e-03,-3.908789759999999969e-04,-1.316630519999999985e-04,-2.684631069999999869e-04,-2.712902390000000068e-04
CSo,1.294551999999999968e-05,-2.281799999999999958e-08,2.868839999999999899e-07,1.369653999999999990e-06,9.885490000000000198e-07
E,8.771549675540000202e-01,9.039217883000000286e-01,9.093677541360000172e-01,9.106412228350000415e-01,9.079700134839999714e-01
FC_AoA_,1.100000000000000000e+01
FC_Beta_,0.000000000000000000e+00
FC_Bref_,1.417173599999999922e+01
FC_Cref_,1.193975999999999926e+00
FC_Mach_,1.499999999999999944e-01
FC_Pitch_Rate,0.000000000000000000e+00
FC_ReCref_,3.870000000000000000e+06
FC_Rho_,2.377000000000000206e-03
FC_Roll__Rate,0.000000000000000000e+00
FC_Sref_,1.619368700000000061e+01
FC_Vinf_,5.100000000000000000e+01
FC_Xcg_,1.785187999999999997e+00
FC_Yaw___Rate,0.000000000000000000e+00
FC_Ycg_,-0.000000000000000000e+00
FC_Zcg_,7.542510000000000048e-01
L/D,1.556406903853699930e+01,1.560298543755700074e+01,1.559894208907999946e+01,1.557838037030700029e+01,1.553013239883200036e+01
Mach,1.499999999999999944e-01,1.499999999999999944e-01,1.499999999999999944e-01,1.499999999999999944e-01,1.499999999999999944e-01
T/QS,0.000000000000000000e+00,0.000000000000000000e+00,0.000000000000000000e+00,0.000000000000000000e+00,0.000000000000000000e+00
WakeIter,1,2,3,4,5
Results_Name,VSPAERO_History
Results_Timestamp,1749672324
Results_Date,6,11,2025
Results_Time,16,5,24
Alpha,1.200000000000000000e+01,1.200000000000000000e+01,1.200000000000000000e+01,1.200000000000000000e+01,1.200000000000000000e+01
AnalysisMethod,0
Beta,0.000000000000000000e+00,0.000000000000000000e+00,0.000000000000000000e+00,0.000000000000000000e+00,0.000000000000000000e+00
CDi,8.789298664599999589e-02,8.882818430199999893e-02,8.967594493000000111e-02,9.007283242800000200e-02,9.042142101599999482e-02
CDo,2.823189036099999980e-02,2.894572642900000020e-02,2.934343178900000043e-02,2.945965877600000005e-02,2.953592839200000139e-02
CDt,9.099846473000000602e-02,8.998661697199999976e-02,8.596793669600000243e-02,8.349981384799999573e-02,8.799422058899999954e-02
CDtot,1.161248770069999992e-01,1.177739107310000061e-01,1.190193767189999946e-01,1.195324912040000020e-01,1.199573494079999997e-01
CDtott,1.192303550909999954e-01,1.189323434010000069e-01,1.153113684860000016e-01,1.129594726239999958e-01,1.175301489810000044e-01
CFx,-2.455011201239999941e-01,-2.510021842990000085e-01,-2.529729532950000248e-01,-2.537625035200000156e-01,-2.537222588590000161e-01
CFxi,-2.743030473529999846e-01,-2.805390084489999825e-01,-2.829195413819999838e-01,-2.838285903800000232e-01,-2.838678702340000082e-01
CFxo,2.880192722900000099e-02,2.953682415000000172e-02,2.994658808700000063e-02,3.006608686000000058e-02,3.014561137499999904e-02
CFy,-4.175215694000000179e-03,-7.261056200000000176e-04,-1.681244949999999923e-04,-4.415334820000000010e-04,-3.045821549999999959e-04
CFyi,-4.191360122000000257e-03,-7.265943019999999888e-04,-1.687558620000000043e-04,-4.431573839999999962e-04,-3.059524549999999852e-04
CFyo,1.614442900000000013e-05,4.886809999999999804e-07,6.313660000000000169e-07,1.623901000000000057e-06,1.370300000000000035e-06
CFz,1.713521770864000038e+00,1.747333657159999998e+00,1.762595756852000095e+00,1.768778242975000081e+00,1.770632361826999901e+00
CFzi,1.713236292231000046e+00,1.747072234855000072e+00,1.762349265170999990e+00,1.768534927891999953e+00,1.770396343577999909e+00
CFzo,2.854786329999999981e-04,2.614223050000000063e-04,2.464916809999999846e-04,2.433150829999999908e-04,2.360182490000000105e-04
CL,1.727119761958999966e+00,1.761336512968999957e+00,1.776674845078999976e+00,1.782886385769999915e+00,1.784691620340000062e+00
CLi,1.732828779107000061e+00,1.767221854418999927e+00,1.782659985595999919e+00,1.788899478660000097e+00,1.790728384687999997e+00
CLo,-5.709017149000000096e-03,-5.885341449999999600e-03,-5.985140517000000007e-03,-6.013092890999999739e-03,-6.036764348000000363e-03
CMx,1.825315106899999887e-02,5.045796043999999786e-03,1.266664436000000020e-03,1.508806236000000047e-03,1.169026830000000029e-03
CMxi,1.827501834899999955e-02,5.053724883999999827e-03,1.268724122000000100e-03,1.511404450999999979e-03,1.170994921000000077e-03
CMxo,-2.186727999999999844e-05,-7.928840000000000475e-06,-2.059685999999999985e-06,-2.598215000000000161e-06,-1.968092000000000045e-06
CMy,-5.082313249250000053e-01,-5.237066542870000285e-01,-5.232806892479999750e-01,-5.231872328790000415e-01,-5.171831091690000104e-01
CMyi,-5.150444799769999804e-01,-5.307529812340000541e-01,-5.304460734220000084e-01,-5.303938867290000081e-01,-5.243960457149999810e-01
CMyo,6.813155052000000218e-03,7.046326946999999577e-03,7.165384173999999641e-03,7.206653849999999570e-03,7.212936546000000074e-03
CMz,1.473863056999999942e-03,4.622216370000000211e-04,1.197653059999999998e-04,7.230331599999999985e-05,6.414133300000000567e-05
CMzi,1.846499673000000057e-03,5.722204129999999963e-04,1.476667599999999909e-04,1.041791800000000057e-04,8.934600599999999778e-05
CMzo,-3.726366170000000025e-04,-1.099987750000000063e-04,-2.790145299999999851e-05,-3.187586300000000303e-05,-2.520467299999999889e-05
CS,-4.175215694000000179e-03,-7.261056200000000176e-04,-1.681244949999999923e-04,-4.415334820000000010e-04,-3.045821549999999959e-04
CSi,-4.191360122000000257e-03,-7.265943019999999888e-04,-1.687558620000000043e-04,-4.431573839999999962e-04,-3.059524549999999852e-04
CSo,1.614442900000000013e-05,4.886809999999999804e-07,6.313660000000000169e-07,1.623901000000000057e-06,1.370300000000000035e-06
E,8.768129059770000122e-01,9.023628636610000475e-01,9.095172123960000299e-01,9.118594574230000083e-01,9.102023635610000385e-01
FC_AoA_,1.200000000000000000e+01
FC_Beta_,0.000000000000000000e+00
FC_Bref_,1.417173599999999922e+01
FC_Cref_,1.193975999999999926e+00
FC_Mach_,1.499999999999999944e-01
FC_Pitch_Rate,0.000000000000000000e+00
FC_ReCref_,3.870000000000000000e+06
FC_Rho_,2.377000000000000206e-03
FC_Roll__Rate,0.000000000000000000e+00
FC_Sref_,1.619368700000000061e+01
FC_Vinf_,5.100000000000000000e+01
FC_Xcg_,1.785187999999999997e+00
FC_Yaw___Rate,0.000000000000000000e+00
FC_Ycg_,-0.000000000000000000e+00
FC_Zcg_,7.542510000000000048e-01
L/D,1.492211508658400021e+01,1.500520653039800045e+01,1.497789716882400057e+01,1.496580101892599934e+01,1.492804228773299968e+01
Mach,1.499999999999999944e-01,1.499999999999999944e-01,1.499999999999999944e-01,1.499999999999999944e-01,1.499999999999999944e-01
T/QS,0.000000000000000000e+00,0.000000000000000000e+00,0.000000000000000000e+00,0.000000000000000000e+00,0.000000000000000000e+00
WakeIter,1,2,3,4,5
Results_Name,VSPAERO_History
Results_Timestamp,1749672324
Results_Date,6,11,2025
Results_Time,16,5,24
Alpha,1.300000000000000000e+01,1.300000000000000000e+01,1.300000000000000000e+01,1.300000000000000000e+01,1.300000000000000000e+01
AnalysisMethod,0
Beta,0.000000000000000000e+00,0.000000000000000000e+00,0.000000000000000000e+00,0.000000000000000000e+00,0.000000000000000000e+00
CDi,9.704608646199999744e-02,9.911171724200000532e-02,9.969232273200000216e-02,1.002737415039999941e-01,1.000302060380000024e-01
CDo,2.987432618000000067e-02,3.086495091500000149e-02,3.112287300600000139e-02,3.121926279500000095e-02,3.124287115800000042e-02
CDt,9.972992813000000623e-02,9.993978755900000122e-02,9.552093195699999650e-02,9.521683387099999507e-02,9.874210715499999458e-02
CDtot,1.269204126419999912e-01,1.299766681570000137e-01,1.308151957379999897e-01,1.314930042989999881e-01,1.312730771960000098e-01
CDtott,1.296042543100000000e-01,1.308047384740000096e-01,1.266438049630000118e-01,1.264360966670000086e-01,1.299849783129999881e-01
CFx,-2.850294904590000011e-01,-2.925252936569999740e-01,-2.935339212060000258e-01,-2.938425595149999903e-01,-2.935471442059999769e-01
CFxi,-3.156157902819999861e-01,-3.241401680070000180e-01,-3.254147903519999940e-01,-3.258243220959999853e-01,-3.255533701739999897e-01
CFxo,3.058629982299999883e-02,3.161487435000000235e-02,3.188086914700000163e-02,3.198176258100000197e-02,3.200622596899999756e-02
CFy,-4.010824579000000362e-03,-4.493967829999999798e-04,-9.235183399999999864e-05,-2.524505470000000204e-04,-3.078202940000000082e-04
CFyi,-4.029606395000000403e-03,-4.491644680000000250e-04,-9.241784500000000454e-05,-2.541241519999999838e-04,-3.099028210000000011e-04
CFyo,1.878181600000000076e-05,-2.323160000000000005e-07,6.601099999999999466e-08,1.673605000000000089e-06,2.082527000000000077e-06
CFz,1.798811821114000065e+00,1.844866025186999936e+00,1.852962471217999951e+00,1.857312468568999897e+00,1.855055217814000068e+00
CFzi,1.798491968248000061e+00,1.844597683496000062e+00,1.852699709746999934e+00,1.857058232296999956e+00,1.854801995229000022e+00
CFzo,3.198528669999999778e-04,2.683416910000000150e-04,2.627614709999999886e-04,2.542362720000000209e-04,2.532225849999999892e-04
CL,1.816826075073000091e+00,1.863386101711999920e+00,1.871501928185999919e+00,1.875809863900000041e+00,1.873544012351000099e+00
CLi,1.823394840408999906e+00,1.870236436919000100e+00,1.878417536403000021e+00,1.882756474900000088e+00,1.880497114121000068e+00
CLo,-6.568765334999999810e-03,-6.850335207000000405e-03,-6.915608216999999738e-03,-6.946611000000000105e-03,-6.953101770999999681e-03
CMx,1.902513701600000093e-02,3.431759169000000130e-03,1.151908016000000035e-03,1.282646573000000012e-03,9.487467039999999919e-04
CMxi,1.904858998199999987e-02,3.437124740999999810e-03,1.153274548999999897e-03,1.284544669000000023e-03,9.503633890000000393e-04
CMxo,-2.345296600000000093e-05,-5.365571999999999998e-06,-1.366533000000000025e-06,-1.898095999999999978e-06,-1.616684999999999921e-06
CMy,-5.483322315319999474e-01,-5.712852224179999494e-01,-5.680523307499999452e-01,-5.657849217260000341e-01,-5.566057653120000115e-01
CMyi,-5.556052703999999620e-01,-5.788962402320000367e-01,-5.757365287819999899e-01,-5.735090759340000233e-01,-5.643200893790000228e-01
CMyo,7.273038867000000338e-03,7.611017813999999652e-03,7.684198031999999595e-03,7.724154207999999605e-03,7.714324067000000000e-03
CMz,1.807010094000000011e-03,3.698270340000000080e-04,1.557366959999999982e-04,1.288451209999999948e-04,5.840570099999999824e-05
CMzi,2.215115488999999920e-03,4.490907370000000076e-04,1.823669250000000124e-04,1.575186140000000049e-04,7.908841900000000529e-05
CMzo,-4.081053950000000175e-04,-7.926370299999999959e-05,-2.663022900000000060e-05,-2.867349300000000001e-05,-2.068271800000000027e-05
CS,-4.010824579000000362e-03,-4.493967829999999798e-04,-9.235183399999999864e-05,-2.524505470000000204e-04,-3.078202940000000082e-04
CSi,-4.029606395000000403e-03,-4.491644680000000250e-04,-9.241784500000000454e-05,-2.541241519999999838e-04,-3.099028210000000011e-04
CSo,1.878181600000000076e-05,-2.323160000000000005e-07,6.601099999999999466e-08,1.673605000000000089e-06,2.082527000000000077e-06
E,8.792922963020000093e-01,9.057698875699999874e-01,9.083901260179999548e-01,9.073000424660000451e-01,9.073274096269999811e-01
FC_AoA_,1.300000000000000000e+01
FC_Beta_,0.000000000000000000e+00
FC_Bref_,1.417173599999999922e+01
FC_Cref_,1.193975999999999926e+00
FC_Mach_,1.499999999999999944e-01
FC_Pitch_Rate,0.000000000000000000e+00
FC_ReCref_,3.870000000000000000e+06
FC_Rho_,2.377000000000000206e-03
FC_Roll__Rate,0.000000000000000000e+00
FC_Sref_,1.619368700000000061e+01
FC_Vinf_,5.100000000000000000e+01
FC_Xcg_,1.785187999999999997e+00
FC_Yaw___Rate,0.000000000000000000e+00
FC_Ycg_,-0.000000000000000000e+00
FC_Zcg_,7.542510000000000048e-01
L/D,1.436644273723199916e+01,1.438901660916499914e+01,1.435932213991799955e+01,1.431830145591199965e+01,1.432507833508300088e+01
Mach,1.499999999999999944e-01,1.499999999999999944e-01,1.499999999999999944e-01,1.499999999999999944e-01,1.499999999999999944e-01
T/QS,0.000000000000000000e+00,0.000000000000000000e+00,0.000000000000000000e+00,0.000000000000000000e+00,0.000000000000000000e+00
WakeIter,1,2,3,4,5
Results_Name,VSPAERO_History
Results_Timestamp,1749672324
Results_Date,6,11,2025
Results_Time,16,5,24
Alpha,1.400000000000000000e+01,1.400000000000000000e+01,1.400000000000000000e+01,1.400000000000000000e+01,1.400000000000000000e+01
AnalysisMethod,0
Beta,0.000000000000000000e+00,0.000000000000000000e+00,0.000000000000000000e+00,0.000000000000000000e+00,0.000000000000000000e+00
CDi,1.074888419519999944e-01,1.082720023799999959e-01,1.096196464769999962e-01,1.102339541309999976e-01,1.101460347020000036e-01
CDo,3.155477993800000214e-02,3.232344440099999688e-02,3.279918330699999746e-02,3.290486570900000296e-02,3.294574123900000095e-02
CDt,1.141119423980000019e-01,1.112429687420000007e-01,1.061574254710000026e-01,1.049327809419999952e-01,1.093543555230000047e-01
CDtot,1.390436218899999965e-01,1.405954467820000053e-01,1.424188297840000006e-01,1.431388198399999867e-01,1.430917759399999989e-01
CDtott,1.456667223360000041e-01,1.435664131430000046e-01,1.389566087770000014e-01,1.378376466510000120e-01,1.423000967620000057e-01
CFx,-3.261551497749999862e-01,-3.331688148999999988e-01,-3.355357726600000090e-01,-3.358846722659999950e-01,-3.356477591329999899e-01
CFxi,-3.585928440139999895e-01,-3.664033775250000180e-01,-3.692661480200000179e-01,-3.697260161529999922e-01,-3.695329343889999785e-01
CFxo,3.243769423900000337e-02,3.323456262499999841e-02,3.373037536000000197e-02,3.384134388800000282e-02,3.388517525600000246e-02
CFy,-3.818299465000000135e-03,-8.064436660000000529e-04,-1.211586280000000057e-04,-2.934145569999999765e-04,-3.189360690000000195e-04
CFyi,-3.840757623999999874e-03,-8.073815910000000512e-04,-1.223362159999999931e-04,-2.958512350000000067e-04,-3.211919900000000236e-04
CFyo,2.245815899999999905e-05,9.379250000000000027e-07,1.177588000000000049e-06,2.436676999999999896e-06,2.255920999999999809e-06
CFz,1.882882773761000106e+00,1.917427617942000007e+00,1.934458040056999950e+00,1.938833525993999940e+00,1.937688860278999892e+00
CFzi,1.882549509806000110e+00,1.917113093615000041e+00,1.934165614069000005e+00,1.938549325329999906e+00,1.937411495951999907e+00
CFzo,3.332639560000000127e-04,3.145243269999999937e-04,2.924259869999999793e-04,2.842006650000000224e-04,2.773643269999999904e-04
CL,1.905857180553000019e+00,1.941072654387999918e+00,1.958169819090999964e+00,1.962499740850000007e+00,1.961331762124999933e+00
CLi,1.913381204440000039e+00,1.948807641167999982e+00,1.966046195751000036e+00,1.970410944223000005e+00,1.969260202534000026e+00
CLo,-7.524023886999999834e-03,-7.734986779999999604e-03,-7.876376661000000431e-03,-7.911203372999999275e-03,-7.928440409000000674e-03
CMx,1.978457642399999994e-02,5.720510879999999784e-03,1.398555783000000018e-03,1.446913340999999914e-03,1.058491028000000051e-03
CMxi,1.981073516999999964e-02,5.730348924000000337e-03,1.400751645000000017e-03,1.449590293000000080e-03,1.060448267000000094e-03
CMxo,-2.615874599999999995e-05,-9.838044000000000026e-06,-2.195861999999999814e-06,-2.676951999999999895e-06,-1.957239000000000100e-06
CMy,-5.888068140669999728e-01,-6.072484386190000194e-01,-6.081341030160000161e-01,-6.051939246619999491e-01,-5.970984388179999547e-01
CMyi,-5.965686053609999817e-01,-6.152687590519999583e-01,-6.163025339309999850e-01,-6.134089655340000391e-01,-6.053190055489999777e-01
CMyo,7.761791294999999778e-03,8.020320432999999624e-03,8.168430916000000638e-03,8.215040870999999398e-03,8.220566731000000446e-03
CMz,2.126782826999999969e-03,6.381047280000000333e-04,1.902291420000000129e-04,1.521071650000000038e-04,7.706246400000000445e-05
CMzi,2.571351440999999904e-03,7.744436160000000170e-04,2.238021169999999894e-04,1.860384629999999896e-04,1.016540830000000066e-04
CMzo,-4.445686139999999891e-04,-1.363388890000000067e-04,-3.357297499999999682e-05,-3.393129799999999939e-05,-2.459162000000000156e-05
CS,-3.818299465000000135e-03,-8.064436660000000529e-04,-1.211586280000000057e-04,-2.934145569999999765e-04,-3.189360690000000195e-04
CSi,-3.840757623999999874e-03,-8.073815910000000512e-04,-1.223362159999999931e-04,-2.958512350000000067e-04,-3.211919900000000236e-04
CSo,2.245815899999999905e-05,9.379250000000000027e-07,1.177588000000000049e-06,2.436676999999999896e-06,2.255920999999999809e-06
E,8.741570702800000037e-01,9.002676207309999734e-01,9.050006490869999531e-01,9.039576566189999607e-01,9.036228260369999488e-01
FC_AoA_,1.400000000000000000e+01
FC_Beta_,0.000000000000000000e+00
FC_Bref_,1.417173599999999922e+01
FC_Cref_,1.193975999999999926e+00
FC_Mach_,1.499999999999999944e-01
FC_Pitch_Rate,0.000000000000000000e+00
FC_ReCref_,3.870000000000000000e+06
FC_Rho_,2.377000000000000206e-03
FC_Roll__Rate,0.000000000000000000e+00
FC_Sref_,1.619368700000000061e+01
FC_Vinf_,5.100000000000000000e+01
FC_Xcg_,1.785187999999999997e+00
FC_Yaw___Rate,0.000000000000000000e+00
FC_Ycg_,-0.000000000000000000e+00
FC_Zcg_,7.542510000000000048e-01
L/D,1.376101383455699967e+01,1.386110066703199983e+01,1.380467876848599929e+01,1.376573417629399998e+01,1.376221791637400038e+01
Mach,1.499999999999999944e-01,1.499999999999999944e-01,1.499999999999999944e-01,1.499999999999999944e-01,1.499999999999999944e-01
T/QS,0.000000000000000000e+00,0.000000000000000000e+00,0.000000000000000000e+00,0.000000000000000000e+00,0.000000000000000000e+00
WakeIter,1,2,3,4,5
Results_Name,VSPAERO_History
Results_Timestamp,1749672324
Results_Date,6,11,2025
Results_Time,16,5,24
Alpha,1.500000000000000000e+01,1.500000000000000000e+01,1.500000000000000000e+01,1.500000000000000000e+01,1.500000000000000000e+01
AnalysisMethod,0
Beta,0.000000000000000000e+00,0.000000000000000000e+00,0.000000000000000000e+00,0.000000000000000000e+00,0.000000000000000000e+00
CDi,1.184515745329999953e-01,1.196344615589999966e-01,1.201987640820000036e-01,1.209334050410000028e-01,1.211339330770000028e-01
CDo,3.375749404700000011e-02,3.450747521300000231e-02,3.475265391699999817e-02,3.484020914899999682e-02,3.489293785400000153e-02
CDt,1.203934838540000052e-01,1.205493935129999944e-01,1.145456765439999969e-01,1.127438743200000065e-01,1.190968646470000059e-01
CDtot,1.522090685810000010e-01,1.541419367719999989e-01,1.549514179990000018e-01,1.557736141909999983e-01,1.560268709310000113e-01
CDtott,1.541509779019999971e-01,1.550568687249999911e-01,1.492983304609999951e-01,1.475840834690000103e-01,1.539898025020000061e-01
CFx,-3.750700172959999801e-01,-3.810384048530000012e-01,-3.820400586409999910e-01,-3.823334633659999926e-01,-3.820526783800000103e-01
CFxi,-4.099234090109999951e-01,-4.166766906969999740e-01,-4.179337618849999769e-01,-4.183202412870000164e-01,-4.180972252340000028e-01
CFxo,3.485339171500000111e-02,3.563828584400000055e-02,3.589370324399999979e-02,3.598677792200000169e-02,3.604454685399999941e-02
CFy,-3.092554297000000077e-03,-4.582710459999999827e-04,-1.480250499999999966e-04,-3.663489250000000002e-04,-3.639176009999999894e-04
CFyi,-3.104522185999999875e-03,-4.605114199999999847e-04,-1.481754960000000070e-04,-3.691886920000000028e-04,-3.665155529999999961e-04
CFyo,1.196788899999999928e-05,2.240373000000000073e-06,1.504459999999999960e-07,2.839767000000000047e-06,2.597951999999999889e-06
CFz,1.987871042294999890e+00,2.017613397113999785e+00,2.024479215238999874e+00,2.028750938721000097e+00,2.028681543793000142e+00
CFzi,1.987516729666999993e+00,2.017290644546999800e+00,2.024162395613999799e+00,2.028443191081000130e+00,2.028385664672000210e+00
CFzo,3.543126280000000032e-04,3.227525670000000002e-04,3.168196239999999768e-04,3.077476389999999739e-04,2.958791209999999815e-04
CL,2.017211242808000016e+00,2.047484883830000157e+00,2.054376001952999964e+00,2.058578108718000177e+00,2.058438405862999865e+00
CLi,2.025889724652000012e+00,2.056396995901999869e+00,2.063359951694000216e+00,2.067594910822999843e+00,2.067481623776000088e+00
CLo,-8.678481844000000139e-03,-8.912112071000000829e-03,-8.983949741000000697e-03,-9.016802105000000858e-03,-9.043217912999999483e-03
CMx,1.519180710300000077e-02,3.476476920999999835e-03,1.099475083000000034e-03,1.231060810999999979e-03,1.180305283999999932e-03
CMxi,1.521767215999999916e-02,3.483261853000000144e-03,1.101478592999999935e-03,1.232282094999999963e-03,1.182027962000000050e-03
CMxo,-2.586505699999999978e-05,-6.784930999999999837e-06,-2.003509999999999813e-06,-1.221284000000000045e-06,-1.722679000000000096e-06
CMy,-6.406620561120000001e-01,-6.563780960039999890e-01,-6.526711382630000502e-01,-6.504144969539999988e-01,-6.434798713830000017e-01
CMyi,-6.490678855729999919e-01,-6.650392360389999480e-01,-6.614077243020000108e-01,-6.592025920899999836e-01,-6.522827642580000251e-01
CMyo,8.405829461000000405e-03,8.661140035000000625e-03,8.736586039999999151e-03,8.788095136000000432e-03,8.802892874999999201e-03
CMz,1.675408741000000050e-03,4.467092110000000192e-04,1.333835499999999911e-04,1.483179460000000110e-04,1.271819589999999907e-04
CMzi,2.037188631000000187e-03,5.339515709999999521e-04,1.609613719999999969e-04,1.777955899999999882e-04,1.546724230000000029e-04
CMzo,-3.617798899999999742e-04,-8.724236000000000068e-05,-2.757782199999999896e-05,-2.947764400000000084e-05,-2.749046399999999864e-05
CS,-3.092554297000000077e-03,-4.582710459999999827e-04,-1.480250499999999966e-04,-3.663489250000000002e-04,-3.639176009999999894e-04
CSi,-3.104522185999999875e-03,-4.605114199999999847e-04,-1.481754960000000070e-04,-3.691886920000000028e-04,-3.665155529999999961e-04
CSo,1.196788899999999928e-05,2.240373000000000073e-06,1.504459999999999960e-07,2.839767000000000047e-06,2.597951999999999889e-06
E,8.892842833499999822e-01,9.072092585419999633e-01,9.090752693639999604e-01,9.072656731139999708e-01,9.056645096659999838e-01
FC_AoA_,1.500000000000000000e+01
FC_Beta_,0.000000000000000000e+00
FC_Bref_,1.417173599999999922e+01
FC_Cref_,1.193975999999999926e+00
FC_Mach_,1.499999999999999944e-01
FC_Pitch_Rate,0.000000000000000000e+00
FC_ReCref_,3.870000000000000000e+06
FC_Rho_,2.377000000000000206e-03
FC_Roll__Rate,0.000000000000000000e+00
FC_Sref_,1.619368700000000061e+01
FC_Vinf_,5.100000000000000000e+01
FC_Xcg_,1.785187999999999997e+00
FC_Yaw___Rate,0.000000000000000000e+00
FC_Ycg_,-0.000000000000000000e+00
FC_Zcg_,7.542510000000000048e-01
L/D,1.330991473467400077e+01,1.334093134529899949e+01,1.331617340670299932e+01,1.327307529945700004e+01,1.325080488657800082e+01
Mach,1.499999999999999944e-01,1.499999999999999944e-01,1.499999999999999944e-01,1.499999999999999944e-01,1.499999999999999944e-01
T/QS,0.000000000000000000e+00,0.000000000000000000e+00,0.000000000000000000e+00,0.000000000000000000e+00,0.000000000000000000e+00
WakeIter,1,2,3,4,5
Results_Name,VSPAERO_Polar
Results_Timestamp,1749672324
Results_Date,6,11,2025
Results_Time,16,5,24
Alpha,-5.000000000000000000e+00,-4.000000000000000000e+00,-3.000000000000000000e+00,-2.000000000000000000e+00,-1.000000000000000000e+00,0.000000000000000000e+00,1.000000000000000000e+00,2.000000000000000000e+00,3.000000000000000000e+00,4.000000000000000000e+00,5.000000000000000000e+00,6.000000000000000000e+00,7.000000000000000000e+00,8.000000000000000000e+00,9.000000000000000000e+00,1.000000000000000000e+01,1.100000000000000000e+01,1.200000000000000000e+01,1.300000000000000000e+01,1.400000000000000000e+01,1.500000000000000000e+01
Beta,0.000000000000000000e+00,0.000000000000000000e+00,0.000000000000000000e+00,0.000000000000000000e+00,0.000000000000000000e+00,0.000000000000000000e+00,0.000000000000000000e+00,0.000000000000000000e+00,0.000000000000000000e+00,0.000000000000000000e+00,0.000000000000000000e+00,0.000000000000000000e+00,0.000000000000000000e+00,0.000000000000000000e+00,0.000000000000000000e+00,0.000000000000000000e+00,0.000000000000000000e+00,0.000000000000000000e+00,0.000000000000000000e+00,0.000000000000000000e+00,0.000000000000000000e+00
CDi,6.513007646000000365e-03,7.178527191999999751e-03,8.482356412000000012e-03,1.036004605199999928e-02,1.264980642699999915e-02,1.548048357000000007e-02,1.862969273300000075e-02,2.235193413099999943e-02,2.647170416000000151e-02,3.099639389900000000e-02,3.685544879799999840e-02,4.295034768699999839e-02,5.044779387000000032e-02,5.699039863099999992e-02,6.460836297800000294e-02,7.266184785500000298e-02,8.148104185099999675e-02,9.042142101599999482e-02,1.000302060380000024e-01,1.101460347020000036e-01,1.211339330770000028e-01
CDo,1.047654254799999969e-02,1.087353496699999984e-02,1.138037192699999957e-02,1.201294175499999922e-02,1.271363936499999951e-02,1.354498593500000000e-02,1.445004074799999955e-02,1.543548023799999960e-02,1.648996078299999959e-02,1.765533404699999934e-02,1.888403764500000068e-02,2.024633556199999934e-02,2.159203306399999980e-02,2.304262713099999860e-02,2.458519769800000115e-02,2.616672906099999987e-02,2.784256598699999877e-02,2.953592839200000139e-02,3.124287115800000042e-02,3.294574123900000095e-02,3.489293785400000153e-02
CDt,1.077062232600000009e-02,1.001054689600000026e-02,1.094971931600000059e-02,1.155826939599999964e-02,1.232480377799999999e-02,1.361623350399999988e-02,1.634852110100000130e-02,1.342621238100000051e-02,1.961753553399999891e-02,2.995233871800000169e-02,3.683347967799999872e-02,4.337600085900000096e-02,5.084085001199999815e-02,5.693608650999999743e-02,6.383270256799999931e-02,7.100623950399999329e-02,7.975055864400000527e-02,8.799422058899999954e-02,9.874210715499999458e-02,1.093543555230000047e-01,1.190968646470000059e-01
CDtot,1.698955019399999919e-02,1.805206215900000133e-02,1.986272834000000001e-02,2.237298780699999851e-02,2.536344579199999866e-02,2.902546950499999834e-02,3.307973348200000246e-02,3.778741436900000250e-02,4.296166494300000110e-02,4.865172794599999934e-02,5.573948644300000255e-02,6.319668324900000467e-02,7.203982693400000359e-02,8.003302576100000676e-02,8.919356067599999716e-02,9.882857691599999939e-02,1.093236078389999977e-01,1.199573494079999997e-01,1.312730771960000098e-01,1.430917759399999989e-01,1.560268709310000113e-01
CDtott,2.124716487300000109e-02,2.088408186300000011e-02,2.233009124299999842e-02,2.357121115099999886e-02,2.503844314300000123e-02,2.716121943899999988e-02,3.079856184900000085e-02,2.886169261899999838e-02,3.610749631699999851e-02,4.760767276600000319e-02,5.571751732400000157e-02,6.362233642100000031e-02,7.243288307499999579e-02,7.997871364099999603e-02,8.841790026500000177e-02,9.717296856500000357e-02,1.075931246310000006e-01,1.175301489810000044e-01,1.299849783129999881e-01,1.423000967620000057e-01,1.539898025020000061e-01
CFx,3.268808767999999837e-02,3.740957765899999982e-02,3.951257595899999864e-02,3.888618023300000059e-02,3.527921000900000048e-02,2.902546950499999834e-02,1.987174797299999865e-02,8.292595923999999605e-03,-6.426424768999999988e-03,-2.378575125200000154e-02,-4.301525367899999841e-02,-6.558379357599999904e-02,-9.023920091100000318e-02,-1.177643545379999934e-01,-1.477397483610000117e-01,-1.803520758250000133e-01,-2.156517141179999930e-01,-2.537222588590000161e-01,-2.935471442059999769e-01,-3.356477591329999899e-01,-3.820526783800000103e-01
CFy,1.188208240000000049e-04,2.726662399999999842e-04,3.532300899999999837e-05,-2.826298100000000166e-05,1.666000900000000104e-05,-7.767545699999999420e-05,-1.047585940000000005e-04,1.480385823000000042e-03,-1.895506280000000109e-04,-1.531801509999999866e-04,-4.388586040000000041e-04,-9.204568299999999880e-05,4.209399600000000293e-05,9.781362100000000565e-05,-8.487767000000000011e-05,-2.540203929999999854e-04,-2.703016899999999799e-04,-3.045821549999999959e-04,-3.078202940000000082e-04,-3.189360690000000195e-04,-3.639176009999999894e-04
CFz,1.786933247609999997e-01,2.761949768260000271e-01,3.744213044720000050e-01,4.724854388609999734e-01,5.678524081010000168e-01,6.614646890469999541e-01,7.569736654549999999e-01,8.452806733100000081e-01,9.435058813259999955e-01,1.037603170264000063e+00,1.131205483270999901e+00,1.228576388929000007e+00,1.326062765327999937e+00,1.412997945289000024e+00,1.502957724275999940e+00,1.591958540392000021e+00,1.682379763806999939e+00,1.770632361826999901e+00,1.855055217814000068e+00,1.937688860278999892e+00,2.028681543793000142e+00
CL,1.808622972720000111e-01,2.781317399659999912e-01,3.759761015329999845e-01,4.735547216170000184e-01,5.683816285399999613e-01,6.614646890469999541e-01,7.565115648769999979e-01,8.444763437379999571e-01,9.425491723919999787e-01,1.036734831223000031e+00,1.130649931270000019e+00,1.228701492079999902e+00,1.327175886725999954e+00,1.415636376821000075e+00,1.507565409174999926e+00,1.599090922357000011e+00,1.692617995957000021e+00,1.784691620340000062e+00,1.873544012351000099e+00,1.961331762124999933e+00,2.058438405862999865e+00
CMl,-5.133922080000000296e-04,-6.437121309999999704e-04,-6.392092339999999985e-04,-4.081013859999999905e-04,-5.612398480000000247e-04,-6.363245889999999926e-04,-7.163877299999999804e-04,-1.054809089999999942e-03,-1.064318332000000053e-03,-1.070376433000000058e-03,-1.260668189000000057e-03,-8.721114639999999474e-04,-8.641600349999999618e-04,-1.070227977999999979e-03,-1.090763773999999962e-03,-1.426610058000000016e-03,-1.067504421999999984e-03,-1.169026830000000029e-03,-9.487467039999999919e-04,-1.058491028000000051e-03,-1.180305283999999932e-03
CMm,5.210088753699999853e-02,1.730887921700000054e-02,-1.715232481999999850e-02,-4.754057068800000146e-02,-7.923122959499999396e-02,-1.012335451960000021e-01,-1.315598773049999892e-01,-1.479005431759999878e-01,-1.918324361179999937e-01,-2.229998497869999929e-01,-2.573686627960000139e-01,-2.963189654910000082e-01,-3.554705444599999820e-01,-3.749218880910000218e-01,-4.048450807199999724e-01,-4.389216946269999808e-01,-4.775385735770000251e-01,-5.171831091690000104e-01,-5.566057653120000115e-01,-5.970984388179999547e-01,-6.434798713830000017e-01
CMn,1.064342000000000016e-06,-4.940196200000000174e-05,1.290847200000000023e-05,2.040612700000000155e-05,7.448782999999999898e-06,1.780946900000000138e-05,1.867942199999999959e-05,-4.295694650000000188e-04,1.606847999999999900e-05,-7.579158999999999715e-06,4.373672999999999960e-05,-4.890023100000000130e-05,-5.925579399999999965e-05,-1.175803510000000027e-04,-8.772044099999999330e-05,-9.189355800000000235e-05,-5.795435900000000319e-05,-6.414133300000000567e-05,-5.840570099999999824e-05,-7.706246400000000445e-05,-1.271819589999999907e-04
CMx,5.133922080000000296e-04,6.437121309999999704e-04,6.392092339999999985e-04,4.081013859999999905e-04,5.612398480000000247e-04,6.363245889999999926e-04,7.163877299999999804e-04,1.054809089999999942e-03,1.064318332000000053e-03,1.070376433000000058e-03,1.260668189000000057e-03,8.721114639999999474e-04,8.641600349999999618e-04,1.070227977999999979e-03,1.090763773999999962e-03,1.426610058000000016e-03,1.067504421999999984e-03,1.169026830000000029e-03,9.487467039999999919e-04,1.058491028000000051e-03,1.180305283999999932e-03
CMy,5.210088753699999853e-02,1.730887921700000054e-02,-1.715232481999999850e-02,-4.754057068800000146e-02,-7.923122959499999396e-02,-1.012335451960000021e-01,-1.315598773049999892e-01,-1.479005431759999878e-01,-1.918324361179999937e-01,-2.229998497869999929e-01,-2.573686627960000139e-01,-2.963189654910000082e-01,-3.554705444599999820e-01,-3.749218880910000218e-01,-4.048450807199999724e-01,-4.389216946269999808e-01,-4.775385735770000251e-01,-5.171831091690000104e-01,-5.566057653120000115e-01,-5.970984388179999547e-01,-6.434798713830000017e-01
CMz,-1.064342000000000016e-06,4.940196200000000174e-05,-1.290847200000000023e-05,-2.040612700000000155e-05,-7.448782999999999898e-06,-1.780946900000000138e-05,-1.867942199999999959e-05,4.295694650000000188e-04,-1.606847999999999900e-05,7.579158999999999715e-06,-4.373672999999999960e-05,4.890023100000000130e-05,5.925579399999999965e-05,1.175803510000000027e-04,8.772044099999999330e-05,9.189355800000000235e-05,5.795435900000000319e-05,6.414133300000000567e-05,5.840570099999999824e-05,7.706246400000000445e-05,1.271819589999999907e-04
CS,1.188208240000000049e-04,2.726662399999999842e-04,3.532300899999999837e-05,-2.826298100000000166e-05,1.666000900000000104e-05,-7.767545699999999420e-05,-1.047585940000000005e-04,1.480385823000000042e-03,-1.895506280000000109e-04,-1.531801509999999866e-04,-4.388586040000000041e-04,-9.204568299999999880e-05,4.209399600000000293e-05,9.781362100000000565e-05,-8.487767000000000011e-05,-2.540203929999999854e-04,-2.703016899999999799e-04,-3.045821549999999959e-04,-3.078202940000000082e-04,-3.189360690000000195e-04,-3.639176009999999894e-04
E,4.941559812099999976e-02,1.099826391220000005e-01,1.826549429759999899e-01,2.572564118369999875e-01,3.269050733869999781e-01,3.868868142870000026e-01,4.440368291849999816e-01,4.843704630419999879e-01,5.307338414869999799e-01,5.670050952340000006e-01,5.886311078710000366e-01,6.131240291959999533e-01,6.275295129240000547e-01,6.426641040460000509e-01,6.539863413409999771e-01,6.640696400129999510e-01,6.725952624200000063e-01,6.814741076050000457e-01,6.862810157299999991e-01,6.899812682470000125e-01,6.969894510590000092e-01
Fopt,0.000000000000000000e+00,0.000000000000000000e+00,0.000000000000000000e+00,0.000000000000000000e+00,0.000000000000000000e+00,0.000000000000000000e+00,0.000000000000000000e+00,0.000000000000000000e+00,0.000000000000000000e+00,0.000000000000000000e+00,0.000000000000000000e+00,0.000000000000000000e+00,0.000000000000000000e+00,0.000000000000000000e+00,0.000000000000000000e+00,0.000000000000000000e+00,0.000000000000000000e+00,0.000000000000000000e+00,0.000000000000000000e+00,0.000000000000000000e+00,0.000000000000000000e+00
L_D,1.064550239477100035e+01,1.540720043608800083e+01,1.892872394457199903e+01,2.116636033164299846e+01,2.240947989496200066e+01,2.278911247026900000e+01,2.286933675870999849e+01,2.234808488036900087e+01,2.193930737184999913e+01,2.130931161110000005e+01,2.028454159558300063e+01,1.944249965204199881e+01,1.842280781640500109e+01,1.768815265138299964e+01,1.690217766558900081e+01,1.618045075885299866e+01,1.548263938065499978e+01,1.487771803184200081e+01,1.427211163452800058e+01,1.370680983748700044e+01,1.319284552445500047e+01
Mach,1.499999999999999944e-01,1.499999999999999944e-01,1.499999999999999944e-01,1.499999999999999944e-01,1.499999999999999944e-01,1.499999999999999944e-01,1.499999999999999944e-01,1.499999999999999944e-01,1.499999999999999944e-01,1.499999999999999944e-01,1.499999999999999944e-01,1.499999999999999944e-01,1.499999999999999944e-01,1.499999999999999944e-01,1.499999999999999944e-01,1.499999999999999944e-01,1.499999999999999944e-01,1.499999999999999944e-01,1.499999999999999944e-01,1.499999999999999944e-01,1.499999999999999944e-01
Re_1e6,3.870000000000000107e+00,3.870000000000000107e+00,3.870000000000000107e+00,3.870000000000000107e+00,3.870000000000000107e+00,3.870000000000000107e+00,3.870000000000000107e+00,3.870000000000000107e+00,3.870000000000000107e+00,3.870000000000000107e+00,3.870000000000000107e+00,3.870000000000000107e+00,3.870000000000000107e+00,3.870000000000000107e+00,3.870000000000000107e+00,3.870000000000000107e+00,3.870000000000000107e+00,3.870000000000000107e+00,3.870000000000000107e+00,3.870000000000000107e+00,3.870000000000000107e+00
Results_Name,VSPAERO_Load
Results_Timestamp,1749672324
Results_Date,6,11,2025
Results_Time,16,5,24
AnalysisMethod,0
Chord,1.735549999999999926e+00,1.614840000000000053e+00,1.494150000000000089e+00,1.373459999999999903e+00,1.252809999999999979e+00,1.164630000000000054e+00,1.108910000000000062e+00,1.053209999999999980e+00,9.975199999999999623e-01,9.418400000000000105e-01,8.750400000000000400e-01,7.971099999999999852e-01,7.191899999999999959e-01,6.412799999999999612e-01,5.633799999999999919e-01,1.735549999999999926e+00,1.614840000000000053e+00,1.494150000000000089e+00,1.373459999999999903e+00,1.252809999999999979e+00,1.164630000000000054e+00,1.108910000000000062e+00,1.053209999999999980e+00,9.975199999999999623e-01,9.418400000000000105e-01,8.750400000000000400e-01,7.971099999999999852e-01,7.191899999999999959e-01,6.412799999999999612e-01,5.633799999999999919e-01,9.205200000000000049e-01,8.632300000000000528e-01,8.067100000000000382e-01,7.511200000000000099e-01,6.966900000000000315e-01,9.205200000000000049e-01,8.632300000000000528e-01,8.067100000000000382e-01,7.511200000000000099e-01,6.966900000000000315e-01
FC_AoA_,-5.000000000000000000e+00
FC_Beta_,0.000000000000000000e+00
FC_Bref_,1.417173599999999922e+01
FC_Cref_,1.193975999999999926e+00
FC_Mach_,1.499999999999999944e-01
FC_Pitch_Rate,0.000000000000000000e+00
FC_Rho_,2.377000000000000206e-03
FC_Roll__Rate,0.000000000000000000e+00
FC_Sref_,1.619368700000000061e+01
FC_Vinf_,5.100000000000000000e+01
FC_Xcg_,1.785187999999999997e+00
FC_Yaw___Rate,0.000000000000000000e+00
FC_Ycg_,-0.000000000000000000e+00
FC_Zcg_,7.542510000000000048e-01
S,3.314000000000000279e-02,8.981999999999999706e-02,1.368900000000000117e-01,1.839600000000000124e-01,2.310300000000000131e-01,2.997400000000000064e-01,4.117600000000000149e-01,5.454599999999999449e-01,6.791599999999999859e-01,8.128699999999999815e-01,9.157600000000000184e-01,9.578200000000000047e-01,9.698700000000000099e-01,9.819200000000000150e-01,9.939700000000000202e-01,3.314000000000000279e-02,8.981999999999999706e-02,1.368900000000000117e-01,1.839600000000000124e-01,2.310300000000000131e-01,2.997400000000000064e-01,4.117600000000000149e-01,5.454599999999999449e-01,6.791599999999999859e-01,8.128699999999999815e-01,9.157600000000000184e-01,9.578200000000000047e-01,9.698700000000000099e-01,9.819200000000000150e-01,9.939700000000000202e-01,1.026500000000000051e-01,3.046400000000000219e-01,5.033100000000000351e-01,7.019900000000000029e-01,9.006600000000000161e-01,1.026500000000000051e-01,3.046400000000000219e-01,5.033100000000000351e-01,7.019900000000000029e-01,9.006600000000000161e-01
V/Vref,9.549499999999999655e-01,9.566799999999999748e-01,9.574899999999999523e-01,9.583099999999999952e-01,9.608600000000000474e-01,9.649799999999999489e-01,9.749400000000000288e-01,9.839099999999999513e-01,9.912800000000000500e-01,9.955899999999999750e-01,9.973499999999999588e-01,9.974899999999999878e-01,9.977800000000000002e-01,9.977200000000000513e-01,9.975600000000000023e-01,9.549800000000000511e-01,9.566999999999999948e-01,9.575099999999999723e-01,9.583199999999999497e-01,9.608700000000000019e-01,9.649900000000000144e-01,9.749900000000000233e-01,9.839099999999999513e-01,9.912400000000000100e-01,9.955699999999999550e-01,9.972999999999999643e-01,9.974600000000000133e-01,9.977399999999999602e-01,9.976899999999999658e-01,9.975300000000000278e-01,9.407200000000000006e-01,9.444299999999999917e-01,9.646299999999999875e-01,9.812800000000000411e-01,9.878900000000000459e-01,9.402700000000000502e-01,9.437900000000000178e-01,9.643300000000000205e-01,9.811100000000000376e-01,9.877899999999999459e-01
WingId,1,1,1,1,1,1,1,1,1,1,1,1,1,1,1,2,2,2,2,2,2,2,2,2,2,2,2,2,2,2,3,3,3,3,3,4,4,4,4,4
Xavg,2.392879999999999896e+00,2.382319999999999993e+00,2.371750000000000025e+00,2.361190000000000122e+00,2.350620000000000154e+00,2.337899999999999867e+00,2.323770000000000113e+00,2.309619999999999784e+00,2.295469999999999899e+00,2.281299999999999883e+00,2.284749999999999837e+00,2.305000000000000160e+00,2.325239999999999974e+00,2.345470000000000166e+00,2.365699999999999914e+00,2.392879999999999896e+00,2.382319999999999993e+00,2.371750000000000025e+00,2.361190000000000122e+00,2.350620000000000154e+00,2.337899999999999867e+00,2.323770000000000113e+00,2.309619999999999784e+00,2.295469999999999899e+00,2.281299999999999883e+00,2.284749999999999837e+00,2.305000000000000160e+00,2.325239999999999974e+00,2.345470000000000166e+00,2.365699999999999914e+00,5.819969999999999644e+00,5.917910000000000004e+00,6.015850000000000364e+00,6.113780000000000214e+00,6.211730000000000196e+00,5.819969999999999644e+00,5.917910000000000004e+00,6.015850000000000364e+00,6.113780000000000214e+00,6.211730000000000196e+00
Yavg,1.718899999999999872e-01,5.195499999999999563e-01,8.671900000000000164e-01,1.214800000000000102e+00,1.562359999999999971e+00,2.228590000000000071e+00,3.216559999999999864e+00,4.204550000000000232e+00,5.192569999999999908e+00,6.180620000000000225e+00,6.716649999999999565e+00,6.791660000000000252e+00,6.866660000000000430e+00,6.941650000000000098e+00,7.016610000000000014e+00,-1.718899999999999872e-01,-5.195499999999999563e-01,-8.671900000000000164e-01,-1.214800000000000102e+00,-1.562359999999999971e+00,-2.228590000000000071e+00,-3.216559999999999864e+00,-4.204550000000000232e+00,-5.192569999999999908e+00,-6.180620000000000225e+00,-6.716649999999999565e+00,-6.791660000000000252e+00,-6.866660000000000430e+00,-6.941650000000000098e+00,-7.016610000000000014e+00,1.247400000000000037e-01,3.766700000000000048e-01,6.286100000000000021e-01,8.805399999999999894e-01,1.132460000000000022e+00,-1.247400000000000037e-01,-3.766700000000000048e-01,-6.286100000000000021e-01,-8.805399999999999894e-01,-1.132460000000000022e+00
Zavg,1.119259999999999922e+00,1.109900000000000109e+00,1.100540000000000074e+00,1.091180000000000039e+00,1.081830000000000069e+00,1.094910000000000050e+00,1.130849999999999911e+00,1.166740000000000110e+00,1.202599999999999891e+00,1.238469999999999960e+00,1.270329999999999959e+00,1.298289999999999944e+00,1.326240000000000085e+00,1.354190000000000005e+00,1.382130000000000081e+00,1.119259999999999922e+00,1.109900000000000109e+00,1.100540000000000074e+00,1.091180000000000039e+00,1.081830000000000069e+00,1.094910000000000050e+00,1.130849999999999911e+00,1.166740000000000110e+00,1.202599999999999891e+00,1.238469999999999960e+00,1.270329999999999959e+00,1.298289999999999944e+00,1.326240000000000085e+00,1.354190000000000005e+00,1.382130000000000081e+00,3.569700000000000095e-01,5.334799999999999542e-01,7.099999999999999645e-01,8.865300000000000402e-01,1.063090000000000090e+00,3.569700000000000095e-01,5.334799999999999542e-01,7.099999999999999645e-01,8.865300000000000402e-01,1.063090000000000090e+00
cd,1.457999999999999921e-02,1.396999999999999978e-02,1.064000000000000015e-02,1.418999999999999949e-02,1.456000000000000003e-02,1.200999999999999984e-02,5.400000000000000286e-03,3.499999999999999964e-04,-8.000000000000000383e-04,2.220000000000000185e-03,9.700000000000000505e-04,1.799999999999999951e-03,1.930000000000000075e-03,2.320000000000000014e-03,1.440000000000000091e-03,1.443000000000000012e-02,1.395000000000000059e-02,1.059000000000000045e-02,1.413000000000000020e-02,1.456999999999999962e-02,1.199000000000000066e-02,5.139999999999999604e-03,1.800000000000000113e-04,-7.699999999999999597e-04,2.249999999999999830e-03,9.799999999999999684e-04,1.809999999999999977e-03,1.930000000000000075e-03,2.309999999999999987e-03,1.430000000000000064e-03,2.802999999999999936e-02,-3.093999999999999875e-02,-6.230000000000000294e-03,-5.340000000000000129e-03,-1.162000000000000012e-02,2.944000000000000089e-02,-3.253999999999999948e-02,-6.109999999999999980e-03,-5.440000000000000391e-03,-1.085999999999999986e-02
cd*c/cref,2.119332298136645740e-02,1.889427827695029302e-02,1.331497115519910193e-02,1.632310649460290419e-02,1.527745415318230993e-02,1.171481361434400723e-02,5.015271663752035938e-03,3.087361052483467063e-04,-6.683685434213082997e-04,1.751194998894450416e-03,7.108926812599249611e-04,1.201697521558222227e-03,1.162533166495808993e-03,1.246063237452009172e-03,6.794669239582705597e-04,2.097528467908902489e-02,1.886722848700476615e-02,1.325240080202617389e-02,1.625408701682445889e-02,1.528794691015564894e-02,1.169530518201371098e-02,4.773795620682493197e-03,1.587785684134354776e-04,-6.433047230430091789e-04,1.774859796176807584e-03,7.182214717883776862e-04,1.208373618900212328e-03,1.162533166495808993e-03,1.240692275221612481e-03,6.747484036530047640e-04,2.161029668938069248e-02,-2.236924042024295359e-02,-4.209300103184654418e-03,-3.359347926591489675e-03,-6.780318699873365447e-03,2.269736477115118223e-02,-2.352602079103767799e-02,-4.128222091566330007e-03,-3.422257063793577355e-03,-6.336855514683712928e-03
cl,4.924499999999999988e-01,5.027000000000000357e-01,5.053100000000000369e-01,5.110400000000000498e-01,5.143499999999999739e-01,4.818600000000000105e-01,3.643299999999999872e-01,2.063200000000000034e-01,3.040999999999999953e-02,-1.325900000000000134e-01,-1.366199999999999914e-01,-1.454400000000000137e-01,-1.497300000000000020e-01,-1.474800000000000000e-01,-1.199400000000000049e-01,4.919100000000000139e-01,5.018599999999999728e-01,5.040900000000000380e-01,5.094100000000000295e-01,5.122700000000000031e-01,4.788000000000000034e-01,3.576900000000000079e-01,1.978199999999999958e-01,2.358000000000000027e-02,-1.343199999999999950e-01,-1.379599999999999993e-01,-1.466999999999999971e-01,-1.509000000000000064e-01,-1.484699999999999909e-01,-1.206799999999999956e-01,-8.410999999999999588e-01,-9.326900000000000190e-01,-8.281500000000000528e-01,-6.883000000000000229e-01,-4.637200000000000211e-01,-8.417000000000000037e-01,-9.196499999999999675e-01,-8.227400000000000269e-01,-6.873599999999999710e-01,-4.644499999999999740e-01
cl*c/cref,7.158197463768115609e-01,6.798964702808097949e-01,6.323485032362460290e-01,5.878618987316328592e-01,5.396949549237171073e-01,4.700166601338720551e-01,3.383729491212553731e-01,1.819955235281111305e-01,2.540635925680248194e-02,-1.045905157222590948e-01,-1.001259361997226122e-01,-9.709715974190437360e-02,-9.018968446601942357e-02,-7.921095097388891615e-02,-5.659393254135761803e-02,7.150348084886127831e-01,6.787603791030976108e-01,6.308217866188265965e-01,5.859868695853183151e-01,5.375124614732624817e-01,4.670318699873364787e-01,3.322060224828640163e-01,1.744976466863655540e-01,1.970016281734306152e-02,-1.059551856988750207e-01,-1.011079941305352975e-01,-9.793834800699510734e-02,-9.089443255140808309e-02,-7.974267623469817601e-02,-5.694310304394727823e-02,-6.484630947355726205e-01,-6.743234275228313646e-01,-5.595396276809584402e-01,-4.330035913619704746e-01,-2.705825634686124803e-01,-6.489256768980281587e-01,-6.648956675008542705e-01,-5.558843606571657325e-01,-4.324122454722708064e-01,-2.710085215280709225e-01
cmx,4.225999999999999895e-02,1.539899999999999880e-01,2.845500000000000251e-01,4.415899999999999825e-01,6.293699999999999850e-01,9.220800000000000107e-01,1.055979999999999919e+00,8.229100000000000303e-01,1.575000000000000011e-01,-8.721200000000000063e-01,-1.078640000000000043e+00,-1.277400000000000091e+00,-1.475929999999999964e+00,-1.652039999999999953e+00,-1.547290000000000054e+00,-4.220999999999999752e-02,-1.537300000000000055e-01,-2.838499999999999912e-01,-4.401700000000000057e-01,-6.267899999999999583e-01,-9.162000000000000144e-01,-1.036739999999999995e+00,-7.890099999999999891e-01,-1.218700000000000061e-01,8.834800000000000431e-01,1.089239999999999986e+00,1.288529999999999953e+00,1.487400000000000055e+00,1.663170000000000037e+00,1.556859999999999911e+00,1.917699999999999960e-01,-1.986499999999999932e-01,-5.891399999999999970e-01,-8.895800000000000374e-01,-9.021200000000000330e-01,-1.916100000000000025e-01,1.945000000000000062e-01,5.853399999999999714e-01,8.882200000000000095e-01,9.035300000000000553e-01
cmx*c/cref,6.142865769496203693e-02,2.082698576855816219e-01,3.560878799071338641e-01,5.079718532030793599e-01,6.603826456310679660e-01,8.994167641560635307e-01,9.807456613868286155e-01,7.258915096283343749e-01,1.315850569860700647e-01,-6.879514335296522676e-01,-7.905126615610365004e-01,-8.528046744658184242e-01,-8.890246509980100909e-01,-8.873044443104384227e-01,-7.300919283134670312e-01,-6.135597826086956058e-02,-2.079182104162898004e-01,-3.552118949627128264e-01,-5.063383922289894645e-01,-6.576755143319463759e-01,-8.936812850509558981e-01,-9.628764341996824960e-01,-6.959882125771372774e-01,-1.018175929834435611e-01,6.969125034339049840e-01,7.982811795211964823e-01,8.602351708074533754e-01,8.959335916299826508e-01,8.932823252728698815e-01,7.346075522456062545e-01,1.478489688234939647e-01,-1.436215129114823130e-01,-3.980524980401616286e-01,-5.596271027223328476e-01,-5.263908008201171329e-01,-1.477256135801724712e-01,1.406211138247335235e-01,3.954850276722480240e-01,5.587715384563843868e-01,5.272135417294820936e-01
cmy,-3.533800000000000274e-01,-3.707400000000000140e-01,-3.880299999999999860e-01,-4.015699999999999825e-01,-4.187600000000000211e-01,-4.008900000000000241e-01,-3.266600000000000059e-01,-2.360899999999999943e-01,-1.289899999999999936e-01,-1.278999999999999929e-02,1.341000000000000004e-02,3.106000000000000080e-02,4.911999999999999700e-02,6.671000000000000540e-02,6.983999999999999930e-02,-3.534300000000000219e-01,-3.706200000000000050e-01,-3.877599999999999936e-01,-4.011199999999999766e-01,-4.180599999999999872e-01,-3.997399999999999842e-01,-3.234699999999999798e-01,-2.317200000000000093e-01,-1.252500000000000002e-01,-1.229000000000000058e-02,1.386000000000000079e-02,3.157999999999999696e-02,4.968999999999999806e-02,6.726999999999999647e-02,7.034999999999999587e-02,3.508080000000000087e+00,4.257119999999999571e+00,4.141589999999999883e+00,3.770210000000000061e+00,2.783889999999999976e+00,3.509729999999999794e+00,4.192389999999999617e+00,4.112190000000000012e+00,3.764810000000000212e+00,2.787119999999999820e+00
cmy*c/cref,-5.136691683919945017e-01,-5.014219562202255620e-01,-4.855834828338258524e-01,-4.619358615248547184e-01,-4.393946910155648866e-01,-3.910367718446602359e-01,-3.033867854965259236e-01,-2.082557345373776403e-01,-1.077660730198931882e-01,-1.008909190804505376e-02,9.827908098655250418e-03,2.073595834422132383e-02,2.958737261050473424e-02,3.582968903897566088e-02,3.295414581197612242e-02,-5.137418478260870058e-01,-5.012596574805524563e-01,-4.852456029266920545e-01,-4.614182154415163439e-01,-4.386601980274310586e-01,-3.899150369856680398e-01,-3.004240601988649728e-01,-2.044009437375625959e-01,-1.046414500793985819e-01,-9.694678620005763720e-03,1.015770367243562858e-02,2.108311540600480913e-02,2.993071142133510443e-02,3.613046292387786518e-02,3.319479034754467539e-02,2.704625387444973938e+00,3.077845532573519005e+00,2.798265684486120453e+00,2.371806581706835004e+00,1.624411482391606043e+00,2.705897488391726391e+00,3.031046536697555194e+00,2.778401571639631307e+00,2.368409488297922305e+00,1.626296200928662117e+00
cmz,1.247999999999999977e-02,7.799999999999999859e-04,-1.146999999999999929e-02,-3.037000000000000116e-02,-5.117000000000000021e-02,-1.163300000000000028e-01,-1.184100000000000014e-01,-8.097999999999999643e-02,-1.383000000000000028e-02,6.103000000000000091e-02,9.153000000000000025e-02,1.081400000000000000e-01,1.298999999999999877e-01,1.468700000000000006e-01,1.466999999999999971e-01,-1.248999999999999937e-02,-8.000000000000000383e-04,1.140000000000000041e-02,3.022000000000000033e-02,5.099000000000000060e-02,1.156999999999999973e-01,1.158099999999999963e-01,7.714000000000000024e-02,1.074999999999999914e-02,-6.187999999999999751e-02,-9.253999999999999726e-02,-1.092299999999999938e-01,-1.311199999999999866e-01,-1.481200000000000017e-01,-1.478700000000000014e-01,2.647229999999999972e+00,3.283760000000000012e+00,3.157999999999999918e+00,2.990130000000000177e+00,2.282430000000000181e+00,-2.646520000000000206e+00,-3.243469999999999853e+00,-3.139489999999999892e+00,-2.983699999999999797e+00,-2.280619999999999870e+00
cmz*c/cref,1.814078674948240225e-02,1.054941807875535344e-03,-1.435363901786970708e-02,-3.493535900219099655e-02,-5.369143743257821788e-02,-1.134707966491788900e-01,-1.099737625379404726e-01,-7.143271372288891030e-02,-1.155442119439586794e-02,4.814208593807581260e-02,6.708041970692879552e-02,7.219531665628119155e-02,7.824510794186817497e-02,7.888332227783473316e-02,6.922069287824880734e-02,-1.815532263630089543e-02,-1.081991597821061780e-03,1.426604052342760921e-02,3.476281030774487635e-02,5.350256780705810178e-02,1.128562810307744968e-01,1.075590021072450470e-01,6.804543759673561953e-02,8.981202302223829925e-03,-4.881258852774260359e-02,-6.782062755030252021e-02,-7.292301126655811871e-02,-7.897997346680335484e-02,-7.955469255663430439e-02,-6.977275975396490804e-02,2.040935629861906797e+00,2.374118194000549575e+00,2.133703005755559712e+00,1.881064984220788494e+00,1.331807470753181288e+00,-2.040388240969668310e+00,-2.344989018288474725e+00,-2.121196722463433382e+00,-1.877019926698693997e+00,-1.330751328167400604e+00
cs,3.221000000000000252e-02,3.386999999999999733e-02,3.456999999999999656e-02,3.536999999999999866e-02,3.576000000000000012e-02,-1.076000000000000047e-02,-7.660000000000000142e-03,-3.180000000000000101e-03,2.000000000000000042e-03,5.980000000000000072e-03,5.560999999999999971e-02,6.026000000000000106e-02,6.248999999999999694e-02,6.308999999999999331e-02,5.168999999999999984e-02,-3.218000000000000027e-02,-3.384999999999999815e-02,-3.454000000000000126e-02,-3.531999999999999723e-02,-3.570999999999999869e-02,1.061999999999999923e-02,7.369999999999999815e-03,2.820000000000000024e-03,-2.289999999999999935e-03,-6.049999999999999822e-03,-5.616000000000000159e-02,-6.078999999999999682e-02,-6.299000000000000432e-02,-6.353000000000000314e-02,-5.202999999999999986e-02,6.444199999999999928e-01,7.207500000000000018e-01,6.255100000000000104e-01,5.331500000000000128e-01,3.634700000000000153e-01,-6.444499999999999673e-01,-7.124200000000000532e-01,-6.220900000000000318e-01,-5.320000000000000284e-01,-3.635900000000000243e-01
cs*c/cref,4.682009144237405524e-02,4.580881927274919885e-02,4.326114218376248682e-02,4.068698215039497773e-02,3.752209893666205026e-02,-1.049553659370037681e-02,-7.114255730433443649e-03,-2.805088041970693266e-03,1.670921358553270749e-03,4.717182924949915590e-03,4.075540412872621227e-02,4.023016258283248353e-02,3.764077594524513348e-02,3.388540071157208899e-02,2.439003145791875105e-02,-4.677648378191856526e-02,-4.578176948280367892e-02,-4.322359997185873381e-02,-4.062946591891293535e-02,-3.746963515179534826e-02,1.035897756738828925e-02,6.844917067009722265e-03,2.487530905143822257e-03,-1.913204955543494970e-03,-4.772400785275416300e-03,-4.115848760779111659e-02,-4.058399574195795806e-02,-3.794195034071037170e-02,-3.412172304970954168e-02,-2.455046114829778983e-02,4.968286618826509571e-01,5.210934076564353035e-01,4.226258920614819892e-01,3.354000649929311795e-01,2.120862683169511542e-01,-4.968517909907737007e-01,-5.150709198509854092e-01,-4.203151687303597894e-01,-3.346766099151072260e-01,-2.121562888198758323e-01
cx,5.743999999999999800e-02,5.772999999999999660e-02,5.464000000000000107e-02,5.868000000000000299e-02,5.933999999999999692e-02,5.396000000000000102e-02,3.713999999999999940e-02,1.832999999999999907e-02,1.850000000000000082e-03,-9.339999999999999344e-03,-1.094000000000000007e-02,-1.089000000000000037e-02,-1.112999999999999927e-02,-1.055000000000000035e-02,-9.020000000000000240e-03,5.723999999999999921e-02,5.763999999999999679e-02,5.448999999999999677e-02,5.847000000000000114e-02,5.917000000000000037e-02,5.367000000000000243e-02,3.629999999999999893e-02,1.742000000000000146e-02,1.289999999999999914e-03,-9.469999999999999252e-03,-1.105000000000000079e-02,-1.098999999999999977e-02,-1.123000000000000040e-02,-1.064000000000000015e-02,-9.090000000000000857e-03,-4.537999999999999673e-02,-1.121100000000000013e-01,-7.838000000000000522e-02,-6.531000000000000694e-02,-5.199000000000000149e-02,-4.402999999999999969e-02,-1.125700000000000034e-01,-7.779999999999999416e-02,-6.532999999999999918e-02,-5.129999999999999838e-02
cx*c/cref,8.349413388543822090e-02,7.807921867776236591e-02,6.837688194737583103e-02,6.750104926732194977e-02,6.226401987979657965e-02,5.263375042714427132e-02,3.449392399847233531e-02,1.616895088343484402e-02,1.545602256661775470e-03,-7.367640220573947948e-03,-8.017696838127400319e-03,-7.270270005427245143e-03,-6.704142043056141725e-03,-5.666365153068403902e-03,-4.256105315349722508e-03,8.320341614906831551e-02,7.795749462300749499e-02,6.818917088785704517e-02,6.725948109509738426e-02,6.208564301124981644e-02,5.235087815835495068e-02,3.371377062855535067e-02,1.536623700978914479e-02,1.077744276266859487e-03,-7.470187675464163429e-03,-8.098313533940382572e-03,-7.337030978847146161e-03,-6.764376922149189370e-03,-5.714703813141972823e-03,-4.289134957486583077e-03,-3.498663088705300517e-02,-8.105415460612273859e-02,-5.295745458870195627e-02,-4.108595750668355556e-02,-3.033638289211844016e-02,-3.394582102152807201e-02,-8.138672896272622359e-02,-5.256557753254671728e-02,-4.109853933412396798e-02,-2.993376500030151682e-02
cy,3.221000000000000252e-02,3.386999999999999733e-02,3.456999999999999656e-02,3.536999999999999866e-02,3.576000000000000012e-02,-1.076000000000000047e-02,-7.660000000000000142e-03,-3.180000000000000101e-03,2.000000000000000042e-03,5.980000000000000072e-03,5.560999999999999971e-02,6.026000000000000106e-02,6.248999999999999694e-02,6.308999999999999331e-02,5.168999999999999984e-02,-3.218000000000000027e-02,-3.384999999999999815e-02,-3.454000000000000126e-02,-3.531999999999999723e-02,-3.570999999999999869e-02,1.061999999999999923e-02,7.369999999999999815e-03,2.820000000000000024e-03,-2.289999999999999935e-03,-6.049999999999999822e-03,-5.616000000000000159e-02,-6.078999999999999682e-02,-6.299000000000000432e-02,-6.353000000000000314e-02,-5.202999999999999986e-02,6.444199999999999928e-01,7.207500000000000018e-01,6.255100000000000104e-01,5.331500000000000128e-01,3.634700000000000153e-01,-6.444499999999999673e-01,-7.124200000000000532e-01,-6.220900000000000318e-01,-5.320000000000000284e-01,-3.635900000000000243e-01
cy*c/cref,4.682009144237405524e-02,4.580881927274919885e-02,4.326114218376248682e-02,4.068698215039497773e-02,3.752209893666205026e-02,-1.049553659370037681e-02,-7.114255730433443649e-03,-2.805088041970693266e-03,1.670921358553270749e-03,4.717182924949915590e-03,4.075540412872621227e-02,4.023016258283248353e-02,3.764077594524513348e-02,3.388540071157208899e-02,2.439003145791875105e-02,-4.677648378191856526e-02,-4.578176948280367892e-02,-4.322359997185873381e-02,-4.062946591891293535e-02,-3.746963515179534826e-02,1.035897756738828925e-02,6.844917067009722265e-03,2.487530905143822257e-03,-1.913204955543494970e-03,-4.772400785275416300e-03,-4.115848760779111659e-02,-4.058399574195795806e-02,-3.794195034071037170e-02,-3.412172304970954168e-02,-2.455046114829778983e-02,4.968286618826509571e-01,5.210934076564353035e-01,4.226258920614819892e-01,3.354000649929311795e-01,2.120862683169511542e-01,-4.968517909907737007e-01,-5.150709198509854092e-01,-4.203151687303597894e-01,-3.346766099151072260e-01,-2.121562888198758323e-01
cz,4.893100000000000227e-01,4.995700000000000141e-01,5.024600000000000177e-01,5.078599999999999781e-01,5.111299999999999732e-01,4.789800000000000169e-01,3.624800000000000244e-01,2.054999999999999882e-01,3.037000000000000116e-02,-1.322800000000000087e-01,-1.361799999999999955e-01,-1.450400000000000023e-01,-1.493299999999999905e-01,-1.471200000000000008e-01,-1.196099999999999941e-01,4.887799999999999923e-01,4.987400000000000166e-01,5.012499999999999734e-01,5.062400000000000233e-01,5.090500000000000025e-01,4.759300000000000197e-01,3.558799999999999741e-01,1.970600000000000129e-01,2.355000000000000149e-02,-1.340000000000000080e-01,-1.375200000000000033e-01,-1.463000000000000134e-01,-1.504900000000000126e-01,-1.481099999999999917e-01,-1.203499999999999986e-01,-8.403399999999999759e-01,-9.264400000000000412e-01,-8.244500000000000162e-01,-6.852099999999999858e-01,-4.609400000000000164e-01,-8.410600000000000298e-01,-9.133099999999999552e-01,-8.190800000000000303e-01,-6.842700000000000449e-01,-4.617299999999999738e-01
cz*c/cref,7.112554779158040130e-01,6.756631781543348536e-01,6.287819931053891809e-01,5.842038664093750500e-01,5.363162871783018204e-01,4.672074458783091466e-01,3.366547541994144299e-01,1.812721989386721355e-01,2.537294082963141573e-02,-1.043459794836747306e-01,-9.980346941647069703e-02,-9.683011584822476259e-02,-8.994874494964723299e-02,-7.901759633359464741e-02,-5.643822137128384070e-02,7.104850759144236694e-01,6.745406118715955301e-01,6.272677905586042657e-01,5.823403405093570129e-01,5.341337937278471948e-01,4.642324099479386845e-01,3.305249777214952500e-01,1.738272482863977286e-01,1.967509899696476272e-02,-1.057027611945298845e-01,-1.007855273472833824e-01,-9.767130411331552409e-02,-9.064746954712658844e-02,-7.954932159440390727e-02,-5.678739187387351478e-02,-6.478771573297956721e-01,-6.698047541994144316e-01,-5.570397223227268046e-01,-4.310596990224259129e-01,-2.689604218175240535e-01,-6.484322559247422957e-01,-6.603119252815802254e-01,-5.534114813028068181e-01,-4.304683531327263557e-01,-2.694213901284448487e-01
Results_Name,VSPAERO_Comp_Load
Results_Timestamp,1749672324
Results_Date,6,11,2025
Results_Time,16,5,24
AoA,-5.000000000000000000e+00,-5.000000000000000000e+00,-5.000000000000000000e+00,-5.000000000000000000e+00,-5.000000000000000000e+00,-5.000000000000000000e+00,-5.000000000000000000e+00,-5.000000000000000000e+00,-5.000000000000000000e+00
Beta,0.000000000000000000e+00,0.000000000000000000e+00,0.000000000000000000e+00,0.000000000000000000e+00,0.000000000000000000e+00,0.000000000000000000e+00,0.000000000000000000e+00,0.000000000000000000e+00,0.000000000000000000e+00
CDi,0.000000000000000000e+00,3.609999999999999928e-03,3.579999999999999849e-03,-3.400000000000000244e-04,-3.299999999999999982e-04,0.000000000000000000e+00,0.000000000000000000e+00,0.000000000000000000e+00,0.000000000000000000e+00
CFx,0.000000000000000000e+00,1.651000000000000037e-02,1.631000000000000158e-02,-5.340000000000000129e-03,-5.309999999999999616e-03,0.000000000000000000e+00,0.000000000000000000e+00,0.000000000000000000e+00,0.000000000000000000e+00
CFy,0.000000000000000000e+00,5.629999999999999588e-03,-5.709999999999999798e-03,4.411999999999999950e-02,-4.392000000000000071e-02,0.000000000000000000e+00,0.000000000000000000e+00,0.000000000000000000e+00,0.000000000000000000e+00
CFz,0.000000000000000000e+00,1.473200000000000065e-01,1.453599999999999892e-01,-5.714000000000000329e-02,-5.684999999999999776e-02,0.000000000000000000e+00,0.000000000000000000e+00,0.000000000000000000e+00,0.000000000000000000e+00
CL,0.000000000000000000e+00,1.481899999999999884e-01,1.462299999999999989e-01,-5.738000000000000045e-02,-5.709999999999999798e-02,0.000000000000000000e+00,0.000000000000000000e+00,0.000000000000000000e+00,0.000000000000000000e+00
Cmx,0.000000000000000000e+00,1.587999999999999828e-02,-1.536000000000000039e-02,-1.740000000000000010e-03,1.729999999999999984e-03,5.000000000000000240e-05,-6.000000000000000152e-05,-0.000000000000000000e+00,-0.000000000000000000e+00
Cmy,0.000000000000000000e+00,-1.491000000000000103e-01,-1.482999999999999874e-01,1.917999999999999983e-01,1.907600000000000129e-01,-1.761000000000000065e-02,-1.762000000000000025e-02,-0.000000000000000000e+00,-0.000000000000000000e+00
Cmz,0.000000000000000000e+00,-1.629999999999999939e-03,1.569999999999999998e-03,1.251999999999999988e-02,-1.246000000000000059e-02,3.200000000000000262e-04,-3.299999999999999982e-04,0.000000000000000000e+00,-0.000000000000000000e+00
Comp_ID,0,1,2,3,4,5,6,7,8
Comp_Name,NONE,main_wing,main_wing,horizontal_tail,horizontal_tail,fuselage,fuselage,fuselage,fuselage
Cs,0.000000000000000000e+00,5.629999999999999588e-03,-5.709999999999999798e-03,4.411999999999999950e-02,-4.392000000000000071e-02,0.000000000000000000e+00,0.000000000000000000e+00,0.000000000000000000e+00,0.000000000000000000e+00
Mach,1.499999999999999944e-01,1.499999999999999944e-01,1.499999999999999944e-01,1.499999999999999944e-01,1.499999999999999944e-01,1.499999999999999944e-01,1.499999999999999944e-01,1.499999999999999944e-01,1.499999999999999944e-01
Results_Name,VSPAERO_Load
Results_Timestamp,1749672324
Results_Date,6,11,2025
Results_Time,16,5,24
AnalysisMethod,0
Chord,1.735549999999999926e+00,1.614840000000000053e+00,1.494150000000000089e+00,1.373459999999999903e+00,1.252809999999999979e+00,1.164630000000000054e+00,1.108910000000000062e+00,1.053209999999999980e+00,9.975199999999999623e-01,9.418400000000000105e-01,8.750400000000000400e-01,7.971099999999999852e-01,7.191899999999999959e-01,6.412799999999999612e-01,5.633799999999999919e-01,1.735549999999999926e+00,1.614840000000000053e+00,1.494150000000000089e+00,1.373459999999999903e+00,1.252809999999999979e+00,1.164630000000000054e+00,1.108910000000000062e+00,1.053209999999999980e+00,9.975199999999999623e-01,9.418400000000000105e-01,8.750400000000000400e-01,7.971099999999999852e-01,7.191899999999999959e-01,6.412799999999999612e-01,5.633799999999999919e-01,9.205200000000000049e-01,8.632300000000000528e-01,8.067100000000000382e-01,7.511200000000000099e-01,6.966900000000000315e-01,9.205200000000000049e-01,8.632300000000000528e-01,8.067100000000000382e-01,7.511200000000000099e-01,6.966900000000000315e-01
FC_AoA_,-4.000000000000000000e+00
FC_Beta_,0.000000000000000000e+00
FC_Bref_,1.417173599999999922e+01
FC_Cref_,1.193975999999999926e+00
FC_Mach_,1.499999999999999944e-01
FC_Pitch_Rate,0.000000000000000000e+00
FC_Rho_,2.377000000000000206e-03
FC_Roll__Rate,0.000000000000000000e+00
FC_Sref_,1.619368700000000061e+01
FC_Vinf_,5.100000000000000000e+01
FC_Xcg_,1.785187999999999997e+00
FC_Yaw___Rate,0.000000000000000000e+00
FC_Ycg_,-0.000000000000000000e+00
FC_Zcg_,7.542510000000000048e-01
S,3.314000000000000279e-02,8.981999999999999706e-02,1.368900000000000117e-01,1.839600000000000124e-01,2.310300000000000131e-01,2.997400000000000064e-01,4.117600000000000149e-01,5.454599999999999449e-01,6.791599999999999859e-01,8.128699999999999815e-01,9.157600000000000184e-01,9.578200000000000047e-01,9.698700000000000099e-01,9.819200000000000150e-01,9.939700000000000202e-01,3.314000000000000279e-02,8.981999999999999706e-02,1.368900000000000117e-01,1.839600000000000124e-01,2.310300000000000131e-01,2.997400000000000064e-01,4.117600000000000149e-01,5.454599999999999449e-01,6.791599999999999859e-01,8.128699999999999815e-01,9.157600000000000184e-01,9.578200000000000047e-01,9.698700000000000099e-01,9.819200000000000150e-01,9.939700000000000202e-01,1.026500000000000051e-01,3.046400000000000219e-01,5.033100000000000351e-01,7.019900000000000029e-01,9.006600000000000161e-01,1.026500000000000051e-01,3.046400000000000219e-01,5.033100000000000351e-01,7.019900000000000029e-01,9.006600000000000161e-01
V/Vref,9.576200000000000268e-01,9.595700000000000340e-01,9.609199999999999964e-01,9.618299999999999628e-01,9.647999999999999909e-01,9.688900000000000290e-01,9.783199999999999674e-01,9.868400000000000505e-01,9.934399999999999897e-01,9.972499999999999698e-01,9.995800000000000241e-01,9.994800000000000351e-01,9.996599999999999930e-01,9.994300000000000406e-01,9.992699999999999916e-01,9.576599999999999557e-01,9.596000000000000085e-01,9.609299999999999509e-01,9.618400000000000283e-01,9.647799999999999709e-01,9.688799999999999635e-01,9.783500000000000529e-01,9.868599999999999595e-01,9.933999999999999497e-01,9.971999999999999753e-01,9.995100000000000096e-01,9.994199999999999751e-01,9.996000000000000441e-01,9.993800000000000461e-01,9.992199999999999971e-01,9.441399999999999793e-01,9.456400000000000361e-01,9.663899999999999713e-01,9.827200000000000379e-01,9.890799999999999592e-01,9.436700000000000088e-01,9.453500000000000236e-01,9.658099999999999463e-01,9.823300000000000365e-01,9.886700000000000488e-01
WingId,1,1,1,1,1,1,1,1,1,1,1,1,1,1,1,2,2,2,2,2,2,2,2,2,2,2,2,2,2,2,3,3,3,3,3,4,4,4,4,4
Xavg,2.392879999999999896e+00,2.382319999999999993e+00,2.371750000000000025e+00,2.361190000000000122e+00,2.350620000000000154e+00,2.337899999999999867e+00,2.323770000000000113e+00,2.309619999999999784e+00,2.295469999999999899e+00,2.281299999999999883e+00,2.284749999999999837e+00,2.305000000000000160e+00,2.325239999999999974e+00,2.345470000000000166e+00,2.365699999999999914e+00,2.392879999999999896e+00,2.382319999999999993e+00,2.371750000000000025e+00,2.361190000000000122e+00,2.350620000000000154e+00,2.337899999999999867e+00,2.323770000000000113e+00,2.309619999999999784e+00,2.295469999999999899e+00,2.281299999999999883e+00,2.284749999999999837e+00,2.305000000000000160e+00,2.325239999999999974e+00,2.345470000000000166e+00,2.365699999999999914e+00,5.819969999999999644e+00,5.917910000000000004e+00,6.015850000000000364e+00,6.113780000000000214e+00,6.211730000000000196e+00,5.819969999999999644e+00,5.917910000000000004e+00,6.015850000000000364e+00,6.113780000000000214e+00,6.211730000000000196e+00
Yavg,1.718899999999999872e-01,5.195499999999999563e-01,8.671900000000000164e-01,1.214800000000000102e+00,1.562359999999999971e+00,2.228590000000000071e+00,3.216559999999999864e+00,4.204550000000000232e+00,5.192569999999999908e+00,6.180620000000000225e+00,6.716649999999999565e+00,6.791660000000000252e+00,6.866660000000000430e+00,6.941650000000000098e+00,7.016610000000000014e+00,-1.718899999999999872e-01,-5.195499999999999563e-01,-8.671900000000000164e-01,-1.214800000000000102e+00,-1.562359999999999971e+00,-2.228590000000000071e+00,-3.216559999999999864e+00,-4.204550000000000232e+00,-5.192569999999999908e+00,-6.180620000000000225e+00,-6.716649999999999565e+00,-6.791660000000000252e+00,-6.866660000000000430e+00,-6.941650000000000098e+00,-7.016610000000000014e+00,1.247400000000000037e-01,3.766700000000000048e-01,6.286100000000000021e-01,8.805399999999999894e-01,1.132460000000000022e+00,-1.247400000000000037e-01,-3.766700000000000048e-01,-6.286100000000000021e-01,-8.805399999999999894e-01,-1.132460000000000022e+00
Zavg,1.119259999999999922e+00,1.109900000000000109e+00,1.100540000000000074e+00,1.091180000000000039e+00,1.081830000000000069e+00,1.094910000000000050e+00,1.130849999999999911e+00,1.166740000000000110e+00,1.202599999999999891e+00,1.238469999999999960e+00,1.270329999999999959e+00,1.298289999999999944e+00,1.326240000000000085e+00,1.354190000000000005e+00,1.382130000000000081e+00,1.119259999999999922e+00,1.109900000000000109e+00,1.100540000000000074e+00,1.091180000000000039e+00,1.081830000000000069e+00,1.094910000000000050e+00,1.130849999999999911e+00,1.166740000000000110e+00,1.202599999999999891e+00,1.238469999999999960e+00,1.270329999999999959e+00,1.298289999999999944e+00,1.326240000000000085e+00,1.354190000000000005e+00,1.382130000000000081e+00,3.569700000000000095e-01,5.334799999999999542e-01,7.099999999999999645e-01,8.865300000000000402e-01,1.063090000000000090e+00,3.569700000000000095e-01,5.334799999999999542e-01,7.099999999999999645e-01,8.865300000000000402e-01,1.063090000000000090e+00
cd,1.653999999999999915e-02,1.699000000000000163e-02,1.434000000000000032e-02,1.816999999999999865e-02,1.833999999999999866e-02,1.489000000000000046e-02,7.400000000000000328e-03,1.209999999999999921e-03,-1.170000000000000033e-03,4.000000000000000192e-04,-2.999999999999999737e-04,5.100000000000000366e-04,9.200000000000000278e-04,1.280000000000000105e-03,9.600000000000000243e-04,1.649000000000000118e-02,1.694000000000000020e-02,1.423999999999999919e-02,1.806999999999999926e-02,1.833999999999999866e-02,1.482999999999999943e-02,7.000000000000000146e-03,8.899999999999999491e-04,-1.170000000000000033e-03,4.400000000000000157e-04,-2.799999999999999755e-04,5.299999999999999807e-04,9.399999999999999719e-04,1.289999999999999914e-03,9.600000000000000243e-04,2.018999999999999961e-02,-3.844000000000000195e-02,-1.329999999999999932e-02,-9.350000000000000672e-03,-1.435999999999999950e-02,2.062999999999999903e-02,-3.463999999999999718e-02,-1.504999999999999914e-02,-1.166000000000000023e-02,-1.273000000000000000e-02
cd*c/cref,2.404235679779157669e-02,2.297879655872480179e-02,1.794517728999578052e-02,2.090139852057327358e-02,1.924371628910464052e-02,1.452402786990693480e-02,6.872779687363900908e-03,1.067344821001427234e-03,-9.774889947536634371e-04,3.155306304314324907e-04,-2.198637158535850060e-04,3.404809644414963300e-04,5.541608876560333600e-04,6.874831654907636886e-04,4.529779493055137245e-04,2.396967736369910382e-02,2.291117208386098461e-02,1.782003658364992443e-02,2.078636605760919576e-02,1.924371628910464052e-02,1.446550257291603914e-02,6.501278082641528261e-03,7.850718104886531120e-04,-9.774889947536634371e-04,3.470836934745757615e-04,-2.052061347966793389e-04,3.538331591254765336e-04,5.662078634746426937e-04,6.928541277211601630e-04,4.529779493055137245e-04,1.556588976662847540e-02,-2.779164840834321901e-02,-8.986146287697576243e-03,-5.882004328395210903e-03,-8.379120183320269005e-03,1.590511668576252702e-02,-2.504429502770574856e-02,-1.016853395713146653e-02,-7.335205397763439397e-03,-7.428008351926673400e-03
cl,5.652599999999999847e-01,5.808400000000000230e-01,5.893300000000000205e-01,6.009400000000000297e-01,6.102100000000000302e-01,5.807600000000000540e-01,4.630900000000000016e-01,3.036900000000000155e-01,1.234299999999999981e-01,-5.000000000000000278e-02,-6.691999999999999338e-02,-7.782999999999999641e-02,-8.512000000000000122e-02,-8.765000000000000568e-02,-7.367999999999999550e-02,5.645799999999999708e-01,5.796299999999999786e-01,5.876200000000000312e-01,5.987200000000000299e-01,6.074100000000000055e-01,5.767200000000000104e-01,4.545199999999999796e-01,2.926900000000000057e-01,1.150199999999999972e-01,-5.224000000000000171e-02,-6.865999999999999881e-02,-7.946999999999999897e-02,-8.661000000000000643e-02,-8.891999999999999904e-02,-7.463000000000000189e-02,-8.039899999999999824e-01,-8.642999999999999572e-01,-7.793999999999999817e-01,-6.513900000000000245e-01,-4.351700000000000013e-01,-8.034000000000000030e-01,-8.606500000000000261e-01,-7.662600000000000522e-01,-6.402700000000000058e-01,-4.303699999999999748e-01
cl*c/cref,8.216555383022773329e-01,7.855799995979819705e-01,7.374917247080344795e-01,6.912760829363404635e-01,6.402785232701495577e-01,5.664858580071961969e-01,4.300966953272092885e-01,2.678859080082012234e-01,1.031209116431150985e-01,-3.944132880392905993e-02,-4.904426621640636114e-02,-5.196006561270913315e-02,-5.127192908400169530e-02,-4.707648394942612335e-02,-3.476605760919817406e-02,8.206670979986196990e-01,7.839434873062774978e-01,7.353518186295202597e-01,6.887223622585378902e-01,6.373405513176144677e-01,5.625451546764759225e-01,4.221372734460324128e-01,2.581827732718245949e-01,9.609468733039859545e-02,-4.120830033434508266e-02,-5.031947576835715807e-02,-5.305494557679551332e-02,-5.216942878248809895e-02,-4.775859615268648883e-02,-3.521431703819842551e-02,-6.198523879876982612e-01,-6.248782965486743279e-01,-5.266016854610142683e-01,-4.097838288206798740e-01,-2.539235188144485789e-01,-6.193975155279504152e-01,-6.222393913277989297e-01,-5.177236431888079249e-01,-4.027883327638076549e-01,-2.511226986974612885e-01
cmx,4.932999999999999885e-02,1.791200000000000014e-01,3.333699999999999997e-01,5.213400000000000256e-01,7.493300000000000516e-01,1.113669999999999938e+00,1.344789999999999930e+00,1.213600000000000012e+00,6.430299999999999905e-01,-3.293300000000000116e-01,-5.282299999999999773e-01,-6.834900000000000420e-01,-8.388400000000000301e-01,-9.812800000000000411e-01,-9.500399999999999956e-01,-4.925999999999999823e-02,-1.787300000000000000e-01,-3.323900000000000188e-01,-5.193999999999999728e-01,-7.458599999999999675e-01,-1.105890000000000040e+00,-1.319919999999999982e+00,-1.169650000000000079e+00,-5.991699999999999804e-01,3.441299999999999915e-01,5.419899999999999718e-01,6.978400000000000158e-01,8.535899999999999599e-01,9.955399999999999805e-01,9.622600000000000042e-01,1.816800000000000082e-01,-1.828200000000000103e-01,-5.556299999999999573e-01,-8.421999999999999487e-01,-8.465700000000000447e-01,-1.814900000000000124e-01,1.826299999999999868e-01,5.459899999999999753e-01,8.276999999999999913e-01,8.378799999999999581e-01
cmx*c/cref,7.170552967563836866e-02,2.422579187521357313e-01,4.171815727451808620e-01,5.997102424169330481e-01,7.862537582832487271e-01,1.086297791664154078e+00,1.248979107536499988e+00,1.070520392369695983e+00,5.372262805952547904e-01,-2.597842562999591598e-01,-3.871287020844640381e-01,-4.563045772276829726e-01,-5.052742597841163308e-01,-5.270417817443566744e-01,-4.482783030814689873e-01,-7.160377846790889900e-02,-2.417304478481979713e-01,-4.159551938229915091e-01,-5.974786126354297844e-01,-7.826127716134998469e-01,-1.078709011487668290e+00,-1.225880995262886408e+00,-1.031751958582082240e+00,-5.005829752021816459e-01,2.714588896259221285e-01,3.972131178516151717e-01,4.658847769134388250e-01,5.141589044503407369e-01,5.347007738849022251e-01,4.540443348945037427e-01,1.400698787915335142e-01,-1.321766171179320493e-01,-3.754114632957446518e-01,-5.298207535159835668e-01,-4.939771430078997438e-01,-1.399233944400892771e-01,1.320392494489001367e-01,3.688981963624059501e-01,5.206989286216808788e-01,4.889064915877706641e-01
cmy,-3.602400000000000047e-01,-3.793199999999999905e-01,-3.985500000000000154e-01,-4.151400000000000090e-01,-4.362400000000000166e-01,-4.212400000000000033e-01,-3.475199999999999956e-01,-2.569000000000000172e-01,-1.487300000000000011e-01,-2.970000000000000070e-02,-4.060000000000000241e-03,9.759999999999999579e-03,2.366000000000000048e-02,3.692999999999999755e-02,4.152999999999999747e-02,-3.600900000000000212e-01,-3.789600000000000191e-01,-3.980600000000000249e-01,-4.144300000000000206e-01,-4.352300000000000058e-01,-4.196799999999999975e-01,-3.433599999999999985e-01,-2.511800000000000144e-01,-1.441600000000000104e-01,-2.900000000000000147e-02,-3.449999999999999942e-03,1.044999999999999922e-02,2.441000000000000114e-02,3.767999999999999822e-02,4.220000000000000140e-02,3.348240000000000105e+00,3.941359999999999975e+00,3.898210000000000175e+00,3.570199999999999818e+00,2.616919999999999913e+00,3.345009999999999817e+00,3.924310000000000187e+00,3.830519999999999925e+00,3.509450000000000180e+00,2.584090000000000220e+00
cmy*c/cref,-5.236407867494824453e-01,-5.130263161068564504e-01,-4.987482851414099527e-01,-4.775457667490803915e-01,-4.577360302049622853e-01,-4.108866017407385440e-01,-3.227605941827976777e-01,-2.266123012522865132e-01,-1.242580668288139761e-01,-2.342814930953386263e-02,-2.975488954551850848e-03,6.515871005782360170e-03,1.425157239341494353e-02,1.983496351685460832e-02,1.959601482776873044e-02,-5.234227484472049330e-01,-5.125394198878370222e-01,-4.981350956803152763e-01,-4.767290362620353883e-01,-4.566762617506550104e-01,-4.093649440189752742e-01,-3.188969774936850077e-01,-2.215666711893706786e-01,-1.204400115245197606e-01,-2.287597070627885726e-02,-2.528432732316227786e-03,6.976521722379678929e-03,1.470333398661279739e-02,2.023778568413435452e-02,1.991215568822153961e-02,2.581393499366821942e+00,2.849554926397180665e+00,2.633825963922223234e+00,2.245982016388939240e+00,1.526983787613821697e+00,2.578903265392269439e+00,2.837227985570899502e+00,2.588091208868520177e+00,2.207764715538671041e+00,1.507827345022010990e+00
cmz,1.311000000000000013e-02,1.440000000000000091e-03,-1.125999999999999918e-02,-3.083999999999999936e-02,-5.224000000000000171e-02,-1.196399999999999963e-01,-1.264599999999999891e-01,-9.789000000000000479e-02,-4.374000000000000110e-02,1.930000000000000118e-02,3.744999999999999718e-02,4.701999999999999930e-02,5.893000000000000321e-02,6.952999999999999459e-02,7.117999999999999328e-02,-1.311000000000000013e-02,-1.459999999999999926e-03,1.116999999999999937e-02,3.065999999999999975e-02,5.204000000000000292e-02,1.189100000000000018e-01,1.233599999999999974e-01,9.329999999999999405e-02,4.043000000000000066e-02,-2.009000000000000022e-02,-3.849999999999999950e-02,-4.814000000000000223e-02,-6.013999999999999901e-02,-7.074999999999999345e-02,-7.231999999999999540e-02,2.516869999999999941e+00,3.048970000000000180e+00,2.972700000000000120e+00,2.802579999999999849e+00,2.122209999999999930e+00,-2.513759999999999994e+00,-3.021310000000000162e+00,-2.925450000000000106e+00,-2.770989999999999842e+00,-2.095899999999999874e+00
cmz*c/cref,1.905654761904761879e-02,1.947584876077911422e-03,-1.409084353454340827e-02,-3.547601157812216993e-02,-5.481416242872554079e-02,-1.166994421998432119e-01,-1.174502323329782161e-01,-8.634907812217332279e-02,-3.654305011156003258e-02,1.522435291831661722e-02,2.744632052905586136e-02,3.139100970203756447e-02,3.549641424953265539e-02,3.734430038794749052e-02,3.358642753288173383e-02,-1.905654761904761879e-02,-1.974634666023437641e-03,1.397821689883213883e-02,3.526895314478682708e-02,5.460430728925875360e-02,1.159873844197873427e-01,1.145710948963798298e-01,8.230022462763070257e-02,3.377767526315436641e-02,-1.584752591341869604e-02,-2.821584353454341040e-02,-3.213873260434045587e-02,-3.622525628655852425e-02,-3.799955778005587731e-02,-3.412433884768202585e-02,1.940431945365736155e+00,2.204367904463741645e+00,2.008505042814931141e+00,1.763078897398272726e+00,1.238318429264910092e+00,-1.938034227823675071e+00,-2.184370063803627637e+00,-1.976580575740216172e+00,-1.743205900956133148e+00,-1.222966433998673441e+00
cs,3.332999999999999852e-02,3.488999999999999740e-02,3.556000000000000133e-02,3.638999999999999874e-02,3.685000000000000081e-02,-1.494000000000000015e-02,-1.178000000000000054e-02,-7.239999999999999908e-03,-1.930000000000000075e-03,2.759999999999999867e-03,2.656000000000000028e-02,3.126000000000000306e-02,3.427000000000000185e-02,3.590999999999999748e-02,3.029000000000000095e-02,-3.330000000000000321e-02,-3.484999999999999903e-02,-3.549999999999999684e-02,-3.631999999999999812e-02,-3.676999999999999713e-02,1.474999999999999922e-02,1.140000000000000041e-02,6.769999999999999976e-03,1.569999999999999998e-03,-2.860000000000000129e-03,-2.725999999999999951e-02,-3.193000000000000005e-02,-3.488999999999999740e-02,-3.645999999999999935e-02,-3.068999999999999853e-02,6.130499999999999838e-01,6.699500000000000455e-01,5.895500000000000185e-01,5.013199999999999878e-01,3.389699999999999935e-01,-6.124500000000000499e-01,-6.645600000000000396e-01,-5.801300000000000345e-01,-4.948100000000000276e-01,-3.356799999999999784e-01
cs*c/cref,4.844811076604554206e-02,4.718835855997105533e-02,4.450003517658646796e-02,4.186031327262858953e-02,3.866580944675605119e-02,-1.457279895073267974e-02,-1.094072225907388556e-02,-6.386426862851514799e-03,-1.612439111003906387e-03,2.177161349976884219e-03,1.946526764357072933e-02,2.086948029106112934e-02,2.064249306518724236e-02,1.928712536935415708e-02,1.429239800465001084e-02,-4.840450310559006597e-02,-4.713425898008000159e-02,-4.442495075277894806e-02,-4.177979054855373436e-02,-3.858186739096933215e-02,1.438746884359484550e-02,1.058779573458763085e-02,5.971838378660877973e-03,1.311673266464317587e-03,-2.256044007584742314e-03,-1.997828298056242638e-02,-2.131677881297446356e-02,-2.101594931556413290e-02,-1.958252829202597120e-02,-1.448113881686064093e-02,4.726433244889344798e-01,4.843656308837029356e-01,3.983295145798576020e-01,3.153760866215066239e-01,1.977904156364952426e-01,-4.721807423264789971e-01,-4.804687270095882035e-01,-3.919648906678191991e-01,-3.112807017896507267e-01,-1.958706868479768715e-01
cx,5.593000000000000055e-02,5.747000000000000025e-02,5.541999999999999704e-02,6.004999999999999921e-02,6.085999999999999743e-02,5.535999999999999949e-02,3.967999999999999999e-02,2.239000000000000018e-02,7.450000000000000025e-03,-3.089999999999999865e-03,-4.959999999999999999e-03,-4.919999999999999894e-03,-5.020000000000000157e-03,-4.839999999999999684e-03,-4.179999999999999688e-03,5.582999999999999768e-02,5.732999999999999902e-02,5.519999999999999907e-02,5.979000000000000287e-02,6.065999999999999864e-02,5.503000000000000252e-02,3.869000000000000217e-02,2.130999999999999908e-02,6.850000000000000186e-03,-3.210000000000000180e-03,-5.060000000000000261e-03,-5.009999999999999697e-03,-5.109999999999999959e-03,-4.919999999999999894e-03,-4.250000000000000305e-03,-3.595000000000000279e-02,-9.864000000000000545e-02,-6.764000000000000568e-02,-5.476999999999999924e-02,-4.467999999999999750e-02,-3.545999999999999847e-02,-9.460000000000000353e-02,-6.847000000000000308e-02,-5.630000000000000282e-02,-4.272000000000000103e-02
cx*c/cref,8.129921497584541301e-02,7.772757140847053048e-02,6.935297945687350640e-02,6.907699400992983740e-02,6.385891893974418587e-02,5.399934069026513656e-02,3.685295918845940544e-02,1.975028970431566555e-02,6.224182060610933785e-03,-2.437474120082815891e-03,-3.635080102112605866e-03,-3.284639892259140926e-03,-3.023790930470964325e-03,-2.599545719511950001e-03,-1.972341487601090865e-03,8.115385610766044644e-02,7.753822287885184239e-02,6.907766990291262788e-02,6.877790960622323646e-02,6.364906380027739174e-02,5.367745155681521996e-02,3.593349271677152845e-02,1.879761829383505209e-02,5.722905653044952669e-03,-2.532133309212245866e-03,-3.708368007397134201e-03,-3.344724768337051842e-03,-3.078002321654706597e-03,-2.642513417355122664e-03,-2.005371129737951435e-03,-2.771638123379364937e-02,-7.131550985949466903e-02,-4.570097254886196225e-02,-3.445533444558349784e-02,-2.607096725562323136e-02,-2.733860580112163277e-02,-6.839463942323799339e-02,-4.626176212922203379e-02,-3.541784424477543991e-02,-2.492729904118676232e-02
cy,3.332999999999999852e-02,3.488999999999999740e-02,3.556000000000000133e-02,3.638999999999999874e-02,3.685000000000000081e-02,-1.494000000000000015e-02,-1.178000000000000054e-02,-7.239999999999999908e-03,-1.930000000000000075e-03,2.759999999999999867e-03,2.656000000000000028e-02,3.126000000000000306e-02,3.427000000000000185e-02,3.590999999999999748e-02,3.029000000000000095e-02,-3.330000000000000321e-02,-3.484999999999999903e-02,-3.549999999999999684e-02,-3.631999999999999812e-02,-3.676999999999999713e-02,1.474999999999999922e-02,1.140000000000000041e-02,6.769999999999999976e-03,1.569999999999999998e-03,-2.860000000000000129e-03,-2.725999999999999951e-02,-3.193000000000000005e-02,-3.488999999999999740e-02,-3.645999999999999935e-02,-3.068999999999999853e-02,6.130499999999999838e-01,6.699500000000000455e-01,5.895500000000000185e-01,5.013199999999999878e-01,3.389699999999999935e-01,-6.124500000000000499e-01,-6.645600000000000396e-01,-5.801300000000000345e-01,-4.948100000000000276e-01,-3.356799999999999784e-01
cy*c/cref,4.844811076604554206e-02,4.718835855997105533e-02,4.450003517658646796e-02,4.186031327262858953e-02,3.866580944675605119e-02,-1.457279895073267974e-02,-1.094072225907388556e-02,-6.386426862851514799e-03,-1.612439111003906387e-03,2.177161349976884219e-03,1.946526764357072933e-02,2.086948029106112934e-02,2.064249306518724236e-02,1.928712536935415708e-02,1.429239800465001084e-02,-4.840450310559006597e-02,-4.713425898008000159e-02,-4.442495075277894806e-02,-4.177979054855373436e-02,-3.858186739096933215e-02,1.438746884359484550e-02,1.058779573458763085e-02,5.971838378660877973e-03,1.311673266464317587e-03,-2.256044007584742314e-03,-1.997828298056242638e-02,-2.131677881297446356e-02,-2.101594931556413290e-02,-1.958252829202597120e-02,-1.448113881686064093e-02,4.726433244889344798e-01,4.843656308837029356e-01,3.983295145798576020e-01,3.153760866215066239e-01,1.977904156364952426e-01,-4.721807423264789971e-01,-4.804687270095882035e-01,-3.919648906678191991e-01,-3.112807017896507267e-01,-1.958706868479768715e-01
cz,5.627299999999999525e-01,5.782399999999999762e-01,5.868999999999999773e-01,5.982100000000000195e-01,6.074399999999999800e-01,5.783099999999999907e-01,4.614400000000000168e-01,3.028699999999999726e-01,1.232100000000000001e-01,-4.989999999999999991e-02,-6.672999999999999765e-02,-7.767999999999999905e-02,-8.497000000000000386e-02,-8.752000000000000057e-02,-7.356999999999999651e-02,5.620600000000000041e-01,5.770300000000000429e-01,5.852000000000000535e-01,5.959999999999999742e-01,6.046500000000000208e-01,5.742800000000000127e-01,4.529299999999999993e-01,2.919200000000000128e-01,1.148200000000000054e-01,-5.215000000000000191e-02,-6.847000000000000308e-02,-7.931000000000000549e-02,-8.647000000000000519e-02,-8.878999999999999393e-02,-7.451000000000000678e-02,-8.034400000000000430e-01,-8.595099999999999962e-01,-7.765699999999999825e-01,-6.491500000000000048e-01,-4.331099999999999950e-01,-8.028899999999999926e-01,-8.561299999999999466e-01,-7.633499999999999730e-01,-6.379000000000000226e-01,-4.284299999999999775e-01
cz*c/cref,8.179779589371979354e-01,7.820635269050634220e-01,7.344508055438301319e-01,6.881356966974210287e-01,6.373720295885344500e-01,5.640960750467346463e-01,4.285642512077295074e-01,2.671625834187622006e-01,1.029371102936742499e-01,-3.936244614632120054e-02,-4.890501919636576489e-02,-5.185992415257927729e-02,-5.118157676536212036e-02,-4.700666144043096073e-02,-3.471415388584025291e-02,8.170040545203588467e-01,7.804270146133591712e-01,7.323234135359506514e-01,6.855934792659148513e-01,6.344445503929727614e-01,5.601651259321795973e-01,4.206605545672610358e-01,2.575035538402782320e-01,9.592759519454327477e-02,-4.113730594249800920e-02,-5.018022874831656183e-02,-5.294812801932367169e-02,-5.208509995175782809e-02,-4.768877364369132621e-02,-3.515769479453523944e-02,-6.194283543387807400e-01,-6.214151853136077319e-01,-5.246895956870155642e-01,-4.083746641473530725e-01,-2.527215001809082207e-01,-6.190043206898632189e-01,-6.189714867803037812e-01,-5.157575014070634456e-01,-4.012973862121181901e-01,-2.499907005668456084e-01
Results_Name,VSPAERO_Comp_Load
Results_Timestamp,1749672324
Results_Date,6,11,2025
Results_Time,16,5,24
AoA,-4.000000000000000000e+00,-4.000000000000000000e+00,-4.000000000000000000e+00,-4.000000000000000000e+00,-4.000000000000000000e+00,-4.000000000000000000e+00,-4.000000000000000000e+00,-4.000000000000000000e+00,-4.000000000000000000e+00
Beta,0.000000000000000000e+00,0.000000000000000000e+00,0.000000000000000000e+00,0.000000000000000000e+00,0.000000000000000000e+00,0.000000000000000000e+00,0.000000000000000000e+00,0.000000000000000000e+00,0.000000000000000000e+00
CDi,0.000000000000000000e+00,4.400000000000000265e-03,4.340000000000000108e-03,-7.900000000000000121e-04,-7.600000000000000418e-04,0.000000000000000000e+00,0.000000000000000000e+00,0.000000000000000000e+00,0.000000000000000000e+00
CFx,0.000000000000000000e+00,1.789999999999999925e-02,1.765999999999999862e-02,-4.559999999999999817e-03,-4.499999999999999660e-03,0.000000000000000000e+00,0.000000000000000000e+00,0.000000000000000000e+00,0.000000000000000000e+00
CFy,0.000000000000000000e+00,4.040000000000000188e-03,-4.150000000000000043e-03,4.145999999999999686e-02,-4.109000000000000152e-02,0.000000000000000000e+00,0.000000000000000000e+00,0.000000000000000000e+00,0.000000000000000000e+00
CFz,0.000000000000000000e+00,1.929599999999999926e-01,1.904299999999999882e-01,-5.385000000000000203e-02,-5.337000000000000077e-02,0.000000000000000000e+00,0.000000000000000000e+00,0.000000000000000000e+00,0.000000000000000000e+00
CL,0.000000000000000000e+00,1.937399999999999956e-01,1.912000000000000088e-01,-5.403000000000000164e-02,-5.355000000000000038e-02,0.000000000000000000e+00,0.000000000000000000e+00,0.000000000000000000e+00,0.000000000000000000e+00
Cmx,0.000000000000000000e+00,2.600999999999999840e-02,-2.534000000000000141e-02,-1.629999999999999939e-03,1.610000000000000103e-03,4.000000000000000327e-05,-4.000000000000000327e-05,0.000000000000000000e+00,0.000000000000000000e+00
Cmy,0.000000000000000000e+00,-1.572999999999999954e-01,-1.562300000000000078e-01,1.805400000000000060e-01,1.788299999999999890e-01,-1.540000000000000049e-02,-1.540000000000000049e-02,-0.000000000000000000e+00,-0.000000000000000000e+00
Cmz,0.000000000000000000e+00,-2.119999999999999923e-03,2.060000000000000199e-03,1.174000000000000044e-02,-1.162999999999999971e-02,2.900000000000000017e-04,-2.900000000000000017e-04,0.000000000000000000e+00,0.000000000000000000e+00
Comp_ID,0,1,2,3,4,5,6,7,8
Comp_Name,NONE,main_wing,main_wing,horizontal_tail,horizontal_tail,fuselage,fuselage,fuselage,fuselage
Cs,0.000000000000000000e+00,4.040000000000000188e-03,-4.150000000000000043e-03,4.145999999999999686e-02,-4.109000000000000152e-02,0.000000000000000000e+00,0.000000000000000000e+00,0.000000000000000000e+00,0.000000000000000000e+00
Mach,1.499999999999999944e-01,1.499999999999999944e-01,1.499999999999999944e-01,1.499999999999999944e-01,1.499999999999999944e-01,1.499999999999999944e-01,1.499999999999999944e-01,1.499999999999999944e-01,1.499999999999999944e-01
Results_Name,VSPAERO_Load
Results_Timestamp,1749672324
Results_Date,6,11,2025
Results_Time,16,5,24
AnalysisMethod,0
Chord,1.735549999999999926e+00,1.614840000000000053e+00,1.494150000000000089e+00,1.373459999999999903e+00,1.252809999999999979e+00,1.164630000000000054e+00,1.108910000000000062e+00,1.053209999999999980e+00,9.975199999999999623e-01,9.418400000000000105e-01,8.750400000000000400e-01,7.971099999999999852e-01,7.191899999999999959e-01,6.412799999999999612e-01,5.633799999999999919e-01,1.735549999999999926e+00,1.614840000000000053e+00,1.494150000000000089e+00,1.373459999999999903e+00,1.252809999999999979e+00,1.164630000000000054e+00,1.108910000000000062e+00,1.053209999999999980e+00,9.975199999999999623e-01,9.418400000000000105e-01,8.750400000000000400e-01,7.971099999999999852e-01,7.191899999999999959e-01,6.412799999999999612e-01,5.633799999999999919e-01,9.205200000000000049e-01,8.632300000000000528e-01,8.067100000000000382e-01,7.511200000000000099e-01,6.966900000000000315e-01,9.205200000000000049e-01,8.632300000000000528e-01,8.067100000000000382e-01,7.511200000000000099e-01,6.966900000000000315e-01
FC_AoA_,-3.000000000000000000e+00
FC_Beta_,0.000000000000000000e+00
FC_Bref_,1.417173599999999922e+01
FC_Cref_,1.193975999999999926e+00
FC_Mach_,1.499999999999999944e-01
FC_Pitch_Rate,0.000000000000000000e+00
FC_Rho_,2.377000000000000206e-03
FC_Roll__Rate,0.000000000000000000e+00
FC_Sref_,1.619368700000000061e+01
FC_Vinf_,5.100000000000000000e+01
FC_Xcg_,1.785187999999999997e+00
FC_Yaw___Rate,0.000000000000000000e+00
FC_Ycg_,-0.000000000000000000e+00
FC_Zcg_,7.542510000000000048e-01
S,3.314000000000000279e-02,8.981999999999999706e-02,1.368900000000000117e-01,1.839600000000000124e-01,2.310300000000000131e-01,2.997400000000000064e-01,4.117600000000000149e-01,5.454599999999999449e-01,6.791599999999999859e-01,8.128699999999999815e-01,9.157600000000000184e-01,9.578200000000000047e-01,9.698700000000000099e-01,9.819200000000000150e-01,9.939700000000000202e-01,3.314000000000000279e-02,8.981999999999999706e-02,1.368900000000000117e-01,1.839600000000000124e-01,2.310300000000000131e-01,2.997400000000000064e-01,4.117600000000000149e-01,5.454599999999999449e-01,6.791599999999999859e-01,8.128699999999999815e-01,9.157600000000000184e-01,9.578200000000000047e-01,9.698700000000000099e-01,9.819200000000000150e-01,9.939700000000000202e-01,1.026500000000000051e-01,3.046400000000000219e-01,5.033100000000000351e-01,7.019900000000000029e-01,9.006600000000000161e-01,1.026500000000000051e-01,3.046400000000000219e-01,5.033100000000000351e-01,7.019900000000000029e-01,9.006600000000000161e-01
V/Vref,9.600600000000000245e-01,9.622600000000000042e-01,9.641899999999999915e-01,9.651999999999999469e-01,9.685599999999999765e-01,9.727299999999999836e-01,9.815099999999999936e-01,9.892999999999999572e-01,9.953300000000000480e-01,9.986000000000000432e-01,1.001670000000000060e+00,1.001339999999999897e+00,1.001409999999999911e+00,1.001020000000000021e+00,1.000920000000000032e+00,9.602199999999999624e-01,9.623899999999999677e-01,9.642600000000000060e-01,9.652800000000000269e-01,9.686200000000000365e-01,9.727700000000000236e-01,9.815800000000000081e-01,9.893199999999999772e-01,9.952499999999999680e-01,9.985600000000000032e-01,1.001609999999999889e+00,1.001319999999999988e+00,1.001330000000000053e+00,1.000969999999999915e+00,1.000869999999999926e+00,9.468299999999999494e-01,9.469300000000000495e-01,9.684599999999999875e-01,9.843899999999999872e-01,9.899799999999999711e-01,9.461399999999999810e-01,9.463500000000000245e-01,9.682899999999999840e-01,9.842899999999999983e-01,9.900900000000000256e-01
WingId,1,1,1,1,1,1,1,1,1,1,1,1,1,1,1,2,2,2,2,2,2,2,2,2,2,2,2,2,2,2,3,3,3,3,3,4,4,4,4,4
Xavg,2.392879999999999896e+00,2.382319999999999993e+00,2.371750000000000025e+00,2.361190000000000122e+00,2.350620000000000154e+00,2.337899999999999867e+00,2.323770000000000113e+00,2.309619999999999784e+00,2.295469999999999899e+00,2.281299999999999883e+00,2.284749999999999837e+00,2.305000000000000160e+00,2.325239999999999974e+00,2.345470000000000166e+00,2.365699999999999914e+00,2.392879999999999896e+00,2.382319999999999993e+00,2.371750000000000025e+00,2.361190000000000122e+00,2.350620000000000154e+00,2.337899999999999867e+00,2.323770000000000113e+00,2.309619999999999784e+00,2.295469999999999899e+00,2.281299999999999883e+00,2.284749999999999837e+00,2.305000000000000160e+00,2.325239999999999974e+00,2.345470000000000166e+00,2.365699999999999914e+00,5.819969999999999644e+00,5.917910000000000004e+00,6.015850000000000364e+00,6.113780000000000214e+00,6.211730000000000196e+00,5.819969999999999644e+00,5.917910000000000004e+00,6.015850000000000364e+00,6.113780000000000214e+00,6.211730000000000196e+00
Yavg,1.718899999999999872e-01,5.195499999999999563e-01,8.671900000000000164e-01,1.214800000000000102e+00,1.562359999999999971e+00,2.228590000000000071e+00,3.216559999999999864e+00,4.204550000000000232e+00,5.192569999999999908e+00,6.180620000000000225e+00,6.716649999999999565e+00,6.791660000000000252e+00,6.866660000000000430e+00,6.941650000000000098e+00,7.016610000000000014e+00,-1.718899999999999872e-01,-5.195499999999999563e-01,-8.671900000000000164e-01,-1.214800000000000102e+00,-1.562359999999999971e+00,-2.228590000000000071e+00,-3.216559999999999864e+00,-4.204550000000000232e+00,-5.192569999999999908e+00,-6.180620000000000225e+00,-6.716649999999999565e+00,-6.791660000000000252e+00,-6.866660000000000430e+00,-6.941650000000000098e+00,-7.016610000000000014e+00,1.247400000000000037e-01,3.766700000000000048e-01,6.286100000000000021e-01,8.805399999999999894e-01,1.132460000000000022e+00,-1.247400000000000037e-01,-3.766700000000000048e-01,-6.286100000000000021e-01,-8.805399999999999894e-01,-1.132460000000000022e+00
Zavg,1.119259999999999922e+00,1.109900000000000109e+00,1.100540000000000074e+00,1.091180000000000039e+00,1.081830000000000069e+00,1.094910000000000050e+00,1.130849999999999911e+00,1.166740000000000110e+00,1.202599999999999891e+00,1.238469999999999960e+00,1.270329999999999959e+00,1.298289999999999944e+00,1.326240000000000085e+00,1.354190000000000005e+00,1.382130000000000081e+00,1.119259999999999922e+00,1.109900000000000109e+00,1.100540000000000074e+00,1.091180000000000039e+00,1.081830000000000069e+00,1.094910000000000050e+00,1.130849999999999911e+00,1.166740000000000110e+00,1.202599999999999891e+00,1.238469999999999960e+00,1.270329999999999959e+00,1.298289999999999944e+00,1.326240000000000085e+00,1.354190000000000005e+00,1.382130000000000081e+00,3.569700000000000095e-01,5.334799999999999542e-01,7.099999999999999645e-01,8.865300000000000402e-01,1.063090000000000090e+00,3.569700000000000095e-01,5.334799999999999542e-01,7.099999999999999645e-01,8.865300000000000402e-01,1.063090000000000090e+00
cd,1.966000000000000039e-02,2.077000000000000027e-02,1.851999999999999827e-02,2.246000000000000080e-02,2.232999999999999916e-02,1.802000000000000129e-02,9.730000000000000801e-03,2.380000000000000171e-03,-1.129999999999999928e-03,-8.800000000000000313e-04,-9.799999999999999684e-04,-4.299999999999999894e-04,-2.000000000000000164e-05,2.599999999999999772e-04,3.200000000000000262e-04,1.940000000000000058e-02,2.058000000000000107e-02,1.838000000000000050e-02,2.225999999999999854e-02,2.219000000000000139e-02,1.788999999999999965e-02,9.320000000000000159e-03,2.030000000000000120e-03,-1.180000000000000059e-03,-8.300000000000000086e-04,-9.600000000000000243e-04,-4.099999999999999912e-04,-0.000000000000000000e+00,2.799999999999999755e-04,3.299999999999999982e-04,1.238000000000000038e-02,-3.933999999999999997e-02,-2.018000000000000002e-02,-1.472000000000000045e-02,-1.623000000000000137e-02,1.311999999999999972e-02,-3.710000000000000103e-02,-2.040000000000000147e-02,-1.552000000000000081e-02,-1.519000000000000038e-02
cd*c/cref,2.857755348516217986e-02,2.809120685842931772e-02,2.317605881525256969e-02,2.583629118173229669e-02,2.343032632146710079e-02,1.757709752959858707e-02,9.036776534871724872e-03,2.099405515688757690e-03,-9.440705675825978704e-04,-6.941673869491515230e-04,-7.182214717883776862e-04,-2.870721857055752988e-04,-1.204697581860942175e-05,1.396450179903113438e-04,1.509926497685045658e-04,2.819962042788129800e-02,2.783423385394681593e-02,2.300086182636837395e-02,2.560622625580413411e-02,2.328342772384034767e-02,1.745029271945164676e-02,8.655987390031290654e-03,1.790669410440411200e-03,-9.858436015464297746e-04,-6.547260581452223668e-04,-7.035638907314721276e-04,-2.737199910215950410e-04,-0.000000000000000000e+00,1.503869424511045366e-04,1.557111700737703343e-04,9.544611951999036614e-03,-2.844233736691524975e-02,-1.363461895381481818e-02,-9.260224996147327012e-03,-9.470273020563229477e-03,1.011512995236085212e-02,-2.682284484780263906e-02,-1.378326197511508047e-02,-9.763498093764030189e-03,-8.863428661882652437e-03
cl,6.383999999999999675e-01,6.592299999999999827e-01,6.734999999999999876e-01,6.910399999999999876e-01,7.063599999999999879e-01,6.803599999999999648e-01,5.626299999999999635e-01,4.010099999999999776e-01,2.172399999999999887e-01,3.361999999999999711e-02,3.000000000000000062e-03,-1.026999999999999962e-02,-2.060000000000000026e-02,-2.818999999999999978e-02,-2.766000000000000056e-02,6.368599999999999817e-01,6.570300000000000029e-01,6.707400000000000029e-01,6.876799999999999580e-01,7.025000000000000133e-01,6.756199999999999983e-01,5.543400000000000549e-01,3.909199999999999897e-01,2.095299999999999940e-01,3.141000000000000042e-02,1.340000000000000045e-03,-1.178000000000000054e-02,-2.199999999999999872e-02,-2.940999999999999864e-02,-2.857000000000000164e-02,-7.667199999999999571e-01,-8.029600000000000071e-01,-7.278099999999999570e-01,-6.097399999999999487e-01,-4.029699999999999949e-01,-7.672700000000000076e-01,-7.966299999999999493e-01,-7.238799999999999679e-01,-6.066399999999999570e-01,-4.023700000000000054e-01
cl*c/cref,9.279710144927535431e-01,8.916016512894732182e-01,8.428226572393415772e-01,7.949203320669762096e-01,7.411663815688088741e-01,6.636378510120806151e-01,5.225448696623717915e-01,3.537321873303986286e-01,1.814954779660562512e-01,2.652034948776189893e-02,2.198637158535850494e-03,-6.856351970223857097e-03,-1.240838509316770193e-02,-1.514074252748798949e-02,-1.305142716436511266e-02,9.257324879227052383e-01,8.886261743954653181e-01,8.393687737441959396e-01,7.910552413113830506e-01,7.371161773770997794e-01,6.590143525498000088e-01,5.148454989045007091e-01,3.448317664676677219e-01,1.750540761288333913e-01,2.477704275462823749e-02,9.820579308126799103e-04,-7.864442668864365937e-03,-1.325167340047036200e-02,-1.579599991959637281e-02,-1.348081251214429920e-02,-5.911183259965024916e-01,-5.805302290833317391e-01,-4.917448969661031843e-01,-3.835821731760102327e-01,-2.351346838629922720e-01,-5.915423596454201238e-01,-5.759537167413750769e-01,-4.890895920856030976e-01,-3.816319899227454959e-01,-2.347845813483688537e-01
cmx,5.639999999999999875e-02,2.043000000000000094e-01,3.822900000000000187e-01,6.013199999999999656e-01,8.697799999999999976e-01,1.306859999999999911e+00,1.636319999999999997e+00,1.604710000000000081e+00,1.133510000000000018e+00,2.209899999999999920e-01,2.429999999999999868e-02,-8.977999999999999869e-02,-2.027100000000000013e-01,-3.151999999999999802e-01,-3.562000000000000166e-01,-5.625999999999999751e-02,-2.036100000000000132e-01,-3.807099999999999929e-01,-5.984000000000000430e-01,-8.649999999999999911e-01,-1.297749999999999959e+00,-1.612219999999999986e+00,-1.564329999999999998e+00,-1.093199999999999950e+00,-2.064799999999999969e-01,-1.112999999999999927e-02,1.030699999999999950e-01,2.164699999999999958e-01,3.288099999999999912e-01,3.679399999999999893e-01,1.718699999999999950e-01,-1.693000000000000060e-01,-5.197100000000000053e-01,-7.884200000000000097e-01,-7.842000000000000082e-01,-1.718699999999999950e-01,1.676300000000000012e-01,5.169300000000000006e-01,7.842700000000000227e-01,7.832599999999999563e-01
cmx*c/cref,8.198240165631469345e-02,2.763136042935536718e-01,4.784004062895737541e-01,6.917132062956038441e-01,9.126390160271229401e-01,1.274739493758668463e+00,1.519738764598283609e+00,1.415519758437355780e+00,9.470030345668589700e-01,1.743227850476056495e-01,1.780896098414038592e-02,-5.993800193638732648e-02,-1.221021234095157754e-01,-1.692927295021005307e-01,-1.680736932735666378e-01,-8.177889924085575413e-02,-2.753803865404330087e-01,-4.764231831293092023e-01,-6.883542583770527745e-01,-9.076234781938666840e-01,-1.265853402832217700e+00,-1.497355792913760641e+00,-1.379900432923274911e+00,-9.133256145852177710e-01,-1.628769114287054454e-01,-8.156943858168003506e-03,6.881053530389219519e-02,1.303904427727190507e-01,1.766026090976703100e-01,1.736132361119486489e-01,1.325066604353856425e-01,-1.224018229847166211e-01,-3.511421118179930412e-01,-4.959882195287007578e-01,-4.575839866127963118e-01,-1.325066604353856425e-01,1.211944334726996336e-01,3.492638045488351550e-01,4.933774903348141505e-01,4.570354926732196343e-01
cmy,-3.671599999999999864e-01,-3.881399999999999850e-01,-4.094300000000000161e-01,-4.292400000000000104e-01,-4.544400000000000106e-01,-4.427499999999999769e-01,-3.696800000000000086e-01,-2.785599999999999743e-01,-1.699499999999999900e-01,-4.814000000000000223e-02,-2.215999999999999914e-02,-1.237000000000000079e-02,-3.020000000000000115e-03,5.980000000000000072e-03,1.183000000000000024e-02,-3.668899999999999939e-01,-3.875299999999999856e-01,-4.085300000000000042e-01,-4.280599999999999961e-01,-4.529500000000000193e-01,-4.408599999999999741e-01,-3.656800000000000050e-01,-2.733200000000000074e-01,-1.657500000000000084e-01,-4.742999999999999994e-02,-2.157999999999999849e-02,-1.176999999999999921e-02,-2.330000000000000040e-03,6.709999999999999819e-03,1.250000000000000069e-02,3.188769999999999882e+00,3.659899999999999931e+00,3.637849999999999806e+00,3.344209999999999905e+00,2.426559999999999828e+00,3.190519999999999801e+00,3.629519999999999857e+00,3.618440000000000101e+00,3.328359999999999985e+00,2.420510000000000161e+00
cmy*c/cref,-5.336996204278812161e-01,-5.249552734728336612e-01,-5.123635939918390614e-01,-4.937653440270156069e-01,-4.768328478964402040e-01,-4.318679207119741070e-01,-3.433417830844171514e-01,-2.457186556513698827e-01,-1.419865424430641621e-01,-3.797411137242290291e-02,-1.624059981105148084e-02,-8.258332412041782811e-03,-1.819093348610022502e-03,3.211835413777161530e-03,5.582009521129403275e-03,-5.333071514837819382e-01,-5.241302548794950500e-01,-5.112373276347264017e-01,-4.924079609640394373e-01,-4.752694271074126009e-01,-4.300243738567609553e-01,-3.396267670371934111e-01,-2.410964351042232390e-01,-1.384776075901023307e-01,-3.741404450340710813e-02,-1.581552996040121520e-02,-7.857766571522374968e-03,-1.403472682867997401e-03,3.603915656596112620e-03,5.898150381582209847e-03,2.458446870288850228e+00,2.646062799419754086e+00,2.457913704714332681e+00,2.103813657225940936e+00,1.415907929807634469e+00,2.459796068262678936e+00,2.624098432129289282e+00,2.444799336335068851e+00,2.093842558979409851e+00,1.412377729451848696e+00
cmz,1.384999999999999946e-02,2.690000000000000117e-03,-9.679999999999999369e-03,-2.884000000000000105e-02,-4.943000000000000171e-02,-1.169199999999999962e-01,-1.256400000000000017e-01,-1.024700000000000055e-01,-5.900999999999999995e-02,-7.609999999999999577e-03,-2.599999999999999881e-03,3.360000000000000139e-03,9.509999999999999357e-03,1.595999999999999849e-02,1.914000000000000076e-02,-1.384999999999999946e-02,-2.739999999999999814e-03,9.570000000000000381e-03,2.858000000000000124e-02,4.907000000000000250e-02,1.160800000000000026e-01,1.229599999999999999e-01,9.872000000000000219e-02,5.646000000000000324e-02,7.119999999999999593e-03,1.830000000000000029e-03,-4.129999999999999991e-03,-1.030999999999999972e-02,-1.675000000000000100e-02,-1.985999999999999918e-02,2.388889999999999958e+00,2.831199999999999939e+00,2.783230000000000093e+00,2.607549999999999812e+00,1.949140000000000095e+00,-2.389489999999999892e+00,-2.809689999999999799e+00,-2.776600000000000179e+00,-2.598500000000000032e+00,-1.941980000000000040e+00
cmz*c/cref,2.013220324361628469e-02,3.638196747673320616e-03,-1.211362037427888075e-02,-3.317536231884057885e-02,-5.186569771921714644e-02,-1.140462954029226733e-01,-1.166886540432973685e-01,-9.038911058513740548e-02,-4.930053468411425138e-02,-6.002970243958002938e-03,-1.905485537397736935e-03,2.243168706908681576e-03,5.728337001748779085e-03,8.572055719712957933e-03,9.031247864278679066e-03,-2.013220324361628469e-02,-3.705821222537136490e-03,1.197596559729843975e-02,3.287627791513397096e-02,5.148795846817692118e-02,1.132269412450501583e-01,1.141995932916574641e-01,8.708122374319082759e-02,4.717010995195883294e-02,5.616445221679497966e-03,1.341168666706868753e-03,-2.757228202241921149e-03,-6.210216034493155901e-03,-8.996361735914290905e-03,-9.370981326257814617e-03,1.841763170113972281e+00,2.046922866121262174e+00,1.880489618970565768e+00,1.640387207113040757e+00,1.137331358921787716e+00,-1.842225752276427819e+00,-2.031371400011390715e+00,-1.876010058828653460e+00,-1.634693930196251976e+00,-1.133153468913948192e+00
cs,3.466999999999999943e-02,3.618999999999999995e-02,3.688000000000000306e-02,3.781000000000000333e-02,3.837999999999999745e-02,-1.907999999999999974e-02,-1.587999999999999828e-02,-1.125999999999999918e-02,-5.819999999999999653e-03,-7.200000000000000453e-04,-1.699999999999999905e-03,3.680000000000000111e-03,7.769999999999999997e-03,1.086999999999999945e-02,1.069999999999999944e-02,-3.459999999999999881e-02,-3.611000000000000321e-02,-3.676999999999999713e-02,-3.767000000000000209e-02,-3.824999999999999928e-02,1.887000000000000136e-02,1.550999999999999948e-02,1.082999999999999935e-02,5.490000000000000088e-03,6.199999999999999999e-04,1.030000000000000100e-03,-4.279999999999999950e-03,-8.330000000000000598e-03,-1.136000000000000031e-02,-1.106999999999999998e-02,5.821199999999999708e-01,6.231100000000000527e-01,5.531399999999999650e-01,4.673399999999999777e-01,3.124299999999999855e-01,-5.823700000000000543e-01,-6.186899999999999622e-01,-5.516699999999999937e-01,-4.652899999999999814e-01,-3.118799999999999906e-01
cs*c/cref,5.039591959972394841e-02,4.894659490643028105e-02,4.615189250035177382e-02,4.349377424671852649e-02,4.027120126367699643e-02,-1.861104444310438671e-02,-1.474861370747820692e-02,-9.932481557418239987e-03,-4.862381153390017523e-03,-5.679551347765785484e-04,-1.245894389836981701e-03,2.456803821852365701e-03,4.680250105529759792e-03,5.838235944441093686e-03,5.048816726634370970e-03,-5.029416839199447875e-02,-4.883839574664818051e-02,-4.601423772337132762e-02,-4.333272879856881615e-02,-4.013479542302358233e-02,1.840620590363625797e-02,1.440497472311001378e-02,9.553177199541700373e-03,4.586679129228728169e-03,4.890724771687203444e-04,7.548654244306419623e-04,-2.857369662371773110e-03,-5.017565428450824171e-03,-6.101413093730527655e-03,-5.223401977929204541e-03,4.487972140143520750e-01,4.505008855286874447e-01,3.737290945546644094e-01,2.939995618002371747e-01,1.823042144063197478e-01,-4.489899565820419380e-01,-4.473052797543669579e-01,-3.727358889123399965e-01,-2.927099244875944195e-01,-1.819832871012482811e-01
cx,5.304999999999999993e-02,5.523999999999999744e-02,5.374999999999999917e-02,5.859999999999999931e-02,5.927000000000000324e-02,5.360999999999999793e-02,3.917000000000000343e-02,2.335999999999999882e-02,1.024000000000000084e-02,8.800000000000000313e-04,-8.199999999999999824e-04,-9.600000000000000243e-04,-1.100000000000000066e-03,-1.219999999999999947e-03,-1.129999999999999928e-03,5.269999999999999685e-02,5.494000000000000272e-02,5.346000000000000058e-02,5.822000000000000092e-02,5.892000000000000015e-02,5.322000000000000342e-02,3.831999999999999990e-02,2.248999999999999957e-02,9.790000000000000091e-03,8.099999999999999561e-04,-8.899999999999999491e-04,-1.020000000000000073e-03,-1.149999999999999981e-03,-1.260000000000000052e-03,-1.160000000000000007e-03,-2.775999999999999995e-02,-8.130999999999999339e-02,-5.825000000000000316e-02,-4.660999999999999865e-02,-3.729999999999999982e-02,-2.705000000000000113e-02,-7.874000000000000443e-02,-5.825000000000000316e-02,-4.723999999999999727e-02,-3.622000000000000219e-02
cx*c/cref,7.711287957211869493e-02,7.471151982954431225e-02,6.726312966089771639e-02,6.740902329695068473e-02,6.219057058098321350e-02,5.229235286136404981e-02,3.637929464243837979e-02,2.060592976743251190e-02,8.555117355792746930e-03,6.941673869491515230e-04,-6.009608233331323497e-04,-6.409053448310519409e-04,-6.625836700235181219e-04,-6.552573921083840831e-04,-5.331927944950316540e-04,7.660412353347134662e-02,7.430577298036142309e-02,6.690022161249473132e-02,6.697189993768719318e-02,6.182332408691632725e-02,5.191193843092323928e-02,3.558985373240333705e-02,1.983850002010090902e-02,8.179160050118259792e-03,6.389495266236507043e-04,-6.522623570323021844e-04,-6.809619288829926601e-04,-6.927011095700416187e-04,-6.767412410299705229e-04,-5.473483554108290409e-04,-2.140213471627570516e-02,-5.878613246832432165e-02,-3.935661813972810702e-02,-2.932194884989313202e-02,-2.176470632575529598e-02,-2.085474582403666621e-02,-5.692805399773530339e-02,-3.935661813972810702e-02,-2.971827641426628280e-02,-2.113452179943315842e-02
cy,3.466999999999999943e-02,3.618999999999999995e-02,3.688000000000000306e-02,3.781000000000000333e-02,3.837999999999999745e-02,-1.907999999999999974e-02,-1.587999999999999828e-02,-1.125999999999999918e-02,-5.819999999999999653e-03,-7.200000000000000453e-04,-1.699999999999999905e-03,3.680000000000000111e-03,7.769999999999999997e-03,1.086999999999999945e-02,1.069999999999999944e-02,-3.459999999999999881e-02,-3.611000000000000321e-02,-3.676999999999999713e-02,-3.767000000000000209e-02,-3.824999999999999928e-02,1.887000000000000136e-02,1.550999999999999948e-02,1.082999999999999935e-02,5.490000000000000088e-03,6.199999999999999999e-04,1.030000000000000100e-03,-4.279999999999999950e-03,-8.330000000000000598e-03,-1.136000000000000031e-02,-1.106999999999999998e-02,5.821199999999999708e-01,6.231100000000000527e-01,5.531399999999999650e-01,4.673399999999999777e-01,3.124299999999999855e-01,-5.823700000000000543e-01,-6.186899999999999622e-01,-5.516699999999999937e-01,-4.652899999999999814e-01,-3.118799999999999906e-01
cy*c/cref,5.039591959972394841e-02,4.894659490643028105e-02,4.615189250035177382e-02,4.349377424671852649e-02,4.027120126367699643e-02,-1.861104444310438671e-02,-1.474861370747820692e-02,-9.932481557418239987e-03,-4.862381153390017523e-03,-5.679551347765785484e-04,-1.245894389836981701e-03,2.456803821852365701e-03,4.680250105529759792e-03,5.838235944441093686e-03,5.048816726634370970e-03,-5.029416839199447875e-02,-4.883839574664818051e-02,-4.601423772337132762e-02,-4.333272879856881615e-02,-4.013479542302358233e-02,1.840620590363625797e-02,1.440497472311001378e-02,9.553177199541700373e-03,4.586679129228728169e-03,4.890724771687203444e-04,7.548654244306419623e-04,-2.857369662371773110e-03,-5.017565428450824171e-03,-6.101413093730527655e-03,-5.223401977929204541e-03,4.487972140143520750e-01,4.505008855286874447e-01,3.737290945546644094e-01,2.939995618002371747e-01,1.823042144063197478e-01,-4.489899565820419380e-01,-4.473052797543669579e-01,-3.727358889123399965e-01,-2.927099244875944195e-01,-1.819832871012482811e-01
cz,6.364999999999999547e-01,6.572400000000000464e-01,6.716100000000000403e-01,6.889100000000000223e-01,7.042300000000000226e-01,6.784799999999999720e-01,5.613500000000000156e-01,4.003399999999999737e-01,2.170100000000000084e-01,3.361999999999999711e-02,3.050000000000000194e-03,-1.022999999999999951e-02,-2.057000000000000148e-02,-2.817000000000000060e-02,-2.764000000000000137e-02,6.349700000000000344e-01,6.550599999999999756e-01,6.688499999999999446e-01,6.855799999999999672e-01,7.003800000000000026e-01,6.737600000000000255e-01,5.530899999999999705e-01,3.902800000000000158e-01,2.093000000000000138e-01,3.141000000000000042e-02,1.389999999999999960e-03,-1.174000000000000044e-02,-2.196999999999999995e-02,-2.937999999999999987e-02,-2.854999999999999899e-02,-7.663200000000000012e-01,-7.997999999999999554e-01,-7.257500000000000062e-01,-6.081400000000000139e-01,-4.015599999999999725e-01,-7.669099999999999806e-01,-7.935999999999999721e-01,-7.218200000000000172e-01,-6.049900000000000277e-01,-4.010199999999999876e-01
cz*c/cref,9.252091959972393864e-01,8.889101971898933918e-01,8.404574978894049364e-01,7.924701406058413111e-01,7.389314243334875743e-01,6.618040583730326887e-01,5.213560645272602434e-01,3.531411782146374745e-01,1.813033220098226594e-01,2.652034948776189893e-02,2.235281111178114444e-03,-6.829647580855895822e-03,-1.239031462943978971e-02,-1.513000060302719697e-02,-1.304199012375458280e-02,9.229852053140096269e-01,8.859617700858308798e-01,8.370036143942591877e-01,7.886395595891373400e-01,7.348917128987517700e-01,6.572000683430823109e-01,5.136845563897431965e-01,3.442672204466422081e-01,1.748619201725997996e-01,2.477704275462823749e-02,1.018701883454943861e-03,-7.837738279496405530e-03,-1.323360293674244806e-02,-1.577988703290518491e-02,-1.347137547153376587e-02,-5.908099378881987995e-01,-5.782455878510120995e-01,-4.903530577666553314e-01,-3.825756269807768506e-01,-2.343119429536272280e-01,-5.912648103479467565e-01,-5.737630639141825251e-01,-4.876977528861551892e-01,-3.805939891589111279e-01,-2.339968506904661627e-01
Results_Name,VSPAERO_Comp_Load
Results_Timestamp,1749672324
Results_Date,6,11,2025
Results_Time,16,5,24
AoA,-3.000000000000000000e+00,-3.000000000000000000e+00,-3.000000000000000000e+00,-3.000000000000000000e+00,-3.000000000000000000e+00,-3.000000000000000000e+00,-3.000000000000000000e+00,-3.000000000000000000e+00,-3.000000000000000000e+00
Beta,0.000000000000000000e+00,0.000000000000000000e+00,0.000000000000000000e+00,0.000000000000000000e+00,0.000000000000000000e+00,0.000000000000000000e+00,0.000000000000000000e+00,0.000000000000000000e+00,0.000000000000000000e+00
CDi,0.000000000000000000e+00,5.409999999999999878e-03,5.309999999999999616e-03,-1.139999999999999954e-03,-1.100000000000000066e-03,0.000000000000000000e+00,0.000000000000000000e+00,0.000000000000000000e+00,0.000000000000000000e+00
CFx,0.000000000000000000e+00,1.794000000000000108e-02,1.771000000000000005e-02,-3.789999999999999966e-03,-3.729999999999999809e-03,0.000000000000000000e+00,0.000000000000000000e+00,0.000000000000000000e+00,0.000000000000000000e+00
CFy,0.000000000000000000e+00,2.530000000000000131e-03,-2.619999999999999933e-03,3.882000000000000034e-02,-3.869000000000000217e-02,0.000000000000000000e+00,0.000000000000000000e+00,0.000000000000000000e+00,0.000000000000000000e+00
CFz,0.000000000000000000e+00,2.389199999999999935e-01,2.363000000000000100e-01,-5.050999999999999934e-02,-5.031000000000000055e-02,0.000000000000000000e+00,0.000000000000000000e+00,0.000000000000000000e+00,0.000000000000000000e+00
CL,0.000000000000000000e+00,2.395299999999999929e-01,2.368999999999999995e-01,-5.063999999999999752e-02,-5.043999999999999873e-02,0.000000000000000000e+00,0.000000000000000000e+00,0.000000000000000000e+00,0.000000000000000000e+00
Cmx,0.000000000000000000e+00,3.622000000000000219e-02,-3.558000000000000052e-02,-1.520000000000000084e-03,1.510000000000000057e-03,3.000000000000000076e-05,-3.000000000000000076e-05,-0.000000000000000000e+00,0.000000000000000000e+00
Cmy,0.000000000000000000e+00,-1.659400000000000042e-01,-1.648300000000000043e-01,1.691000000000000003e-01,1.683900000000000119e-01,-1.308999999999999921e-02,-1.315999999999999982e-02,-0.000000000000000000e+00,-1.000000000000000082e-05
Cmz,0.000000000000000000e+00,-2.309999999999999987e-03,2.249999999999999830e-03,1.097000000000000058e-02,-1.093000000000000048e-02,2.599999999999999772e-04,-2.599999999999999772e-04,1.000000000000000082e-05,1.000000000000000082e-05
Comp_ID,0,1,2,3,4,5,6,7,8
Comp_Name,NONE,main_wing,main_wing,horizontal_tail,horizontal_tail,fuselage,fuselage,fuselage,fuselage
Cs,0.000000000000000000e+00,2.530000000000000131e-03,-2.619999999999999933e-03,3.882000000000000034e-02,-3.869000000000000217e-02,0.000000000000000000e+00,0.000000000000000000e+00,0.000000000000000000e+00,0.000000000000000000e+00
Mach,1.499999999999999944e-01,1.499999999999999944e-01,1.499999999999999944e-01,1.499999999999999944e-01,1.499999999999999944e-01,1.499999999999999944e-01,1.499999999999999944e-01,1.499999999999999944e-01,1.499999999999999944e-01
Results_Name,VSPAERO_Load
Results_Timestamp,1749672324
Results_Date,6,11,2025
Results_Time,16,5,24
AnalysisMethod,0
Chord,1.735549999999999926e+00,1.614840000000000053e+00,1.494150000000000089e+00,1.373459999999999903e+00,1.252809999999999979e+00,1.164630000000000054e+00,1.108910000000000062e+00,1.053209999999999980e+00,9.975199999999999623e-01,9.418400000000000105e-01,8.750400000000000400e-01,7.971099999999999852e-01,7.191899999999999959e-01,6.412799999999999612e-01,5.633799999999999919e-01,1.735549999999999926e+00,1.614840000000000053e+00,1.494150000000000089e+00,1.373459999999999903e+00,1.252809999999999979e+00,1.164630000000000054e+00,1.108910000000000062e+00,1.053209999999999980e+00,9.975199999999999623e-01,9.418400000000000105e-01,8.750400000000000400e-01,7.971099999999999852e-01,7.191899999999999959e-01,6.412799999999999612e-01,5.633799999999999919e-01,9.205200000000000049e-01,8.632300000000000528e-01,8.067100000000000382e-01,7.511200000000000099e-01,6.966900000000000315e-01,9.205200000000000049e-01,8.632300000000000528e-01,8.067100000000000382e-01,7.511200000000000099e-01,6.966900000000000315e-01
FC_AoA_,-2.000000000000000000e+00
FC_Beta_,0.000000000000000000e+00
FC_Bref_,1.417173599999999922e+01
FC_Cref_,1.193975999999999926e+00
FC_Mach_,1.499999999999999944e-01
FC_Pitch_Rate,0.000000000000000000e+00
FC_Rho_,2.377000000000000206e-03
FC_Roll__Rate,0.000000000000000000e+00
FC_Sref_,1.619368700000000061e+01
FC_Vinf_,5.100000000000000000e+01
FC_Xcg_,1.785187999999999997e+00
FC_Yaw___Rate,0.000000000000000000e+00
FC_Ycg_,-0.000000000000000000e+00
FC_Zcg_,7.542510000000000048e-01
S,3.314000000000000279e-02,8.981999999999999706e-02,1.368900000000000117e-01,1.839600000000000124e-01,2.310300000000000131e-01,2.997400000000000064e-01,4.117600000000000149e-01,5.454599999999999449e-01,6.791599999999999859e-01,8.128699999999999815e-01,9.157600000000000184e-01,9.578200000000000047e-01,9.698700000000000099e-01,9.819200000000000150e-01,9.939700000000000202e-01,3.314000000000000279e-02,8.981999999999999706e-02,1.368900000000000117e-01,1.839600000000000124e-01,2.310300000000000131e-01,2.997400000000000064e-01,4.117600000000000149e-01,5.454599999999999449e-01,6.791599999999999859e-01,8.128699999999999815e-01,9.157600000000000184e-01,9.578200000000000047e-01,9.698700000000000099e-01,9.819200000000000150e-01,9.939700000000000202e-01,1.026500000000000051e-01,3.046400000000000219e-01,5.033100000000000351e-01,7.019900000000000029e-01,9.006600000000000161e-01,1.026500000000000051e-01,3.046400000000000219e-01,5.033100000000000351e-01,7.019900000000000029e-01,9.006600000000000161e-01
V/Vref,9.623399999999999732e-01,9.647599999999999509e-01,9.672300000000000342e-01,9.683399999999999785e-01,9.721100000000000296e-01,9.762600000000000167e-01,9.844600000000000017e-01,9.917000000000000259e-01,9.969400000000000484e-01,9.997300000000000075e-01,1.003589999999999982e+00,1.003069999999999906e+00,1.003079999999999972e+00,1.002590000000000092e+00,1.002539999999999987e+00,9.624000000000000332e-01,9.647999999999999909e-01,9.672600000000000087e-01,9.683800000000000185e-01,9.721300000000000496e-01,9.762800000000000367e-01,9.845000000000000417e-01,9.916899999999999604e-01,9.968099999999999739e-01,9.997599999999999820e-01,1.003549999999999942e+00,1.003049999999999997e+00,1.003060000000000063e+00,1.002580000000000027e+00,1.002610000000000001e+00,9.489300000000000512e-01,9.496599999999999486e-01,9.693800000000000194e-01,9.853600000000000136e-01,9.906899999999999595e-01,9.486599999999999477e-01,9.496599999999999486e-01,9.693899999999999739e-01,9.853100000000000191e-01,9.908500000000000085e-01
WingId,1,1,1,1,1,1,1,1,1,1,1,1,1,1,1,2,2,2,2,2,2,2,2,2,2,2,2,2,2,2,3,3,3,3,3,4,4,4,4,4
Xavg,2.392879999999999896e+00,2.382319999999999993e+00,2.371750000000000025e+00,2.361190000000000122e+00,2.350620000000000154e+00,2.337899999999999867e+00,2.323770000000000113e+00,2.309619999999999784e+00,2.295469999999999899e+00,2.281299999999999883e+00,2.284749999999999837e+00,2.305000000000000160e+00,2.325239999999999974e+00,2.345470000000000166e+00,2.365699999999999914e+00,2.392879999999999896e+00,2.382319999999999993e+00,2.371750000000000025e+00,2.361190000000000122e+00,2.350620000000000154e+00,2.337899999999999867e+00,2.323770000000000113e+00,2.309619999999999784e+00,2.295469999999999899e+00,2.281299999999999883e+00,2.284749999999999837e+00,2.305000000000000160e+00,2.325239999999999974e+00,2.345470000000000166e+00,2.365699999999999914e+00,5.819969999999999644e+00,5.917910000000000004e+00,6.015850000000000364e+00,6.113780000000000214e+00,6.211730000000000196e+00,5.819969999999999644e+00,5.917910000000000004e+00,6.015850000000000364e+00,6.113780000000000214e+00,6.211730000000000196e+00
Yavg,1.718899999999999872e-01,5.195499999999999563e-01,8.671900000000000164e-01,1.214800000000000102e+00,1.562359999999999971e+00,2.228590000000000071e+00,3.216559999999999864e+00,4.204550000000000232e+00,5.192569999999999908e+00,6.180620000000000225e+00,6.716649999999999565e+00,6.791660000000000252e+00,6.866660000000000430e+00,6.941650000000000098e+00,7.016610000000000014e+00,-1.718899999999999872e-01,-5.195499999999999563e-01,-8.671900000000000164e-01,-1.214800000000000102e+00,-1.562359999999999971e+00,-2.228590000000000071e+00,-3.216559999999999864e+00,-4.204550000000000232e+00,-5.192569999999999908e+00,-6.180620000000000225e+00,-6.716649999999999565e+00,-6.791660000000000252e+00,-6.866660000000000430e+00,-6.941650000000000098e+00,-7.016610000000000014e+00,1.247400000000000037e-01,3.766700000000000048e-01,6.286100000000000021e-01,8.805399999999999894e-01,1.132460000000000022e+00,-1.247400000000000037e-01,-3.766700000000000048e-01,-6.286100000000000021e-01,-8.805399999999999894e-01,-1.132460000000000022e+00
Zavg,1.119259999999999922e+00,1.109900000000000109e+00,1.100540000000000074e+00,1.091180000000000039e+00,1.081830000000000069e+00,1.094910000000000050e+00,1.130849999999999911e+00,1.166740000000000110e+00,1.202599999999999891e+00,1.238469999999999960e+00,1.270329999999999959e+00,1.298289999999999944e+00,1.326240000000000085e+00,1.354190000000000005e+00,1.382130000000000081e+00,1.119259999999999922e+00,1.109900000000000109e+00,1.100540000000000074e+00,1.091180000000000039e+00,1.081830000000000069e+00,1.094910000000000050e+00,1.130849999999999911e+00,1.166740000000000110e+00,1.202599999999999891e+00,1.238469999999999960e+00,1.270329999999999959e+00,1.298289999999999944e+00,1.326240000000000085e+00,1.354190000000000005e+00,1.382130000000000081e+00,3.569700000000000095e-01,5.334799999999999542e-01,7.099999999999999645e-01,8.865300000000000402e-01,1.063090000000000090e+00,3.569700000000000095e-01,5.334799999999999542e-01,7.099999999999999645e-01,8.865300000000000402e-01,1.063090000000000090e+00
cd,2.375000000000000028e-02,2.528999999999999998e-02,2.346000000000000169e-02,2.724999999999999992e-02,2.661000000000000171e-02,2.136000000000000051e-02,1.233000000000000068e-02,3.930000000000000333e-03,-6.400000000000000524e-04,-1.580000000000000024e-03,-1.100000000000000066e-03,-1.059999999999999961e-03,-9.499999999999999981e-04,-8.000000000000000383e-04,-5.199999999999999544e-04,2.364000000000000129e-02,2.520999999999999977e-02,2.335999999999999882e-02,2.715000000000000052e-02,2.657999999999999946e-02,2.134000000000000133e-02,1.209000000000000005e-02,3.619999999999999954e-03,-7.100000000000000191e-04,-1.539999999999999919e-03,-1.090000000000000040e-03,-1.039999999999999909e-03,-9.300000000000000541e-04,-7.799999999999999859e-04,-5.100000000000000366e-04,5.409999999999999878e-03,-4.062999999999999945e-02,-2.582999999999999879e-02,-1.956000000000000100e-02,-1.807999999999999885e-02,6.029999999999999770e-03,-3.865999999999999992e-02,-2.621000000000000066e-02,-2.027999999999999942e-02,-1.743000000000000105e-02
cd*c/cref,3.452273119392684775e-02,3.420445938611831743e-02,2.935800970873786789e-02,3.134634615771170890e-02,2.792122630605640629e-02,2.083500572875836981e-02,1.145153696556714881e-02,3.466665410360007978e-03,-5.346948347370466832e-04,-1.246345990204158300e-03,-8.061669581298117971e-04,-7.076663182509530673e-04,-5.722313513839474147e-04,-4.296769784317272783e-04,-2.453630558738199093e-04,3.436283643892339840e-02,3.409626022633620995e-02,2.923286900239200833e-02,3.123131369474763108e-02,2.788974803513638578e-02,2.081549729642807184e-02,1.122863600273372488e-02,3.193213431425757400e-03,-5.931770822864111540e-04,-1.214792927161014975e-03,-7.988381676013589635e-04,-6.943141235669727553e-04,-5.601843755653380811e-04,-4.189350539709340584e-04,-2.406445355685541678e-04,4.170949164807332896e-03,-2.937499154086849543e-02,-1.745204200084423882e-02,-1.230502723672837785e-02,-1.054975577398540795e-02,4.648950732678043887e-03,-2.795070570932749188e-02,-1.770878903763559858e-02,-1.275797302458340880e-02,-1.017047804981004860e-02
cl,7.119799999999999462e-01,7.378599999999999604e-01,7.579299999999999926e-01,7.812599999999999545e-01,8.025299999999999656e-01,7.796100000000000252e-01,6.618399999999999839e-01,4.991900000000000226e-01,3.116399999999999726e-01,1.171800000000000064e-01,7.255000000000000338e-02,5.643999999999999712e-02,4.275999999999999940e-02,2.977000000000000132e-02,1.718000000000000083e-02,7.114200000000000523e-01,7.369400000000000395e-01,7.567099999999999937e-01,7.797699999999999632e-01,8.007800000000000473e-01,7.773299999999999654e-01,6.571000000000000174e-01,4.922799999999999954e-01,3.064500000000000002e-01,1.155499999999999999e-01,7.131999999999999451e-02,5.530999999999999805e-02,4.177000000000000157e-02,2.897999999999999882e-02,1.674000000000000141e-02,-7.370200000000000085e-01,-7.641700000000000159e-01,-6.874000000000000110e-01,-5.766299999999999759e-01,-3.756599999999999939e-01,-7.378099999999999659e-01,-7.626500000000000501e-01,-6.856600000000000472e-01,-5.743700000000000472e-01,-3.759399999999999964e-01
cl*c/cref,1.034926069703243412e+00,9.979479004603107883e-01,9.484789556071480110e-01,8.987026201531688185e-01,8.420752253814147714e-01,7.604484464511850339e-01,6.146865551736383493e-01,4.403370753683491512e-01,2.603629660897706088e-01,9.243469818488815604e-02,5.317037528392531270e-02,3.767989339819225597e-02,2.575643430018693947e-02,1.598935455989065196e-02,8.106417884446588326e-03,1.034112060041407988e+00,9.967036101228167189e-01,9.469522389897285786e-01,8.969886364550040403e-01,8.402389929110803957e-01,7.582244851655309814e-01,6.102842611576783094e-01,4.342417425475889048e-01,2.560269251643249033e-01,9.114891086588006175e-02,5.226893404892560963e-02,3.692549439854737187e-02,2.516010899716577404e-02,1.556504854368932073e-02,7.898802991014895053e-03,-5.682205089549539068e-01,-5.524855349688772010e-01,-4.644418765536326155e-01,-3.627529578483989492e-01,-2.191991844057167294e-01,-5.688295754688537098e-01,-5.513865936166222337e-01,-4.632662453851669193e-01,-3.613312113476317977e-01,-2.193625655792076634e-01
cmx,6.347999999999999476e-02,2.295399999999999940e-01,4.313600000000000212e-01,6.814200000000000257e-01,9.902600000000000291e-01,1.499519999999999964e+00,1.927110000000000101e+00,1.999540000000000095e+00,1.627469999999999972e+00,7.715400000000000036e-01,5.739300000000000512e-01,4.960100000000000064e-01,4.214899999999999758e-01,3.330500000000000127e-01,2.213900000000000035e-01,-6.343000000000000027e-02,-2.292500000000000093e-01,-4.306599999999999873e-01,-6.801199999999999468e-01,-9.880999999999999783e-01,-1.495139999999999914e+00,-1.913319999999999910e+00,-1.971870000000000012e+00,-1.600349999999999939e+00,-7.607899999999999663e-01,-5.641800000000000148e-01,-4.861400000000000166e-01,-4.117199999999999749e-01,-3.242099999999999982e-01,-2.157399999999999873e-01,1.638499999999999956e-01,-1.618199999999999916e-01,-4.917500000000000204e-01,-7.456199999999999495e-01,-7.311499999999999666e-01,-1.639100000000000001e-01,1.613700000000000134e-01,4.906300000000000106e-01,7.426500000000000323e-01,7.318799999999999750e-01
cmx*c/cref,9.227380952380950796e-02,3.104504392048081374e-01,5.398069508934854044e-01,7.838542091298317249e-01,1.039055752041917247e+00,1.462664222396430125e+00,1.789811143691330653e+00,1.763800548252226319e+00,1.359687191702345643e+00,6.086112565076685632e-01,4.206212747994935719e-01,3.311411042600521104e-01,2.538839918892842329e-01,1.788798970833584689e-01,1.044633210382788363e-01,-9.220113008971704549e-02,-3.100582172505980671e-01,-5.389309659490643112e-01,-7.823587871112985814e-01,-1.036789316535675853e+00,-1.458391875716094743e+00,-1.777003625868526671e+00,-1.739392753874449804e+00,-1.337029498080363421e+00,-6.001313708148238169e-01,-4.134757040342519896e-01,-3.245517961835078791e-01,-2.479990442018935037e-01,-1.741319664716878823e-01,-1.017973570658036592e-01,1.263234788638967765e-01,-1.169938747512512811e-01,-3.322509351109235176e-01,-4.690631088062071630e-01,-4.266290892781764987e-01,-1.263697370801423192e-01,1.166685302719652900e-01,3.314942070024858300e-01,4.671947074313052006e-01,4.270550473376349965e-01
cmy,-3.744799999999999796e-01,-3.973599999999999910e-01,-4.207500000000000129e-01,-4.438799999999999968e-01,-4.732500000000000040e-01,-4.648300000000000209e-01,-3.926100000000000145e-01,-3.018600000000000172e-01,-1.926700000000000079e-01,-6.772999999999999854e-02,-4.077999999999999681e-02,-3.491999999999999965e-02,-3.014000000000000012e-02,-2.513999999999999915e-02,-1.822999999999999968e-02,-3.744100000000000206e-01,-3.971000000000000085e-01,-4.203899999999999859e-01,-4.433900000000000063e-01,-4.726099999999999746e-01,-4.639599999999999835e-01,-3.903400000000000203e-01,-2.982099999999999751e-01,-1.898900000000000032e-01,-6.715999999999999748e-02,-4.032000000000000167e-02,-3.443999999999999839e-02,-2.963999999999999968e-02,-2.469000000000000014e-02,-1.803000000000000089e-02,3.061300000000000132e+00,3.482489999999999863e+00,3.434289999999999843e+00,3.165550000000000086e+00,2.264530000000000154e+00,3.064029999999999809e+00,3.474740000000000162e+00,3.427039999999999864e+00,3.154170000000000140e+00,2.264380000000000059e+00
cmy*c/cref,-5.443398895790200198e-01,-5.374252266377214093e-01,-5.265295219501899826e-01,-5.106060966049568162e-01,-4.965697237632917815e-01,-4.534052300046232387e-01,-3.646381125751271823e-01,-2.662716592293312701e-01,-1.609682090762293294e-01,-5.342722399780230197e-02,-2.988680777503065558e-02,-2.331293191822951180e-02,-1.815479255864439756e-02,-1.350259904721702944e-02,-8.601862516499494266e-03,-5.442381383712905363e-01,-5.370735793684295878e-01,-5.260790154073449187e-01,-5.100424375364328577e-01,-4.958981873169980292e-01,-4.525566131982552420e-01,-3.625298409683277434e-01,-2.630519827031699287e-01,-1.586456283878402984e-01,-5.297759284943751035e-02,-2.954968341072182828e-02,-2.299247924581398345e-02,-1.785361816317915934e-02,-1.326090574684918311e-02,-8.507492110394180088e-03,2.360171289875173883e+00,2.517797545930571701e+00,2.320378371005782370e+00,1.991420192700690928e+00,1.321362745733582811e+00,2.362276038714345994e+00,2.512194391009535011e+00,2.315479907803842163e+00,1.984261132887093382e+00,1.321275220104926928e+00
cmz,1.472000000000000045e-02,4.539999999999999765e-03,-6.859999999999999779e-03,-2.453999999999999931e-02,-4.279999999999999777e-02,-1.078699999999999937e-01,-1.154199999999999948e-01,-9.511000000000000010e-02,-5.965999999999999776e-02,-1.926999999999999894e-02,-2.808000000000000079e-02,-2.203000000000000097e-02,-1.721999999999999920e-02,-1.248999999999999937e-02,-8.080000000000000376e-03,-1.472000000000000045e-02,-4.559999999999999817e-03,6.799999999999999621e-03,2.443999999999999992e-02,4.272000000000000103e-02,1.076300000000000034e-01,1.141400000000000053e-01,9.277000000000000524e-02,5.827000000000000235e-02,1.907999999999999974e-02,2.767999999999999974e-02,2.166999999999999829e-02,1.691000000000000142e-02,1.223999999999999914e-02,7.969999999999999654e-03,2.283459999999999823e+00,2.676210000000000200e+00,2.616769999999999818e+00,2.447150000000000158e+00,1.800149999999999917e+00,-2.284460000000000157e+00,-2.669729999999999936e+00,-2.617049999999999876e+00,-2.442120000000000068e+00,-1.799239999999999950e+00
cmz*c/cref,2.139682539682539672e-02,6.140302317634525713e-03,-8.584652455325735357e-03,-2.822896641138515281e-02,-4.490899984589305505e-02,-1.052187297734627908e-01,-1.071967880426407255e-01,-8.389683134334359471e-02,-4.984358412564406093e-02,-1.520068812103425940e-02,-2.057924380389555830e-02,-1.470744244440424370e-02,-1.037244617982271098e-02,-6.708331825765342059e-03,-3.812564406654740320e-03,-2.139682539682539672e-02,-6.167352107580051715e-03,8.509568031518222400e-03,2.811393394842107152e-02,4.482505779010634295e-02,1.049846285854992151e-01,1.060079829075291497e-01,8.183270995396893510e-02,4.868229378144954544e-02,1.505081107157932828e-02,2.028609218275744669e-02,1.446710294009259656e-02,1.018571805463426572e-02,6.574057770005426946e-03,3.760660683296816569e-03,1.760479774467828440e+00,1.934866997577840975e+00,1.768020903854013781e+00,1.539480951040892220e+00,1.050395069498884615e+00,-1.761250744738588114e+00,-1.930182037076122237e+00,-1.768210085881123383e+00,-1.536316621439627106e+00,-1.049864080685039003e+00
cs,3.624000000000000138e-02,3.776999999999999802e-02,3.853000000000000175e-02,3.960000000000000325e-02,4.036000000000000004e-02,-2.316000000000000003e-02,-1.992000000000000021e-02,-1.527000000000000059e-02,-9.679999999999999369e-03,-4.470000000000000015e-03,-2.886999999999999983e-02,-2.207999999999999893e-02,-1.646999999999999853e-02,-1.141999999999999960e-02,-6.559999999999999859e-03,-3.622000000000000219e-02,-3.774000000000000271e-02,-3.848000000000000032e-02,-3.955000000000000182e-02,-4.030999999999999861e-02,2.306000000000000064e-02,1.969999999999999876e-02,1.497000000000000067e-02,9.459999999999999659e-03,4.380000000000000213e-03,2.837999999999999898e-02,2.163999999999999951e-02,1.609000000000000014e-02,1.111999999999999968e-02,6.400000000000000307e-03,5.566999999999999726e-01,5.900900000000000034e-01,5.212999999999999856e-01,4.394299999999999873e-01,2.896199999999999886e-01,-5.570500000000000451e-01,-5.888900000000000245e-01,-5.210599999999999676e-01,-4.381700000000000039e-01,-2.898800000000000265e-01
cs*c/cref,5.267805383022774318e-02,5.108352831212687600e-02,4.821671415505839747e-02,4.555285533377555207e-02,4.234876714439821804e-02,-2.259076463848519803e-02,-1.850077991517417794e-02,-1.346971522040644152e-02,-8.087259375397830297e-03,-3.526054795071257783e-03,-2.115821825564333236e-02,-1.474082293111419160e-02,-9.920684586624857124e-03,-6.133638867112906935e-03,-3.095349320254343287e-03,-5.264898205659075681e-02,-5.104295362720859264e-02,-4.815414380188547117e-02,-4.549533910229350969e-02,-4.229630335953151604e-02,2.249322247683370815e-02,1.829645403257686848e-02,1.320508427305071633e-02,7.903458025956969571e-03,3.455060403224185627e-03,2.079910751974914374e-02,1.444707464806662713e-02,9.691792046071278158e-03,5.972510000201008799e-03,3.019852995370091425e-03,4.291991497316529069e-01,4.266278306264112974e-01,3.522163954719357837e-01,2.764416216071344801e-01,1.689944838087197865e-01,-4.294689893264186931e-01,-4.257602453483152471e-01,-3.520542394486991244e-01,-2.756489664783882132e-01,-1.691461948983899732e-01
cx,4.859000000000000125e-02,5.102000000000000285e-02,4.989999999999999991e-02,5.449999999999999983e-02,5.460000000000000270e-02,4.855000000000000288e-02,3.542000000000000010e-02,2.134000000000000133e-02,1.022999999999999951e-02,2.510000000000000078e-03,1.430000000000000064e-03,9.100000000000000016e-04,5.400000000000000069e-04,2.400000000000000061e-04,8.000000000000000654e-05,4.846000000000000307e-02,5.090999999999999692e-02,4.975000000000000255e-02,5.435000000000000248e-02,5.451000000000000290e-02,4.846000000000000307e-02,3.502000000000000252e-02,2.079999999999999905e-02,9.990000000000000616e-03,2.490000000000000026e-03,1.399999999999999986e-03,8.899999999999999491e-04,5.299999999999999807e-04,2.300000000000000070e-04,8.000000000000000654e-05,-2.031000000000000166e-02,-6.726999999999999647e-02,-4.979999999999999705e-02,-3.966999999999999693e-02,-3.117999999999999938e-02,-1.972000000000000142e-02,-6.525000000000000244e-02,-5.013000000000000095e-02,-4.030999999999999861e-02,-3.054000000000000117e-02
cx*c/cref,7.062987405106969929e-02,6.900401415103822600e-02,6.244521246658225194e-02,6.269269231542341780e-02,5.729045307443366569e-02,4.735671948179863422e-02,3.289646709816613362e-02,1.882408138857062652e-02,8.546762748999979509e-03,1.979954705957238763e-03,1.048017045568755412e-03,6.075248581211012151e-04,3.252683471024543399e-04,1.289030935295181781e-04,3.774816244212614145e-05,7.044090752242926357e-02,6.885524030633781434e-02,6.225750140706346608e-02,6.252014362097731148e-02,5.719601826167360764e-02,4.726893153631229333e-02,3.252496549344376098e-02,1.834774568333031805e-02,8.346252185973587409e-03,1.964178174435667317e-03,1.026030673983396695e-03,5.941726634371210115e-04,3.192448591931496189e-04,1.235321312991215952e-04,3.774816244212614145e-05,-1.565840619911958165e-02,-4.863538471460063239e-02,-3.364737482160445187e-02,-2.495605472806823599e-02,-1.819366067659651878e-02,-1.520353373937164895e-02,-4.717494949647229457e-02,-3.387033935355485137e-02,-2.535867320616159645e-02,-1.782021799433154696e-02
cy,3.624000000000000138e-02,3.776999999999999802e-02,3.853000000000000175e-02,3.960000000000000325e-02,4.036000000000000004e-02,-2.316000000000000003e-02,-1.992000000000000021e-02,-1.527000000000000059e-02,-9.679999999999999369e-03,-4.470000000000000015e-03,-2.886999999999999983e-02,-2.207999999999999893e-02,-1.646999999999999853e-02,-1.141999999999999960e-02,-6.559999999999999859e-03,-3.622000000000000219e-02,-3.774000000000000271e-02,-3.848000000000000032e-02,-3.955000000000000182e-02,-4.030999999999999861e-02,2.306000000000000064e-02,1.969999999999999876e-02,1.497000000000000067e-02,9.459999999999999659e-03,4.380000000000000213e-03,2.837999999999999898e-02,2.163999999999999951e-02,1.609000000000000014e-02,1.111999999999999968e-02,6.400000000000000307e-03,5.566999999999999726e-01,5.900900000000000034e-01,5.212999999999999856e-01,4.394299999999999873e-01,2.896199999999999886e-01,-5.570500000000000451e-01,-5.888900000000000245e-01,-5.210599999999999676e-01,-4.381700000000000039e-01,-2.898800000000000265e-01
cy*c/cref,5.267805383022774318e-02,5.108352831212687600e-02,4.821671415505839747e-02,4.555285533377555207e-02,4.234876714439821804e-02,-2.259076463848519803e-02,-1.850077991517417794e-02,-1.346971522040644152e-02,-8.087259375397830297e-03,-3.526054795071257783e-03,-2.115821825564333236e-02,-1.474082293111419160e-02,-9.920684586624857124e-03,-6.133638867112906935e-03,-3.095349320254343287e-03,-5.264898205659075681e-02,-5.104295362720859264e-02,-4.815414380188547117e-02,-4.549533910229350969e-02,-4.229630335953151604e-02,2.249322247683370815e-02,1.829645403257686848e-02,1.320508427305071633e-02,7.903458025956969571e-03,3.455060403224185627e-03,2.079910751974914374e-02,1.444707464806662713e-02,9.691792046071278158e-03,5.972510000201008799e-03,3.019852995370091425e-03,4.291991497316529069e-01,4.266278306264112974e-01,3.522163954719357837e-01,2.764416216071344801e-01,1.689944838087197865e-01,-4.294689893264186931e-01,-4.257602453483152471e-01,-3.520542394486991244e-01,-2.756489664783882132e-01,-1.691461948983899732e-01
cz,7.107099999999999529e-01,7.365300000000000180e-01,7.566500000000000448e-01,7.798300000000000232e-01,8.011099999999999888e-01,7.783900000000000263e-01,6.610099999999999865e-01,4.987500000000000266e-01,3.114700000000000246e-01,1.171600000000000003e-01,7.255000000000000338e-02,5.643999999999999712e-02,4.277000000000000246e-02,2.978000000000000091e-02,1.719000000000000042e-02,7.101600000000000135e-01,7.356099999999999861e-01,7.554400000000000004e-01,7.783499999999999863e-01,7.993700000000000250e-01,7.761200000000000321e-01,6.562799999999999745e-01,4.918500000000000094e-01,3.062900000000000067e-01,1.155299999999999938e-01,7.130999999999999839e-02,5.532000000000000112e-02,4.177999999999999770e-02,2.898999999999999841e-02,1.675000000000000100e-02,-7.367599999999999705e-01,-7.622900000000000231e-01,-6.860800000000000232e-01,-5.756000000000000005e-01,-3.748000000000000220e-01,-7.375699999999999479e-01,-7.608300000000000063e-01,-6.843299999999999939e-01,-5.733099999999999863e-01,-3.750999999999999890e-01
cz*c/cref,1.033080012077294496e+00,9.961490894289333209e-01,9.468771545659210309e-01,8.970576559327825272e-01,8.405852538912005345e-01,7.592584320790368713e-01,6.139156893438394436e-01,4.399489499788941105e-01,2.602209377742936147e-01,9.241892165336657028e-02,5.317037528392531270e-02,3.767989339819225597e-02,2.576245778809624701e-02,1.599472552212104909e-02,8.111136404751854989e-03,1.032280538302277506e+00,9.949047990914391404e-01,9.453629520191361157e-01,8.953551754809141450e-01,8.387595141778395602e-01,7.570442250095480441e-01,6.095226828679973785e-01,4.338624381897123738e-01,2.558932514556406246e-01,9.113313433435847599e-02,5.226160525839716048e-02,3.693217049588936457e-02,2.516613248507507811e-02,1.557041950591971612e-02,7.903521511320161716e-03,-5.680200566845564625e-01,-5.511263180331933409e-01,-4.635500184258310452e-01,-3.621049937352174841e-01,-2.186973708014232076e-01,-5.686445426038714279e-01,-5.500707559448431150e-01,-4.623676307563971410e-01,-3.606643744932896412e-01,-2.188724220587348890e-01
Results_Name,VSPAERO_Comp_Load
Results_Timestamp,1749672324
Results_Date,6,11,2025
Results_Time,16,5,24
AoA,-2.000000000000000000e+00,-2.000000000000000000e+00,-2.000000000000000000e+00,-2.000000000000000000e+00,-2.000000000000000000e+00,-2.000000000000000000e+00,-2.000000000000000000e+00,-2.000000000000000000e+00,-2.000000000000000000e+00
Beta,0.000000000000000000e+00,0.000000000000000000e+00,0.000000000000000000e+00,0.000000000000000000e+00,0.000000000000000000e+00,0.000000000000000000e+00,0.000000000000000000e+00,0.000000000000000000e+00,0.000000000000000000e+00
CDi,0.000000000000000000e+00,6.649999999999999661e-03,6.599999999999999964e-03,-1.459999999999999926e-03,-1.420000000000000038e-03,0.000000000000000000e+00,0.000000000000000000e+00,0.000000000000000000e+00,0.000000000000000000e+00
CFx,0.000000000000000000e+00,1.660000000000000017e-02,1.650000000000000078e-02,-3.139999999999999996e-03,-3.099999999999999891e-03,0.000000000000000000e+00,0.000000000000000000e+00,0.000000000000000000e+00,0.000000000000000000e+00
CFy,0.000000000000000000e+00,1.100000000000000066e-03,-1.160000000000000007e-03,3.669000000000000039e-02,-3.665999999999999814e-02,0.000000000000000000e+00,0.000000000000000000e+00,0.000000000000000000e+00,0.000000000000000000e+00
CFz,0.000000000000000000e+00,2.849700000000000011e-01,2.834200000000000053e-01,-4.800000000000000100e-02,-4.794000000000000344e-02,0.000000000000000000e+00,0.000000000000000000e+00,0.000000000000000000e+00,0.000000000000000000e+00
CL,0.000000000000000000e+00,2.853800000000000225e-01,2.838300000000000267e-01,-4.807999999999999774e-02,-4.802000000000000018e-02,0.000000000000000000e+00,0.000000000000000000e+00,0.000000000000000000e+00,0.000000000000000000e+00
Cmx,0.000000000000000000e+00,4.644999999999999823e-02,-4.603999999999999759e-02,-1.430000000000000064e-03,1.430000000000000064e-03,2.000000000000000164e-05,-2.000000000000000164e-05,0.000000000000000000e+00,0.000000000000000000e+00
Cmy,0.000000000000000000e+00,-1.749900000000000067e-01,-1.743399999999999950e-01,1.605000000000000038e-01,1.602699999999999958e-01,-1.074999999999999914e-02,-1.077000000000000006e-02,-0.000000000000000000e+00,-0.000000000000000000e+00
Cmz,0.000000000000000000e+00,-2.180000000000000080e-03,2.160000000000000028e-03,1.034999999999999983e-02,-1.034000000000000023e-02,2.300000000000000070e-04,-2.400000000000000061e-04,0.000000000000000000e+00,0.000000000000000000e+00
Comp_ID,0,1,2,3,4,5,6,7,8
Comp_Name,NONE,main_wing,main_wing,horizontal_tail,horizontal_tail,fuselage,fuselage,fuselage,fuselage
Cs,0.000000000000000000e+00,1.100000000000000066e-03,-1.160000000000000007e-03,3.669000000000000039e-02,-3.665999999999999814e-02,0.000000000000000000e+00,0.000000000000000000e+00,0.000000000000000000e+00,0.000000000000000000e+00
Mach,1.499999999999999944e-01,1.499999999999999944e-01,1.499999999999999944e-01,1.499999999999999944e-01,1.499999999999999944e-01,1.499999999999999944e-01,1.499999999999999944e-01,1.499999999999999944e-01,1.499999999999999944e-01
Results_Name,VSPAERO_Load
Results_Timestamp,1749672324
Results_Date,6,11,2025
Results_Time,16,5,24
AnalysisMethod,0
Chord,1.735549999999999926e+00,1.614840000000000053e+00,1.494150000000000089e+00,1.373459999999999903e+00,1.252809999999999979e+00,1.164630000000000054e+00,1.108910000000000062e+00,1.053209999999999980e+00,9.975199999999999623e-01,9.418400000000000105e-01,8.750400000000000400e-01,7.971099999999999852e-01,7.191899999999999959e-01,6.412799999999999612e-01,5.633799999999999919e-01,1.735549999999999926e+00,1.614840000000000053e+00,1.494150000000000089e+00,1.373459999999999903e+00,1.252809999999999979e+00,1.164630000000000054e+00,1.108910000000000062e+00,1.053209999999999980e+00,9.975199999999999623e-01,9.418400000000000105e-01,8.750400000000000400e-01,7.971099999999999852e-01,7.191899999999999959e-01,6.412799999999999612e-01,5.633799999999999919e-01,9.205200000000000049e-01,8.632300000000000528e-01,8.067100000000000382e-01,7.511200000000000099e-01,6.966900000000000315e-01,9.205200000000000049e-01,8.632300000000000528e-01,8.067100000000000382e-01,7.511200000000000099e-01,6.966900000000000315e-01
FC_AoA_,-1.000000000000000000e+00
FC_Beta_,0.000000000000000000e+00
FC_Bref_,1.417173599999999922e+01
FC_Cref_,1.193975999999999926e+00
FC_Mach_,1.499999999999999944e-01
FC_Pitch_Rate,0.000000000000000000e+00
FC_Rho_,2.377000000000000206e-03
FC_Roll__Rate,0.000000000000000000e+00
FC_Sref_,1.619368700000000061e+01
FC_Vinf_,5.100000000000000000e+01
FC_Xcg_,1.785187999999999997e+00
FC_Yaw___Rate,0.000000000000000000e+00
FC_Ycg_,-0.000000000000000000e+00
FC_Zcg_,7.542510000000000048e-01
S,3.314000000000000279e-02,8.981999999999999706e-02,1.368900000000000117e-01,1.839600000000000124e-01,2.310300000000000131e-01,2.997400000000000064e-01,4.117600000000000149e-01,5.454599999999999449e-01,6.791599999999999859e-01,8.128699999999999815e-01,9.157600000000000184e-01,9.578200000000000047e-01,9.698700000000000099e-01,9.819200000000000150e-01,9.939700000000000202e-01,3.314000000000000279e-02,8.981999999999999706e-02,1.368900000000000117e-01,1.839600000000000124e-01,2.310300000000000131e-01,2.997400000000000064e-01,4.117600000000000149e-01,5.454599999999999449e-01,6.791599999999999859e-01,8.128699999999999815e-01,9.157600000000000184e-01,9.578200000000000047e-01,9.698700000000000099e-01,9.819200000000000150e-01,9.939700000000000202e-01,1.026500000000000051e-01,3.046400000000000219e-01,5.033100000000000351e-01,7.019900000000000029e-01,9.006600000000000161e-01,1.026500000000000051e-01,3.046400000000000219e-01,5.033100000000000351e-01,7.019900000000000029e-01,9.006600000000000161e-01
V/Vref,9.642800000000000260e-01,9.669100000000000472e-01,9.699200000000000044e-01,9.711400000000000032e-01,9.753699999999999593e-01,9.795599999999999863e-01,9.871600000000000374e-01,9.937500000000000222e-01,9.982799999999999452e-01,1.000729999999999897e+00,1.005570000000000075e+00,1.004320000000000102e+00,1.004389999999999894e+00,1.003770000000000051e+00,1.003770000000000051e+00,9.643100000000000005e-01,9.669799999999999507e-01,9.699799999999999534e-01,9.711899999999999977e-01,9.754000000000000448e-01,9.795700000000000518e-01,9.871900000000000119e-01,9.937500000000000222e-01,9.982299999999999507e-01,1.000639999999999974e+00,1.005290000000000017e+00,1.004359999999999919e+00,1.004389999999999894e+00,1.003770000000000051e+00,1.003759999999999986e+00,9.512800000000000145e-01,9.525099999999999678e-01,9.708099999999999508e-01,9.867399999999999505e-01,9.917200000000000459e-01,9.509300000000000530e-01,9.525900000000000478e-01,9.704099999999999948e-01,9.863199999999999745e-01,9.916599999999999859e-01
WingId,1,1,1,1,1,1,1,1,1,1,1,1,1,1,1,2,2,2,2,2,2,2,2,2,2,2,2,2,2,2,3,3,3,3,3,4,4,4,4,4
Xavg,2.392879999999999896e+00,2.382319999999999993e+00,2.371750000000000025e+00,2.361190000000000122e+00,2.350620000000000154e+00,2.337899999999999867e+00,2.323770000000000113e+00,2.309619999999999784e+00,2.295469999999999899e+00,2.281299999999999883e+00,2.284749999999999837e+00,2.305000000000000160e+00,2.325239999999999974e+00,2.345470000000000166e+00,2.365699999999999914e+00,2.392879999999999896e+00,2.382319999999999993e+00,2.371750000000000025e+00,2.361190000000000122e+00,2.350620000000000154e+00,2.337899999999999867e+00,2.323770000000000113e+00,2.309619999999999784e+00,2.295469999999999899e+00,2.281299999999999883e+00,2.284749999999999837e+00,2.305000000000000160e+00,2.325239999999999974e+00,2.345470000000000166e+00,2.365699999999999914e+00,5.819969999999999644e+00,5.917910000000000004e+00,6.015850000000000364e+00,6.113780000000000214e+00,6.211730000000000196e+00,5.819969999999999644e+00,5.917910000000000004e+00,6.015850000000000364e+00,6.113780000000000214e+00,6.211730000000000196e+00
Yavg,1.718899999999999872e-01,5.195499999999999563e-01,8.671900000000000164e-01,1.214800000000000102e+00,1.562359999999999971e+00,2.228590000000000071e+00,3.216559999999999864e+00,4.204550000000000232e+00,5.192569999999999908e+00,6.180620000000000225e+00,6.716649999999999565e+00,6.791660000000000252e+00,6.866660000000000430e+00,6.941650000000000098e+00,7.016610000000000014e+00,-1.718899999999999872e-01,-5.195499999999999563e-01,-8.671900000000000164e-01,-1.214800000000000102e+00,-1.562359999999999971e+00,-2.228590000000000071e+00,-3.216559999999999864e+00,-4.204550000000000232e+00,-5.192569999999999908e+00,-6.180620000000000225e+00,-6.716649999999999565e+00,-6.791660000000000252e+00,-6.866660000000000430e+00,-6.941650000000000098e+00,-7.016610000000000014e+00,1.247400000000000037e-01,3.766700000000000048e-01,6.286100000000000021e-01,8.805399999999999894e-01,1.132460000000000022e+00,-1.247400000000000037e-01,-3.766700000000000048e-01,-6.286100000000000021e-01,-8.805399999999999894e-01,-1.132460000000000022e+00
Zavg,1.119259999999999922e+00,1.109900000000000109e+00,1.100540000000000074e+00,1.091180000000000039e+00,1.081830000000000069e+00,1.094910000000000050e+00,1.130849999999999911e+00,1.166740000000000110e+00,1.202599999999999891e+00,1.238469999999999960e+00,1.270329999999999959e+00,1.298289999999999944e+00,1.326240000000000085e+00,1.354190000000000005e+00,1.382130000000000081e+00,1.119259999999999922e+00,1.109900000000000109e+00,1.100540000000000074e+00,1.091180000000000039e+00,1.081830000000000069e+00,1.094910000000000050e+00,1.130849999999999911e+00,1.166740000000000110e+00,1.202599999999999891e+00,1.238469999999999960e+00,1.270329999999999959e+00,1.298289999999999944e+00,1.326240000000000085e+00,1.354190000000000005e+00,1.382130000000000081e+00,3.569700000000000095e-01,5.334799999999999542e-01,7.099999999999999645e-01,8.865300000000000402e-01,1.063090000000000090e+00,3.569700000000000095e-01,5.334799999999999542e-01,7.099999999999999645e-01,8.865300000000000402e-01,1.063090000000000090e+00
cd,2.897999999999999882e-02,3.060999999999999832e-02,2.895999999999999963e-02,3.234999999999999681e-02,3.121000000000000163e-02,2.501000000000000098e-02,1.531000000000000069e-02,5.879999999999999810e-03,3.200000000000000262e-04,-1.690000000000000096e-03,-6.499999999999999702e-04,-1.420000000000000038e-03,-1.910000000000000022e-03,-1.969999999999999963e-03,-1.629999999999999939e-03,2.864999999999999838e-02,3.042999999999999872e-02,2.869999999999999982e-02,3.210999999999999965e-02,3.094999999999999835e-02,2.483000000000000138e-02,1.493000000000000056e-02,5.429999999999999931e-03,1.800000000000000113e-04,-1.639999999999999965e-03,-6.400000000000000524e-04,-1.399999999999999986e-03,-1.869999999999999917e-03,-1.930000000000000075e-03,-1.590000000000000050e-03,-1.569999999999999998e-03,-4.195999999999999730e-02,-3.082000000000000017e-02,-2.395999999999999866e-02,-1.984999999999999959e-02,-1.100000000000000066e-03,-4.053999999999999965e-02,-3.287999999999999950e-02,-2.444999999999999951e-02,-1.898999999999999994e-02
cd*c/cref,4.212499999999999578e-02,4.139970351162837459e-02,3.624074855775995946e-02,3.721300176887976791e-02,3.274789451379257754e-02,2.439529462903777118e-02,1.421922392074882746e-02,5.186766568172225186e-03,2.673474173685233416e-04,-1.333116913572802336e-03,-4.763713843494342339e-04,-9.480058225625975993e-04,-1.150486190677199550e-03,-1.058079559388128447e-03,-7.691188097583201346e-04,4.164531573498964773e-02,4.115625540211863970e-02,3.591538272126073433e-02,3.693692385776597975e-02,3.247508283248574934e-02,2.421971873806508940e-02,1.386629739626257275e-02,4.789820147138636533e-03,1.503829222697943729e-04,-1.293675584768873071e-03,-4.690425938209814545e-04,-9.346536278786172873e-04,-1.126392239039980666e-03,-1.036595710466542116e-03,-7.502447285372570605e-04,-1.210423325091961782e-03,-3.033656522409160575e-02,-2.082353598397287953e-02,-1.507302927362023925e-02,-1.158255819212446712e-02,-8.480672978351325164e-04,-2.930992264501129305e-02,-2.221537518342077411e-02,-1.538128404591047015e-02,-1.108074458783091243e-02
cl,7.833400000000000363e-01,8.144200000000000328e-01,8.402899999999999814e-01,8.694800000000000306e-01,8.969799999999999995e-01,8.774199999999999777e-01,7.597399999999999709e-01,5.958700000000000108e-01,4.047999999999999932e-01,2.002599999999999936e-01,1.435700000000000032e-01,1.239299999999999985e-01,1.058100000000000013e-01,8.662000000000000255e-02,6.047999999999999904e-02,7.825600000000000334e-01,8.129499999999999504e-01,8.382300000000000306e-01,8.667000000000000259e-01,8.934999999999999609e-01,8.732499999999999707e-01,7.529900000000000482e-01,5.868200000000000083e-01,3.978999999999999759e-01,1.982200000000000073e-01,1.408500000000000030e-01,1.214200000000000002e-01,1.039899999999999991e-01,8.523000000000000020e-02,5.952000000000000346e-02,-7.045599999999999641e-01,-7.222800000000000331e-01,-6.464400000000000146e-01,-5.433799999999999741e-01,-3.486199999999999855e-01,-7.058200000000000029e-01,-7.216299999999999937e-01,-6.382799999999999585e-01,-5.376100000000000323e-01,-3.464999999999999747e-01
cl*c/cref,1.138654158040027564e+00,1.101494496371786536e+00,1.051544841353595050e+00,1.000184258980080010e+00,9.411793149946063863e-01,8.558544347625077764e-01,7.056115729294391015e-01,5.256188086695210426e-01,3.381944829711819867e-01,1.579704101254966742e-01,1.052194456169973508e-01,8.273687435928360479e-02,6.373452556835314253e-02,4.652327483969527500e-02,2.853761080624736199e-02,1.137520358868185033e+00,1.099506336810790241e+00,1.048966942802870506e+00,9.969863565096785951e-01,9.375278355678842157e-01,8.517869266216406832e-01,6.993424833497491333e-01,5.176357750909567068e-01,3.324298042841731804e-01,1.563612039102963702e-01,1.032260145932581696e-01,8.106117392644408837e-02,6.263825076885967680e-02,4.577671108967014402e-02,2.808463285694184908e-02,-5.431948139661099129e-01,-5.221995788860078758e-01,-4.367672485879113831e-01,-3.418356697287047719e-01,-2.034212310800217471e-01,-5.441662365072665875e-01,-5.217296368603724366e-01,-4.312539437978653023e-01,-3.382058125121443215e-01,-2.021842021950190083e-01
cmx,7.031999999999999362e-02,2.540899999999999825e-01,4.792000000000000148e-01,7.597300000000000164e-01,1.108549999999999924e+00,1.689400000000000013e+00,2.214080000000000048e+00,2.388440000000000119e+00,2.115099999999999980e+00,1.319139999999999979e+00,1.135049999999999892e+00,1.088060000000000027e+00,1.041439999999999921e+00,9.669799999999999507e-01,7.772000000000000020e-01,-7.026000000000000301e-02,-2.536300000000000221e-01,-4.780200000000000005e-01,-7.572999999999999732e-01,-1.104249999999999954e+00,-1.681349999999999900e+00,-2.194399999999999906e+00,-2.352149999999999963e+00,-2.079029999999999934e+00,-1.305739999999999901e+00,-1.113499999999999934e+00,-1.065960000000000019e+00,-1.023470000000000102e+00,-9.514299999999999979e-01,-7.649599999999999733e-01,1.554699999999999971e-01,-1.529699999999999949e-01,-4.627800000000000247e-01,-7.024200000000000443e-01,-6.784299999999999775e-01,-1.556800000000000128e-01,1.527499999999999969e-01,4.565899999999999959e-01,6.950699999999999656e-01,6.745400000000000285e-01
cmx*c/cref,1.022163561076604443e-01,3.436540563629419953e-01,5.996742648093429384e-01,8.739361308770025039e-01,1.163174574279550066e+00,1.647877278940280243e+00,2.056335682459279113e+00,2.106850466341032124e+00,1.767082882738011396e+00,1.040572689568299625e+00,8.318543689320389012e-01,7.263994473925774464e-01,6.273101248266296226e-01,5.193613057548894796e-01,3.667233981252554509e-01,-1.021291407867494783e-01,-3.430319111941949051e-01,-5.981976044744619081e-01,-8.711408420269753927e-01,-1.158662688781014083e+00,-1.640025134927335149e+00,-2.038057803506938104e+00,-2.074838942742567749e+00,-1.736947816036503278e+00,-1.030002413448846577e+00,-8.160608253432229953e-01,-7.116452722667792052e-01,-6.164859170536092225e-01,-5.110094594866227968e-01,-3.609479292716101240e-01,1.198627479949345848e-01,-1.105954333252929800e-01,-3.126773518060664836e-01,-4.418863615349052920e-01,-3.958667483265995712e-01,-1.200246517517940259e-01,1.104363760243086967e-01,3.084950777067546057e-01,4.372625399505517541e-01,3.935969170234578374e-01
cmy,-3.814299999999999913e-01,-4.063300000000000245e-01,-4.318199999999999816e-01,-4.583900000000000197e-01,-4.921200000000000019e-01,-4.872500000000000164e-01,-4.160699999999999954e-01,-3.256899999999999795e-01,-2.161700000000000010e-01,-8.837000000000000410e-02,-6.183000000000000301e-02,-5.965999999999999776e-02,-5.863000000000000156e-02,-5.682000000000000245e-02,-4.805000000000000243e-02,-3.813300000000000023e-01,-4.058499999999999885e-01,-4.311699999999999977e-01,-4.573099999999999943e-01,-4.906599999999999850e-01,-4.854999999999999871e-01,-4.128200000000000203e-01,-3.208900000000000086e-01,-2.123400000000000010e-01,-8.765000000000000568e-02,-6.017000000000000126e-02,-5.797999999999999682e-02,-5.743000000000000188e-02,-5.584999999999999687e-02,-4.730999999999999789e-02,2.923099999999999810e+00,3.290119999999999933e+00,3.222059999999999924e+00,2.983249999999999957e+00,2.104709999999999859e+00,2.927810000000000024e+00,3.286649999999999849e+00,3.182409999999999961e+00,2.952999999999999847e+00,2.089879999999999960e+00
cmy*c/cref,-5.544423309178743153e-01,-5.495570574282900855e-01,-5.403825981426763070e-01,-5.272973069810448221e-01,-5.163695561719834348e-01,-4.752741826468874220e-01,-3.864266816920943204e-01,-2.872921774809543694e-01,-1.806015350392302654e-01,-6.970860452806422469e-02,-4.531391183742387863e-02,-3.982959674231307395e-02,-3.531570961225351246e-02,-3.051780739311343166e-02,-2.267249006680201531e-02,-5.542969720496894181e-01,-5.489078624695974407e-01,-5.395691835514282442e-01,-5.260549563810327234e-01,-5.148376136538758141e-01,-4.735671948179863144e-01,-3.834082311537250765e-01,-2.830580823232627941e-01,-1.774017206376007627e-01,-6.914064939328765091e-02,-4.409733260970070262e-02,-3.870801238885873685e-02,-3.459289106313694767e-02,-2.999682405676495911e-02,-2.232331956421234470e-02,2.253623198456250254e+00,2.378716395974458386e+00,2.176985150957808202e+00,1.876736835581284790e+00,1.228107105921727227e+00,2.257254468431526551e+00,2.376207628545297545e+00,2.150195624618920665e+00,1.857706821577653100e+00,1.219453738768618623e+00
cmz,1.566000000000000031e-02,6.969999999999999633e-03,-2.710000000000000169e-03,-1.776000000000000148e-02,-3.239000000000000212e-02,-9.270000000000000462e-02,-9.617000000000000548e-02,-7.552999999999999992e-02,-4.549000000000000266e-02,-1.573000000000000093e-02,-4.048999999999999821e-02,-3.038000000000000075e-02,-2.178000000000000075e-02,-1.576999999999999930e-02,-9.860000000000000708e-03,-1.566999999999999990e-02,-7.009999999999999738e-03,2.579999999999999828e-03,1.755999999999999922e-02,3.207000000000000128e-02,9.213000000000000356e-02,9.456000000000000516e-02,7.284999999999999809e-02,4.397999999999999826e-02,1.580000000000000154e-02,3.937000000000000222e-02,2.934000000000000150e-02,2.136000000000000051e-02,1.562000000000000020e-02,9.860000000000000708e-03,2.172250000000000014e+00,2.527249999999999996e+00,2.460170000000000190e+00,2.284279999999999866e+00,1.655860000000000110e+00,-2.174859999999999793e+00,-2.527880000000000127e+00,-2.446849999999999969e+00,-2.267490000000000006e+00,-1.643950000000000022e+00
cmz*c/cref,2.276319875776397494e-02,9.426851796016001359e-03,-3.391313141972703525e-03,-2.042976542242055243e-02,-3.398603983664663652e-02,-9.042158385093168604e-02,-8.931827331537653403e-02,-6.662525151259322820e-02,-3.800510630029414749e-02,-1.240824204171608360e-02,-2.967427284970552623e-02,-2.028198372496599691e-02,-1.311915666646565858e-02,-8.470007437335422967e-03,-4.652461020992047606e-03,-2.277773464458246813e-02,-9.480951375907053363e-03,3.228630223723090095e-03,2.019970049649238986e-02,3.365027161349977425e-02,8.986559352951818680e-02,8.782297935636898534e-02,6.426121504954873664e-02,3.674356067458642294e-02,1.246345990204158344e-02,2.885344831051880887e-02,1.958766960139902286e-02,1.286617017427486159e-02,8.389443003879474767e-03,4.652461020992047606e-03,1.674740170656696892e+00,1.827170745056852175e+00,1.662214098692101238e+00,1.437020839279851581e+00,9.662012497738650119e-01,-1.676752403063378249e+00,-1.827626227327852737e+00,-1.653214439402467262e+00,-1.426458395143620939e+00,-9.592517148585902875e-01
cs,3.794999999999999762e-02,3.955000000000000182e-02,4.043999999999999678e-02,4.172000000000000014e-02,4.272999999999999715e-02,-2.713000000000000134e-02,-2.385999999999999927e-02,-1.915999999999999995e-02,-1.344000000000000056e-02,-8.460000000000000506e-03,-5.580999999999999850e-02,-4.671999999999999764e-02,-3.873999999999999666e-02,-3.093999999999999875e-02,-2.123999999999999846e-02,-3.790000000000000313e-02,-3.948999999999999733e-02,-4.036000000000000004e-02,-4.161000000000000115e-02,-4.259999999999999898e-02,2.693999999999999867e-02,2.355000000000000149e-02,1.876999999999999849e-02,1.314000000000000064e-02,8.359999999999999376e-03,5.464999999999999719e-02,4.562000000000000083e-02,3.803999999999999743e-02,3.043999999999999831e-02,2.091000000000000150e-02,5.297500000000000542e-01,5.579499999999999460e-01,4.920100000000000029e-01,4.112899999999999889e-01,2.671799999999999731e-01,-5.305100000000000371e-01,-5.581700000000000550e-01,-4.887099999999999778e-01,-4.078200000000000158e-01,-2.656899999999999817e-01
cs*c/cref,5.516369047619047034e-02,5.349095961727874660e-02,5.060690164626424625e-02,4.799154354861404070e-02,4.483555054707967502e-02,-2.646318845604937048e-02,-2.216007072168954886e-02,-1.690109650445235229e-02,-1.122859152947798013e-02,-6.673472833624797401e-03,-4.090197993929526460e-02,-3.119072678177785621e-02,-2.333499216064644291e-02,-1.661775714084705313e-02,-1.002213712838448921e-02,-5.509101104209800093e-02,-5.340981024744215905e-02,-5.050678908118756694e-02,-4.786500783935355302e-02,-4.469914470642626092e-02,2.627785834891153624e-02,2.187215697802971301e-02,1.655707627288990902e-02,1.097795332569498870e-02,6.594590176016938005e-03,4.005184023799474025e-02,3.045635607415894328e-02,2.291334800699511634e-02,1.634920902932722117e-02,9.866425958310720556e-03,4.084215009346922609e-01,4.033910049280722276e-01,3.324266041360965929e-01,2.587389903984669837e-01,1.559006497618042608e-01,-4.090074383404692093e-01,-4.035500622290565942e-01,-3.301969588165926672e-01,-2.565560433375545513e-01,-1.550312285171561444e-01
cx,4.263999999999999735e-02,4.481999999999999873e-02,4.361999999999999905e-02,4.751999999999999974e-02,4.685999999999999888e-02,4.032000000000000167e-02,2.855999999999999858e-02,1.627999999999999933e-02,7.380000000000000275e-03,1.809999999999999977e-03,1.860000000000000108e-03,7.399999999999999894e-04,-6.999999999999999387e-05,-4.600000000000000139e-04,-5.699999999999999772e-04,4.229999999999999732e-02,4.461999999999999994e-02,4.331999999999999740e-02,4.723000000000000115e-02,4.653999999999999804e-02,4.007000000000000145e-02,2.807000000000000120e-02,1.566999999999999990e-02,7.130000000000000053e-03,1.820000000000000003e-03,1.820000000000000003e-03,7.200000000000000453e-04,-6.000000000000000152e-05,-4.400000000000000157e-04,-5.500000000000000331e-04,-1.387000000000000038e-02,-5.455999999999999739e-02,-4.209999999999999853e-02,-3.343999999999999750e-02,-2.593000000000000166e-02,-1.341999999999999964e-02,-5.312999999999999667e-02,-4.401999999999999663e-02,-3.382999999999999896e-02,-2.503999999999999976e-02
cx*c/cref,6.198102139406486827e-02,6.061857926792498658e-02,5.458637610806248153e-02,5.466342640053065832e-02,4.916905917706888840e-02,3.932899957788096867e-02,2.652521457717743267e-02,1.436063940983738421e-02,6.165699813061569640e-03,1.427776102702231877e-03,1.363155038292227254e-03,4.940312033072691593e-04,-4.216441536513296597e-05,-2.470642625982431904e-04,-2.689556574001487248e-04,6.148680124223601662e-02,6.034808136846972482e-02,5.421095398902490980e-02,5.432983225793482779e-02,4.883329095392202612e-02,3.908514417375223704e-02,2.607012511139252670e-02,1.382255648354740844e-02,5.956834643242410118e-03,1.435664368463017817e-03,1.333839876178415920e-03,4.806790086232889557e-04,-3.614092745582825849e-05,-2.363223381374499976e-04,-2.595186167896172420e-04,-1.069335765543026097e-02,-3.944621064410005346e-02,-2.844486907609533252e-02,-2.103681548037816471e-02,-1.513026367364168553e-02,-1.034642103358861601e-02,-3.841233818770226766e-02,-2.974211726198851616e-02,-2.128216111546630748e-02,-1.461094494361695958e-02
cy,3.794999999999999762e-02,3.955000000000000182e-02,4.043999999999999678e-02,4.172000000000000014e-02,4.272999999999999715e-02,-2.713000000000000134e-02,-2.385999999999999927e-02,-1.915999999999999995e-02,-1.344000000000000056e-02,-8.460000000000000506e-03,-5.580999999999999850e-02,-4.671999999999999764e-02,-3.873999999999999666e-02,-3.093999999999999875e-02,-2.123999999999999846e-02,-3.790000000000000313e-02,-3.948999999999999733e-02,-4.036000000000000004e-02,-4.161000000000000115e-02,-4.259999999999999898e-02,2.693999999999999867e-02,2.355000000000000149e-02,1.876999999999999849e-02,1.314000000000000064e-02,8.359999999999999376e-03,5.464999999999999719e-02,4.562000000000000083e-02,3.803999999999999743e-02,3.043999999999999831e-02,2.091000000000000150e-02,5.297500000000000542e-01,5.579499999999999460e-01,4.920100000000000029e-01,4.112899999999999889e-01,2.671799999999999731e-01,-5.305100000000000371e-01,-5.581700000000000550e-01,-4.887099999999999778e-01,-4.078200000000000158e-01,-2.656899999999999817e-01
cy*c/cref,5.516369047619047034e-02,5.349095961727874660e-02,5.060690164626424625e-02,4.799154354861404070e-02,4.483555054707967502e-02,-2.646318845604937048e-02,-2.216007072168954886e-02,-1.690109650445235229e-02,-1.122859152947798013e-02,-6.673472833624797401e-03,-4.090197993929526460e-02,-3.119072678177785621e-02,-2.333499216064644291e-02,-1.661775714084705313e-02,-1.002213712838448921e-02,-5.509101104209800093e-02,-5.340981024744215905e-02,-5.050678908118756694e-02,-4.786500783935355302e-02,-4.469914470642626092e-02,2.627785834891153624e-02,2.187215697802971301e-02,1.655707627288990902e-02,1.097795332569498870e-02,6.594590176016938005e-03,4.005184023799474025e-02,3.045635607415894328e-02,2.291334800699511634e-02,1.634920902932722117e-02,9.866425958310720556e-03,4.084215009346922609e-01,4.033910049280722276e-01,3.324266041360965929e-01,2.587389903984669837e-01,1.559006497618042608e-01,-4.090074383404692093e-01,-4.035500622290565942e-01,-3.301969588165926672e-01,-2.565560433375545513e-01,-1.550312285171561444e-01
cz,7.827100000000000168e-01,8.137600000000000389e-01,8.396599999999999620e-01,8.687799999999999967e-01,8.962999999999999856e-01,8.768500000000000183e-01,7.593600000000000350e-01,5.956799999999999873e-01,4.047299999999999787e-01,2.002599999999999936e-01,1.435599999999999932e-01,1.239399999999999946e-01,1.058299999999999935e-01,8.663999999999999480e-02,6.049000000000000210e-02,7.819399999999999684e-01,8.123000000000000220e-01,8.376000000000000112e-01,8.660099999999999465e-01,8.928300000000000125e-01,8.726800000000000113e-01,7.526199999999999557e-01,5.866400000000000503e-01,3.978400000000000269e-01,1.982200000000000073e-01,1.408399999999999930e-01,1.214299999999999963e-01,1.040100000000000052e-01,8.525000000000000633e-02,5.954000000000000264e-02,-7.044200000000000461e-01,-7.214399999999999702e-01,-6.458000000000000407e-01,-5.428800000000000292e-01,-3.482199999999999740e-01,-7.056999999999999940e-01,-7.208099999999999508e-01,-6.375999999999999446e-01,-5.371000000000000218e-01,-3.461099999999999732e-01
cz*c/cref,1.137738397170462434e+00,1.100601853303584177e+00,1.050756454903616133e+00,9.993790317393314027e-01,9.404658075204193057e-01,8.552984444410943743e-01,7.052586464049529491e-01,5.254512090695290238e-01,3.381360007236325904e-01,1.579704101254966742e-01,1.052121168264688877e-01,8.274355045662558361e-02,6.374657254417173680e-02,4.653401676415606231e-02,2.854232932655263039e-02,1.136619133885438115e+00,1.098627218637560743e+00,1.048178556352891588e+00,9.961926325152262729e-01,9.368248208506704255e-01,8.512309363002271700e-01,6.989988443653809558e-01,5.174769965225433088e-01,3.323796766434166106e-01,1.563612039102963702e-01,1.032186858027297066e-01,8.106785002378606719e-02,6.265029774467829882e-02,4.578745301413093827e-02,2.809406989755238240e-02,-5.430868781282036650e-01,-5.215922691913404963e-01,-4.363348325259469584e-01,-3.415211240426943573e-01,-2.031878294036061350e-01,-5.440737200747753910e-01,-5.211367869203401559e-01,-4.307945017320281011e-01,-3.378849759124136765e-01,-2.019566355605137975e-01
Results_Name,VSPAERO_Comp_Load
Results_Timestamp,1749672324
Results_Date,6,11,2025
Results_Time,16,5,24
AoA,-1.000000000000000000e+00,-1.000000000000000000e+00,-1.000000000000000000e+00,-1.000000000000000000e+00,-1.000000000000000000e+00,-1.000000000000000000e+00,-1.000000000000000000e+00,-1.000000000000000000e+00,-1.000000000000000000e+00
Beta,0.000000000000000000e+00,0.000000000000000000e+00,0.000000000000000000e+00,0.000000000000000000e+00,0.000000000000000000e+00,0.000000000000000000e+00,0.000000000000000000e+00,0.000000000000000000e+00,0.000000000000000000e+00
CDi,0.000000000000000000e+00,8.139999999999999666e-03,8.019999999999999352e-03,-1.760000000000000063e-03,-1.760000000000000063e-03,0.000000000000000000e+00,0.000000000000000000e+00,0.000000000000000000e+00,0.000000000000000000e+00
CFx,0.000000000000000000e+00,1.391000000000000049e-02,1.375000000000000007e-02,-2.550000000000000183e-03,-2.540000000000000157e-03,0.000000000000000000e+00,0.000000000000000000e+00,0.000000000000000000e+00,0.000000000000000000e+00
CFy,0.000000000000000000e+00,-2.500000000000000052e-04,1.600000000000000131e-04,3.459000000000000269e-02,-3.447999999999999676e-02,0.000000000000000000e+00,0.000000000000000000e+00,0.000000000000000000e+00,0.000000000000000000e+00
CFz,0.000000000000000000e+00,3.303099999999999925e-01,3.280500000000000083e-01,-4.538999999999999979e-02,-4.517000000000000182e-02,0.000000000000000000e+00,0.000000000000000000e+00,0.000000000000000000e+00,0.000000000000000000e+00
CL,0.000000000000000000e+00,3.305000000000000160e-01,3.282399999999999762e-01,-4.542000000000000204e-02,-4.519999999999999712e-02,0.000000000000000000e+00,0.000000000000000000e+00,0.000000000000000000e+00,0.000000000000000000e+00
Cmx,0.000000000000000000e+00,5.655999999999999917e-02,-5.598000000000000198e-02,-1.340000000000000045e-03,1.319999999999999993e-03,1.000000000000000082e-05,-1.000000000000000082e-05,0.000000000000000000e+00,0.000000000000000000e+00
Cmy,0.000000000000000000e+00,-1.841899999999999926e-01,-1.832100000000000117e-01,1.514699999999999935e-01,1.507100000000000106e-01,-8.389999999999999888e-03,-8.349999999999999784e-03,-0.000000000000000000e+00,-0.000000000000000000e+00
Cmz,0.000000000000000000e+00,-1.750000000000000036e-03,1.719999999999999958e-03,9.730000000000000801e-03,-9.700000000000000289e-03,2.000000000000000096e-04,-2.100000000000000087e-04,1.000000000000000082e-05,0.000000000000000000e+00
Comp_ID,0,1,2,3,4,5,6,7,8
Comp_Name,NONE,main_wing,main_wing,horizontal_tail,horizontal_tail,fuselage,fuselage,fuselage,fuselage
Cs,0.000000000000000000e+00,-2.500000000000000052e-04,1.600000000000000131e-04,3.459000000000000269e-02,-3.447999999999999676e-02,0.000000000000000000e+00,0.000000000000000000e+00,0.000000000000000000e+00,0.000000000000000000e+00
Mach,1.499999999999999944e-01,1.499999999999999944e-01,1.499999999999999944e-01,1.499999999999999944e-01,1.499999999999999944e-01,1.499999999999999944e-01,1.499999999999999944e-01,1.499999999999999944e-01,1.499999999999999944e-01
Results_Name,VSPAERO_Load
Results_Timestamp,1749672324
Results_Date,6,11,2025
Results_Time,16,5,24
AnalysisMethod,0
Chord,1.735549999999999926e+00,1.614840000000000053e+00,1.494150000000000089e+00,1.373459999999999903e+00,1.252809999999999979e+00,1.164630000000000054e+00,1.108910000000000062e+00,1.053209999999999980e+00,9.975199999999999623e-01,9.418400000000000105e-01,8.750400000000000400e-01,7.971099999999999852e-01,7.191899999999999959e-01,6.412799999999999612e-01,5.633799999999999919e-01,1.735549999999999926e+00,1.614840000000000053e+00,1.494150000000000089e+00,1.373459999999999903e+00,1.252809999999999979e+00,1.164630000000000054e+00,1.108910000000000062e+00,1.053209999999999980e+00,9.975199999999999623e-01,9.418400000000000105e-01,8.750400000000000400e-01,7.971099999999999852e-01,7.191899999999999959e-01,6.412799999999999612e-01,5.633799999999999919e-01,9.205200000000000049e-01,8.632300000000000528e-01,8.067100000000000382e-01,7.511200000000000099e-01,6.966900000000000315e-01,9.205200000000000049e-01,8.632300000000000528e-01,8.067100000000000382e-01,7.511200000000000099e-01,6.966900000000000315e-01
FC_AoA_,0.000000000000000000e+00
FC_Beta_,0.000000000000000000e+00
FC_Bref_,1.417173599999999922e+01
FC_Cref_,1.193975999999999926e+00
FC_Mach_,1.499999999999999944e-01
FC_Pitch_Rate,0.000000000000000000e+00
FC_Rho_,2.377000000000000206e-03
FC_Roll__Rate,0.000000000000000000e+00
FC_Sref_,1.619368700000000061e+01
FC_Vinf_,5.100000000000000000e+01
FC_Xcg_,1.785187999999999997e+00
FC_Yaw___Rate,0.000000000000000000e+00
FC_Ycg_,-0.000000000000000000e+00
FC_Zcg_,7.542510000000000048e-01
S,3.314000000000000279e-02,8.981999999999999706e-02,1.368900000000000117e-01,1.839600000000000124e-01,2.310300000000000131e-01,2.997400000000000064e-01,4.117600000000000149e-01,5.454599999999999449e-01,6.791599999999999859e-01,8.128699999999999815e-01,9.157600000000000184e-01,9.578200000000000047e-01,9.698700000000000099e-01,9.819200000000000150e-01,9.939700000000000202e-01,3.314000000000000279e-02,8.981999999999999706e-02,1.368900000000000117e-01,1.839600000000000124e-01,2.310300000000000131e-01,2.997400000000000064e-01,4.117600000000000149e-01,5.454599999999999449e-01,6.791599999999999859e-01,8.128699999999999815e-01,9.157600000000000184e-01,9.578200000000000047e-01,9.698700000000000099e-01,9.819200000000000150e-01,9.939700000000000202e-01,1.026500000000000051e-01,3.046400000000000219e-01,5.033100000000000351e-01,7.019900000000000029e-01,9.006600000000000161e-01,1.026500000000000051e-01,3.046400000000000219e-01,5.033100000000000351e-01,7.019900000000000029e-01,9.006600000000000161e-01
V/Vref,9.659900000000000153e-01,9.688799999999999635e-01,9.724699999999999456e-01,9.737799999999999789e-01,9.783500000000000529e-01,9.824899999999999745e-01,9.895000000000000462e-01,9.953699999999999770e-01,9.995899999999999785e-01,1.001549999999999940e+00,1.007020000000000026e+00,1.006119999999999903e+00,1.006029999999999980e+00,1.005319999999999991e+00,1.005500000000000060e+00,9.660800000000000498e-01,9.689600000000000435e-01,9.725399999999999601e-01,9.738400000000000389e-01,9.783800000000000274e-01,9.825399999999999689e-01,9.895300000000000207e-01,9.952999999999999625e-01,9.995000000000000551e-01,1.001560000000000006e+00,1.006950000000000012e+00,1.006059999999999954e+00,1.005970000000000031e+00,1.005260000000000042e+00,1.005439999999999889e+00,9.530499999999999527e-01,9.550199999999999800e-01,9.727400000000000491e-01,9.873699999999999699e-01,9.924600000000000088e-01,9.526700000000000168e-01,9.548799999999999510e-01,9.725300000000000056e-01,9.873399999999999954e-01,9.924699999999999633e-01
WingId,1,1,1,1,1,1,1,1,1,1,1,1,1,1,1,2,2,2,2,2,2,2,2,2,2,2,2,2,2,2,3,3,3,3,3,4,4,4,4,4
Xavg,2.392879999999999896e+00,2.382319999999999993e+00,2.371750000000000025e+00,2.361190000000000122e+00,2.350620000000000154e+00,2.337899999999999867e+00,2.323770000000000113e+00,2.309619999999999784e+00,2.295469999999999899e+00,2.281299999999999883e+00,2.284749999999999837e+00,2.305000000000000160e+00,2.325239999999999974e+00,2.345470000000000166e+00,2.365699999999999914e+00,2.392879999999999896e+00,2.382319999999999993e+00,2.371750000000000025e+00,2.361190000000000122e+00,2.350620000000000154e+00,2.337899999999999867e+00,2.323770000000000113e+00,2.309619999999999784e+00,2.295469999999999899e+00,2.281299999999999883e+00,2.284749999999999837e+00,2.305000000000000160e+00,2.325239999999999974e+00,2.345470000000000166e+00,2.365699999999999914e+00,5.819969999999999644e+00,5.917910000000000004e+00,6.015850000000000364e+00,6.113780000000000214e+00,6.211730000000000196e+00,5.819969999999999644e+00,5.917910000000000004e+00,6.015850000000000364e+00,6.113780000000000214e+00,6.211730000000000196e+00
Yavg,1.718899999999999872e-01,5.195499999999999563e-01,8.671900000000000164e-01,1.214800000000000102e+00,1.562359999999999971e+00,2.228590000000000071e+00,3.216559999999999864e+00,4.204550000000000232e+00,5.192569999999999908e+00,6.180620000000000225e+00,6.716649999999999565e+00,6.791660000000000252e+00,6.866660000000000430e+00,6.941650000000000098e+00,7.016610000000000014e+00,-1.718899999999999872e-01,-5.195499999999999563e-01,-8.671900000000000164e-01,-1.214800000000000102e+00,-1.562359999999999971e+00,-2.228590000000000071e+00,-3.216559999999999864e+00,-4.204550000000000232e+00,-5.192569999999999908e+00,-6.180620000000000225e+00,-6.716649999999999565e+00,-6.791660000000000252e+00,-6.866660000000000430e+00,-6.941650000000000098e+00,-7.016610000000000014e+00,1.247400000000000037e-01,3.766700000000000048e-01,6.286100000000000021e-01,8.805399999999999894e-01,1.132460000000000022e+00,-1.247400000000000037e-01,-3.766700000000000048e-01,-6.286100000000000021e-01,-8.805399999999999894e-01,-1.132460000000000022e+00
Zavg,1.119259999999999922e+00,1.109900000000000109e+00,1.100540000000000074e+00,1.091180000000000039e+00,1.081830000000000069e+00,1.094910000000000050e+00,1.130849999999999911e+00,1.166740000000000110e+00,1.202599999999999891e+00,1.238469999999999960e+00,1.270329999999999959e+00,1.298289999999999944e+00,1.326240000000000085e+00,1.354190000000000005e+00,1.382130000000000081e+00,1.119259999999999922e+00,1.109900000000000109e+00,1.100540000000000074e+00,1.091180000000000039e+00,1.081830000000000069e+00,1.094910000000000050e+00,1.130849999999999911e+00,1.166740000000000110e+00,1.202599999999999891e+00,1.238469999999999960e+00,1.270329999999999959e+00,1.298289999999999944e+00,1.326240000000000085e+00,1.354190000000000005e+00,1.382130000000000081e+00,3.569700000000000095e-01,5.334799999999999542e-01,7.099999999999999645e-01,8.865300000000000402e-01,1.063090000000000090e+00,3.569700000000000095e-01,5.334799999999999542e-01,7.099999999999999645e-01,8.865300000000000402e-01,1.063090000000000090e+00
cd,3.518000000000000294e-02,3.672999999999999876e-02,3.508000000000000007e-02,3.799999999999999906e-02,3.608000000000000096e-02,2.888999999999999901e-02,1.856000000000000011e-02,8.130000000000000074e-03,1.740000000000000010e-03,-1.260000000000000052e-03,4.000000000000000192e-04,-1.469999999999999953e-03,-2.880000000000000181e-03,-3.279999999999999930e-03,-3.050000000000000194e-03,3.493999999999999884e-02,3.654000000000000303e-02,3.488000000000000128e-02,3.776000000000000190e-02,3.590000000000000135e-02,2.875000000000000125e-02,1.815999999999999906e-02,7.550000000000000287e-03,1.500000000000000031e-03,-1.199999999999999895e-03,4.299999999999999894e-04,-1.430000000000000064e-03,-2.820000000000000024e-03,-3.220000000000000206e-03,-2.990000000000000036e-03,-7.729999999999999892e-03,-4.424000000000000155e-02,-3.479000000000000148e-02,-2.939999999999999905e-02,-2.199999999999999872e-02,-7.669999999999999735e-03,-4.429000000000000298e-02,-3.434999999999999859e-02,-2.903000000000000025e-02,-2.179999999999999993e-02
cd*c/cref,5.113724982746722242e-02,4.967693923495949959e-02,4.389935978612635736e-02,4.371233592635027226e-02,3.785786715980891254e-02,2.817993050111560274e-02,1.723767445911810955e-02,7.171498673340168453e-03,1.453701581941345541e-03,-9.939214858590123512e-04,2.931516211381133955e-04,-9.813863092725482167e-04,-1.734764517879756624e-03,-1.761675611570081776e-03,-1.439148693106059211e-03,5.078838854382332346e-02,4.941996623047700127e-02,4.364907837343464519e-02,4.343625801523648411e-02,3.766899753428880337e-02,2.804337147480351691e-02,1.686617285439573344e-02,6.659878841785765377e-03,1.253191018914953008e-03,-9.465918912942973638e-04,3.151379927234718419e-04,-9.546819199045877011e-04,-1.698623590423928298e-03,-1.729449838187702496e-03,-1.410837571274464438e-03,-5.959600192968703310e-03,-3.198497725247408802e-02,-2.350586686834576361e-02,-1.849528633741381878e-02,-1.283709220285835124e-02,-5.913341976723150185e-03,-3.202112663906142576e-02,-2.320858082574524250e-02,-1.826252252976609189e-02,-1.272039136465054864e-02
cl,8.558400000000000452e-01,8.921299999999999786e-01,9.239600000000000035e-01,9.590100000000000291e-01,9.925000000000000488e-01,9.758999999999999897e-01,8.580999999999999739e-01,6.930899999999999839e-01,4.990100000000000091e-01,2.832799999999999763e-01,2.162100000000000133e-01,1.937599999999999878e-01,1.733599999999999863e-01,1.488800000000000123e-01,1.102000000000000063e-01,8.547500000000000098e-01,8.904199999999999893e-01,9.217499999999999583e-01,9.562199999999999589e-01,9.890600000000000502e-01,9.716500000000000137e-01,8.510199999999999987e-01,6.830500000000000460e-01,4.908500000000000085e-01,2.808499999999999885e-01,2.142999999999999905e-01,1.919800000000000118e-01,1.717200000000000115e-01,1.474699999999999900e-01,1.091099999999999987e-01,-6.811000000000000387e-01,-6.939199999999999813e-01,-6.478099999999999969e-01,-5.280200000000000449e-01,-3.295100000000000251e-01,-6.815600000000000547e-01,-6.938800000000000523e-01,-6.461000000000000076e-01,-5.279000000000000359e-01,-3.305899999999999950e-01
cl*c/cref,1.244039337474120099e+00,1.206596455205129814e+00,1.156250070353173065e+00,1.103172823071820519e+00,1.041406129603945407e+00,9.519139555568956190e-01,7.969638175306706929e-01,6.113768776759331836e-01,4.169032335658338084e-01,2.234587924715404628e-01,1.584557800156787266e-01,1.293560620984006426e-01,1.044231863957064410e-01,7.996288568614445813e-02,5.199809376402875910e-02,1.242454925810904109e+00,1.204283698164787308e+00,1.153484460742929540e+00,1.099963417355122708e+00,1.037796621205116621e+00,9.477684136867073894e-01,7.903882391270846686e-01,6.025205619710949367e-01,4.100858744229364805e-01,2.215419438916695072e-01,1.570559810247442456e-01,1.281677167715264132e-01,1.034353343785804902e-01,7.920558001165851902e-02,5.148377505075479171e-02,-5.251078514140988807e-01,-5.016956468136712921e-01,-4.376928892205538824e-01,-3.321728262544640931e-01,-1.922704659892661705e-01,-5.254624977386480600e-01,-5.016667273044015385e-01,-4.365375275549927547e-01,-3.320973352898216047e-01,-1.929006505155882734e-01
cmx,7.724999999999999922e-02,2.789499999999999758e-01,5.277300000000000324e-01,8.390900000000000025e-01,1.228010000000000046e+00,1.880379999999999940e+00,2.502190000000000136e+00,2.779209999999999958e+00,2.608029999999999848e+00,1.866409999999999902e+00,1.708429999999999893e+00,1.699570000000000025e+00,1.704099999999999948e+00,1.659059999999999979e+00,1.413380000000000081e+00,-7.714999999999999636e-02,-2.784200000000000008e-01,-5.264699999999999935e-01,-8.366400000000000503e-01,-1.223740000000000050e+00,-1.872169999999999890e+00,-2.481510000000000105e+00,-2.738900000000000112e+00,-2.565380000000000216e+00,-1.850400000000000045e+00,-1.693340000000000067e+00,-1.683939999999999992e+00,-1.687929999999999930e+00,-1.643340000000000023e+00,-1.399459999999999926e+00,1.489099999999999868e-01,-1.473800000000000110e-01,-4.661299999999999888e-01,-6.820300000000000251e-01,-6.414199999999999902e-01,-1.491099999999999925e-01,1.473099999999999965e-01,4.647800000000000264e-01,6.818899999999999961e-01,6.433699999999999974e-01
cmx*c/cref,1.122897256728778437e-01,3.772769452652314781e-01,6.604050495989870484e-01,9.652258934852960826e-01,1.288521049083063863e+00,1.834163299262296709e+00,2.323919000800686252e+00,2.451549917335022144e+00,2.178906515373843167e+00,1.472273809858824611e+00,1.252072560252467381e+00,1.134649475952615560e+00,1.026462574624615653e+00,8.910748597961768436e-01,6.669062229056530455e-01,-1.121443668046928771e-01,-3.765601258316750299e-01,-6.588282766990292139e-01,-9.624075981426762905e-01,-1.284040641855447973e+00,-1.826155087790709342e+00,-2.304712367836539766e+00,-2.415992339041991066e+00,-2.143274117402695023e+00,-1.459644696375806738e+00,-1.241013415345032289e+00,-1.124214735807084864e+00,-1.016722594675269820e+00,-8.826317071699933958e-01,-6.603380426407230441e-01,1.148051830187541422e-01,-1.065539319048289246e-01,-3.149407796304113383e-01,-4.290591884593995542e-01,-3.742712582162456281e-01,-1.149593770729059883e-01,1.065033227636066476e-01,3.140286519997052550e-01,4.289711156673166048e-01,3.754090913887717096e-01
cmy,-3.887700000000000045e-01,-4.158299999999999774e-01,-4.437599999999999878e-01,-4.738700000000000134e-01,-5.119899999999999451e-01,-5.105399999999999938e-01,-4.405100000000000127e-01,-3.506699999999999817e-01,-2.413399999999999990e-01,-1.101700000000000040e-01,-8.522000000000000408e-02,-8.781999999999999529e-02,-9.353999999999999815e-02,-9.686999999999999778e-02,-8.859999999999999820e-02,-3.885500000000000065e-01,-4.153100000000000125e-01,-4.430499999999999994e-01,-4.728899999999999770e-01,-5.106199999999999628e-01,-5.088099999999999845e-01,-4.371499999999999830e-01,-3.453300000000000258e-01,-2.368200000000000027e-01,-1.092999999999999944e-01,-8.445999999999999341e-02,-8.697000000000000564e-02,-9.259000000000000563e-02,-9.589000000000000301e-02,-8.766000000000000181e-02,2.823729999999999851e+00,3.161659999999999915e+00,3.239749999999999908e+00,2.906559999999999810e+00,1.991000000000000103e+00,2.824860000000000149e+00,3.160779999999999923e+00,3.231040000000000134e+00,2.905079999999999885e+00,1.997449999999999948e+00
cmy*c/cref,-5.651116718426500984e-01,-5.624057076524151544e-01,-5.553243984803715172e-01,-5.451043322478843489e-01,-5.372186642780089061e-01,-4.979917520955195465e-01,-4.091254297406313745e-01,-3.093271143641078136e-01,-2.016300803366231909e-01,-8.690502388657729560e-02,-6.245595288347505908e-02,-5.862948685735726306e-02,-5.634370590363625697e-02,-5.202851112585177296e-02,-4.180608990465470298e-02,-5.647918823326432136e-01,-5.617024131138315113e-01,-5.544358994653159067e-01,-5.439770141108363211e-01,-5.357811565726614544e-01,-4.963042726989487230e-01,-4.060048162609634081e-01,-3.046166835011759333e-01,-1.978537980662928020e-01,-8.621874476538891885e-02,-6.189896480331263245e-02,-5.806201858328811222e-02,-5.577147455225231476e-02,-5.150215682727291022e-02,-4.136254899595971646e-02,2.177011882650907726e+00,2.285841391954277046e+00,2.188937401170542696e+00,1.828491818261003488e+00,1.161756844358680762e+00,2.177883079056865956e+00,2.285205162750340246e+00,2.183052488827246229e+00,1.827560763030412705e+00,1.165520446390882370e+00
cmz,1.672999999999999834e-02,9.979999999999999288e-03,2.749999999999999840e-03,-8.720000000000000320e-03,-1.819000000000000131e-02,-7.141000000000000125e-02,-6.776000000000000079e-02,-4.363000000000000211e-02,-1.682000000000000162e-02,3.160000000000000048e-03,-3.901000000000000301e-02,-2.212000000000000077e-02,-6.870000000000000238e-03,2.210000000000000159e-03,8.689999999999999808e-03,-1.672999999999999834e-02,-1.000999999999999980e-02,-2.820000000000000024e-03,8.559999999999999901e-03,1.803000000000000089e-02,7.104000000000000592e-02,6.643000000000000294e-02,4.105999999999999928e-02,1.531000000000000069e-02,-2.860000000000000129e-03,3.889999999999999708e-02,2.211000000000000118e-02,7.060000000000000303e-03,-1.860000000000000108e-03,-8.309999999999999679e-03,2.088550000000000129e+00,2.418979999999999908e+00,2.445949999999999847e+00,2.194890000000000008e+00,1.553099999999999925e+00,-2.089409999999999989e+00,-2.418489999999999807e+00,-2.438629999999999853e+00,-2.191809999999999814e+00,-1.555069999999999952e+00
cmz*c/cref,2.431853864734299236e-02,1.349784518281774495e-02,3.441369424511045785e-03,-1.003083077046774789e-02,-1.908632493450454840e-02,-6.965485763532935914e-02,-6.293237183996998330e-02,-3.848616077710105554e-02,-1.405244862543300784e-02,2.492691980408316601e-03,-2.858961185149450773e-02,-1.476752732048215375e-02,-4.138136193692336200e-03,1.186982652917646652e-03,4.100394145275952119e-03,-2.431853864734299236e-02,-1.353841986773603526e-02,-3.528967918953145391e-03,9.846778829725219562e-03,1.891844082293111726e-02,6.929395163721885353e-02,6.169712900426810309e-02,3.621915566142033110e-02,1.279090299972528849e-02,-2.256044007584742314e-03,2.850899515568152201e-02,1.476085122314016451e-02,4.252582463969125683e-03,-9.989989748537659274e-04,-3.921090373675852753e-03,1.610209958994150981e+00,1.748892863340636650e+00,1.652606354315329762e+00,1.380786361534905193e+00,9.062403591026956251e-01,-1.610872993427003630e+00,-1.748538599352080780e+00,-1.647660595606611933e+00,-1.378848760109080862e+00,-9.073898623590425094e-01
cs,3.991000000000000103e-02,4.164000000000000340e-02,4.272999999999999715e-02,4.427999999999999992e-02,4.558999999999999858e-02,-3.106000000000000080e-02,-2.776999999999999955e-02,-2.299999999999999961e-02,-1.719000000000000042e-02,-1.269999999999999948e-02,-8.230999999999999428e-02,-7.084999999999999631e-02,-6.106999999999999929e-02,-5.045999999999999791e-02,-3.651999999999999691e-02,-3.984999999999999654e-02,-4.157000000000000278e-02,-4.265000000000000041e-02,-4.417000000000000093e-02,-4.546000000000000041e-02,3.085999999999999854e-02,2.742999999999999952e-02,2.256000000000000019e-02,1.683000000000000121e-02,1.255000000000000039e-02,8.155999999999999361e-02,7.019000000000000239e-02,6.049000000000000210e-02,4.998999999999999971e-02,3.617999999999999688e-02,5.093699999999999894e-01,5.344900000000000206e-01,4.893000000000000127e-01,3.954099999999999837e-01,2.514100000000000223e-01,-5.097300000000000164e-01,-5.345100000000000406e-01,-4.878700000000000259e-01,-3.950500000000000123e-01,-2.518299999999999983e-01
cs*c/cref,5.801272429261559310e-02,5.631766266658626979e-02,5.347262382158435301e-02,5.093637460049448007e-02,4.783647904145477137e-02,-3.029659540895294698e-02,-2.579149890785074548e-02,-2.028837263060564305e-02,-1.436156907676536254e-02,-1.001809751619798031e-02,-6.032327483969527476e-02,-4.730014966800002302e-02,-3.678544066212386526e-02,-2.710187541458119673e-02,-1.723203615483058157e-02,-5.792550897170462010e-02,-5.622298840177692575e-02,-5.337251125650767369e-02,-5.080983889123399239e-02,-4.770007320080136420e-02,3.010151108564996375e-02,2.547572254383672838e-02,1.990024724115057805e-02,1.406080323222577352e-02,9.899773529786194681e-03,5.977361555006131116e-02,4.685952724342867803e-02,3.643607836338419448e-02,2.684944018975255961e-02,1.707160646445154625e-02,3.927091268166194582e-01,3.864297127412946731e-01,3.305955923737161073e-01,2.487490194107754293e-01,1.466987886691190068e-01,-3.929866761140928255e-01,-3.864441724959296054e-01,-3.296294127352644154e-01,-2.485225465168479364e-01,-1.469438604293553940e-01
cx,3.518000000000000294e-02,3.672999999999999876e-02,3.508000000000000007e-02,3.799999999999999906e-02,3.608000000000000096e-02,2.888999999999999901e-02,1.856000000000000011e-02,8.130000000000000074e-03,1.740000000000000010e-03,-1.260000000000000052e-03,4.000000000000000192e-04,-1.469999999999999953e-03,-2.880000000000000181e-03,-3.279999999999999930e-03,-3.050000000000000194e-03,3.493999999999999884e-02,3.654000000000000303e-02,3.488000000000000128e-02,3.776000000000000190e-02,3.590000000000000135e-02,2.875000000000000125e-02,1.815999999999999906e-02,7.550000000000000287e-03,1.500000000000000031e-03,-1.199999999999999895e-03,4.299999999999999894e-04,-1.430000000000000064e-03,-2.820000000000000024e-03,-3.220000000000000206e-03,-2.990000000000000036e-03,-7.729999999999999892e-03,-4.424000000000000155e-02,-3.479000000000000148e-02,-2.939999999999999905e-02,-2.199999999999999872e-02,-7.669999999999999735e-03,-4.429000000000000298e-02,-3.434999999999999859e-02,-2.903000000000000025e-02,-2.179999999999999993e-02
cx*c/cref,5.113724982746722242e-02,4.967693923495949959e-02,4.389935978612635736e-02,4.371233592635027226e-02,3.785786715980891254e-02,2.817993050111560274e-02,1.723767445911810955e-02,7.171498673340168453e-03,1.453701581941345541e-03,-9.939214858590123512e-04,2.931516211381133955e-04,-9.813863092725482167e-04,-1.734764517879756624e-03,-1.761675611570081776e-03,-1.439148693106059211e-03,5.078838854382332346e-02,4.941996623047700127e-02,4.364907837343464519e-02,4.343625801523648411e-02,3.766899753428880337e-02,2.804337147480351691e-02,1.686617285439573344e-02,6.659878841785765377e-03,1.253191018914953008e-03,-9.465918912942973638e-04,3.151379927234718419e-04,-9.546819199045877011e-04,-1.698623590423928298e-03,-1.729449838187702496e-03,-1.410837571274464438e-03,-5.959600192968703310e-03,-3.198497725247408802e-02,-2.350586686834576361e-02,-1.849528633741381878e-02,-1.283709220285835124e-02,-5.913341976723150185e-03,-3.202112663906142576e-02,-2.320858082574524250e-02,-1.826252252976609189e-02,-1.272039136465054864e-02
cy,3.991000000000000103e-02,4.164000000000000340e-02,4.272999999999999715e-02,4.427999999999999992e-02,4.558999999999999858e-02,-3.106000000000000080e-02,-2.776999999999999955e-02,-2.299999999999999961e-02,-1.719000000000000042e-02,-1.269999999999999948e-02,-8.230999999999999428e-02,-7.084999999999999631e-02,-6.106999999999999929e-02,-5.045999999999999791e-02,-3.651999999999999691e-02,-3.984999999999999654e-02,-4.157000000000000278e-02,-4.265000000000000041e-02,-4.417000000000000093e-02,-4.546000000000000041e-02,3.085999999999999854e-02,2.742999999999999952e-02,2.256000000000000019e-02,1.683000000000000121e-02,1.255000000000000039e-02,8.155999999999999361e-02,7.019000000000000239e-02,6.049000000000000210e-02,4.998999999999999971e-02,3.617999999999999688e-02,5.093699999999999894e-01,5.344900000000000206e-01,4.893000000000000127e-01,3.954099999999999837e-01,2.514100000000000223e-01,-5.097300000000000164e-01,-5.345100000000000406e-01,-4.878700000000000259e-01,-3.950500000000000123e-01,-2.518299999999999983e-01
cy*c/cref,5.801272429261559310e-02,5.631766266658626979e-02,5.347262382158435301e-02,5.093637460049448007e-02,4.783647904145477137e-02,-3.029659540895294698e-02,-2.579149890785074548e-02,-2.028837263060564305e-02,-1.436156907676536254e-02,-1.001809751619798031e-02,-6.032327483969527476e-02,-4.730014966800002302e-02,-3.678544066212386526e-02,-2.710187541458119673e-02,-1.723203615483058157e-02,-5.792550897170462010e-02,-5.622298840177692575e-02,-5.337251125650767369e-02,-5.080983889123399239e-02,-4.770007320080136420e-02,3.010151108564996375e-02,2.547572254383672838e-02,1.990024724115057805e-02,1.406080323222577352e-02,9.899773529786194681e-03,5.977361555006131116e-02,4.685952724342867803e-02,3.643607836338419448e-02,2.684944018975255961e-02,1.707160646445154625e-02,3.927091268166194582e-01,3.864297127412946731e-01,3.305955923737161073e-01,2.487490194107754293e-01,1.466987886691190068e-01,-3.929866761140928255e-01,-3.864441724959296054e-01,-3.296294127352644154e-01,-2.485225465168479364e-01,-1.469438604293553940e-01
cz,8.558400000000000452e-01,8.921299999999999786e-01,9.239600000000000035e-01,9.590100000000000291e-01,9.925000000000000488e-01,9.758999999999999897e-01,8.580999999999999739e-01,6.930899999999999839e-01,4.990100000000000091e-01,2.832799999999999763e-01,2.162100000000000133e-01,1.937599999999999878e-01,1.733599999999999863e-01,1.488800000000000123e-01,1.102000000000000063e-01,8.547500000000000098e-01,8.904199999999999893e-01,9.217499999999999583e-01,9.562199999999999589e-01,9.890600000000000502e-01,9.716500000000000137e-01,8.510199999999999987e-01,6.830500000000000460e-01,4.908500000000000085e-01,2.808499999999999885e-01,2.142999999999999905e-01,1.919800000000000118e-01,1.717200000000000115e-01,1.474699999999999900e-01,1.091099999999999987e-01,-6.811000000000000387e-01,-6.939199999999999813e-01,-6.478099999999999969e-01,-5.280200000000000449e-01,-3.295100000000000251e-01,-6.815600000000000547e-01,-6.938800000000000523e-01,-6.461000000000000076e-01,-5.279000000000000359e-01,-3.305899999999999950e-01
cz*c/cref,1.244039337474120099e+00,1.206596455205129814e+00,1.156250070353173065e+00,1.103172823071820519e+00,1.041406129603945407e+00,9.519139555568956190e-01,7.969638175306706929e-01,6.113768776759331836e-01,4.169032335658338084e-01,2.234587924715404628e-01,1.584557800156787266e-01,1.293560620984006426e-01,1.044231863957064410e-01,7.996288568614445813e-02,5.199809376402875910e-02,1.242454925810904109e+00,1.204283698164787308e+00,1.153484460742929540e+00,1.099963417355122708e+00,1.037796621205116621e+00,9.477684136867073894e-01,7.903882391270846686e-01,6.025205619710949367e-01,4.100858744229364805e-01,2.215419438916695072e-01,1.570559810247442456e-01,1.281677167715264132e-01,1.034353343785804902e-01,7.920558001165851902e-02,5.148377505075479171e-02,-5.251078514140988807e-01,-5.016956468136712921e-01,-4.376928892205538824e-01,-3.321728262544640931e-01,-1.922704659892661705e-01,-5.254624977386480600e-01,-5.016667273044015385e-01,-4.365375275549927547e-01,-3.320973352898216047e-01,-1.929006505155882734e-01
Results_Name,VSPAERO_Comp_Load
Results_Timestamp,1749672324
Results_Date,6,11,2025
Results_Time,16,5,24
AoA,0.000000000000000000e+00,0.000000000000000000e+00,0.000000000000000000e+00,0.000000000000000000e+00,0.000000000000000000e+00,0.000000000000000000e+00,0.000000000000000000e+00,0.000000000000000000e+00,0.000000000000000000e+00
Beta,0.000000000000000000e+00,0.000000000000000000e+00,0.000000000000000000e+00,0.000000000000000000e+00,0.000000000000000000e+00,0.000000000000000000e+00,0.000000000000000000e+00,0.000000000000000000e+00,0.000000000000000000e+00
CDi,0.000000000000000000e+00,9.860000000000000708e-03,9.740000000000000394e-03,-2.060000000000000199e-03,-2.050000000000000173e-03,0.000000000000000000e+00,0.000000000000000000e+00,0.000000000000000000e+00,0.000000000000000000e+00
CFx,0.000000000000000000e+00,9.860000000000000708e-03,9.740000000000000394e-03,-2.060000000000000199e-03,-2.050000000000000173e-03,0.000000000000000000e+00,0.000000000000000000e+00,0.000000000000000000e+00,0.000000000000000000e+00
CFy,0.000000000000000000e+00,-1.539999999999999919e-03,1.440000000000000091e-03,3.339000000000000301e-02,-3.337999999999999995e-02,0.000000000000000000e+00,0.000000000000000000e+00,0.000000000000000000e+00,0.000000000000000000e+00
CFz,0.000000000000000000e+00,3.760700000000000154e-01,3.735999999999999877e-01,-4.413000000000000256e-02,-4.411999999999999950e-02,0.000000000000000000e+00,0.000000000000000000e+00,0.000000000000000000e+00,0.000000000000000000e+00
CL,0.000000000000000000e+00,3.760700000000000154e-01,3.735999999999999877e-01,-4.413000000000000256e-02,-4.411999999999999950e-02,0.000000000000000000e+00,0.000000000000000000e+00,0.000000000000000000e+00,0.000000000000000000e+00
Cmx,0.000000000000000000e+00,6.675000000000000377e-02,-6.611000000000000210e-02,-1.299999999999999940e-03,1.299999999999999940e-03,1.000000000000000082e-05,-1.000000000000000082e-05,-0.000000000000000000e+00,0.000000000000000000e+00
Cmy,0.000000000000000000e+00,-1.939200000000000090e-01,-1.928600000000000037e-01,1.473200000000000065e-01,1.472700000000000120e-01,-5.969999999999999613e-03,-5.989999999999999665e-03,-0.000000000000000000e+00,-0.000000000000000000e+00
Cmz,0.000000000000000000e+00,-1.020000000000000073e-03,9.899999999999999946e-04,9.390000000000000777e-03,-9.379999999999999449e-03,1.900000000000000105e-04,-1.900000000000000105e-04,1.000000000000000082e-05,1.000000000000000082e-05
Comp_ID,0,1,2,3,4,5,6,7,8
Comp_Name,NONE,main_wing,main_wing,horizontal_tail,horizontal_tail,fuselage,fuselage,fuselage,fuselage
Cs,0.000000000000000000e+00,-1.539999999999999919e-03,1.440000000000000091e-03,3.339000000000000301e-02,-3.337999999999999995e-02,0.000000000000000000e+00,0.000000000000000000e+00,0.000000000000000000e+00,0.000000000000000000e+00
Mach,1.499999999999999944e-01,1.499999999999999944e-01,1.499999999999999944e-01,1.499999999999999944e-01,1.499999999999999944e-01,1.499999999999999944e-01,1.499999999999999944e-01,1.499999999999999944e-01,1.499999999999999944e-01
Results_Name,VSPAERO_Load
Results_Timestamp,1749672324
Results_Date,6,11,2025
Results_Time,16,5,24
AnalysisMethod,0
Chord,1.735549999999999926e+00,1.614840000000000053e+00,1.494150000000000089e+00,1.373459999999999903e+00,1.252809999999999979e+00,1.164630000000000054e+00,1.108910000000000062e+00,1.053209999999999980e+00,9.975199999999999623e-01,9.418400000000000105e-01,8.750400000000000400e-01,7.971099999999999852e-01,7.191899999999999959e-01,6.412799999999999612e-01,5.633799999999999919e-01,1.735549999999999926e+00,1.614840000000000053e+00,1.494150000000000089e+00,1.373459999999999903e+00,1.252809999999999979e+00,1.164630000000000054e+00,1.108910000000000062e+00,1.053209999999999980e+00,9.975199999999999623e-01,9.418400000000000105e-01,8.750400000000000400e-01,7.971099999999999852e-01,7.191899999999999959e-01,6.412799999999999612e-01,5.633799999999999919e-01,9.205200000000000049e-01,8.632300000000000528e-01,8.067100000000000382e-01,7.511200000000000099e-01,6.966900000000000315e-01,9.205200000000000049e-01,8.632300000000000528e-01,8.067100000000000382e-01,7.511200000000000099e-01,6.966900000000000315e-01
FC_AoA_,1.000000000000000000e+00
FC_Beta_,0.000000000000000000e+00
FC_Bref_,1.417173599999999922e+01
FC_Cref_,1.193975999999999926e+00
FC_Mach_,1.499999999999999944e-01
FC_Pitch_Rate,0.000000000000000000e+00
FC_Rho_,2.377000000000000206e-03
FC_Roll__Rate,0.000000000000000000e+00
FC_Sref_,1.619368700000000061e+01
FC_Vinf_,5.100000000000000000e+01
FC_Xcg_,1.785187999999999997e+00
FC_Yaw___Rate,0.000000000000000000e+00
FC_Ycg_,-0.000000000000000000e+00
FC_Zcg_,7.542510000000000048e-01
S,3.314000000000000279e-02,8.981999999999999706e-02,1.368900000000000117e-01,1.839600000000000124e-01,2.310300000000000131e-01,2.997400000000000064e-01,4.117600000000000149e-01,5.454599999999999449e-01,6.791599999999999859e-01,8.128699999999999815e-01,9.157600000000000184e-01,9.578200000000000047e-01,9.698700000000000099e-01,9.819200000000000150e-01,9.939700000000000202e-01,3.314000000000000279e-02,8.981999999999999706e-02,1.368900000000000117e-01,1.839600000000000124e-01,2.310300000000000131e-01,2.997400000000000064e-01,4.117600000000000149e-01,5.454599999999999449e-01,6.791599999999999859e-01,8.128699999999999815e-01,9.157600000000000184e-01,9.578200000000000047e-01,9.698700000000000099e-01,9.819200000000000150e-01,9.939700000000000202e-01,1.026500000000000051e-01,3.046400000000000219e-01,5.033100000000000351e-01,7.019900000000000029e-01,9.006600000000000161e-01,1.026500000000000051e-01,3.046400000000000219e-01,5.033100000000000351e-01,7.019900000000000029e-01,9.006600000000000161e-01
V/Vref,9.674700000000000522e-01,9.706399999999999473e-01,9.747999999999999998e-01,9.762300000000000422e-01,9.812400000000000011e-01,9.853800000000000336e-01,9.917300000000000004e-01,9.970599999999999463e-01,1.000389999999999890e+00,1.002040000000000042e+00,1.008780000000000010e+00,1.007819999999999938e+00,1.007810000000000095e+00,1.007149999999999990e+00,1.007660000000000000e+00,9.675700000000000411e-01,9.707099999999999618e-01,9.748400000000000398e-01,9.762899999999999912e-01,9.812300000000000466e-01,9.853499999999999481e-01,9.916899999999999604e-01,9.969000000000000083e-01,1.000469999999999970e+00,1.002019999999999911e+00,1.008699999999999930e+00,1.007740000000000080e+00,1.007740000000000080e+00,1.007090000000000041e+00,1.007600000000000051e+00,9.550899999999999945e-01,9.577499999999999902e-01,9.736399999999999499e-01,9.878799999999999804e-01,9.908000000000000140e-01,9.547299999999999676e-01,9.577499999999999902e-01,9.734399999999999720e-01,9.877500000000000169e-01,9.907299999999999995e-01
WingId,1,1,1,1,1,1,1,1,1,1,1,1,1,1,1,2,2,2,2,2,2,2,2,2,2,2,2,2,2,2,3,3,3,3,3,4,4,4,4,4
Xavg,2.392879999999999896e+00,2.382319999999999993e+00,2.371750000000000025e+00,2.361190000000000122e+00,2.350620000000000154e+00,2.337899999999999867e+00,2.323770000000000113e+00,2.309619999999999784e+00,2.295469999999999899e+00,2.281299999999999883e+00,2.284749999999999837e+00,2.305000000000000160e+00,2.325239999999999974e+00,2.345470000000000166e+00,2.365699999999999914e+00,2.392879999999999896e+00,2.382319999999999993e+00,2.371750000000000025e+00,2.361190000000000122e+00,2.350620000000000154e+00,2.337899999999999867e+00,2.323770000000000113e+00,2.309619999999999784e+00,2.295469999999999899e+00,2.281299999999999883e+00,2.284749999999999837e+00,2.305000000000000160e+00,2.325239999999999974e+00,2.345470000000000166e+00,2.365699999999999914e+00,5.819969999999999644e+00,5.917910000000000004e+00,6.015850000000000364e+00,6.113780000000000214e+00,6.211730000000000196e+00,5.819969999999999644e+00,5.917910000000000004e+00,6.015850000000000364e+00,6.113780000000000214e+00,6.211730000000000196e+00
Yavg,1.718899999999999872e-01,5.195499999999999563e-01,8.671900000000000164e-01,1.214800000000000102e+00,1.562359999999999971e+00,2.228590000000000071e+00,3.216559999999999864e+00,4.204550000000000232e+00,5.192569999999999908e+00,6.180620000000000225e+00,6.716649999999999565e+00,6.791660000000000252e+00,6.866660000000000430e+00,6.941650000000000098e+00,7.016610000000000014e+00,-1.718899999999999872e-01,-5.195499999999999563e-01,-8.671900000000000164e-01,-1.214800000000000102e+00,-1.562359999999999971e+00,-2.228590000000000071e+00,-3.216559999999999864e+00,-4.204550000000000232e+00,-5.192569999999999908e+00,-6.180620000000000225e+00,-6.716649999999999565e+00,-6.791660000000000252e+00,-6.866660000000000430e+00,-6.941650000000000098e+00,-7.016610000000000014e+00,1.247400000000000037e-01,3.766700000000000048e-01,6.286100000000000021e-01,8.805399999999999894e-01,1.132460000000000022e+00,-1.247400000000000037e-01,-3.766700000000000048e-01,-6.286100000000000021e-01,-8.805399999999999894e-01,-1.132460000000000022e+00
Zavg,1.119259999999999922e+00,1.109900000000000109e+00,1.100540000000000074e+00,1.091180000000000039e+00,1.081830000000000069e+00,1.094910000000000050e+00,1.130849999999999911e+00,1.166740000000000110e+00,1.202599999999999891e+00,1.238469999999999960e+00,1.270329999999999959e+00,1.298289999999999944e+00,1.326240000000000085e+00,1.354190000000000005e+00,1.382130000000000081e+00,1.119259999999999922e+00,1.109900000000000109e+00,1.100540000000000074e+00,1.091180000000000039e+00,1.081830000000000069e+00,1.094910000000000050e+00,1.130849999999999911e+00,1.166740000000000110e+00,1.202599999999999891e+00,1.238469999999999960e+00,1.270329999999999959e+00,1.298289999999999944e+00,1.326240000000000085e+00,1.354190000000000005e+00,1.382130000000000081e+00,3.569700000000000095e-01,5.334799999999999542e-01,7.099999999999999645e-01,8.865300000000000402e-01,1.063090000000000090e+00,3.569700000000000095e-01,5.334799999999999542e-01,7.099999999999999645e-01,8.865300000000000402e-01,1.063090000000000090e+00
cd,4.236000000000000182e-02,4.352000000000000313e-02,4.173999999999999932e-02,4.392999999999999683e-02,4.120999999999999663e-02,3.302000000000000074e-02,2.212000000000000077e-02,1.080000000000000057e-02,3.559999999999999797e-03,-2.500000000000000052e-04,2.119999999999999923e-03,-1.139999999999999954e-03,-3.749999999999999861e-03,-4.519999999999999712e-03,-4.429999999999999910e-03,4.207000000000000323e-02,4.329000000000000209e-02,4.145000000000000073e-02,4.365999999999999742e-02,4.102000000000000091e-02,3.286000000000000032e-02,2.170000000000000054e-02,1.008000000000000042e-02,3.160000000000000048e-03,-1.700000000000000122e-04,2.160000000000000028e-03,-1.080000000000000014e-03,-3.670000000000000085e-03,-4.429999999999999910e-03,-4.349999999999999700e-03,-1.376999999999999925e-02,-4.764000000000000179e-02,-4.227999999999999814e-02,-3.327999999999999708e-02,-2.339000000000000107e-02,-1.367999999999999945e-02,-4.714999999999999747e-02,-4.365000000000000130e-02,-3.311999999999999666e-02,-2.333999999999999964e-02
cd*c/cref,6.157401656314699656e-02,5.886034292146576780e-02,5.223373082876037882e-02,5.053376098012019729e-02,4.324065148713206880e-02,3.220842177732215900e-02,2.054403874114722750e-02,9.526714104806127681e-03,2.974240018224821782e-03,-1.972066440196452932e-04,1.553703592032000709e-03,-7.610750969868740985e-04,-2.258807965989266271e-03,-2.427674928139258916e-03,-2.090304495232734889e-03,6.115247584541062820e-02,5.854927033709220879e-02,5.187082278035740068e-02,5.022317333011717955e-02,4.304128910463862756e-02,3.205235431867977519e-02,2.015396205618873518e-02,8.891599831152386529e-03,2.640055746514167849e-03,-1.341005179333588058e-04,1.583018754145812260e-03,-7.210185129349333793e-04,-2.210620062714828502e-03,-2.379336268065689562e-03,-2.052556332790608958e-03,-1.061626062835433967e-02,-3.444313554041287390e-02,-2.856648609352282001e-02,-2.093616086085482372e-02,-1.364816302840258372e-02,-1.054687330398600999e-02,-3.408887155185699042e-02,-2.949212672616535399e-02,-2.083550624133148274e-02,-1.361898781885063220e-02
cl,9.273799999999999821e-01,9.689200000000000035e-01,1.006690000000000085e+00,1.047789999999999999e+00,1.087590000000000057e+00,1.074340000000000073e+00,9.565500000000000114e-01,7.905999999999999694e-01,5.932899999999999840e-01,3.675100000000000033e-01,2.887000000000000122e-01,2.632700000000000040e-01,2.401699999999999946e-01,2.108700000000000019e-01,1.607699999999999962e-01,9.262700000000000378e-01,9.671399999999999997e-01,1.004350000000000076e+00,1.044929999999999914e+00,1.084140000000000104e+00,1.069989999999999997e+00,9.491699999999999582e-01,7.794799999999999507e-01,5.832300000000000262e-01,3.647500000000000187e-01,2.865500000000000269e-01,2.612800000000000122e-01,2.383399999999999963e-01,2.093000000000000138e-01,1.595699999999999896e-01,-6.530799999999999939e-01,-6.613900000000000334e-01,-6.114500000000000490e-01,-5.026199999999999557e-01,-3.025200000000000111e-01,-6.536100000000000243e-01,-6.614200000000000079e-01,-6.107900000000000551e-01,-5.031600000000000517e-01,-3.023399999999999976e-01
cl*c/cref,1.348029071773636955e+00,1.310454123700979023e+00,1.259778976713100018e+00,1.205298643691330440e+00,1.141181755663430497e+00,1.047934459486622893e+00,8.883996499929647239e-01,6.973907565981225520e-01,4.956704664080349709e-01,2.899016549746393778e-01,2.115821825564333236e-01,1.757616147225739833e-01,1.446661091177712244e-01,1.132574805523729189e-01,7.585965094775774797e-02,1.346415588336784097e+00,1.308046692395827160e+00,1.256850684184606992e+00,1.202008715250557636e+00,1.137561754507628420e+00,1.043691375454783188e+00,8.815454453858369011e-01,6.875817694828036952e-01,4.872657319745120619e-01,2.877244936246625140e-01,2.100064925928159798e-01,1.744330713515179487e-01,1.435638108303684546e-01,1.124142394822006535e-01,7.529342851112584556e-02,-5.035052644274257139e-01,-4.781768558999511254e-01,-4.131262517002017298e-01,-3.161939054051337572e-01,-1.765216878731231120e-01,-5.039138786709281836e-01,-4.781985455319035516e-01,-4.126803226363009447e-01,-3.165336147460250937e-01,-1.764166571187360810e-01
cmx,8.404999999999999971e-02,3.034700000000000175e-01,5.756400000000000405e-01,9.176400000000000112e-01,1.346680000000000099e+00,2.070969999999999978e+00,2.790099999999999802e+00,3.170679999999999943e+00,3.100800000000000001e+00,2.421159999999999979e+00,2.279990000000000183e+00,2.306929999999999925e+00,2.357369999999999965e+00,2.345499999999999918e+00,2.057780000000000165e+00,-8.394999999999999685e-02,-3.029200000000000226e-01,-5.743000000000000327e-01,-9.151299999999999990e-01,-1.342410000000000103e+00,-2.062570000000000014e+00,-2.768539999999999779e+00,-3.125980000000000203e+00,-3.048150000000000137e+00,-2.402979999999999894e+00,-2.263009999999999966e+00,-2.289439999999999920e+00,-2.339430000000000121e+00,-2.328129999999999811e+00,-2.042450000000000099e+00,1.417200000000000126e-01,-1.409400000000000097e-01,-4.399199999999999777e-01,-6.489200000000000523e-01,-5.885899999999999466e-01,-1.419400000000000106e-01,1.408300000000000107e-01,4.393500000000000183e-01,6.494600000000000373e-01,5.881300000000000416e-01
cmx*c/cref,1.221741287094547934e-01,4.104399877384470874e-01,7.203599620092867584e-01,1.055583893143580809e+00,1.413038596085683718e+00,2.020068905153872496e+00,2.591316568339732118e+00,2.796866840539508292e+00,2.590596474300991048e+00,1.909875352938417592e+00,1.670956911696718006e+00,1.540128924115727660e+00,1.419958969275764371e+00,1.259759191139520285e+00,9.709676713769792578e-01,-1.220287698412698268e-01,-4.096961185149450846e-01,-7.186830765442522306e-01,-1.052696578323182308e+00,-1.408558188858067828e+00,-2.011875363575147180e+00,-2.571292631845196297e+00,-2.757436829383505650e+00,-2.546609469537076009e+00,-1.895534485785308920e+00,-1.658512625379404914e+00,-1.528452429864586737e+00,-1.409152831966471897e+00,-1.250429829745321353e+00,-9.637341797490067696e-01,1.092619067719954318e-01,-1.018978909123801624e-01,-2.972319905927757189e-01,-4.082299731317882707e-01,-3.434447318036543684e-01,-1.094315202315624680e-01,1.018183622618880207e-01,2.968468700375887503e-01,4.085696824726795517e-01,3.431763198757764588e-01
cmy,-3.960600000000000231e-01,-4.253600000000000159e-01,-4.556499999999999995e-01,-4.895499999999999852e-01,-5.322799999999999754e-01,-5.346300000000000496e-01,-4.659400000000000208e-01,-3.769700000000000273e-01,-2.676799999999999735e-01,-1.336400000000000088e-01,-1.086799999999999988e-01,-1.162200000000000039e-01,-1.284700000000000009e-01,-1.375899999999999901e-01,-1.313900000000000068e-01,-3.958400000000000252e-01,-4.248000000000000109e-01,-4.548699999999999966e-01,-4.885200000000000098e-01,-5.309300000000000130e-01,-5.328600000000000003e-01,-4.624099999999999877e-01,-3.710100000000000064e-01,-2.618599999999999817e-01,-1.326199999999999879e-01,-1.078100000000000031e-01,-1.152500000000000052e-01,-1.273900000000000032e-01,-1.364700000000000080e-01,-1.303199999999999914e-01,2.704769999999999897e+00,3.013020000000000032e+00,3.047299999999999898e+00,2.767970000000000041e+00,1.828580000000000094e+00,2.706090000000000106e+00,3.011919999999999931e+00,3.042759999999999909e+00,2.769960000000000200e+00,1.827069999999999972e+00
cmy*c/cref,-5.757083333333333774e-01,-5.752949325614585829e-01,-5.702036284648938080e-01,-5.631414224406520175e-01,-5.585084681769147963e-01,-5.214896588373636455e-01,-4.327436442608562084e-01,-3.325264274156264910e-01,-2.236361146287697277e-01,-1.054187836271416046e-01,-7.964929546322539744e-02,-7.758960330860921462e-02,-7.738374917083760962e-02,-7.389906932802668693e-02,-6.199663829088692540e-02,-5.753885438233264926e-01,-5.745375384429838306e-01,-5.692275309553961327e-01,-5.619565880721220097e-01,-5.570919459855140365e-01,-5.197631625761321983e-01,-4.294651425991812266e-01,-3.272690925948260610e-01,-2.187737334753797336e-01,-1.046141805195414248e-01,-7.901169068725000244e-02,-7.694202186643618602e-02,-7.673321247663270062e-02,-7.329752155822227833e-02,-6.149175661822348093e-02,2.085297259241392087e+00,2.178376495507447608e+00,2.058908540037655666e+00,1.741306045012630088e+00,1.066984093650123810e+00,2.086314939998794138e+00,2.177581209002525942e+00,2.055841088598096000e+00,1.742557936842951793e+00,1.066103002321654891e+00
cmz,1.790999999999999884e-02,1.358999999999999965e-02,9.520000000000000684e-03,2.769999999999999893e-03,-1.800000000000000113e-04,-4.399999999999999745e-02,-3.025999999999999870e-02,1.900000000000000105e-04,2.700999999999999929e-02,3.733000000000000207e-02,-2.322000000000000106e-02,3.950000000000000386e-03,3.031000000000000014e-02,4.372000000000000192e-02,4.918000000000000149e-02,-1.789999999999999925e-02,-1.362000000000000016e-02,-9.620000000000000079e-03,-2.909999999999999826e-03,8.000000000000000654e-05,4.374999999999999722e-02,2.921999999999999945e-02,-2.589999999999999854e-03,-2.846999999999999878e-02,-3.652999999999999997e-02,2.347000000000000128e-02,-3.559999999999999797e-03,-2.963000000000000009e-02,-4.279999999999999777e-02,-4.827000000000000041e-02,1.992310000000000025e+00,2.298259999999999970e+00,2.300159999999999982e+00,2.058969999999999967e+00,1.411259999999999959e+00,-1.993219999999999992e+00,-2.297639999999999905e+00,-2.301060000000000105e+00,-2.057119999999999838e+00,-1.408910000000000107e+00
cmz*c/cref,2.603377329192546261e-02,1.838033226798528597e-02,1.191339524412551171e-02,3.186399224105007037e-03,-1.888696255201109794e-04,-4.291855112665581007e-02,-2.810409639724751815e-02,1.675995999919596723e-04,2.256579294726191939e-02,2.944689608501343744e-02,-1.701745160706748250e-02,2.637058450086099317e-03,1.825719185310257717e-02,2.348184687129389533e-02,2.320568286129704588e-02,-2.601923740510696942e-02,-1.842090695290357627e-02,-1.203853595047136779e-02,-3.347444672254718239e-03,8.394205578671600290e-05,4.267469572252708537e-02,2.713819222496934719e-02,-2.284647178837765670e-03,-2.378556553900580683e-02,-2.881583482415057268e-02,1.720067137027880139e-02,-2.376690653748484046e-03,-1.784759467526985527e-02,-2.298771834609740841e-02,-2.277629751351786108e-02,1.536011780136284255e+00,1.661613784364174951e+00,1.554103326700034371e+00,1.295280262249827397e+00,8.234761246457216188e-01,-1.536713363082675254e+00,-1.661165531970491882e+00,-1.554711411787171871e+00,-1.294116443211588807e+00,-8.221048897967800917e-01
cs,4.204000000000000098e-02,4.395000000000000295e-02,4.531000000000000305e-02,4.717999999999999972e-02,4.886000000000000065e-02,-3.493000000000000271e-02,-3.160999999999999921e-02,-2.681000000000000050e-02,-2.085000000000000048e-02,-1.718000000000000083e-02,-1.078899999999999998e-01,-9.347999999999999365e-02,-8.147999999999999687e-02,-6.812999999999999612e-02,-5.052000000000000240e-02,-4.197000000000000036e-02,-4.388000000000000234e-02,-4.521000000000000019e-02,-4.705999999999999767e-02,-4.873000000000000248e-02,3.472000000000000086e-02,3.126000000000000306e-02,2.631999999999999965e-02,2.042000000000000065e-02,1.702000000000000041e-02,1.070699999999999985e-01,9.277000000000000524e-02,8.086999999999999744e-02,6.765999999999999792e-02,5.018000000000000238e-02,4.860800000000000121e-01,5.083100000000000396e-01,4.621700000000000252e-01,3.719600000000000128e-01,2.292800000000000116e-01,-4.864600000000000035e-01,-5.083499999999999686e-01,-4.623499999999999832e-01,-3.717799999999999994e-01,-2.289700000000000069e-01
cs*c/cref,6.110886818495513823e-02,5.944191340529458856e-02,5.670125404530745178e-02,5.427231602645279235e-02,5.126761057173679498e-02,-3.407147706486562955e-02,-2.935791431318552497e-02,-2.364918566202335939e-02,-1.741935516291784683e-02,-1.355204057703002576e-02,-7.907032101147762337e-02,-6.240815795292366935e-02,-4.907937948501477771e-02,-3.659236567569196935e-02,-2.383796458220266076e-02,-6.100711697722566856e-02,-5.934723914048524451e-02,-5.657611333896159223e-02,-5.413427707089589480e-02,-5.113120473108338088e-02,3.386663852539750080e-02,2.903285040905345324e-02,2.321695511467567266e-02,1.706010707082889627e-02,1.342582832485745246e-02,7.846936018814450187e-02,6.193415504164238167e-02,4.871194672254718777e-02,3.633993045086333223e-02,2.367753489182362198e-02,3.747532292106374729e-01,3.675018939241660454e-01,3.122652052470066830e-01,2.339968267368858490e-01,1.337858409214255917e-01,-3.750461979135259472e-01,-3.675308134334358545e-01,-3.123868222644341497e-01,-2.338835902899220887e-01,-1.336049546222034812e-01
cx,2.616999999999999882e-02,2.659999999999999865e-02,2.416000000000000092e-02,2.563999999999999960e-02,2.222000000000000017e-02,1.426000000000000011e-02,5.420000000000000338e-03,-3.000000000000000062e-03,-6.790000000000000029e-03,-6.660000000000000121e-03,-2.919999999999999853e-03,-5.729999999999999850e-03,-7.939999999999999142e-03,-8.200000000000000691e-03,-7.230000000000000315e-03,2.588999999999999982e-02,2.639999999999999986e-02,2.392000000000000029e-02,2.542000000000000162e-02,2.208999999999999853e-02,1.417999999999999990e-02,5.130000000000000011e-03,-3.530000000000000152e-03,-7.020000000000000198e-03,-6.530000000000000214e-03,-2.840000000000000076e-03,-5.640000000000000048e-03,-7.830000000000000154e-03,-8.080000000000000376e-03,-7.139999999999999646e-03,-2.370000000000000145e-03,-3.608999999999999708e-02,-3.160000000000000309e-02,-2.451000000000000054e-02,-1.810000000000000150e-02,-2.269999999999999882e-03,-3.559999999999999970e-02,-3.298999999999999849e-02,-2.434000000000000052e-02,-1.805999999999999966e-02
cx*c/cref,3.804041580400275430e-02,3.597622062755030659e-02,3.023399465315886048e-02,2.949432350399002617e-02,2.331490599476036471e-02,1.390951225150254336e-02,5.033846743988154744e-03,-2.646309473557257545e-03,-5.672778012288354210e-03,-5.253584996683350813e-03,-2.140006834308227392e-03,-3.825403776960340906e-03,-4.782649399987939400e-03,-4.404189028925205307e-03,-3.411490180707150294e-03,3.763341097308488259e-02,3.570572272809503789e-02,2.993365695792880518e-02,2.924125208546905427e-02,2.317850015410695061e-02,1.383147852218135146e-02,4.764508080564434228e-03,-3.113824147219039756e-03,-5.864933968521980623e-03,-5.151037541793135333e-03,-2.081376510080605157e-03,-3.765318900882429990e-03,-4.716391032985587685e-03,-4.339737482160445879e-03,-3.369023497959757699e-03,-1.827199541699330845e-03,-2.609262723873846668e-02,-2.135054305949198733e-02,-1.541902952823172475e-02,-1.056142585780618995e-02,-1.750102514623409549e-03,-2.573836325018258667e-02,-2.228969669407090265e-02,-1.531208399498817582e-02,-1.053808569016462769e-02
cy,4.204000000000000098e-02,4.395000000000000295e-02,4.531000000000000305e-02,4.717999999999999972e-02,4.886000000000000065e-02,-3.493000000000000271e-02,-3.160999999999999921e-02,-2.681000000000000050e-02,-2.085000000000000048e-02,-1.718000000000000083e-02,-1.078899999999999998e-01,-9.347999999999999365e-02,-8.147999999999999687e-02,-6.812999999999999612e-02,-5.052000000000000240e-02,-4.197000000000000036e-02,-4.388000000000000234e-02,-4.521000000000000019e-02,-4.705999999999999767e-02,-4.873000000000000248e-02,3.472000000000000086e-02,3.126000000000000306e-02,2.631999999999999965e-02,2.042000000000000065e-02,1.702000000000000041e-02,1.070699999999999985e-01,9.277000000000000524e-02,8.086999999999999744e-02,6.765999999999999792e-02,5.018000000000000238e-02,4.860800000000000121e-01,5.083100000000000396e-01,4.621700000000000252e-01,3.719600000000000128e-01,2.292800000000000116e-01,-4.864600000000000035e-01,-5.083499999999999686e-01,-4.623499999999999832e-01,-3.717799999999999994e-01,-2.289700000000000069e-01
cy*c/cref,6.110886818495513823e-02,5.944191340529458856e-02,5.670125404530745178e-02,5.427231602645279235e-02,5.126761057173679498e-02,-3.407147706486562955e-02,-2.935791431318552497e-02,-2.364918566202335939e-02,-1.741935516291784683e-02,-1.355204057703002576e-02,-7.907032101147762337e-02,-6.240815795292366935e-02,-4.907937948501477771e-02,-3.659236567569196935e-02,-2.383796458220266076e-02,-6.100711697722566856e-02,-5.934723914048524451e-02,-5.657611333896159223e-02,-5.413427707089589480e-02,-5.113120473108338088e-02,3.386663852539750080e-02,2.903285040905345324e-02,2.321695511467567266e-02,1.706010707082889627e-02,1.342582832485745246e-02,7.846936018814450187e-02,6.193415504164238167e-02,4.871194672254718777e-02,3.633993045086333223e-02,2.367753489182362198e-02,3.747532292106374729e-01,3.675018939241660454e-01,3.122652052470066830e-01,2.339968267368858490e-01,1.337858409214255917e-01,-3.750461979135259472e-01,-3.675308134334358545e-01,-3.123868222644341497e-01,-2.338835902899220887e-01,-1.336049546222034812e-01
cz,9.279800000000000271e-01,9.695300000000000029e-01,1.007260000000000044e+00,1.048399999999999999e+00,1.088140000000000107e+00,1.074759999999999938e+00,9.567900000000000293e-01,7.906699999999999839e-01,5.932600000000000096e-01,3.674499999999999988e-01,2.886900000000000022e-01,2.632099999999999995e-01,2.400700000000000056e-01,2.107600000000000029e-01,1.606700000000000073e-01,9.268699999999999717e-01,9.677499999999999991e-01,1.004920000000000035e+00,1.045530000000000070e+00,1.084689999999999932e+00,1.070400000000000018e+00,9.494099999999999762e-01,7.795400000000000107e-01,5.831899999999999862e-01,3.646900000000000142e-01,2.865400000000000169e-01,2.612200000000000077e-01,2.382400000000000073e-01,2.091899999999999871e-01,1.594700000000000006e-01,-6.532200000000000228e-01,-6.621200000000000419e-01,-6.120900000000000230e-01,-5.031299999999999661e-01,-3.028799999999999826e-01,-6.537500000000000533e-01,-6.621399999999999508e-01,-6.114600000000000035e-01,-5.036599999999999966e-01,-3.027099999999999791e-01
cz*c/cref,1.348901224982746783e+00,1.311279142294317523e+00,1.260492278739271388e+00,1.206000341715411261e+00,1.141758857296964358e+00,1.048344136565559026e+00,8.886225509557982294e-01,6.974525038191723425e-01,4.956454025876567138e-01,2.898543253800746622e-01,2.115748537659048745e-01,1.757215581385220549e-01,1.446058742386781837e-01,1.131983999678385505e-01,7.581246574470508481e-02,1.347287741545893702e+00,1.308871710989165660e+00,1.257563986210778362e+00,1.202698910028342283e+00,1.138138856141162059e+00,1.044091298317554317e+00,8.817683463486704065e-01,6.876346956722748649e-01,4.872323135473409783e-01,2.876771640300977984e-01,2.099991638022875307e-01,1.743930147674660203e-01,1.435035759512754139e-01,1.123551588976662852e-01,7.524624330807319628e-02,-5.036132002653320727e-01,-4.787046369441262383e-01,-4.135586677621660989e-01,-3.165147420048644022e-01,-1.767317493818971463e-01,-5.040218145088344315e-01,-4.787190966987611151e-01,-4.131330082011698823e-01,-3.168481604320355083e-01,-1.766325536694205167e-01
Results_Name,VSPAERO_Comp_Load
Results_Timestamp,1749672324
Results_Date,6,11,2025
Results_Time,16,5,24
AoA,1.000000000000000000e+00,1.000000000000000000e+00,1.000000000000000000e+00,1.000000000000000000e+00,1.000000000000000000e+00,1.000000000000000000e+00,1.000000000000000000e+00,1.000000000000000000e+00,1.000000000000000000e+00
Beta,0.000000000000000000e+00,0.000000000000000000e+00,0.000000000000000000e+00,0.000000000000000000e+00,0.000000000000000000e+00,0.000000000000000000e+00,0.000000000000000000e+00,0.000000000000000000e+00,0.000000000000000000e+00
CDi,0.000000000000000000e+00,1.179999999999999973e-02,1.165000000000000063e-02,-2.409999999999999816e-03,-2.409999999999999816e-03,0.000000000000000000e+00,0.000000000000000000e+00,0.000000000000000000e+00,0.000000000000000000e+00
CFx,0.000000000000000000e+00,4.440000000000000370e-03,4.340000000000000108e-03,-1.680000000000000070e-03,-1.680000000000000070e-03,0.000000000000000000e+00,0.000000000000000000e+00,0.000000000000000000e+00,0.000000000000000000e+00
CFy,0.000000000000000000e+00,-2.749999999999999840e-03,2.650000000000000012e-03,3.155000000000000165e-02,-3.155000000000000165e-02,0.000000000000000000e+00,0.000000000000000000e+00,0.000000000000000000e+00,0.000000000000000000e+00
CFz,0.000000000000000000e+00,4.217299999999999938e-01,4.190099999999999936e-01,-4.191000000000000281e-02,-4.191000000000000281e-02,0.000000000000000000e+00,0.000000000000000000e+00,0.000000000000000000e+00,0.000000000000000000e+00
CL,0.000000000000000000e+00,4.215900000000000203e-01,4.188700000000000201e-01,-4.186999999999999750e-02,-4.188000000000000056e-02,0.000000000000000000e+00,0.000000000000000000e+00,0.000000000000000000e+00,0.000000000000000000e+00
Cmx,0.000000000000000000e+00,7.696000000000000063e-02,-7.624000000000000221e-02,-1.219999999999999947e-03,1.219999999999999947e-03,0.000000000000000000e+00,-0.000000000000000000e+00,-0.000000000000000000e+00,0.000000000000000000e+00
Cmy,0.000000000000000000e+00,-2.040099999999999969e-01,-2.028099999999999903e-01,1.396199999999999941e-01,1.395800000000000096e-01,-3.530000000000000152e-03,-3.559999999999999797e-03,-0.000000000000000000e+00,-0.000000000000000000e+00
Cmz,0.000000000000000000e+00,3.000000000000000076e-05,-5.000000000000000240e-05,8.850000000000000228e-03,-8.840000000000000635e-03,1.700000000000000122e-04,-1.700000000000000122e-04,1.000000000000000082e-05,1.000000000000000082e-05
Comp_ID,0,1,2,3,4,5,6,7,8
Comp_Name,NONE,main_wing,main_wing,horizontal_tail,horizontal_tail,fuselage,fuselage,fuselage,fuselage
Cs,0.000000000000000000e+00,-2.749999999999999840e-03,2.650000000000000012e-03,3.155000000000000165e-02,-3.155000000000000165e-02,0.000000000000000000e+00,0.000000000000000000e+00,0.000000000000000000e+00,0.000000000000000000e+00
Mach,1.499999999999999944e-01,1.499999999999999944e-01,1.499999999999999944e-01,1.499999999999999944e-01,1.499999999999999944e-01,1.499999999999999944e-01,1.499999999999999944e-01,1.499999999999999944e-01,1.499999999999999944e-01
Results_Name,VSPAERO_Load
Results_Timestamp,1749672324
Results_Date,6,11,2025
Results_Time,16,5,24
AnalysisMethod,0
Chord,1.735549999999999926e+00,1.614840000000000053e+00,1.494150000000000089e+00,1.373459999999999903e+00,1.252809999999999979e+00,1.164630000000000054e+00,1.108910000000000062e+00,1.053209999999999980e+00,9.975199999999999623e-01,9.418400000000000105e-01,8.750400000000000400e-01,7.971099999999999852e-01,7.191899999999999959e-01,6.412799999999999612e-01,5.633799999999999919e-01,1.735549999999999926e+00,1.614840000000000053e+00,1.494150000000000089e+00,1.373459999999999903e+00,1.252809999999999979e+00,1.164630000000000054e+00,1.108910000000000062e+00,1.053209999999999980e+00,9.975199999999999623e-01,9.418400000000000105e-01,8.750400000000000400e-01,7.971099999999999852e-01,7.191899999999999959e-01,6.412799999999999612e-01,5.633799999999999919e-01,9.205200000000000049e-01,8.632300000000000528e-01,8.067100000000000382e-01,7.511200000000000099e-01,6.966900000000000315e-01,9.205200000000000049e-01,8.632300000000000528e-01,8.067100000000000382e-01,7.511200000000000099e-01,6.966900000000000315e-01
FC_AoA_,2.000000000000000000e+00
FC_Beta_,0.000000000000000000e+00
FC_Bref_,1.417173599999999922e+01
FC_Cref_,1.193975999999999926e+00
FC_Mach_,1.499999999999999944e-01
FC_Pitch_Rate,0.000000000000000000e+00
FC_Rho_,2.377000000000000206e-03
FC_Roll__Rate,0.000000000000000000e+00
FC_Sref_,1.619368700000000061e+01
FC_Vinf_,5.100000000000000000e+01
FC_Xcg_,1.785187999999999997e+00
FC_Yaw___Rate,0.000000000000000000e+00
FC_Ycg_,-0.000000000000000000e+00
FC_Zcg_,7.542510000000000048e-01
S,3.314000000000000279e-02,8.981999999999999706e-02,1.368900000000000117e-01,1.839600000000000124e-01,2.310300000000000131e-01,2.997400000000000064e-01,4.117600000000000149e-01,5.454599999999999449e-01,6.791599999999999859e-01,8.128699999999999815e-01,9.157600000000000184e-01,9.578200000000000047e-01,9.698700000000000099e-01,9.819200000000000150e-01,9.939700000000000202e-01,3.314000000000000279e-02,8.981999999999999706e-02,1.368900000000000117e-01,1.839600000000000124e-01,2.310300000000000131e-01,2.997400000000000064e-01,4.117600000000000149e-01,5.454599999999999449e-01,6.791599999999999859e-01,8.128699999999999815e-01,9.157600000000000184e-01,9.578200000000000047e-01,9.698700000000000099e-01,9.819200000000000150e-01,9.939700000000000202e-01,1.026500000000000051e-01,3.046400000000000219e-01,5.033100000000000351e-01,7.019900000000000029e-01,9.006600000000000161e-01,1.026500000000000051e-01,3.046400000000000219e-01,5.033100000000000351e-01,7.019900000000000029e-01,9.006600000000000161e-01
V/Vref,9.687200000000000255e-01,9.721199999999999841e-01,9.768299999999999761e-01,9.783300000000000329e-01,9.837399999999999478e-01,9.878400000000000514e-01,9.935300000000000242e-01,9.986199999999999521e-01,1.000860000000000083e+00,1.002439999999999998e+00,1.010199999999999987e+00,1.009130000000000082e+00,1.009139999999999926e+00,1.008450000000000069e+00,1.009220000000000006e+00,9.689699999999999980e-01,9.723199999999999621e-01,9.769499999999999851e-01,9.784599999999999964e-01,9.838000000000000078e-01,9.878900000000000459e-01,9.936000000000000387e-01,9.984300000000000397e-01,1.000429999999999930e+00,1.002529999999999921e+00,1.010099999999999998e+00,1.009069999999999911e+00,1.009079999999999977e+00,1.008350000000000080e+00,1.009120000000000017e+00,9.572800000000000198e-01,9.610100000000000309e-01,9.822699999999999765e-01,9.938099999999999712e-01,9.912699999999999845e-01,9.562500000000000444e-01,9.599600000000000355e-01,9.780900000000000150e-01,9.902300000000000546e-01,9.915800000000000169e-01
WingId,1,1,1,1,1,1,1,1,1,1,1,1,1,1,1,2,2,2,2,2,2,2,2,2,2,2,2,2,2,2,3,3,3,3,3,4,4,4,4,4
Xavg,2.392879999999999896e+00,2.382319999999999993e+00,2.371750000000000025e+00,2.361190000000000122e+00,2.350620000000000154e+00,2.337899999999999867e+00,2.323770000000000113e+00,2.309619999999999784e+00,2.295469999999999899e+00,2.281299999999999883e+00,2.284749999999999837e+00,2.305000000000000160e+00,2.325239999999999974e+00,2.345470000000000166e+00,2.365699999999999914e+00,2.392879999999999896e+00,2.382319999999999993e+00,2.371750000000000025e+00,2.361190000000000122e+00,2.350620000000000154e+00,2.337899999999999867e+00,2.323770000000000113e+00,2.309619999999999784e+00,2.295469999999999899e+00,2.281299999999999883e+00,2.284749999999999837e+00,2.305000000000000160e+00,2.325239999999999974e+00,2.345470000000000166e+00,2.365699999999999914e+00,5.819969999999999644e+00,5.917910000000000004e+00,6.015850000000000364e+00,6.113780000000000214e+00,6.211730000000000196e+00,5.819969999999999644e+00,5.917910000000000004e+00,6.015850000000000364e+00,6.113780000000000214e+00,6.211730000000000196e+00
Yavg,1.718899999999999872e-01,5.195499999999999563e-01,8.671900000000000164e-01,1.214800000000000102e+00,1.562359999999999971e+00,2.228590000000000071e+00,3.216559999999999864e+00,4.204550000000000232e+00,5.192569999999999908e+00,6.180620000000000225e+00,6.716649999999999565e+00,6.791660000000000252e+00,6.866660000000000430e+00,6.941650000000000098e+00,7.016610000000000014e+00,-1.718899999999999872e-01,-5.195499999999999563e-01,-8.671900000000000164e-01,-1.214800000000000102e+00,-1.562359999999999971e+00,-2.228590000000000071e+00,-3.216559999999999864e+00,-4.204550000000000232e+00,-5.192569999999999908e+00,-6.180620000000000225e+00,-6.716649999999999565e+00,-6.791660000000000252e+00,-6.866660000000000430e+00,-6.941650000000000098e+00,-7.016610000000000014e+00,1.247400000000000037e-01,3.766700000000000048e-01,6.286100000000000021e-01,8.805399999999999894e-01,1.132460000000000022e+00,-1.247400000000000037e-01,-3.766700000000000048e-01,-6.286100000000000021e-01,-8.805399999999999894e-01,-1.132460000000000022e+00
Zavg,1.119259999999999922e+00,1.109900000000000109e+00,1.100540000000000074e+00,1.091180000000000039e+00,1.081830000000000069e+00,1.094910000000000050e+00,1.130849999999999911e+00,1.166740000000000110e+00,1.202599999999999891e+00,1.238469999999999960e+00,1.270329999999999959e+00,1.298289999999999944e+00,1.326240000000000085e+00,1.354190000000000005e+00,1.382130000000000081e+00,1.119259999999999922e+00,1.109900000000000109e+00,1.100540000000000074e+00,1.091180000000000039e+00,1.081830000000000069e+00,1.094910000000000050e+00,1.130849999999999911e+00,1.166740000000000110e+00,1.202599999999999891e+00,1.238469999999999960e+00,1.270329999999999959e+00,1.298289999999999944e+00,1.326240000000000085e+00,1.354190000000000005e+00,1.382130000000000081e+00,3.569700000000000095e-01,5.334799999999999542e-01,7.099999999999999645e-01,8.865300000000000402e-01,1.063090000000000090e+00,3.569700000000000095e-01,5.334799999999999542e-01,7.099999999999999645e-01,8.865300000000000402e-01,1.063090000000000090e+00
cd,5.052999999999999853e-02,5.115999999999999714e-02,4.911999999999999700e-02,5.038000000000000117e-02,4.669000000000000233e-02,3.744999999999999718e-02,2.605000000000000024e-02,1.399000000000000070e-02,5.939999999999999968e-03,1.360000000000000098e-03,4.429999999999999910e-03,-5.000000000000000104e-04,-4.579999999999999870e-03,-5.769999999999999955e-03,-5.939999999999999968e-03,5.043000000000000260e-02,5.081000000000000100e-02,4.861999999999999655e-02,4.977000000000000174e-02,4.624999999999999944e-02,3.701000000000000123e-02,2.481999999999999831e-02,1.274999999999999918e-02,5.210000000000000221e-03,1.469999999999999953e-03,4.490000000000000067e-03,-4.000000000000000192e-04,-4.429999999999999910e-03,-5.610000000000000403e-03,-5.799999999999999600e-03,-1.905000000000000096e-02,-5.095999999999999835e-02,-6.306000000000000494e-02,-9.599999999999999159e-03,-3.022000000000000033e-02,-1.867999999999999869e-02,-4.930999999999999966e-02,-5.553999999999999909e-02,-3.613999999999999851e-02,-2.358000000000000027e-02
cd*c/cref,7.344983609385782874e-02,6.919336268065690021e-02,6.146911495708456963e-02,5.795335484130333809e-02,4.899068230852212519e-02,3.652953953848318835e-02,2.419404200754454379e-02,1.234062317835534633e-02,4.962636434903214440e-03,1.072804143466870447e-03,3.246654204104605472e-03,-3.338048670995061740e-04,-2.758757462461557033e-03,-3.099045206938832748e-03,-2.802801061327866126e-03,7.330447722567287605e-02,6.871999135661019387e-02,6.084341142535528574e-02,5.725165681722245437e-02,4.852900100169518088e-02,3.610035402721663289e-02,2.305167457302324460e-02,1.124681526261834402e-02,4.352750139031270719e-03,1.159575066835514265e-03,3.290626947275322473e-03,-2.670438936796049392e-04,-2.668405143821986434e-03,-3.013109811252487856e-03,-2.736741777054144988e-03,-1.468698365796297645e-02,-3.684345480981192356e-02,-4.260649510542926371e-02,-6.039277171400430320e-03,-1.763349665319906279e-02,-1.440172465778206609e-02,-3.565052505242986836e-02,-3.752560637734762145e-02,-2.273536218483453511e-02,-1.375902882469999707e-02
cl,9.980999999999999872e-01,1.044980000000000020e+00,1.088759999999999950e+00,1.135750000000000037e+00,1.181669999999999998e+00,1.171589999999999909e+00,1.053609999999999935e+00,8.867300000000000182e-01,6.845900000000000318e-01,4.489500000000000157e-01,3.587600000000000233e-01,3.302100000000000035e-01,3.044200000000000239e-01,2.701600000000000112e-01,2.087700000000000111e-01,9.958299999999999930e-01,1.041500000000000092e+00,1.084240000000000093e+00,1.130009999999999959e+00,1.174830000000000041e+00,1.162949999999999928e+00,1.038729999999999931e+00,8.684399999999999897e-01,6.684499999999999886e-01,4.442200000000000037e-01,3.551000000000000267e-01,3.268300000000000094e-01,3.013199999999999767e-01,2.675000000000000155e-01,2.067199999999999871e-01,-6.257700000000000484e-01,-6.354800000000000448e-01,-6.183300000000000463e-01,-6.091999999999999638e-01,-3.266299999999999759e-01,-6.225000000000000533e-01,-6.248599999999999710e-01,-5.968200000000000172e-01,-4.812299999999999911e-01,-2.753200000000000092e-01
cl*c/cref,1.450826863354037100e+00,1.413324474863816516e+00,1.362481954411143947e+00,1.306481198114535003e+00,1.239897613268608589e+00,1.142794211692697237e+00,9.785445143788484845e-01,7.821873331624756842e-01,5.719480264259918512e-01,3.541436913304790157e-01,2.629276889987738897e-01,2.204514103298558791e-01,1.833670189350539992e-01,1.451019156163942947e-01,9.850854841303344211e-02,1.447527217046238768e+00,1.408617811413295007e+00,1.356825594484311504e+00,1.299878334740396602e+00,1.232720567498844400e+00,1.134366568926008512e+00,9.647246546831762526e-01,7.660536664053548828e-01,5.584636910624668493e-01,3.504125416256273495e-01,2.602453516653601695e-01,2.181948894282632334e-01,1.814997376831695153e-01,1.436732396631088260e-01,9.754125175045394447e-02,-4.824500663329917005e-01,-4.594442437703941118e-01,-4.177747243663189614e-01,-3.832424638351189516e-01,-1.905899739190737574e-01,-4.799289935476090951e-01,-4.517661140592441060e-01,-4.032414907837343909e-01,-3.027376409576071903e-01,-1.606503738768618739e-01
cmx,9.074000000000000121e-02,3.276999999999999913e-01,6.230599999999999472e-01,9.952600000000000335e-01,1.463770000000000016e+00,2.258809999999999985e+00,3.073310000000000208e+00,3.555860000000000021e+00,3.577150000000000052e+00,2.956939999999999902e+00,2.831389999999999851e+00,2.889730000000000132e+00,2.982470000000000176e+00,2.998029999999999973e+00,2.665140000000000065e+00,-9.052999999999999936e-02,-3.266000000000000014e-01,-6.204600000000000115e-01,-9.902199999999999891e-01,-1.455270000000000064e+00,-2.242090000000000138e+00,-3.029770000000000074e+00,-3.482299999999999951e+00,-3.492620000000000058e+00,-2.925829999999999931e+00,-2.802480000000000082e+00,-2.860160000000000036e+00,-2.952160000000000117e+00,-2.968589999999999840e+00,-2.639089999999999936e+00,1.346499999999999919e-01,-1.360599999999999865e-01,-4.459500000000000131e-01,-7.836800000000000432e-01,-6.239799999999999791e-01,-1.340099999999999902e-01,1.337200000000000055e-01,4.321099999999999941e-01,6.212499999999999689e-01,5.353700000000000125e-01
cmx*c/cref,1.318986369910283007e-01,4.432108082574524599e-01,7.797016849584916809e-01,1.144872090896299488e+00,1.535898287486515912e+00,2.203292101600032193e+00,2.854348992023290510e+00,3.136635334881103354e+00,2.988568168874416120e+00,2.332512855869799839e+00,2.075066421435606934e+00,1.929211877206912007e+00,1.796487198486401926e+00,1.610230589559589198e+00,1.257551720637600789e+00,-1.315933833678398779e-01,-4.417230698104485098e-01,-7.764480265934994296e-01,-1.139074454762909694e+00,-1.526979444059177293e+00,-2.186983052171903363e+00,-2.813911042349260150e+00,-3.071747826589479313e+00,-2.917946677655162357e+00,-2.307972461087995253e+00,-2.053878888017850013e+00,-1.909470657366647339e+00,-1.778230006633299443e+00,-1.594418476753301395e+00,-1.245259975242383410e+00,1.038111469577277929e-01,-9.836971078145624603e-02,-3.013061606765965461e-01,-4.930063264253218280e-01,-3.640949451245251711e-01,-1.033177259844419021e-01,9.667791948916897027e-02,2.919551633366164745e-01,3.908230148679705529e-01,3.123906387565579812e-01
cmy,-4.034800000000000053e-01,-4.350800000000000223e-01,-4.678499999999999881e-01,-5.054899999999999949e-01,-5.527999999999999581e-01,-5.589899999999999869e-01,-4.916599999999999859e-01,-4.039200000000000013e-01,-2.939300000000000246e-01,-1.571400000000000019e-01,-1.318699999999999872e-01,-1.443099999999999938e-01,-1.631499999999999895e-01,-1.777299999999999991e-01,-1.730800000000000116e-01,-4.028300000000000214e-01,-4.339299999999999824e-01,-4.662899999999999823e-01,-5.033199999999999896e-01,-5.499899999999999789e-01,-5.553000000000000158e-01,-4.841199999999999948e-01,-3.940699999999999759e-01,-2.846600000000000241e-01,-1.553400000000000059e-01,-1.303700000000000137e-01,-1.426600000000000090e-01,-1.612899999999999889e-01,-1.758000000000000118e-01,-1.712299999999999933e-01,2.589519999999999822e+00,2.897289999999999921e+00,3.102710000000000079e+00,3.355939999999999923e+00,1.987619999999999942e+00,2.574450000000000127e+00,2.846290000000000209e+00,2.994400000000000173e+00,2.661929999999999907e+00,1.668179999999999996e+00
cmy*c/cref,-5.864939613526569673e-01,-5.884411304749844751e-01,-5.854707946390882434e-01,-5.814775970371263147e-01,-5.800396054862074768e-01,-5.452509294156666630e-01,-4.566311974445047550e-01,-3.562991075197491919e-01,-2.455669574597814653e-01,-1.239562081649882574e-01,-9.664476069870751862e-02,-9.634276074225947561e-02,-9.827320524030633275e-02,-9.545811172083860929e-02,-8.166814944353990857e-02,-5.855491287094548580e-01,-5.868857675531167217e-01,-5.835185996200928926e-01,-5.789813925908058323e-01,-5.770911407766990964e-01,-5.416516236507267212e-01,-4.496283921954880580e-01,-3.476103914149027974e-01,-2.378222369628870403e-01,-1.225363203280468022e-01,-9.554544211943960530e-02,-9.524120468083110969e-02,-9.715283648917566461e-02,-9.442151601037207520e-02,-8.079522318706573725e-02,1.996442935536392849e+00,2.094705125312401606e+00,2.096346311902416826e+00,2.111192899019745717e+00,1.159784600192968806e+00,1.984824413556051770e+00,2.057832750993320303e+00,2.023166649915911552e+00,1.674597195923536175e+00,9.733900214074656665e-01
cmz,1.918999999999999873e-02,1.774999999999999842e-02,1.751000000000000126e-02,1.650000000000000078e-02,2.146999999999999950e-02,-1.061999999999999923e-02,1.606000000000000136e-02,5.532000000000000112e-02,8.451999999999999791e-02,8.608999999999999986e-02,7.219999999999999855e-03,4.816999999999999754e-02,8.987000000000000544e-02,1.100300000000000028e-01,1.145800000000000013e-01,-1.914000000000000076e-02,-1.776000000000000148e-02,-1.762999999999999984e-02,-1.675000000000000100e-02,-2.160000000000000114e-02,1.014999999999999930e-02,-1.851999999999999827e-02,-5.822000000000000092e-02,-8.579000000000000514e-02,-8.440000000000000280e-02,-6.490000000000000109e-03,-4.708999999999999991e-02,-8.813999999999999613e-02,-1.078800000000000037e-01,-1.124600000000000044e-01,1.898810000000000109e+00,2.196369999999999933e+00,2.396370000000000111e+00,2.263250000000000206e+00,1.373660000000000103e+00,-1.887939999999999952e+00,-2.158249999999999780e+00,-2.267619999999999969e+00,-1.961209999999999898e+00,-1.271949999999999914e+00
cmz*c/cref,2.789436680469288901e-02,2.400668857665480549e-02,2.191213768115942567e-02,1.898035638907314554e-02,2.252794922175990408e-02,-1.035897756738828925e-02,1.491578942960327704e-02,4.879794669239582994e-02,7.061313661246121365e-02,6.791007993460505821e-02,5.291386761542946245e-03,3.215876089636642704e-02,5.413308584092143411e-02,5.909669742105368856e-02,5.406480565773516545e-02,-2.782168737060041266e-02,-2.402021347162757586e-02,-2.206230652877445159e-02,-1.926793754648334703e-02,-2.266435506241331818e-02,9.900529407626283349e-03,-1.720052429864587021e-02,-5.135604585016784879e-02,-7.167417167514254783e-02,-6.657696302103226216e-02,-4.756385052965889614e-03,-3.143774238343149258e-02,-5.309102243261171195e-02,-5.794194054151842466e-02,-5.306447935301882718e-02,1.463926059820298109e+00,1.587948564376503446e+00,1.619107622515025602e+00,1.423791047726252756e+00,8.015363670626547421e-01,-1.455545612977145353e+00,-1.560388272042319002e+00,-1.532117672549532017e+00,-1.233780289721066348e+00,-7.421881557920763095e-01
cs,4.435000000000000053e-02,4.651999999999999885e-02,4.819999999999999979e-02,5.043999999999999873e-02,5.253000000000000030e-02,-3.869000000000000217e-02,-3.534000000000000336e-02,-3.051999999999999852e-02,-2.442000000000000073e-02,-2.181999999999999912e-02,-1.315300000000000080e-01,-1.135599999999999943e-01,-9.898999999999999466e-02,-8.241999999999999327e-02,-6.155999999999999667e-02,-4.424000000000000155e-02,-4.637000000000000149e-02,-4.800999999999999712e-02,-5.018999999999999850e-02,-5.226000000000000090e-02,3.826000000000000234e-02,3.465000000000000024e-02,2.971000000000000030e-02,2.375000000000000028e-02,2.153000000000000053e-02,1.300999999999999934e-01,1.123500000000000054e-01,9.797000000000000153e-02,8.164000000000000423e-02,6.101000000000000173e-02,4.633200000000000096e-01,4.859600000000000031e-01,4.768100000000000116e-01,4.192299999999999915e-01,2.235900000000000110e-01,-4.609199999999999964e-01,-4.779700000000000060e-01,-4.528499999999999748e-01,-3.540800000000000058e-01,-2.072100000000000053e-01
cs*c/cref,6.446665804002760236e-02,6.291781141329474969e-02,6.031782045870269504e-02,5.802237431908178339e-02,5.511845238095238603e-02,-3.773906234296166978e-02,-3.282216677722166187e-02,-2.692178837765583227e-02,-2.040194978793543473e-02,-1.721219589003464279e-02,-9.639558182074013659e-02,-7.581376141563983539e-02,-5.962650681420732235e-02,-4.426747070292869762e-02,-2.904721099921606445e-02,-6.430676328502415995e-02,-6.271493798870329817e-02,-6.008005311664556258e-02,-5.773479316167158537e-02,-5.483514794267221881e-02,3.731963104786026331e-02,3.218132650907556264e-02,2.620728481979537478e-02,1.984219113282009034e-02,1.698343618297185401e-02,9.534756477517136730e-02,7.500595363725903741e-02,5.901211104745824471e-02,4.384853564895777045e-02,2.878769238242644829e-02,3.572059458481577909e-01,3.513431181196272068e-01,3.221567226644421744e-01,2.637339758923127331e-01,1.304657020744135754e-01,-3.553556171983356937e-01,-3.455664461429711065e-01,-3.059681463446501382e-01,-2.227486730051525532e-01,-1.209079034251945017e-01
cx,1.566999999999999990e-02,1.465999999999999942e-02,1.110000000000000049e-02,1.071000000000000077e-02,5.420000000000000338e-03,-3.459999999999999968e-03,-1.073999999999999955e-02,-1.696999999999999897e-02,-1.796000000000000027e-02,-1.430999999999999980e-02,-8.099999999999999561e-03,-1.201999999999999943e-02,-1.519999999999999997e-02,-1.519999999999999997e-02,-1.322000000000000085e-02,1.565000000000000072e-02,1.443000000000000012e-02,1.076000000000000047e-02,1.030000000000000013e-02,5.219999999999999814e-03,-3.599999999999999901e-03,-1.145000000000000011e-02,-1.756999999999999881e-02,-1.812000000000000069e-02,-1.404000000000000040e-02,-7.910000000000000364e-03,-1.180999999999999932e-02,-1.494999999999999975e-02,-1.494000000000000015e-02,-1.301000000000000073e-02,2.799999999999999972e-03,-2.875000000000000125e-02,-4.143999999999999767e-02,1.166999999999999982e-02,-1.880000000000000074e-02,3.059999999999999786e-03,-2.747000000000000136e-02,-3.468000000000000249e-02,-1.932000000000000037e-02,-1.395000000000000059e-02
cx*c/cref,2.277773464458246813e-02,1.982749603007095615e-02,1.389061840439004096e-02,1.231997678345293432e-02,5.687074279550008438e-03,-3.374958793141571035e-03,-9.974818086795714592e-03,-1.496929058875555267e-02,-1.500487379980837074e-02,-1.128810830368449751e-02,-5.936320328046795596e-03,-8.024669005072128380e-03,-9.155701622143158636e-03,-8.163862590202818070e-03,-6.237883843561345398e-03,2.274866287094547829e-02,1.951642344569740409e-02,1.346514000281412958e-02,1.184834368530020624e-02,5.477219140083217780e-03,-3.511517819453657298e-03,-1.063423343517792830e-02,-1.549855248346700479e-02,-1.513854750849263388e-02,-1.107512512814328061e-02,-5.797073308006192409e-03,-7.884470960890335375e-03,-9.005114424410541260e-03,-8.024217572212506699e-03,-6.138794917150763690e-03,2.158716758125791505e-03,-2.078589728771767717e-02,-2.799894001219455086e-02,7.341496311483648209e-03,-1.096987879153350082e-02,2.359169028523186353e-03,-1.986047299108190112e-02,-2.343154535769563507e-02,-1.215404530744336638e-02,-8.139883464994272788e-03
cy,4.435000000000000053e-02,4.651999999999999885e-02,4.819999999999999979e-02,5.043999999999999873e-02,5.253000000000000030e-02,-3.869000000000000217e-02,-3.534000000000000336e-02,-3.051999999999999852e-02,-2.442000000000000073e-02,-2.181999999999999912e-02,-1.315300000000000080e-01,-1.135599999999999943e-01,-9.898999999999999466e-02,-8.241999999999999327e-02,-6.155999999999999667e-02,-4.424000000000000155e-02,-4.637000000000000149e-02,-4.800999999999999712e-02,-5.018999999999999850e-02,-5.226000000000000090e-02,3.826000000000000234e-02,3.465000000000000024e-02,2.971000000000000030e-02,2.375000000000000028e-02,2.153000000000000053e-02,1.300999999999999934e-01,1.123500000000000054e-01,9.797000000000000153e-02,8.164000000000000423e-02,6.101000000000000173e-02,4.633200000000000096e-01,4.859600000000000031e-01,4.768100000000000116e-01,4.192299999999999915e-01,2.235900000000000110e-01,-4.609199999999999964e-01,-4.779700000000000060e-01,-4.528499999999999748e-01,-3.540800000000000058e-01,-2.072100000000000053e-01
cy*c/cref,6.446665804002760236e-02,6.291781141329474969e-02,6.031782045870269504e-02,5.802237431908178339e-02,5.511845238095238603e-02,-3.773906234296166978e-02,-3.282216677722166187e-02,-2.692178837765583227e-02,-2.040194978793543473e-02,-1.721219589003464279e-02,-9.639558182074013659e-02,-7.581376141563983539e-02,-5.962650681420732235e-02,-4.426747070292869762e-02,-2.904721099921606445e-02,-6.430676328502415995e-02,-6.271493798870329817e-02,-6.008005311664556258e-02,-5.773479316167158537e-02,-5.483514794267221881e-02,3.731963104786026331e-02,3.218132650907556264e-02,2.620728481979537478e-02,1.984219113282009034e-02,1.698343618297185401e-02,9.534756477517136730e-02,7.500595363725903741e-02,5.901211104745824471e-02,4.384853564895777045e-02,2.878769238242644829e-02,3.572059458481577909e-01,3.513431181196272068e-01,3.221567226644421744e-01,2.637339758923127331e-01,1.304657020744135754e-01,-3.553556171983356937e-01,-3.455664461429711065e-01,-3.059681463446501382e-01,-2.227486730051525532e-01,-1.209079034251945017e-01
cz,9.992600000000000371e-01,1.046119999999999939e+00,1.089809999999999945e+00,1.136810000000000098e+00,1.182579999999999965e+00,1.172190000000000065e+00,1.053870000000000084e+00,8.866800000000000237e-01,6.843799999999999883e-01,4.487300000000000177e-01,3.587000000000000188e-01,3.299900000000000055e-01,3.040700000000000069e-01,2.697899999999999743e-01,2.084399999999999864e-01,9.969799999999999773e-01,1.042640000000000011e+00,1.085269999999999957e+00,1.131059999999999954e+00,1.175729999999999942e+00,1.163529999999999953e+00,1.038960000000000106e+00,8.683499999999999552e-01,6.682200000000000362e-01,4.440000000000000058e-01,3.550400000000000222e-01,3.266200000000000214e-01,3.009800000000000253e-01,2.671399999999999886e-01,2.063899999999999901e-01,-6.260499999999999954e-01,-6.368700000000000472e-01,-6.201499999999999790e-01,-6.091600000000000348e-01,-3.274799999999999933e-01,-6.227700000000000458e-01,-6.261999999999999789e-01,-5.983899999999999775e-01,-4.821900000000000075e-01,-2.759800000000000031e-01
cz*c/cref,1.452513026224982795e+00,1.414866312890711519e+00,1.363795931827775476e+00,1.307700542221954310e+00,1.240852454153182460e+00,1.143379464662606315e+00,9.787859904219181617e-01,7.821432280045831353e-01,5.717725796833437180e-01,3.539701494837417806e-01,2.628837162556031948e-01,2.203045361883320952e-01,1.831561968582283151e-01,1.449031900138696149e-01,9.835283724295965091e-02,1.449198844030365585e+00,1.410159649440189789e+00,1.358114543759673554e+00,1.301086175601519512e+00,1.233664915626444758e+00,1.134932313463587139e+00,9.649382681058917832e-01,7.659742771211481838e-01,5.582715351062332854e-01,3.502389997788900589e-01,2.602013789221894191e-01,2.180546913840814283e-01,1.812949390942531769e-01,1.434798850228145295e-01,9.738554058038016714e-02,-4.826659380088042517e-01,-4.604491967175220468e-01,-4.190044075425302106e-01,-3.832173001802381407e-01,-1.910859524814569332e-01,-4.801371555207140651e-01,-4.527349176197846825e-01,-4.043022614357407729e-01,-3.033415686747472639e-01,-1.610354866429476173e-01
Results_Name,VSPAERO_Comp_Load
Results_Timestamp,1749672324
Results_Date,6,11,2025
Results_Time,16,5,24
AoA,2.000000000000000000e+00,2.000000000000000000e+00,2.000000000000000000e+00,2.000000000000000000e+00,2.000000000000000000e+00,2.000000000000000000e+00,2.000000000000000000e+00,2.000000000000000000e+00,2.000000000000000000e+00
Beta,0.000000000000000000e+00,0.000000000000000000e+00,0.000000000000000000e+00,0.000000000000000000e+00,0.000000000000000000e+00,0.000000000000000000e+00,0.000000000000000000e+00,0.000000000000000000e+00,0.000000000000000000e+00
CDi,0.000000000000000000e+00,1.400999999999999988e-02,1.371999999999999956e-02,-2.619999999999999933e-03,-2.759999999999999867e-03,0.000000000000000000e+00,0.000000000000000000e+00,0.000000000000000000e+00,0.000000000000000000e+00
CFx,0.000000000000000000e+00,-2.269999999999999882e-03,-2.399999999999999790e-03,-1.119999999999999902e-03,-1.360000000000000098e-03,0.000000000000000000e+00,0.000000000000000000e+00,0.000000000000000000e+00,0.000000000000000000e+00
CFy,0.000000000000000000e+00,-3.850000000000000124e-03,3.670000000000000085e-03,3.162000000000000227e-02,-2.996000000000000052e-02,0.000000000000000000e+00,0.000000000000000000e+00,0.000000000000000000e+00,0.000000000000000000e+00
CFz,0.000000000000000000e+00,4.665199999999999902e-01,4.616399999999999948e-01,-4.297999999999999737e-02,-3.996000000000000246e-02,0.000000000000000000e+00,0.000000000000000000e+00,0.000000000000000000e+00,0.000000000000000000e+00
CL,0.000000000000000000e+00,4.663100000000000023e-01,4.614400000000000168e-01,-4.291999999999999982e-02,-3.989000000000000185e-02,0.000000000000000000e+00,0.000000000000000000e+00,0.000000000000000000e+00,0.000000000000000000e+00
Cmx,0.000000000000000000e+00,8.691000000000000114e-02,-8.566000000000000003e-02,-1.360000000000000098e-03,1.160000000000000007e-03,-0.000000000000000000e+00,-0.000000000000000000e+00,-0.000000000000000000e+00,0.000000000000000000e+00
Cmy,0.000000000000000000e+00,-2.142000000000000015e-01,-2.120100000000000040e-01,1.437799999999999911e-01,1.332800000000000096e-01,-1.030000000000000100e-03,-1.110000000000000092e-03,-0.000000000000000000e+00,-0.000000000000000000e+00
Cmz,0.000000000000000000e+00,1.360000000000000098e-03,-1.389999999999999960e-03,8.850000000000000228e-03,-8.399999999999999481e-03,1.499999999999999869e-04,-1.600000000000000131e-04,1.000000000000000082e-05,2.000000000000000164e-05
Comp_ID,0,1,2,3,4,5,6,7,8
Comp_Name,NONE,main_wing,main_wing,horizontal_tail,horizontal_tail,fuselage,fuselage,fuselage,fuselage
Cs,0.000000000000000000e+00,-3.850000000000000124e-03,3.670000000000000085e-03,3.162000000000000227e-02,-2.996000000000000052e-02,0.000000000000000000e+00,0.000000000000000000e+00,0.000000000000000000e+00,0.000000000000000000e+00
Mach,1.499999999999999944e-01,1.499999999999999944e-01,1.499999999999999944e-01,1.499999999999999944e-01,1.499999999999999944e-01,1.499999999999999944e-01,1.499999999999999944e-01,1.499999999999999944e-01,1.499999999999999944e-01
Results_Name,VSPAERO_Load
Results_Timestamp,1749672324
Results_Date,6,11,2025
Results_Time,16,5,24
AnalysisMethod,0
Chord,1.735549999999999926e+00,1.614840000000000053e+00,1.494150000000000089e+00,1.373459999999999903e+00,1.252809999999999979e+00,1.164630000000000054e+00,1.108910000000000062e+00,1.053209999999999980e+00,9.975199999999999623e-01,9.418400000000000105e-01,8.750400000000000400e-01,7.971099999999999852e-01,7.191899999999999959e-01,6.412799999999999612e-01,5.633799999999999919e-01,1.735549999999999926e+00,1.614840000000000053e+00,1.494150000000000089e+00,1.373459999999999903e+00,1.252809999999999979e+00,1.164630000000000054e+00,1.108910000000000062e+00,1.053209999999999980e+00,9.975199999999999623e-01,9.418400000000000105e-01,8.750400000000000400e-01,7.971099999999999852e-01,7.191899999999999959e-01,6.412799999999999612e-01,5.633799999999999919e-01,9.205200000000000049e-01,8.632300000000000528e-01,8.067100000000000382e-01,7.511200000000000099e-01,6.966900000000000315e-01,9.205200000000000049e-01,8.632300000000000528e-01,8.067100000000000382e-01,7.511200000000000099e-01,6.966900000000000315e-01
FC_AoA_,3.000000000000000000e+00
FC_Beta_,0.000000000000000000e+00
FC_Bref_,1.417173599999999922e+01
FC_Cref_,1.193975999999999926e+00
FC_Mach_,1.499999999999999944e-01
FC_Pitch_Rate,0.000000000000000000e+00
FC_Rho_,2.377000000000000206e-03
FC_Roll__Rate,0.000000000000000000e+00
FC_Sref_,1.619368700000000061e+01
FC_Vinf_,5.100000000000000000e+01
FC_Xcg_,1.785187999999999997e+00
FC_Yaw___Rate,0.000000000000000000e+00
FC_Ycg_,-0.000000000000000000e+00
FC_Zcg_,7.542510000000000048e-01
S,3.314000000000000279e-02,8.981999999999999706e-02,1.368900000000000117e-01,1.839600000000000124e-01,2.310300000000000131e-01,2.997400000000000064e-01,4.117600000000000149e-01,5.454599999999999449e-01,6.791599999999999859e-01,8.128699999999999815e-01,9.157600000000000184e-01,9.578200000000000047e-01,9.698700000000000099e-01,9.819200000000000150e-01,9.939700000000000202e-01,3.314000000000000279e-02,8.981999999999999706e-02,1.368900000000000117e-01,1.839600000000000124e-01,2.310300000000000131e-01,2.997400000000000064e-01,4.117600000000000149e-01,5.454599999999999449e-01,6.791599999999999859e-01,8.128699999999999815e-01,9.157600000000000184e-01,9.578200000000000047e-01,9.698700000000000099e-01,9.819200000000000150e-01,9.939700000000000202e-01,1.026500000000000051e-01,3.046400000000000219e-01,5.033100000000000351e-01,7.019900000000000029e-01,9.006600000000000161e-01,1.026500000000000051e-01,3.046400000000000219e-01,5.033100000000000351e-01,7.019900000000000029e-01,9.006600000000000161e-01
V/Vref,9.696500000000000119e-01,9.733199999999999630e-01,9.785899999999999599e-01,9.801800000000000512e-01,9.859999999999999876e-01,9.900600000000000511e-01,9.954100000000000170e-01,9.995699999999999585e-01,1.001279999999999948e+00,1.002469999999999972e+00,1.011379999999999946e+00,1.010219999999999896e+00,1.010259999999999936e+00,1.009600000000000053e+00,1.010690000000000088e+00,9.699499999999999789e-01,9.735399999999999610e-01,9.787400000000000544e-01,9.803300000000000347e-01,9.860499999999999821e-01,9.900799999999999601e-01,9.953100000000000280e-01,9.993800000000000461e-01,1.001120000000000010e+00,1.002629999999999910e+00,1.011370000000000102e+00,1.010219999999999896e+00,1.010259999999999936e+00,1.009560000000000013e+00,1.010650000000000048e+00,9.585700000000000331e-01,9.624500000000000277e-01,9.780900000000000150e-01,9.890499999999999847e-01,9.940200000000000147e-01,9.580600000000000227e-01,9.622600000000000042e-01,9.774000000000000465e-01,9.892400000000000082e-01,9.942699999999999871e-01
WingId,1,1,1,1,1,1,1,1,1,1,1,1,1,1,1,2,2,2,2,2,2,2,2,2,2,2,2,2,2,2,3,3,3,3,3,4,4,4,4,4
Xavg,2.392879999999999896e+00,2.382319999999999993e+00,2.371750000000000025e+00,2.361190000000000122e+00,2.350620000000000154e+00,2.337899999999999867e+00,2.323770000000000113e+00,2.309619999999999784e+00,2.295469999999999899e+00,2.281299999999999883e+00,2.284749999999999837e+00,2.305000000000000160e+00,2.325239999999999974e+00,2.345470000000000166e+00,2.365699999999999914e+00,2.392879999999999896e+00,2.382319999999999993e+00,2.371750000000000025e+00,2.361190000000000122e+00,2.350620000000000154e+00,2.337899999999999867e+00,2.323770000000000113e+00,2.309619999999999784e+00,2.295469999999999899e+00,2.281299999999999883e+00,2.284749999999999837e+00,2.305000000000000160e+00,2.325239999999999974e+00,2.345470000000000166e+00,2.365699999999999914e+00,5.819969999999999644e+00,5.917910000000000004e+00,6.015850000000000364e+00,6.113780000000000214e+00,6.211730000000000196e+00,5.819969999999999644e+00,5.917910000000000004e+00,6.015850000000000364e+00,6.113780000000000214e+00,6.211730000000000196e+00
Yavg,1.718899999999999872e-01,5.195499999999999563e-01,8.671900000000000164e-01,1.214800000000000102e+00,1.562359999999999971e+00,2.228590000000000071e+00,3.216559999999999864e+00,4.204550000000000232e+00,5.192569999999999908e+00,6.180620000000000225e+00,6.716649999999999565e+00,6.791660000000000252e+00,6.866660000000000430e+00,6.941650000000000098e+00,7.016610000000000014e+00,-1.718899999999999872e-01,-5.195499999999999563e-01,-8.671900000000000164e-01,-1.214800000000000102e+00,-1.562359999999999971e+00,-2.228590000000000071e+00,-3.216559999999999864e+00,-4.204550000000000232e+00,-5.192569999999999908e+00,-6.180620000000000225e+00,-6.716649999999999565e+00,-6.791660000000000252e+00,-6.866660000000000430e+00,-6.941650000000000098e+00,-7.016610000000000014e+00,1.247400000000000037e-01,3.766700000000000048e-01,6.286100000000000021e-01,8.805399999999999894e-01,1.132460000000000022e+00,-1.247400000000000037e-01,-3.766700000000000048e-01,-6.286100000000000021e-01,-8.805399999999999894e-01,-1.132460000000000022e+00
Zavg,1.119259999999999922e+00,1.109900000000000109e+00,1.100540000000000074e+00,1.091180000000000039e+00,1.081830000000000069e+00,1.094910000000000050e+00,1.130849999999999911e+00,1.166740000000000110e+00,1.202599999999999891e+00,1.238469999999999960e+00,1.270329999999999959e+00,1.298289999999999944e+00,1.326240000000000085e+00,1.354190000000000005e+00,1.382130000000000081e+00,1.119259999999999922e+00,1.109900000000000109e+00,1.100540000000000074e+00,1.091180000000000039e+00,1.081830000000000069e+00,1.094910000000000050e+00,1.130849999999999911e+00,1.166740000000000110e+00,1.202599999999999891e+00,1.238469999999999960e+00,1.270329999999999959e+00,1.298289999999999944e+00,1.326240000000000085e+00,1.354190000000000005e+00,1.382130000000000081e+00,3.569700000000000095e-01,5.334799999999999542e-01,7.099999999999999645e-01,8.865300000000000402e-01,1.063090000000000090e+00,3.569700000000000095e-01,5.334799999999999542e-01,7.099999999999999645e-01,8.865300000000000402e-01,1.063090000000000090e+00
cd,5.967999999999999694e-02,5.936000000000000304e-02,5.689999999999999919e-02,5.704999999999999655e-02,5.233000000000000151e-02,4.197000000000000036e-02,3.029000000000000095e-02,1.736000000000000043e-02,8.649999999999999703e-03,3.469999999999999994e-03,7.409999999999999920e-03,5.000000000000000104e-04,-5.349999999999999721e-03,-7.029999999999999791e-03,-7.479999999999999670e-03,5.940999999999999753e-02,5.888000000000000178e-02,5.634000000000000119e-02,5.639999999999999875e-02,5.176000000000000045e-02,4.143999999999999767e-02,2.932999999999999843e-02,1.626999999999999974e-02,7.900000000000000772e-03,3.619999999999999954e-03,7.490000000000000130e-03,5.999999999999999474e-04,-5.199999999999999761e-03,-6.870000000000000238e-03,-7.340000000000000170e-03,-2.333000000000000004e-02,-5.161999999999999922e-02,-6.069999999999999701e-02,-4.071000000000000313e-02,-2.392000000000000029e-02,-2.319999999999999840e-02,-5.149000000000000105e-02,-6.053000000000000047e-02,-4.087999999999999967e-02,-2.390000000000000110e-02
cd*c/cref,8.675017253278122231e-02,8.028377655832279192e-02,7.120506191079217784e-02,6.562602012100744731e-02,5.490859724148559884e-02,4.093844524513055860e-02,2.813195901760169593e-02,1.531331082031799767e-02,7.226734875742896018e-03,2.737228218992676827e-03,5.430633781583550299e-03,3.338048670995061740e-04,-3.222566031478019902e-03,-3.775786447968803271e-03,-3.529453188338793884e-03,8.635770358868184726e-02,7.963458159963014704e-02,7.050427395525539487e-02,6.487830911174093107e-02,5.431051009400524737e-02,4.042147178837765531e-02,2.724035516626800019e-02,1.435181837825886056e-02,6.600139366285420056e-03,2.855552205404463754e-03,5.489264105811172967e-03,4.005658405194074088e-04,-3.132213712838448870e-03,-3.689851052282457945e-03,-3.463393904065073612e-03,-1.798673641681240026e-02,-3.732062671276474564e-02,-4.101196087693555203e-02,-2.561030975496995238e-02,-1.395742024965326150e-02,-1.788651028161370241e-02,-3.722663830763767862e-02,-4.089710036047625868e-02,-2.571725528821349957e-02,-1.394575016583248298e-02
cl,1.068330000000000002e+00,1.120440000000000103e+00,1.170350000000000001e+00,1.223360000000000003e+00,1.275519999999999987e+00,1.268389999999999906e+00,1.150840000000000085e+00,9.825399999999999689e-01,7.776199999999999779e-01,5.318300000000000249e-01,4.307199999999999918e-01,3.989500000000000268e-01,3.706400000000000250e-01,3.314799999999999969e-01,2.590700000000000225e-01,1.066210000000000102e+00,1.117110000000000047e+00,1.166069999999999940e+00,1.217989999999999906e+00,1.269039999999999946e+00,1.260429999999999939e+00,1.138789999999999969e+00,9.672800000000000287e-01,7.632100000000000550e-01,5.281500000000000083e-01,4.278500000000000081e-01,3.962899999999999756e-01,3.681900000000000173e-01,3.293699999999999961e-01,2.574299999999999922e-01,-5.902199999999999669e-01,-5.909200000000000008e-01,-5.726799999999999669e-01,-4.329700000000000215e-01,-2.426099999999999923e-01,-5.910400000000000098e-01,-5.913899999999999713e-01,-5.743399999999999617e-01,-4.351599999999999913e-01,-2.432100000000000095e-01
cl*c/cref,1.552912396480331303e+00,1.515383332328288368e+00,1.464584256718728161e+00,1.407261138917365040e+00,1.338372137463399669e+00,1.237215024171340216e+00,1.068847266946739483e+00,8.667016367163159485e-01,6.496709334190972074e-01,4.195216379558718844e-01,3.156656656415204876e-01,2.663429034586959898e-01,2.232545558704697730e-01,1.780366560131861897e-01,1.222427055485202502e-01,1.549830788474810372e+00,1.510879542302357992e+00,1.459228234487125464e+00,1.401083895656193956e+00,1.331572830944675712e+00,1.229450668103881483e+00,1.057655781104477777e+00,8.532407425274880497e-01,6.376319450307209591e-01,4.166187561559026586e-01,3.135623027598545276e-01,2.645670615657266245e-01,2.217788013326901231e-01,1.769033829825725213e-01,1.214688682184566493e-01,-4.550420732075016739e-01,-4.272279104437610719e-01,-3.869312974465148325e-01,-2.723776913438796243e-01,-1.415639517879756504e-01,-4.556742688295242760e-01,-4.275677146776819537e-01,-3.880528766072349756e-01,-2.737554014486053289e-01,-1.419140543025990686e-01
cmx,9.735000000000000597e-02,3.516599999999999726e-01,6.700599999999999890e-01,1.072330000000000005e+00,1.580140000000000100e+00,2.445129999999999804e+00,3.356219999999999981e+00,3.938600000000000101e+00,4.061390000000000278e+00,3.501110000000000166e+00,3.396510000000000140e+00,3.486139999999999795e+00,3.623800000000000132e+00,3.669039999999999857e+00,3.297899999999999832e+00,-9.715999999999999637e-02,-3.506099999999999772e-01,-6.675999999999999712e-01,-1.067609999999999948e+00,-1.572089999999999987e+00,-2.429730000000000167e+00,-3.320949999999999847e+00,-3.877209999999999823e+00,-3.985899999999999999e+00,-3.476999999999999869e+00,-3.373899999999999899e+00,-3.462930000000000064e+00,-3.599880000000000191e+00,-3.645849999999999813e+00,-3.277159999999999851e+00,1.260799999999999976e-01,-1.271700000000000053e-01,-4.152500000000000080e-01,-5.598999999999999533e-01,-4.755900000000000127e-01,-1.263199999999999878e-01,1.272199999999999998e-01,4.163700000000000179e-01,5.627799999999999470e-01,4.766599999999999726e-01
cmx*c/cref,1.415068581780538348e-01,4.756164566121932058e-01,8.385178169410441029e-01,1.233527610102715499e+00,1.658002500385267641e+00,2.385032657189089189e+00,3.117102789503306770e+00,3.474251497517538478e+00,3.393131648207334372e+00,2.761768613774481462e+00,2.489231031779533865e+00,2.327380998780544719e+00,2.182791548573840945e+00,1.970627526181430778e+00,1.556120811473597376e+00,-1.412306763285024191e-01,-4.741963426400530590e-01,-8.354393555649359815e-01,-1.228098077850811043e+00,-1.649555831021729313e+00,-2.370011164294759887e+00,-3.084345635506911432e+00,-3.420099184656978153e+00,-3.330062721528741054e+00,-2.742750005025226923e+00,-2.472660636394701683e+00,-2.311885776849786023e+00,-2.168383365494784165e+00,-1.958172264769141080e+00,-1.546334600360476319e+00,9.720393173732136405e-02,-9.194234984622808027e-02,-2.805637027042419684e-01,-3.522282591944896346e-01,-2.775087582162455990e-01,-9.738896460230356267e-02,9.197849923281541107e-02,2.813204308126797115e-01,3.540400423459098000e-01,2.781331077006573560e-01
cmy,-4.108399999999999830e-01,-4.447599999999999887e-01,-4.801300000000000012e-01,-5.217100000000000071e-01,-5.737299999999999622e-01,-5.837599999999999456e-01,-5.185100000000000264e-01,-4.315200000000000147e-01,-3.221399999999999819e-01,-1.823500000000000121e-01,-1.569399999999999962e-01,-1.746199999999999974e-01,-2.007500000000000118e-01,-2.213499999999999912e-01,-2.190999999999999892e-01,-4.101799999999999891e-01,-4.435799999999999743e-01,-4.785800000000000054e-01,-5.196100000000000163e-01,-5.709999999999999520e-01,-5.802699999999999525e-01,-5.124300000000000521e-01,-4.233100000000000196e-01,-3.135999999999999899e-01,-1.809300000000000075e-01,-1.557600000000000096e-01,-1.733000000000000096e-01,-1.992299999999999904e-01,-2.197600000000000109e-01,-2.175499999999999934e-01,2.438509999999999955e+00,2.691510000000000069e+00,2.874179999999999957e+00,2.387129999999999974e+00,1.465999999999999970e+00,2.441050000000000164e+00,2.693090000000000206e+00,2.881619999999999848e+00,2.399010000000000087e+00,1.469880000000000075e+00
cmy*c/cref,-5.971923740510696188e-01,-6.015332288086192580e-01,-6.008380733783594829e-01,-6.001358625299000327e-01,-6.020009458314070638e-01,-5.694121228567408100e-01,-4.815682426614941170e-01,-3.806451546764759719e-01,-2.691353032221753261e-01,-1.438425261479292783e-01,-1.150180385535387734e-01,-1.165780117858315340e-01,-1.209215197792920665e-01,-1.188862489698285368e-01,-1.033827798883729665e-01,-5.962330055210489643e-01,-5.999372912018332560e-01,-5.988983924299986494e-01,-5.977201808076544332e-01,-5.991364231776853400e-01,-5.660079014151038201e-01,-4.759214182697140694e-01,-3.734030877505076229e-01,-2.620004690211528153e-01,-1.427223924098977026e-01,-1.141532412711813577e-01,-1.156967669366888440e-01,-1.200059496170777368e-01,-1.180322659751954911e-01,-1.026514092410567708e-01,1.880018714949044378e+00,1.945928709873565587e+00,1.941939995276287023e+00,1.501722886892198794e+00,8.554171440631973544e-01,1.881976979436772890e+00,1.947071030489725407e+00,1.946966831996623126e+00,1.509196492391807087e+00,8.576811403244288812e-01
cmz,2.055999999999999842e-02,2.250999999999999876e-02,2.685999999999999846e-02,3.268000000000000071e-02,4.696999999999999786e-02,2.905999999999999903e-02,7.129000000000000614e-02,1.231000000000000011e-01,1.573599999999999999e-01,1.505799999999999916e-01,5.138000000000000206e-02,1.095700000000000007e-01,1.709499999999999909e-01,1.999499999999999889e-01,2.027200000000000113e-01,-2.052999999999999964e-02,-2.254000000000000101e-02,-2.698000000000000051e-02,-3.291000000000000175e-02,-4.714000000000000135e-02,-2.947999999999999926e-02,-7.259000000000000175e-02,-1.246600000000000069e-01,-1.576899999999999968e-01,-1.483899999999999941e-01,-5.020000000000000157e-02,-1.080699999999999994e-01,-1.688199999999999978e-01,-1.973900000000000099e-01,-2.002599999999999936e-01,1.780739999999999990e+00,2.030260000000000176e+00,2.151899999999999924e+00,1.786019999999999941e+00,1.162649999999999961e+00,-1.782389999999999919e+00,-2.031109999999999971e+00,-2.155580000000000052e+00,-1.792829999999999924e+00,-1.164579999999999949e+00
cmz*c/cref,2.988578329882677492e-02,3.044453858369012417e-02,3.361279372449697822e-02,3.759260889666123789e-02,4.928447950377562448e-02,2.834575217592313554e-02,6.621087350164493734e-02,1.085868987316328110e-01,1.314680924909713278e-01,1.187815058259127504e-01,3.765532573519066173e-02,7.314999857618578738e-02,1.029715258095640074e-01,1.073923897967798274e-01,9.565384362834764009e-02,-2.984217563837128842e-02,-3.048511326860841794e-02,-3.376296257211200413e-02,-3.785718356147862312e-02,-4.946285637232240157e-02,-2.875542925485939649e-02,-6.741825371699264324e-02,-1.099629796578825841e-01,-1.317437945151326284e-01,-1.170539756243006574e-01,-3.679052845283323214e-02,-7.214858397488727038e-02,-1.016885228848821154e-01,-1.060174234657983161e-01,-9.449308763325225957e-02,1.372897599951757863e+00,1.467853072256058988e+00,1.453931443345594987e+00,1.123569772256728827e+00,6.784111477115118971e-01,-1.374169700898510538e+00,-1.468467611828043529e+00,-1.456417835701890207e+00,-1.127853884500190862e+00,-6.795373108002171758e-01
cs,4.683999999999999969e-02,4.932000000000000273e-02,5.138000000000000206e-02,5.405000000000000082e-02,5.661999999999999672e-02,-4.234999999999999876e-02,-3.901999999999999913e-02,-3.413999999999999674e-02,-2.791000000000000078e-02,-2.671000000000000110e-02,-1.549500000000000044e-01,-1.329200000000000104e-01,-1.155199999999999977e-01,-9.539999999999999869e-02,-7.156999999999999473e-02,-4.673000000000000070e-02,-4.916000000000000231e-02,-5.120000000000000245e-02,-5.381999999999999978e-02,-5.634999999999999731e-02,4.197000000000000036e-02,3.844999999999999807e-02,3.346999999999999975e-02,2.733999999999999972e-02,2.648999999999999966e-02,1.538700000000000068e-01,1.320300000000000085e-01,1.147799999999999931e-01,9.486999999999999600e-02,7.120999999999999552e-02,4.349000000000000088e-01,4.501100000000000101e-01,4.309100000000000152e-01,3.229500000000000148e-01,1.896599999999999953e-01,-4.354399999999999937e-01,-4.503900000000000126e-01,-4.318199999999999816e-01,-3.242200000000000082e-01,-1.899700000000000000e-01
cs*c/cref,6.808609385783298551e-02,6.670478200566846982e-02,6.429729492050093032e-02,6.217504623208506415e-02,5.940998998304823642e-02,-4.130910545940622014e-02,-3.623998154066748745e-02,-3.011500180908158880e-02,-2.331770755861089367e-02,-2.106955784705890483e-02,-1.135596092383766714e-01,-8.873868586973272798e-02,-6.958333232828800563e-02,-5.123897967798347886e-02,-3.377044982478709378e-02,-6.792619910282954310e-02,-6.648838368610425487e-02,-6.407204164907838451e-02,-6.191047156726767892e-02,-5.912668554476806920e-02,4.093844524513055860e-02,3.571059175393810625e-02,2.952399269332046938e-02,2.284149497142320961e-02,2.089601600032161416e-02,1.127680998613037611e-01,8.814451320629561326e-02,6.913759422299946278e-02,5.095431867977245899e-02,3.360058309379752861e-02,3.352949707531809875e-01,3.254240079365079974e-01,2.911443832204332893e-01,2.031650585941426057e-01,1.106674048724597681e-01,-3.357112946993909830e-01,-3.256264445013970499e-01,-2.917592248085388862e-01,-2.039640046366091308e-01,-1.108482911716818647e-01
cx,3.680000000000000111e-03,6.400000000000000524e-04,-4.429999999999999910e-03,-7.049999999999999843e-03,-1.450000000000000074e-02,-2.446999999999999870e-02,-2.997999999999999970e-02,-3.409000000000000224e-02,-3.205999999999999822e-02,-2.436999999999999930e-02,-1.514000000000000068e-02,-2.037999999999999881e-02,-2.474000000000000157e-02,-2.436999999999999930e-02,-2.102000000000000049e-02,3.530000000000000152e-03,3.299999999999999982e-04,-4.760000000000000342e-03,-7.420000000000000380e-03,-1.473000000000000004e-02,-2.458000000000000115e-02,-3.031000000000000014e-02,-3.436999999999999778e-02,-3.205000000000000210e-02,-2.402999999999999928e-02,-1.491999999999999924e-02,-2.014000000000000165e-02,-2.445999999999999910e-02,-2.409000000000000030e-02,-2.079999999999999905e-02,7.590000000000000392e-03,-2.061999999999999944e-02,-3.065000000000000016e-02,-1.798999999999999905e-02,-1.119000000000000029e-02,7.769999999999999997e-03,-2.046999999999999861e-02,-3.039000000000000035e-02,-1.805000000000000007e-02,-1.112999999999999927e-02
cx*c/cref,5.349206349206349180e-03,8.655932782568495328e-04,-5.543733291121430255e-03,-8.109788638967616384e-03,-1.521449761134227412e-02,-2.386856695611972237e-02,-2.784404527394185661e-02,-3.007089665118897401e-02,-2.678486937760892958e-02,-1.922370365903502271e-02,-1.109578886007759127e-02,-1.360588638297587083e-02,-1.490210908761985427e-02,-1.308903495547649246e-02,-9.918329681668643441e-03,5.131168046928916669e-03,4.463215341011879844e-04,-5.956697622062755854e-03,-8.535408751934711949e-03,-1.545583102172908181e-02,-2.397586333393636471e-02,-2.815053409783781560e-02,-3.031788553538764669e-02,-2.677651477081616563e-02,-1.895550262316830423e-02,-1.093455546845162850e-02,-1.344566004676811012e-02,-1.473345142615931948e-02,-1.293864801302538857e-02,-9.814522234952795937e-03,5.851664355062413843e-03,-1.490800702861699162e-02,-2.070867546751358618e-02,-1.131735378265559706e-02,-6.529411897726588969e-03,5.990439003799072348e-03,-1.479955886885498534e-02,-2.053300644234055256e-02,-1.135509926497685167e-02,-6.494401646264247319e-03
cy,4.683999999999999969e-02,4.932000000000000273e-02,5.138000000000000206e-02,5.405000000000000082e-02,5.661999999999999672e-02,-4.234999999999999876e-02,-3.901999999999999913e-02,-3.413999999999999674e-02,-2.791000000000000078e-02,-2.671000000000000110e-02,-1.549500000000000044e-01,-1.329200000000000104e-01,-1.155199999999999977e-01,-9.539999999999999869e-02,-7.156999999999999473e-02,-4.673000000000000070e-02,-4.916000000000000231e-02,-5.120000000000000245e-02,-5.381999999999999978e-02,-5.634999999999999731e-02,4.197000000000000036e-02,3.844999999999999807e-02,3.346999999999999975e-02,2.733999999999999972e-02,2.648999999999999966e-02,1.538700000000000068e-01,1.320300000000000085e-01,1.147799999999999931e-01,9.486999999999999600e-02,7.120999999999999552e-02,4.349000000000000088e-01,4.501100000000000101e-01,4.309100000000000152e-01,3.229500000000000148e-01,1.896599999999999953e-01,-4.354399999999999937e-01,-4.503900000000000126e-01,-4.318199999999999816e-01,-3.242200000000000082e-01,-1.899700000000000000e-01
cy*c/cref,6.808609385783298551e-02,6.670478200566846982e-02,6.429729492050093032e-02,6.217504623208506415e-02,5.940998998304823642e-02,-4.130910545940622014e-02,-3.623998154066748745e-02,-3.011500180908158880e-02,-2.331770755861089367e-02,-2.106955784705890483e-02,-1.135596092383766714e-01,-8.873868586973272798e-02,-6.958333232828800563e-02,-5.123897967798347886e-02,-3.377044982478709378e-02,-6.792619910282954310e-02,-6.648838368610425487e-02,-6.407204164907838451e-02,-6.191047156726767892e-02,-5.912668554476806920e-02,4.093844524513055860e-02,3.571059175393810625e-02,2.952399269332046938e-02,2.284149497142320961e-02,2.089601600032161416e-02,1.127680998613037611e-01,8.814451320629561326e-02,6.913759422299946278e-02,5.095431867977245899e-02,3.360058309379752861e-02,3.352949707531809875e-01,3.254240079365079974e-01,2.911443832204332893e-01,2.031650585941426057e-01,1.106674048724597681e-01,-3.357112946993909830e-01,-3.256264445013970499e-01,-2.917592248085388862e-01,-2.039640046366091308e-01,-1.108482911716818647e-01
cz,1.069989999999999997e+00,1.122009999999999952e+00,1.171729999999999938e+00,1.224669999999999925e+00,1.276510000000000034e+00,1.268839999999999968e+00,1.150849999999999929e+00,9.820999999999999730e-01,7.770099999999999785e-01,5.312799999999999745e-01,4.305200000000000138e-01,3.984300000000000064e-01,3.698600000000000221e-01,3.306499999999999995e-01,2.583300000000000041e-01,1.067860000000000031e+00,1.118659999999999988e+00,1.167419999999999902e+00,1.219279999999999919e+00,1.270010000000000083e+00,1.260869999999999935e+00,1.138770000000000060e+00,9.667999999999999927e-01,7.625800000000000356e-01,5.276100000000000234e-01,4.276499999999999746e-01,3.957800000000000207e-01,3.674100000000000144e-01,3.285600000000000187e-01,2.566999999999999837e-01,-5.906299999999999883e-01,-5.928099999999999481e-01,-5.750699999999999701e-01,-4.345100000000000073e-01,-2.435299999999999965e-01,-5.914399999999999658e-01,-5.932800000000000296e-01,-5.767200000000000104e-01,-4.366999999999999771e-01,-2.441300000000000137e-01
cz*c/cref,1.555325353692201373e+00,1.517506740839011936e+00,1.466311198466300869e+00,1.408768064182194468e+00,1.339410920403760308e+00,1.237653963898771803e+00,1.068856554486857346e+00,8.663135113268608523e-01,6.491613024047384606e-01,4.190877833390285745e-01,3.155190898309514491e-01,2.659957463969124802e-01,2.227847238135440278e-01,1.775908661480632700e-01,1.218935350459305761e-01,1.552229209799862009e+00,1.512975901023136283e+00,1.460917634022794509e+00,1.402567814428430593e+00,1.332590628371089769e+00,1.229879853615148066e+00,1.057637206024241827e+00,8.528173330117189144e-01,6.371056048027766705e-01,4.161927898048202179e-01,3.134157269492854336e-01,2.642265806012851215e-01,2.213089692757643501e-01,1.764683350419103958e-01,1.211244162361722471e-01,-4.553581710185129472e-01,-4.285943572567622595e-01,-3.885461011779131613e-01,-2.733464920567917900e-01,-1.421007756437315528e-01,-4.559826569378279126e-01,-4.289341614906833078e-01,-3.896609238376650963e-01,-2.747242021615174945e-01,-1.424508781583549710e-01
Results_Name,VSPAERO_Comp_Load
Results_Timestamp,1749672324
Results_Date,6,11,2025
Results_Time,16,5,24
AoA,3.000000000000000000e+00,3.000000000000000000e+00,3.000000000000000000e+00,3.000000000000000000e+00,3.000000000000000000e+00,3.000000000000000000e+00,3.000000000000000000e+00,3.000000000000000000e+00,3.000000000000000000e+00
Beta,0.000000000000000000e+00,0.000000000000000000e+00,0.000000000000000000e+00,0.000000000000000000e+00,0.000000000000000000e+00,0.000000000000000000e+00,0.000000000000000000e+00,0.000000000000000000e+00,0.000000000000000000e+00
CDi,0.000000000000000000e+00,1.640000000000000138e-02,1.610999999999999932e-02,-3.020000000000000115e-03,-3.020000000000000115e-03,0.000000000000000000e+00,0.000000000000000000e+00,0.000000000000000000e+00,0.000000000000000000e+00
CFx,0.000000000000000000e+00,-1.037000000000000074e-02,-1.043999999999999963e-02,-1.059999999999999961e-03,-1.049999999999999935e-03,0.000000000000000000e+00,0.000000000000000000e+00,0.000000000000000000e+00,0.000000000000000000e+00
CFy,0.000000000000000000e+00,-4.879999999999999789e-03,4.740000000000000289e-03,2.807000000000000120e-02,-2.811999999999999916e-02,0.000000000000000000e+00,0.000000000000000000e+00,0.000000000000000000e+00,0.000000000000000000e+00
CFz,0.000000000000000000e+00,5.113100000000000422e-01,5.070900000000000407e-01,-3.744000000000000106e-02,-3.751999999999999780e-02,0.000000000000000000e+00,0.000000000000000000e+00,0.000000000000000000e+00,0.000000000000000000e+00
CL,0.000000000000000000e+00,5.111499999999999932e-01,5.069399999999999462e-01,-3.733000000000000207e-02,-3.740999999999999881e-02,0.000000000000000000e+00,0.000000000000000000e+00,0.000000000000000000e+00,0.000000000000000000e+00
Cmx,0.000000000000000000e+00,9.692000000000000615e-02,-9.586000000000000076e-02,-1.069999999999999988e-03,1.069999999999999988e-03,-0.000000000000000000e+00,0.000000000000000000e+00,-0.000000000000000000e+00,0.000000000000000000e+00
Cmy,0.000000000000000000e+00,-2.247599999999999876e-01,-2.228300000000000003e-01,1.245099999999999957e-01,1.247700000000000059e-01,1.410000000000000012e-03,1.340000000000000045e-03,-0.000000000000000000e+00,-0.000000000000000000e+00
Cmz,0.000000000000000000e+00,3.010000000000000089e-03,-3.020000000000000115e-03,7.860000000000000667e-03,-7.870000000000000259e-03,1.299999999999999886e-04,-1.399999999999999877e-04,1.000000000000000082e-05,1.000000000000000082e-05
Comp_ID,0,1,2,3,4,5,6,7,8
Comp_Name,NONE,main_wing,main_wing,horizontal_tail,horizontal_tail,fuselage,fuselage,fuselage,fuselage
Cs,0.000000000000000000e+00,-4.879999999999999789e-03,4.740000000000000289e-03,2.807000000000000120e-02,-2.811999999999999916e-02,0.000000000000000000e+00,0.000000000000000000e+00,0.000000000000000000e+00,0.000000000000000000e+00
Mach,1.499999999999999944e-01,1.499999999999999944e-01,1.499999999999999944e-01,1.499999999999999944e-01,1.499999999999999944e-01,1.499999999999999944e-01,1.499999999999999944e-01,1.499999999999999944e-01,1.499999999999999944e-01
Results_Name,VSPAERO_Load
Results_Timestamp,1749672324
Results_Date,6,11,2025
Results_Time,16,5,24
AnalysisMethod,0
Chord,1.735549999999999926e+00,1.614840000000000053e+00,1.494150000000000089e+00,1.373459999999999903e+00,1.252809999999999979e+00,1.164630000000000054e+00,1.108910000000000062e+00,1.053209999999999980e+00,9.975199999999999623e-01,9.418400000000000105e-01,8.750400000000000400e-01,7.971099999999999852e-01,7.191899999999999959e-01,6.412799999999999612e-01,5.633799999999999919e-01,1.735549999999999926e+00,1.614840000000000053e+00,1.494150000000000089e+00,1.373459999999999903e+00,1.252809999999999979e+00,1.164630000000000054e+00,1.108910000000000062e+00,1.053209999999999980e+00,9.975199999999999623e-01,9.418400000000000105e-01,8.750400000000000400e-01,7.971099999999999852e-01,7.191899999999999959e-01,6.412799999999999612e-01,5.633799999999999919e-01,9.205200000000000049e-01,8.632300000000000528e-01,8.067100000000000382e-01,7.511200000000000099e-01,6.966900000000000315e-01,9.205200000000000049e-01,8.632300000000000528e-01,8.067100000000000382e-01,7.511200000000000099e-01,6.966900000000000315e-01
FC_AoA_,4.000000000000000000e+00
FC_Beta_,0.000000000000000000e+00
FC_Bref_,1.417173599999999922e+01
FC_Cref_,1.193975999999999926e+00
FC_Mach_,1.499999999999999944e-01
FC_Pitch_Rate,0.000000000000000000e+00
FC_Rho_,2.377000000000000206e-03
FC_Roll__Rate,0.000000000000000000e+00
FC_Sref_,1.619368700000000061e+01
FC_Vinf_,5.100000000000000000e+01
FC_Xcg_,1.785187999999999997e+00
FC_Yaw___Rate,0.000000000000000000e+00
FC_Ycg_,-0.000000000000000000e+00
FC_Zcg_,7.542510000000000048e-01
S,3.314000000000000279e-02,8.981999999999999706e-02,1.368900000000000117e-01,1.839600000000000124e-01,2.310300000000000131e-01,2.997400000000000064e-01,4.117600000000000149e-01,5.454599999999999449e-01,6.791599999999999859e-01,8.128699999999999815e-01,9.157600000000000184e-01,9.578200000000000047e-01,9.698700000000000099e-01,9.819200000000000150e-01,9.939700000000000202e-01,3.314000000000000279e-02,8.981999999999999706e-02,1.368900000000000117e-01,1.839600000000000124e-01,2.310300000000000131e-01,2.997400000000000064e-01,4.117600000000000149e-01,5.454599999999999449e-01,6.791599999999999859e-01,8.128699999999999815e-01,9.157600000000000184e-01,9.578200000000000047e-01,9.698700000000000099e-01,9.819200000000000150e-01,9.939700000000000202e-01,1.026500000000000051e-01,3.046400000000000219e-01,5.033100000000000351e-01,7.019900000000000029e-01,9.006600000000000161e-01,1.026500000000000051e-01,3.046400000000000219e-01,5.033100000000000351e-01,7.019900000000000029e-01,9.006600000000000161e-01
V/Vref,9.704599999999999893e-01,9.743800000000000239e-01,9.802100000000000257e-01,9.818599999999999550e-01,9.880900000000000238e-01,9.920900000000000274e-01,9.969099999999999628e-01,1.000429999999999930e+00,1.001519999999999966e+00,1.002189999999999914e+00,1.012350000000000083e+00,1.011120000000000019e+00,1.011220000000000008e+00,1.010610000000000008e+00,1.012040000000000051e+00,9.707900000000000418e-01,9.746299999999999963e-01,9.803699999999999637e-01,9.820200000000000040e-01,9.881600000000000383e-01,9.921400000000000219e-01,9.969099999999999628e-01,1.000350000000000072e+00,1.001489999999999991e+00,1.002129999999999965e+00,1.012229999999999963e+00,1.011009999999999964e+00,1.011100000000000110e+00,1.010490000000000110e+00,1.011900000000000022e+00,9.606500000000000039e-01,9.657000000000000028e-01,9.816099999999999826e-01,9.860499999999999821e-01,9.942100000000000382e-01,9.600400000000000045e-01,9.655099999999999794e-01,9.816000000000000281e-01,9.858999999999999986e-01,9.940999999999999837e-01
WingId,1,1,1,1,1,1,1,1,1,1,1,1,1,1,1,2,2,2,2,2,2,2,2,2,2,2,2,2,2,2,3,3,3,3,3,4,4,4,4,4
Xavg,2.392879999999999896e+00,2.382319999999999993e+00,2.371750000000000025e+00,2.361190000000000122e+00,2.350620000000000154e+00,2.337899999999999867e+00,2.323770000000000113e+00,2.309619999999999784e+00,2.295469999999999899e+00,2.281299999999999883e+00,2.284749999999999837e+00,2.305000000000000160e+00,2.325239999999999974e+00,2.345470000000000166e+00,2.365699999999999914e+00,2.392879999999999896e+00,2.382319999999999993e+00,2.371750000000000025e+00,2.361190000000000122e+00,2.350620000000000154e+00,2.337899999999999867e+00,2.323770000000000113e+00,2.309619999999999784e+00,2.295469999999999899e+00,2.281299999999999883e+00,2.284749999999999837e+00,2.305000000000000160e+00,2.325239999999999974e+00,2.345470000000000166e+00,2.365699999999999914e+00,5.819969999999999644e+00,5.917910000000000004e+00,6.015850000000000364e+00,6.113780000000000214e+00,6.211730000000000196e+00,5.819969999999999644e+00,5.917910000000000004e+00,6.015850000000000364e+00,6.113780000000000214e+00,6.211730000000000196e+00
Yavg,1.718899999999999872e-01,5.195499999999999563e-01,8.671900000000000164e-01,1.214800000000000102e+00,1.562359999999999971e+00,2.228590000000000071e+00,3.216559999999999864e+00,4.204550000000000232e+00,5.192569999999999908e+00,6.180620000000000225e+00,6.716649999999999565e+00,6.791660000000000252e+00,6.866660000000000430e+00,6.941650000000000098e+00,7.016610000000000014e+00,-1.718899999999999872e-01,-5.195499999999999563e-01,-8.671900000000000164e-01,-1.214800000000000102e+00,-1.562359999999999971e+00,-2.228590000000000071e+00,-3.216559999999999864e+00,-4.204550000000000232e+00,-5.192569999999999908e+00,-6.180620000000000225e+00,-6.716649999999999565e+00,-6.791660000000000252e+00,-6.866660000000000430e+00,-6.941650000000000098e+00,-7.016610000000000014e+00,1.247400000000000037e-01,3.766700000000000048e-01,6.286100000000000021e-01,8.805399999999999894e-01,1.132460000000000022e+00,-1.247400000000000037e-01,-3.766700000000000048e-01,-6.286100000000000021e-01,-8.805399999999999894e-01,-1.132460000000000022e+00
Zavg,1.119259999999999922e+00,1.109900000000000109e+00,1.100540000000000074e+00,1.091180000000000039e+00,1.081830000000000069e+00,1.094910000000000050e+00,1.130849999999999911e+00,1.166740000000000110e+00,1.202599999999999891e+00,1.238469999999999960e+00,1.270329999999999959e+00,1.298289999999999944e+00,1.326240000000000085e+00,1.354190000000000005e+00,1.382130000000000081e+00,1.119259999999999922e+00,1.109900000000000109e+00,1.100540000000000074e+00,1.091180000000000039e+00,1.081830000000000069e+00,1.094910000000000050e+00,1.130849999999999911e+00,1.166740000000000110e+00,1.202599999999999891e+00,1.238469999999999960e+00,1.270329999999999959e+00,1.298289999999999944e+00,1.326240000000000085e+00,1.354190000000000005e+00,1.382130000000000081e+00,3.569700000000000095e-01,5.334799999999999542e-01,7.099999999999999645e-01,8.865300000000000402e-01,1.063090000000000090e+00,3.569700000000000095e-01,5.334799999999999542e-01,7.099999999999999645e-01,8.865300000000000402e-01,1.063090000000000090e+00
cd,6.994999999999999829e-02,6.833000000000000185e-02,6.532000000000000306e-02,6.413000000000000644e-02,5.825999999999999929e-02,4.671999999999999764e-02,3.479000000000000148e-02,2.106999999999999845e-02,1.184999999999999942e-02,6.159999999999999677e-03,1.098000000000000018e-02,1.750000000000000036e-03,-6.159999999999999677e-03,-8.380000000000000296e-03,-9.140000000000000555e-03,6.948999999999999622e-02,6.779000000000000303e-02,6.472999999999999587e-02,6.345000000000000639e-02,5.768000000000000210e-02,4.615999999999999964e-02,3.368999999999999773e-02,1.982000000000000081e-02,1.091999999999999915e-02,6.309999999999999637e-03,1.105000000000000079e-02,1.850000000000000082e-03,-6.009999999999999717e-03,-8.219999999999999876e-03,-8.999999999999999320e-03,-2.742999999999999952e-02,-5.283000000000000196e-02,-7.564999999999999503e-02,-4.227000000000000202e-02,-2.426000000000000031e-02,-2.716999999999999971e-02,-5.274000000000000216e-02,-7.571999999999999564e-02,-4.188000000000000056e-02,-2.418000000000000010e-02
cd*c/cref,1.016785282953761166e-01,9.241560734889144035e-02,8.174190938511327609e-02,7.377031849886429848e-02,6.113080212667591773e-02,4.557169792357635557e-02,3.231135207072839688e-02,1.858591353595047055e-02,9.900209049428128349e-03,4.859171708644059902e-03,8.047012000241212520e-03,1.168317034848271718e-03,-3.710468552131701223e-03,-4.500866349072343148e-03,-4.312727559012912056e-03,1.010098775017253259e-01,9.168526302036222875e-02,8.100357921767271929e-02,7.298809775070856654e-02,6.052222222222223419e-02,4.502546181832801225e-02,3.128972265774186690e-02,1.748328458863494805e-02,9.123230617700857012e-03,4.977495695055847262e-03,8.098313533940382572e-03,1.235078008268172952e-03,-3.620116233492130624e-03,-4.414930953385997822e-03,-4.246668274739190917e-03,-2.114771452692516471e-02,-3.819544186817826203e-02,-5.111292982438508242e-02,-2.659169229532252002e-02,-1.415581167460652767e-02,-2.094726225652777246e-02,-3.813037297232105965e-02,-5.116022533116243443e-02,-2.634634666023437724e-02,-1.410913133932340663e-02
cl,1.138830000000000009e+00,1.196290000000000076e+00,1.252380000000000049e+00,1.311420000000000030e+00,1.369990000000000041e+00,1.365930000000000089e+00,1.248729999999999896e+00,1.079159999999999897e+00,8.716300000000000159e-01,6.155199999999999561e-01,5.029799999999999827e-01,4.677100000000000146e-01,4.368199999999999861e-01,3.926999999999999935e-01,3.093799999999999883e-01,1.136519999999999975e+00,1.192749999999999977e+00,1.247910000000000075e+00,1.305889999999999995e+00,1.363339999999999996e+00,1.357669999999999932e+00,1.236150000000000082e+00,1.063609999999999944e+00,8.573399999999999910e-01,6.121999999999999664e-01,5.003199999999999870e-01,4.652000000000000024e-01,4.344899999999999873e-01,3.906700000000000172e-01,3.078000000000000180e-01,-5.610699999999999577e-01,-5.605499999999999927e-01,-5.318399999999999794e-01,-4.080599999999999783e-01,-2.266700000000000104e-01,-5.629699999999999704e-01,-5.613599999999999701e-01,-5.337899999999999867e-01,-4.105500000000000260e-01,-2.270899999999999863e-01
cl*c/cref,1.655390398550724562e+00,1.617969660696697565e+00,1.567237178134234021e+00,1.508558725803533784e+00,1.437497212590538087e+00,1.332357648646204096e+00,1.159762997162421927e+00,9.519304438280166147e-01,7.282125918778936668e-01,4.855385341078882755e-01,3.686235060001206709e-01,3.122477487822201137e-01,2.631179988542483583e-01,2.109176867876741135e-01,1.459815812043123162e-01,1.652032608695652049e+00,1.613181847876339337e+00,1.561643388560574275e+00,1.502197430601620143e+00,1.430519529203267304e+00,1.324300666093790824e+00,1.148079271693903669e+00,9.382137397234115994e-01,7.162738587710305582e-01,4.829196298753073990e-01,3.666740477195521986e-01,3.105720483493805695e-01,2.617145261713803572e-01,2.098273814549036220e-01,1.452360549960803326e-01,-4.325682898148706657e-01,-4.052707730306137068e-01,-3.593377474924119297e-01,-2.567070252668395280e-01,-1.322628949828137668e-01,-4.340331333293131477e-01,-4.058563930933284936e-01,-3.606552651812097166e-01,-2.582734627831715368e-01,-1.325079667430501262e-01
cmx,1.039500000000000007e-01,3.756599999999999939e-01,7.171499999999999542e-01,1.149480000000000057e+00,1.696769999999999889e+00,2.632130000000000081e+00,3.639940000000000175e+00,4.323290000000000077e+00,4.549229999999999663e+00,4.049409999999999954e+00,3.962530000000000108e+00,4.079959999999999809e+00,4.260609999999999786e+00,4.333999999999999631e+00,3.925499999999999989e+00,-1.037399999999999989e-01,-3.745399999999999840e-01,-7.145799999999999930e-01,-1.144609999999999905e+00,-1.688499999999999890e+00,-2.616150000000000198e+00,-3.603079999999999838e+00,-4.260659999999999670e+00,-4.474269999999999747e+00,-4.027660000000000018e+00,-3.941629999999999967e+00,-4.058189999999999742e+00,-4.237930000000000419e+00,-4.311779999999999724e+00,-3.905629999999999935e+00,1.187600000000000044e-01,-1.214699999999999946e-01,-3.834000000000000186e-01,-5.304999999999999716e-01,-4.438099999999999823e-01,-1.192000000000000004e-01,1.215699999999999975e-01,3.846200000000000174e-01,5.334400000000000253e-01,4.443900000000000072e-01
cmx*c/cref,1.511005434782608792e-01,5.080762045468251165e-01,8.974465755593077354e-01,1.322275155279503123e+00,1.780379524965326032e+00,2.567436499477376621e+00,3.380608877732886430e+00,3.813587761311785673e+00,3.800702785985647481e+00,3.194282225438367373e+00,2.904055233271021219e+00,2.723821011142602444e+00,2.566373282126273914e+00,2.327775030653882471e+00,1.852255145832077066e+00,-1.507952898550724563e-01,-5.065614163098756118e-01,-8.942304594062192580e-01,-1.316673074333152282e+00,-1.771702014948374204e+00,-2.551849262045468691e+00,-3.346375004857719215e+00,-3.758341640535488359e+00,-3.738076653467071075e+00,-3.177125247408658204e+00,-2.888738061066554508e+00,-2.709287147229090031e+00,-2.552712011547971116e+00,-2.315840752577940975e+00,-1.842879445985514009e+00,9.156042935536394534e-02,-8.782131977527186939e-02,-2.590442471205451902e-01,-3.337329728570758713e-01,-2.589649950250256794e-01,-9.189965627449799002e-02,8.789361854844654487e-02,2.598685402386647914e-01,3.355825014908172532e-01,2.593034274558282948e-01
cmy,-4.184499999999999886e-01,-4.548800000000000066e-01,-4.929499999999999993e-01,-5.385199999999999987e-01,-5.954500000000000348e-01,-6.095199999999999507e-01,-5.463500000000000023e-01,-4.605000000000000204e-01,-3.519700000000000051e-01,-2.091000000000000081e-01,-1.829000000000000070e-01,-2.059199999999999919e-01,-2.396300000000000097e-01,-2.664500000000000202e-01,-2.667300000000000226e-01,-4.178499999999999992e-01,-4.536800000000000277e-01,-4.913399999999999990e-01,-5.363900000000000334e-01,-5.926599999999999646e-01,-6.058900000000000396e-01,-5.399899999999999700e-01,-4.520500000000000074e-01,-3.432899999999999840e-01,-2.078200000000000047e-01,-1.817999999999999894e-01,-2.046499999999999986e-01,-2.381500000000000006e-01,-2.648800000000000043e-01,-2.651999999999999913e-01,2.316590000000000149e+00,2.553650000000000198e+00,2.667619999999999880e+00,2.250570000000000181e+00,1.373080000000000078e+00,2.323370000000000157e+00,2.556080000000000130e+00,2.675790000000000113e+00,2.263230000000000075e+00,1.375299999999999967e+00
cmy*c/cref,-6.082541839199447908e-01,-6.152204225210557986e-01,-6.168811119318982072e-01,-6.194728195541618909e-01,-6.247912139775004814e-01,-5.945389836981648246e-01,-5.074247543501712032e-01,-4.062085041910390437e-01,-2.940570952849973496e-01,-1.649436370580313338e-01,-1.340435787654023492e-01,-1.374741964662606342e-01,-1.443408407706687768e-01,-1.431092886289171695e-01,-1.258570921023538236e-01,-6.073820307108350747e-01,-6.135974351243241864e-01,-6.148663465597299371e-01,-6.170226280930269924e-01,-6.218637347819386818e-01,-5.909982032302157906e-01,-5.015178788350854733e-01,-3.987547325071861271e-01,-2.868052965888761574e-01,-1.639339390406507613e-01,-1.332374118072725266e-01,-1.366263321038278800e-01,-1.434493645600916634e-01,-1.422660475587448903e-01,-1.251351584956481577e-01,1.786022019538081373e+00,1.846257621174965280e+00,1.802377711277278749e+00,1.415814169129027800e+00,8.011979346318520712e-01,1.791249197973828977e+00,1.848014481363109640e+00,1.807897772568292982e+00,1.423778465898812184e+00,8.024933139359586853e-01
cmz,2.205000000000000016e-02,2.785999999999999935e-02,3.749999999999999861e-02,5.122000000000000164e-02,7.624999999999999833e-02,7.485999999999999599e-02,1.357899999999999940e-01,2.030599999999999905e-01,2.450100000000000056e-01,2.305200000000000027e-01,1.102599999999999969e-01,1.893799999999999928e-01,2.749199999999999977e-01,3.149899999999999922e-01,3.154899999999999927e-01,-2.202000000000000138e-02,-2.787999999999999853e-02,-3.758999999999999841e-02,-5.138999999999999818e-02,-7.627000000000000446e-02,-7.506000000000000172e-02,-1.367899999999999949e-01,-2.041300000000000059e-01,-2.450199999999999878e-01,-2.281100000000000072e-01,-1.088100000000000039e-01,-1.876200000000000090e-01,-2.725000000000000200e-01,-3.121399999999999730e-01,-3.127400000000000180e-01,1.683489999999999931e+00,1.909999999999999920e+00,2.007969999999999811e+00,1.641489999999999894e+00,1.069299999999999917e+00,-1.687829999999999941e+00,-1.910900000000000043e+00,-2.003940000000000055e+00,-1.636290000000000022e+00,-1.068179999999999907e+00
cmz*c/cref,3.205163043478261031e-02,3.768035739411847856e-02,4.692776487969607668e-02,5.891962753020161397e-02,8.000727192171368241e-02,7.302006221230578076e-02,1.261155072631275631e-01,1.791198672335122255e-01,2.046962210295684426e-01,1.818403023176345390e-01,8.080724436672094557e-02,1.264319314626089485e-01,1.655977296026050760e-01,1.691799392952622050e-01,1.488645971108296939e-01,-3.200802277432712034e-02,-3.770740718406400543e-02,-4.704039151540734959e-02,-5.911518271724054002e-02,-8.002825743566036043e-02,-7.321514653560876051e-02,-1.270442612749335121e-01,-1.800637176124143535e-01,-2.047045756363611857e-01,-1.799392302692851553e-01,-7.974456974009529187e-02,-1.252569383304187045e-01,-1.641400455285533522e-01,-1.676492150595991770e-01,-1.475670040268816374e-01,1.297920741120424548e+00,1.380906567636200455e+00,1.356685124910383511e+00,1.032647196258551281e+00,6.239410314780197142e-01,-1.301266752095519674e+00,-1.381557256594772465e+00,-1.353962255020201511e+00,-1.029375921124042748e+00,-6.232875067840559780e-01
cs,4.957000000000000295e-02,5.240000000000000213e-02,5.491000000000000048e-02,5.806999999999999662e-02,6.117999999999999827e-02,-4.596999999999999698e-02,-4.265000000000000041e-02,-3.774000000000000271e-02,-3.128999999999999837e-02,-3.180000000000000188e-02,-1.775100000000000011e-01,-1.507100000000000106e-01,-1.300800000000000012e-01,-1.060200000000000031e-01,-7.957999999999999796e-02,-4.943999999999999784e-02,-5.222999999999999865e-02,-5.471000000000000169e-02,-5.782000000000000334e-02,-6.088999999999999968e-02,4.556999999999999940e-02,4.204999999999999710e-02,3.704999999999999960e-02,3.070000000000000159e-02,3.155999999999999778e-02,1.765299999999999925e-01,1.498899999999999955e-01,1.293999999999999873e-01,1.055299999999999988e-01,7.925000000000000100e-02,4.111699999999999799e-01,4.239299999999999735e-01,4.020799999999999930e-01,2.978799999999999781e-01,1.749100000000000099e-01,-4.123999999999999888e-01,-4.243500000000000050e-01,-4.016199999999999770e-01,-2.972699999999999787e-01,-1.748099999999999932e-01
cs*c/cref,7.205439095928226068e-02,7.087044965727955226e-02,6.871476185450964280e-02,6.679935124324105911e-02,6.419468716289104815e-02,-4.484013171119017455e-02,-3.961135860352302251e-02,-3.329057317735030497e-02,-2.614156465456591791e-02,-2.508468511929888220e-02,-1.300933606705662604e-01,-1.006154630411331685e-01,-7.835353072423566212e-02,-5.694294156666465656e-02,-3.754998458930497440e-02,-7.186542443064181107e-02,-7.064052644274257386e-02,-6.846448044181793757e-02,-6.651177008583086803e-02,-6.389039721066420985e-02,4.444996306458421503e-02,3.905410619643946007e-02,3.268192199843213130e-02,2.564864285379270595e-02,2.489536674104001965e-02,1.293751391987778832e-01,1.000680230590899611e-01,7.794393354640294369e-02,5.667976441737522519e-02,3.739427341923121095e-02,3.169998462280649298e-01,3.064961891193793142e-01,2.716653909291309454e-01,1.873937378975791823e-01,1.020607180546342918e-01,-3.179481396610987498e-01,-3.067998439667129484e-01,-2.713545918845939875e-01,-1.870099921606464266e-01,-1.020023676355303749e-01
cx,-9.660000000000000184e-03,-1.528000000000000018e-02,-2.220000000000000098e-02,-2.750000000000000014e-02,-3.744999999999999718e-02,-4.866999999999999799e-02,-5.240000000000000213e-02,-5.426000000000000267e-02,-4.898000000000000270e-02,-3.679000000000000326e-02,-2.412999999999999867e-02,-3.088000000000000120e-02,-3.660999999999999671e-02,-3.574999999999999706e-02,-3.070000000000000159e-02,-9.960000000000000103e-03,-1.558000000000000010e-02,-2.247999999999999998e-02,-2.779999999999999832e-02,-3.756000000000000311e-02,-4.866000000000000186e-02,-5.263000000000000317e-02,-5.442000000000000309e-02,-4.891000000000000208e-02,-3.640999999999999792e-02,-2.386999999999999886e-02,-3.059999999999999873e-02,-3.629999999999999893e-02,-3.545000000000000234e-02,-3.045000000000000137e-02,1.176999999999999921e-02,-1.359999999999999924e-02,-3.835999999999999827e-02,-1.370000000000000037e-02,-8.389999999999999888e-03,1.216000000000000067e-02,-1.345000000000000015e-02,-3.830000000000000071e-02,-1.314000000000000064e-02,-8.279999999999999166e-03
cx*c/cref,-1.404166666666666584e-02,-2.066603951838228218e-02,-2.778123680878008192e-02,-3.163392731512191386e-02,-3.929537486515641970e-02,-4.747377007578042207e-02,-4.866671021863086533e-02,-4.786291734507226725e-02,-4.092086407096959949e-02,-2.902092973393100364e-02,-1.768437154515668797e-02,-2.061578859206550374e-02,-2.205198923596454058e-02,-1.920118997366781002e-02,-1.448585733716590759e-02,-1.447774327122153259e-02,-2.107178636756517828e-02,-2.813163078654847687e-02,-3.197902470401414732e-02,-3.941079519186316271e-02,-4.746401585961527309e-02,-4.888032364134622942e-02,-4.800405385032865957e-02,-4.086238182342023795e-02,-2.872117563502114140e-02,-1.749382299141691299e-02,-2.042885786648977742e-02,-2.186526111077609705e-02,-1.904006110675591709e-02,-1.436789432953426357e-02,9.074320086835917232e-03,-9.832633151755145254e-03,-2.591793771399090313e-02,-8.618551796686031718e-03,-4.895600162817343760e-03,9.374998492432010805e-03,-9.724184991993138974e-03,-2.587739870818174179e-02,-8.266260628354340015e-03,-4.831414701803051458e-03
cy,4.957000000000000295e-02,5.240000000000000213e-02,5.491000000000000048e-02,5.806999999999999662e-02,6.117999999999999827e-02,-4.596999999999999698e-02,-4.265000000000000041e-02,-3.774000000000000271e-02,-3.128999999999999837e-02,-3.180000000000000188e-02,-1.775100000000000011e-01,-1.507100000000000106e-01,-1.300800000000000012e-01,-1.060200000000000031e-01,-7.957999999999999796e-02,-4.943999999999999784e-02,-5.222999999999999865e-02,-5.471000000000000169e-02,-5.782000000000000334e-02,-6.088999999999999968e-02,4.556999999999999940e-02,4.204999999999999710e-02,3.704999999999999960e-02,3.070000000000000159e-02,3.155999999999999778e-02,1.765299999999999925e-01,1.498899999999999955e-01,1.293999999999999873e-01,1.055299999999999988e-01,7.925000000000000100e-02,4.111699999999999799e-01,4.239299999999999735e-01,4.020799999999999930e-01,2.978799999999999781e-01,1.749100000000000099e-01,-4.123999999999999888e-01,-4.243500000000000050e-01,-4.016199999999999770e-01,-2.972699999999999787e-01,-1.748099999999999932e-01
cy*c/cref,7.205439095928226068e-02,7.087044965727955226e-02,6.871476185450964280e-02,6.679935124324105911e-02,6.419468716289104815e-02,-4.484013171119017455e-02,-3.961135860352302251e-02,-3.329057317735030497e-02,-2.614156465456591791e-02,-2.508468511929888220e-02,-1.300933606705662604e-01,-1.006154630411331685e-01,-7.835353072423566212e-02,-5.694294156666465656e-02,-3.754998458930497440e-02,-7.186542443064181107e-02,-7.064052644274257386e-02,-6.846448044181793757e-02,-6.651177008583086803e-02,-6.389039721066420985e-02,4.444996306458421503e-02,3.905410619643946007e-02,3.268192199843213130e-02,2.564864285379270595e-02,2.489536674104001965e-02,1.293751391987778832e-01,1.000680230590899611e-01,7.794393354640294369e-02,5.667976441737522519e-02,3.739427341923121095e-02,3.169998462280649298e-01,3.064961891193793142e-01,2.716653909291309454e-01,1.873937378975791823e-01,1.020607180546342918e-01,-3.179481396610987498e-01,-3.067998439667129484e-01,-2.713545918845939875e-01,-1.870099921606464266e-01,-1.020023676355303749e-01
cz,1.140930000000000000e+00,1.198139999999999983e+00,1.253889999999999949e+00,1.312699999999999978e+00,1.370719999999999938e+00,1.365860000000000074e+00,1.248110000000000053e+00,1.078000000000000069e+00,8.703400000000000025e-01,6.144500000000000517e-01,5.025199999999999667e-01,4.666899999999999937e-01,4.353299999999999947e-01,3.911600000000000077e-01,3.079799999999999760e-01,1.138600000000000056e+00,1.194569999999999910e+00,1.249379999999999935e+00,1.307139999999999969e+00,1.364049999999999985e+00,1.357590000000000074e+00,1.235489999999999977e+00,1.062400000000000011e+00,8.560100000000000486e-01,6.111499999999999710e-01,4.998699999999999810e-01,4.642000000000000015e-01,4.330100000000000060e-01,3.891499999999999959e-01,3.064200000000000257e-01,-5.616200000000000081e-01,-5.628699999999999815e-01,-5.358199999999999630e-01,-4.100199999999999956e-01,-2.278100000000000125e-01,-5.635000000000000009e-01,-5.636799999999999589e-01,-5.377800000000000358e-01,-4.124700000000000033e-01,-2.282200000000000062e-01
cz*c/cref,1.658442934782608624e+00,1.620471766266658786e+00,1.569126802800056453e+00,1.510031141329473803e+00,1.438263183849591620e+00,1.332289369133047963e+00,1.159187169675102602e+00,9.509072041649079265e-01,7.271348476016268325e-01,4.846944896714842632e-01,3.682863816358117881e-01,3.115667868533370521e-01,2.622204991557619547e-01,2.100905586041930673e-01,1.453209883615750875e-01,1.655056073153899243e+00,1.615643378761382198e+00,1.563482956943858193e+00,1.503635336388670973e+00,1.431264514948374256e+00,1.324222632364469909e+00,1.147466294046111557e+00,9.371463949024101403e-01,7.151626960675926403e-01,4.820913619704249031e-01,3.663442521457718204e-01,3.099044386151815211e-01,2.608230499608032438e-01,2.090109951958833423e-01,1.445848991939536754e-01,-4.329923234637882423e-01,-4.069481045682660225e-01,-3.620268348777530010e-01,-2.579400443560004863e-01,-1.329280897605982226e-01,-4.344417475728155620e-01,-4.075337246309808648e-01,-3.633511090675189958e-01,-2.594813182174516286e-01,-1.331673264789242361e-01
Results_Name,VSPAERO_Comp_Load
Results_Timestamp,1749672324
Results_Date,6,11,2025
Results_Time,16,5,24
AoA,4.000000000000000000e+00,4.000000000000000000e+00,4.000000000000000000e+00,4.000000000000000000e+00,4.000000000000000000e+00,4.000000000000000000e+00,4.000000000000000000e+00,4.000000000000000000e+00,4.000000000000000000e+00
Beta,0.000000000000000000e+00,0.000000000000000000e+00,0.000000000000000000e+00,0.000000000000000000e+00,0.000000000000000000e+00,0.000000000000000000e+00,0.000000000000000000e+00,0.000000000000000000e+00,0.000000000000000000e+00
CDi,0.000000000000000000e+00,1.901999999999999871e-02,1.867999999999999869e-02,-3.360000000000000139e-03,-3.350000000000000113e-03,0.000000000000000000e+00,0.000000000000000000e+00,0.000000000000000000e+00,0.000000000000000000e+00
CFx,0.000000000000000000e+00,-1.983000000000000040e-02,-1.986999999999999877e-02,-8.999999999999999754e-04,-8.800000000000000313e-04,0.000000000000000000e+00,0.000000000000000000e+00,0.000000000000000000e+00,0.000000000000000000e+00
CFy,0.000000000000000000e+00,-5.819999999999999653e-03,5.680000000000000153e-03,2.627000000000000168e-02,-2.628000000000000128e-02,0.000000000000000000e+00,0.000000000000000000e+00,0.000000000000000000e+00,0.000000000000000000e+00
CFz,0.000000000000000000e+00,5.562899999999999512e-01,5.519899999999999807e-01,-3.531999999999999723e-02,-3.543999999999999928e-02,0.000000000000000000e+00,0.000000000000000000e+00,0.000000000000000000e+00,0.000000000000000000e+00
CL,0.000000000000000000e+00,5.563200000000000367e-01,5.520300000000000207e-01,-3.518000000000000294e-02,-3.529000000000000192e-02,0.000000000000000000e+00,0.000000000000000000e+00,0.000000000000000000e+00,0.000000000000000000e+00
Cmx,0.000000000000000000e+00,1.069800000000000056e-01,-1.059100000000000041e-01,-1.000000000000000021e-03,1.000000000000000021e-03,-1.000000000000000082e-05,0.000000000000000000e+00,-0.000000000000000000e+00,0.000000000000000000e+00
Cmy,0.000000000000000000e+00,-2.358000000000000096e-01,-2.338200000000000001e-01,1.173000000000000015e-01,1.176299999999999985e-01,3.889999999999999795e-03,3.799999999999999992e-03,-0.000000000000000000e+00,0.000000000000000000e+00
Cmz,0.000000000000000000e+00,4.980000000000000052e-03,-4.980000000000000052e-03,7.340000000000000170e-03,-7.340000000000000170e-03,1.100000000000000039e-04,-1.200000000000000030e-04,1.000000000000000082e-05,2.000000000000000164e-05
Comp_ID,0,1,2,3,4,5,6,7,8
Comp_Name,NONE,main_wing,main_wing,horizontal_tail,horizontal_tail,fuselage,fuselage,fuselage,fuselage
Cs,0.000000000000000000e+00,-5.819999999999999653e-03,5.680000000000000153e-03,2.627000000000000168e-02,-2.628000000000000128e-02,0.000000000000000000e+00,0.000000000000000000e+00,0.000000000000000000e+00,0.000000000000000000e+00
Mach,1.499999999999999944e-01,1.499999999999999944e-01,1.499999999999999944e-01,1.499999999999999944e-01,1.499999999999999944e-01,1.499999999999999944e-01,1.499999999999999944e-01,1.499999999999999944e-01,1.499999999999999944e-01
Results_Name,VSPAERO_Load
Results_Timestamp,1749672324
Results_Date,6,11,2025
Results_Time,16,5,24
AnalysisMethod,0
Chord,1.735549999999999926e+00,1.614840000000000053e+00,1.494150000000000089e+00,1.373459999999999903e+00,1.252809999999999979e+00,1.164630000000000054e+00,1.108910000000000062e+00,1.053209999999999980e+00,9.975199999999999623e-01,9.418400000000000105e-01,8.750400000000000400e-01,7.971099999999999852e-01,7.191899999999999959e-01,6.412799999999999612e-01,5.633799999999999919e-01,1.735549999999999926e+00,1.614840000000000053e+00,1.494150000000000089e+00,1.373459999999999903e+00,1.252809999999999979e+00,1.164630000000000054e+00,1.108910000000000062e+00,1.053209999999999980e+00,9.975199999999999623e-01,9.418400000000000105e-01,8.750400000000000400e-01,7.971099999999999852e-01,7.191899999999999959e-01,6.412799999999999612e-01,5.633799999999999919e-01,9.205200000000000049e-01,8.632300000000000528e-01,8.067100000000000382e-01,7.511200000000000099e-01,6.966900000000000315e-01,9.205200000000000049e-01,8.632300000000000528e-01,8.067100000000000382e-01,7.511200000000000099e-01,6.966900000000000315e-01
FC_AoA_,5.000000000000000000e+00
FC_Beta_,0.000000000000000000e+00
FC_Bref_,1.417173599999999922e+01
FC_Cref_,1.193975999999999926e+00
FC_Mach_,1.499999999999999944e-01
FC_Pitch_Rate,0.000000000000000000e+00
FC_Rho_,2.377000000000000206e-03
FC_Roll__Rate,0.000000000000000000e+00
FC_Sref_,1.619368700000000061e+01
FC_Vinf_,5.100000000000000000e+01
FC_Xcg_,1.785187999999999997e+00
FC_Yaw___Rate,0.000000000000000000e+00
FC_Ycg_,-0.000000000000000000e+00
FC_Zcg_,7.542510000000000048e-01
S,3.314000000000000279e-02,8.981999999999999706e-02,1.368900000000000117e-01,1.839600000000000124e-01,2.310300000000000131e-01,2.997400000000000064e-01,4.117600000000000149e-01,5.454599999999999449e-01,6.791599999999999859e-01,8.128699999999999815e-01,9.157600000000000184e-01,9.578200000000000047e-01,9.698700000000000099e-01,9.819200000000000150e-01,9.939700000000000202e-01,3.314000000000000279e-02,8.981999999999999706e-02,1.368900000000000117e-01,1.839600000000000124e-01,2.310300000000000131e-01,2.997400000000000064e-01,4.117600000000000149e-01,5.454599999999999449e-01,6.791599999999999859e-01,8.128699999999999815e-01,9.157600000000000184e-01,9.578200000000000047e-01,9.698700000000000099e-01,9.819200000000000150e-01,9.939700000000000202e-01,1.026500000000000051e-01,3.046400000000000219e-01,5.033100000000000351e-01,7.019900000000000029e-01,9.006600000000000161e-01,1.026500000000000051e-01,3.046400000000000219e-01,5.033100000000000351e-01,7.019900000000000029e-01,9.006600000000000161e-01
V/Vref,9.710699999999999887e-01,9.752899999999999903e-01,9.816700000000000426e-01,9.834100000000000064e-01,9.900099999999999456e-01,9.940299999999999692e-01,9.979299999999999837e-01,1.001069999999999904e+00,1.001560000000000006e+00,1.001770000000000049e+00,1.013139999999999930e+00,1.011840000000000073e+00,1.012000000000000011e+00,1.011500000000000066e+00,1.013309999999999933e+00,9.714899999999999647e-01,9.755899999999999572e-01,9.818700000000000205e-01,9.835899999999999643e-01,9.900900000000000256e-01,9.940600000000000547e-01,9.978599999999999692e-01,1.001120000000000010e+00,1.001470000000000082e+00,1.001679999999999904e+00,1.012969999999999926e+00,1.011670000000000069e+00,1.011830000000000007e+00,1.011309999999999931e+00,1.013060000000000072e+00,9.613500000000000378e-01,9.665300000000000002e-01,9.789499999999999869e-01,9.918299999999999894e-01,9.959999999999999964e-01,9.606000000000000094e-01,9.663199999999999568e-01,9.789900000000000269e-01,9.913699999999999735e-01,9.956199999999999495e-01
WingId,1,1,1,1,1,1,1,1,1,1,1,1,1,1,1,2,2,2,2,2,2,2,2,2,2,2,2,2,2,2,3,3,3,3,3,4,4,4,4,4
Xavg,2.392879999999999896e+00,2.382319999999999993e+00,2.371750000000000025e+00,2.361190000000000122e+00,2.350620000000000154e+00,2.337899999999999867e+00,2.323770000000000113e+00,2.309619999999999784e+00,2.295469999999999899e+00,2.281299999999999883e+00,2.284749999999999837e+00,2.305000000000000160e+00,2.325239999999999974e+00,2.345470000000000166e+00,2.365699999999999914e+00,2.392879999999999896e+00,2.382319999999999993e+00,2.371750000000000025e+00,2.361190000000000122e+00,2.350620000000000154e+00,2.337899999999999867e+00,2.323770000000000113e+00,2.309619999999999784e+00,2.295469999999999899e+00,2.281299999999999883e+00,2.284749999999999837e+00,2.305000000000000160e+00,2.325239999999999974e+00,2.345470000000000166e+00,2.365699999999999914e+00,5.819969999999999644e+00,5.917910000000000004e+00,6.015850000000000364e+00,6.113780000000000214e+00,6.211730000000000196e+00,5.819969999999999644e+00,5.917910000000000004e+00,6.015850000000000364e+00,6.113780000000000214e+00,6.211730000000000196e+00
Yavg,1.718899999999999872e-01,5.195499999999999563e-01,8.671900000000000164e-01,1.214800000000000102e+00,1.562359999999999971e+00,2.228590000000000071e+00,3.216559999999999864e+00,4.204550000000000232e+00,5.192569999999999908e+00,6.180620000000000225e+00,6.716649999999999565e+00,6.791660000000000252e+00,6.866660000000000430e+00,6.941650000000000098e+00,7.016610000000000014e+00,-1.718899999999999872e-01,-5.195499999999999563e-01,-8.671900000000000164e-01,-1.214800000000000102e+00,-1.562359999999999971e+00,-2.228590000000000071e+00,-3.216559999999999864e+00,-4.204550000000000232e+00,-5.192569999999999908e+00,-6.180620000000000225e+00,-6.716649999999999565e+00,-6.791660000000000252e+00,-6.866660000000000430e+00,-6.941650000000000098e+00,-7.016610000000000014e+00,1.247400000000000037e-01,3.766700000000000048e-01,6.286100000000000021e-01,8.805399999999999894e-01,1.132460000000000022e+00,-1.247400000000000037e-01,-3.766700000000000048e-01,-6.286100000000000021e-01,-8.805399999999999894e-01,-1.132460000000000022e+00
Zavg,1.119259999999999922e+00,1.109900000000000109e+00,1.100540000000000074e+00,1.091180000000000039e+00,1.081830000000000069e+00,1.094910000000000050e+00,1.130849999999999911e+00,1.166740000000000110e+00,1.202599999999999891e+00,1.238469999999999960e+00,1.270329999999999959e+00,1.298289999999999944e+00,1.326240000000000085e+00,1.354190000000000005e+00,1.382130000000000081e+00,1.119259999999999922e+00,1.109900000000000109e+00,1.100540000000000074e+00,1.091180000000000039e+00,1.081830000000000069e+00,1.094910000000000050e+00,1.130849999999999911e+00,1.166740000000000110e+00,1.202599999999999891e+00,1.238469999999999960e+00,1.270329999999999959e+00,1.298289999999999944e+00,1.326240000000000085e+00,1.354190000000000005e+00,1.382130000000000081e+00,3.569700000000000095e-01,5.334799999999999542e-01,7.099999999999999645e-01,8.865300000000000402e-01,1.063090000000000090e+00,3.569700000000000095e-01,5.334799999999999542e-01,7.099999999999999645e-01,8.865300000000000402e-01,1.063090000000000090e+00
cd,8.100999999999999868e-02,7.799000000000000377e-02,7.430000000000000493e-02,7.158000000000000473e-02,6.433999999999999442e-02,5.185000000000000026e-02,3.946000000000000202e-02,2.517000000000000140e-02,1.557000000000000051e-02,9.379999999999999449e-03,1.524999999999999967e-02,3.409999999999999837e-03,-6.810000000000000081e-03,-9.620000000000000079e-03,-1.069999999999999944e-02,8.067000000000000559e-02,7.739999999999999658e-02,7.355000000000000426e-02,7.070999999999999508e-02,6.365999999999999437e-02,5.126000000000000001e-02,3.801999999999999824e-02,2.342999999999999944e-02,1.455000000000000043e-02,9.549999999999999462e-03,1.532999999999999988e-02,3.530000000000000152e-03,-6.620000000000000016e-03,-9.409999999999999962e-03,-1.051000000000000024e-02,-3.017999999999999849e-02,-5.211999999999999966e-02,-6.751999999999999669e-02,-4.037000000000000310e-02,-2.267999999999999877e-02,-3.060999999999999832e-02,-5.172999999999999821e-02,-6.786999999999999977e-02,-4.080000000000000293e-02,-2.279000000000000123e-02
cd*c/cref,1.177552191166321566e-01,1.054806558925807658e-01,9.297954481497117118e-02,8.234023698968823135e-02,6.751039836646632875e-02,5.057561081629782102e-02,3.664863330586209944e-02,2.220253648314539363e-02,1.300812277633721370e-02,7.399193283617090840e-03,1.117640555589057179e-02,2.276549193618632085e-03,-4.101995266236507440e-03,-5.166865665641520722e-03,-5.048816726634370970e-03,1.172609989648033119e-01,1.046826870891877231e-01,9.204098951737725576e-02,8.133945456190072587e-02,6.679689089227924814e-02,5.000011206255402380e-02,3.531122752886155236e-02,2.066767698848218093e-02,1.215595288347504424e-02,7.533293801550450079e-03,1.123503588011819446e-02,2.356662361722513740e-03,-3.987548995959717957e-03,-5.054075458803192374e-03,-4.959164840834321721e-03,-2.326788277151299600e-02,-3.768212057863810222e-02,-4.561989453724363264e-02,-2.539641868848285453e-02,-1.323387505276488185e-02,-2.359939998793945601e-02,-3.740015536325688728e-02,-4.585637207113041347e-02,-2.566692797845183255e-02,-1.329806051377917415e-02
cl,1.208709999999999951e+00,1.271749999999999936e+00,1.334130000000000038e+00,1.399370000000000003e+00,1.464369999999999949e+00,1.463999999999999968e+00,1.345900000000000096e+00,1.175689999999999902e+00,9.647000000000000020e-01,6.975999999999999979e-01,5.745900000000000452e-01,5.359300000000000175e-01,5.028399999999999537e-01,4.541100000000000136e-01,3.605999999999999761e-01,1.206169999999999964e+00,1.267759999999999998e+00,1.328929999999999945e+00,1.392849999999999921e+00,1.456520000000000037e+00,1.454399999999999915e+00,1.330629999999999979e+00,1.156830000000000025e+00,9.492899999999999672e-01,6.935200000000000253e-01,5.713099999999999845e-01,5.328699999999999548e-01,4.999899999999999900e-01,4.515799999999999814e-01,3.585999999999999743e-01,-5.220299999999999940e-01,-5.182999999999999829e-01,-4.958400000000000030e-01,-3.834799999999999875e-01,-1.952500000000000069e-01,-5.227699999999999569e-01,-5.195400000000000018e-01,-4.984100000000000197e-01,-3.878300000000000081e-01,-2.021499999999999964e-01
cl*c/cref,1.756967175638371126e+00,1.720028518161169195e+00,1.669539705571971622e+00,1.609729776980441729e+00,1.536527852904916225e+00,1.428017246577820698e+00,1.250010024489604632e+00,1.037079861655510582e+00,8.059689172981701066e-01,5.502854194724182690e-01,4.211049749743714377e-01,3.577920848492767147e-01,3.028850660314780230e-01,2.439007658445395965e-01,1.701498422078835671e-01,1.753275060386473294e+00,1.714632085067036682e+00,1.663032388841986897e+00,1.602229660395183553e+00,1.528291038680844816e+00,1.418653199059277670e+00,1.235827950729327940e+00,1.020443396098414057e+00,7.930944682305172133e-01,5.470670070420176057e-01,4.187011316810388406e-01,3.557491990626276968e-01,3.011683719773262102e-01,2.425419124002492488e-01,1.692061381468304149e-01,-4.024696104444310807e-01,-3.747245413643155443e-01,-3.350143440069147660e-01,-2.412439593425663442e-01,-1.139291933003678675e-01,-4.030401284447928667e-01,-3.756210461516814592e-01,-3.367507647557405059e-01,-2.439805068108571728e-01,-1.179553722185370801e-01
cmx,1.104600000000000026e-01,3.994300000000000073e-01,7.639000000000000234e-01,1.226169999999999982e+00,1.812659999999999938e+00,2.819269999999999943e+00,3.920259999999999856e+00,4.705960000000000143e+00,5.030470000000000219e+00,4.585510000000000197e+00,4.521720000000000184e+00,4.666190000000000282e+00,4.891560000000000130e+00,4.995829999999999771e+00,4.559639999999999915e+00,-1.102299999999999947e-01,-3.981700000000000239e-01,-7.608899999999999553e-01,-1.220409999999999995e+00,-1.802899999999999947e+00,-2.800699999999999967e+00,-3.875469999999999970e+00,-4.629950000000000010e+00,-4.949690000000000367e+00,-4.558810000000000251e+00,-4.496000000000000441e+00,-4.639649999999999608e+00,-4.863909999999999734e+00,-4.968259999999999899e+00,-4.534620000000000317e+00,1.094299999999999995e-01,-1.133799999999999947e-01,-3.649700000000000166e-01,-5.008099999999999774e-01,-3.820000000000000062e-01,-1.099600000000000022e-01,1.134899999999999937e-01,3.668299999999999894e-01,5.066399999999999793e-01,3.948099999999999943e-01
cmx*c/cref,1.605634057971014605e-01,5.402248798970834542e-01,9.559498557759956716e-01,1.410493551126655642e+00,1.901980085529357600e+00,2.749976900791975876e+00,3.640957202322324893e+00,4.151142176727170785e+00,4.202759883280736020e+00,3.617172152874095215e+00,3.313873870831574919e+00,3.115193865622089664e+00,2.946425251763854725e+00,2.683241423948219850e+00,2.151475392470200365e+00,-1.602290804002760305e-01,-5.385207431305152337e-01,-9.521831205149853261e-01,-1.403867681259924671e+00,-1.891739154723378169e+00,-2.731863321373293907e+00,-3.599358310133537131e+00,-4.084093515698808297e+00,-4.135271369608769731e+00,-3.596110483292796811e+00,-3.295024221592394831e+00,-3.097475503276447384e+00,-2.929770307694627096e+00,-2.668433681079016573e+00,-2.139669654666425558e+00,8.436727672918049870e-02,-8.197234902544105195e-02,-2.465920158361642467e-01,-3.150552500217759788e-01,-2.228986009769040877e-01,-8.477589097268287133e-02,8.205187767593317971e-02,2.478487250162482447e-01,3.187228527206577011e-01,2.303732896641138839e-01
cmy,-4.262199999999999878e-01,-4.652499999999999969e-01,-5.060499999999999998e-01,-5.557800000000000518e-01,-6.176500000000000323e-01,-6.363499999999999712e-01,-5.745599999999999596e-01,-4.904800000000000271e-01,-3.824600000000000222e-01,-2.361800000000000010e-01,-2.094499999999999973e-01,-2.380200000000000093e-01,-2.798399999999999777e-01,-3.134299999999999864e-01,-3.172499999999999765e-01,-4.254700000000000149e-01,-4.638499999999999845e-01,-5.041400000000000325e-01,-5.532000000000000250e-01,-6.142499999999999627e-01,-6.320599999999999552e-01,-5.668100000000000360e-01,-4.801599999999999757e-01,-3.733400000000000052e-01,-2.345500000000000085e-01,-2.080500000000000127e-01,-2.364300000000000013e-01,-2.779900000000000149e-01,-3.114100000000000201e-01,-3.152200000000000002e-01,2.153560000000000141e+00,2.361959999999999837e+00,2.486260000000000137e+00,2.113290000000000113e+00,1.185540000000000038e+00,2.155139999999999834e+00,2.364759999999999973e+00,2.495120000000000005e+00,2.134609999999999896e+00,1.225100000000000078e+00
cmy*c/cref,-6.195485679779157984e-01,-6.292457386078113002e-01,-6.332745444632054133e-01,-6.393274226617621236e-01,-6.480851344583141715e-01,-6.207095456692597324e-01,-5.336249050232165780e-01,-4.326539568634545918e-01,-3.195302913961419744e-01,-1.863050607382392976e-01,-1.535015176184446051e-01,-1.589044689340489425e-01,-1.685612856539829840e-01,-1.683420691873203368e-01,-1.496950566845564601e-01,-6.184583764665286809e-01,-6.273522533116243638e-01,-6.308843569719995159e-01,-6.363595851172887397e-01,-6.445175970873786575e-01,-6.165249869344107125e-01,-5.264270614317206887e-01,-4.235506522744175717e-01,-3.119108900011390295e-01,-1.850192734192312172e-01,-1.524754869444612249e-01,-1.578429694566725050e-01,-1.674469403907616338e-01,-1.672571348167802563e-01,-1.487371970625875339e-01,1.660330736296207199e+00,1.707668102876439775e+00,1.679841809718118473e+00,1.329452505578001764e+00,6.917675586443949864e-01,1.661548869324006583e+00,1.709692468525330522e+00,1.685828069575938004e+00,1.342864733629486773e+00,7.148509844418985404e-01
cmz,2.365000000000000088e-02,3.377999999999999753e-02,4.941999999999999865e-02,7.212000000000000355e-02,1.093900000000000011e-01,1.265400000000000136e-01,2.095100000000000018e-01,2.948899999999999855e-01,3.463700000000000112e-01,3.249000000000000221e-01,1.826800000000000090e-01,2.858700000000000130e-01,3.995400000000000063e-01,4.526899999999999813e-01,4.502700000000000036e-01,-2.360999999999999904e-02,-3.379000000000000059e-02,-4.950000000000000233e-02,-7.227000000000000091e-02,-1.092599999999999960e-01,-1.263100000000000056e-01,-2.102199999999999902e-01,-2.957600000000000229e-01,-3.450300000000000034e-01,-3.215700000000000225e-01,-1.805400000000000060e-01,-2.832500000000000018e-01,-3.959699999999999886e-01,-4.484899999999999998e-01,-4.460100000000000176e-01,1.557749999999999968e+00,1.754099999999999993e+00,2.161979999999999791e+00,1.868870000000000031e+00,9.160099999999999909e-01,-1.559979999999999922e+00,-1.754750000000000032e+00,-2.196239999999999970e+00,-1.905869999999999953e+00,-9.360300000000000287e-01
cmz*c/cref,3.437737232574188811e-02,4.568709521799433487e-02,6.184453707612214135e-02,8.296141228969426684e-02,1.147802685313607796e-01,1.234298513537960829e-01,1.945832530134609384e-01,2.601234002190999095e-01,2.893785154810482041e-01,2.562897545679310718e-01,1.338823453737763847e-01,1.908495947154716654e-01,2.406624359283603964e-01,2.431380892078232603e-01,2.124608137852017076e-01,-3.431922877846790843e-02,-4.570062011296709831e-02,-6.194464964119882761e-02,-8.313396098414038704e-02,-1.146438626907073655e-01,-1.232055043819976353e-01,-1.952426683618431191e-01,-2.608908299664315367e-01,-2.882589981708175153e-01,-2.536629620695893816e-01,-1.323139842006874622e-01,-1.891004572118702431e-01,-2.385120507447386073e-01,-2.408822850710567176e-01,-2.104507241351585012e-01,1.200978939275161306e+00,1.268192780256889751e+00,1.460741996321534009e+00,1.175689992428658570e+00,5.344956740336490597e-01,-1.202698202978954356e+00,-1.268662722282525079e+00,-1.483889768638565698e+00,-1.198966373193431023e+00,-5.461774279382500819e-01
cs,5.249000000000000193e-02,5.573999999999999788e-02,5.875999999999999973e-02,6.246000000000000163e-02,6.615000000000000047e-02,-4.952999999999999764e-02,-4.619000000000000189e-02,-4.123999999999999888e-02,-3.477000000000000229e-02,-3.722999999999999921e-02,-1.988399999999999890e-01,-1.669499999999999873e-01,-1.429499999999999937e-01,-1.147200000000000025e-01,-8.609999999999999598e-02,-5.233999999999999764e-02,-5.553999999999999909e-02,-5.852000000000000257e-02,-6.214999999999999691e-02,-6.579999999999999738e-02,4.905999999999999944e-02,4.546999999999999653e-02,4.041000000000000147e-02,3.413000000000000062e-02,3.692000000000000143e-02,1.976400000000000101e-01,1.659700000000000064e-01,1.421600000000000086e-01,1.141999999999999960e-01,8.576000000000000290e-02,3.805200000000000249e-01,3.896100000000000119e-01,4.280399999999999761e-01,3.358300000000000174e-01,1.501599999999999879e-01,-3.813500000000000223e-01,-3.902100000000000013e-01,-4.348500000000000143e-01,-3.425400000000000111e-01,-1.539300000000000113e-01
cs*c/cref,7.629886991028295151e-02,7.538776457818248400e-02,7.353267904882511419e-02,7.184927636736417045e-02,6.940958737864078021e-02,-4.831263266598323503e-02,-4.289914780531602773e-02,-3.637793422983377073e-02,-2.904896781844861289e-02,-2.936801342740557805e-02,-1.457256708677561463e-01,-1.114574451245251008e-01,-8.610575966351081967e-02,-6.161567870710969036e-02,-4.062645982833825581e-02,-7.608083160800550859e-02,-7.511726667872721530e-02,-7.323234135359506236e-02,-7.149267573217552019e-02,-6.904234088457389396e-02,4.785418450622123260e-02,4.223044491681574725e-02,3.564578860881625899e-02,2.851427298371156382e-02,2.912347718882121739e-02,1.448462160043418323e-01,1.108031875850100934e-01,8.562990411867575646e-02,6.133638867112906762e-02,4.046603013795922743e-02,2.933696074292951317e-01,2.816832501658325105e-01,2.892052674425616421e-01,2.112677554657715340e-01,8.761898932641863647e-02,-2.940095127540252595e-01,-2.821170428048805356e-01,-2.938064446019015841e-01,-2.154889585720316247e-01,-8.981880012663573387e-02
cx,-2.463999999999999871e-02,-3.314000000000000279e-02,-4.225999999999999895e-02,-5.065999999999999670e-02,-6.353000000000000314e-02,-7.593999999999999362e-02,-7.799999999999999989e-02,-7.739000000000000046e-02,-6.857000000000000595e-02,-5.145000000000000268e-02,-3.488999999999999740e-02,-4.331000000000000127e-02,-5.061000000000000221e-02,-4.916999999999999843e-02,-4.209000000000000241e-02,-2.476000000000000076e-02,-3.339000000000000301e-02,-4.254999999999999755e-02,-5.095000000000000223e-02,-6.351999999999999313e-02,-7.568999999999999340e-02,-7.809000000000000663e-02,-7.747999999999999332e-02,-6.823999999999999511e-02,-5.093000000000000305e-02,-3.452000000000000207e-02,-4.293000000000000288e-02,-5.018000000000000238e-02,-4.873000000000000248e-02,-4.172000000000000014e-02,1.542999999999999927e-02,-6.749999999999999924e-03,-2.404999999999999846e-02,-6.790000000000000029e-03,-5.579999999999999891e-03,1.507000000000000006e-02,-6.250000000000000347e-03,-2.417000000000000051e-02,-6.839999999999999726e-03,-5.080000000000000314e-03
cx*c/cref,-3.581642512077294616e-02,-4.482150193973748892e-02,-5.288446250175883601e-02,-5.827544573760275876e-02,-6.666048505162583404e-02,-7.407351755814187144e-02,-7.244281292086274249e-02,-6.826596338619872473e-02,-5.728753877799889344e-02,-4.058512733924300731e-02,-2.557015015377193598e-02,-2.891417758815922542e-02,-3.048487230899113790e-02,-2.640902128686003700e-02,-1.986025196486361846e-02,-3.599085576259489216e-02,-4.515962431405657479e-02,-5.324737055016181414e-02,-5.860903988019859623e-02,-6.664999229465248809e-02,-7.382966215401313981e-02,-7.252640078192527928e-02,-6.834535267040543760e-02,-5.701183675383759281e-02,-4.017493751968214538e-02,-2.529898490421918569e-02,-2.866048588916360329e-02,-3.022586232889103511e-02,-2.617269894872258779e-02,-1.968566671356878142e-02,1.189607127781463006e-02,-4.880167189290237489e-03,-1.624938482850576613e-02,-4.271530416021762991e-03,-3.255953385997708855e-03,1.161852198034131478e-02,-4.518673323416886982e-03,-1.633046284012409227e-02,-4.302984984622806180e-03,-2.964201290478201464e-03
cy,5.249000000000000193e-02,5.573999999999999788e-02,5.875999999999999973e-02,6.246000000000000163e-02,6.615000000000000047e-02,-4.952999999999999764e-02,-4.619000000000000189e-02,-4.123999999999999888e-02,-3.477000000000000229e-02,-3.722999999999999921e-02,-1.988399999999999890e-01,-1.669499999999999873e-01,-1.429499999999999937e-01,-1.147200000000000025e-01,-8.609999999999999598e-02,-5.233999999999999764e-02,-5.553999999999999909e-02,-5.852000000000000257e-02,-6.214999999999999691e-02,-6.579999999999999738e-02,4.905999999999999944e-02,4.546999999999999653e-02,4.041000000000000147e-02,3.413000000000000062e-02,3.692000000000000143e-02,1.976400000000000101e-01,1.659700000000000064e-01,1.421600000000000086e-01,1.141999999999999960e-01,8.576000000000000290e-02,3.805200000000000249e-01,3.896100000000000119e-01,4.280399999999999761e-01,3.358300000000000174e-01,1.501599999999999879e-01,-3.813500000000000223e-01,-3.902100000000000013e-01,-4.348500000000000143e-01,-3.425400000000000111e-01,-1.539300000000000113e-01
cy*c/cref,7.629886991028295151e-02,7.538776457818248400e-02,7.353267904882511419e-02,7.184927636736417045e-02,6.940958737864078021e-02,-4.831263266598323503e-02,-4.289914780531602773e-02,-3.637793422983377073e-02,-2.904896781844861289e-02,-2.936801342740557805e-02,-1.457256708677561463e-01,-1.114574451245251008e-01,-8.610575966351081967e-02,-6.161567870710969036e-02,-4.062645982833825581e-02,-7.608083160800550859e-02,-7.511726667872721530e-02,-7.323234135359506236e-02,-7.149267573217552019e-02,-6.904234088457389396e-02,4.785418450622123260e-02,4.223044491681574725e-02,3.564578860881625899e-02,2.851427298371156382e-02,2.912347718882121739e-02,1.448462160043418323e-01,1.108031875850100934e-01,8.562990411867575646e-02,6.133638867112906762e-02,4.046603013795922743e-02,2.933696074292951317e-01,2.816832501658325105e-01,2.892052674425616421e-01,2.112677554657715340e-01,8.761898932641863647e-02,-2.940095127540252595e-01,-2.821170428048805356e-01,-2.938064446019015841e-01,-2.154889585720316247e-01,-8.981880012663573387e-02
cz,1.211170000000000080e+00,1.273709999999999898e+00,1.335530000000000106e+00,1.400279999999999969e+00,1.464399999999999924e+00,1.462949999999999973e+00,1.344219999999999970e+00,1.173410000000000064e+00,9.623899999999999677e-01,6.957600000000000451e-01,5.737299999999999622e-01,5.341799999999999882e-01,5.003400000000000070e-01,4.515399999999999969e-01,3.583000000000000074e-01,1.208609999999999962e+00,1.269679999999999920e+00,1.330279999999999907e+00,1.393710000000000004e+00,1.456520000000000037e+00,1.453330000000000011e+00,1.328880000000000061e+00,1.154470000000000107e+00,9.469499999999999584e-01,6.917100000000000470e-01,5.704700000000000326e-01,5.311500000000000110e-01,4.975100000000000078e-01,4.490399999999999947e-01,3.563200000000000256e-01,-5.226800000000000335e-01,-5.208700000000000552e-01,-4.998400000000000065e-01,-3.855399999999999938e-01,-1.964799999999999880e-01,-5.234499999999999709e-01,-5.220700000000000340e-01,-5.024300000000000432e-01,-3.899099999999999788e-01,-2.033699999999999952e-01
cz*c/cref,1.760543003795721262e+00,1.722679397575830773e+00,1.671291675460813586e+00,1.610776572393414874e+00,1.536559331175836096e+00,1.426993053880480034e+00,1.248449717749770649e+00,1.035068666455607245e+00,8.040390031290410855e-01,5.488339785724336561e-01,4.204746989889244224e-01,3.566237678144283940e-01,3.013791940541518666e-01,2.425204285513276603e-01,1.690645825376724531e-01,1.756821816770186118e+00,1.717228864901807039e+00,1.664721788377655942e+00,1.603218939576674718e+00,1.528291038680844816e+00,1.417609497929606777e+00,1.234202631208667578e+00,1.018361632645882420e+00,7.911394902410098240e-01,5.456392309393154338e-01,4.180855132766488347e-01,3.546009103198054513e-01,2.996745469758186342e-01,2.411776879937285178e-01,1.681303155172298447e-01,-4.029707411204245804e-01,-3.765826198349045972e-01,-3.377169443941921978e-01,-2.425398875689293576e-01,-1.146469034553458527e-01,-4.035643882289091655e-01,-3.774502051130006475e-01,-3.394668781449544093e-01,-2.452890168646605917e-01,-1.186672473316046778e-01
Results_Name,VSPAERO_Comp_Load
Results_Timestamp,1749672324
Results_Date,6,11,2025
Results_Time,16,5,24
AoA,5.000000000000000000e+00,5.000000000000000000e+00,5.000000000000000000e+00,5.000000000000000000e+00,5.000000000000000000e+00,5.000000000000000000e+00,5.000000000000000000e+00,5.000000000000000000e+00,5.000000000000000000e+00
Beta,0.000000000000000000e+00,0.000000000000000000e+00,0.000000000000000000e+00,0.000000000000000000e+00,0.000000000000000000e+00,0.000000000000000000e+00,0.000000000000000000e+00,0.000000000000000000e+00,0.000000000000000000e+00
CDi,0.000000000000000000e+00,2.186000000000000096e-02,2.145999999999999991e-02,-3.229999999999999798e-03,-3.239999999999999825e-03,0.000000000000000000e+00,0.000000000000000000e+00,0.000000000000000000e+00,0.000000000000000000e+00
CFx,0.000000000000000000e+00,-3.062000000000000138e-02,-3.058999999999999914e-02,-3.800000000000000209e-04,-3.699999999999999947e-04,0.000000000000000000e+00,0.000000000000000000e+00,0.000000000000000000e+00,0.000000000000000000e+00
CFy,0.000000000000000000e+00,-6.700000000000000226e-03,6.530000000000000214e-03,2.580000000000000002e-02,-2.607999999999999902e-02,0.000000000000000000e+00,0.000000000000000000e+00,0.000000000000000000e+00,0.000000000000000000e+00
CFz,0.000000000000000000e+00,6.008799999999999697e-01,5.958400000000000363e-01,-3.269999999999999990e-02,-3.291999999999999788e-02,0.000000000000000000e+00,0.000000000000000000e+00,0.000000000000000000e+00,0.000000000000000000e+00
CL,0.000000000000000000e+00,6.012600000000000167e-01,5.962399999999999922e-01,-3.253999999999999948e-02,-3.275999999999999746e-02,0.000000000000000000e+00,0.000000000000000000e+00,0.000000000000000000e+00,0.000000000000000000e+00
Cmx,0.000000000000000000e+00,1.169199999999999962e-01,-1.156699999999999950e-01,-9.200000000000000278e-04,9.399999999999999719e-04,-1.000000000000000082e-05,1.000000000000000082e-05,-0.000000000000000000e+00,0.000000000000000000e+00
Cmy,0.000000000000000000e+00,-2.471200000000000063e-01,-2.447900000000000076e-01,1.084600000000000009e-01,1.091000000000000025e-01,6.329999999999999689e-03,6.309999999999999637e-03,-0.000000000000000000e+00,0.000000000000000000e+00
Cmz,0.000000000000000000e+00,7.230000000000000315e-03,-7.219999999999999855e-03,7.259999999999999960e-03,-7.329999999999999710e-03,9.000000000000000567e-05,-9.000000000000000567e-05,1.000000000000000082e-05,2.000000000000000164e-05
Comp_ID,0,1,2,3,4,5,6,7,8
Comp_Name,NONE,main_wing,main_wing,horizontal_tail,horizontal_tail,fuselage,fuselage,fuselage,fuselage
Cs,0.000000000000000000e+00,-6.700000000000000226e-03,6.530000000000000214e-03,2.580000000000000002e-02,-2.607999999999999902e-02,0.000000000000000000e+00,0.000000000000000000e+00,0.000000000000000000e+00,0.000000000000000000e+00
Mach,1.499999999999999944e-01,1.499999999999999944e-01,1.499999999999999944e-01,1.499999999999999944e-01,1.499999999999999944e-01,1.499999999999999944e-01,1.499999999999999944e-01,1.499999999999999944e-01,1.499999999999999944e-01
Results_Name,VSPAERO_Load
Results_Timestamp,1749672324
Results_Date,6,11,2025
Results_Time,16,5,24
AnalysisMethod,0
Chord,1.735549999999999926e+00,1.614840000000000053e+00,1.494150000000000089e+00,1.373459999999999903e+00,1.252809999999999979e+00,1.164630000000000054e+00,1.108910000000000062e+00,1.053209999999999980e+00,9.975199999999999623e-01,9.418400000000000105e-01,8.750400000000000400e-01,7.971099999999999852e-01,7.191899999999999959e-01,6.412799999999999612e-01,5.633799999999999919e-01,1.735549999999999926e+00,1.614840000000000053e+00,1.494150000000000089e+00,1.373459999999999903e+00,1.252809999999999979e+00,1.164630000000000054e+00,1.108910000000000062e+00,1.053209999999999980e+00,9.975199999999999623e-01,9.418400000000000105e-01,8.750400000000000400e-01,7.971099999999999852e-01,7.191899999999999959e-01,6.412799999999999612e-01,5.633799999999999919e-01,9.205200000000000049e-01,8.632300000000000528e-01,8.067100000000000382e-01,7.511200000000000099e-01,6.966900000000000315e-01,9.205200000000000049e-01,8.632300000000000528e-01,8.067100000000000382e-01,7.511200000000000099e-01,6.966900000000000315e-01
FC_AoA_,6.000000000000000000e+00
FC_Beta_,0.000000000000000000e+00
FC_Bref_,1.417173599999999922e+01
FC_Cref_,1.193975999999999926e+00
FC_Mach_,1.499999999999999944e-01
FC_Pitch_Rate,0.000000000000000000e+00
FC_Rho_,2.377000000000000206e-03
FC_Roll__Rate,0.000000000000000000e+00
FC_Sref_,1.619368700000000061e+01
FC_Vinf_,5.100000000000000000e+01
FC_Xcg_,1.785187999999999997e+00
FC_Yaw___Rate,0.000000000000000000e+00
FC_Ycg_,-0.000000000000000000e+00
FC_Zcg_,7.542510000000000048e-01
S,3.314000000000000279e-02,8.981999999999999706e-02,1.368900000000000117e-01,1.839600000000000124e-01,2.310300000000000131e-01,2.997400000000000064e-01,4.117600000000000149e-01,5.454599999999999449e-01,6.791599999999999859e-01,8.128699999999999815e-01,9.157600000000000184e-01,9.578200000000000047e-01,9.698700000000000099e-01,9.819200000000000150e-01,9.939700000000000202e-01,3.314000000000000279e-02,8.981999999999999706e-02,1.368900000000000117e-01,1.839600000000000124e-01,2.310300000000000131e-01,2.997400000000000064e-01,4.117600000000000149e-01,5.454599999999999449e-01,6.791599999999999859e-01,8.128699999999999815e-01,9.157600000000000184e-01,9.578200000000000047e-01,9.698700000000000099e-01,9.819200000000000150e-01,9.939700000000000202e-01,1.026500000000000051e-01,3.046400000000000219e-01,5.033100000000000351e-01,7.019900000000000029e-01,9.006600000000000161e-01,1.026500000000000051e-01,3.046400000000000219e-01,5.033100000000000351e-01,7.019900000000000029e-01,9.006600000000000161e-01
V/Vref,9.715799999999999992e-01,9.760600000000000387e-01,9.829999999999999849e-01,9.848299999999999832e-01,9.918099999999999694e-01,9.957599999999999785e-01,9.989999999999999991e-01,1.001349999999999962e+00,1.001039999999999930e+00,1.001219999999999999e+00,1.013779999999999903e+00,1.012429999999999941e+00,1.012659999999999894e+00,1.012219999999999898e+00,1.014270000000000005e+00,9.719200000000000061e-01,9.762899999999999912e-01,9.831400000000000139e-01,9.849599999999999467e-01,9.918700000000000294e-01,9.958000000000000185e-01,9.989900000000000446e-01,1.001249999999999973e+00,1.000969999999999915e+00,1.001160000000000050e+00,1.013649999999999940e+00,1.012310000000000043e+00,1.012529999999999930e+00,1.012040000000000051e+00,1.014000000000000012e+00,9.622100000000000097e-01,9.679900000000000171e-01,9.793600000000000083e-01,9.925599999999999978e-01,9.970099999999999518e-01,9.617599999999999483e-01,9.678499999999999881e-01,9.792300000000000448e-01,9.924899999999999833e-01,9.968099999999999739e-01
WingId,1,1,1,1,1,1,1,1,1,1,1,1,1,1,1,2,2,2,2,2,2,2,2,2,2,2,2,2,2,2,3,3,3,3,3,4,4,4,4,4
Xavg,2.392879999999999896e+00,2.382319999999999993e+00,2.371750000000000025e+00,2.361190000000000122e+00,2.350620000000000154e+00,2.337899999999999867e+00,2.323770000000000113e+00,2.309619999999999784e+00,2.295469999999999899e+00,2.281299999999999883e+00,2.284749999999999837e+00,2.305000000000000160e+00,2.325239999999999974e+00,2.345470000000000166e+00,2.365699999999999914e+00,2.392879999999999896e+00,2.382319999999999993e+00,2.371750000000000025e+00,2.361190000000000122e+00,2.350620000000000154e+00,2.337899999999999867e+00,2.323770000000000113e+00,2.309619999999999784e+00,2.295469999999999899e+00,2.281299999999999883e+00,2.284749999999999837e+00,2.305000000000000160e+00,2.325239999999999974e+00,2.345470000000000166e+00,2.365699999999999914e+00,5.819969999999999644e+00,5.917910000000000004e+00,6.015850000000000364e+00,6.113780000000000214e+00,6.211730000000000196e+00,5.819969999999999644e+00,5.917910000000000004e+00,6.015850000000000364e+00,6.113780000000000214e+00,6.211730000000000196e+00
Yavg,1.718899999999999872e-01,5.195499999999999563e-01,8.671900000000000164e-01,1.214800000000000102e+00,1.562359999999999971e+00,2.228590000000000071e+00,3.216559999999999864e+00,4.204550000000000232e+00,5.192569999999999908e+00,6.180620000000000225e+00,6.716649999999999565e+00,6.791660000000000252e+00,6.866660000000000430e+00,6.941650000000000098e+00,7.016610000000000014e+00,-1.718899999999999872e-01,-5.195499999999999563e-01,-8.671900000000000164e-01,-1.214800000000000102e+00,-1.562359999999999971e+00,-2.228590000000000071e+00,-3.216559999999999864e+00,-4.204550000000000232e+00,-5.192569999999999908e+00,-6.180620000000000225e+00,-6.716649999999999565e+00,-6.791660000000000252e+00,-6.866660000000000430e+00,-6.941650000000000098e+00,-7.016610000000000014e+00,1.247400000000000037e-01,3.766700000000000048e-01,6.286100000000000021e-01,8.805399999999999894e-01,1.132460000000000022e+00,-1.247400000000000037e-01,-3.766700000000000048e-01,-6.286100000000000021e-01,-8.805399999999999894e-01,-1.132460000000000022e+00
Zavg,1.119259999999999922e+00,1.109900000000000109e+00,1.100540000000000074e+00,1.091180000000000039e+00,1.081830000000000069e+00,1.094910000000000050e+00,1.130849999999999911e+00,1.166740000000000110e+00,1.202599999999999891e+00,1.238469999999999960e+00,1.270329999999999959e+00,1.298289999999999944e+00,1.326240000000000085e+00,1.354190000000000005e+00,1.382130000000000081e+00,1.119259999999999922e+00,1.109900000000000109e+00,1.100540000000000074e+00,1.091180000000000039e+00,1.081830000000000069e+00,1.094910000000000050e+00,1.130849999999999911e+00,1.166740000000000110e+00,1.202599999999999891e+00,1.238469999999999960e+00,1.270329999999999959e+00,1.298289999999999944e+00,1.326240000000000085e+00,1.354190000000000005e+00,1.382130000000000081e+00,3.569700000000000095e-01,5.334799999999999542e-01,7.099999999999999645e-01,8.865300000000000402e-01,1.063090000000000090e+00,3.569700000000000095e-01,5.334799999999999542e-01,7.099999999999999645e-01,8.865300000000000402e-01,1.063090000000000090e+00
cd,9.318999999999999506e-02,8.834999999999999798e-02,8.379000000000000337e-02,7.933999999999999386e-02,7.070999999999999508e-02,5.702000000000000124e-02,4.447999999999999871e-02,2.957999999999999866e-02,1.957000000000000059e-02,1.307999999999999961e-02,2.015000000000000124e-02,5.389999999999999826e-03,-7.429999999999999973e-03,-1.081000000000000016e-02,-1.213999999999999975e-02,9.285999999999999810e-02,8.795999999999999652e-02,8.332000000000000517e-02,7.883999999999999342e-02,7.030999999999999750e-02,5.661999999999999672e-02,4.361000000000000293e-02,2.828999999999999918e-02,1.884999999999999870e-02,1.322000000000000085e-02,2.020999999999999880e-02,5.470000000000000036e-03,-7.289999999999999605e-03,-1.067000000000000066e-02,-1.203000000000000076e-02,-3.275999999999999746e-02,-5.183000000000000107e-02,-6.983999999999999930e-02,-4.197000000000000036e-02,-1.963000000000000161e-02,-3.295000000000000012e-02,-5.154000000000000248e-02,-7.043000000000000649e-02,-4.248999999999999999e-02,-2.008000000000000063e-02
cd*c/cref,1.354599292615596973e-01,1.194924470843635178e-01,1.048553978471929299e-01,9.126675611570080060e-02,7.419428455848359194e-02,5.561854057367987547e-02,4.131097844512787720e-02,2.609261140927456035e-02,1.634996549344375563e-02,1.031785161510784254e-02,1.476751291483246152e-02,3.598416467332676578e-03,-4.475451516613399711e-03,-5.806010171058715273e-03,-5.728283650592642072e-03,1.349802449965493423e-01,1.189649761804257438e-01,1.042672365273673990e-01,9.069159380088040456e-02,7.377457427955001756e-02,5.522837192707390902e-02,4.050296245485671826e-02,2.495469833564493978e-02,1.574843380436457413e-02,1.042828733575884397e-02,1.481148565800317722e-02,3.651825246068597826e-03,-4.391122685883133182e-03,-5.730816699833162463e-03,-5.676379927234719187e-03,-2.525698607007175953e-02,-3.747245413643155582e-02,-4.718740276186456084e-02,-2.640296488371625741e-02,-1.145418727009588425e-02,-2.540347042151601398e-02,-3.726278769422501635e-02,-4.758603631898799396e-02,-2.673009239716711213e-02,-1.171676415606344099e-02
cl,1.279679999999999929e+00,1.348249999999999948e+00,1.416930000000000023e+00,1.488429999999999920e+00,1.559970000000000079e+00,1.562659999999999938e+00,1.444779999999999953e+00,1.273660000000000014e+00,1.058540000000000036e+00,7.803200000000000136e-01,6.469000000000000306e-01,6.048799999999999732e-01,5.697400000000000242e-01,5.167399999999999771e-01,4.132299999999999862e-01,1.278100000000000014e+00,1.345709999999999962e+00,1.413680000000000048e+00,1.484380000000000033e+00,1.555069999999999952e+00,1.556480000000000086e+00,1.435040000000000093e+00,1.260369999999999990e+00,1.047739999999999894e+00,7.772200000000000220e-01,6.443200000000000038e-01,6.024300000000000210e-01,5.673799999999999955e-01,5.145800000000000374e-01,4.114599999999999924e-01,-4.854499999999999926e-01,-4.789100000000000024e-01,-4.511399999999999855e-01,-3.513999999999999901e-01,-1.493400000000000005e-01,-4.861099999999999866e-01,-4.802699999999999747e-01,-4.564099999999999824e-01,-3.571699999999999875e-01,-1.541500000000000092e-01
cl*c/cref,1.860128364389233679e+00,1.823493964702808112e+00,1.773156210426340529e+00,1.712177688496250960e+00,1.636838609570041791e+00,1.524252343263181153e+00,1.341845221176975134e+00,1.123499508030312288e+00,8.843685474414896275e-01,6.155371538456384517e-01,4.740994592856138667e-01,4.038237760222985751e-01,3.431822001447265569e-01,2.775391022935134178e-01,1.949834145744973046e-01,1.857831694271911527e+00,1.820058641379726394e+00,1.769089137470100104e+00,1.707518873746205923e+00,1.631697158653105273e+00,1.518224237673119204e+00,1.332799157101985488e+00,1.111776357062453702e+00,8.753455721053018390e-01,6.130917914597948659e-01,4.722086313292730431e-01,4.021881321735110149e-01,3.417606569981306297e-01,2.763789744517478053e-01,1.941482364804652805e-01,-3.742675179400591357e-01,-3.462460546108129811e-01,-3.048127846790890660e-01,-2.210627081281365813e-01,-8.714051588976665097e-02,-3.747763583187602165e-01,-3.472293179259884899e-01,-3.083734606893270835e-01,-2.246925653446970594e-01,-8.994717104866431501e-02
cmx,1.170199999999999990e-01,4.234200000000000186e-01,8.110100000000000087e-01,1.303390000000000049e+00,1.929349999999999898e+00,3.006440000000000001e+00,4.204039999999999999e+00,5.092439999999999856e+00,5.513499999999999623e+00,5.123980000000000423e+00,5.084489999999999732e+00,5.255429999999999602e+00,5.526080000000000325e+00,5.665350000000000108e+00,5.205779999999999852e+00,-1.168799999999999978e-01,-4.226199999999999957e-01,-8.091300000000000159e-01,-1.299819999999999975e+00,-1.923259999999999970e+00,-2.994479999999999809e+00,-4.175489999999999924e+00,-5.038840000000000430e+00,-5.456889999999999574e+00,-5.103769999999999918e+00,-5.064269999999999605e+00,-5.234169999999999767e+00,-5.503309999999999924e+00,-5.641810000000000436e+00,-5.183589999999999698e+00,1.010500000000000009e-01,-1.054199999999999998e-01,-3.258199999999999985e-01,-4.539199999999999902e-01,-2.927199999999999802e-01,-1.014199999999999963e-01,1.056200000000000055e-01,3.299799999999999955e-01,4.596399999999999930e-01,3.018000000000000127e-01
cmx*c/cref,1.700989475500344905e-01,5.726711029367425043e-01,1.014903642535528450e+00,1.499321619027518038e+00,2.024420066651256178e+00,2.932546564755070584e+00,3.904519015792612624e+00,4.492057405173973450e+00,4.606312455191728716e+00,4.041931599295129018e+00,3.726316215401314746e+00,3.508576225401515369e+00,3.328627606585057297e+00,3.042838087197732744e+00,2.456357863474642578e+00,-1.698954451345755512e-01,-5.715891113389214295e-01,-1.012550997256226326e+00,-1.495214960099700452e+00,-2.018029977654492324e+00,-2.920880522221552145e+00,-3.878003088755553218e+00,-4.444776675913084674e+00,-4.559017026137878403e+00,-4.025989414192580718e+00,-3.711497400952783021e+00,-3.494382842452444571e+00,-3.314912124615570388e+00,-3.030194842107379216e+00,-2.445887466917257669e+00,7.790654586021830696e-02,-7.621736668073730847e-02,-2.201403145456860277e-01,-2.855571555877169931e-01,-1.708033468009407529e-01,-7.819180486039921385e-02,7.636196422708664555e-02,2.229510189484545934e-01,2.891555582356764575e-01,1.761015648555750157e-01
cmy,-4.344000000000000083e-01,-4.761400000000000077e-01,-5.197699999999999543e-01,-5.738299999999999512e-01,-6.408199999999999452e-01,-6.638399999999999856e-01,-6.044000000000000483e-01,-5.219700000000000450e-01,-4.142899999999999916e-01,-2.646299999999999764e-01,-2.371499999999999997e-01,-2.716100000000000181e-01,-3.220399999999999929e-01,-3.631499999999999728e-01,-3.709500000000000020e-01,-4.340800000000000214e-01,-4.753200000000000203e-01,-5.186500000000000554e-01,-5.722699999999999454e-01,-6.387500000000000400e-01,-6.610899999999999554e-01,-5.994699999999999473e-01,-5.146300000000000319e-01,-4.079699999999999993e-01,-2.633400000000000185e-01,-2.359700000000000131e-01,-2.702499999999999902e-01,-3.204199999999999826e-01,-3.613399999999999945e-01,-3.690899999999999737e-01,2.000010000000000066e+00,2.182080000000000020e+00,2.267830000000000013e+00,1.938250000000000028e+00,9.026899999999999924e-01,2.001630000000000020e+00,2.186049999999999827e+00,2.294519999999999893e+00,1.971970000000000001e+00,9.322300000000000031e-01
cmy*c/cref,-6.314389233954451619e-01,-6.439743492331504449e-01,-6.504438493738567972e-01,-6.600907822267783054e-01,-6.723968523655416973e-01,-6.475238859072544040e-01,-5.613389247355056177e-01,-4.604313853042272808e-01,-3.461230048175172325e-01,-2.087471768276749351e-01,-1.738022673822589570e-01,-1.813294799057937612e-01,-1.939804046312488817e-01,-1.950464933968521775e-01,-1.750335107238336629e-01,-6.309737750172532689e-01,-6.428653078453838710e-01,-6.490422734627833146e-01,-6.582962758045386442e-01,-6.702248516720604732e-01,-6.448414764618384254e-01,-5.567601674573022796e-01,-4.539567481255905035e-01,-3.408428933244889159e-01,-2.077295905445335766e-01,-1.729374700999015413e-01,-1.804215306672830865e-01,-1.930045995899415112e-01,-1.940743492331504227e-01,-1.741558659470542059e-01,1.541948251221130217e+00,1.577617069689843055e+00,1.532259559069864219e+00,1.219336351819467090e+00,5.267233982090092637e-01,1.543197223059760148e+00,1.580487330984877481e+00,1.550292660153973046e+00,1.240549312884011046e+00,5.439601120123018774e-01
cmz,2.537999999999999978e-02,4.034000000000000086e-02,6.274000000000000410e-02,9.553000000000000380e-02,1.464399999999999868e-01,1.847799999999999998e-01,2.924800000000000177e-01,3.994400000000000173e-01,4.634800000000000031e-01,4.351599999999999913e-01,2.696299999999999808e-01,4.003099999999999992e-01,5.464900000000000313e-01,6.143999999999999462e-01,6.077500000000000124e-01,-2.537000000000000019e-02,-4.034000000000000086e-02,-6.275999999999999635e-02,-9.553999999999999992e-02,-1.462400000000000089e-01,-1.844699999999999951e-01,-2.923200000000000243e-01,-3.993700000000000028e-01,-4.615799999999999903e-01,-4.321999999999999731e-01,-2.676899999999999835e-01,-3.979800000000000004e-01,-5.433900000000000396e-01,-6.109400000000000386e-01,-6.045099999999999918e-01,1.440890000000000004e+00,1.611289999999999889e+00,1.460499999999999909e+00,1.171499999999999986e+00,7.171600000000000197e-01,-1.442530000000000090e+00,-1.613050000000000095e+00,-1.443480000000000096e+00,-1.151070000000000038e+00,-7.330699999999999994e-01
cmz*c/cref,3.689208074534161552e-02,5.455942632012704407e-02,7.851327916139019814e-02,1.098905118695853167e-01,1.536559331175836041e-01,1.802384062996241210e-01,2.716419733729991681e-01,3.523472853725703735e-01,3.872193156311349860e-01,3.432657728463553992e-01,1.976061790186737499e-01,2.672508526972066645e-01,3.291775907555931080e-01,3.299919194355664942e-01,2.867680715525270374e-01,-3.687754485852311886e-02,-5.455942632012704407e-02,-7.853830730265935756e-02,-1.099020151158817266e-01,-1.534460779781168516e-01,-1.799360255985044954e-01,-2.714933727311102385e-01,-3.522855381515206386e-01,-3.856319403405093493e-01,-3.409308461811627611e-01,-1.961843936561539214e-01,-2.656953220165229612e-01,-3.273103095037086518e-01,-3.281335665038493388e-01,-2.852392709736208953e-01,1.110883353434239940e+00,1.164942902286143056e+00,9.867869664046848843e-01,7.369805423224587981e-01,4.184658656455407244e-01,-1.112147744678285255e+00,-1.166215360694017544e+00,-9.752874017568193832e-01,-7.241282055920722494e-01,-4.277494173249714038e-01
cs,5.566999999999999726e-02,5.940000000000000141e-02,6.299000000000000432e-02,6.728000000000000647e-02,7.162999999999999923e-02,-5.303999999999999687e-02,-4.972000000000000031e-02,-4.472999999999999893e-02,-3.821999999999999703e-02,-4.293999999999999900e-02,-2.194299999999999862e-01,-1.819600000000000106e-01,-1.543100000000000027e-01,-1.217700000000000032e-01,-9.125999999999999390e-02,-5.557000000000000134e-02,-5.927000000000000324e-02,-6.282999999999999696e-02,-6.708999999999999686e-02,-7.141000000000000125e-02,5.274000000000000216e-02,4.925000000000000211e-02,4.415999999999999787e-02,3.780000000000000027e-02,4.272999999999999715e-02,2.185199999999999920e-01,1.812100000000000100e-01,1.536800000000000110e-01,1.213000000000000050e-01,9.091000000000000469e-02,3.522199999999999775e-01,3.583100000000000174e-01,2.973799999999999777e-01,2.165199999999999902e-01,1.180900000000000005e-01,-3.528200000000000225e-01,-3.590400000000000258e-01,-2.949200000000000155e-01,-2.134300000000000086e-01,-1.207600000000000062e-01
cs*c/cref,8.092128191856451380e-02,8.033787613821384566e-02,7.882613092725483661e-02,7.739384108223280878e-02,7.515961820003082272e-02,-5.173636253995055057e-02,-4.617764946699096790e-02,-3.945647425073871284e-02,-3.193130716195299867e-02,-3.387221317681427674e-02,-1.608156505658405455e-01,-1.214782672348523052e-01,-9.294844192848097930e-02,-6.540220707953929569e-02,-4.306121630585538901e-02,-8.077592305037957499e-02,-8.016205250356792100e-02,-7.862590579710145022e-02,-7.717527940260104913e-02,-7.492877754661736445e-02,5.144373605499608787e-02,4.574113508144218160e-02,3.895367545076282995e-02,3.158041367665681554e-02,3.370655959583777200e-02,1.601487306277513400e-01,1.209775599342030328e-01,9.256896219019479510e-02,6.514977185471064469e-02,4.289606809517109570e-02,2.715511487668094137e-01,2.590537341621607648e-01,2.009248257921432135e-01,1.362108638699605356e-01,6.890600991979739520e-02,-2.720137309292649519e-01,-2.595815152063358222e-01,-1.992627265539676229e-01,-1.342669715304160294e-01,-7.046396610987157305e-02
cx,-4.107999999999999846e-02,-5.306000000000000300e-02,-6.478000000000000425e-02,-7.667000000000000204e-02,-9.274000000000000299e-02,-1.066399999999999987e-01,-1.067799999999999999e-01,-1.037099999999999966e-01,-9.117999999999999716e-02,-6.855999999999999595e-02,-4.757999999999999730e-02,-5.786999999999999783e-02,-6.693999999999999950e-02,-6.475999999999999812e-02,-5.526999999999999968e-02,-4.125000000000000194e-02,-5.317999999999999811e-02,-6.489999999999999936e-02,-7.674999999999999878e-02,-9.263000000000000400e-02,-1.063899999999999985e-01,-1.066300000000000026e-01,-1.036099999999999938e-01,-9.077000000000000346e-02,-6.809999999999999387e-02,-4.725000000000000033e-02,-5.752999999999999781e-02,-6.655999999999999417e-02,-6.439999999999999891e-02,-5.498000000000000109e-02,1.815999999999999906e-02,-1.490000000000000005e-03,-2.230000000000000038e-02,-5.009999999999999697e-03,-3.919999999999999873e-03,1.804000000000000048e-02,-1.049999999999999935e-03,-2.233999999999999875e-02,-4.919999999999999894e-03,-3.850000000000000124e-03
cx*c/cref,-5.971342305037957016e-02,-7.176309272548192508e-02,-8.106614957084565254e-02,-8.819538935455989437e-02,-9.730982817075051194e-02,-1.040189611851494583e-01,-9.917235338063747074e-02,-9.148291850087439392e-02,-7.617730473644361566e-02,-5.408195005594752108e-02,-3.487038533437858412e-02,-3.863457531809684486e-02,-4.032122806488572936e-02,-3.478235140404831865e-02,-2.607926172720389721e-02,-5.996053312629399945e-02,-7.192539146515508630e-02,-8.121631841846067845e-02,-8.828741532493114552e-02,-9.719440784404377587e-02,-1.037751057810207267e-01,-9.903304027886658534e-02,-9.139470818508914352e-02,-7.583476585794018954e-02,-5.371908983095137480e-02,-3.462853524693964430e-02,-3.840758800846918314e-02,-4.009233552433214692e-02,-3.458899676375404297e-02,-2.594242463835119000e-02,1.400082011698727640e-02,-1.077251720302585796e-03,-1.506699715907187584e-02,-3.151747773824599332e-03,-2.287336428872942425e-03,1.390830368449617188e-02,-7.591371183340369115e-04,-1.509402316294464891e-02,-3.095129550342720463e-03,-2.246491135500211511e-03
cy,5.566999999999999726e-02,5.940000000000000141e-02,6.299000000000000432e-02,6.728000000000000647e-02,7.162999999999999923e-02,-5.303999999999999687e-02,-4.972000000000000031e-02,-4.472999999999999893e-02,-3.821999999999999703e-02,-4.293999999999999900e-02,-2.194299999999999862e-01,-1.819600000000000106e-01,-1.543100000000000027e-01,-1.217700000000000032e-01,-9.125999999999999390e-02,-5.557000000000000134e-02,-5.927000000000000324e-02,-6.282999999999999696e-02,-6.708999999999999686e-02,-7.141000000000000125e-02,5.274000000000000216e-02,4.925000000000000211e-02,4.415999999999999787e-02,3.780000000000000027e-02,4.272999999999999715e-02,2.185199999999999920e-01,1.812100000000000100e-01,1.536800000000000110e-01,1.213000000000000050e-01,9.091000000000000469e-02,3.522199999999999775e-01,3.583100000000000174e-01,2.973799999999999777e-01,2.165199999999999902e-01,1.180900000000000005e-01,-3.528200000000000225e-01,-3.590400000000000258e-01,-2.949200000000000155e-01,-2.134300000000000086e-01,-1.207600000000000062e-01
cy*c/cref,8.092128191856451380e-02,8.033787613821384566e-02,7.882613092725483661e-02,7.739384108223280878e-02,7.515961820003082272e-02,-5.173636253995055057e-02,-4.617764946699096790e-02,-3.945647425073871284e-02,-3.193130716195299867e-02,-3.387221317681427674e-02,-1.608156505658405455e-01,-1.214782672348523052e-01,-9.294844192848097930e-02,-6.540220707953929569e-02,-4.306121630585538901e-02,-8.077592305037957499e-02,-8.016205250356792100e-02,-7.862590579710145022e-02,-7.717527940260104913e-02,-7.492877754661736445e-02,5.144373605499608787e-02,4.574113508144218160e-02,3.895367545076282995e-02,3.158041367665681554e-02,3.370655959583777200e-02,1.601487306277513400e-01,1.209775599342030328e-01,9.256896219019479510e-02,6.514977185471064469e-02,4.289606809517109570e-02,2.715511487668094137e-01,2.590537341621607648e-01,2.009248257921432135e-01,1.362108638699605356e-01,6.890600991979739520e-02,-2.720137309292649519e-01,-2.595815152063358222e-01,-1.992627265539676229e-01,-1.342669715304160294e-01,-7.046396610987157305e-02
cz,1.282410000000000050e+00,1.350100000000000078e+00,1.417920000000000069e+00,1.488569999999999949e+00,1.558820000000000094e+00,1.560060000000000002e+00,1.441510000000000069e+00,1.269770000000000065e+00,1.054789999999999894e+00,7.774199999999999999e-01,6.454600000000000337e-01,6.021300000000000541e-01,5.658400000000000096e-01,5.127800000000000136e-01,4.096899999999999986e-01,1.280799999999999939e+00,1.347539999999999960e+00,1.414639999999999898e+00,1.484490000000000087e+00,1.553900000000000059e+00,1.553870000000000084e+00,1.431729999999999947e+00,1.256420000000000092e+00,1.043970000000000065e+00,7.743499999999999828e-01,6.429000000000000270e-01,5.997000000000000108e-01,5.635099999999999554e-01,5.106500000000000483e-01,4.079400000000000248e-01,-4.862099999999999755e-01,-4.817100000000000271e-01,-4.559699999999999864e-01,-3.538600000000000079e-01,-1.505799999999999916e-01,-4.868899999999999895e-01,-4.830200000000000049e-01,-4.612700000000000133e-01,-3.596500000000000252e-01,-1.554099999999999926e-01
cz*c/cref,1.864096661490683315e+00,1.825996070272769556e+00,1.774395103419164510e+00,1.712338733944400726e+00,1.635631942518107840e+00,1.521716247060242555e+00,1.338808195558369940e+00,1.120068126746266435e+00,8.812355698942021531e-01,6.132495567750105847e-01,4.730441134495166899e-01,4.019878492532513725e-01,3.408330398600977196e-01,2.754122012502763783e-01,1.933130583864332286e-01,1.861756383712905194e+00,1.822533697159742117e+00,1.770290488251020200e+00,1.707645409455466501e+00,1.630469506087224740e+00,1.515678387254015380e+00,1.329724981322907729e+00,1.108292049588936568e+00,8.721958853444290449e-01,6.108278591864493290e-01,4.711679430742327090e-01,4.003655575991477145e-01,3.394295671772296630e-01,2.742681862952019434e-01,1.924873173330117482e-01,-3.748534553458361396e-01,-3.482704202597037835e-01,-3.080761746467265971e-01,-2.226102729033079541e-01,-8.786406108665502368e-02,-3.753777151299523829e-01,-3.492175341882919337e-01,-3.116571201598692387e-01,-2.262527119473088377e-01,-9.068238632937346277e-02
Results_Name,VSPAERO_Comp_Load
Results_Timestamp,1749672324
Results_Date,6,11,2025
Results_Time,16,5,24
AoA,6.000000000000000000e+00,6.000000000000000000e+00,6.000000000000000000e+00,6.000000000000000000e+00,6.000000000000000000e+00,6.000000000000000000e+00,6.000000000000000000e+00,6.000000000000000000e+00,6.000000000000000000e+00
Beta,0.000000000000000000e+00,0.000000000000000000e+00,0.000000000000000000e+00,0.000000000000000000e+00,0.000000000000000000e+00,0.000000000000000000e+00,0.000000000000000000e+00,0.000000000000000000e+00,0.000000000000000000e+00
CDi,0.000000000000000000e+00,2.489999999999999852e-02,2.462999999999999912e-02,-3.279999999999999930e-03,-3.299999999999999982e-03,0.000000000000000000e+00,0.000000000000000000e+00,0.000000000000000000e+00,0.000000000000000000e+00
CFx,0.000000000000000000e+00,-4.283000000000000002e-02,-4.275999999999999940e-02,-1.700000000000000122e-04,-1.700000000000000122e-04,0.000000000000000000e+00,0.000000000000000000e+00,0.000000000000000000e+00,0.000000000000000000e+00
CFy,0.000000000000000000e+00,-7.499999999999999722e-03,7.380000000000000275e-03,2.076000000000000068e-02,-2.074000000000000149e-02,0.000000000000000000e+00,0.000000000000000000e+00,0.000000000000000000e+00,0.000000000000000000e+00
CFz,0.000000000000000000e+00,6.458000000000000407e-01,6.424199999999999910e-01,-2.973999999999999908e-02,-2.999999999999999889e-02,0.000000000000000000e+00,0.000000000000000000e+00,0.000000000000000000e+00,0.000000000000000000e+00
CL,0.000000000000000000e+00,6.467399999999999816e-01,6.433699999999999974e-01,-2.955999999999999947e-02,-2.981999999999999929e-02,0.000000000000000000e+00,0.000000000000000000e+00,0.000000000000000000e+00,0.000000000000000000e+00
Cmx,0.000000000000000000e+00,1.269299999999999873e-01,-1.260699999999999876e-01,-8.000000000000000383e-04,8.099999999999999561e-04,-1.000000000000000082e-05,1.000000000000000082e-05,-0.000000000000000000e+00,0.000000000000000000e+00
Cmy,0.000000000000000000e+00,-2.589500000000000135e-01,-2.574100000000000277e-01,9.843999999999999972e-02,9.929999999999999938e-02,8.819999999999999715e-03,8.760000000000000425e-03,-0.000000000000000000e+00,-1.000000000000000082e-05
Cmz,0.000000000000000000e+00,9.809999999999999276e-03,-9.790000000000000091e-03,5.740000000000000310e-03,-5.720000000000000258e-03,8.000000000000000654e-05,-8.000000000000000654e-05,1.000000000000000082e-05,2.000000000000000164e-05
Comp_ID,0,1,2,3,4,5,6,7,8
Comp_Name,NONE,main_wing,main_wing,horizontal_tail,horizontal_tail,fuselage,fuselage,fuselage,fuselage
Cs,0.000000000000000000e+00,-7.499999999999999722e-03,7.380000000000000275e-03,2.076000000000000068e-02,-2.074000000000000149e-02,0.000000000000000000e+00,0.000000000000000000e+00,0.000000000000000000e+00,0.000000000000000000e+00
Mach,1.499999999999999944e-01,1.499999999999999944e-01,1.499999999999999944e-01,1.499999999999999944e-01,1.499999999999999944e-01,1.499999999999999944e-01,1.499999999999999944e-01,1.499999999999999944e-01,1.499999999999999944e-01
Results_Name,VSPAERO_Load
Results_Timestamp,1749672324
Results_Date,6,11,2025
Results_Time,16,5,24
AnalysisMethod,0
Chord,1.735549999999999926e+00,1.614840000000000053e+00,1.494150000000000089e+00,1.373459999999999903e+00,1.252809999999999979e+00,1.164630000000000054e+00,1.108910000000000062e+00,1.053209999999999980e+00,9.975199999999999623e-01,9.418400000000000105e-01,8.750400000000000400e-01,7.971099999999999852e-01,7.191899999999999959e-01,6.412799999999999612e-01,5.633799999999999919e-01,1.735549999999999926e+00,1.614840000000000053e+00,1.494150000000000089e+00,1.373459999999999903e+00,1.252809999999999979e+00,1.164630000000000054e+00,1.108910000000000062e+00,1.053209999999999980e+00,9.975199999999999623e-01,9.418400000000000105e-01,8.750400000000000400e-01,7.971099999999999852e-01,7.191899999999999959e-01,6.412799999999999612e-01,5.633799999999999919e-01,9.205200000000000049e-01,8.632300000000000528e-01,8.067100000000000382e-01,7.511200000000000099e-01,6.966900000000000315e-01,9.205200000000000049e-01,8.632300000000000528e-01,8.067100000000000382e-01,7.511200000000000099e-01,6.966900000000000315e-01
FC_AoA_,7.000000000000000000e+00
FC_Beta_,0.000000000000000000e+00
FC_Bref_,1.417173599999999922e+01
FC_Cref_,1.193975999999999926e+00
FC_Mach_,1.499999999999999944e-01
FC_Pitch_Rate,0.000000000000000000e+00
FC_Rho_,2.377000000000000206e-03
FC_Roll__Rate,0.000000000000000000e+00
FC_Sref_,1.619368700000000061e+01
FC_Vinf_,5.100000000000000000e+01
FC_Xcg_,1.785187999999999997e+00
FC_Yaw___Rate,0.000000000000000000e+00
FC_Ycg_,-0.000000000000000000e+00
FC_Zcg_,7.542510000000000048e-01
S,3.314000000000000279e-02,8.981999999999999706e-02,1.368900000000000117e-01,1.839600000000000124e-01,2.310300000000000131e-01,2.997400000000000064e-01,4.117600000000000149e-01,5.454599999999999449e-01,6.791599999999999859e-01,8.128699999999999815e-01,9.157600000000000184e-01,9.578200000000000047e-01,9.698700000000000099e-01,9.819200000000000150e-01,9.939700000000000202e-01,3.314000000000000279e-02,8.981999999999999706e-02,1.368900000000000117e-01,1.839600000000000124e-01,2.310300000000000131e-01,2.997400000000000064e-01,4.117600000000000149e-01,5.454599999999999449e-01,6.791599999999999859e-01,8.128699999999999815e-01,9.157600000000000184e-01,9.578200000000000047e-01,9.698700000000000099e-01,9.819200000000000150e-01,9.939700000000000202e-01,1.026500000000000051e-01,3.046400000000000219e-01,5.033100000000000351e-01,7.019900000000000029e-01,9.006600000000000161e-01,1.026500000000000051e-01,3.046400000000000219e-01,5.033100000000000351e-01,7.019900000000000029e-01,9.006600000000000161e-01
V/Vref,9.716500000000000137e-01,9.763399999999999856e-01,9.837399999999999478e-01,9.855899999999999661e-01,9.930099999999999483e-01,9.970599999999999463e-01,9.997099999999999875e-01,1.001330000000000053e+00,9.998599999999999710e-01,1.000930000000000097e+00,1.014639999999999986e+00,1.013309999999999933e+00,1.013589999999999991e+00,1.013090000000000046e+00,1.015600000000000058e+00,9.718599999999999461e-01,9.764899999999999691e-01,9.838299999999999823e-01,9.856800000000000006e-01,9.930499999999999883e-01,9.970700000000000118e-01,9.996800000000000130e-01,1.001270000000000104e+00,1.000429999999999930e+00,1.000389999999999890e+00,1.014240000000000030e+00,1.012869999999999937e+00,1.013149999999999995e+00,1.012729999999999908e+00,1.015169999999999906e+00,9.635200000000000431e-01,9.696000000000000174e-01,9.809900000000000286e-01,9.928200000000000358e-01,1.002650000000000041e+00,9.631699999999999706e-01,9.695200000000000484e-01,9.810799999999999521e-01,9.925300000000000233e-01,1.003060000000000063e+00
WingId,1,1,1,1,1,1,1,1,1,1,1,1,1,1,1,2,2,2,2,2,2,2,2,2,2,2,2,2,2,2,3,3,3,3,3,4,4,4,4,4
Xavg,2.392879999999999896e+00,2.382319999999999993e+00,2.371750000000000025e+00,2.361190000000000122e+00,2.350620000000000154e+00,2.337899999999999867e+00,2.323770000000000113e+00,2.309619999999999784e+00,2.295469999999999899e+00,2.281299999999999883e+00,2.284749999999999837e+00,2.305000000000000160e+00,2.325239999999999974e+00,2.345470000000000166e+00,2.365699999999999914e+00,2.392879999999999896e+00,2.382319999999999993e+00,2.371750000000000025e+00,2.361190000000000122e+00,2.350620000000000154e+00,2.337899999999999867e+00,2.323770000000000113e+00,2.309619999999999784e+00,2.295469999999999899e+00,2.281299999999999883e+00,2.284749999999999837e+00,2.305000000000000160e+00,2.325239999999999974e+00,2.345470000000000166e+00,2.365699999999999914e+00,5.819969999999999644e+00,5.917910000000000004e+00,6.015850000000000364e+00,6.113780000000000214e+00,6.211730000000000196e+00,5.819969999999999644e+00,5.917910000000000004e+00,6.015850000000000364e+00,6.113780000000000214e+00,6.211730000000000196e+00
Yavg,1.718899999999999872e-01,5.195499999999999563e-01,8.671900000000000164e-01,1.214800000000000102e+00,1.562359999999999971e+00,2.228590000000000071e+00,3.216559999999999864e+00,4.204550000000000232e+00,5.192569999999999908e+00,6.180620000000000225e+00,6.716649999999999565e+00,6.791660000000000252e+00,6.866660000000000430e+00,6.941650000000000098e+00,7.016610000000000014e+00,-1.718899999999999872e-01,-5.195499999999999563e-01,-8.671900000000000164e-01,-1.214800000000000102e+00,-1.562359999999999971e+00,-2.228590000000000071e+00,-3.216559999999999864e+00,-4.204550000000000232e+00,-5.192569999999999908e+00,-6.180620000000000225e+00,-6.716649999999999565e+00,-6.791660000000000252e+00,-6.866660000000000430e+00,-6.941650000000000098e+00,-7.016610000000000014e+00,1.247400000000000037e-01,3.766700000000000048e-01,6.286100000000000021e-01,8.805399999999999894e-01,1.132460000000000022e+00,-1.247400000000000037e-01,-3.766700000000000048e-01,-6.286100000000000021e-01,-8.805399999999999894e-01,-1.132460000000000022e+00
Zavg,1.119259999999999922e+00,1.109900000000000109e+00,1.100540000000000074e+00,1.091180000000000039e+00,1.081830000000000069e+00,1.094910000000000050e+00,1.130849999999999911e+00,1.166740000000000110e+00,1.202599999999999891e+00,1.238469999999999960e+00,1.270329999999999959e+00,1.298289999999999944e+00,1.326240000000000085e+00,1.354190000000000005e+00,1.382130000000000081e+00,1.119259999999999922e+00,1.109900000000000109e+00,1.100540000000000074e+00,1.091180000000000039e+00,1.081830000000000069e+00,1.094910000000000050e+00,1.130849999999999911e+00,1.166740000000000110e+00,1.202599999999999891e+00,1.238469999999999960e+00,1.270329999999999959e+00,1.298289999999999944e+00,1.326240000000000085e+00,1.354190000000000005e+00,1.382130000000000081e+00,3.569700000000000095e-01,5.334799999999999542e-01,7.099999999999999645e-01,8.865300000000000402e-01,1.063090000000000090e+00,3.569700000000000095e-01,5.334799999999999542e-01,7.099999999999999645e-01,8.865300000000000402e-01,1.063090000000000090e+00
cd,1.064100000000000046e-01,9.951000000000000123e-02,9.386999999999999511e-02,8.742999999999999383e-02,7.717000000000000248e-02,6.250000000000000000e-02,4.988999999999999685e-02,3.438000000000000084e-02,2.384000000000000008e-02,1.740999999999999839e-02,2.577000000000000124e-02,7.790000000000000049e-03,-7.790000000000000049e-03,-1.173000000000000084e-02,-1.328999999999999973e-02,1.054500000000000021e-01,9.894000000000000017e-02,9.328000000000000180e-02,8.667999999999999317e-02,7.650999999999999468e-02,6.181999999999999995e-02,4.848999999999999838e-02,3.289000000000000257e-02,2.306000000000000064e-02,1.762000000000000025e-02,2.580999999999999961e-02,7.830000000000000154e-03,-7.729999999999999892e-03,-1.170000000000000033e-02,-1.331000000000000065e-02,-3.409000000000000224e-02,-4.993999999999999828e-02,-6.443999999999999728e-02,-3.728000000000000064e-02,7.689999999999999787e-03,-3.368999999999999773e-02,-4.997999999999999665e-02,-6.465999999999999526e-02,-3.638999999999999874e-02,7.579999999999999932e-03
cd*c/cref,1.546763716356107654e-01,1.345862298739673169e-01,1.174695810468552176e-01,1.005728823694948537e-01,8.097260556326091319e-02,6.096385103218155549e-02,4.633553764899796951e-02,3.032670656696617381e-02,1.991738259395498672e-02,1.373347068952809717e-02,1.888629319182295527e-02,5.200679829410306647e-03,-4.692297081348368801e-03,-6.300138696255201329e-03,-6.270913485698205100e-03,1.532809265010351973e-01,1.338153108605198149e-01,1.167312508794146747e-01,9.971013889726425272e-02,8.028008360302049673e-02,6.030056433295141738e-02,4.503528203246966871e-02,2.901237286176606978e-02,1.926572326411921110e-02,1.389912427050460017e-02,1.891560835393676573e-02,5.227384218778267054e-03,-4.656156153892540908e-03,-6.284025809564011689e-03,-6.280350526308736692e-03,-2.628237653018151640e-02,-3.610600732343028502e-02,-4.353889223903998490e-02,-2.345252634893833787e-02,4.487147229090032892e-03,-2.597398842187782775e-02,-3.613492683270015660e-02,-4.368753526034024198e-02,-2.289263502783975626e-02,4.422961768075740589e-03
cl,1.347979999999999956e+00,1.422150000000000025e+00,1.496969999999999912e+00,1.574370000000000047e+00,1.652209999999999956e+00,1.658290000000000042e+00,1.539989999999999970e+00,1.366959999999999953e+00,1.147310000000000052e+00,8.612800000000000455e-01,7.181600000000000206e-01,6.729500000000000481e-01,6.362600000000000477e-01,5.792300000000000226e-01,4.662299999999999778e-01,1.346319999999999961e+00,1.419370000000000021e+00,1.493260000000000032e+00,1.569469999999999921e+00,1.646009999999999973e+00,1.650400000000000089e+00,1.527800000000000047e+00,1.353010000000000046e+00,1.137270000000000003e+00,8.592600000000000238e-01,7.162600000000000078e-01,6.709899999999999753e-01,6.342499999999999805e-01,5.772300000000000209e-01,4.645400000000000085e-01,-4.479899999999999993e-01,-4.348600000000000243e-01,-3.834699999999999775e-01,-2.758300000000000196e-01,8.489999999999999283e-03,-4.496600000000000041e-01,-4.337099999999999844e-01,-3.733099999999999752e-01,-2.595799999999999774e-01,1.176999999999999921e-02
cl*c/cref,1.959408471359558090e+00,1.923442938551528814e+00,1.873318831785563576e+00,1.811036587167581313e+00,1.733623799892125339e+00,1.617531912450501652e+00,1.430271890641018118e+00,1.205799732657942824e+00,9.585323919408765825e-01,6.794005534449604200e-01,5.263244205913687468e-01,4.492679706292254105e-01,3.832504417174215083e-01,3.111022452712617348e-01,2.199915721924058654e-01,1.956995514147688020e+00,1.919683017749100662e+00,1.868676111580132471e+00,1.805399996482341063e+00,1.727118290568654846e+00,1.609835835896199052e+00,1.418950379237103876e+00,1.193494393605901704e+00,9.501443667209391597e-01,6.778071237612817157e-01,5.249319503909627427e-01,4.479594555501952846e-01,3.820397206476512375e-01,3.100280528251824208e-01,2.191941422608159606e-01,-3.453869715974191013e-01,-3.143984450273707987e-01,-2.590915426273224798e-01,-1.735222731445188460e-01,4.953950581921245065e-03,-3.466744919495869381e-01,-3.135670091358620515e-01,-2.522269376436377386e-01,-1.632995383491795405e-01,6.867844328529217404e-03
cmx,1.233100000000000029e-01,4.464899999999999980e-01,8.563199999999999701e-01,1.377429999999999932e+00,2.041100000000000136e+00,3.186589999999999812e+00,4.475509999999999877e+00,5.458179999999999588e+00,5.967489999999999739e+00,5.648690000000000211e+00,5.636739999999999640e+00,5.833070000000000199e+00,6.151480000000000281e+00,6.326859999999999928e+00,5.850509999999999877e+00,-1.231600000000000056e-01,-4.456100000000000061e-01,-8.541699999999999848e-01,-1.373089999999999922e+00,-2.033370000000000122e+00,-3.171300000000000008e+00,-4.439700000000000202e+00,-5.401860000000000106e+00,-5.914939999999999642e+00,-5.635659999999999670e+00,-5.621929999999999872e+00,-5.816230000000000011e+00,-6.131999999999999673e+00,-6.304899999999999949e+00,-5.829089999999999883e+00,9.263000000000000400e-02,-9.583999999999999464e-02,-2.751100000000000212e-01,-3.676800000000000068e-01,9.879999999999999893e-03,-9.274000000000000299e-02,9.553999999999999992e-02,2.668699999999999961e-01,3.483299999999999730e-01,-1.584999999999999951e-02
cmx*c/cref,1.792420203588681871e-01,6.038730356389073739e-01,1.071604896580835797e+00,1.584491654606122513e+00,2.141676625828325076e+00,3.108268768970230411e+00,4.156647867377569305e+00,4.814677814126917532e+00,4.985603248976528512e+00,4.455836792029320925e+00,4.131048672335122518e+00,3.894214312264233424e+00,3.705336540432973891e+00,3.398132609700697415e+00,2.760575023116042637e+00,-1.790239820565907580e-01,-6.026828448813041916e-01,-1.068914371394400042e+00,-1.579499245713481548e+00,-2.133565724687933596e+00,-3.093354572453717921e+00,-4.123389186214798663e+00,-4.764997764276669656e+00,-4.941699790280541293e+00,-4.445558381743016874e+00,-4.120194733562484224e+00,-3.882971764340321652e+00,-3.693602785985647952e+00,-3.386337976642746384e+00,-2.750467952622163370e+00,7.141497618042574880e-02,-6.929114421060389439e-02,-1.858780981359759721e-01,-2.313043156646364951e-01,5.765021407465477539e-03,-7.149978291020925303e-02,6.907424789107989571e-02,1.803107413381843660e-01,2.191313976160324806e-01,-9.248541427968402784e-03
cmy,-4.422200000000000020e-01,-4.866199999999999970e-01,-5.329800000000000093e-01,-5.911300000000000443e-01,-6.631099999999999772e-01,-6.908800000000000496e-01,-6.336600000000000010e-01,-5.525700000000000056e-01,-4.448900000000000077e-01,-2.936900000000000066e-01,-2.655399999999999983e-01,-3.061300000000000132e-01,-3.658000000000000140e-01,-4.146500000000000186e-01,-4.269200000000000217e-01,-4.421599999999999975e-01,-4.858799999999999786e-01,-5.318000000000000504e-01,-5.892800000000000260e-01,-6.604299999999999615e-01,-6.872599999999999820e-01,-6.272999999999999687e-01,-5.447800000000000420e-01,-4.386599999999999944e-01,-2.928499999999999992e-01,-2.646399999999999864e-01,-3.049799999999999733e-01,-3.643199999999999772e-01,-4.128700000000000148e-01,-4.250999999999999779e-01,1.841499999999999915e+00,1.976690000000000058e+00,1.920269999999999921e+00,1.510140000000000038e+00,-1.143099999999999949e-01,1.848489999999999966e+00,1.971740000000000048e+00,1.866719999999999935e+00,1.419680000000000053e+00,-1.261299999999999921e-01
cmy*c/cref,-6.428059868875085625e-01,-6.581484391646064136e-01,-6.669749366821444703e-01,-6.799913983195642331e-01,-6.957852076591154455e-01,-6.738992864178174891e-01,-5.885142671209472320e-01,-4.874237419345112676e-01,-3.716881016033823371e-01,-2.316704771285185149e-01,-1.946087036925365499e-01,-2.043753679303436654e-01,-2.203391877223662976e-01,-2.227069488833946509e-01,-2.014430688724061502e-01,-6.427187715665976242e-01,-6.571475969366218362e-01,-6.654982763472634399e-01,-6.778632977547287553e-01,-6.929731487902605069e-01,-6.703682601660335694e-01,-5.826073916058615021e-01,-4.805521583348409953e-01,-3.664831815714888474e-01,-2.310078628046124960e-01,-1.939491125449757936e-01,-2.036076167360147682e-01,-2.194477115117891841e-01,-2.217509176063840459e-01,-2.005842981768477806e-01,1.419741753603087631e+00,1.429122619466388189e+00,1.297430611419325031e+00,9.500160445436089951e-01,-6.670036407766991027e-02,1.425130835795694439e+00,1.425543830194241801e+00,1.261249548734648007e+00,8.931084390306003318e-01,-7.359738361575107746e-02
cmz,2.716999999999999971e-02,4.734000000000000014e-02,7.711999999999999411e-02,1.209699999999999942e-01,1.869000000000000106e-01,2.482999999999999929e-01,3.830299999999999816e-01,5.137599999999999945e-01,5.931199999999999806e-01,5.587299999999999489e-01,3.695499999999999896e-01,5.309899999999999620e-01,7.133199999999999541e-01,7.975600000000000467e-01,7.856400000000000050e-01,-2.718999999999999889e-02,-4.737999999999999851e-02,-7.714999999999999636e-02,-1.210200000000000026e-01,-1.866899999999999948e-01,-2.479800000000000060e-01,-3.831200000000000161e-01,-5.132600000000000495e-01,-5.910400000000000098e-01,-5.557900000000000063e-01,-3.677699999999999858e-01,-5.290300000000000002e-01,-7.108900000000000219e-01,-7.951799999999999979e-01,-7.839199999999999502e-01,1.320670000000000011e+00,1.454139999999999988e+00,1.355539999999999967e+00,1.160090000000000066e+00,1.102299999999999947e-01,-1.324349999999999916e+00,-1.451600000000000001e+00,-1.342959999999999932e+00,-1.126679999999999904e+00,-1.039800000000000030e-01
cmz*c/cref,3.949400448585230899e-02,6.402685280106133747e-02,9.650851273392430096e-02,1.391547704476471803e-01,1.961096278317152330e-01,2.421971873806508802e-01,3.557406491420262995e-01,4.531893183782588763e-01,4.955284380925579768e-01,4.407410728523856180e-01,2.708354539789744608e-01,3.544940927623335680e-01,4.296674395465235330e-01,4.283664636475105203e-01,3.707058292628997442e-01,-3.952307625948930231e-02,-6.408095238095239121e-02,-9.654605494582806091e-02,-1.392122866791292157e-01,-1.958892799352751068e-01,-2.418850524633661125e-01,-3.558242370030889057e-01,-4.527482667993327214e-01,-4.937906798796625751e-01,-4.384219227187146628e-01,-2.695309292649099020e-01,-3.531855776833034977e-01,-4.282037319845625190e-01,-4.270881746366761433e-01,-3.698942437703940378e-01,1.018197307483567515e+00,1.051325380242148944e+00,9.158707322425242436e-01,7.298026097677006163e-01,6.431966697823073009e-02,-1.021034478079961394e+00,-1.049488991403512372e+00,-9.073710540245365497e-01,-7.087846670284829731e-01,-6.067276578423688033e-02
cs,5.895999999999999852e-02,6.321000000000000230e-02,6.740999999999999770e-02,7.231999999999999540e-02,7.735999999999999821e-02,-5.634000000000000119e-02,-5.303000000000000075e-02,-4.796000000000000263e-02,-4.130000000000000338e-02,-4.859000000000000125e-02,-2.385099999999999998e-01,-1.949700000000000044e-01,-1.635300000000000087e-01,-1.264599999999999891e-01,-9.464999999999999802e-02,-5.881999999999999729e-02,-6.306000000000000494e-02,-6.722999999999999809e-02,-7.209000000000000130e-02,-7.706999999999999962e-02,5.593999999999999667e-02,5.244999999999999662e-02,4.735999999999999932e-02,4.089000000000000273e-02,4.846000000000000307e-02,2.379199999999999926e-01,1.944299999999999917e-01,1.629899999999999960e-01,1.259099999999999941e-01,9.421000000000000207e-02,3.232999999999999763e-01,3.242599999999999927e-01,2.746399999999999952e-01,2.112199999999999911e-01,2.475000000000000117e-02,-3.241399999999999837e-01,-3.236399999999999832e-01,-2.717600000000000016e-01,-2.044900000000000051e-01,-2.265999999999999959e-02
cs*c/cref,8.570358868184954626e-02,8.549086112283664496e-02,8.435735014774166374e-02,8.319147721562240860e-02,8.117196794575436136e-02,-5.495525387444974430e-02,-4.925182524606860207e-02,-4.230566745060202610e-02,-3.450452605412504536e-02,-3.832908333165826326e-02,-1.747989828941285406e-01,-1.301638698767814406e-01,-9.850209778085992907e-02,-6.792118836559528361e-02,-4.466079468934049113e-02,-8.550008626639060694e-02,-8.528798769824520731e-02,-8.413209687631913181e-02,-8.292690255080503725e-02,-8.086767799352752306e-02,5.456508522784377785e-02,4.871314791922115583e-02,4.177640555589057225e-02,3.416198717562161924e-02,3.822653587676804604e-02,1.743665842529498189e-01,1.298033606203139734e-01,9.817682943375746762e-02,6.762578544292346949e-02,4.445317979590879959e-02,2.492546885364529952e-01,2.344360018961855197e-01,1.855605425904708339e-01,1.328766795982498916e-01,1.444172872821564493e-02,-2.499023035638907320e-01,-2.339877495025025622e-01,-1.836146703116310619e-01,-1.286428946645493676e-01,-1.322220496894410159e-02
cx,-5.866999999999999993e-02,-7.453999999999999515e-02,-8.926000000000000600e-02,-1.050900000000000029e-01,-1.247599999999999959e-01,-1.400599999999999901e-01,-1.381600000000000050e-01,-1.324599999999999944e-01,-1.161599999999999994e-01,-8.767999999999999405e-02,-6.194000000000000200e-02,-7.427999999999999881e-02,-8.526999999999999857e-02,-8.223999999999999366e-02,-7.001000000000000278e-02,-5.940999999999999753e-02,-7.477000000000000313e-02,-8.939999999999999336e-02,-1.052300000000000041e-01,-1.246600000000000069e-01,-1.397799999999999876e-01,-1.380699999999999983e-01,-1.322399999999999964e-01,-1.157099999999999934e-01,-8.723000000000000198e-02,-6.167000000000000259e-02,-7.401000000000000634e-02,-8.497000000000000386e-02,-8.196000000000000507e-02,-6.983000000000000318e-02,2.076000000000000068e-02,3.429999999999999889e-03,-1.721999999999999920e-02,-3.389999999999999784e-03,6.599999999999999964e-03,2.136000000000000051e-02,3.249999999999999851e-03,-1.868999999999999828e-02,-4.479999999999999608e-03,6.089999999999999927e-03
cx*c/cref,-8.528204796411317790e-02,-1.008145671269774224e-01,-1.117005944843112580e-01,-1.208876153289513283e-01,-1.309076359993835703e-01,-1.366175516090775699e-01,-1.283166542711076386e-01,-1.168433842891314495e-01,-9.704711250477396356e-02,-6.916431419056999486e-02,-4.539452853323685394e-02,-4.959005105630263921e-02,-5.136228140264126329e-02,-4.417079338278156325e-02,-3.303436065716564007e-02,-8.635770358868184726e-02,-1.011256397113509953e-01,-1.118757914731954434e-01,-1.210486607771010387e-01,-1.308027084296501941e-01,-1.363444335564533982e-01,-1.282330664100451156e-01,-1.166493215944039152e-01,-9.667115519909946775e-02,-6.880934223133464145e-02,-4.519665118896862982e-02,-4.940979642806891253e-02,-5.118157676536212036e-02,-4.402040644033046457e-02,-3.294942729167085749e-02,1.600534282096122835e-02,2.479847919891187396e-03,-1.163469466722949312e-02,-2.132619751150776656e-03,3.851127660857505200e-03,1.646792498341675265e-02,2.349710128176780901e-03,-1.262790030955396152e-02,-2.818329346653534063e-03,3.553540523427607244e-03
cy,5.895999999999999852e-02,6.321000000000000230e-02,6.740999999999999770e-02,7.231999999999999540e-02,7.735999999999999821e-02,-5.634000000000000119e-02,-5.303000000000000075e-02,-4.796000000000000263e-02,-4.130000000000000338e-02,-4.859000000000000125e-02,-2.385099999999999998e-01,-1.949700000000000044e-01,-1.635300000000000087e-01,-1.264599999999999891e-01,-9.464999999999999802e-02,-5.881999999999999729e-02,-6.306000000000000494e-02,-6.722999999999999809e-02,-7.209000000000000130e-02,-7.706999999999999962e-02,5.593999999999999667e-02,5.244999999999999662e-02,4.735999999999999932e-02,4.089000000000000273e-02,4.846000000000000307e-02,2.379199999999999926e-01,1.944299999999999917e-01,1.629899999999999960e-01,1.259099999999999941e-01,9.421000000000000207e-02,3.232999999999999763e-01,3.242599999999999927e-01,2.746399999999999952e-01,2.112199999999999911e-01,2.475000000000000117e-02,-3.241399999999999837e-01,-3.236399999999999832e-01,-2.717600000000000016e-01,-2.044900000000000051e-01,-2.265999999999999959e-02
cy*c/cref,8.570358868184954626e-02,8.549086112283664496e-02,8.435735014774166374e-02,8.319147721562240860e-02,8.117196794575436136e-02,-5.495525387444974430e-02,-4.925182524606860207e-02,-4.230566745060202610e-02,-3.450452605412504536e-02,-3.832908333165826326e-02,-1.747989828941285406e-01,-1.301638698767814406e-01,-9.850209778085992907e-02,-6.792118836559528361e-02,-4.466079468934049113e-02,-8.550008626639060694e-02,-8.528798769824520731e-02,-8.413209687631913181e-02,-8.292690255080503725e-02,-8.086767799352752306e-02,5.456508522784377785e-02,4.871314791922115583e-02,4.177640555589057225e-02,3.416198717562161924e-02,3.822653587676804604e-02,1.743665842529498189e-01,1.298033606203139734e-01,9.817682943375746762e-02,6.762578544292346949e-02,4.445317979590879959e-02,2.492546885364529952e-01,2.344360018961855197e-01,1.855605425904708339e-01,1.328766795982498916e-01,1.444172872821564493e-02,-2.499023035638907320e-01,-2.339877495025025622e-01,-1.836146703116310619e-01,-1.286428946645493676e-01,-1.322220496894410159e-02
cz,1.350899999999999990e+00,1.423680000000000057e+00,1.497249999999999970e+00,1.573290000000000077e+00,1.649299999999999988e+00,1.653550000000000075e+00,1.534589999999999899e+00,1.360970000000000013e+00,1.141659999999999897e+00,8.569799999999999640e-01,7.159499999999999753e-01,6.688800000000000301e-01,6.305699999999999639e-01,5.734799999999999898e-01,4.611399999999999944e-01,1.349140000000000006e+00,1.420849999999999946e+00,1.493500000000000050e+00,1.568330000000000002e+00,1.643059999999999965e+00,1.645629999999999926e+00,1.522329999999999961e+00,1.346929999999999961e+00,1.131610000000000005e+00,8.549999999999999822e-01,7.140600000000000280e-01,6.669500000000000428e-01,6.285800000000000276e-01,5.715000000000000080e-01,4.594500000000000250e-01,-4.487999999999999767e-01,-4.377099999999999880e-01,-3.884600000000000275e-01,-2.783200000000000118e-01,9.369999999999999857e-03,-4.504099999999999770e-01,-4.365700000000000136e-01,-3.784100000000000241e-01,-2.620799999999999796e-01,1.260999999999999968e-02
cz*c/cref,1.963652950310558865e+00,1.925512247482361605e+00,1.873669225763332058e+00,1.809794236567569214e+00,1.730570407612883610e+00,1.612908413988221046e+00,1.425256618977265965e+00,1.200515934742407032e+00,9.538120391029634160e-01,6.760085991678225215e-01,5.247047578845807081e-01,4.465507990110353931e-01,3.798230770970270620e-01,3.080139419887836794e-01,2.175898453570256075e-01,1.961094634230503786e+00,1.921684702205069595e+00,1.868976449275362661e+00,1.804088626404550810e+00,1.724022927261519733e+00,1.605183074785422770e+00,1.413870094792525345e+00,1.188131206406158880e+00,9.454156592762333888e-01,6.744467225471869609e-01,5.233196164747031531e-01,4.452623122240313425e-01,3.786244030030754826e-01,3.069504914671651874e-01,2.167924154254357028e-01,-3.460114575167340112e-01,-3.164589600628488486e-01,-2.624630366104511725e-01,-1.750887106608508270e-01,5.467434270035579150e-03,-3.472527196526563609e-01,-3.156347540486576508e-01,-2.556727531374165530e-01,-1.648722667792317242e-01,7.357987849001990967e-03
Results_Name,VSPAERO_Comp_Load
Results_Timestamp,1749672324
Results_Date,6,11,2025
Results_Time,16,5,24
AoA,7.000000000000000000e+00,7.000000000000000000e+00,7.000000000000000000e+00,7.000000000000000000e+00,7.000000000000000000e+00,7.000000000000000000e+00,7.000000000000000000e+00,7.000000000000000000e+00,7.000000000000000000e+00
Beta,0.000000000000000000e+00,0.000000000000000000e+00,0.000000000000000000e+00,0.000000000000000000e+00,0.000000000000000000e+00,0.000000000000000000e+00,0.000000000000000000e+00,0.000000000000000000e+00,0.000000000000000000e+00
CDi,0.000000000000000000e+00,2.818000000000000019e-02,2.778999999999999873e-02,-2.769999999999999893e-03,-2.749999999999999840e-03,0.000000000000000000e+00,0.000000000000000000e+00,0.000000000000000000e+00,0.000000000000000000e+00
CFx,0.000000000000000000e+00,-5.618999999999999689e-02,-5.612999999999999934e-02,1.900000000000000105e-04,1.499999999999999869e-04,0.000000000000000000e+00,0.000000000000000000e+00,0.000000000000000000e+00,0.000000000000000000e+00
CFy,0.000000000000000000e+00,-8.160000000000000586e-03,8.040000000000000271e-03,1.807999999999999885e-02,-1.791999999999999843e-02,0.000000000000000000e+00,0.000000000000000000e+00,0.000000000000000000e+00,0.000000000000000000e+00
CFz,0.000000000000000000e+00,6.888400000000000079e-01,6.851399999999999713e-01,-2.421999999999999847e-02,-2.381000000000000130e-02,0.000000000000000000e+00,0.000000000000000000e+00,0.000000000000000000e+00,0.000000000000000000e+00
CL,0.000000000000000000e+00,6.905599999999999516e-01,6.868699999999999806e-01,-2.406000000000000152e-02,-2.365000000000000088e-02,0.000000000000000000e+00,0.000000000000000000e+00,0.000000000000000000e+00,0.000000000000000000e+00
Cmx,0.000000000000000000e+00,1.365200000000000025e-01,-1.356300000000000006e-01,-4.899999999999999842e-04,4.699999999999999859e-04,-0.000000000000000000e+00,0.000000000000000000e+00,-0.000000000000000000e+00,0.000000000000000000e+00
Cmy,0.000000000000000000e+00,-2.705400000000000027e-01,-2.688300000000000134e-01,7.885000000000000342e-02,7.745000000000000495e-02,1.128999999999999969e-02,1.116999999999999937e-02,-0.000000000000000000e+00,-0.000000000000000000e+00
Cmz,0.000000000000000000e+00,1.264999999999999979e-02,-1.263000000000000060e-02,4.959999999999999999e-03,-4.930000000000000354e-03,6.999999999999999387e-05,-8.000000000000000654e-05,0.000000000000000000e+00,1.000000000000000082e-05
Comp_ID,0,1,2,3,4,5,6,7,8
Comp_Name,NONE,main_wing,main_wing,horizontal_tail,horizontal_tail,fuselage,fuselage,fuselage,fuselage
Cs,0.000000000000000000e+00,-8.160000000000000586e-03,8.040000000000000271e-03,1.807999999999999885e-02,-1.791999999999999843e-02,0.000000000000000000e+00,0.000000000000000000e+00,0.000000000000000000e+00,0.000000000000000000e+00
Mach,1.499999999999999944e-01,1.499999999999999944e-01,1.499999999999999944e-01,1.499999999999999944e-01,1.499999999999999944e-01,1.499999999999999944e-01,1.499999999999999944e-01,1.499999999999999944e-01,1.499999999999999944e-01
Results_Name,VSPAERO_Load
Results_Timestamp,1749672324
Results_Date,6,11,2025
Results_Time,16,5,24
AnalysisMethod,0
Chord,1.735549999999999926e+00,1.614840000000000053e+00,1.494150000000000089e+00,1.373459999999999903e+00,1.252809999999999979e+00,1.164630000000000054e+00,1.108910000000000062e+00,1.053209999999999980e+00,9.975199999999999623e-01,9.418400000000000105e-01,8.750400000000000400e-01,7.971099999999999852e-01,7.191899999999999959e-01,6.412799999999999612e-01,5.633799999999999919e-01,1.735549999999999926e+00,1.614840000000000053e+00,1.494150000000000089e+00,1.373459999999999903e+00,1.252809999999999979e+00,1.164630000000000054e+00,1.108910000000000062e+00,1.053209999999999980e+00,9.975199999999999623e-01,9.418400000000000105e-01,8.750400000000000400e-01,7.971099999999999852e-01,7.191899999999999959e-01,6.412799999999999612e-01,5.633799999999999919e-01,9.205200000000000049e-01,8.632300000000000528e-01,8.067100000000000382e-01,7.511200000000000099e-01,6.966900000000000315e-01,9.205200000000000049e-01,8.632300000000000528e-01,8.067100000000000382e-01,7.511200000000000099e-01,6.966900000000000315e-01
FC_AoA_,8.000000000000000000e+00
FC_Beta_,0.000000000000000000e+00
FC_Bref_,1.417173599999999922e+01
FC_Cref_,1.193975999999999926e+00
FC_Mach_,1.499999999999999944e-01
FC_Pitch_Rate,0.000000000000000000e+00
FC_Rho_,2.377000000000000206e-03
FC_Roll__Rate,0.000000000000000000e+00
FC_Sref_,1.619368700000000061e+01
FC_Vinf_,5.100000000000000000e+01
FC_Xcg_,1.785187999999999997e+00
FC_Yaw___Rate,0.000000000000000000e+00
FC_Ycg_,-0.000000000000000000e+00
FC_Zcg_,7.542510000000000048e-01
S,3.314000000000000279e-02,8.981999999999999706e-02,1.368900000000000117e-01,1.839600000000000124e-01,2.310300000000000131e-01,2.997400000000000064e-01,4.117600000000000149e-01,5.454599999999999449e-01,6.791599999999999859e-01,8.128699999999999815e-01,9.157600000000000184e-01,9.578200000000000047e-01,9.698700000000000099e-01,9.819200000000000150e-01,9.939700000000000202e-01,3.314000000000000279e-02,8.981999999999999706e-02,1.368900000000000117e-01,1.839600000000000124e-01,2.310300000000000131e-01,2.997400000000000064e-01,4.117600000000000149e-01,5.454599999999999449e-01,6.791599999999999859e-01,8.128699999999999815e-01,9.157600000000000184e-01,9.578200000000000047e-01,9.698700000000000099e-01,9.819200000000000150e-01,9.939700000000000202e-01,1.026500000000000051e-01,3.046400000000000219e-01,5.033100000000000351e-01,7.019900000000000029e-01,9.006600000000000161e-01,1.026500000000000051e-01,3.046400000000000219e-01,5.033100000000000351e-01,7.019900000000000029e-01,9.006600000000000161e-01
V/Vref,9.716299999999999937e-01,9.766000000000000236e-01,9.845500000000000362e-01,9.864800000000000235e-01,9.942699999999999871e-01,9.981200000000000072e-01,1.000189999999999912e+00,1.001200000000000090e+00,9.991499999999999826e-01,9.997200000000000530e-01,1.014950000000000019e+00,1.013519999999999976e+00,1.013900000000000023e+00,1.013509999999999911e+00,1.016289999999999916e+00,9.718900000000000317e-01,9.767900000000000471e-01,9.846399999999999597e-01,9.865699999999999470e-01,9.942800000000000527e-01,9.980799999999999672e-01,1.000210000000000043e+00,1.000939999999999941e+00,9.994199999999999751e-01,9.994699999999999696e-01,1.014690000000000092e+00,1.013300000000000090e+00,1.013600000000000056e+00,1.013300000000000090e+00,1.016140000000000043e+00,9.641399999999999970e-01,9.710699999999999887e-01,9.825800000000000090e-01,9.927700000000000413e-01,9.991400000000000281e-01,9.637599999999999500e-01,9.709100000000000508e-01,9.824399999999999800e-01,9.926399999999999668e-01,1.000450000000000061e+00
WingId,1,1,1,1,1,1,1,1,1,1,1,1,1,1,1,2,2,2,2,2,2,2,2,2,2,2,2,2,2,2,3,3,3,3,3,4,4,4,4,4
Xavg,2.392879999999999896e+00,2.382319999999999993e+00,2.371750000000000025e+00,2.361190000000000122e+00,2.350620000000000154e+00,2.337899999999999867e+00,2.323770000000000113e+00,2.309619999999999784e+00,2.295469999999999899e+00,2.281299999999999883e+00,2.284749999999999837e+00,2.305000000000000160e+00,2.325239999999999974e+00,2.345470000000000166e+00,2.365699999999999914e+00,2.392879999999999896e+00,2.382319999999999993e+00,2.371750000000000025e+00,2.361190000000000122e+00,2.350620000000000154e+00,2.337899999999999867e+00,2.323770000000000113e+00,2.309619999999999784e+00,2.295469999999999899e+00,2.281299999999999883e+00,2.284749999999999837e+00,2.305000000000000160e+00,2.325239999999999974e+00,2.345470000000000166e+00,2.365699999999999914e+00,5.819969999999999644e+00,5.917910000000000004e+00,6.015850000000000364e+00,6.113780000000000214e+00,6.211730000000000196e+00,5.819969999999999644e+00,5.917910000000000004e+00,6.015850000000000364e+00,6.113780000000000214e+00,6.211730000000000196e+00
Yavg,1.718899999999999872e-01,5.195499999999999563e-01,8.671900000000000164e-01,1.214800000000000102e+00,1.562359999999999971e+00,2.228590000000000071e+00,3.216559999999999864e+00,4.204550000000000232e+00,5.192569999999999908e+00,6.180620000000000225e+00,6.716649999999999565e+00,6.791660000000000252e+00,6.866660000000000430e+00,6.941650000000000098e+00,7.016610000000000014e+00,-1.718899999999999872e-01,-5.195499999999999563e-01,-8.671900000000000164e-01,-1.214800000000000102e+00,-1.562359999999999971e+00,-2.228590000000000071e+00,-3.216559999999999864e+00,-4.204550000000000232e+00,-5.192569999999999908e+00,-6.180620000000000225e+00,-6.716649999999999565e+00,-6.791660000000000252e+00,-6.866660000000000430e+00,-6.941650000000000098e+00,-7.016610000000000014e+00,1.247400000000000037e-01,3.766700000000000048e-01,6.286100000000000021e-01,8.805399999999999894e-01,1.132460000000000022e+00,-1.247400000000000037e-01,-3.766700000000000048e-01,-6.286100000000000021e-01,-8.805399999999999894e-01,-1.132460000000000022e+00
Zavg,1.119259999999999922e+00,1.109900000000000109e+00,1.100540000000000074e+00,1.091180000000000039e+00,1.081830000000000069e+00,1.094910000000000050e+00,1.130849999999999911e+00,1.166740000000000110e+00,1.202599999999999891e+00,1.238469999999999960e+00,1.270329999999999959e+00,1.298289999999999944e+00,1.326240000000000085e+00,1.354190000000000005e+00,1.382130000000000081e+00,1.119259999999999922e+00,1.109900000000000109e+00,1.100540000000000074e+00,1.091180000000000039e+00,1.081830000000000069e+00,1.094910000000000050e+00,1.130849999999999911e+00,1.166740000000000110e+00,1.202599999999999891e+00,1.238469999999999960e+00,1.270329999999999959e+00,1.298289999999999944e+00,1.326240000000000085e+00,1.354190000000000005e+00,1.382130000000000081e+00,3.569700000000000095e-01,5.334799999999999542e-01,7.099999999999999645e-01,8.865300000000000402e-01,1.063090000000000090e+00,3.569700000000000095e-01,5.334799999999999542e-01,7.099999999999999645e-01,8.865300000000000402e-01,1.063090000000000090e+00
cd,1.202399999999999997e-01,1.111899999999999972e-01,1.045299999999999979e-01,9.607000000000000262e-02,8.433000000000000218e-02,6.826999999999999735e-02,5.559000000000000052e-02,3.962999999999999856e-02,2.888999999999999901e-02,2.221000000000000058e-02,3.189999999999999780e-02,1.038000000000000034e-02,-8.219999999999999876e-03,-1.271000000000000081e-02,-1.442000000000000053e-02,1.195599999999999996e-01,1.106899999999999967e-01,1.039199999999999985e-01,9.533999999999999420e-02,8.375000000000000500e-02,6.751999999999999669e-02,5.405999999999999694e-02,3.772999999999999965e-02,2.777999999999999914e-02,2.239000000000000018e-02,3.196000000000000230e-02,1.047999999999999973e-02,-8.049999999999999864e-03,-1.254000000000000080e-02,-1.430000000000000021e-02,-3.520000000000000212e-02,-4.861999999999999655e-02,-6.037000000000000005e-02,-3.710999999999999716e-02,-1.598000000000000115e-02,-3.513000000000000150e-02,-4.843999999999999695e-02,-5.974999999999999756e-02,-3.588999999999999829e-02,-1.426000000000000011e-02
cd*c/cref,1.747795031055900672e-01,1.503833072021548145e-01,1.308095803433234894e-01,1.105116871695913522e-01,8.848541955617199306e-02,6.659203375947254921e-02,5.162943551629178840e-02,3.495774814569137245e-02,2.413645902430199344e-02,1.751983825470528749e-02,2.337884178576454114e-02,6.929789040985749084e-03,-4.951307061448471589e-03,-6.826492994834067532e-03,-6.804106280193237405e-03,1.737910628019323500e-01,1.497070624535166705e-01,1.300462220346137732e-01,1.096719501899535570e-01,8.787683965171830258e-02,6.586046754708636819e-02,5.020844187822871146e-02,3.328175214577177438e-02,2.320909767030493107e-02,1.766182703839943441e-02,2.342281452893526031e-02,6.996550014405649234e-03,-4.848907766990291114e-03,-6.735186636917325081e-03,-6.747484036530047857e-03,-2.713815353072424053e-02,-3.515166351752464086e-02,-4.078899634498515947e-02,-2.334558081569478721e-02,-9.324396972803475347e-03,-2.708418561177109579e-02,-3.502152572581023610e-02,-4.037009328495715088e-02,-2.257808934182931743e-02,-8.320769764216367700e-03
cl,1.415510000000000046e+00,1.495479999999999920e+00,1.576910000000000034e+00,1.660889999999999977e+00,1.745570000000000066e+00,1.754599999999999937e+00,1.636349999999999971e+00,1.462599999999999900e+00,1.239959999999999951e+00,9.429100000000000259e-01,7.897999999999999465e-01,7.413600000000000190e-01,7.032500000000000417e-01,6.424100000000000366e-01,5.198899999999999633e-01,1.413769999999999971e+00,1.492609999999999992e+00,1.572969999999999979e+00,1.655710000000000015e+00,1.738990000000000036e+00,1.745740000000000069e+00,1.622719999999999940e+00,1.445750000000000091e+00,1.226779999999999982e+00,9.391199999999999548e-01,7.866300000000000514e-01,7.383199999999999763e-01,7.002399999999999736e-01,6.396100000000000119e-01,5.176199999999999690e-01,-4.133700000000000152e-01,-3.986000000000000099e-01,-3.447100000000000164e-01,-2.623400000000000176e-01,-1.016600000000000004e-01,-4.147399999999999975e-01,-3.993599999999999928e-01,-3.397700000000000164e-01,-2.500299999999999745e-01,-8.522000000000000408e-02
cl*c/cref,2.057569315044858627e+00,2.022620993386802013e+00,1.973356312438441229e+00,1.910562674124102855e+00,1.831584178995222967e+00,1.711474768337052144e+00,1.519766627218637645e+00,1.290164078674948200e+00,1.035937823875856756e+00,7.437924668502550185e-01,5.788278759372048610e-01,4.949391525457798036e-01,4.236017872218537650e-01,3.450359846429074118e-01,2.453111521504619807e-01,2.055040070738440416e+00,2.018739348529619004e+00,1.968425768608414339e+00,1.904603992542563518e+00,1.824679944906765439e+00,1.702832532814730238e+00,1.507107710037722814e+00,1.275300640465135249e+00,1.024926452122990828e+00,7.408028141269171751e-01,5.765046493396853711e-01,4.929096189538147987e-01,4.217887173611529761e-01,3.435321152183963833e-01,2.442400480411666408e-01,-3.186959808237351810e-01,-2.881829098742353379e-01,-2.329033448746038737e-01,-1.650358305359571898e-01,-5.931903606102636312e-02,-3.197522100946753043e-01,-2.887323805503628216e-01,-2.295656333963161932e-01,-1.572917157463801507e-01,-4.972622716034494350e-02
cmx,1.294800000000000118e-01,4.692500000000000004e-01,9.012999999999999901e-01,1.451470000000000038e+00,2.153410000000000046e+00,3.366709999999999869e+00,4.748400000000000176e+00,5.830779999999999852e+00,6.439210000000000100e+00,6.175209999999999866e+00,6.189280000000000115e+00,6.409239999999999604e+00,6.774890000000000079e+00,6.988540000000000418e+00,6.496240000000000236e+00,-1.293199999999999905e-01,-4.683399999999999785e-01,-8.990200000000000413e-01,-1.446890000000000009e+00,-2.145239999999999814e+00,-3.349569999999999936e+00,-4.708400000000000141e+00,-5.762749999999999595e+00,-6.370169999999999888e+00,-6.150640000000000107e+00,-6.164629999999999832e+00,-6.383149999999999658e+00,-6.746069999999999567e+00,-6.958260000000000112e+00,-6.468049999999999855e+00,8.462999999999999690e-02,-8.855000000000000371e-02,-2.478499999999999870e-01,-3.520599999999999841e-01,-2.054999999999999882e-01,-8.490000000000000324e-02,8.873999999999999944e-02,2.434300000000000075e-01,3.378200000000000092e-01,1.740899999999999948e-01
cmx*c/cref,1.882106625258799237e-01,6.346556965969165631e-01,1.127893186295201966e+00,1.669661690184727210e+00,2.259520779395900902e+00,3.283961710536895229e+00,4.410095549659290626e+00,5.143349450742729090e+00,5.379706760604903160e+00,4.871169760866215448e+00,4.535993664194255537e+00,4.278871012817678121e+00,4.080846800186939127e+00,3.753518438561579185e+00,3.065264034787968939e+00,-1.879780883367839772e-01,-6.334249311543951322e-01,-1.125039978190516488e+00,-1.664393203380972297e+00,-2.250948196948682423e+00,-3.267242984029830044e+00,-4.372945389187052889e+00,-5.083339972914028060e+00,-5.322026555307644458e+00,-4.851788291891964811e+00,-4.517928195541619729e+00,-4.261453074852425971e+00,-4.063487108032322048e+00,-3.737255164927938189e+00,-3.051962526047424795e+00,6.524721401435204515e-02,-6.402056364617045303e-02,-1.674598764966800102e-01,-2.214779084336703507e-01,-1.199101112585177764e-01,-6.545537598745704289e-02,6.415793131520232395e-02,1.644735030687384247e-01,2.125196472960930727e-01,1.015822446179822924e-01
cmy,-4.501499999999999946e-01,-4.973400000000000043e-01,-5.466999999999999638e-01,-6.093800000000000328e-01,-6.866600000000000481e-01,-7.187999999999999945e-01,-6.641299999999999981e-01,-5.850999999999999535e-01,-4.786400000000000099e-01,-3.240600000000000147e-01,-2.947699999999999765e-01,-3.417600000000000082e-01,-4.110900000000000110e-01,-4.682899999999999840e-01,-4.851300000000000057e-01,-4.498800000000000021e-01,-4.964799999999999769e-01,-5.453599999999999559e-01,-6.073899999999999855e-01,-6.838199999999999834e-01,-7.146900000000000475e-01,-6.570700000000000429e-01,-5.756900000000000350e-01,-4.707700000000000218e-01,-3.224099999999999744e-01,-2.932899999999999952e-01,-3.400199999999999889e-01,-4.089099999999999957e-01,-4.657999999999999918e-01,-4.826699999999999879e-01,1.698050000000000059e+00,1.812370000000000037e+00,1.731459999999999999e+00,1.447429999999999994e+00,6.470000000000000195e-01,1.703109999999999902e+00,1.815339999999999954e+00,1.704709999999999948e+00,1.381420000000000092e+00,5.533900000000000485e-01
cmy*c/cref,-6.543329451345755166e-01,-6.726471265754085938e-01,-6.841442415927958542e-01,-7.009848228105087786e-01,-7.204956503313301175e-01,-7.011330579509136296e-01,-6.168134018606740154e-01,-5.161185576594504720e-01,-3.998848995289687736e-01,-2.556271402440250529e-01,-2.160307584072041764e-01,-2.281623027598544684e-01,-2.476195644636073334e-01,-2.515167902872419425e-01,-2.289095755693581757e-01,-6.539404761904761276e-01,-6.714839856077509106e-01,-6.824673561277613265e-01,-6.986956767975235350e-01,-7.175157073509015326e-01,-6.971240751070374442e-01,-6.102563985373241628e-01,-5.078179669440592292e-01,-3.933098239830616349e-01,-2.543255763934953451e-01,-2.149460974089931753e-01,-2.270006618223481820e-01,-2.463064440993789073e-01,-2.501794206918732111e-01,-2.277488195742627952e-01,1.309146068262678764e+00,1.310321275385770035e+00,1.169861116638860610e+00,9.105657246041797270e-01,3.775272116022433400e-01,1.313047177832720402e+00,1.312468548949057734e+00,1.151787476548942424e+00,8.690394031370816119e-01,3.229053842790810536e-01
cmz,2.906999999999999862e-02,5.494000000000000272e-02,9.274999999999999911e-02,1.486200000000000021e-01,2.306999999999999884e-01,3.177499999999999769e-01,4.827000000000000179e-01,6.404199999999999893e-01,7.373899999999999899e-01,6.981000000000000538e-01,4.849100000000000077e-01,6.807999999999999607e-01,9.037899999999999823e-01,1.006480000000000041e+00,9.881699999999999928e-01,-2.905999999999999903e-02,-5.492999999999999966e-02,-9.273000000000000687e-02,-1.485400000000000054e-01,-2.301900000000000057e-01,-3.170799999999999730e-01,-4.819800000000000195e-01,-6.390400000000000524e-01,-7.338599999999999568e-01,-6.935999999999999943e-01,-4.817100000000000271e-01,-6.769399999999999862e-01,-8.988500000000000378e-01,-1.001130000000000075e+00,-9.833499999999999464e-01,1.211880000000000068e+00,1.324189999999999978e+00,1.300650000000000084e+00,1.184709999999999930e+00,6.105800000000000116e-01,-1.215000000000000080e+00,-1.325320000000000054e+00,-1.282960000000000100e+00,-1.154600000000000071e+00,-5.561199999999999477e-01
cmz*c/cref,4.225582298136645876e-02,7.430577298036142309e-02,1.160680051357816378e-01,1.709612464572152213e-01,2.420679033749422171e-01,3.099402186476110099e-01,4.483095614987236410e-01,5.649165043518462603e-01,6.160603502917981755e-01,5.506798327604576215e-01,3.553803815152064005e-01,4.545087070426875875e-01,5.443968137550503350e-01,5.405766065649560970e-01,4.662700210054473438e-01,-4.224128709454796210e-02,-7.429224808538865965e-02,-1.160429769945124784e-01,-1.708692204868439424e-01,-2.415327727693019344e-01,-3.092866861645460208e-01,-4.476408586102234022e-01,-5.636992019940100240e-01,-6.131111740939515498e-01,-5.471301131681038932e-01,-3.530351685461015077e-01,-4.519317334686794307e-01,-5.414212107278538744e-01,-5.377031417716939821e-01,-4.639956942183092181e-01,9.343234517276730600e-01,9.573731245016651181e-01,8.787842984281092340e-01,7.452908393468545833e-01,3.562759889646023859e-01,-9.367288789724418363e-01,-9.581901006385389330e-01,-8.668320482153746287e-01,-7.263488981353060092e-01,-3.244983507206175011e-01
cs,6.241000000000000020e-02,6.725000000000000422e-02,7.213999999999999579e-02,7.775999999999999579e-02,8.357000000000000539e-02,-5.960000000000000020e-02,-5.632000000000000201e-02,-5.122999999999999776e-02,-4.445000000000000340e-02,-5.453000000000000208e-02,-2.565700000000000203e-01,-2.062700000000000089e-01,-1.707100000000000006e-01,-1.288999999999999868e-01,-9.615999999999999548e-02,-6.226999999999999896e-02,-6.710000000000000686e-02,-7.194000000000000394e-02,-7.749999999999999944e-02,-8.326999999999999680e-02,5.915000000000000119e-02,5.566999999999999726e-02,5.049000000000000016e-02,4.392000000000000071e-02,5.423000000000000043e-02,2.555100000000000149e-01,2.054600000000000037e-01,1.700399999999999967e-01,1.283600000000000019e-01,9.578000000000000402e-02,2.966900000000000093e-01,2.954999999999999849e-01,2.623500000000000276e-01,2.156500000000000083e-01,9.650999999999999857e-02,-2.975400000000000267e-01,-2.958299999999999819e-01,-2.589099999999999735e-01,-2.094399999999999873e-01,-8.644999999999999907e-02
cs*c/cref,9.071846963423049748e-02,9.095491869183301714e-02,9.027650555790066311e-02,8.944924320086834746e-02,8.768797002619820036e-02,-5.813512834428832821e-02,-5.230742594491012004e-02,-4.519014477677943398e-02,-3.713622719384644666e-02,-4.301471319356503509e-02,-1.880347785885143896e-01,-1.377078598732302817e-01,-1.028269620997407097e-01,-6.923170314981204332e-02,-4.537329125543562020e-02,-9.051496721877155816e-02,-9.075204526724156562e-02,-9.002622414520895788e-02,-8.915015879716174652e-02,-8.737318731699800223e-02,5.769618861685662375e-02,5.170373583723626015e-02,4.453738843996864899e-02,3.669343303382982535e-02,4.277806522074145690e-02,1.872579267924983915e-01,1.371670959885290808e-01,1.024233884098172814e-01,6.894167118937064020e-02,4.519398748383552517e-02,2.287391696315504153e-01,2.136428747311503729e-01,1.772568029005608392e-01,1.356635543763023699e-01,5.631398947717543291e-02,-2.293944943616957610e-01,-2.138814606826267839e-01,-1.749325665675021957e-01,-1.317568969560527214e-01,-5.044393731532292868e-02
cx,-7.793999999999999539e-02,-9.801999999999999602e-02,-1.159499999999999975e-01,-1.360200000000000020e-01,-1.594299999999999884e-01,-1.765899999999999970e-01,-1.726800000000000002e-01,-1.643100000000000116e-01,-1.439600000000000046e-01,-1.092299999999999938e-01,-7.832999999999999685e-02,-9.289999999999999647e-02,-1.060099999999999931e-01,-1.019899999999999973e-01,-8.663999999999999480e-02,-7.835999999999999910e-02,-9.811999999999999889e-02,-1.160000000000000059e-01,-1.360200000000000020e-01,-1.590799999999999992e-01,-1.761000000000000065e-01,-1.723000000000000087e-01,-1.638499999999999956e-01,-1.432199999999999862e-01,-1.085300000000000015e-01,-7.782999999999999641e-02,-9.236999999999999378e-02,-1.054299999999999959e-01,-1.014400000000000024e-01,-8.619999999999999885e-02,2.266999999999999918e-02,7.320000000000000118e-03,-1.180999999999999932e-02,-2.400000000000000061e-04,-1.680000000000000070e-03,2.293999999999999859e-02,7.609999999999999577e-03,-1.187999999999999994e-02,-7.500000000000000156e-04,-2.259999999999999856e-03
cx*c/cref,-1.132927018633540228e-01,-1.325710205230256067e-01,-1.451006490080202771e-01,-1.564671561237411801e-01,-1.672860244259516127e-01,-1.722497032603670375e-01,-1.603772427586484250e-01,-1.449383698667310039e-01,-1.202729193886644260e-01,-8.616352690506341727e-02,-5.740641620937105005e-02,-6.202094430708824518e-02,-6.385499532653922394e-02,-5.477844378781483031e-02,-4.088125992482261051e-02,-1.139032091097308408e-01,-1.327062694727532410e-01,-1.451632193611932242e-01,-1.564671561237411801e-01,-1.669187779318847542e-01,-1.717717466682747440e-01,-1.600243162341621894e-01,-1.445326024141188881e-01,-1.196546784859996992e-01,-8.561134830180841537e-02,-5.703997668294840534e-02,-6.166711114796277066e-02,-6.350563302779956010e-02,-5.448304086514302313e-02,-4.067364503139091897e-02,1.747789603811131937e-02,5.292270196385857189e-03,-7.979427643436719578e-03,-1.509819292850107689e-04,-9.802870409455469083e-04,1.768605801121630669e-02,5.501936638592400987e-03,-8.026723150214075050e-03,-4.718185290156586323e-04,-1.318719471748175994e-03
cy,6.241000000000000020e-02,6.725000000000000422e-02,7.213999999999999579e-02,7.775999999999999579e-02,8.357000000000000539e-02,-5.960000000000000020e-02,-5.632000000000000201e-02,-5.122999999999999776e-02,-4.445000000000000340e-02,-5.453000000000000208e-02,-2.565700000000000203e-01,-2.062700000000000089e-01,-1.707100000000000006e-01,-1.288999999999999868e-01,-9.615999999999999548e-02,-6.226999999999999896e-02,-6.710000000000000686e-02,-7.194000000000000394e-02,-7.749999999999999944e-02,-8.326999999999999680e-02,5.915000000000000119e-02,5.566999999999999726e-02,5.049000000000000016e-02,4.392000000000000071e-02,5.423000000000000043e-02,2.555100000000000149e-01,2.054600000000000037e-01,1.700399999999999967e-01,1.283600000000000019e-01,9.578000000000000402e-02,2.966900000000000093e-01,2.954999999999999849e-01,2.623500000000000276e-01,2.156500000000000083e-01,9.650999999999999857e-02,-2.975400000000000267e-01,-2.958299999999999819e-01,-2.589099999999999735e-01,-2.094399999999999873e-01,-8.644999999999999907e-02
cy*c/cref,9.071846963423049748e-02,9.095491869183301714e-02,9.027650555790066311e-02,8.944924320086834746e-02,8.768797002619820036e-02,-5.813512834428832821e-02,-5.230742594491012004e-02,-4.519014477677943398e-02,-3.713622719384644666e-02,-4.301471319356503509e-02,-1.880347785885143896e-01,-1.377078598732302817e-01,-1.028269620997407097e-01,-6.923170314981204332e-02,-4.537329125543562020e-02,-9.051496721877155816e-02,-9.075204526724156562e-02,-9.002622414520895788e-02,-8.915015879716174652e-02,-8.737318731699800223e-02,5.769618861685662375e-02,5.170373583723626015e-02,4.453738843996864899e-02,3.669343303382982535e-02,4.277806522074145690e-02,1.872579267924983915e-01,1.371670959885290808e-01,1.024233884098172814e-01,6.894167118937064020e-02,4.519398748383552517e-02,2.287391696315504153e-01,2.136428747311503729e-01,1.772568029005608392e-01,1.356635543763023699e-01,5.631398947717543291e-02,-2.293944943616957610e-01,-2.138814606826267839e-01,-1.749325665675021957e-01,-1.317568969560527214e-01,-5.044393731532292868e-02
cz,1.418469999999999898e+00,1.496399999999999952e+00,1.576109999999999900e+00,1.658099999999999907e+00,1.740320000000000089e+00,1.747020000000000017e+00,1.628160000000000052e+00,1.453880000000000061e+00,1.231910000000000061e+00,9.368199999999999861e-01,7.865499999999999714e-01,7.355899999999999661e-01,6.952599999999999891e-01,6.343900000000000095e-01,5.128300000000000081e-01,1.416660000000000030e+00,1.493489999999999984e+00,1.572130000000000027e+00,1.652859999999999996e+00,1.733719999999999928e+00,1.738150000000000084e+00,1.614460000000000006e+00,1.436930000000000041e+00,1.218709999999999960e+00,9.330899999999999750e-01,7.834200000000000053e-01,7.326000000000000290e-01,6.923000000000000265e-01,6.316399999999999793e-01,5.106000000000000538e-01,-4.142500000000000071e-01,-4.014800000000000035e-01,-3.497600000000000153e-01,-2.649500000000000188e-01,-1.028899999999999954e-01,-4.155900000000000150e-01,-4.022100000000000120e-01,-3.447799999999999754e-01,-2.525999999999999912e-01,-8.637000000000000233e-02
cz*c/cref,2.061871937543132915e+00,2.023865283724295860e+00,1.972355186787674297e+00,1.907353268407405045e+00,1.826075481584219729e+00,1.704081072483869086e+00,1.512160131861947088e+00,1.282472139138475242e+00,1.029212365407679908e+00,7.389885130019364645e-01,5.764460190154576669e-01,4.910870443794514983e-01,4.187890203823192437e-01,3.407284729341293339e-01,2.419798768149443724e-01,2.059240942028985444e+00,2.019929539287221854e+00,1.967374586675109338e+00,1.901325567348087331e+00,1.819150261981815397e+00,1.695429082745381955e+00,1.499436201900205878e+00,1.267520490612876749e+00,1.018184284441228327e+00,7.360461898731632813e-01,5.741521075800519736e-01,4.890908912741964709e-01,4.170060679611650722e-01,3.392514583207702494e-01,2.409276467868701199e-01,-3.193744346620032704e-01,-2.902651145416658696e-01,-2.363153778635416757e-01,-1.666777590169316869e-01,-6.003674621600434830e-02,-3.204075348248206501e-01,-2.907928955858409270e-01,-2.329506403813811910e-01,-1.589084805724738092e-01,-5.039725698003980764e-02
Results_Name,VSPAERO_Comp_Load
Results_Timestamp,1749672324
Results_Date,6,11,2025
Results_Time,16,5,24
AoA,8.000000000000000000e+00,8.000000000000000000e+00,8.000000000000000000e+00,8.000000000000000000e+00,8.000000000000000000e+00,8.000000000000000000e+00,8.000000000000000000e+00,8.000000000000000000e+00,8.000000000000000000e+00
Beta,0.000000000000000000e+00,0.000000000000000000e+00,0.000000000000000000e+00,0.000000000000000000e+00,0.000000000000000000e+00,0.000000000000000000e+00,0.000000000000000000e+00,0.000000000000000000e+00,0.000000000000000000e+00
CDi,0.000000000000000000e+00,3.169999999999999901e-02,3.126000000000000306e-02,-3.010000000000000089e-03,-2.959999999999999958e-03,0.000000000000000000e+00,0.000000000000000000e+00,0.000000000000000000e+00,0.000000000000000000e+00
CFx,0.000000000000000000e+00,-7.088999999999999468e-02,-7.070999999999999508e-02,2.999999999999999737e-04,2.900000000000000017e-04,0.000000000000000000e+00,0.000000000000000000e+00,0.000000000000000000e+00,0.000000000000000000e+00
CFy,0.000000000000000000e+00,-8.760000000000000425e-03,8.609999999999999598e-03,1.798999999999999905e-02,-1.773999999999999883e-02,0.000000000000000000e+00,0.000000000000000000e+00,0.000000000000000000e+00,0.000000000000000000e+00
CFz,0.000000000000000000e+00,7.321900000000000075e-01,7.277799999999999825e-01,-2.376999999999999946e-02,-2.333000000000000004e-02,0.000000000000000000e+00,0.000000000000000000e+00,0.000000000000000000e+00,0.000000000000000000e+00
CL,0.000000000000000000e+00,7.349299999999999722e-01,7.305399999999999672e-01,-2.358000000000000027e-02,-2.315000000000000044e-02,0.000000000000000000e+00,0.000000000000000000e+00,0.000000000000000000e+00,0.000000000000000000e+00
Cmx,0.000000000000000000e+00,1.462199999999999889e-01,-1.451099999999999890e-01,-5.999999999999999474e-04,5.699999999999999772e-04,-0.000000000000000000e+00,-0.000000000000000000e+00,-0.000000000000000000e+00,0.000000000000000000e+00
Cmy,0.000000000000000000e+00,-2.827200000000000268e-01,-2.806699999999999751e-01,7.846000000000000196e-02,7.699000000000000288e-02,1.379000000000000017e-02,1.370999999999999996e-02,-0.000000000000000000e+00,-0.000000000000000000e+00
Cmz,0.000000000000000000e+00,1.580000000000000154e-02,-1.575000000000000011e-02,5.009999999999999697e-03,-4.939999999999999947e-03,5.000000000000000240e-05,-6.000000000000000152e-05,1.000000000000000082e-05,2.000000000000000164e-05
Comp_ID,0,1,2,3,4,5,6,7,8
Comp_Name,NONE,main_wing,main_wing,horizontal_tail,horizontal_tail,fuselage,fuselage,fuselage,fuselage
Cs,0.000000000000000000e+00,-8.760000000000000425e-03,8.609999999999999598e-03,1.798999999999999905e-02,-1.773999999999999883e-02,0.000000000000000000e+00,0.000000000000000000e+00,0.000000000000000000e+00,0.000000000000000000e+00
Mach,1.499999999999999944e-01,1.499999999999999944e-01,1.499999999999999944e-01,1.499999999999999944e-01,1.499999999999999944e-01,1.499999999999999944e-01,1.499999999999999944e-01,1.499999999999999944e-01,1.499999999999999944e-01
Results_Name,VSPAERO_Load
Results_Timestamp,1749672324
Results_Date,6,11,2025
Results_Time,16,5,24
AnalysisMethod,0
Chord,1.735549999999999926e+00,1.614840000000000053e+00,1.494150000000000089e+00,1.373459999999999903e+00,1.252809999999999979e+00,1.164630000000000054e+00,1.108910000000000062e+00,1.053209999999999980e+00,9.975199999999999623e-01,9.418400000000000105e-01,8.750400000000000400e-01,7.971099999999999852e-01,7.191899999999999959e-01,6.412799999999999612e-01,5.633799999999999919e-01,1.735549999999999926e+00,1.614840000000000053e+00,1.494150000000000089e+00,1.373459999999999903e+00,1.252809999999999979e+00,1.164630000000000054e+00,1.108910000000000062e+00,1.053209999999999980e+00,9.975199999999999623e-01,9.418400000000000105e-01,8.750400000000000400e-01,7.971099999999999852e-01,7.191899999999999959e-01,6.412799999999999612e-01,5.633799999999999919e-01,9.205200000000000049e-01,8.632300000000000528e-01,8.067100000000000382e-01,7.511200000000000099e-01,6.966900000000000315e-01,9.205200000000000049e-01,8.632300000000000528e-01,8.067100000000000382e-01,7.511200000000000099e-01,6.966900000000000315e-01
FC_AoA_,9.000000000000000000e+00
FC_Beta_,0.000000000000000000e+00
FC_Bref_,1.417173599999999922e+01
FC_Cref_,1.193975999999999926e+00
FC_Mach_,1.499999999999999944e-01
FC_Pitch_Rate,0.000000000000000000e+00
FC_Rho_,2.377000000000000206e-03
FC_Roll__Rate,0.000000000000000000e+00
FC_Sref_,1.619368700000000061e+01
FC_Vinf_,5.100000000000000000e+01
FC_Xcg_,1.785187999999999997e+00
FC_Yaw___Rate,0.000000000000000000e+00
FC_Ycg_,-0.000000000000000000e+00
FC_Zcg_,7.542510000000000048e-01
S,3.314000000000000279e-02,8.981999999999999706e-02,1.368900000000000117e-01,1.839600000000000124e-01,2.310300000000000131e-01,2.997400000000000064e-01,4.117600000000000149e-01,5.454599999999999449e-01,6.791599999999999859e-01,8.128699999999999815e-01,9.157600000000000184e-01,9.578200000000000047e-01,9.698700000000000099e-01,9.819200000000000150e-01,9.939700000000000202e-01,3.314000000000000279e-02,8.981999999999999706e-02,1.368900000000000117e-01,1.839600000000000124e-01,2.310300000000000131e-01,2.997400000000000064e-01,4.117600000000000149e-01,5.454599999999999449e-01,6.791599999999999859e-01,8.128699999999999815e-01,9.157600000000000184e-01,9.578200000000000047e-01,9.698700000000000099e-01,9.819200000000000150e-01,9.939700000000000202e-01,1.026500000000000051e-01,3.046400000000000219e-01,5.033100000000000351e-01,7.019900000000000029e-01,9.006600000000000161e-01,1.026500000000000051e-01,3.046400000000000219e-01,5.033100000000000351e-01,7.019900000000000029e-01,9.006600000000000161e-01
V/Vref,9.712699999999999667e-01,9.764899999999999691e-01,9.849999999999999867e-01,9.871299999999999519e-01,9.953699999999999770e-01,9.990900000000000336e-01,1.000420000000000087e+00,1.000899999999999901e+00,9.986199999999999521e-01,9.980200000000000182e-01,1.014920000000000044e+00,1.013460000000000027e+00,1.013949999999999907e+00,1.013719999999999954e+00,1.016680000000000028e+00,9.715500000000000247e-01,9.767099999999999671e-01,9.851299999999999502e-01,9.872800000000000464e-01,9.954100000000000170e-01,9.991100000000000536e-01,1.000439999999999996e+00,1.000750000000000028e+00,9.985100000000000087e-01,9.978900000000000547e-01,1.014710000000000001e+00,1.013269999999999893e+00,1.013759999999999994e+00,1.013560000000000016e+00,1.016550000000000065e+00,9.644399999999999640e-01,9.724699999999999456e-01,9.835700000000000554e-01,9.919599999999999529e-01,9.952999999999999625e-01,9.639400000000000190e-01,9.722800000000000331e-01,9.834500000000000464e-01,9.919200000000000239e-01,9.955800000000000205e-01
WingId,1,1,1,1,1,1,1,1,1,1,1,1,1,1,1,2,2,2,2,2,2,2,2,2,2,2,2,2,2,2,3,3,3,3,3,4,4,4,4,4
Xavg,2.392879999999999896e+00,2.382319999999999993e+00,2.371750000000000025e+00,2.361190000000000122e+00,2.350620000000000154e+00,2.337899999999999867e+00,2.323770000000000113e+00,2.309619999999999784e+00,2.295469999999999899e+00,2.281299999999999883e+00,2.284749999999999837e+00,2.305000000000000160e+00,2.325239999999999974e+00,2.345470000000000166e+00,2.365699999999999914e+00,2.392879999999999896e+00,2.382319999999999993e+00,2.371750000000000025e+00,2.361190000000000122e+00,2.350620000000000154e+00,2.337899999999999867e+00,2.323770000000000113e+00,2.309619999999999784e+00,2.295469999999999899e+00,2.281299999999999883e+00,2.284749999999999837e+00,2.305000000000000160e+00,2.325239999999999974e+00,2.345470000000000166e+00,2.365699999999999914e+00,5.819969999999999644e+00,5.917910000000000004e+00,6.015850000000000364e+00,6.113780000000000214e+00,6.211730000000000196e+00,5.819969999999999644e+00,5.917910000000000004e+00,6.015850000000000364e+00,6.113780000000000214e+00,6.211730000000000196e+00
Yavg,1.718899999999999872e-01,5.195499999999999563e-01,8.671900000000000164e-01,1.214800000000000102e+00,1.562359999999999971e+00,2.228590000000000071e+00,3.216559999999999864e+00,4.204550000000000232e+00,5.192569999999999908e+00,6.180620000000000225e+00,6.716649999999999565e+00,6.791660000000000252e+00,6.866660000000000430e+00,6.941650000000000098e+00,7.016610000000000014e+00,-1.718899999999999872e-01,-5.195499999999999563e-01,-8.671900000000000164e-01,-1.214800000000000102e+00,-1.562359999999999971e+00,-2.228590000000000071e+00,-3.216559999999999864e+00,-4.204550000000000232e+00,-5.192569999999999908e+00,-6.180620000000000225e+00,-6.716649999999999565e+00,-6.791660000000000252e+00,-6.866660000000000430e+00,-6.941650000000000098e+00,-7.016610000000000014e+00,1.247400000000000037e-01,3.766700000000000048e-01,6.286100000000000021e-01,8.805399999999999894e-01,1.132460000000000022e+00,-1.247400000000000037e-01,-3.766700000000000048e-01,-6.286100000000000021e-01,-8.805399999999999894e-01,-1.132460000000000022e+00
Zavg,1.119259999999999922e+00,1.109900000000000109e+00,1.100540000000000074e+00,1.091180000000000039e+00,1.081830000000000069e+00,1.094910000000000050e+00,1.130849999999999911e+00,1.166740000000000110e+00,1.202599999999999891e+00,1.238469999999999960e+00,1.270329999999999959e+00,1.298289999999999944e+00,1.326240000000000085e+00,1.354190000000000005e+00,1.382130000000000081e+00,1.119259999999999922e+00,1.109900000000000109e+00,1.100540000000000074e+00,1.091180000000000039e+00,1.081830000000000069e+00,1.094910000000000050e+00,1.130849999999999911e+00,1.166740000000000110e+00,1.202599999999999891e+00,1.238469999999999960e+00,1.270329999999999959e+00,1.298289999999999944e+00,1.326240000000000085e+00,1.354190000000000005e+00,1.382130000000000081e+00,3.569700000000000095e-01,5.334799999999999542e-01,7.099999999999999645e-01,8.865300000000000402e-01,1.063090000000000090e+00,3.569700000000000095e-01,5.334799999999999542e-01,7.099999999999999645e-01,8.865300000000000402e-01,1.063090000000000090e+00
cd,1.348399999999999876e-01,1.233599999999999974e-01,1.154499999999999971e-01,1.048599999999999949e-01,9.157999999999999474e-02,7.426000000000000656e-02,6.149999999999999911e-02,4.506999999999999895e-02,3.452999999999999819e-02,2.752999999999999892e-02,3.878000000000000197e-02,1.342999999999999923e-02,-8.410000000000000808e-03,-1.328999999999999973e-02,-1.486999999999999954e-02,1.344700000000000062e-01,1.228400000000000047e-01,1.147600000000000009e-01,1.041399999999999965e-01,9.100999999999999368e-02,7.363000000000000100e-02,6.006999999999999840e-02,4.302000000000000268e-02,3.314999999999999891e-02,2.773000000000000118e-02,3.885000000000000259e-02,1.353999999999999995e-02,-8.219999999999999876e-03,-1.308999999999999921e-02,-1.473000000000000004e-02,-3.570999999999999869e-02,-4.700000000000000011e-02,-5.641000000000000181e-02,-3.617000000000000076e-02,-1.271000000000000081e-02,-3.599000000000000116e-02,-4.691000000000000031e-02,-5.661999999999999672e-02,-3.590000000000000135e-02,-1.218999999999999945e-02
cd*c/cref,1.960018978605934936e-01,1.668431043840077344e-01,1.444749454762910001e-01,1.206230406641339431e-01,9.609266836184311711e-02,7.243480924239684149e-02,5.711837172606484825e-02,3.975638932440853091e-02,2.884845725542221906e-02,2.171639563944333801e-02,2.842104966934009408e-02,8.965998730292735336e-03,-5.065753331725261939e-03,-7.138008804197069554e-03,-7.016439693930196474e-03,1.954640700483091798e-01,1.661398098454240357e-01,1.436114746025045907e-01,1.197948069307925717e-01,9.549458121436277258e-02,7.182029362399244832e-02,5.579025348918236621e-02,3.794807785081107804e-02,2.769552151802046058e-02,2.187416095465905680e-02,2.847235120303926240e-02,9.039435801054627323e-03,-4.951307061448471589e-03,-7.030589559589137463e-03,-6.950380409656475335e-03,-2.753134836881143688e-02,-3.398042339209498414e-02,-3.811342196158046952e-02,-2.275423492599516415e-02,-7.416338268105893139e-03,-2.774722004462401581e-02,-3.391535449623778176e-02,-3.825530848191253247e-02,-2.258438025554952711e-02,-7.112916088765604619e-03
cl,1.482410000000000005e+00,1.568200000000000038e+00,1.656160000000000077e+00,1.747039999999999926e+00,1.838880000000000070e+00,1.851299999999999946e+00,1.733219999999999983e+00,1.559139999999999970e+00,1.335229999999999917e+00,1.025889999999999969e+00,8.630499999999999838e-01,8.116299999999999626e-01,7.726499999999999480e-01,7.087599999999999456e-01,5.773399999999999643e-01,1.480590000000000073e+00,1.565220000000000056e+00,1.652160000000000073e+00,1.742029999999999967e+00,1.832640000000000047e+00,1.843210000000000015e+00,1.720439999999999969e+00,1.542259999999999964e+00,1.320999999999999952e+00,1.022170000000000023e+00,8.599799999999999667e-01,8.087199999999999944e-01,7.698500000000000343e-01,7.062100000000000044e-01,5.752399999999999736e-01,-3.785200000000000231e-01,-3.624299999999999744e-01,-3.135700000000000154e-01,-2.349799999999999944e-01,-1.262800000000000034e-01,-3.781499999999999861e-01,-3.632400000000000073e-01,-3.132599999999999829e-01,-2.316000000000000003e-01,-1.193300000000000055e-01
cl*c/cref,2.154814397860593367e+00,2.120974029628736712e+00,2.072530322217532195e+00,2.009663140967657302e+00,1.929492094313453920e+00,1.805798038654043314e+00,1.609735028342278440e+00,1.375322317534020788e+00,1.115532162790541681e+00,8.092492961332556911e-01,6.325112665581218430e-01,5.418520885679444232e-01,4.654047933124283998e-01,3.806723190415887692e-01,2.724190513042137884e-01,2.152168866459627239e+00,2.116943610926853125e+00,2.067524693963698201e+00,2.003900014573157140e+00,1.922944613962090044e+00,1.797906877776437762e+00,1.597865552071398465e+00,1.360432416229472086e+00,1.103643557324435198e+00,8.063148612702433216e-01,6.302613278658868445e-01,5.399093442414253374e-01,4.637182166978230935e-01,3.793027236728376272e-01,2.714281620401080009e-01,-2.918276668877766711e-01,-2.620324436169571003e-01,-2.118636008596488096e-01,-1.478238905974659512e-01,-7.368490924440693202e-02,-2.915424078875957226e-01,-2.626180636796719980e-01,-2.116541493296347776e-01,-1.456975617600353712e-01,-6.962955511668578179e-02
cmx,1.355399999999999938e-01,4.916699999999999959e-01,9.455799999999999761e-01,1.524589999999999890e+00,2.264679999999999804e+00,3.546110000000000095e+00,5.020599999999999952e+00,6.204200000000000159e+00,6.921599999999999753e+00,6.707629999999999981e+00,6.751809999999999867e+00,6.997049999999999770e+00,7.415320000000000356e+00,7.677999999999999936e+00,7.183569999999999567e+00,-1.353800000000000003e-01,-4.907299999999999995e-01,-9.432599999999999874e-01,-1.520159999999999956e+00,-2.256940000000000168e+00,-3.530470000000000219e+00,-4.983089999999999797e+00,-6.135989999999999611e+00,-6.846899999999999764e+00,-6.683670000000000222e+00,-6.728030000000000399e+00,-6.972170000000000201e+00,-7.388760000000000439e+00,-7.650649999999999729e+00,-7.157750000000000057e+00,7.674999999999999878e-02,-8.114999999999999991e-02,-2.265600000000000114e-01,-3.132099999999999884e-01,-2.531200000000000117e-01,-7.702000000000000512e-02,8.121000000000000441e-02,2.261299999999999977e-01,3.092900000000000094e-01,2.402700000000000113e-01
cmx*c/cref,1.970194099378881902e-01,6.649785111258518233e-01,1.183305491065147041e+00,1.753773427104062144e+00,2.376273686238249194e+00,3.458952348539669597e+00,4.662902391672864688e+00,5.472744411947979337e+00,5.782724637681159408e+00,5.291156806501973620e+00,4.948260117791313029e+00,4.671298690677199161e+00,4.466609036362540586e+00,4.123824800498502086e+00,3.389582090929800895e+00,-1.967868357487922715e-01,-6.637071709984120327e-01,-1.180402226677923272e+00,-1.748677488994753615e+00,-2.368152292340885090e+00,-3.443696754457376663e+00,-4.628064828690024335e+00,-5.412576155550865131e+00,-5.720315724939194268e+00,-5.272256521739130619e+00,-4.930832253914652519e+00,-4.654688560490328086e+00,-4.450610652475426754e+00,-4.109135218798368072e+00,-3.377398871501605004e+00,5.917196828076946857e-02,-5.867045443124485615e-02,-1.530752859353957107e-01,-1.970377086306592529e-01,-1.476965808357957322e-01,-5.938013025387445937e-02,5.871383369514966005e-02,1.527847563937633768e-01,1.945716704523374196e-01,1.401985519809443581e-01
cmy,-4.580699999999999772e-01,-5.080599999999999561e-01,-5.603500000000000147e-01,-6.278099999999999792e-01,-7.106200000000000294e-01,-7.475399999999999823e-01,-6.955500000000000016e-01,-6.189500000000000002e-01,-5.149099999999999788e-01,-3.561099999999999821e-01,-3.256299999999999750e-01,-3.795499999999999985e-01,-4.595699999999999785e-01,-5.265100000000000335e-01,-5.493500000000000050e-01,-4.576100000000000168e-01,-5.070500000000000007e-01,-5.588800000000000434e-01,-6.258299999999999974e-01,-7.078900000000000192e-01,-7.438000000000000167e-01,-6.888699999999999823e-01,-6.093499999999999472e-01,-5.061400000000000343e-01,-3.544499999999999873e-01,-3.241899999999999782e-01,-3.778900000000000037e-01,-4.575699999999999767e-01,-5.242700000000000138e-01,-5.470599999999999907e-01,1.554089999999999971e+00,1.648910000000000098e+00,1.580629999999999979e+00,1.299109999999999987e+00,7.889100000000000001e-01,1.551150000000000029e+00,1.650919999999999943e+00,1.577779999999999960e+00,1.280990000000000073e+00,7.494300000000000406e-01
cmy*c/cref,-6.658453674948239254e-01,-6.871458139862107739e-01,-7.012259480090052843e-01,-7.221853057347885629e-01,-7.456362960394514738e-01,-7.291666752095520287e-01,-6.459948529116164018e-01,-5.459777495527549096e-01,-4.301870583663323089e-01,-2.809090320073435176e-01,-2.386474059780096246e-01,-2.533912746152351403e-01,-2.768214338479165204e-01,-2.827865323926109231e-01,-2.592119129697749713e-01,-6.651767167011731763e-01,-6.857797995939617364e-01,-6.993863796257212551e-01,-7.199076629680998263e-01,-7.427717733857297500e-01,-7.255185983637862934e-01,-6.397907761127527015e-01,-5.375095592373716480e-01,-4.228600682090762342e-01,-2.795995798910531072e-01,-2.375920601419124201e-01,-2.522830424564647678e-01,-2.756167362660555953e-01,-2.815834368530020781e-01,-2.581313718198690599e-01,1.198157188084182589e+00,1.192141700754454137e+00,1.067952812535595486e+00,8.172588923060429833e-01,4.603322913525900728e-01,1.195890535488150608e+00,1.193594906095264863e+00,1.066027209759660144e+00,8.058597566450247385e-01,4.372955458903697301e-01
cmz,3.107000000000000040e-02,6.311999999999999555e-02,1.097199999999999981e-01,1.786899999999999877e-01,2.783399999999999763e-01,3.932399999999999785e-01,5.916200000000000347e-01,7.800000000000000266e-01,8.973200000000000065e-01,8.538400000000000434e-01,6.150299999999999656e-01,8.487700000000000244e-01,1.117040000000000033e+00,1.239270000000000094e+00,1.211610000000000076e+00,-3.104000000000000162e-02,-6.307999999999999718e-02,-1.096799999999999997e-01,-1.785599999999999965e-01,-2.777600000000000069e-01,-3.922499999999999876e-01,-5.903100000000000014e-01,-7.780099999999999794e-01,-8.931900000000000395e-01,-8.488599999999999479e-01,-6.114800000000000235e-01,-8.446200000000000374e-01,-1.111709999999999976e+00,-1.233400000000000052e+00,-1.206360000000000099e+00,1.104319999999999968e+00,1.197389999999999954e+00,1.190600000000000103e+00,1.076770000000000005e+00,6.673099999999999588e-01,-1.103329999999999922e+00,-1.198420000000000041e+00,-1.186709999999999932e+00,-1.070559999999999956e+00,-6.491200000000000303e-01
cmz*c/cref,4.516300034506556121e-02,8.536913706808177404e-02,1.373043830026734469e-01,2.055515080705139497e-01,2.920553975959315762e-01,3.835747964783211561e-01,5.494694484646258648e-01,6.880404631248869807e-01,7.496755767285104843e-01,6.735316837189357919e-01,4.507426038714346661e-01,5.666471140960956943e-01,6.728476934209733917e-01,6.656072363263583203e-01,5.717006387063057193e-01,-4.511939268461007818e-02,-8.531503748819072031e-02,-1.372543267201351003e-01,-2.054019658686606631e-01,-2.914468176914778996e-01,-3.826091290779714549e-01,-5.482527807091600591e-01,-6.862850778407606489e-01,-7.462251241230979382e-01,-6.696033273700644495e-01,-4.481408832338339421e-01,-5.638765336991699018e-01,-6.696371743653138919e-01,-6.624544814971154993e-01,-5.692234155460411671e-01,8.513978894048122026e-01,8.656982801161833274e-01,8.044290052731379870e-01,6.773867166509209836e-01,3.893781817222456976e-01,-8.506346288367605535e-01,-8.664429574798824252e-01,-8.018007263965104547e-01,-6.734800592306713352e-01,-3.787642404872460511e-01
cs,6.604000000000000148e-02,7.152999999999999636e-02,7.714000000000000024e-02,8.354999999999999927e-02,9.020000000000000240e-02,-6.278000000000000247e-02,-5.954000000000000264e-02,-5.444000000000000228e-02,-4.760000000000000342e-02,-6.074999999999999845e-02,-2.742100000000000093e-01,-2.167499999999999982e-01,-1.769199999999999939e-01,-1.304099999999999981e-01,-9.715000000000000024e-02,-6.590999999999999637e-02,-7.136000000000000676e-02,-7.692999999999999838e-02,-8.329000000000000292e-02,-8.991000000000000381e-02,6.237000000000000183e-02,5.890999999999999709e-02,5.369000000000000161e-02,4.703999999999999848e-02,6.044999999999999679e-02,2.731700000000000239e-01,2.159500000000000031e-01,1.762799999999999923e-01,1.299500000000000099e-01,9.683999999999999553e-02,2.703200000000000047e-01,2.672999999999999821e-01,2.400400000000000034e-01,1.965200000000000002e-01,1.095600000000000046e-01,-2.703499999999999792e-01,-2.677899999999999725e-01,-2.394600000000000062e-01,-1.951600000000000001e-01,-1.060299999999999992e-01
cs*c/cref,9.599499654934437465e-02,9.674357374017568401e-02,9.653354087519348814e-02,9.610962280648856215e-02,9.464466789952227788e-02,-6.123696908480573409e-02,-5.529801386292522436e-02,-4.802169591348570687e-02,-3.976792833356784795e-02,-4.792121449677380629e-02,-2.009627650807051802e-01,-1.447044098876359430e-01,-1.065675480914189260e-01,-7.004271844660193980e-02,-4.584042476565693136e-02,-9.580603002070392504e-02,-9.651365052563871949e-02,-9.627074539186718238e-02,-9.581053840278196121e-02,-9.434037794729543958e-02,6.083704622203461865e-02,5.471289883548748068e-02,4.736011854509639130e-02,3.930007035317292785e-02,4.768456652395022810e-02,2.002005708657460803e-01,1.441703221002767210e-01,1.061820448652234239e-01,6.979565418400369980e-02,4.569415063619369083e-02,2.084086835916300062e-01,1.932546206958933865e-01,1.621830492405207658e-01,1.236290364295429822e-01,6.392871917023458528e-02,-2.084318126997527776e-01,-1.936088846844492561e-01,-1.617911721843655337e-01,-1.227734721635945769e-01,-6.186894937586686488e-02
cx,-9.872000000000000219e-02,-1.234800000000000064e-01,-1.450599999999999945e-01,-1.697299999999999920e-01,-1.972099999999999964e-01,-2.162600000000000078e-01,-2.103899999999999937e-01,-1.993900000000000117e-01,-1.747700000000000087e-01,-1.332899999999999918e-01,-9.671000000000000429e-02,-1.136999999999999955e-01,-1.291700000000000070e-01,-1.239999999999999991e-01,-1.049999999999999961e-01,-9.879999999999999893e-02,-1.235300000000000009e-01,-1.451099999999999890e-01,-1.696600000000000052e-01,-1.967899999999999927e-01,-2.156200000000000061e-01,-2.098099999999999965e-01,-1.987700000000000022e-01,-1.739100000000000090e-01,-1.325199999999999989e-01,-9.615999999999999548e-02,-1.131400000000000045e-01,-1.285499999999999976e-01,-1.233999999999999958e-01,-1.045399999999999940e-01,2.394999999999999907e-02,1.026999999999999962e-02,-6.660000000000000121e-03,1.030000000000000100e-03,7.199999999999999803e-03,2.360999999999999904e-02,1.048999999999999932e-02,-6.919999999999999936e-03,7.699999999999999597e-04,6.620000000000000016e-03
cx*c/cref,-1.434982746721877034e-01,-1.670054031236808956e-01,-1.815291086252990016e-01,-1.952445993889324327e-01,-2.069276602712282476e-01,-2.109446787875133289e-01,-1.954005565438501346e-01,-1.758825486441938646e-01,-1.460134629171775666e-01,-1.051426943255140828e-01,-7.087673320066736893e-02,-7.590722677842770549e-02,-7.780539332448895007e-02,-6.659993165691772965e-02,-4.954446320529055925e-02,-1.436145617667356766e-01,-1.670730275985446989e-01,-1.815916789784719487e-01,-1.951640766648575775e-01,-2.064869644783479952e-01,-2.103204089529437937e-01,-1.948618792170027092e-01,-1.753356446863253704e-01,-1.452949667329996586e-01,-1.045352978619335793e-01,-7.047364972160245766e-02,-7.553336532727626673e-02,-7.743193707411204219e-02,-6.627767392309392991e-02,-4.932741127124833092e-02,1.846473798468311125e-02,7.425084005038627699e-03,-4.499829644816981389e-03,6.479641131815045384e-04,4.201230175480914764e-03,1.820260809262497920e-02,7.584141306022901437e-03,-4.675498669990016745e-03,4.844003564560761467e-04,3.862797744678285895e-03
cy,6.604000000000000148e-02,7.152999999999999636e-02,7.714000000000000024e-02,8.354999999999999927e-02,9.020000000000000240e-02,-6.278000000000000247e-02,-5.954000000000000264e-02,-5.444000000000000228e-02,-4.760000000000000342e-02,-6.074999999999999845e-02,-2.742100000000000093e-01,-2.167499999999999982e-01,-1.769199999999999939e-01,-1.304099999999999981e-01,-9.715000000000000024e-02,-6.590999999999999637e-02,-7.136000000000000676e-02,-7.692999999999999838e-02,-8.329000000000000292e-02,-8.991000000000000381e-02,6.237000000000000183e-02,5.890999999999999709e-02,5.369000000000000161e-02,4.703999999999999848e-02,6.044999999999999679e-02,2.731700000000000239e-01,2.159500000000000031e-01,1.762799999999999923e-01,1.299500000000000099e-01,9.683999999999999553e-02,2.703200000000000047e-01,2.672999999999999821e-01,2.400400000000000034e-01,1.965200000000000002e-01,1.095600000000000046e-01,-2.703499999999999792e-01,-2.677899999999999725e-01,-2.394600000000000062e-01,-1.951600000000000001e-01,-1.060299999999999992e-01
cy*c/cref,9.599499654934437465e-02,9.674357374017568401e-02,9.653354087519348814e-02,9.610962280648856215e-02,9.464466789952227788e-02,-6.123696908480573409e-02,-5.529801386292522436e-02,-4.802169591348570687e-02,-3.976792833356784795e-02,-4.792121449677380629e-02,-2.009627650807051802e-01,-1.447044098876359430e-01,-1.065675480914189260e-01,-7.004271844660193980e-02,-4.584042476565693136e-02,-9.580603002070392504e-02,-9.651365052563871949e-02,-9.627074539186718238e-02,-9.581053840278196121e-02,-9.434037794729543958e-02,6.083704622203461865e-02,5.471289883548748068e-02,4.736011854509639130e-02,3.930007035317292785e-02,4.768456652395022810e-02,2.002005708657460803e-01,1.441703221002767210e-01,1.061820448652234239e-01,6.979565418400369980e-02,4.569415063619369083e-02,2.084086835916300062e-01,1.932546206958933865e-01,1.621830492405207658e-01,1.236290364295429822e-01,6.392871917023458528e-02,-2.084318126997527776e-01,-1.936088846844492561e-01,-1.617911721843655337e-01,-1.227734721635945769e-01,-6.186894937586686488e-02
cz,1.485249999999999959e+00,1.568189999999999973e+00,1.653829999999999911e+00,1.741929999999999978e+00,1.830570000000000030e+00,1.840130000000000043e+00,1.721500000000000030e+00,1.546999999999999931e+00,1.324200000000000044e+00,1.017560000000000020e+00,8.584899999999999753e-01,8.037400000000000100e-01,7.618200000000000527e-01,6.979499999999999593e-01,5.678999999999999604e-01,1.483389999999999986e+00,1.565169999999999950e+00,1.649769999999999959e+00,1.736869999999999914e+00,1.824319999999999942e+00,1.832030000000000047e+00,1.708650000000000002e+00,1.530000000000000027e+00,1.309919999999999973e+00,1.013919999999999932e+00,8.554699999999999527e-01,8.008899999999999908e-01,7.590900000000000425e-01,6.954599999999999671e-01,5.658600000000000296e-01,-3.794500000000000095e-01,-3.653199999999999781e-01,-3.185299999999999798e-01,-2.377400000000000069e-01,-1.267099999999999893e-01,-3.791300000000000225e-01,-3.661099999999999910e-01,-3.182599999999999874e-01,-2.343600000000000128e-01,-1.197700000000000015e-01
cz*c/cref,2.158942589717046001e+00,2.120960504733763852e+00,2.069614543759673797e+00,2.003784982110193180e+00,1.920772613268608708e+00,1.794902579197571901e+00,1.598850031323912901e+00,1.364613585197692380e+00,1.106317031498120551e+00,8.026783707545210866e-01,6.291693380771473665e-01,5.365846477651141644e-01,4.588813559066514669e-01,3.748663088705300184e-01,2.679647681360429190e-01,2.156238914768806136e+00,2.116875986451989267e+00,2.064533831082032034e+00,1.997964339484210594e+00,1.914214640160271319e+00,1.787001664103801346e+00,1.586915542272206547e+00,1.349617831514201338e+00,1.094386652998050158e+00,7.998070420175950046e-01,6.269560433375546138e-01,5.346819600226470071e-01,4.572369437074112475e-01,3.735289392751612869e-01,2.670021899937687349e-01,-2.925446692395827220e-01,-2.641218781617050704e-01,-2.152148253398728228e-01,-1.495601827842435727e-01,-7.393581604655370676e-02,-2.922979587529397905e-01,-2.646930384697849803e-01,-2.150323998137315951e-01,-1.474338539468130205e-01,-6.988629696074294406e-02
Results_Name,VSPAERO_Comp_Load
Results_Timestamp,1749672324
Results_Date,6,11,2025
Results_Time,16,5,24
AoA,9.000000000000000000e+00,9.000000000000000000e+00,9.000000000000000000e+00,9.000000000000000000e+00,9.000000000000000000e+00,9.000000000000000000e+00,9.000000000000000000e+00,9.000000000000000000e+00,9.000000000000000000e+00
Beta,0.000000000000000000e+00,0.000000000000000000e+00,0.000000000000000000e+00,0.000000000000000000e+00,0.000000000000000000e+00,0.000000000000000000e+00,0.000000000000000000e+00,0.000000000000000000e+00,0.000000000000000000e+00
CDi,0.000000000000000000e+00,3.540000000000000091e-02,3.495999999999999802e-02,-2.880000000000000181e-03,-2.880000000000000181e-03,0.000000000000000000e+00,0.000000000000000000e+00,0.000000000000000000e+00,0.000000000000000000e+00
CFx,0.000000000000000000e+00,-8.698999999999999788e-02,-8.674999999999999378e-02,5.800000000000000034e-04,5.599999999999999509e-04,0.000000000000000000e+00,0.000000000000000000e+00,0.000000000000000000e+00,0.000000000000000000e+00
CFy,0.000000000000000000e+00,-9.310000000000000567e-03,9.159999999999999740e-03,1.666000000000000120e-02,-1.660000000000000017e-02,0.000000000000000000e+00,0.000000000000000000e+00,0.000000000000000000e+00,0.000000000000000000e+00
CFz,0.000000000000000000e+00,7.755600000000000271e-01,7.712200000000000166e-01,-2.205999999999999975e-02,-2.193000000000000158e-02,0.000000000000000000e+00,0.000000000000000000e+00,0.000000000000000000e+00,0.000000000000000000e+00
CL,0.000000000000000000e+00,7.796199999999999797e-01,7.752999999999999892e-01,-2.188000000000000014e-02,-2.173999999999999891e-02,0.000000000000000000e+00,0.000000000000000000e+00,0.000000000000000000e+00,0.000000000000000000e+00
Cmx,0.000000000000000000e+00,1.559999999999999998e-01,-1.548899999999999999e-01,-5.900000000000000296e-04,5.699999999999999772e-04,0.000000000000000000e+00,-0.000000000000000000e+00,-0.000000000000000000e+00,0.000000000000000000e+00
Cmy,0.000000000000000000e+00,-2.953399999999999914e-01,-2.932699999999999751e-01,7.295000000000000095e-02,7.244000000000000439e-02,1.628999999999999893e-02,1.621999999999999831e-02,-0.000000000000000000e+00,-0.000000000000000000e+00
Cmz,0.000000000000000000e+00,1.926999999999999894e-02,-1.919999999999999832e-02,4.629999999999999567e-03,-4.610000000000000382e-03,4.000000000000000327e-05,-4.000000000000000327e-05,1.000000000000000082e-05,2.000000000000000164e-05
Comp_ID,0,1,2,3,4,5,6,7,8
Comp_Name,NONE,main_wing,main_wing,horizontal_tail,horizontal_tail,fuselage,fuselage,fuselage,fuselage
Cs,0.000000000000000000e+00,-9.310000000000000567e-03,9.159999999999999740e-03,1.666000000000000120e-02,-1.660000000000000017e-02,0.000000000000000000e+00,0.000000000000000000e+00,0.000000000000000000e+00,0.000000000000000000e+00
Mach,1.499999999999999944e-01,1.499999999999999944e-01,1.499999999999999944e-01,1.499999999999999944e-01,1.499999999999999944e-01,1.499999999999999944e-01,1.499999999999999944e-01,1.499999999999999944e-01,1.499999999999999944e-01
Results_Name,VSPAERO_Load
Results_Timestamp,1749672324
Results_Date,6,11,2025
Results_Time,16,5,24
AnalysisMethod,0
Chord,1.735549999999999926e+00,1.614840000000000053e+00,1.494150000000000089e+00,1.373459999999999903e+00,1.252809999999999979e+00,1.164630000000000054e+00,1.108910000000000062e+00,1.053209999999999980e+00,9.975199999999999623e-01,9.418400000000000105e-01,8.750400000000000400e-01,7.971099999999999852e-01,7.191899999999999959e-01,6.412799999999999612e-01,5.633799999999999919e-01,1.735549999999999926e+00,1.614840000000000053e+00,1.494150000000000089e+00,1.373459999999999903e+00,1.252809999999999979e+00,1.164630000000000054e+00,1.108910000000000062e+00,1.053209999999999980e+00,9.975199999999999623e-01,9.418400000000000105e-01,8.750400000000000400e-01,7.971099999999999852e-01,7.191899999999999959e-01,6.412799999999999612e-01,5.633799999999999919e-01,9.205200000000000049e-01,8.632300000000000528e-01,8.067100000000000382e-01,7.511200000000000099e-01,6.966900000000000315e-01,9.205200000000000049e-01,8.632300000000000528e-01,8.067100000000000382e-01,7.511200000000000099e-01,6.966900000000000315e-01
FC_AoA_,1.000000000000000000e+01
FC_Beta_,0.000000000000000000e+00
FC_Bref_,1.417173599999999922e+01
FC_Cref_,1.193975999999999926e+00
FC_Mach_,1.499999999999999944e-01
FC_Pitch_Rate,0.000000000000000000e+00
FC_Rho_,2.377000000000000206e-03
FC_Roll__Rate,0.000000000000000000e+00
FC_Sref_,1.619368700000000061e+01
FC_Vinf_,5.100000000000000000e+01
FC_Xcg_,1.785187999999999997e+00
FC_Yaw___Rate,0.000000000000000000e+00
FC_Ycg_,-0.000000000000000000e+00
FC_Zcg_,7.542510000000000048e-01
S,3.314000000000000279e-02,8.981999999999999706e-02,1.368900000000000117e-01,1.839600000000000124e-01,2.310300000000000131e-01,2.997400000000000064e-01,4.117600000000000149e-01,5.454599999999999449e-01,6.791599999999999859e-01,8.128699999999999815e-01,9.157600000000000184e-01,9.578200000000000047e-01,9.698700000000000099e-01,9.819200000000000150e-01,9.939700000000000202e-01,3.314000000000000279e-02,8.981999999999999706e-02,1.368900000000000117e-01,1.839600000000000124e-01,2.310300000000000131e-01,2.997400000000000064e-01,4.117600000000000149e-01,5.454599999999999449e-01,6.791599999999999859e-01,8.128699999999999815e-01,9.157600000000000184e-01,9.578200000000000047e-01,9.698700000000000099e-01,9.819200000000000150e-01,9.939700000000000202e-01,1.026500000000000051e-01,3.046400000000000219e-01,5.033100000000000351e-01,7.019900000000000029e-01,9.006600000000000161e-01,1.026500000000000051e-01,3.046400000000000219e-01,5.033100000000000351e-01,7.019900000000000029e-01,9.006600000000000161e-01
V/Vref,9.706700000000000328e-01,9.761800000000000477e-01,9.851299999999999502e-01,9.872300000000000519e-01,9.957799999999999985e-01,9.993800000000000461e-01,1.000340000000000007e+00,1.000019999999999909e+00,9.977899999999999547e-01,9.966199999999999504e-01,1.015190000000000037e+00,1.013730000000000020e+00,1.014270000000000005e+00,1.014150000000000107e+00,1.017309999999999937e+00,9.708799999999999653e-01,9.763100000000000112e-01,9.851900000000000102e-01,9.872900000000000009e-01,9.958099999999999730e-01,9.994600000000000151e-01,1.000359999999999916e+00,9.999599999999999600e-01,9.975100000000000078e-01,9.964499999999999469e-01,1.014939999999999953e+00,1.013509999999999911e+00,1.014049999999999896e+00,1.013929999999999998e+00,1.017130000000000090e+00,9.649199999999999999e-01,9.736599999999999699e-01,9.847799999999999887e-01,9.929099999999999593e-01,9.892100000000000337e-01,9.643899999999999695e-01,9.734500000000000375e-01,9.847000000000000197e-01,9.928000000000000158e-01,9.895800000000000152e-01
WingId,1,1,1,1,1,1,1,1,1,1,1,1,1,1,1,2,2,2,2,2,2,2,2,2,2,2,2,2,2,2,3,3,3,3,3,4,4,4,4,4
Xavg,2.392879999999999896e+00,2.382319999999999993e+00,2.371750000000000025e+00,2.361190000000000122e+00,2.350620000000000154e+00,2.337899999999999867e+00,2.323770000000000113e+00,2.309619999999999784e+00,2.295469999999999899e+00,2.281299999999999883e+00,2.284749999999999837e+00,2.305000000000000160e+00,2.325239999999999974e+00,2.345470000000000166e+00,2.365699999999999914e+00,2.392879999999999896e+00,2.382319999999999993e+00,2.371750000000000025e+00,2.361190000000000122e+00,2.350620000000000154e+00,2.337899999999999867e+00,2.323770000000000113e+00,2.309619999999999784e+00,2.295469999999999899e+00,2.281299999999999883e+00,2.284749999999999837e+00,2.305000000000000160e+00,2.325239999999999974e+00,2.345470000000000166e+00,2.365699999999999914e+00,5.819969999999999644e+00,5.917910000000000004e+00,6.015850000000000364e+00,6.113780000000000214e+00,6.211730000000000196e+00,5.819969999999999644e+00,5.917910000000000004e+00,6.015850000000000364e+00,6.113780000000000214e+00,6.211730000000000196e+00
Yavg,1.718899999999999872e-01,5.195499999999999563e-01,8.671900000000000164e-01,1.214800000000000102e+00,1.562359999999999971e+00,2.228590000000000071e+00,3.216559999999999864e+00,4.204550000000000232e+00,5.192569999999999908e+00,6.180620000000000225e+00,6.716649999999999565e+00,6.791660000000000252e+00,6.866660000000000430e+00,6.941650000000000098e+00,7.016610000000000014e+00,-1.718899999999999872e-01,-5.195499999999999563e-01,-8.671900000000000164e-01,-1.214800000000000102e+00,-1.562359999999999971e+00,-2.228590000000000071e+00,-3.216559999999999864e+00,-4.204550000000000232e+00,-5.192569999999999908e+00,-6.180620000000000225e+00,-6.716649999999999565e+00,-6.791660000000000252e+00,-6.866660000000000430e+00,-6.941650000000000098e+00,-7.016610000000000014e+00,1.247400000000000037e-01,3.766700000000000048e-01,6.286100000000000021e-01,8.805399999999999894e-01,1.132460000000000022e+00,-1.247400000000000037e-01,-3.766700000000000048e-01,-6.286100000000000021e-01,-8.805399999999999894e-01,-1.132460000000000022e+00
Zavg,1.119259999999999922e+00,1.109900000000000109e+00,1.100540000000000074e+00,1.091180000000000039e+00,1.081830000000000069e+00,1.094910000000000050e+00,1.130849999999999911e+00,1.166740000000000110e+00,1.202599999999999891e+00,1.238469999999999960e+00,1.270329999999999959e+00,1.298289999999999944e+00,1.326240000000000085e+00,1.354190000000000005e+00,1.382130000000000081e+00,1.119259999999999922e+00,1.109900000000000109e+00,1.100540000000000074e+00,1.091180000000000039e+00,1.081830000000000069e+00,1.094910000000000050e+00,1.130849999999999911e+00,1.166740000000000110e+00,1.202599999999999891e+00,1.238469999999999960e+00,1.270329999999999959e+00,1.298289999999999944e+00,1.326240000000000085e+00,1.354190000000000005e+00,1.382130000000000081e+00,3.569700000000000095e-01,5.334799999999999542e-01,7.099999999999999645e-01,8.865300000000000402e-01,1.063090000000000090e+00,3.569700000000000095e-01,5.334799999999999542e-01,7.099999999999999645e-01,8.865300000000000402e-01,1.063090000000000090e+00
cd,1.506200000000000039e-01,1.363099999999999867e-01,1.271400000000000030e-01,1.140599999999999947e-01,9.893000000000000405e-02,8.017000000000000515e-02,6.741999999999999382e-02,5.054000000000000159e-02,4.057999999999999802e-02,3.357000000000000262e-02,4.658000000000000335e-02,1.706999999999999837e-02,-8.250000000000000389e-03,-1.339000000000000086e-02,-1.443000000000000012e-02,1.501200000000000034e-01,1.359700000000000075e-01,1.266200000000000103e-01,1.132900000000000018e-01,9.797999999999999765e-02,7.939999999999999836e-02,6.558999999999999553e-02,4.816999999999999754e-02,3.826999999999999846e-02,3.379999999999999671e-02,4.664999999999999702e-02,1.719000000000000042e-02,-8.009999999999999759e-03,-1.314000000000000064e-02,-1.430999999999999980e-02,-3.552000000000000296e-02,-4.438999999999999890e-02,-5.138000000000000206e-02,-3.411000000000000143e-02,-8.219999999999999876e-03,-3.592000000000000054e-02,-4.445000000000000340e-02,-5.197999999999999843e-02,-3.422000000000000042e-02,-8.319999999999999271e-03
cd*c/cref,2.189395272601794284e-01,1.843578433737361466e-01,1.591038940481215858e-01,1.312060272568292829e-01,1.038048447372476590e-01,7.819955099599992798e-02,6.261659547595596620e-02,4.458149359786126725e-02,3.390299436504586039e-02,2.648090815895797270e-02,3.413750628153330163e-02,1.139609816277713933e-02,-4.969377525176386402e-03,-7.191718426501035599e-03,-6.808824800498502333e-03,2.182127329192546650e-01,1.838979969446622176e-01,1.584531623751231355e-01,1.303202772920058761e-01,1.028080328247804043e-01,7.744847635128344898e-02,6.091697563435111151e-02,4.249090911375102975e-02,3.197308019591683231e-02,2.666233827145604238e-02,3.418880781523246648e-02,1.147621133088102229e-02,-4.824813815353072230e-03,-7.057444370741120486e-03,-6.752202556835313653e-03,-2.738486401736718936e-02,-3.209342541223609430e-02,-3.471490197457905574e-02,-2.145830669963215420e-02,-4.796404450340711542e-03,-2.769325212567087108e-02,-3.213680467614089820e-02,-3.512029203267067606e-02,-2.152750675055445026e-02,-4.854754869444611980e-03
cl,1.548570000000000002e+00,1.640460000000000029e+00,1.735160000000000036e+00,1.832440000000000069e+00,1.930909999999999904e+00,1.946320000000000050e+00,1.828680000000000083e+00,1.655119999999999925e+00,1.431820000000000093e+00,1.110840000000000050e+00,9.381899999999999684e-01,8.837800000000000100e-01,8.441800000000000415e-01,7.777300000000000324e-01,6.382200000000000095e-01,1.546829999999999927e+00,1.637459999999999916e+00,1.730900000000000105e+00,1.826500000000000012e+00,1.922800000000000065e+00,1.936220000000000052e+00,1.812759999999999927e+00,1.634900000000000020e+00,1.411629999999999940e+00,1.105760000000000076e+00,9.340100000000000069e-01,8.797700000000000520e-01,8.403199999999999559e-01,7.740899999999999448e-01,6.350700000000000234e-01,-3.419400000000000217e-01,-3.242599999999999927e-01,-2.793800000000000172e-01,-2.072199999999999875e-01,-1.209800000000000042e-01,-3.416100000000000247e-01,-3.262499999999999845e-01,-2.818499999999999894e-01,-2.084100000000000119e-01,-1.197000000000000008e-01
cl*c/cref,2.250983825051759979e+00,2.218704920701923822e+00,2.171391480230758564e+00,2.107900864338981606e+00,2.026056936739097036e+00,1.898482600655289732e+00,1.698393886309272682e+00,1.459986578624695941e+00,1.196229309801872143e+00,8.762601137711312216e-01,6.875797985889164909e-01,5.900201308904031716e-01,5.084908023276850653e-01,4.177158455446340901e-01,3.011454029226718343e-01,2.248454580745341325e+00,2.214647452210094958e+00,2.166060486140425123e+00,2.101067936038915285e+00,2.017547310833718743e+00,1.888630842328489212e+00,1.683608122441322186e+00,1.442150452772920088e+00,1.179361358687276651e+00,8.722528747646519642e-01,6.845163641480231931e-01,5.873430158562651382e-01,5.061657359946933887e-01,4.157608152927697032e-01,2.996590690265131252e-01,-2.636255743834047260e-01,-2.344360018961855197e-01,-1.887631240493946594e-01,-1.303603141101663532e-01,-7.059233703190015419e-02,-2.633711541940542133e-01,-2.358747474823614521e-01,-1.904319797885384580e-01,-1.311089328428712286e-01,-6.984545166737021749e-02
cmx,1.414999999999999869e-01,5.138000000000000345e-01,9.894100000000000117e-01,1.596440000000000081e+00,2.373299999999999965e+00,3.720540000000000180e+00,5.286279999999999646e+00,6.572040000000000326e+00,7.407259999999999955e+00,7.249869999999999592e+00,7.326459999999999972e+00,7.596479999999999677e+00,8.069739999999999469e+00,8.388949999999999463e+00,7.907960000000000100e+00,-1.413500000000000034e-01,-5.128599999999999826e-01,-9.869599999999999485e-01,-1.591199999999999948e+00,-2.363210000000000033e+00,-3.701070000000000082e+00,-5.239580000000000126e+00,-6.490499999999999936e+00,-7.301079999999999792e+00,-7.217190000000000438e+00,-7.294050000000000367e+00,-7.562249999999999694e+00,-8.033060000000000755e+00,-8.349990000000000023e+00,-7.869119999999999671e+00,6.873999999999999555e-02,-7.312000000000000444e-02,-2.026999999999999913e-01,-2.733599999999999919e-01,-2.381300000000000083e-01,-6.909999999999999476e-02,7.344000000000000528e-02,2.043399999999999939e-01,2.747899999999999787e-01,2.360500000000000098e-01
cmx*c/cref,2.056827984817115040e-01,6.949091037005770133e-01,1.238154662656536065e+00,1.836424251743753677e+00,2.490246012482663307e+00,3.629095141108364508e+00,4.909653757529464535e+00,5.797217237532413137e+00,6.188474471178650127e+00,5.718890129114822862e+00,5.369409065508855328e+00,5.071483993648112865e+00,4.860798132123258952e+00,4.505673360268548144e+00,3.731386983322948048e+00,-2.054647601794341027e-01,-6.936377635731372227e-01,-1.235088715351062350e+00,-1.830396550684435741e+00,-2.479658820696563737e+00,-3.610103682234818923e+00,-4.866280945178128370e+00,-5.725290546041127193e+00,-6.099765256253056656e+00,-5.693111276608576077e+00,-5.345656455406139429e+00,-5.048631712446480790e+00,-4.838703978471929901e+00,-4.484748091418922833e+00,-3.713060250457295375e+00,5.299649641198818373e-02,-5.286486294531884261e-02,-1.369542746252856158e-01,-1.719684174556272427e-01,-1.389498530121208719e-01,-5.327404570946149553e-02,5.309621901947778749e-02,1.380623407840693706e-01,1.728680181176170949e-01,1.377361642947597109e-01
cmy,-4.660500000000000198e-01,-5.190399999999999459e-01,-5.744299999999999962e-01,-6.463299999999999601e-01,-7.343100000000000183e-01,-7.758899999999999686e-01,-7.271199999999999886e-01,-6.533799999999999608e-01,-5.528800000000000381e-01,-3.903499999999999748e-01,-3.583899999999999864e-01,-4.195499999999999785e-01,-5.109000000000000208e-01,-5.886400000000000521e-01,-6.190299999999999692e-01,-4.658700000000000063e-01,-5.182200000000000140e-01,-5.730600000000000138e-01,-6.440799999999999859e-01,-7.307299999999999907e-01,-7.713299999999999601e-01,-7.187999999999999945e-01,-6.420200000000000351e-01,-5.401200000000000445e-01,-3.880700000000000260e-01,-3.564399999999999791e-01,-4.172399999999999998e-01,-5.081099999999999506e-01,-5.853599999999999914e-01,-6.154899999999999816e-01,1.402630000000000043e+00,1.475319999999999965e+00,1.411829999999999918e+00,1.147380000000000067e+00,7.419599999999999529e-01,1.399690000000000101e+00,1.482269999999999976e+00,1.422909999999999897e+00,1.153459999999999930e+00,7.345399999999999707e-01
cmy*c/cref,-6.774450051759834945e-01,-7.019961486663048866e-01,-7.188457594625018432e-01,-7.434893178757361332e-01,-7.704936373092927671e-01,-7.568198780377495272e-01,-6.753156170643296319e-01,-5.763485612776135802e-01,-4.619095003584661741e-01,-3.079184539722741309e-01,-2.626565237492211047e-01,-2.800956639831956307e-01,-3.077399972863776312e-01,-3.161563207300649436e-01,-2.920905624568668202e-01,-6.771833592132504576e-01,-7.008871072785383127e-01,-7.171313317855636527e-01,-7.409010874590443718e-01,-7.667372303128371369e-01,-7.523719554664415332e-01,-6.675883836861042919e-01,-5.663278694044102668e-01,-4.512490220908963456e-01,-3.061199293788150477e-01,-2.612274095961727993e-01,-2.785534854971959406e-01,-3.060594441596816151e-01,-3.143946451184948532e-01,-2.904202062688027164e-01,1.081386030874992521e+00,1.066638260400544214e+00,9.539030761924862656e-01,7.218068584293152457e-01,4.329367695833082341e-01,1.079119378278960539e+00,1.071663025136183611e+00,9.613892792652448671e-01,7.256317339712020642e-01,4.286071684857987729e-01
cmz,3.314999999999999891e-02,7.180999999999999883e-02,1.277899999999999869e-01,2.108599999999999919e-01,3.295199999999999796e-01,4.746900000000000008e-01,7.094099999999999850e-01,9.323200000000000376e-01,1.073490000000000055e+00,1.025779999999999914e+00,7.593999999999999639e-01,1.034540000000000015e+00,1.352659999999999973e+00,1.495989999999999931e+00,1.455470000000000041e+00,-3.314000000000000279e-02,-7.172000000000000597e-02,-1.276200000000000112e-01,-2.105599999999999972e-01,-3.288200000000000012e-01,-4.730900000000000105e-01,-7.071100000000000163e-01,-9.282000000000000250e-01,-1.067649999999999988e+00,-1.018680000000000030e+00,-7.542799999999999505e-01,-1.028559999999999919e+00,-1.344910000000000050e+00,-1.487270000000000092e+00,-1.447899999999999965e+00,9.921400000000000219e-01,1.063890000000000002e+00,1.055069999999999952e+00,9.069000000000000394e-01,5.539899999999999824e-01,-9.914500000000000535e-01,-1.068189999999999973e+00,-1.061190000000000078e+00,-9.101099999999999746e-01,-5.514000000000000012e-01
cmz*c/cref,4.818646480331262305e-02,9.712227079941306018e-02,1.599173086393696486e-01,2.425574514060583886e-01,3.457573277854831262e-01,4.630228871434601823e-01,6.588673835152465408e-01,8.224024161289674728e-01,8.968586845966753929e-01,8.091625252098869625e-01,5.565483527307082401e-01,6.906689744182462620e-01,8.147731155400108616e-01,8.034905787050995452e-01,6.867664748705166744e-01,-4.817192891649413333e-02,-9.700054674465820315e-02,-1.597045694385817172e-01,-2.422123540171661482e-01,-3.450228347973494092e-01,-4.614622125570363442e-01,-6.567312492880930108e-01,-8.187681511186155614e-01,-8.919795942296997460e-01,-8.035618565197291119e-01,-5.527960119801403893e-01,-6.866766682077360962e-01,-8.101049124102998045e-01,-7.988070996401938073e-01,-6.831945549994304923e-01,7.649104444310439455e-01,7.691794179279985988e-01,7.128581476512091397e-01,5.705229652857344291e-01,3.232554867937044163e-01,-7.643784749442200654e-01,-7.722882651745094362e-01,-7.169931262437436725e-01,-5.725423485899213683e-01,-3.217442109389134219e-01
cs,6.987000000000000155e-02,7.606000000000000261e-02,8.247000000000000164e-02,8.966000000000000358e-02,9.718000000000000249e-02,-6.580999999999999350e-02,-6.263000000000000511e-02,-5.748999999999999944e-02,-5.054000000000000159e-02,-6.723999999999999422e-02,-2.916300000000000003e-01,-2.265099999999999891e-01,-1.821399999999999963e-01,-1.307699999999999974e-01,-9.739000000000000434e-02,-6.973999999999999644e-02,-7.588999999999999913e-02,-8.225999999999999979e-02,-8.935999999999999499e-02,-9.676999999999999491e-02,6.528000000000000469e-02,6.185000000000000220e-02,5.657999999999999835e-02,4.970999999999999724e-02,6.676999999999999602e-02,2.901900000000000035e-01,2.253799999999999970e-01,1.812400000000000122e-01,1.301799999999999902e-01,9.697999999999999676e-02,2.429600000000000093e-01,2.377100000000000046e-01,2.128700000000000037e-01,1.663499999999999979e-01,9.414000000000000146e-02,-2.431200000000000028e-01,-2.389999999999999902e-01,-2.143500000000000127e-01,-1.670099999999999918e-01,-9.359000000000000652e-02
cs*c/cref,1.015622412008281572e-01,1.028703511628374506e-01,1.032035405234276171e-01,1.031381062935938370e-01,1.019686122669132555e-01,-6.419249658284588433e-02,-5.816786375940555948e-02,-5.071211054493558051e-02,-4.222418273064115074e-02,-5.304069897552379786e-02,-2.137295181812700062e-01,-1.512202808934182963e-01,-1.097118087800759839e-01,-7.023607308689622242e-02,-4.595366925298331046e-02,-1.013732746721877076e-01,-1.026404279483004722e-01,-1.029407450401013252e-01,-1.027930089047015966e-01,-1.015384092310063213e-01,6.367552312609299492e-02,5.744343563019693039e-02,4.990939667128987955e-02,4.153075036684154148e-02,5.266995048476686564e-02,2.126741723451728017e-01,1.504658818937734122e-01,1.091696948682385759e-01,6.991918631530281980e-02,4.576020992046741370e-02,1.873149369836579758e-01,1.718614137135084929e-01,1.438256361099385650e-01,1.046493497356730806e-01,5.493108454441296418e-02,-1.874382922269794693e-01,-1.727940678874617386e-01,-1.448255982532312414e-01,-1.050645500412068639e-01,-5.461015723934150440e-02
cx,-1.205800000000000066e-01,-1.506299999999999861e-01,-1.761000000000000065e-01,-2.058800000000000074e-01,-2.378699999999999981e-01,-2.590199999999999725e-01,-2.511499999999999844e-01,-2.376399999999999901e-01,-2.086699999999999944e-01,-1.598400000000000098e-01,-1.170400000000000051e-01,-1.366600000000000037e-01,-1.547199999999999964e-01,-1.482300000000000006e-01,-1.250300000000000022e-01,-1.207600000000000062e-01,-1.504399999999999904e-01,-1.758699999999999986e-01,-2.056000000000000050e-01,-2.373999999999999999e-01,-2.580299999999999816e-01,-2.501900000000000235e-01,-2.364600000000000035e-01,-2.074400000000000133e-01,-1.587300000000000100e-01,-1.162500000000000061e-01,-1.358399999999999885e-01,-1.538100000000000023e-01,-1.473599999999999910e-01,-1.243699999999999944e-01,2.440000000000000155e-02,1.259000000000000050e-02,-2.089999999999999844e-03,2.390000000000000197e-03,1.290999999999999960e-02,2.393999999999999947e-02,1.288000000000000082e-02,-2.249999999999999830e-03,2.490000000000000026e-03,1.260000000000000009e-02
cx*c/cref,-1.752737232574189119e-01,-2.037254929747331633e-01,-2.203727838750527968e-01,-2.368288347504472480e-01,-2.495912101248266568e-01,-2.526537071096906506e-01,-2.332565700650599538e-01,-2.096229944320489036e-01,-1.743355799446554832e-01,-1.260860399204004334e-01,-8.577616434501197928e-02,-9.123554627563702779e-02,-9.319540493276247395e-02,-7.961377314116867276e-02,-5.899565937673789673e-02,-1.755353692201518379e-01,-2.034685199702506719e-01,-2.200849602504573177e-01,-2.365067438541478273e-01,-2.490980505470797024e-01,-2.516880397093408939e-01,-2.323649662137262928e-01,-2.085821127057830571e-01,-1.733079633091452465e-01,-1.252104424209531941e-01,-8.519718989326420522e-02,-9.068810629359383424e-02,-9.264726753301574802e-02,-7.914649942712416453e-02,-5.868423703659034901e-02,1.881167460652475795e-02,9.102415542690976344e-03,-1.412108702352476118e-03,1.503528379129898986e-03,7.533039106313695749e-03,1.845702828197551965e-02,9.312081984897521009e-03,-1.520212717843574682e-03,1.566437516331986666e-03,7.352152807091600836e-03
cy,6.987000000000000155e-02,7.606000000000000261e-02,8.247000000000000164e-02,8.966000000000000358e-02,9.718000000000000249e-02,-6.580999999999999350e-02,-6.263000000000000511e-02,-5.748999999999999944e-02,-5.054000000000000159e-02,-6.723999999999999422e-02,-2.916300000000000003e-01,-2.265099999999999891e-01,-1.821399999999999963e-01,-1.307699999999999974e-01,-9.739000000000000434e-02,-6.973999999999999644e-02,-7.588999999999999913e-02,-8.225999999999999979e-02,-8.935999999999999499e-02,-9.676999999999999491e-02,6.528000000000000469e-02,6.185000000000000220e-02,5.657999999999999835e-02,4.970999999999999724e-02,6.676999999999999602e-02,2.901900000000000035e-01,2.253799999999999970e-01,1.812400000000000122e-01,1.301799999999999902e-01,9.697999999999999676e-02,2.429600000000000093e-01,2.377100000000000046e-01,2.128700000000000037e-01,1.663499999999999979e-01,9.414000000000000146e-02,-2.431200000000000028e-01,-2.389999999999999902e-01,-2.143500000000000127e-01,-1.670099999999999918e-01,-9.359000000000000652e-02
cy*c/cref,1.015622412008281572e-01,1.028703511628374506e-01,1.032035405234276171e-01,1.031381062935938370e-01,1.019686122669132555e-01,-6.419249658284588433e-02,-5.816786375940555948e-02,-5.071211054493558051e-02,-4.222418273064115074e-02,-5.304069897552379786e-02,-2.137295181812700062e-01,-1.512202808934182963e-01,-1.097118087800759839e-01,-7.023607308689622242e-02,-4.595366925298331046e-02,-1.013732746721877076e-01,-1.026404279483004722e-01,-1.029407450401013252e-01,-1.027930089047015966e-01,-1.015384092310063213e-01,6.367552312609299492e-02,5.744343563019693039e-02,4.990939667128987955e-02,4.153075036684154148e-02,5.266995048476686564e-02,2.126741723451728017e-01,1.504658818937734122e-01,1.091696948682385759e-01,6.991918631530281980e-02,4.576020992046741370e-02,1.873149369836579758e-01,1.718614137135084929e-01,1.438256361099385650e-01,1.046493497356730806e-01,5.493108454441296418e-02,-1.874382922269794693e-01,-1.727940678874617386e-01,-1.448255982532312414e-01,-1.050645500412068639e-01,-5.461015723934150440e-02
cz,1.551199999999999912e+00,1.639210000000000056e+00,1.730869999999999909e+00,1.824410000000000087e+00,1.918749999999999956e+00,1.930670000000000108e+00,1.812610000000000054e+00,1.638749999999999929e+00,1.417119999999999935e+00,1.099790000000000045e+00,9.320300000000000251e-01,8.733100000000000307e-01,8.299199999999999910e-01,7.635899999999999910e-01,6.260200000000000209e-01,1.549400000000000110e+00,1.636190000000000033e+00,1.726590000000000069e+00,1.818419999999999925e+00,1.910600000000000076e+00,1.920590000000000019e+00,1.796610000000000040e+00,1.618430000000000035e+00,1.396830000000000016e+00,1.094829999999999970e+00,9.279199999999999671e-01,8.693800000000000416e-01,8.261600000000000055e-01,7.600500000000000034e-01,6.229400000000000492e-01,-3.429099999999999926e-01,-3.270399999999999974e-01,-2.840599999999999792e-01,-2.099999999999999922e-01,-1.205699999999999966e-01,-3.426600000000000201e-01,-3.290100000000000247e-01,-2.866000000000000214e-01,-2.111800000000000066e-01,-1.193300000000000055e-01
cz*c/cref,2.254806763285023941e+00,2.217014308830328684e+00,2.166022943928521460e+00,2.098663757562965859e+00,2.013297744259516353e+00,1.883217252356831573e+00,1.683468809339551342e+00,1.445546549930651903e+00,1.183948037816505483e+00,8.675435801054628415e-01,6.830652636233894848e-01,5.830302569733395446e-01,4.999013085690164893e-01,4.101213049508533048e-01,2.953888081502475949e-01,2.252190303657695125e+00,2.212929790548554099e+00,2.160666921696918763e+00,2.091773313031417558e+00,2.004746147326244898e+00,1.873385002462361282e+00,1.668608745150656381e+00,1.427622213763090953e+00,1.166996540633982615e+00,8.636310002881130155e-01,6.800531307161953309e-01,5.804065507179374528e-01,4.976364771151179367e-01,4.082199843212929169e-01,2.939355038962257471e-01,-2.643734155460411572e-01,-2.364459077904413620e-01,-1.919251665025092646e-01,-1.321091881243844079e-01,-7.035310031357415450e-02,-2.641806729783513497e-01,-2.378701936219823898e-01,-1.936413177484304915e-01,-1.328515159433690529e-01,-6.962955511668578179e-02
Results_Name,VSPAERO_Comp_Load
Results_Timestamp,1749672324
Results_Date,6,11,2025
Results_Time,16,5,24
AoA,1.000000000000000000e+01,1.000000000000000000e+01,1.000000000000000000e+01,1.000000000000000000e+01,1.000000000000000000e+01,1.000000000000000000e+01,1.000000000000000000e+01,1.000000000000000000e+01,1.000000000000000000e+01
Beta,0.000000000000000000e+00,0.000000000000000000e+00,0.000000000000000000e+00,0.000000000000000000e+00,0.000000000000000000e+00,0.000000000000000000e+00,0.000000000000000000e+00,0.000000000000000000e+00,0.000000000000000000e+00
CDi,0.000000000000000000e+00,3.928999999999999854e-02,3.873000000000000054e-02,-2.670000000000000064e-03,-2.690000000000000117e-03,0.000000000000000000e+00,0.000000000000000000e+00,0.000000000000000000e+00,0.000000000000000000e+00
CFx,0.000000000000000000e+00,-1.044199999999999989e-01,-1.040299999999999975e-01,7.900000000000000121e-04,7.799999999999999859e-04,0.000000000000000000e+00,0.000000000000000000e+00,0.000000000000000000e+00,0.000000000000000000e+00
CFy,0.000000000000000000e+00,-9.759999999999999579e-03,9.560000000000000789e-03,1.468999999999999993e-02,-1.473999999999999963e-02,0.000000000000000000e+00,0.000000000000000000e+00,0.000000000000000000e+00,0.000000000000000000e+00
CFz,0.000000000000000000e+00,8.184900000000000508e-01,8.130199999999999649e-01,-1.984000000000000000e-02,-1.991000000000000061e-02,0.000000000000000000e+00,0.000000000000000000e+00,0.000000000000000000e+00,0.000000000000000000e+00
CL,0.000000000000000000e+00,8.241800000000000237e-01,8.187299999999999578e-01,-1.967999999999999958e-02,-1.974000000000000060e-02,0.000000000000000000e+00,0.000000000000000000e+00,0.000000000000000000e+00,0.000000000000000000e+00
Cmx,0.000000000000000000e+00,1.657399999999999984e-01,-1.643100000000000116e-01,-5.299999999999999807e-04,5.299999999999999807e-04,1.000000000000000082e-05,-1.000000000000000082e-05,-0.000000000000000000e+00,0.000000000000000000e+00
Cmy,0.000000000000000000e+00,-3.082300000000000040e-01,-3.056499999999999773e-01,6.554000000000000103e-02,6.569999999999999452e-02,1.879000000000000115e-02,1.867999999999999869e-02,-0.000000000000000000e+00,0.000000000000000000e+00
Cmz,0.000000000000000000e+00,2.305000000000000104e-02,-2.293999999999999859e-02,4.060000000000000241e-03,-4.069999999999999833e-03,4.000000000000000327e-05,-3.000000000000000076e-05,0.000000000000000000e+00,2.000000000000000164e-05
Comp_ID,0,1,2,3,4,5,6,7,8
Comp_Name,NONE,main_wing,main_wing,horizontal_tail,horizontal_tail,fuselage,fuselage,fuselage,fuselage
Cs,0.000000000000000000e+00,-9.759999999999999579e-03,9.560000000000000789e-03,1.468999999999999993e-02,-1.473999999999999963e-02,0.000000000000000000e+00,0.000000000000000000e+00,0.000000000000000000e+00,0.000000000000000000e+00
Mach,1.499999999999999944e-01,1.499999999999999944e-01,1.499999999999999944e-01,1.499999999999999944e-01,1.499999999999999944e-01,1.499999999999999944e-01,1.499999999999999944e-01,1.499999999999999944e-01,1.499999999999999944e-01
Results_Name,VSPAERO_Load
Results_Timestamp,1749672324
Results_Date,6,11,2025
Results_Time,16,5,24
AnalysisMethod,0
Chord,1.735549999999999926e+00,1.614840000000000053e+00,1.494150000000000089e+00,1.373459999999999903e+00,1.252809999999999979e+00,1.164630000000000054e+00,1.108910000000000062e+00,1.053209999999999980e+00,9.975199999999999623e-01,9.418400000000000105e-01,8.750400000000000400e-01,7.971099999999999852e-01,7.191899999999999959e-01,6.412799999999999612e-01,5.633799999999999919e-01,1.735549999999999926e+00,1.614840000000000053e+00,1.494150000000000089e+00,1.373459999999999903e+00,1.252809999999999979e+00,1.164630000000000054e+00,1.108910000000000062e+00,1.053209999999999980e+00,9.975199999999999623e-01,9.418400000000000105e-01,8.750400000000000400e-01,7.971099999999999852e-01,7.191899999999999959e-01,6.412799999999999612e-01,5.633799999999999919e-01,9.205200000000000049e-01,8.632300000000000528e-01,8.067100000000000382e-01,7.511200000000000099e-01,6.966900000000000315e-01,9.205200000000000049e-01,8.632300000000000528e-01,8.067100000000000382e-01,7.511200000000000099e-01,6.966900000000000315e-01
FC_AoA_,1.100000000000000000e+01
FC_Beta_,0.000000000000000000e+00
FC_Bref_,1.417173599999999922e+01
FC_Cref_,1.193975999999999926e+00
FC_Mach_,1.499999999999999944e-01
FC_Pitch_Rate,0.000000000000000000e+00
FC_Rho_,2.377000000000000206e-03
FC_Roll__Rate,0.000000000000000000e+00
FC_Sref_,1.619368700000000061e+01
FC_Vinf_,5.100000000000000000e+01
FC_Xcg_,1.785187999999999997e+00
FC_Yaw___Rate,0.000000000000000000e+00
FC_Ycg_,-0.000000000000000000e+00
FC_Zcg_,7.542510000000000048e-01
S,3.314000000000000279e-02,8.981999999999999706e-02,1.368900000000000117e-01,1.839600000000000124e-01,2.310300000000000131e-01,2.997400000000000064e-01,4.117600000000000149e-01,5.454599999999999449e-01,6.791599999999999859e-01,8.128699999999999815e-01,9.157600000000000184e-01,9.578200000000000047e-01,9.698700000000000099e-01,9.819200000000000150e-01,9.939700000000000202e-01,3.314000000000000279e-02,8.981999999999999706e-02,1.368900000000000117e-01,1.839600000000000124e-01,2.310300000000000131e-01,2.997400000000000064e-01,4.117600000000000149e-01,5.454599999999999449e-01,6.791599999999999859e-01,8.128699999999999815e-01,9.157600000000000184e-01,9.578200000000000047e-01,9.698700000000000099e-01,9.819200000000000150e-01,9.939700000000000202e-01,1.026500000000000051e-01,3.046400000000000219e-01,5.033100000000000351e-01,7.019900000000000029e-01,9.006600000000000161e-01,1.026500000000000051e-01,3.046400000000000219e-01,5.033100000000000351e-01,7.019900000000000029e-01,9.006600000000000161e-01
V/Vref,9.699999999999999734e-01,9.757500000000000062e-01,9.852999999999999536e-01,9.874800000000000244e-01,9.964300000000000379e-01,9.999599999999999600e-01,9.999299999999999855e-01,9.990999999999999881e-01,9.958900000000000530e-01,9.950099999999999500e-01,1.014969999999999928e+00,1.013540000000000108e+00,1.014240000000000030e+00,1.014219999999999899e+00,1.017560000000000020e+00,9.700999999999999623e-01,9.757799999999999807e-01,9.852899999999999991e-01,9.875699999999999479e-01,9.964899999999999869e-01,1.000019999999999909e+00,9.999099999999999655e-01,9.990400000000000391e-01,9.957399999999999585e-01,9.948299999999999921e-01,1.014659999999999895e+00,1.013260000000000050e+00,1.013949999999999907e+00,1.013910000000000089e+00,1.017400000000000082e+00,9.651199999999999779e-01,9.745700000000000474e-01,9.854000000000000536e-01,9.932600000000000318e-01,9.907700000000000395e-01,9.648099999999999454e-01,9.744599999999999929e-01,9.853499999999999481e-01,9.929200000000000248e-01,9.908900000000000485e-01
WingId,1,1,1,1,1,1,1,1,1,1,1,1,1,1,1,2,2,2,2,2,2,2,2,2,2,2,2,2,2,2,3,3,3,3,3,4,4,4,4,4
Xavg,2.392879999999999896e+00,2.382319999999999993e+00,2.371750000000000025e+00,2.361190000000000122e+00,2.350620000000000154e+00,2.337899999999999867e+00,2.323770000000000113e+00,2.309619999999999784e+00,2.295469999999999899e+00,2.281299999999999883e+00,2.284749999999999837e+00,2.305000000000000160e+00,2.325239999999999974e+00,2.345470000000000166e+00,2.365699999999999914e+00,2.392879999999999896e+00,2.382319999999999993e+00,2.371750000000000025e+00,2.361190000000000122e+00,2.350620000000000154e+00,2.337899999999999867e+00,2.323770000000000113e+00,2.309619999999999784e+00,2.295469999999999899e+00,2.281299999999999883e+00,2.284749999999999837e+00,2.305000000000000160e+00,2.325239999999999974e+00,2.345470000000000166e+00,2.365699999999999914e+00,5.819969999999999644e+00,5.917910000000000004e+00,6.015850000000000364e+00,6.113780000000000214e+00,6.211730000000000196e+00,5.819969999999999644e+00,5.917910000000000004e+00,6.015850000000000364e+00,6.113780000000000214e+00,6.211730000000000196e+00
Yavg,1.718899999999999872e-01,5.195499999999999563e-01,8.671900000000000164e-01,1.214800000000000102e+00,1.562359999999999971e+00,2.228590000000000071e+00,3.216559999999999864e+00,4.204550000000000232e+00,5.192569999999999908e+00,6.180620000000000225e+00,6.716649999999999565e+00,6.791660000000000252e+00,6.866660000000000430e+00,6.941650000000000098e+00,7.016610000000000014e+00,-1.718899999999999872e-01,-5.195499999999999563e-01,-8.671900000000000164e-01,-1.214800000000000102e+00,-1.562359999999999971e+00,-2.228590000000000071e+00,-3.216559999999999864e+00,-4.204550000000000232e+00,-5.192569999999999908e+00,-6.180620000000000225e+00,-6.716649999999999565e+00,-6.791660000000000252e+00,-6.866660000000000430e+00,-6.941650000000000098e+00,-7.016610000000000014e+00,1.247400000000000037e-01,3.766700000000000048e-01,6.286100000000000021e-01,8.805399999999999894e-01,1.132460000000000022e+00,-1.247400000000000037e-01,-3.766700000000000048e-01,-6.286100000000000021e-01,-8.805399999999999894e-01,-1.132460000000000022e+00
Zavg,1.119259999999999922e+00,1.109900000000000109e+00,1.100540000000000074e+00,1.091180000000000039e+00,1.081830000000000069e+00,1.094910000000000050e+00,1.130849999999999911e+00,1.166740000000000110e+00,1.202599999999999891e+00,1.238469999999999960e+00,1.270329999999999959e+00,1.298289999999999944e+00,1.326240000000000085e+00,1.354190000000000005e+00,1.382130000000000081e+00,1.119259999999999922e+00,1.109900000000000109e+00,1.100540000000000074e+00,1.091180000000000039e+00,1.081830000000000069e+00,1.094910000000000050e+00,1.130849999999999911e+00,1.166740000000000110e+00,1.202599999999999891e+00,1.238469999999999960e+00,1.270329999999999959e+00,1.298289999999999944e+00,1.326240000000000085e+00,1.354190000000000005e+00,1.382130000000000081e+00,3.569700000000000095e-01,5.334799999999999542e-01,7.099999999999999645e-01,8.865300000000000402e-01,1.063090000000000090e+00,3.569700000000000095e-01,5.334799999999999542e-01,7.099999999999999645e-01,8.865300000000000402e-01,1.063090000000000090e+00
cd,1.670599999999999863e-01,1.498400000000000010e-01,1.391999999999999904e-01,1.235499999999999932e-01,1.067400000000000015e-01,8.676000000000000378e-02,7.378999999999999448e-02,5.675999999999999795e-02,4.676999999999999907e-02,3.980000000000000204e-02,5.471000000000000169e-02,2.084000000000000088e-02,-7.969999999999999654e-03,-1.319000000000000034e-02,-1.366999999999999986e-02,1.670599999999999863e-01,1.496899999999999897e-01,1.387700000000000045e-01,1.230099999999999943e-01,1.064500000000000030e-01,8.656999999999999418e-02,7.247000000000000663e-02,5.473000000000000087e-02,4.503000000000000058e-02,3.991999999999999715e-02,5.471000000000000169e-02,2.088999999999999885e-02,-7.810000000000000102e-03,-1.305000000000000084e-02,-1.359999999999999924e-02,-3.461999999999999800e-02,-4.098999999999999866e-02,-4.551000000000000184e-02,-3.031000000000000014e-02,-9.069999999999999937e-03,-3.474000000000000005e-02,-4.121999999999999970e-02,-4.606999999999999984e-02,-3.074999999999999956e-02,-9.409999999999999962e-03
cd*c/cref,2.428365251897860178e-01,2.026570262718848936e-01,1.741958632334318358e-01,1.421226079921204255e-01,1.119996879334258094e-01,8.462757944883314565e-02,6.853275853115975425e-02,5.006817523970331224e-02,3.907449596976823869e-02,3.139529772792753332e-02,4.009581298116545595e-02,1.391298686070741898e-02,-4.800719863715853346e-03,-7.084299181893103509e-03,-6.450217257298304467e-03,2.428365251897860178e-01,2.024541528472934282e-01,1.736577581961446792e-01,1.415014326921144039e-01,1.116953979811989711e-01,8.444224934169530794e-02,6.730680323557593214e-02,4.827750582926290668e-02,3.762079438782688773e-02,3.148995691705695765e-02,4.009581298116545595e-02,1.394636734741736689e-02,-4.704344057166978676e-03,-7.009105710667551566e-03,-6.417187615161443898e-03,-2.669099077368389597e-02,-2.963526712429730842e-02,-3.074883590624937629e-02,-1.906775948595281628e-02,-5.292383012723874368e-03,-2.678350720617500222e-02,-2.980155430259905092e-02,-3.112719996046822007e-02,-1.934455968964200398e-02,-5.490774437677140539e-03
cl,1.615250000000000075e+00,1.713240000000000096e+00,1.814759999999999929e+00,1.918830000000000036e+00,2.024490000000000123e+00,2.043050000000000033e+00,1.923659999999999926e+00,1.749069999999999903e+00,1.521209999999999951e+00,1.190029999999999921e+00,1.009109999999999951e+00,9.521399999999999864e-01,9.125900000000000123e-01,8.442100000000000160e-01,6.969600000000000239e-01,1.614149999999999974e+00,1.711230000000000029e+00,1.811779999999999946e+00,1.914900000000000047e+00,2.019709999999999894e+00,2.036960000000000104e+00,1.912290000000000045e+00,1.733389999999999986e+00,1.506329999999999947e+00,1.185619999999999896e+00,1.005419999999999980e+00,9.486200000000000188e-01,9.091799999999999882e-01,8.408299999999999663e-01,6.941399999999999793e-01,-3.046300000000000119e-01,-2.853100000000000080e-01,-2.430100000000000038e-01,-1.745500000000000107e-01,-9.270000000000000462e-02,-3.063199999999999812e-01,-2.871699999999999808e-01,-2.451699999999999990e-01,-1.779900000000000093e-01,-9.671000000000000429e-02
cl*c/cref,2.347909118357487834e+00,2.317139106313695240e+00,2.271003482482059965e+00,2.207277409093650000e+00,2.124248156495608164e+00,1.992835133620776356e+00,1.786606942350600136e+00,1.542860170304930723e+00,1.270911139922410449e+00,9.387272903307939398e-01,7.395555810167039335e-01,6.356579323202475873e-01,5.496974831152385832e-01,4.534220024523106241e-01,3.288619911958029496e-01,2.346310170807453410e+00,2.314420602424169360e+00,2.267274289432953616e+00,2.202756633299161937e+00,2.119232618662351797e+00,1.986894815976200768e+00,1.776047009236366714e+00,1.529028792789804969e+00,1.258479485014774024e+00,9.352485651302873126e-01,7.368512573117048658e-01,6.333079460558671547e-01,5.476434737381655760e-01,4.516066172184365346e-01,3.275313684697179761e-01,-2.348606735813785484e-01,-2.062756297446514953e-01,-1.641897300280742711e-01,-1.098078989862442956e-01,-5.409083850931678539e-02,-2.361636133389616032e-01,-2.076203869257003398e-01,-1.656491342372041209e-01,-1.119719733059961059e-01,-5.643069031538323899e-02
cmx,1.474600000000000077e-01,5.359399999999999720e-01,1.033230000000000093e+00,1.668460000000000054e+00,2.482730000000000103e+00,3.896619999999999973e+00,5.548099999999999810e+00,6.928980000000000139e+00,7.851820000000000022e+00,7.751100000000000101e+00,7.864250000000000185e+00,8.157270000000000465e+00,8.685790000000000788e+00,9.063480000000000203e+00,8.596849999999999881e+00,-1.473599999999999910e-01,-5.353099999999999525e-01,-1.031509999999999927e+00,-1.665000000000000036e+00,-2.476850000000000218e+00,-3.884990000000000165e+00,-5.514770000000000394e+00,-6.865669999999999717e+00,-7.773659999999999570e+00,-7.722749999999999559e+00,-7.835689999999999600e+00,-8.127240000000000464e+00,-8.653560000000000585e+00,-9.027290000000000703e+00,-8.562239999999999185e+00,6.094999999999999724e-02,-6.461999999999999689e-02,-1.765599999999999947e-01,-2.291900000000000048e-01,-1.832399999999999862e-01,-6.140999999999999931e-02,6.494999999999999385e-02,1.780599999999999961e-01,2.335200000000000053e-01,1.907800000000000051e-01
cmx*c/cref,2.143461870255348456e-01,7.248532211702748418e-01,1.292991320177290238e+00,1.919270631570483721e+00,2.605068252041917276e+00,3.800847379344308496e+00,5.152820132900494343e+00,6.112075138696256182e+00,6.559886870757870803e+00,6.114273673842690826e+00,5.763544091338520303e+00,5.445872856489577529e+00,5.231875104775975949e+00,4.867960875595489512e+00,4.056441128632401139e+00,-2.142008281573498651e-01,-7.240011527869907315e-01,-1.290838900028141278e+00,-1.915290508351926713e+00,-2.598898510941594076e+00,-3.789503225944240494e+00,-5.121864761687002776e+00,-6.056229187772618872e+00,-6.494587264065608601e+00,-6.091910440410862826e+00,-5.742613065589258881e+00,-5.425824536171581336e+00,-5.212461403244287084e+00,-4.848523363283684162e+00,-4.040110329855876259e+00,4.699063800277392816e-02,-4.671946722547187097e-02,-1.192927810944273692e-01,-1.441814515534650676e-01,-1.069213079659892818e-01,-4.734528432732316994e-02,4.695805317694828201e-02,1.203062562396564200e-01,1.469054171943154630e-01,1.113209295664234627e-01
cmy,-4.744700000000000029e-01,-5.304200000000000026e-01,-5.889900000000000135e-01,-6.656400000000000095e-01,-7.592999999999999750e-01,-8.058899999999999952e-01,-7.591700000000000115e-01,-6.879899999999999904e-01,-5.881899999999999906e-01,-4.229200000000000181e-01,-3.900899999999999923e-01,-4.586200000000000276e-01,-5.616299999999999626e-01,-6.504199999999999982e-01,-6.879800000000000360e-01,-4.742199999999999749e-01,-5.297600000000000087e-01,-5.879199999999999982e-01,-6.641099999999999781e-01,-7.572799999999999532e-01,-8.032299999999999995e-01,-7.531600000000000517e-01,-6.790199999999999569e-01,-5.788499999999999757e-01,-4.208600000000000119e-01,-3.882900000000000240e-01,-4.565500000000000114e-01,-5.591300000000000159e-01,-6.472700000000000120e-01,-6.847699999999999898e-01,1.246850000000000014e+00,1.295889999999999986e+00,1.227500000000000036e+00,9.658400000000000318e-01,5.656900000000000261e-01,1.252769999999999939e+00,1.303150000000000031e+00,1.237589999999999968e+00,9.848299999999999832e-01,5.887099999999999556e-01
cmy*c/cref,-6.896842218771566113e-01,-7.173874791453095368e-01,-7.370662463064585612e-01,-7.657020864740999855e-01,-7.967150369856681458e-01,-7.860825265331966571e-01,-7.050821831427097619e-01,-6.068781515708858709e-01,-4.914096169437241479e-01,-3.336105355551535756e-01,-2.858887897244166143e-01,-3.061791762983510634e-01,-3.382971514502803867e-01,-3.493381253894550786e-01,-3.246247599616742807e-01,-6.893208247066942018e-01,-7.164948360771071778e-01,-7.357272407485578869e-01,-7.639420897907495123e-01,-7.945955000770534848e-01,-7.834879050332670403e-01,-6.995003715317561488e-01,-5.989656862449496133e-01,-4.836064141992803544e-01,-3.319855528084316720e-01,-2.845696074292951017e-01,-3.047972241485590872e-01,-3.367912794729542858e-01,-3.476462722868801647e-01,-3.231101149436839681e-01,9.612842820961225998e-01,9.369125716932333869e-01,8.293604938457724840e-01,6.076016107526449606e-01,3.300824858288609609e-01,9.658484260990171100e-01,9.421614626257145408e-01,8.361778033226798801e-01,6.195480559073214266e-01,3.435147523065790742e-01
cmz,3.536999999999999866e-02,8.111999999999999766e-02,1.472700000000000120e-01,2.455199999999999882e-01,3.844299999999999939e-01,5.616299999999999626e-01,8.351199999999999735e-01,1.093120000000000092e+00,1.258760000000000101e+00,1.208180000000000032e+00,9.162500000000000089e-01,1.235619999999999941e+00,1.606379999999999919e+00,1.772259999999999946e+00,1.718539999999999957e+00,-3.534000000000000336e-02,-8.100999999999999868e-02,-1.471399999999999930e-01,-2.452699999999999880e-01,-3.835999999999999965e-01,-5.599499999999999478e-01,-8.329199999999999937e-01,-1.089609999999999967e+00,-1.253270000000000106e+00,-1.202039999999999997e+00,-9.117600000000000149e-01,-1.230380000000000029e+00,-1.599480000000000013e+00,-1.764510000000000023e+00,-1.711580000000000101e+00,8.785300000000000331e-01,9.275900000000000256e-01,9.084699999999999998e-01,7.420700000000000074e-01,4.154800000000000160e-01,-8.827199999999999491e-01,-9.324999999999999956e-01,-9.145999999999999686e-01,-7.500599999999999490e-01,-4.282599999999999740e-01
cmz*c/cref,5.141343167701863115e-02,1.097139480190556654e-01,1.842947182355424707e-01,2.824277030694083979e-01,4.033730563260903290e-01,5.478260424832659403e-01,7.756210503393703437e-01,9.642446039116365775e-01,1.051644484646257593e+00,9.530444926866202815e-01,6.715004321694909573e-01,8.249119397709836488e-01,9.676010507748900036e-01,9.518741522442661918e-01,8.108965885411432151e-01,-5.136982401656314812e-02,-1.095651741743552676e-01,-1.841320353172928304e-01,-2.821401219119982207e-01,-4.025021574973031702e-01,-5.461873341675209659e-01,-7.735777915133973393e-01,-9.611484218275744285e-01,-1.047057805517028983e+00,-9.482010975094977701e-01,-6.682098052222156248e-01,-8.214136647637808597e-01,-9.634448441174697786e-01,-9.477116565157088779e-01,-8.076124984086783254e-01,6.773205119700899113e-01,6.706361900909231233e-01,6.138078434574899545e-01,4.668298344355330531e-01,2.424343212928903590e-01,-6.805508774045709863e-01,-6.741860598537994242e-01,-6.179495785509926398e-01,-4.718562744979798440e-01,-2.498915048543689510e-01
cs,7.394000000000000572e-02,8.087999999999999357e-02,8.816000000000000225e-02,9.619999999999999385e-02,1.046600000000000030e-01,-6.879000000000000392e-02,-6.561999999999999778e-02,-6.044000000000000067e-02,-5.353000000000000119e-02,-7.373000000000000387e-02,-3.059499999999999997e-01,-2.328099999999999892e-01,-1.839000000000000079e-01,-1.274700000000000000e-01,-9.478999999999999926e-02,-7.385999999999999510e-02,-8.075999999999999845e-02,-8.798000000000000265e-02,-9.597999999999999587e-02,-1.044199999999999989e-01,6.847000000000000308e-02,6.506000000000000671e-02,5.974000000000000143e-02,5.292000000000000176e-02,7.334000000000000241e-02,3.046800000000000064e-01,2.318199999999999983e-01,1.831299999999999872e-01,1.269299999999999873e-01,9.446000000000000230e-02,2.154999999999999971e-01,2.077700000000000102e-01,1.839099999999999902e-01,1.368499999999999994e-01,7.084000000000000019e-02,-2.166899999999999937e-01,-2.090599999999999958e-01,-1.853100000000000025e-01,-1.384100000000000052e-01,-7.323999999999999955e-02
cs*c/cref,1.074783471359558318e-01,1.093893505397093430e-01,1.103240467145068376e-01,1.106612293714446388e-01,1.098171944829711977e-01,-6.709925300006031046e-02,-6.094483825470529276e-02,-5.331431486060021763e-02,-4.472221016167829410e-02,-5.816018345427379638e-02,-2.242243462180144586e-01,-1.554262222188720621e-01,-1.107719426521136252e-01,-6.846365555086533772e-02,-4.472685397361421400e-02,-1.073620600414078585e-01,-1.092270518000361956e-01,-1.100987934430842918e-01,-1.104081579529236634e-01,-1.095653683156110475e-01,6.678711808277554285e-02,6.042473600809397660e-02,5.269684265010352725e-02,4.421257914731954730e-02,5.785254108960314473e-02,2.232935898209009729e-01,1.547652885820150481e-01,1.103081340830971424e-01,6.817362359042392073e-02,4.457114280354044361e-02,1.661440933486100502e-01,1.502151610250122560e-01,1.242588093060497112e-01,8.609115426105717894e-02,4.133543689320388903e-02,-1.670615479708134898e-01,-1.511478151989654739e-01,-1.252047194415968345e-01,-8.707253680140975005e-02,-4.273584695169752729e-02
cx,-1.442100000000000048e-01,-1.798200000000000076e-01,-2.096300000000000108e-01,-2.448500000000000121e-01,-2.815199999999999925e-01,-3.046599999999999864e-01,-2.946199999999999930e-01,-2.780199999999999894e-01,-2.443500000000000116e-01,-1.880000000000000004e-01,-1.388399999999999912e-01,-1.612200000000000022e-01,-1.819500000000000006e-01,-1.740299999999999903e-01,-1.464100000000000124e-01,-1.440099999999999991e-01,-1.795799999999999896e-01,-2.094900000000000095e-01,-2.446299999999999863e-01,-2.808899999999999730e-01,-3.036900000000000155e-01,-2.937400000000000011e-01,-2.770199999999999885e-01,-2.432199999999999918e-01,-1.870400000000000118e-01,-1.381400000000000128e-01,-1.605000000000000038e-01,-1.811399999999999955e-01,-1.732499999999999873e-01,-1.458000000000000129e-01,2.414000000000000173e-02,1.420000000000000082e-02,1.690000000000000096e-03,3.550000000000000204e-03,8.789999999999999203e-03,2.435000000000000012e-02,1.433000000000000072e-02,1.559999999999999972e-03,3.779999999999999940e-03,9.220000000000000764e-03
cx*c/cref,-2.096220238095237998e-01,-2.432046614002291718e-01,-2.623324627128184039e-01,-2.816569855675490897e-01,-2.953920943134535348e-01,-2.971719496874309363e-01,-2.736295069582638240e-01,-2.452423199461295777e-01,-2.041448169812458691e-01,-1.482993963027732787e-01,-1.017529276970391416e-01,-1.076320413475647803e-01,-1.095973625097991927e-01,-9.347085569559186735e-02,-6.908385578939610361e-02,-2.093313060731538944e-01,-2.428800639208828493e-01,-2.621572657239341630e-01,-2.814039141490281004e-01,-2.947310506241331285e-01,-2.962257907194114637e-01,-2.728122034278746000e-01,-2.443602167882771570e-01,-2.032007464136632580e-01,-1.475421227897378285e-01,-1.012399123600474654e-01,-1.071513623389414860e-01,-1.091094599891455075e-01,-9.305192064162093324e-02,-6.879602605077489441e-02,1.861122233612736224e-02,1.026642579080316690e-02,1.141848663624729599e-03,2.233274370674117638e-03,5.129001839232949847e-03,1.877312609298679644e-02,1.036041419593023739e-02,1.054014151038211921e-03,2.377965386238919433e-03,5.379908641379727192e-03
cy,7.394000000000000572e-02,8.087999999999999357e-02,8.816000000000000225e-02,9.619999999999999385e-02,1.046600000000000030e-01,-6.879000000000000392e-02,-6.561999999999999778e-02,-6.044000000000000067e-02,-5.353000000000000119e-02,-7.373000000000000387e-02,-3.059499999999999997e-01,-2.328099999999999892e-01,-1.839000000000000079e-01,-1.274700000000000000e-01,-9.478999999999999926e-02,-7.385999999999999510e-02,-8.075999999999999845e-02,-8.798000000000000265e-02,-9.597999999999999587e-02,-1.044199999999999989e-01,6.847000000000000308e-02,6.506000000000000671e-02,5.974000000000000143e-02,5.292000000000000176e-02,7.334000000000000241e-02,3.046800000000000064e-01,2.318199999999999983e-01,1.831299999999999872e-01,1.269299999999999873e-01,9.446000000000000230e-02,2.154999999999999971e-01,2.077700000000000102e-01,1.839099999999999902e-01,1.368499999999999994e-01,7.084000000000000019e-02,-2.166899999999999937e-01,-2.090599999999999958e-01,-1.853100000000000025e-01,-1.384100000000000052e-01,-7.323999999999999955e-02
cy*c/cref,1.074783471359558318e-01,1.093893505397093430e-01,1.103240467145068376e-01,1.106612293714446388e-01,1.098171944829711977e-01,-6.709925300006031046e-02,-6.094483825470529276e-02,-5.331431486060021763e-02,-4.472221016167829410e-02,-5.816018345427379638e-02,-2.242243462180144586e-01,-1.554262222188720621e-01,-1.107719426521136252e-01,-6.846365555086533772e-02,-4.472685397361421400e-02,-1.073620600414078585e-01,-1.092270518000361956e-01,-1.100987934430842918e-01,-1.104081579529236634e-01,-1.095653683156110475e-01,6.678711808277554285e-02,6.042473600809397660e-02,5.269684265010352725e-02,4.421257914731954730e-02,5.785254108960314473e-02,2.232935898209009729e-01,1.547652885820150481e-01,1.103081340830971424e-01,6.817362359042392073e-02,4.457114280354044361e-02,1.661440933486100502e-01,1.502151610250122560e-01,1.242588093060497112e-01,8.609115426105717894e-02,4.133543689320388903e-02,-1.670615479708134898e-01,-1.511478151989654739e-01,-1.252047194415968345e-01,-8.707253680140975005e-02,-4.273584695169752729e-02
cz,1.617450000000000054e+00,1.710360000000000102e+00,1.807979999999999920e+00,1.907149999999999901e+00,2.007670000000000066e+00,2.022069999999999812e+00,1.902400000000000091e+00,1.727759999999999962e+00,1.502180000000000071e+00,1.175759999999999916e+00,1.001009999999999955e+00,9.386299999999999644e-01,8.942999999999999838e-01,8.261899999999999800e-01,6.815400000000000347e-01,1.616370000000000084e+00,1.708350000000000035e+00,1.804969999999999963e+00,1.903189999999999937e+00,2.002909999999999968e+00,2.016049999999999898e+00,1.890980000000000105e+00,1.711989999999999901e+00,1.487249999999999961e+00,1.171450000000000102e+00,9.973800000000000443e-01,9.351800000000000113e-01,8.909899999999999487e-01,8.228900000000000103e-01,6.787900000000000045e-01,-3.056400000000000228e-01,-2.878899999999999793e-01,-2.472199999999999953e-01,-1.771300000000000097e-01,-9.273000000000000687e-02,-3.073199999999999821e-01,-2.897600000000000176e-01,-2.494599999999999873e-01,-1.805799999999999905e-01,-9.672999999999999654e-02
cz*c/cref,2.351107013457557127e+00,2.313243936561539371e+00,2.262518942591810855e+00,2.193841617419445278e+00,2.106599339266451043e+00,1.972370788106293515e+00,1.766861632059606224e+00,1.524062552011095750e+00,1.255012323195776158e+00,9.274707350901525427e-01,7.336192606886571266e-01,6.266385248112189554e-01,5.386805237291202308e-01,4.437435285131359208e-01,3.215860328850831396e-01,2.349537137681159571e+00,2.310525432672013935e+00,2.258752207330800843e+00,2.189286331886068027e+00,2.101604786947141701e+00,1.966498749974873839e+00,1.756255261244782373e+00,1.510151785211763187e+00,1.242538895254175824e+00,9.240708925472540525e-01,7.309589097268288649e-01,6.243352712282324024e-01,5.366867492311403476e-01,4.419711109771050639e-01,3.202884398011350275e-01,-2.356393535548453599e-01,-2.081409380925579866e-01,-1.670342169356838213e-01,-1.114309547260581568e-01,-5.410834363504795491e-02,-2.369345836097208058e-01,-2.094929251509243251e-01,-1.685476731525591965e-01,-1.136013199595301698e-01,-5.644236039920401404e-02
Results_Name,VSPAERO_Comp_Load
Results_Timestamp,1749672324
Results_Date,6,11,2025
Results_Time,16,5,24
AoA,1.100000000000000000e+01,1.100000000000000000e+01,1.100000000000000000e+01,1.100000000000000000e+01,1.100000000000000000e+01,1.100000000000000000e+01,1.100000000000000000e+01,1.100000000000000000e+01,1.100000000000000000e+01
Beta,0.000000000000000000e+00,0.000000000000000000e+00,0.000000000000000000e+00,0.000000000000000000e+00,0.000000000000000000e+00,0.000000000000000000e+00,0.000000000000000000e+00,0.000000000000000000e+00,0.000000000000000000e+00
CDi,0.000000000000000000e+00,4.340999999999999720e-02,4.302999999999999881e-02,-2.469999999999999973e-03,-2.500000000000000052e-03,0.000000000000000000e+00,0.000000000000000000e+00,0.000000000000000000e+00,0.000000000000000000e+00
CFx,0.000000000000000000e+00,-1.230099999999999943e-01,-1.226300000000000029e-01,8.300000000000000086e-04,8.400000000000000348e-04,0.000000000000000000e+00,0.000000000000000000e+00,0.000000000000000000e+00,0.000000000000000000e+00
CFy,0.000000000000000000e+00,-1.009000000000000001e-02,9.929999999999999591e-03,1.259000000000000050e-02,-1.271000000000000081e-02,0.000000000000000000e+00,0.000000000000000000e+00,0.000000000000000000e+00,0.000000000000000000e+00
CFz,0.000000000000000000e+00,8.603399999999999936e-01,8.564199999999999591e-01,-1.720000000000000001e-02,-1.739999999999999880e-02,0.000000000000000000e+00,0.000000000000000000e+00,0.000000000000000000e+00,0.000000000000000000e+00
CL,0.000000000000000000e+00,8.680099999999999483e-01,8.640799999999999592e-01,-1.703999999999999959e-02,-1.723999999999999838e-02,0.000000000000000000e+00,0.000000000000000000e+00,0.000000000000000000e+00,0.000000000000000000e+00
Cmx,0.000000000000000000e+00,1.750500000000000111e-01,-1.739799999999999958e-01,-4.400000000000000157e-04,4.499999999999999877e-04,2.000000000000000164e-05,-2.000000000000000164e-05,-0.000000000000000000e+00,0.000000000000000000e+00
Cmy,0.000000000000000000e+00,-3.211800000000000210e-01,-3.192999999999999727e-01,5.659999999999999754e-02,5.720999999999999697e-02,2.122999999999999887e-02,2.117000000000000132e-02,-0.000000000000000000e+00,0.000000000000000000e+00
Cmz,0.000000000000000000e+00,2.707000000000000031e-02,-2.697000000000000092e-02,3.469999999999999994e-03,-3.500000000000000073e-03,3.000000000000000076e-05,-3.000000000000000076e-05,0.000000000000000000e+00,1.000000000000000082e-05
Comp_ID,0,1,2,3,4,5,6,7,8
Comp_Name,NONE,main_wing,main_wing,horizontal_tail,horizontal_tail,fuselage,fuselage,fuselage,fuselage
Cs,0.000000000000000000e+00,-1.009000000000000001e-02,9.929999999999999591e-03,1.259000000000000050e-02,-1.271000000000000081e-02,0.000000000000000000e+00,0.000000000000000000e+00,0.000000000000000000e+00,0.000000000000000000e+00
Mach,1.499999999999999944e-01,1.499999999999999944e-01,1.499999999999999944e-01,1.499999999999999944e-01,1.499999999999999944e-01,1.499999999999999944e-01,1.499999999999999944e-01,1.499999999999999944e-01,1.499999999999999944e-01
Results_Name,VSPAERO_Load
Results_Timestamp,1749672324
Results_Date,6,11,2025
Results_Time,16,5,24
AnalysisMethod,0
Chord,1.735549999999999926e+00,1.614840000000000053e+00,1.494150000000000089e+00,1.373459999999999903e+00,1.252809999999999979e+00,1.164630000000000054e+00,1.108910000000000062e+00,1.053209999999999980e+00,9.975199999999999623e-01,9.418400000000000105e-01,8.750400000000000400e-01,7.971099999999999852e-01,7.191899999999999959e-01,6.412799999999999612e-01,5.633799999999999919e-01,1.735549999999999926e+00,1.614840000000000053e+00,1.494150000000000089e+00,1.373459999999999903e+00,1.252809999999999979e+00,1.164630000000000054e+00,1.108910000000000062e+00,1.053209999999999980e+00,9.975199999999999623e-01,9.418400000000000105e-01,8.750400000000000400e-01,7.971099999999999852e-01,7.191899999999999959e-01,6.412799999999999612e-01,5.633799999999999919e-01,9.205200000000000049e-01,8.632300000000000528e-01,8.067100000000000382e-01,7.511200000000000099e-01,6.966900000000000315e-01,9.205200000000000049e-01,8.632300000000000528e-01,8.067100000000000382e-01,7.511200000000000099e-01,6.966900000000000315e-01
FC_AoA_,1.200000000000000000e+01
FC_Beta_,0.000000000000000000e+00
FC_Bref_,1.417173599999999922e+01
FC_Cref_,1.193975999999999926e+00
FC_Mach_,1.499999999999999944e-01
FC_Pitch_Rate,0.000000000000000000e+00
FC_Rho_,2.377000000000000206e-03
FC_Roll__Rate,0.000000000000000000e+00
FC_Sref_,1.619368700000000061e+01
FC_Vinf_,5.100000000000000000e+01
FC_Xcg_,1.785187999999999997e+00
FC_Yaw___Rate,0.000000000000000000e+00
FC_Ycg_,-0.000000000000000000e+00
FC_Zcg_,7.542510000000000048e-01
S,3.314000000000000279e-02,8.981999999999999706e-02,1.368900000000000117e-01,1.839600000000000124e-01,2.310300000000000131e-01,2.997400000000000064e-01,4.117600000000000149e-01,5.454599999999999449e-01,6.791599999999999859e-01,8.128699999999999815e-01,9.157600000000000184e-01,9.578200000000000047e-01,9.698700000000000099e-01,9.819200000000000150e-01,9.939700000000000202e-01,3.314000000000000279e-02,8.981999999999999706e-02,1.368900000000000117e-01,1.839600000000000124e-01,2.310300000000000131e-01,2.997400000000000064e-01,4.117600000000000149e-01,5.454599999999999449e-01,6.791599999999999859e-01,8.128699999999999815e-01,9.157600000000000184e-01,9.578200000000000047e-01,9.698700000000000099e-01,9.819200000000000150e-01,9.939700000000000202e-01,1.026500000000000051e-01,3.046400000000000219e-01,5.033100000000000351e-01,7.019900000000000029e-01,9.006600000000000161e-01,1.026500000000000051e-01,3.046400000000000219e-01,5.033100000000000351e-01,7.019900000000000029e-01,9.006600000000000161e-01
V/Vref,9.689900000000000180e-01,9.750299999999999523e-01,9.851199999999999957e-01,9.873600000000000154e-01,9.966399999999999704e-01,1.000070000000000014e+00,9.994899999999999896e-01,9.979200000000000292e-01,9.941200000000000037e-01,9.925399999999999778e-01,1.013719999999999954e+00,1.012100000000000000e+00,1.012669999999999959e+00,1.012610000000000010e+00,1.015330000000000066e+00,9.691300000000000470e-01,9.751400000000000068e-01,9.852100000000000302e-01,9.874199999999999644e-01,9.966800000000000104e-01,1.000170000000000003e+00,9.995399999999999840e-01,9.977500000000000258e-01,9.939400000000000457e-01,9.925000000000000488e-01,1.013740000000000085e+00,1.012210000000000054e+00,1.012829999999999897e+00,1.012599999999999945e+00,1.016129999999999978e+00,9.653100000000000014e-01,9.754500000000000393e-01,9.858299999999999841e-01,9.932800000000000518e-01,9.928299999999999903e-01,9.650199999999999889e-01,9.753699999999999593e-01,9.857000000000000206e-01,9.929599999999999538e-01,9.937599999999999767e-01
WingId,1,1,1,1,1,1,1,1,1,1,1,1,1,1,1,2,2,2,2,2,2,2,2,2,2,2,2,2,2,2,3,3,3,3,3,4,4,4,4,4
Xavg,2.392879999999999896e+00,2.382319999999999993e+00,2.371750000000000025e+00,2.361190000000000122e+00,2.350620000000000154e+00,2.337899999999999867e+00,2.323770000000000113e+00,2.309619999999999784e+00,2.295469999999999899e+00,2.281299999999999883e+00,2.284749999999999837e+00,2.305000000000000160e+00,2.325239999999999974e+00,2.345470000000000166e+00,2.365699999999999914e+00,2.392879999999999896e+00,2.382319999999999993e+00,2.371750000000000025e+00,2.361190000000000122e+00,2.350620000000000154e+00,2.337899999999999867e+00,2.323770000000000113e+00,2.309619999999999784e+00,2.295469999999999899e+00,2.281299999999999883e+00,2.284749999999999837e+00,2.305000000000000160e+00,2.325239999999999974e+00,2.345470000000000166e+00,2.365699999999999914e+00,5.819969999999999644e+00,5.917910000000000004e+00,6.015850000000000364e+00,6.113780000000000214e+00,6.211730000000000196e+00,5.819969999999999644e+00,5.917910000000000004e+00,6.015850000000000364e+00,6.113780000000000214e+00,6.211730000000000196e+00
Yavg,1.718899999999999872e-01,5.195499999999999563e-01,8.671900000000000164e-01,1.214800000000000102e+00,1.562359999999999971e+00,2.228590000000000071e+00,3.216559999999999864e+00,4.204550000000000232e+00,5.192569999999999908e+00,6.180620000000000225e+00,6.716649999999999565e+00,6.791660000000000252e+00,6.866660000000000430e+00,6.941650000000000098e+00,7.016610000000000014e+00,-1.718899999999999872e-01,-5.195499999999999563e-01,-8.671900000000000164e-01,-1.214800000000000102e+00,-1.562359999999999971e+00,-2.228590000000000071e+00,-3.216559999999999864e+00,-4.204550000000000232e+00,-5.192569999999999908e+00,-6.180620000000000225e+00,-6.716649999999999565e+00,-6.791660000000000252e+00,-6.866660000000000430e+00,-6.941650000000000098e+00,-7.016610000000000014e+00,1.247400000000000037e-01,3.766700000000000048e-01,6.286100000000000021e-01,8.805399999999999894e-01,1.132460000000000022e+00,-1.247400000000000037e-01,-3.766700000000000048e-01,-6.286100000000000021e-01,-8.805399999999999894e-01,-1.132460000000000022e+00
Zavg,1.119259999999999922e+00,1.109900000000000109e+00,1.100540000000000074e+00,1.091180000000000039e+00,1.081830000000000069e+00,1.094910000000000050e+00,1.130849999999999911e+00,1.166740000000000110e+00,1.202599999999999891e+00,1.238469999999999960e+00,1.270329999999999959e+00,1.298289999999999944e+00,1.326240000000000085e+00,1.354190000000000005e+00,1.382130000000000081e+00,1.119259999999999922e+00,1.109900000000000109e+00,1.100540000000000074e+00,1.091180000000000039e+00,1.081830000000000069e+00,1.094910000000000050e+00,1.130849999999999911e+00,1.166740000000000110e+00,1.202599999999999891e+00,1.238469999999999960e+00,1.270329999999999959e+00,1.298289999999999944e+00,1.326240000000000085e+00,1.354190000000000005e+00,1.382130000000000081e+00,3.569700000000000095e-01,5.334799999999999542e-01,7.099999999999999645e-01,8.865300000000000402e-01,1.063090000000000090e+00,3.569700000000000095e-01,5.334799999999999542e-01,7.099999999999999645e-01,8.865300000000000402e-01,1.063090000000000090e+00
cd,1.842199999999999949e-01,1.638300000000000034e-01,1.517799999999999983e-01,1.334100000000000008e-01,1.145999999999999935e-01,9.318999999999999506e-02,8.054000000000000048e-02,6.304999999999999494e-02,5.337000000000000077e-02,4.664999999999999702e-02,6.327000000000000679e-02,2.427999999999999950e-02,-8.890000000000000333e-03,-1.521999999999999915e-02,-1.711999999999999980e-02,1.841000000000000136e-01,1.636700000000000099e-01,1.514999999999999958e-01,1.329799999999999871e-01,1.141800000000000037e-01,9.273000000000000687e-02,7.902000000000000690e-02,6.056000000000000272e-02,5.079000000000000181e-02,4.685000000000000275e-02,6.351999999999999313e-02,2.472999999999999851e-02,-8.099999999999999561e-03,-1.396999999999999978e-02,-1.489000000000000046e-02,-3.268000000000000071e-02,-3.674000000000000182e-02,-3.908999999999999975e-02,-2.554999999999999979e-02,-9.140000000000000555e-03,-3.282000000000000195e-02,-3.697999999999999898e-02,-3.953999999999999876e-02,-2.611000000000000126e-02,-8.980000000000000135e-03
cd*c/cref,2.677801069703243386e-01,2.215783543387807031e-01,1.899385640917405638e-01,1.534648088403786914e-01,1.202469949144706479e-01,9.089954044302397951e-02,7.480184811084980567e-02,5.561660410259502973e-02,4.458853645299402924e-02,3.679875977406581178e-02,4.636925767352109012e-02,1.620956434635201920e-02,-5.354880751371887682e-03,-8.174604514663610585e-03,-8.078106762614993552e-03,2.676056763285024065e-01,2.213619560192164881e-01,1.895881701139721653e-01,1.529701692496331367e-01,1.198062991215903955e-01,9.045084649942713995e-02,7.339014201290479378e-02,5.342016723954250840e-02,4.243304790046031200e-02,3.695652508928153057e-02,4.655247743673239513e-02,1.650998872674157639e-02,-4.879025206536814936e-03,-7.503234235864037621e-03,-7.025876734540728065e-03,-2.519530844841102665e-02,-2.656256926437382607e-02,-2.641116228466904026e-02,-1.607328455513343593e-02,-5.333228306096606149e-03,-2.530324428631731612e-02,-2.673608631999303473e-02,-2.671520482823775550e-02,-1.642557572346512937e-02,-5.239867635530363194e-03
cl,1.679640000000000022e+00,1.784030000000000005e+00,1.892649999999999944e+00,2.003600000000000048e+00,2.116089999999999804e+00,2.137779999999999792e+00,2.019190000000000040e+00,1.843809999999999949e+00,1.614989999999999926e+00,1.272869999999999946e+00,1.081080000000000041e+00,1.019870000000000054e+00,9.779999999999999805e-01,9.045299999999999452e-01,7.450299999999999701e-01,1.678469999999999906e+00,1.782049999999999912e+00,1.889990000000000059e+00,1.999779999999999891e+00,2.110990000000000144e+00,2.130920000000000147e+00,2.006909999999999972e+00,1.826179999999999914e+00,1.596589999999999954e+00,1.268769999999999953e+00,1.078729999999999967e+00,1.018420000000000103e+00,9.778299999999999770e-01,9.061900000000000510e-01,7.493900000000000006e-01,-2.641899999999999804e-01,-2.431300000000000128e-01,-2.030599999999999905e-01,-1.408600000000000130e-01,-6.675000000000000377e-02,-2.660600000000000187e-01,-2.451599999999999890e-01,-2.056499999999999995e-01,-1.436800000000000022e-01,-6.984999999999999543e-02
cl*c/cref,2.441505693581780712e+00,2.412881837825886056e+00,2.368475578654847702e+00,2.304790427948300469e+00,2.220361810371397571e+00,2.085236823353233238e+00,1.875330813098420979e+00,1.626430623479869109e+00,1.349260642424973344e+00,1.004073683893143665e+00,7.923008864499790915e-01,6.808751396175467541e-01,5.890971175300006024e-01,4.858196466260628066e-01,3.515439183032154635e-01,2.439804994824016138e+00,2.410203908621278757e+00,2.365146835866047681e+00,2.300396187863072317e+00,2.215010504314995021e+00,2.078545431063941074e+00,1.863925713833443965e+00,1.610879144806930841e+00,1.333888165926283120e+00,1.000839494931221374e+00,7.905786206757925427e-01,6.799071055029582977e-01,5.889947182355423916e-01,4.867112263563087016e-01,3.536011931563113331e-01,-2.036826358318760133e-01,-1.757800072195756236e-01,-1.371975086601405769e-01,-8.861381066286090624e-02,-3.894890475185431439e-02,-2.051243502381957795e-01,-1.772476723150214206e-01,-1.389474424109027328e-01,-9.038784833195977197e-02,-4.075776774407526004e-02
cmx,1.531599999999999906e-01,5.572799999999999976e-01,1.075709999999999944e+00,1.738350000000000062e+00,2.588470000000000049e+00,4.066830000000000389e+00,5.808799999999999741e+00,7.285269999999999690e+00,8.314650000000000318e+00,8.272019999999999484e+00,8.406819999999999737e+00,8.705719999999999459e+00,9.261760000000000659e+00,9.654809999999999448e+00,9.130250000000000199e+00,-1.530600000000000016e-01,-5.566600000000000437e-01,-1.074189999999999978e+00,-1.735009999999999941e+00,-2.582190000000000207e+00,-4.053689999999999571e+00,-5.772820000000000285e+00,-7.214000000000000412e+00,-8.217650000000000787e+00,-8.245860000000000412e+00,-8.388960000000000861e+00,-8.694200000000000372e+00,-9.261990000000000833e+00,-9.675250000000000128e+00,-9.190149999999999153e+00,5.258000000000000174e-02,-5.530000000000000193e-02,-1.477600000000000025e-01,-1.844600000000000128e-01,-1.328999999999999904e-01,-5.306999999999999912e-02,5.566999999999999726e-02,1.495700000000000085e-01,1.881200000000000094e-01,1.387700000000000045e-01
cmx*c/cref,2.226316425120772602e-01,7.537153470421517065e-01,1.346151092233009772e+00,1.999666819936078976e+00,2.716018664278009087e+00,3.966873892691311188e+00,5.394946303778300312e+00,6.426359672807493872e+00,6.946563136947476735e+00,6.525189213853544778e+00,6.161182279040785303e+00,5.812023415211025501e+00,5.578809937888199677e+00,5.185561985165530352e+00,4.308127001715277515e+00,-2.224862836438923352e-01,-7.528768035538404568e-01,-1.344248953496552712e+00,-1.995824735673078720e+00,-2.709429212898752048e+00,-3.954056852650304155e+00,-5.361529734433523764e+00,-6.363492180747353011e+00,-6.865523451057643278e+00,-6.504553510623329871e+00,-6.148093059156969353e+00,-5.804332551073053459e+00,-5.578948478110113740e+00,-5.196540231964461576e+00,-4.336390938343819279e+00,4.053761683651933151e-02,-3.998122156559261176e-02,-9.983405830602960773e-02,-1.160421944829711921e-01,-7.754770698908521054e-02,-4.091539226919134464e-02,4.024872702633888744e-02,1.010569849812726628e-01,1.183446689045676015e-01,8.097287659048424402e-02
cmy,-4.825200000000000045e-01,-5.415400000000000214e-01,-6.034399999999999764e-01,-6.848899999999999988e-01,-7.838399999999999812e-01,-8.353699999999999459e-01,-7.923499999999999988e-01,-7.237500000000000044e-01,-6.269299999999999873e-01,-4.584699999999999886e-01,-4.228199999999999736e-01,-4.976700000000000013e-01,-6.102899999999999991e-01,-7.068400000000000238e-01,-7.451799999999999535e-01,-4.822899999999999965e-01,-5.409399999999999764e-01,-6.026200000000000445e-01,-6.834400000000000475e-01,-7.816699999999999759e-01,-8.323300000000000143e-01,-7.858500000000000485e-01,-7.135099999999999776e-01,-6.147899999999999476e-01,-4.565400000000000014e-01,-4.219300000000000272e-01,-4.971900000000000208e-01,-6.107099999999999751e-01,-7.090300000000000491e-01,-7.508099999999999774e-01,1.079579999999999984e+00,1.103069999999999995e+00,1.026089999999999947e+00,7.792099999999999582e-01,4.054300000000000126e-01,1.086030000000000051e+00,1.110840000000000050e+00,1.037840000000000096e+00,7.939399999999999791e-01,4.234800000000000231e-01
cmy*c/cref,-7.013856107660455530e-01,-7.324271623550222543e-01,-7.551490783734347012e-01,-7.878458355946852398e-01,-8.224642625982432342e-01,-8.148379557880560675e-01,-7.358982412544305962e-01,-6.384221604956884510e-01,-5.237753636589009831e-01,-3.616533203347471193e-01,-3.098759211240427192e-01,-3.322493364188224829e-01,-3.676074436169571302e-01,-3.796410942933526322e-01,-3.516146961077944444e-01,-7.010512853692201229e-01,-7.316156686566563927e-01,-7.541229245813987347e-01,-7.861778648817061566e-01,-8.201873343350285506e-01,-8.118726740738507752e-01,-7.298613401776921084e-01,-6.293894241592795646e-01,-5.136328710124825614e-01,-3.601308850429154607e-01,-3.092236587670104675e-01,-3.319288837464069997e-01,-3.678604301091479289e-01,-3.808173350218095332e-01,-3.542712230396590778e-01,8.323240849062293334e-01,7.975060772578344004e-01,6.932778078453838422e-01,4.901942879923884555e-01,2.365701041729482423e-01,8.372968431526263133e-01,8.031236919335063007e-01,7.012166964830115479e-01,4.994608039022560009e-01,2.471023548212024912e-01
cmz,3.765000000000000291e-02,9.088999999999999857e-02,1.677800000000000125e-01,2.821299999999999919e-01,4.426499999999999879e-01,6.543799999999999617e-01,9.693500000000000449e-01,1.267039999999999944e+00,1.463039999999999896e+00,1.409520000000000106e+00,1.089290000000000092e+00,1.458169999999999966e+00,1.889359999999999928e+00,2.087130000000000152e+00,2.037290000000000045e+00,-3.762000000000000066e-02,-9.078999999999999571e-02,-1.675999999999999990e-01,-2.817600000000000104e-01,-4.418000000000000260e-01,-6.527399999999999869e-01,-9.666500000000000092e-01,-1.262680000000000025e+00,-1.456790000000000029e+00,-1.402900000000000036e+00,-1.084510000000000085e+00,-1.452409999999999979e+00,-1.881410000000000027e+00,-2.078129999999999811e+00,-2.020599999999999952e+00,7.577899999999999636e-01,7.846600000000000241e-01,7.518200000000000438e-01,5.816500000000000004e-01,2.975200000000000067e-01,-7.623199999999999976e-01,-7.896400000000000086e-01,-7.602499999999999813e-01,-5.942499999999999449e-01,-3.088199999999999834e-01
cmz*c/cref,5.472761387163561225e-02,1.229277704074453886e-01,2.099610771070775650e-01,3.245410877605579558e-01,4.644618874248728768e-01,6.382963974150234199e-01,9.002877013440807596e-01,1.117659985125329269e+00,1.222312392208888543e+00,1.111866835514281782e+00,7.983178234738388390e-01,9.734884861169738057e-01,1.138053711632394549e+00,1.120989639992763687e+00,9.612994232714895393e-01,-5.468400621118012228e-02,-1.227925214577177543e-01,-2.097358238356550053e-01,-3.241154676475909158e-01,-4.635700030821390816e-01,-6.366967059639390136e-01,-8.977800655122046836e-01,-1.113814015357092790e+00,-1.217090762963409567e+00,-1.106644803580641545e+00,-7.948146616012383703e-01,-9.696430540479875626e-01,-1.133265038744497355e+00,-1.116155773985406663e+00,-9.534242128820009654e-01,5.842335614786227094e-01,5.672995535923670563e-01,5.079672557907362052e-01,3.659109965359437777e-01,1.736041669179280433e-01,-5.877260568051619893e-01,-5.709000324964655926e-01,-5.136629861069234027e-01,-3.738375478234068350e-01,-1.801977642766688925e-01
cs,7.810000000000000275e-02,8.584999999999999576e-02,9.404999999999999472e-02,1.030100000000000043e-01,1.124300000000000022e-01,-7.162999999999999923e-02,-6.852999999999999370e-02,-6.335000000000000353e-02,-5.585999999999999993e-02,-8.026999999999999413e-02,-3.202699999999999991e-01,-2.374400000000000122e-01,-1.820199999999999874e-01,-1.183899999999999952e-01,-8.537000000000000144e-02,-7.800999999999999601e-02,-8.572000000000000453e-02,-9.389999999999999736e-02,-1.028000000000000025e-01,-1.121800000000000019e-01,7.123999999999999777e-02,6.790000000000000202e-02,6.253999999999999837e-02,5.514000000000000151e-02,7.978000000000000369e-02,3.191800000000000193e-01,2.370099999999999985e-01,1.823799999999999866e-01,1.183700000000000030e-01,8.630999999999999783e-02,1.861099999999999977e-01,1.760799999999999865e-01,1.525900000000000034e-01,1.078400000000000053e-01,5.081999999999999712e-02,-1.874000000000000110e-01,-1.774199999999999944e-01,-1.544999999999999984e-01,-1.102599999999999969e-01,-5.294999999999999707e-02
cs*c/cref,1.135252760524499693e-01,1.161112233411726868e-01,1.176948343182777634e-01,1.184949400992984792e-01,1.179700666512559920e-01,-6.986945039096263688e-02,-6.364751242906055428e-02,-5.588123504995076013e-02,-4.666883354439285009e-02,-6.331910926182771071e-02,-2.347191742547589111e-01,-1.585172552882135044e-01,-1.096395269251643212e-01,-6.358682184566523399e-02,-4.028200784605386053e-02,-1.133944530710834925e-01,-1.159353997065267761e-01,-1.175071232587589776e-01,-1.182533719270739136e-01,-1.177077477269224959e-01,6.948903596052181941e-02,6.306239740162282448e-02,5.516673149209029570e-02,4.606730185531367205e-02,6.293258423954921355e-02,2.339203360871575654e-01,1.582301831025079153e-01,1.098563724898992955e-01,6.357607992120445362e-02,4.072554875474884012e-02,1.434852770909968156e-01,1.273036798059592467e-01,1.030974482736671527e-01,6.784121355873150294e-02,2.965368298860279056e-02,-1.444798287402762060e-01,-1.282724833664998232e-01,-1.043879399585921353e-01,-6.936361467902202316e-02,-3.089654691551589269e-02
cx,-1.690300000000000136e-01,-2.106699999999999962e-01,-2.450400000000000078e-01,-2.860800000000000010e-01,-3.278699999999999948e-01,-3.533100000000000129e-01,-3.410299999999999998e-01,-3.216800000000000215e-01,-2.835699999999999887e-01,-2.190100000000000102e-01,-1.628799999999999970e-01,-1.882900000000000129e-01,-2.120299999999999963e-01,-2.029499999999999915e-01,-1.716499999999999970e-01,-1.688999999999999946e-01,-2.104100000000000137e-01,-2.447600000000000053e-01,-2.857100000000000195e-01,-3.272100000000000009e-01,-3.523399999999999865e-01,-3.399699999999999944e-01,-3.204500000000000126e-01,-2.822700000000000209e-01,-2.179699999999999971e-01,-1.621499999999999886e-01,-1.875600000000000045e-01,-2.112199999999999911e-01,-2.020699999999999996e-01,-1.703699999999999937e-01,2.296000000000000124e-02,1.460999999999999972e-02,3.980000000000000031e-03,4.290000000000000410e-03,4.939999999999999947e-03,2.322000000000000106e-02,1.480000000000000066e-02,4.080000000000000293e-03,4.329999999999999648e-03,5.740000000000000310e-03
cx*c/cref,-2.457000948930296857e-01,-2.849289623912038549e-01,-3.066447868298860513e-01,-3.290848700476391442e-01,-3.440260228848821544e-01,-3.446262113308810604e-01,-3.167329806461771646e-01,-2.837549438179662320e-01,-2.369115848224754850e-01,-1.727609084269700890e-01,-1.193713401274397595e-01,-1.257042368523320353e-01,-1.277160141409877658e-01,-1.090036784658988123e-01,-8.099340103988690587e-02,-2.455111283643892084e-01,-2.845773151219120334e-01,-3.062943928521176806e-01,-3.286592499346720486e-01,-3.433335009246417657e-01,-3.436800523628615878e-01,-3.157485013936628948e-01,-2.826699569338077533e-01,-2.358254859394158798e-01,-1.719405287878483513e-01,-1.188363384188626942e-01,-1.252168817463667760e-01,-1.272281116203340667e-01,-1.085310337896239069e-01,-8.038943044081288403e-02,1.770147741663149338e-02,1.056285076081931416e-02,2.689087385341079085e-03,2.698801985969567514e-03,2.882510703732738769e-03,1.790192968702888909e-02,1.070021842985118682e-02,2.756652395023016094e-03,2.723965640850402326e-03,3.349314056563951810e-03
cy,7.810000000000000275e-02,8.584999999999999576e-02,9.404999999999999472e-02,1.030100000000000043e-01,1.124300000000000022e-01,-7.162999999999999923e-02,-6.852999999999999370e-02,-6.335000000000000353e-02,-5.585999999999999993e-02,-8.026999999999999413e-02,-3.202699999999999991e-01,-2.374400000000000122e-01,-1.820199999999999874e-01,-1.183899999999999952e-01,-8.537000000000000144e-02,-7.800999999999999601e-02,-8.572000000000000453e-02,-9.389999999999999736e-02,-1.028000000000000025e-01,-1.121800000000000019e-01,7.123999999999999777e-02,6.790000000000000202e-02,6.253999999999999837e-02,5.514000000000000151e-02,7.978000000000000369e-02,3.191800000000000193e-01,2.370099999999999985e-01,1.823799999999999866e-01,1.183700000000000030e-01,8.630999999999999783e-02,1.861099999999999977e-01,1.760799999999999865e-01,1.525900000000000034e-01,1.078400000000000053e-01,5.081999999999999712e-02,-1.874000000000000110e-01,-1.774199999999999944e-01,-1.544999999999999984e-01,-1.102599999999999969e-01,-5.294999999999999707e-02
cy*c/cref,1.135252760524499693e-01,1.161112233411726868e-01,1.176948343182777634e-01,1.184949400992984792e-01,1.179700666512559920e-01,-6.986945039096263688e-02,-6.364751242906055428e-02,-5.588123504995076013e-02,-4.666883354439285009e-02,-6.331910926182771071e-02,-2.347191742547589111e-01,-1.585172552882135044e-01,-1.096395269251643212e-01,-6.358682184566523399e-02,-4.028200784605386053e-02,-1.133944530710834925e-01,-1.159353997065267761e-01,-1.175071232587589776e-01,-1.182533719270739136e-01,-1.177077477269224959e-01,6.948903596052181941e-02,6.306239740162282448e-02,5.516673149209029570e-02,4.606730185531367205e-02,6.293258423954921355e-02,2.339203360871575654e-01,1.582301831025079153e-01,1.098563724898992955e-01,6.357607992120445362e-02,4.072554875474884012e-02,1.434852770909968156e-01,1.273036798059592467e-01,1.030974482736671527e-01,6.784121355873150294e-02,2.965368298860279056e-02,-1.444798287402762060e-01,-1.282724833664998232e-01,-1.043879399585921353e-01,-6.936361467902202316e-02,-3.089654691551589269e-02
cz,1.681240000000000068e+00,1.779109999999999969e+00,1.882849999999999913e+00,1.987549999999999928e+00,2.093669999999999920e+00,2.110440000000000094e+00,1.991810000000000080e+00,1.816619999999999902e+00,1.590789999999999926e+00,1.254760000000000097e+00,1.070610000000000062e+00,1.002629999999999910e+00,9.547799999999999621e-01,8.815899999999999848e-01,7.251900000000000013e-01,1.680069999999999952e+00,1.777130000000000098e+00,1.880190000000000028e+00,1.983719999999999928e+00,2.088600000000000012e+00,2.103629999999999889e+00,1.979489999999999972e+00,1.798869999999999969e+00,1.572259999999999991e+00,1.250780000000000003e+00,1.068359999999999976e+00,1.001309999999999922e+00,9.547799999999999621e-01,8.834899999999999975e-01,7.299099999999999477e-01,-2.652100000000000013e-01,-2.454600000000000115e-01,-2.067499999999999893e-01,-1.431000000000000050e-01,-6.718999999999999972e-02,-2.670600000000000196e-01,-2.474899999999999878e-01,-2.093700000000000006e-01,-1.459699999999999886e-01,-7.019000000000000239e-02
cz*c/cref,2.443831435472739955e+00,2.406227589499286612e+00,2.356211789432953729e+00,2.286327717642565371e+00,2.196837049237170714e+00,2.058568796357715946e+00,1.849901528255174510e+00,1.602446238617861729e+00,1.329042493986478668e+00,9.897880346003605778e-01,7.846276427666889486e-01,6.693655477999557180e-01,5.751105786045950241e-01,4.734986592695330510e-01,3.421823740175681805e-01,2.442130736714975825e+00,2.403549660294679757e+00,2.352883046644154152e+00,2.281921974311041268e+00,2.191517221451687814e+00,2.051926175149249243e+00,1.838459278829725374e+00,1.586788907565981344e+00,1.313561407599482811e+00,9.866485048275678293e-01,7.829786648977870023e-01,6.684843029508130696e-01,5.751105786045950241e-01,4.745191420933084214e-01,3.444095156016536152e-01,-2.044690255080504337e-01,-1.774645686345454332e-01,-1.396906575174040321e-01,-9.002297533618766612e-02,-3.920564659591148360e-02,-2.058953205089549821e-01,-1.789322337299912302e-01,-1.414608607710707844e-01,-9.182846757388757331e-02,-4.095615916902853315e-02
Results_Name,VSPAERO_Comp_Load
Results_Timestamp,1749672324
Results_Date,6,11,2025
Results_Time,16,5,24
AoA,1.200000000000000000e+01,1.200000000000000000e+01,1.200000000000000000e+01,1.200000000000000000e+01,1.200000000000000000e+01,1.200000000000000000e+01,1.200000000000000000e+01,1.200000000000000000e+01,1.200000000000000000e+01
Beta,0.000000000000000000e+00,0.000000000000000000e+00,0.000000000000000000e+00,0.000000000000000000e+00,0.000000000000000000e+00,0.000000000000000000e+00,0.000000000000000000e+00,0.000000000000000000e+00,0.000000000000000000e+00
CDi,0.000000000000000000e+00,4.766000000000000097e-02,4.719000000000000278e-02,-2.210000000000000159e-03,-2.230000000000000211e-03,0.000000000000000000e+00,0.000000000000000000e+00,0.000000000000000000e+00,0.000000000000000000e+00
CFx,0.000000000000000000e+00,-1.429700000000000137e-01,-1.425400000000000000e-01,8.099999999999999561e-04,8.300000000000000086e-04,0.000000000000000000e+00,0.000000000000000000e+00,0.000000000000000000e+00,0.000000000000000000e+00
CFy,0.000000000000000000e+00,-1.026999999999999962e-02,1.009999999999999960e-02,1.043999999999999963e-02,-1.058000000000000086e-02,0.000000000000000000e+00,0.000000000000000000e+00,0.000000000000000000e+00,0.000000000000000000e+00
CFz,0.000000000000000000e+00,9.018599999999999950e-01,8.975499999999999590e-01,-1.442000000000000053e-02,-1.460000000000000013e-02,0.000000000000000000e+00,0.000000000000000000e+00,0.000000000000000000e+00,0.000000000000000000e+00
CL,0.000000000000000000e+00,9.118800000000000239e-01,9.075699999999999878e-01,-1.426999999999999970e-02,-1.444999999999999930e-02,0.000000000000000000e+00,0.000000000000000000e+00,0.000000000000000000e+00,0.000000000000000000e+00
Cmx,0.000000000000000000e+00,1.844000000000000083e-01,-1.832399999999999862e-01,-3.499999999999999964e-04,3.499999999999999964e-04,3.000000000000000076e-05,-3.000000000000000076e-05,-0.000000000000000000e+00,0.000000000000000000e+00
Cmy,0.000000000000000000e+00,-3.344699999999999895e-01,-3.323599999999999888e-01,4.726000000000000340e-02,4.782999999999999752e-02,2.372000000000000150e-02,2.363000000000000170e-02,-0.000000000000000000e+00,0.000000000000000000e+00
Cmz,0.000000000000000000e+00,3.142999999999999960e-02,-3.132000000000000062e-02,2.870000000000000155e-03,-2.899999999999999800e-03,2.000000000000000164e-05,-2.000000000000000164e-05,0.000000000000000000e+00,1.000000000000000082e-05
Comp_ID,0,1,2,3,4,5,6,7,8
Comp_Name,NONE,main_wing,main_wing,horizontal_tail,horizontal_tail,fuselage,fuselage,fuselage,fuselage
Cs,0.000000000000000000e+00,-1.026999999999999962e-02,1.009999999999999960e-02,1.043999999999999963e-02,-1.058000000000000086e-02,0.000000000000000000e+00,0.000000000000000000e+00,0.000000000000000000e+00,0.000000000000000000e+00
Mach,1.499999999999999944e-01,1.499999999999999944e-01,1.499999999999999944e-01,1.499999999999999944e-01,1.499999999999999944e-01,1.499999999999999944e-01,1.499999999999999944e-01,1.499999999999999944e-01,1.499999999999999944e-01
Results_Name,VSPAERO_Load
Results_Timestamp,1749672324
Results_Date,6,11,2025
Results_Time,16,5,24
AnalysisMethod,0
Chord,1.735549999999999926e+00,1.614840000000000053e+00,1.494150000000000089e+00,1.373459999999999903e+00,1.252809999999999979e+00,1.164630000000000054e+00,1.108910000000000062e+00,1.053209999999999980e+00,9.975199999999999623e-01,9.418400000000000105e-01,8.750400000000000400e-01,7.971099999999999852e-01,7.191899999999999959e-01,6.412799999999999612e-01,5.633799999999999919e-01,1.735549999999999926e+00,1.614840000000000053e+00,1.494150000000000089e+00,1.373459999999999903e+00,1.252809999999999979e+00,1.164630000000000054e+00,1.108910000000000062e+00,1.053209999999999980e+00,9.975199999999999623e-01,9.418400000000000105e-01,8.750400000000000400e-01,7.971099999999999852e-01,7.191899999999999959e-01,6.412799999999999612e-01,5.633799999999999919e-01,9.205200000000000049e-01,8.632300000000000528e-01,8.067100000000000382e-01,7.511200000000000099e-01,6.966900000000000315e-01,9.205200000000000049e-01,8.632300000000000528e-01,8.067100000000000382e-01,7.511200000000000099e-01,6.966900000000000315e-01
FC_AoA_,1.300000000000000000e+01
FC_Beta_,0.000000000000000000e+00
FC_Bref_,1.417173599999999922e+01
FC_Cref_,1.193975999999999926e+00
FC_Mach_,1.499999999999999944e-01
FC_Pitch_Rate,0.000000000000000000e+00
FC_Rho_,2.377000000000000206e-03
FC_Roll__Rate,0.000000000000000000e+00
FC_Sref_,1.619368700000000061e+01
FC_Vinf_,5.100000000000000000e+01
FC_Xcg_,1.785187999999999997e+00
FC_Yaw___Rate,0.000000000000000000e+00
FC_Ycg_,-0.000000000000000000e+00
FC_Zcg_,7.542510000000000048e-01
S,3.314000000000000279e-02,8.981999999999999706e-02,1.368900000000000117e-01,1.839600000000000124e-01,2.310300000000000131e-01,2.997400000000000064e-01,4.117600000000000149e-01,5.454599999999999449e-01,6.791599999999999859e-01,8.128699999999999815e-01,9.157600000000000184e-01,9.578200000000000047e-01,9.698700000000000099e-01,9.819200000000000150e-01,9.939700000000000202e-01,3.314000000000000279e-02,8.981999999999999706e-02,1.368900000000000117e-01,1.839600000000000124e-01,2.310300000000000131e-01,2.997400000000000064e-01,4.117600000000000149e-01,5.454599999999999449e-01,6.791599999999999859e-01,8.128699999999999815e-01,9.157600000000000184e-01,9.578200000000000047e-01,9.698700000000000099e-01,9.819200000000000150e-01,9.939700000000000202e-01,1.026500000000000051e-01,3.046400000000000219e-01,5.033100000000000351e-01,7.019900000000000029e-01,9.006600000000000161e-01,1.026500000000000051e-01,3.046400000000000219e-01,5.033100000000000351e-01,7.019900000000000029e-01,9.006600000000000161e-01
V/Vref,9.678499999999999881e-01,9.741400000000000059e-01,9.847599999999999687e-01,9.870600000000000485e-01,9.967200000000000504e-01,1.000029999999999974e+00,9.986399999999999721e-01,9.966000000000000414e-01,9.917200000000000459e-01,9.899999999999999911e-01,1.011849999999999916e+00,1.009679999999999911e+00,1.009400000000000075e+00,1.007700000000000040e+00,1.012399999999999967e+00,9.679400000000000226e-01,9.742199999999999749e-01,9.848599999999999577e-01,9.871400000000000174e-01,9.967599999999999794e-01,1.000050000000000106e+00,9.985399999999999832e-01,9.965199999999999614e-01,9.914500000000000535e-01,9.899299999999999766e-01,1.011600000000000055e+00,1.009509999999999907e+00,1.009190000000000031e+00,1.007439999999999891e+00,1.011849999999999916e+00,9.651999999999999469e-01,9.760900000000000132e-01,9.861999999999999655e-01,9.934100000000000152e-01,9.955000000000000515e-01,9.649699999999999944e-01,9.760199999999999987e-01,9.859900000000000331e-01,9.929400000000000448e-01,9.954600000000000115e-01
WingId,1,1,1,1,1,1,1,1,1,1,1,1,1,1,1,2,2,2,2,2,2,2,2,2,2,2,2,2,2,2,3,3,3,3,3,4,4,4,4,4
Xavg,2.392879999999999896e+00,2.382319999999999993e+00,2.371750000000000025e+00,2.361190000000000122e+00,2.350620000000000154e+00,2.337899999999999867e+00,2.323770000000000113e+00,2.309619999999999784e+00,2.295469999999999899e+00,2.281299999999999883e+00,2.284749999999999837e+00,2.305000000000000160e+00,2.325239999999999974e+00,2.345470000000000166e+00,2.365699999999999914e+00,2.392879999999999896e+00,2.382319999999999993e+00,2.371750000000000025e+00,2.361190000000000122e+00,2.350620000000000154e+00,2.337899999999999867e+00,2.323770000000000113e+00,2.309619999999999784e+00,2.295469999999999899e+00,2.281299999999999883e+00,2.284749999999999837e+00,2.305000000000000160e+00,2.325239999999999974e+00,2.345470000000000166e+00,2.365699999999999914e+00,5.819969999999999644e+00,5.917910000000000004e+00,6.015850000000000364e+00,6.113780000000000214e+00,6.211730000000000196e+00,5.819969999999999644e+00,5.917910000000000004e+00,6.015850000000000364e+00,6.113780000000000214e+00,6.211730000000000196e+00
Yavg,1.718899999999999872e-01,5.195499999999999563e-01,8.671900000000000164e-01,1.214800000000000102e+00,1.562359999999999971e+00,2.228590000000000071e+00,3.216559999999999864e+00,4.204550000000000232e+00,5.192569999999999908e+00,6.180620000000000225e+00,6.716649999999999565e+00,6.791660000000000252e+00,6.866660000000000430e+00,6.941650000000000098e+00,7.016610000000000014e+00,-1.718899999999999872e-01,-5.195499999999999563e-01,-8.671900000000000164e-01,-1.214800000000000102e+00,-1.562359999999999971e+00,-2.228590000000000071e+00,-3.216559999999999864e+00,-4.204550000000000232e+00,-5.192569999999999908e+00,-6.180620000000000225e+00,-6.716649999999999565e+00,-6.791660000000000252e+00,-6.866660000000000430e+00,-6.941650000000000098e+00,-7.016610000000000014e+00,1.247400000000000037e-01,3.766700000000000048e-01,6.286100000000000021e-01,8.805399999999999894e-01,1.132460000000000022e+00,-1.247400000000000037e-01,-3.766700000000000048e-01,-6.286100000000000021e-01,-8.805399999999999894e-01,-1.132460000000000022e+00
Zavg,1.119259999999999922e+00,1.109900000000000109e+00,1.100540000000000074e+00,1.091180000000000039e+00,1.081830000000000069e+00,1.094910000000000050e+00,1.130849999999999911e+00,1.166740000000000110e+00,1.202599999999999891e+00,1.238469999999999960e+00,1.270329999999999959e+00,1.298289999999999944e+00,1.326240000000000085e+00,1.354190000000000005e+00,1.382130000000000081e+00,1.119259999999999922e+00,1.109900000000000109e+00,1.100540000000000074e+00,1.091180000000000039e+00,1.081830000000000069e+00,1.094910000000000050e+00,1.130849999999999911e+00,1.166740000000000110e+00,1.202599999999999891e+00,1.238469999999999960e+00,1.270329999999999959e+00,1.298289999999999944e+00,1.326240000000000085e+00,1.354190000000000005e+00,1.382130000000000081e+00,3.569700000000000095e-01,5.334799999999999542e-01,7.099999999999999645e-01,8.865300000000000402e-01,1.063090000000000090e+00,3.569700000000000095e-01,5.334799999999999542e-01,7.099999999999999645e-01,8.865300000000000402e-01,1.063090000000000090e+00
cd,2.023699999999999943e-01,1.785499999999999865e-01,1.648499999999999965e-01,1.436699999999999922e-01,1.229200000000000015e-01,1.001400000000000068e-01,8.758000000000000507e-02,7.019999999999999851e-02,6.044000000000000067e-02,5.367999999999999855e-02,7.120999999999999552e-02,2.606999999999999942e-02,-1.314000000000000064e-02,-2.641999999999999904e-02,-4.381000000000000172e-02,2.023600000000000121e-01,1.785200000000000120e-01,1.647500000000000075e-01,1.435299999999999909e-01,1.229800000000000060e-01,1.000500000000000000e-01,8.616999999999999660e-02,6.827999999999999348e-02,5.900999999999999995e-02,5.369000000000000161e-02,7.102999999999999592e-02,2.597000000000000003e-02,-1.311000000000000013e-02,-2.639999999999999986e-02,-4.406999999999999806e-02,-2.989999999999999949e-02,-3.175000000000000044e-02,-3.201999999999999985e-02,-1.975000000000000019e-02,-6.939999999999999988e-03,-3.006999999999999951e-02,-3.203000000000000291e-02,-3.262999999999999928e-02,-2.055999999999999842e-02,-7.649999999999999682e-03
cd*c/cref,2.941627415458937245e-01,2.414869997386882294e-01,2.062944544111439682e-01,1.652671395404932686e-01,1.289769687162891088e-01,9.767872067780258849e-02,8.134027635396356981e-02,6.192364168123982993e-02,5.049524345547984350e-02,4.234421060389823716e-02,5.218831735311262737e-02,1.740458577056825176e-02,-7.914863112826390004e-03,-1.419008221270779205e-02,-2.067183745736932837e-02,2.941482056590752348e-01,2.414464250537699530e-01,2.061693137047981295e-01,1.651060940923435583e-01,1.290399252581291567e-01,9.759093273231624066e-02,8.003073319731719704e-02,6.023000361816317760e-02,4.930053468411425138e-02,4.235209886965902309e-02,5.205639912360048027e-02,1.733782479714835248e-02,-7.896792649098474323e-03,-1.417934028824699953e-02,-2.079451898530623732e-02,-2.305201109570041706e-02,-2.295486048295778195e-02,-2.163431610015612017e-02,-1.242455459741234440e-02,-4.049519085810770504e-03,-2.318307604172948483e-02,-2.315729704784686219e-02,-2.204646265921593115e-02,-1.293411860874925379e-02,-4.463807061448471503e-03
cl,1.743579999999999908e+00,1.854389999999999983e+00,1.970029999999999948e+00,2.088000000000000078e+00,2.207780000000000076e+00,2.232400000000000162e+00,2.112600000000000033e+00,1.935659999999999936e+00,1.699119999999999964e+00,1.343739999999999934e+00,1.138379999999999947e+00,1.069169999999999954e+00,1.016990000000000061e+00,9.197600000000000220e-01,7.089199999999999946e-01,1.742839999999999945e+00,1.853169999999999984e+00,1.968390000000000084e+00,2.085609999999999964e+00,2.204450000000000021e+00,2.227329999999999810e+00,2.101970000000000116e+00,1.921580000000000066e+00,1.686609999999999943e+00,1.339329999999999909e+00,1.134649999999999936e+00,1.065609999999999946e+00,1.013589999999999991e+00,9.165600000000000414e-01,7.051399999999999890e-01,-2.233700000000000130e-01,-2.007899999999999963e-01,-1.621799999999999908e-01,-1.038599999999999940e-01,-3.853000000000000175e-02,-2.257099999999999940e-01,-2.031100000000000128e-01,-1.653100000000000125e-01,-1.088800000000000046e-01,-4.293000000000000288e-02
cl*c/cref,2.534448153899240719e+00,2.508042998854248307e+00,2.465309457225270950e+00,2.401877826689983841e+00,2.316569899059948145e+00,2.177531216707873973e+00,1.962085725341213172e+00,1.707451798528613729e+00,1.419547949372516715e+00,1.059977823339832703e+00,8.342948561780136885e-01,7.137882995135580444e-01,6.125826968883797408e-01,4.939996221029568368e-01,3.345053414809007752e-01,2.533372498274672147e+00,2.506392961667571306e+00,2.463257149641199018e+00,2.399128550825142092e+00,2.313075810987825776e+00,2.172585829112142708e+00,1.952213070195716105e+00,1.695031786066051760e+00,1.409096336274765937e+00,1.056499098139326076e+00,8.315612173109008243e-01,7.114116088598095855e-01,6.105347109992160792e-01,4.922809141892299789e-01,3.327217408055103132e-01,-1.722116293794850317e-01,-1.451687066574202656e-01,-1.095769327021648698e-01,-6.533742989808839774e-02,-2.248241648073328464e-02,-1.740156998130615862e-01,-1.468460381950726090e-01,-1.116917175052095090e-01,-6.849546858563321239e-02,-2.504983492130495593e-02
cmx,1.587699999999999945e-01,5.783099999999999907e-01,1.117510000000000003e+00,1.807169999999999943e+00,2.693099999999999827e+00,4.234919999999999796e+00,6.060520000000000351e+00,7.626940000000000275e+00,8.724410000000000664e+00,8.712040000000000006e+00,8.831889999999999574e+00,9.088419999999999277e+00,9.570000000000000284e+00,9.723449999999999704e+00,8.531869999999999621e+00,-1.587099999999999900e-01,-5.779400000000000093e-01,-1.116589999999999971e+00,-1.805109999999999992e+00,-2.689099999999999824e+00,-4.225340000000000096e+00,-6.029370000000000118e+00,-7.570170000000000066e+00,-8.658889999999999532e+00,-8.683880000000000265e+00,-8.802740000000000009e+00,-9.057740000000000791e+00,-9.537490000000000023e+00,-9.688810000000000144e+00,-8.484069999999999112e+00,4.426999999999999685e-02,-4.583000000000000268e-02,-1.180599999999999983e-01,-1.358399999999999885e-01,-7.815999999999999337e-02,-4.481000000000000261e-02,4.626999999999999863e-02,1.203000000000000042e-01,1.421900000000000108e-01,8.673999999999999766e-02
cmx*c/cref,2.307862750172532673e-01,7.821582011698727799e-01,1.398459907485577691e+00,2.078832160947958752e+00,2.825804380490060108e+00,4.130832512211300767e+00,5.628732263630090493e+00,6.727747858750930732e+00,7.288901504887871141e+00,6.872288683859642866e+00,6.472707178033729747e+00,6.067517660488987552e+00,5.764477929204607776e+00,5.222428269914972887e+00,4.025780183688784319e+00,-2.306990596963422735e-01,-7.816577800558806022e-01,-1.397308612987195886e+00,-2.076462492210898514e+00,-2.821607277700724392e+00,-4.121487973125088189e+00,-5.599801576162335870e+00,-6.677670862479648584e+00,-7.234162121181665128e+00,-6.850075327477269660e+00,-6.451343753643290491e+00,-6.047035393843763096e+00,-5.744895570011458119e+00,-5.203823256748879800e+00,-4.003225656629613383e+00,3.413085388651028451e-02,-3.313452774595134626e-02,-7.976725043049441577e-02,-8.545577197531607772e-02,-4.560668757160948189e-02,-3.454717783272025916e-02,3.345264234791989200e-02,8.128070664736980477e-02,8.945050218764867556e-02,5.061315353072424333e-02
cmy,-4.908100000000000240e-01,-5.529100000000000126e-01,-6.180700000000000083e-01,-7.044000000000000261e-01,-8.090899999999999759e-01,-8.656099999999999905e-01,-8.252099999999999991e-01,-7.593400000000000150e-01,-6.616800000000000459e-01,-4.889100000000000112e-01,-4.476899999999999769e-01,-5.245499999999999607e-01,-6.366199999999999637e-01,-7.155000000000000249e-01,-6.918900000000000050e-01,-4.906900000000000150e-01,-5.525999999999999801e-01,-6.176700000000000523e-01,-7.036099999999999577e-01,-8.077699999999999880e-01,-8.633600000000000163e-01,-8.195799999999999752e-01,-7.513900000000000023e-01,-6.541000000000000147e-01,-4.867299999999999960e-01,-4.457999999999999741e-01,-5.223999999999999755e-01,-6.340999999999999970e-01,-7.126099999999999657e-01,-6.872099999999999875e-01,9.109399999999999720e-01,9.095400000000000151e-01,8.190800000000000303e-01,5.737900000000000222e-01,2.332599999999999951e-01,9.193999999999999950e-01,9.185600000000000431e-01,8.337299999999999711e-01,6.002399999999999958e-01,2.589799999999999880e-01
cmy*c/cref,-7.134358609385783589e-01,-7.478049679390541549e-01,-7.734571637118334841e-01,-8.102886691189772339e-01,-8.489584739559254967e-01,-8.443347054714668287e-01,-7.664170980823735713e-01,-6.698162118836560319e-01,-5.528076222637641202e-01,-3.856652013105791310e-01,-3.281026231683049077e-01,-3.501946860740919321e-01,-3.834672872821563994e-01,-3.842923475848760706e-01,-3.264697014010332077e-01,-7.132614302967563713e-01,-7.473856961948984745e-01,-7.729566008864501292e-01,-8.093799126615609518e-01,-8.475734300354447193e-01,-8.421400068343083412e-01,-7.611882129959061105e-01,-6.628034917787293256e-01,-5.464748303148472264e-01,-3.839455593747277962e-01,-3.267174817584273527e-01,-3.487593251455640697e-01,-3.819493683290116626e-01,-3.827401395002914541e-01,-3.242614338981688049e-01,7.023076584453958882e-01,6.575862615328952332e-01,5.534114813028068181e-01,3.609663383518597057e-01,1.361081876017608550e-01,7.088300669360189099e-01,6.641076108732504313e-01,5.633097552212105175e-01,3.776058051418119121e-01,1.511159153952843504e-01
cmz,4.002000000000000002e-02,1.011699999999999960e-01,1.894599999999999895e-01,3.208300000000000041e-01,5.041799999999999615e-01,7.521999999999999797e-01,1.110770000000000035e+00,1.447780000000000067e+00,1.669499999999999984e+00,1.609429999999999916e+00,1.262559999999999905e+00,1.682050000000000045e+00,2.174760000000000026e+00,2.429790000000000116e+00,2.466489999999999849e+00,-4.000000000000000083e-02,-1.010800000000000032e-01,-1.892999999999999960e-01,-3.204500000000000126e-01,-5.031900000000000261e-01,-7.503600000000000270e-01,-1.108119999999999994e+00,-1.443000000000000060e+00,-1.662230000000000096e+00,-1.602899999999999991e+00,-1.258599999999999941e+00,-1.677380000000000093e+00,-2.168489999999999807e+00,-2.423090000000000188e+00,-2.460669999999999913e+00,6.370999999999999996e-01,6.428000000000000380e-01,5.957299999999999818e-01,4.232500000000000151e-01,1.765799999999999870e-01,-6.428300000000000125e-01,-6.485400000000000054e-01,-6.057700000000000307e-01,-4.404199999999999782e-01,-1.935300000000000076e-01
cmz*c/cref,5.817261904761904245e-02,1.368313624394460193e-01,2.370915822428591724e-01,3.690586509276568283e-01,5.290238210818307696e-01,7.337121399425113877e-01,1.031632093693675811e+00,1.277091309875575620e+00,1.394801604052342769e+00,1.269561156338150809e+00,9.253037769603409401e-01,1.122952953409448895e+00,1.309964056563951207e+00,1.305031031779533279e+00,1.163818314773496176e+00,-5.814354727398205608e-02,-1.367096383846911622e-01,-2.368913571127058137e-01,-3.686215275683933368e-01,-5.279850381414702420e-01,-7.319173641681240294e-01,-1.029170895562389942e+00,-1.272874856781041064e+00,-1.388727804914001718e+00,-1.264410118796357896e+00,-9.224015759110736346e-01,-1.119835215950739427e+00,-1.306187329644816986e+00,-1.301432487085167677e+00,-1.161072135955831586e+00,4.911851595006935245e-01,4.647365139667799516e-01,4.025050321782012719e-01,2.662629232078366770e-01,1.030351700536694254e-01,-4.956028191521438253e-01,-4.688864635470060271e-01,-4.092885591502677389e-01,-2.770644220654351342e-01,-1.129255660917807685e-01
cs,8.246000000000000552e-02,9.105000000000000593e-02,1.002200000000000035e-01,1.101400000000000018e-01,1.206099999999999950e-01,-7.434000000000000330e-02,-7.126000000000000389e-02,-6.600999999999999923e-02,-5.865999999999999687e-02,-8.773000000000000242e-02,-3.303599999999999870e-01,-2.364199999999999913e-01,-1.711799999999999988e-01,-9.185999999999999721e-02,-4.318999999999999923e-02,-8.239000000000000490e-02,-9.096999999999999531e-02,-1.001200000000000007e-01,-1.100000000000000006e-01,-1.204500000000000015e-01,7.405000000000000471e-02,7.073999999999999733e-02,6.539999999999999980e-02,5.832999999999999990e-02,8.744000000000000383e-02,3.288400000000000212e-01,2.350800000000000112e-01,1.700200000000000045e-01,9.084000000000000408e-02,4.216000000000000303e-02,1.567199999999999982e-01,1.445599999999999941e-01,1.212899999999999950e-01,7.889999999999999791e-02,3.014999999999999972e-02,-1.582899999999999863e-01,-1.460799999999999876e-01,-1.235099999999999948e-01,-8.229999999999999816e-02,-3.318999999999999728e-02
cs*c/cref,1.198629227053140123e-01,1.231441687270096036e-01,1.254160158998171015e-01,1.266967547086373658e-01,1.265531418554476928e-01,-7.251284297171803339e-02,-6.618301088129074916e-02,-5.822762944983819050e-02,-4.900812344636742979e-02,-6.920375551937392455e-02,-2.421139238979678199e-01,-1.578362933593304984e-01,-1.031100660314780287e-01,-4.933765904842308397e-02,-2.037928919844285078e-02,-1.197611714975845426e-01,-1.230359695672274822e-01,-1.252908751934712350e-01,-1.265357092604876554e-01,-1.263852577438742686e-01,7.222997070292870581e-02,6.570005879515165848e-02,5.768954652354821994e-02,4.873242142220614304e-02,6.897499581231114618e-02,2.409999477376430221e-01,1.569416963155038369e-01,1.024113414339986872e-01,4.878982090092263274e-02,1.989328160700047643e-02,1.208264608333835949e-01,1.045151065013032177e-01,8.194960024322096859e-02,4.963530925244728775e-02,1.759265135982633274e-02,-1.220368841584755504e-01,-1.056140478535581989e-01,-8.344954345815996932e-02,-5.177421991731827322e-02,-1.936650410058493935e-02
cx,-1.950399999999999912e-01,-2.431800000000000073e-01,-2.825300000000000034e-01,-3.297200000000000131e-01,-3.768699999999999828e-01,-4.046000000000000152e-01,-3.899000000000000243e-01,-3.670300000000000229e-01,-3.233300000000000063e-01,-2.499699999999999978e-01,-1.867000000000000048e-01,-2.151099999999999957e-01,-2.415799999999999892e-01,-2.326400000000000134e-01,-2.021600000000000064e-01,-1.948799999999999977e-01,-2.429300000000000070e-01,-2.822600000000000109e-01,-3.293099999999999916e-01,-3.760700000000000154e-01,-4.035599999999999743e-01,-3.888800000000000034e-01,-3.657299999999999995e-01,-3.219000000000000195e-01,-2.489699999999999969e-01,-1.860300000000000009e-01,-2.144099999999999895e-01,-2.407799999999999940e-01,-2.318999999999999950e-01,-2.015699999999999992e-01,2.111999999999999988e-02,1.422999999999999959e-02,5.290000000000000431e-03,4.109999999999999938e-03,1.910000000000000022e-03,2.146999999999999950e-02,1.447999999999999982e-02,5.389999999999999826e-03,4.449999999999999963e-03,2.210000000000000159e-03
cx*c/cref,-2.835079365079364866e-01,-3.288983959476572960e-01,-3.535600376389475552e-01,-3.792850368851635179e-01,-3.954405320542456748e-01,-3.946555860419305173e-01,-3.621211892031331314e-01,-3.237583220265734529e-01,-2.701295014305145070e-01,-1.971829792223629418e-01,-1.368285191662144129e-01,-1.436095299235495559e-01,-1.455154209129831677e-01,-1.249500653279462942e-01,-9.538960649125276248e-02,-2.832753623188405401e-01,-3.285602735733381685e-01,-3.532221577318137573e-01,-3.788134037870107829e-01,-3.946011114963785538e-01,-3.936411475607549670e-01,-3.611738601110910385e-01,-3.226115879213652948e-01,-2.689347926591489357e-01,-1.963941526462843479e-01,-1.363374902008080702e-01,-1.431422031096102332e-01,-1.450335418802388143e-01,-1.245526141228969347e-01,-9.511121379324208314e-02,1.628289211843454362e-02,1.028811542275556712e-02,3.574189012174449568e-03,2.585565539005809342e-03,1.114493004884520560e-03,1.655273171320026729e-02,1.046886235569224194e-02,3.641754021856385710e-03,2.799456605492907629e-03,1.289544262196225342e-03
cy,8.246000000000000552e-02,9.105000000000000593e-02,1.002200000000000035e-01,1.101400000000000018e-01,1.206099999999999950e-01,-7.434000000000000330e-02,-7.126000000000000389e-02,-6.600999999999999923e-02,-5.865999999999999687e-02,-8.773000000000000242e-02,-3.303599999999999870e-01,-2.364199999999999913e-01,-1.711799999999999988e-01,-9.185999999999999721e-02,-4.318999999999999923e-02,-8.239000000000000490e-02,-9.096999999999999531e-02,-1.001200000000000007e-01,-1.100000000000000006e-01,-1.204500000000000015e-01,7.405000000000000471e-02,7.073999999999999733e-02,6.539999999999999980e-02,5.832999999999999990e-02,8.744000000000000383e-02,3.288400000000000212e-01,2.350800000000000112e-01,1.700200000000000045e-01,9.084000000000000408e-02,4.216000000000000303e-02,1.567199999999999982e-01,1.445599999999999941e-01,1.212899999999999950e-01,7.889999999999999791e-02,3.014999999999999972e-02,-1.582899999999999863e-01,-1.460799999999999876e-01,-1.235099999999999948e-01,-8.229999999999999816e-02,-3.318999999999999728e-02
cy*c/cref,1.198629227053140123e-01,1.231441687270096036e-01,1.254160158998171015e-01,1.266967547086373658e-01,1.265531418554476928e-01,-7.251284297171803339e-02,-6.618301088129074916e-02,-5.822762944983819050e-02,-4.900812344636742979e-02,-6.920375551937392455e-02,-2.421139238979678199e-01,-1.578362933593304984e-01,-1.031100660314780287e-01,-4.933765904842308397e-02,-2.037928919844285078e-02,-1.197611714975845426e-01,-1.230359695672274822e-01,-1.252908751934712350e-01,-1.265357092604876554e-01,-1.263852577438742686e-01,7.222997070292870581e-02,6.570005879515165848e-02,5.768954652354821994e-02,4.873242142220614304e-02,6.897499581231114618e-02,2.409999477376430221e-01,1.569416963155038369e-01,1.024113414339986872e-01,4.878982090092263274e-02,1.989328160700047643e-02,1.208264608333835949e-01,1.045151065013032177e-01,8.194960024322096859e-02,4.963530925244728775e-02,1.759265135982633274e-02,-1.220368841584755504e-01,-1.056140478535581989e-01,-8.344954345815996932e-02,-5.177421991731827322e-02,-1.936650410058493935e-02
cz,1.744410000000000016e+00,1.847029999999999950e+00,1.956620000000000026e+00,2.066800000000000193e+00,2.178840000000000110e+00,2.197709999999999830e+00,2.078149999999999942e+00,1.901839999999999975e+00,1.669170000000000043e+00,1.321379999999999999e+00,1.125229999999999952e+00,1.047630000000000061e+00,9.879700000000000149e-01,8.902400000000000313e-01,6.808999999999999497e-01,1.743689999999999962e+00,1.845830000000000082e+00,1.955000000000000071e+00,2.064439999999999831e+00,2.175619999999999887e+00,2.192750000000000199e+00,2.067480000000000206e+00,1.887690000000000090e+00,1.656649999999999956e+00,1.317080000000000028e+00,1.121550000000000047e+00,1.044140000000000068e+00,9.846599999999999797e-01,8.871299999999999741e-01,6.771500000000000297e-01,-2.243700000000000139e-01,-2.027899999999999980e-01,-1.652200000000000057e-01,-1.056399999999999978e-01,-3.910999999999999893e-02,-2.266900000000000026e-01,-2.051099999999999868e-01,-1.684100000000000041e-01,-1.107100000000000029e-01,-4.354999999999999843e-02
cz*c/cref,2.535654632505175865e+00,2.498088676154294863e+00,2.448528088504291933e+00,2.377490944541599038e+00,2.286203860379103503e+00,2.143693840830971364e+00,1.930090149634498653e+00,1.677619069730045043e+00,1.394525902028181497e+00,1.042339661098715675e+00,8.246574966330982859e-01,6.994079858389113946e-01,5.951025349755774130e-01,4.781445415988261338e-01,3.212840475855460731e-01,2.534608048654244161e+00,2.496465688757563139e+00,2.446500809061488813e+00,2.374776178415646033e+00,2.282825192633687994e+00,2.138855749613057800e+00,1.920180344328529687e+00,1.665137310046433283e+00,1.384065934323637892e+00,1.038947706821577777e+00,8.219605017186276674e-01,6.970780278665568153e-01,5.931087604775975297e-01,4.764741723451727529e-01,3.195146024710714405e-01,-1.729825996502442620e-01,-1.466146821209136641e-01,-1.116309089964957479e-01,-6.645721254028556790e-02,-2.282084891153591394e-02,-1.747712506784056263e-01,-1.482920136585660076e-01,-1.137862328053495381e-01,-6.964670579643142401e-02,-2.541160751974914575e-02
Results_Name,VSPAERO_Comp_Load
Results_Timestamp,1749672324
Results_Date,6,11,2025
Results_Time,16,5,24
AoA,1.300000000000000000e+01,1.300000000000000000e+01,1.300000000000000000e+01,1.300000000000000000e+01,1.300000000000000000e+01,1.300000000000000000e+01,1.300000000000000000e+01,1.300000000000000000e+01,1.300000000000000000e+01
Beta,0.000000000000000000e+00,0.000000000000000000e+00,0.000000000000000000e+00,0.000000000000000000e+00,0.000000000000000000e+00,0.000000000000000000e+00,0.000000000000000000e+00,0.000000000000000000e+00,0.000000000000000000e+00
CDi,0.000000000000000000e+00,5.206000000000000211e-02,5.174000000000000127e-02,-1.860000000000000108e-03,-1.899999999999999996e-03,0.000000000000000000e+00,0.000000000000000000e+00,0.000000000000000000e+00,0.000000000000000000e+00
CFx,0.000000000000000000e+00,-1.637599999999999889e-01,-1.633100000000000107e-01,7.500000000000000156e-04,7.699999999999999597e-04,0.000000000000000000e+00,0.000000000000000000e+00,0.000000000000000000e+00,0.000000000000000000e+00
CFy,0.000000000000000000e+00,-1.022999999999999951e-02,1.009000000000000001e-02,8.290000000000000493e-03,-8.460000000000000506e-03,0.000000000000000000e+00,0.000000000000000000e+00,0.000000000000000000e+00,0.000000000000000000e+00
CFz,0.000000000000000000e+00,9.407299999999999551e-01,9.373700000000000365e-01,-1.152000000000000073e-02,-1.178000000000000054e-02,0.000000000000000000e+00,0.000000000000000000e+00,0.000000000000000000e+00,0.000000000000000000e+00
CL,0.000000000000000000e+00,9.534599999999999742e-01,9.500800000000000356e-01,-1.139000000000000082e-02,-1.165000000000000063e-02,0.000000000000000000e+00,0.000000000000000000e+00,0.000000000000000000e+00,0.000000000000000000e+00
Cmx,0.000000000000000000e+00,1.927599999999999869e-01,-1.918199999999999905e-01,-2.500000000000000052e-04,2.599999999999999772e-04,3.000000000000000076e-05,-4.000000000000000327e-05,-0.000000000000000000e+00,0.000000000000000000e+00
Cmy,0.000000000000000000e+00,-3.470699999999999896e-01,-3.454800000000000093e-01,3.758000000000000229e-02,3.837999999999999745e-02,2.615999999999999923e-02,2.611000000000000126e-02,-0.000000000000000000e+00,0.000000000000000000e+00
Cmz,0.000000000000000000e+00,3.592999999999999666e-02,-3.581999999999999768e-02,2.269999999999999882e-03,-2.309999999999999987e-03,2.000000000000000164e-05,-2.000000000000000164e-05,0.000000000000000000e+00,1.000000000000000082e-05
Comp_ID,0,1,2,3,4,5,6,7,8
Comp_Name,NONE,main_wing,main_wing,horizontal_tail,horizontal_tail,fuselage,fuselage,fuselage,fuselage
Cs,0.000000000000000000e+00,-1.022999999999999951e-02,1.009000000000000001e-02,8.290000000000000493e-03,-8.460000000000000506e-03,0.000000000000000000e+00,0.000000000000000000e+00,0.000000000000000000e+00,0.000000000000000000e+00
Mach,1.499999999999999944e-01,1.499999999999999944e-01,1.499999999999999944e-01,1.499999999999999944e-01,1.499999999999999944e-01,1.499999999999999944e-01,1.499999999999999944e-01,1.499999999999999944e-01,1.499999999999999944e-01
Results_Name,VSPAERO_Load
Results_Timestamp,1749672324
Results_Date,6,11,2025
Results_Time,16,5,24
AnalysisMethod,0
Chord,1.735549999999999926e+00,1.614840000000000053e+00,1.494150000000000089e+00,1.373459999999999903e+00,1.252809999999999979e+00,1.164630000000000054e+00,1.108910000000000062e+00,1.053209999999999980e+00,9.975199999999999623e-01,9.418400000000000105e-01,8.750400000000000400e-01,7.971099999999999852e-01,7.191899999999999959e-01,6.412799999999999612e-01,5.633799999999999919e-01,1.735549999999999926e+00,1.614840000000000053e+00,1.494150000000000089e+00,1.373459999999999903e+00,1.252809999999999979e+00,1.164630000000000054e+00,1.108910000000000062e+00,1.053209999999999980e+00,9.975199999999999623e-01,9.418400000000000105e-01,8.750400000000000400e-01,7.971099999999999852e-01,7.191899999999999959e-01,6.412799999999999612e-01,5.633799999999999919e-01,9.205200000000000049e-01,8.632300000000000528e-01,8.067100000000000382e-01,7.511200000000000099e-01,6.966900000000000315e-01,9.205200000000000049e-01,8.632300000000000528e-01,8.067100000000000382e-01,7.511200000000000099e-01,6.966900000000000315e-01
FC_AoA_,1.400000000000000000e+01
FC_Beta_,0.000000000000000000e+00
FC_Bref_,1.417173599999999922e+01
FC_Cref_,1.193975999999999926e+00
FC_Mach_,1.499999999999999944e-01
FC_Pitch_Rate,0.000000000000000000e+00
FC_Rho_,2.377000000000000206e-03
FC_Roll__Rate,0.000000000000000000e+00
FC_Sref_,1.619368700000000061e+01
FC_Vinf_,5.100000000000000000e+01
FC_Xcg_,1.785187999999999997e+00
FC_Yaw___Rate,0.000000000000000000e+00
FC_Ycg_,-0.000000000000000000e+00
FC_Zcg_,7.542510000000000048e-01
S,3.314000000000000279e-02,8.981999999999999706e-02,1.368900000000000117e-01,1.839600000000000124e-01,2.310300000000000131e-01,2.997400000000000064e-01,4.117600000000000149e-01,5.454599999999999449e-01,6.791599999999999859e-01,8.128699999999999815e-01,9.157600000000000184e-01,9.578200000000000047e-01,9.698700000000000099e-01,9.819200000000000150e-01,9.939700000000000202e-01,3.314000000000000279e-02,8.981999999999999706e-02,1.368900000000000117e-01,1.839600000000000124e-01,2.310300000000000131e-01,2.997400000000000064e-01,4.117600000000000149e-01,5.454599999999999449e-01,6.791599999999999859e-01,8.128699999999999815e-01,9.157600000000000184e-01,9.578200000000000047e-01,9.698700000000000099e-01,9.819200000000000150e-01,9.939700000000000202e-01,1.026500000000000051e-01,3.046400000000000219e-01,5.033100000000000351e-01,7.019900000000000029e-01,9.006600000000000161e-01,1.026500000000000051e-01,3.046400000000000219e-01,5.033100000000000351e-01,7.019900000000000029e-01,9.006600000000000161e-01
V/Vref,9.660400000000000098e-01,9.725899999999999546e-01,9.836300000000000043e-01,9.861100000000000421e-01,9.961400000000000254e-01,9.995800000000000241e-01,9.976599999999999913e-01,9.948599999999999666e-01,9.885800000000000143e-01,9.882800000000000473e-01,1.011630000000000029e+00,1.009770000000000056e+00,1.010180000000000078e+00,1.009600000000000053e+00,1.016089999999999938e+00,9.661899999999999933e-01,9.727000000000000091e-01,9.837599999999999678e-01,9.862499999999999600e-01,9.962199999999999944e-01,9.996099999999999985e-01,9.974399999999999933e-01,9.947799999999999976e-01,9.884199999999999653e-01,9.881299999999999528e-01,1.011339999999999906e+00,1.009530000000000038e+00,1.009919999999999929e+00,1.009279999999999955e+00,1.015689999999999982e+00,9.651300000000000434e-01,9.767200000000000326e-01,9.863800000000000345e-01,9.934100000000000152e-01,9.962800000000000544e-01,9.648299999999999654e-01,9.766399999999999526e-01,9.863600000000000145e-01,9.931699999999999973e-01,9.961600000000000454e-01
WingId,1,1,1,1,1,1,1,1,1,1,1,1,1,1,1,2,2,2,2,2,2,2,2,2,2,2,2,2,2,2,3,3,3,3,3,4,4,4,4,4
Xavg,2.392879999999999896e+00,2.382319999999999993e+00,2.371750000000000025e+00,2.361190000000000122e+00,2.350620000000000154e+00,2.337899999999999867e+00,2.323770000000000113e+00,2.309619999999999784e+00,2.295469999999999899e+00,2.281299999999999883e+00,2.284749999999999837e+00,2.305000000000000160e+00,2.325239999999999974e+00,2.345470000000000166e+00,2.365699999999999914e+00,2.392879999999999896e+00,2.382319999999999993e+00,2.371750000000000025e+00,2.361190000000000122e+00,2.350620000000000154e+00,2.337899999999999867e+00,2.323770000000000113e+00,2.309619999999999784e+00,2.295469999999999899e+00,2.281299999999999883e+00,2.284749999999999837e+00,2.305000000000000160e+00,2.325239999999999974e+00,2.345470000000000166e+00,2.365699999999999914e+00,5.819969999999999644e+00,5.917910000000000004e+00,6.015850000000000364e+00,6.113780000000000214e+00,6.211730000000000196e+00,5.819969999999999644e+00,5.917910000000000004e+00,6.015850000000000364e+00,6.113780000000000214e+00,6.211730000000000196e+00
Yavg,1.718899999999999872e-01,5.195499999999999563e-01,8.671900000000000164e-01,1.214800000000000102e+00,1.562359999999999971e+00,2.228590000000000071e+00,3.216559999999999864e+00,4.204550000000000232e+00,5.192569999999999908e+00,6.180620000000000225e+00,6.716649999999999565e+00,6.791660000000000252e+00,6.866660000000000430e+00,6.941650000000000098e+00,7.016610000000000014e+00,-1.718899999999999872e-01,-5.195499999999999563e-01,-8.671900000000000164e-01,-1.214800000000000102e+00,-1.562359999999999971e+00,-2.228590000000000071e+00,-3.216559999999999864e+00,-4.204550000000000232e+00,-5.192569999999999908e+00,-6.180620000000000225e+00,-6.716649999999999565e+00,-6.791660000000000252e+00,-6.866660000000000430e+00,-6.941650000000000098e+00,-7.016610000000000014e+00,1.247400000000000037e-01,3.766700000000000048e-01,6.286100000000000021e-01,8.805399999999999894e-01,1.132460000000000022e+00,-1.247400000000000037e-01,-3.766700000000000048e-01,-6.286100000000000021e-01,-8.805399999999999894e-01,-1.132460000000000022e+00
Zavg,1.119259999999999922e+00,1.109900000000000109e+00,1.100540000000000074e+00,1.091180000000000039e+00,1.081830000000000069e+00,1.094910000000000050e+00,1.130849999999999911e+00,1.166740000000000110e+00,1.202599999999999891e+00,1.238469999999999960e+00,1.270329999999999959e+00,1.298289999999999944e+00,1.326240000000000085e+00,1.354190000000000005e+00,1.382130000000000081e+00,1.119259999999999922e+00,1.109900000000000109e+00,1.100540000000000074e+00,1.091180000000000039e+00,1.081830000000000069e+00,1.094910000000000050e+00,1.130849999999999911e+00,1.166740000000000110e+00,1.202599999999999891e+00,1.238469999999999960e+00,1.270329999999999959e+00,1.298289999999999944e+00,1.326240000000000085e+00,1.354190000000000005e+00,1.382130000000000081e+00,3.569700000000000095e-01,5.334799999999999542e-01,7.099999999999999645e-01,8.865300000000000402e-01,1.063090000000000090e+00,3.569700000000000095e-01,5.334799999999999542e-01,7.099999999999999645e-01,8.865300000000000402e-01,1.063090000000000090e+00
cd,2.208900000000000030e-01,1.935900000000000121e-01,1.779900000000000093e-01,1.539899999999999880e-01,1.310499999999999998e-01,1.073699999999999932e-01,9.514000000000000234e-02,7.753000000000000169e-02,6.736000000000000321e-02,6.151000000000000217e-02,8.178000000000000547e-02,3.148000000000000104e-02,-1.162999999999999971e-02,-2.460999999999999993e-02,-3.885999999999999871e-02,2.206899999999999973e-01,1.933400000000000118e-01,1.776000000000000079e-01,1.534399999999999931e-01,1.305399999999999894e-01,1.068500000000000005e-01,9.316000000000000669e-02,7.513999999999999846e-02,6.579999999999999738e-02,6.164000000000000035e-02,8.168000000000000260e-02,3.139999999999999736e-02,-1.167999999999999941e-02,-2.485000000000000056e-02,-3.975000000000000061e-02,-2.611000000000000126e-02,-2.596000000000000044e-02,-2.403999999999999887e-02,-1.294999999999999971e-02,-1.879999999999999944e-03,-2.638000000000000067e-02,-2.631999999999999965e-02,-2.470999999999999933e-02,-1.374000000000000048e-02,-2.729999999999999788e-03
cd*c/cref,3.210832039337473964e-01,2.618284417777242412e-01,2.227379432249894931e-01,1.771384897183862772e-01,1.375075801356141214e-01,1.047310189652053275e-01,8.836165668321642463e-02,6.838945782829806974e-02,5.627663135607416378e-02,4.852072269459353077e-02,5.993484894168728261e-02,2.101635443258490984e-02,-7.005316438521377344e-03,-1.321793804900600958e-02,-1.833616990626277254e-02,3.207924861973774910e-01,2.614903194034051137e-01,2.222498944702406554e-01,1.765058111720838319e-01,1.369724495299738110e-01,1.042237997246175940e-01,8.652272373984068454e-02,6.628123128103077799e-02,5.497331269640260559e-02,4.862327014948374798e-02,5.986156103640274950e-02,2.096294565384898556e-02,-7.035433878067901166e-03,-1.334684114253552843e-02,-1.875611821343142749e-02,-2.013003376952300985e-02,-1.876876151614437910e-02,-1.624262832753757199e-02,-8.146733267670371731e-03,-1.096987879153349952e-03,-2.033819574262799371e-02,-1.902903709957319209e-02,-1.669531389240654778e-02,-8.643715451566866964e-03,-1.592966441536513428e-03
cl,1.803889999999999993e+00,1.921300000000000008e+00,2.043649999999999967e+00,2.168779999999999930e+00,2.295380000000000198e+00,2.324129999999999807e+00,2.204130000000000145e+00,2.025679999999999925e+00,1.783870000000000067e+00,1.421429999999999971e+00,1.209270000000000067e+00,1.138109999999999955e+00,1.087609999999999966e+00,9.910299999999999665e-01,7.854299999999999615e-01,1.802689999999999904e+00,1.919270000000000032e+00,2.040890000000000093e+00,2.164880000000000138e+00,2.290059999999999985e+00,2.317029999999999923e+00,2.191170000000000062e+00,2.009819999999999940e+00,1.771009999999999973e+00,1.417459999999999942e+00,1.205689999999999928e+00,1.134500000000000064e+00,1.083779999999999966e+00,9.868799999999999795e-01,7.799899999999999611e-01,-1.813200000000000089e-01,-1.571799999999999864e-01,-1.190599999999999992e-01,-6.469999999999999363e-02,-8.959999999999999215e-03,-1.834199999999999997e-01,-1.597999999999999976e-01,-1.224399999999999933e-01,-6.943000000000000560e-02,-1.322000000000000085e-02
cl*c/cref,2.622114087301587126e+00,2.598538071117007409e+00,2.557438045237090396e+00,2.494801050272366982e+00,2.408486450146402280e+00,2.267006641590785687e+00,2.047094580041810108e+00,1.786858724798488396e+00,1.490353241941211548e+00,1.121261760035377586e+00,8.862486522342158946e-01,7.598133145892379536e-01,6.551205685038895554e-01,5.322784699189933022e-01,3.706067403364891599e-01,2.620369780883367472e+00,2.595792517437536695e+00,2.553984161741944980e+00,2.490314784216768107e+00,2.402904303436585121e+00,2.260081148113529892e+00,2.035057928048805032e+00,1.772868568714949244e+00,1.479609217605714067e+00,1.118130118528345651e+00,8.836249452250297676e-01,7.574032434487796284e-01,6.528135726346258050e-01,5.300495205933787313e-01,3.680398652904245949e-01,-1.397923294940602024e-01,-1.136392116759465803e-01,-8.044290052731378760e-02,-4.070221176975081373e-02,-5.228197551709582933e-03,-1.414113670626545305e-01,-1.155334395331229502e-01,-8.272659785456323855e-02,-4.367781395940957545e-02,-7.713925405535791528e-03
cmx,1.640000000000000069e-01,5.980900000000000105e-01,1.156749999999999945e+00,1.872039999999999926e+00,2.791319999999999801e+00,4.395480000000000054e+00,6.304020000000000401e+00,7.957410000000000316e+00,9.131880000000000663e+00,9.192059999999999675e+00,9.359840000000000160e+00,9.638090000000000046e+00,1.018446999999999925e+01,1.042538000000000054e+01,9.426259999999999195e+00,-1.638999999999999901e-01,-5.974599999999999911e-01,-1.155170000000000030e+00,-1.868619999999999948e+00,-2.784780000000000033e+00,-4.381910000000000416e+00,-6.265889999999999738e+00,-7.893360000000000376e+00,-9.064640000000000697e+00,-9.166940000000000310e+00,-9.332280000000000797e+00,-9.607419999999999405e+00,-1.014811000000000085e+01,-1.038014000000000081e+01,-9.356040000000000134e+00,3.579999999999999849e-02,-3.597999999999999809e-02,-8.659000000000000030e-02,-8.450000000000000566e-02,-1.957000000000000059e-02,-3.636999999999999955e-02,3.647000000000000242e-02,8.898000000000000353e-02,9.046999999999999487e-02,2.796999999999999834e-02
cmx*c/cref,2.383885438233264431e-01,8.089104434259986043e-01,1.447565120655691651e+00,2.153453719672757227e+00,2.928864239482200649e+00,4.287446206958934525e+00,5.854883865504834972e+00,7.019256489326419768e+00,7.629326667872721401e+00,7.250941216908882936e+00,6.859630673983398097e+00,6.434482703086159106e+00,6.134603190767653480e+00,5.599432221753201766e+00,4.447799921271449186e+00,-2.382431849551414627e-01,-8.080583750427144940e-01,-1.445587897495427265e+00,-2.149519609439385359e+00,-2.922001976421637170e+00,-4.274209735622827466e+00,-5.819470475034674628e+00,-6.962757782065971845e+00,-7.573150291798160794e+00,-7.231125893317789100e+00,-6.839432527286982477e+00,-6.414007112538275379e+00,-6.112701788729422603e+00,-5.575133988622887671e+00,-4.414666471687873184e+00,2.760073569317976483e-02,-2.601309858824633198e-02,-5.850454188358895219e-02,-5.315822093576420826e-02,-1.141917701863354347e-02,-2.804018874751251431e-02,2.636736257680221893e-02,6.011934561498724627e-02,5.691389642672884525e-02,1.632061222336127562e-02
cmy,-4.982699999999999907e-01,-5.634500000000000064e-01,-6.315600000000000103e-01,-7.228299999999999725e-01,-8.327099999999999502e-01,-8.950799999999999867e-01,-8.580999999999999739e-01,-7.947800000000000420e-01,-6.974599999999999689e-01,-5.238800000000000123e-01,-4.819100000000000050e-01,-5.667799999999999505e-01,-6.924599999999999644e-01,-7.858899999999999775e-01,-7.893200000000000216e-01,-4.980700000000000127e-01,-5.628499999999999615e-01,-6.307000000000000384e-01,-7.213399999999999812e-01,-8.303199999999999470e-01,-8.917399999999999771e-01,-8.510199999999999987e-01,-7.855900000000000105e-01,-6.894599999999999618e-01,-5.219300000000000050e-01,-4.800499999999999767e-01,-5.644700000000000273e-01,-6.893799999999999928e-01,-7.818100000000000049e-01,-7.823499999999999899e-01,7.378099999999999659e-01,7.109699999999999909e-01,6.003500000000000503e-01,3.563000000000000056e-01,5.163000000000000228e-02,7.450599999999999445e-01,7.211100000000000287e-01,6.158900000000000485e-01,3.807200000000000029e-01,7.645000000000000406e-02
cmy*c/cref,-7.242796325051759077e-01,-7.620602072403466209e-01,-7.903386449978895278e-01,-8.314891520432570182e-01,-8.737423659269533127e-01,-8.730803805101610138e-01,-7.969638175306706929e-01,-7.010779477979457441e-01,-5.827004053682820484e-01,-4.132504666760471457e-01,-3.531817443566705461e-01,-3.783878451493162265e-01,-4.171024437677139374e-01,-4.220985507246377000e-01,-3.724422447352375709e-01,-7.239889147688061133e-01,-7.612487135419807593e-01,-7.892624349233151593e-01,-8.297751683450923510e-01,-8.712345970103252402e-01,-8.698224723110012935e-01,-7.903882391270846686e-01,-6.929714197772820494e-01,-5.760167199340689992e-01,-4.117122548526939152e-01,-3.518185893183782831e-01,-3.768456666633165364e-01,-4.152472094916481171e-01,-4.199071981346358950e-01,-3.691534360824673122e-01,5.688295754688537098e-01,5.140225876399525662e-01,4.056265356255067678e-01,2.241452558510388937e-01,3.012632138334439547e-02,5.744191099318579630e-01,5.213536832398641963e-01,4.161261381300797590e-01,2.395076671557887504e-01,4.460889540493277045e-02
cmz,4.241000000000000325e-02,1.117800000000000044e-01,2.120100000000000040e-01,3.611199999999999966e-01,5.684099999999999708e-01,8.542300000000000448e-01,1.258429999999999938e+00,1.638319999999999999e+00,1.892300000000000093e+00,1.831299999999999928e+00,1.454870000000000108e+00,1.926299999999999901e+00,2.481599999999999806e+00,2.761509999999999909e+00,2.774080000000000101e+00,-4.238999999999999713e-02,-1.116800000000000015e-01,-2.118299999999999905e-01,-3.607400000000000051e-01,-5.673899999999999499e-01,-8.521400000000000086e-01,-1.255300000000000082e+00,-1.632660000000000000e+00,-1.884230000000000071e+00,-1.824279999999999902e+00,-1.449789999999999912e+00,-1.920469999999999899e+00,-2.474340000000000206e+00,-2.754700000000000149e+00,-2.770859999999999879e+00,5.141499999999999959e-01,4.992099999999999871e-01,4.345200000000000173e-01,2.617800000000000127e-01,4.377999999999999947e-02,-5.193400000000000238e-01,-5.058700000000000419e-01,-4.442300000000000137e-01,-2.765500000000000180e-01,-6.074000000000000232e-02
cmz*c/cref,6.164669599723947985e-02,1.511812760055478710e-01,2.653108115238497766e-01,4.154052302558844945e-01,5.964187991215904594e-01,8.332344074755272390e-01,1.168771911076939674e+00,1.445167245572775538e+00,1.580942243395177194e+00,1.444578108772705649e+00,1.066243747613017545e+00,1.286016630987557363e+00,1.494788759573056680e+00,1.483196590886249000e+00,1.308955280843166147e+00,-6.161762422360247959e-02,-1.510460270558202367e-01,-2.650855582524271892e-01,-4.149681068966210029e-01,-5.953485379103097275e-01,-8.311957762970110242e-01,-1.165864911019987238e+00,-1.440174541699330790e+00,-1.574200075713414693e+00,-1.439040546208633975e+00,-1.062520722024563380e+00,-1.282124466237177129e+00,-1.490415707350901675e+00,-1.479538965607348988e+00,-1.307435917304870410e+00,3.963943647108484902e-01,3.609227055652710070e-01,2.935834800699511637e-01,1.646835393676255033e-01,2.554581348368811788e-02,-4.003957004160888511e-01,-3.657378038587040803e-01,-3.001440425100672105e-01,-1.739752189323738596e-01,-3.544204456370982775e-02
cs,8.684000000000000052e-02,9.633999999999999508e-02,1.064900000000000013e-01,1.174100000000000005e-01,1.288900000000000046e-01,-7.685999999999999777e-02,-7.384999999999999898e-02,-6.857000000000000595e-02,-6.128000000000000114e-02,-9.468000000000000027e-02,-3.419800000000000062e-01,-2.393099999999999949e-01,-1.693600000000000105e-01,-8.551999999999999880e-02,-4.299999999999999656e-02,-8.673000000000000154e-02,-9.619999999999999385e-02,-1.063299999999999940e-01,-1.171900000000000025e-01,-1.286100000000000021e-01,7.646999999999999631e-02,7.321999999999999342e-02,6.791999999999999427e-02,6.083999999999999825e-02,9.433999999999999331e-02,3.408100000000000018e-01,2.383200000000000041e-01,1.683900000000000119e-01,8.440999999999999892e-02,4.143000000000000155e-02,1.267199999999999993e-01,1.124799999999999967e-01,8.880000000000000393e-02,4.914000000000000312e-02,7.749999999999999944e-03,-1.282000000000000084e-01,-1.142500000000000043e-01,-9.102000000000000368e-02,-5.215999999999999803e-02,-1.078999999999999924e-02
cs*c/cref,1.262296411318150346e-01,1.302988381676013496e-01,1.332623381877022783e-01,1.350596147661259350e-01,1.352411446293728114e-01,-7.497090544533559220e-02,-6.858848377186811673e-02,-6.048581353394039128e-02,-5.119703042607221671e-02,-7.468610022312006935e-02,-2.506299784920300588e-01,-1.597656854911656543e-01,-1.020137912319845769e-01,-4.593246899435164676e-02,-2.028963731264279979e-02,-1.260697463768115922e-01,-1.301094896379826893e-01,-1.330621130575488920e-01,-1.348065433476049735e-01,-1.349473474341192913e-01,7.459049101489477474e-02,6.800336874443037305e-02,5.991244648133630529e-02,5.082942772719049179e-02,7.441789918725334740e-02,2.497725100002010368e-01,1.591047518543086403e-01,1.014295129047820126e-01,4.533629218677762140e-02,1.954882962471607422e-02,9.769735271060725479e-02,8.132166006686901427e-02,5.999772859755975879e-02,3.091355002110595523e-02,4.522157480552373675e-03,-9.883838871133089621e-02,-8.260134835206069115e-02,-6.149767181249875259e-02,-3.281340596460900066e-02,-6.296010221310982015e-03
cx,-2.220699999999999896e-01,-2.769699999999999940e-01,-3.216999999999999860e-01,-3.752599999999999825e-01,-4.281499999999999750e-01,-4.580699999999999772e-01,-4.409100000000000241e-01,-4.148299999999999765e-01,-3.662000000000000255e-01,-2.841899999999999982e-01,-2.132000000000000006e-01,-2.447900000000000076e-01,-2.743999999999999773e-01,-2.636299999999999755e-01,-2.277200000000000057e-01,-2.219700000000000006e-01,-2.767200000000000215e-01,-3.214099999999999735e-01,-3.748500000000000165e-01,-4.273500000000000076e-01,-4.568599999999999883e-01,-4.396999999999999797e-01,-4.133100000000000107e-01,-3.645999999999999797e-01,-2.831000000000000183e-01,-2.124300000000000077e-01,-2.439900000000000124e-01,-2.735199999999999854e-01,-2.628599999999999826e-01,-2.272699999999999998e-01,1.853000000000000133e-02,1.284000000000000072e-02,5.479999999999999628e-03,3.089999999999999865e-03,3.400000000000000244e-04,1.878000000000000155e-02,1.311999999999999972e-02,5.640000000000000048e-03,3.459999999999999968e-03,5.500000000000000331e-04
cx*c/cref,-3.227984385783298493e-01,-3.745990160606243458e-01,-4.025776523146193941e-01,-4.316708205190053493e-01,-4.492473898135306287e-01,-4.468113798769824396e-01,-4.094969313453537541e-01,-3.659228529719190659e-01,-3.059457007511038884e-01,-2.241766246557719833e-01,-1.562498140666144231e-01,-1.634241868345762405e-01,-1.652845082313212366e-01,-1.415946772799453190e-01,-1.074501443915120563e-01,-3.226530797101448966e-01,-3.742608936863053293e-01,-4.022147442662163952e-01,-4.311991874208526698e-01,-4.484079692556635077e-01,-4.456311197209994468e-01,-4.083731389910685294e-01,-3.645820561719834152e-01,-3.046089636642612120e-01,-2.233168036878463436e-01,-1.556854971959235612e-01,-1.628900990472170462e-01,-1.647544412953024229e-01,-1.411811131882047821e-01,-1.072378109777750999e-01,1.428607911716818675e-02,9.283162475627652899e-03,3.702562530570128584e-03,1.943892339544513398e-03,1.983914249532654393e-04,1.447882168485798912e-02,9.485599040516727934e-03,3.810666546061227799e-03,2.176656147192238336e-03,3.209273050714588028e-04
cy,8.684000000000000052e-02,9.633999999999999508e-02,1.064900000000000013e-01,1.174100000000000005e-01,1.288900000000000046e-01,-7.685999999999999777e-02,-7.384999999999999898e-02,-6.857000000000000595e-02,-6.128000000000000114e-02,-9.468000000000000027e-02,-3.419800000000000062e-01,-2.393099999999999949e-01,-1.693600000000000105e-01,-8.551999999999999880e-02,-4.299999999999999656e-02,-8.673000000000000154e-02,-9.619999999999999385e-02,-1.063299999999999940e-01,-1.171900000000000025e-01,-1.286100000000000021e-01,7.646999999999999631e-02,7.321999999999999342e-02,6.791999999999999427e-02,6.083999999999999825e-02,9.433999999999999331e-02,3.408100000000000018e-01,2.383200000000000041e-01,1.683900000000000119e-01,8.440999999999999892e-02,4.143000000000000155e-02,1.267199999999999993e-01,1.124799999999999967e-01,8.880000000000000393e-02,4.914000000000000312e-02,7.749999999999999944e-03,-1.282000000000000084e-01,-1.142500000000000043e-01,-9.102000000000000368e-02,-5.215999999999999803e-02,-1.078999999999999924e-02
cy*c/cref,1.262296411318150346e-01,1.302988381676013496e-01,1.332623381877022783e-01,1.350596147661259350e-01,1.352411446293728114e-01,-7.497090544533559220e-02,-6.858848377186811673e-02,-6.048581353394039128e-02,-5.119703042607221671e-02,-7.468610022312006935e-02,-2.506299784920300588e-01,-1.597656854911656543e-01,-1.020137912319845769e-01,-4.593246899435164676e-02,-2.028963731264279979e-02,-1.260697463768115922e-01,-1.301094896379826893e-01,-1.330621130575488920e-01,-1.348065433476049735e-01,-1.349473474341192913e-01,7.459049101489477474e-02,6.800336874443037305e-02,5.991244648133630529e-02,5.082942772719049179e-02,7.441789918725334740e-02,2.497725100002010368e-01,1.591047518543086403e-01,1.014295129047820126e-01,4.533629218677762140e-02,1.954882962471607422e-02,9.769735271060725479e-02,8.132166006686901427e-02,5.999772859755975879e-02,3.091355002110595523e-02,4.522157480552373675e-03,-9.883838871133089621e-02,-8.260134835206069115e-02,-6.149767181249875259e-02,-3.281340596460900066e-02,-6.296010221310982015e-03
cz,1.803739999999999899e+00,1.911059999999999981e+00,2.025999999999999801e+00,2.141610000000000014e+00,2.258900000000000130e+00,2.281070000000000153e+00,2.161680000000000046e+00,1.984259999999999913e+00,1.747179999999999955e+00,1.394090000000000051e+00,1.193140000000000089e+00,1.111920000000000019e+00,1.052489999999999926e+00,9.556400000000000450e-01,7.527000000000000357e-01,1.802529999999999966e+00,1.909040000000000070e+00,2.023229999999999862e+00,2.137700000000000156e+00,2.253620000000000179e+00,2.274049999999999905e+00,2.148620000000000196e+00,1.968299999999999939e+00,1.734329999999999927e+00,1.390269999999999895e+00,1.189640000000000031e+00,1.108400000000000052e+00,1.048759999999999915e+00,9.515500000000000069e-01,7.471999999999999753e-01,-1.822499999999999953e-01,-1.587899999999999867e-01,-1.213400000000000034e-01,-6.592000000000000637e-02,-9.150000000000000147e-03,-1.843500000000000139e-01,-1.614200000000000079e-01,-1.247800000000000020e-01,-7.069000000000000283e-02,-1.349000000000000025e-02
cz*c/cref,2.621896048999309503e+00,2.584688578664898095e+00,2.535350710567046750e+00,2.463546730085026670e+00,2.370208872707659342e+00,2.225004986783654104e+00,2.007668972240648220e+00,1.750322012000241179e+00,1.459700189618551747e+00,1.099695241445389327e+00,8.744273131118215359e-01,7.423286156505658484e-01,6.339660789664113283e-01,5.132706345856198338e-01,3.551630233773543366e-01,2.620137206694271637e+00,2.581956549880399798e+00,2.531884313001266484e+00,2.459048960783131399e+00,2.364668697025736233e+00,2.218157527035719223e+00,1.995539444846462951e+00,1.736243645600916707e+00,1.448964519889846869e+00,1.096681923924768931e+00,8.718622364268630021e-01,7.399786293861853048e-01,6.317193179762407018e-01,5.110739110333876178e-01,3.525678372094581681e-01,-1.405093318458662532e-01,-1.148032219240587709e-01,-8.198338274806195314e-02,-4.146970324361629046e-02,-5.339063348006996279e-03,-1.421283694144606091e-01,-1.167046796585526208e-01,-8.430761908112056890e-02,-4.447046908815587701e-02,-7.871471537116325051e-03
Results_Name,VSPAERO_Comp_Load
Results_Timestamp,1749672324
Results_Date,6,11,2025
Results_Time,16,5,24
AoA,1.400000000000000000e+01,1.400000000000000000e+01,1.400000000000000000e+01,1.400000000000000000e+01,1.400000000000000000e+01,1.400000000000000000e+01,1.400000000000000000e+01,1.400000000000000000e+01,1.400000000000000000e+01
Beta,0.000000000000000000e+00,0.000000000000000000e+00,0.000000000000000000e+00,0.000000000000000000e+00,0.000000000000000000e+00,0.000000000000000000e+00,0.000000000000000000e+00,0.000000000000000000e+00,0.000000000000000000e+00
CDi,0.000000000000000000e+00,5.675999999999999795e-02,5.627999999999999670e-02,-1.420000000000000038e-03,-1.469999999999999953e-03,0.000000000000000000e+00,0.000000000000000000e+00,0.000000000000000000e+00,0.000000000000000000e+00
CFx,0.000000000000000000e+00,-1.856800000000000117e-01,-1.851700000000000013e-01,6.499999999999999702e-04,6.700000000000000226e-04,0.000000000000000000e+00,0.000000000000000000e+00,0.000000000000000000e+00,0.000000000000000000e+00
CFy,0.000000000000000000e+00,-1.034000000000000023e-02,1.018999999999999941e-02,6.069999999999999875e-03,-6.239999999999999887e-03,0.000000000000000000e+00,0.000000000000000000e+00,0.000000000000000000e+00,0.000000000000000000e+00
CFz,0.000000000000000000e+00,9.793199999999999683e-01,9.753300000000000303e-01,-8.489999999999999283e-03,-8.750000000000000833e-03,0.000000000000000000e+00,0.000000000000000000e+00,0.000000000000000000e+00,0.000000000000000000e+00
CL,0.000000000000000000e+00,9.951499999999999790e-01,9.911600000000000410e-01,-8.399999999999999481e-03,-8.649999999999999703e-03,0.000000000000000000e+00,0.000000000000000000e+00,0.000000000000000000e+00,0.000000000000000000e+00
Cmx,0.000000000000000000e+00,2.014600000000000002e-01,-2.004100000000000048e-01,-1.499999999999999869e-04,1.600000000000000131e-04,5.000000000000000240e-05,-5.000000000000000240e-05,-0.000000000000000000e+00,0.000000000000000000e+00
Cmy,0.000000000000000000e+00,-3.600900000000000212e-01,-3.581500000000000239e-01,2.748000000000000095e-02,2.826000000000000040e-02,2.863999999999999879e-02,2.852999999999999980e-02,-0.000000000000000000e+00,0.000000000000000000e+00
Cmz,0.000000000000000000e+00,4.071000000000000313e-02,-4.057999999999999802e-02,1.649999999999999991e-03,-1.690000000000000096e-03,1.000000000000000082e-05,-2.000000000000000164e-05,0.000000000000000000e+00,2.000000000000000164e-05
Comp_ID,0,1,2,3,4,5,6,7,8
Comp_Name,NONE,main_wing,main_wing,horizontal_tail,horizontal_tail,fuselage,fuselage,fuselage,fuselage
Cs,0.000000000000000000e+00,-1.034000000000000023e-02,1.018999999999999941e-02,6.069999999999999875e-03,-6.239999999999999887e-03,0.000000000000000000e+00,0.000000000000000000e+00,0.000000000000000000e+00,0.000000000000000000e+00
Mach,1.499999999999999944e-01,1.499999999999999944e-01,1.499999999999999944e-01,1.499999999999999944e-01,1.499999999999999944e-01,1.499999999999999944e-01,1.499999999999999944e-01,1.499999999999999944e-01,1.499999999999999944e-01
Results_Name,VSPAERO_Load
Results_Timestamp,1749672324
Results_Date,6,11,2025
Results_Time,16,5,24
AnalysisMethod,0
Chord,1.735549999999999926e+00,1.614840000000000053e+00,1.494150000000000089e+00,1.373459999999999903e+00,1.252809999999999979e+00,1.164630000000000054e+00,1.108910000000000062e+00,1.053209999999999980e+00,9.975199999999999623e-01,9.418400000000000105e-01,8.750400000000000400e-01,7.971099999999999852e-01,7.191899999999999959e-01,6.412799999999999612e-01,5.633799999999999919e-01,1.735549999999999926e+00,1.614840000000000053e+00,1.494150000000000089e+00,1.373459999999999903e+00,1.252809999999999979e+00,1.164630000000000054e+00,1.108910000000000062e+00,1.053209999999999980e+00,9.975199999999999623e-01,9.418400000000000105e-01,8.750400000000000400e-01,7.971099999999999852e-01,7.191899999999999959e-01,6.412799999999999612e-01,5.633799999999999919e-01,9.205200000000000049e-01,8.632300000000000528e-01,8.067100000000000382e-01,7.511200000000000099e-01,6.966900000000000315e-01,9.205200000000000049e-01,8.632300000000000528e-01,8.067100000000000382e-01,7.511200000000000099e-01,6.966900000000000315e-01
FC_AoA_,1.500000000000000000e+01
FC_Beta_,0.000000000000000000e+00
FC_Bref_,1.417173599999999922e+01
FC_Cref_,1.193975999999999926e+00
FC_Mach_,1.499999999999999944e-01
FC_Pitch_Rate,0.000000000000000000e+00
FC_Rho_,2.377000000000000206e-03
FC_Roll__Rate,0.000000000000000000e+00
FC_Sref_,1.619368700000000061e+01
FC_Vinf_,5.100000000000000000e+01
FC_Xcg_,1.785187999999999997e+00
FC_Yaw___Rate,0.000000000000000000e+00
FC_Ycg_,-0.000000000000000000e+00
FC_Zcg_,7.542510000000000048e-01
S,3.314000000000000279e-02,8.981999999999999706e-02,1.368900000000000117e-01,1.839600000000000124e-01,2.310300000000000131e-01,2.997400000000000064e-01,4.117600000000000149e-01,5.454599999999999449e-01,6.791599999999999859e-01,8.128699999999999815e-01,9.157600000000000184e-01,9.578200000000000047e-01,9.698700000000000099e-01,9.819200000000000150e-01,9.939700000000000202e-01,3.314000000000000279e-02,8.981999999999999706e-02,1.368900000000000117e-01,1.839600000000000124e-01,2.310300000000000131e-01,2.997400000000000064e-01,4.117600000000000149e-01,5.454599999999999449e-01,6.791599999999999859e-01,8.128699999999999815e-01,9.157600000000000184e-01,9.578200000000000047e-01,9.698700000000000099e-01,9.819200000000000150e-01,9.939700000000000202e-01,1.026500000000000051e-01,3.046400000000000219e-01,5.033100000000000351e-01,7.019900000000000029e-01,9.006600000000000161e-01,1.026500000000000051e-01,3.046400000000000219e-01,5.033100000000000351e-01,7.019900000000000029e-01,9.006600000000000161e-01
V/Vref,9.647900000000000365e-01,9.716200000000000392e-01,9.832499999999999574e-01,9.857299999999999951e-01,9.960400000000000365e-01,9.991200000000000081e-01,9.963800000000000434e-01,9.928799999999999848e-01,9.874199999999999644e-01,9.848400000000000487e-01,1.010930000000000106e+00,1.009260000000000046e+00,1.010159999999999947e+00,1.009200000000000097e+00,1.017419999999999991e+00,9.647999999999999909e-01,9.716399999999999482e-01,9.832499999999999574e-01,9.858299999999999841e-01,9.960900000000000309e-01,9.991799999999999571e-01,9.963499999999999579e-01,9.925100000000000033e-01,9.871400000000000174e-01,9.848299999999999832e-01,1.010729999999999906e+00,1.009160000000000057e+00,1.010180000000000078e+00,1.009989999999999943e+00,1.016420000000000101e+00,9.645599999999999730e-01,9.770999999999999686e-01,9.865500000000000380e-01,9.933800000000000407e-01,9.961799999999999544e-01,9.644000000000000350e-01,9.771100000000000341e-01,9.865199999999999525e-01,9.932900000000000063e-01,9.965100000000000069e-01
WingId,1,1,1,1,1,1,1,1,1,1,1,1,1,1,1,2,2,2,2,2,2,2,2,2,2,2,2,2,2,2,3,3,3,3,3,4,4,4,4,4
Xavg,2.392879999999999896e+00,2.382319999999999993e+00,2.371750000000000025e+00,2.361190000000000122e+00,2.350620000000000154e+00,2.337899999999999867e+00,2.323770000000000113e+00,2.309619999999999784e+00,2.295469999999999899e+00,2.281299999999999883e+00,2.284749999999999837e+00,2.305000000000000160e+00,2.325239999999999974e+00,2.345470000000000166e+00,2.365699999999999914e+00,2.392879999999999896e+00,2.382319999999999993e+00,2.371750000000000025e+00,2.361190000000000122e+00,2.350620000000000154e+00,2.337899999999999867e+00,2.323770000000000113e+00,2.309619999999999784e+00,2.295469999999999899e+00,2.281299999999999883e+00,2.284749999999999837e+00,2.305000000000000160e+00,2.325239999999999974e+00,2.345470000000000166e+00,2.365699999999999914e+00,5.819969999999999644e+00,5.917910000000000004e+00,6.015850000000000364e+00,6.113780000000000214e+00,6.211730000000000196e+00,5.819969999999999644e+00,5.917910000000000004e+00,6.015850000000000364e+00,6.113780000000000214e+00,6.211730000000000196e+00
Yavg,1.718899999999999872e-01,5.195499999999999563e-01,8.671900000000000164e-01,1.214800000000000102e+00,1.562359999999999971e+00,2.228590000000000071e+00,3.216559999999999864e+00,4.204550000000000232e+00,5.192569999999999908e+00,6.180620000000000225e+00,6.716649999999999565e+00,6.791660000000000252e+00,6.866660000000000430e+00,6.941650000000000098e+00,7.016610000000000014e+00,-1.718899999999999872e-01,-5.195499999999999563e-01,-8.671900000000000164e-01,-1.214800000000000102e+00,-1.562359999999999971e+00,-2.228590000000000071e+00,-3.216559999999999864e+00,-4.204550000000000232e+00,-5.192569999999999908e+00,-6.180620000000000225e+00,-6.716649999999999565e+00,-6.791660000000000252e+00,-6.866660000000000430e+00,-6.941650000000000098e+00,-7.016610000000000014e+00,1.247400000000000037e-01,3.766700000000000048e-01,6.286100000000000021e-01,8.805399999999999894e-01,1.132460000000000022e+00,-1.247400000000000037e-01,-3.766700000000000048e-01,-6.286100000000000021e-01,-8.805399999999999894e-01,-1.132460000000000022e+00
Zavg,1.119259999999999922e+00,1.109900000000000109e+00,1.100540000000000074e+00,1.091180000000000039e+00,1.081830000000000069e+00,1.094910000000000050e+00,1.130849999999999911e+00,1.166740000000000110e+00,1.202599999999999891e+00,1.238469999999999960e+00,1.270329999999999959e+00,1.298289999999999944e+00,1.326240000000000085e+00,1.354190000000000005e+00,1.382130000000000081e+00,1.119259999999999922e+00,1.109900000000000109e+00,1.100540000000000074e+00,1.091180000000000039e+00,1.081830000000000069e+00,1.094910000000000050e+00,1.130849999999999911e+00,1.166740000000000110e+00,1.202599999999999891e+00,1.238469999999999960e+00,1.270329999999999959e+00,1.298289999999999944e+00,1.326240000000000085e+00,1.354190000000000005e+00,1.382130000000000081e+00,3.569700000000000095e-01,5.334799999999999542e-01,7.099999999999999645e-01,8.865300000000000402e-01,1.063090000000000090e+00,3.569700000000000095e-01,5.334799999999999542e-01,7.099999999999999645e-01,8.865300000000000402e-01,1.063090000000000090e+00
cd,2.405799999999999883e-01,2.093800000000000106e-01,1.922000000000000097e-01,1.648799999999999988e-01,1.399100000000000066e-01,1.142200000000000021e-01,1.019499999999999990e-01,8.391999999999999460e-02,7.639999999999999569e-02,7.016000000000000014e-02,9.321000000000000119e-02,3.724000000000000227e-02,-1.004000000000000031e-02,-2.325999999999999943e-02,-3.538999999999999785e-02,2.406699999999999950e-01,2.095700000000000063e-01,1.921100000000000030e-01,1.649200000000000110e-01,1.400599999999999901e-01,1.142100000000000060e-01,1.010899999999999993e-01,8.210000000000000631e-02,7.381999999999999673e-02,7.015000000000000402e-02,9.306999999999999995e-02,3.722999999999999921e-02,-9.849999999999999381e-03,-2.190999999999999892e-02,-3.420000000000000123e-02,-2.114999999999999866e-02,-1.893999999999999850e-02,-1.361000000000000057e-02,-5.960000000000000020e-03,4.490000000000000067e-03,-2.153000000000000053e-02,-1.943999999999999895e-02,-1.434999999999999991e-02,-6.850000000000000186e-03,3.660000000000000059e-03
cd*c/cref,3.497043650793650316e-01,2.831842509397174412e-01,2.405204375967356645e-01,1.896655249351745509e-01,1.468041628139929444e-01,1.114126570383324327e-01,9.468647150361482467e-02,7.402609700697501682e-02,6.382919589673494154e-02,5.534407257767325755e-02,6.831165651570886288e-02,2.486178650157122236e-02,-6.047581860941928650e-03,-1.249285814790247057e-02,-1.669884336033555100e-02,3.498351880607314945e-01,2.834412239441999048e-01,2.404078109610243708e-01,1.897115379203602181e-01,1.469615541685930227e-01,1.114029028221672907e-01,9.388774305346171689e-02,7.242066925968362878e-02,6.167370734420121736e-02,5.533618431191247161e-02,6.820905344831053319e-02,2.485511040422922965e-02,-5.933135590665139167e-03,-1.176777824679892982e-02,-1.613733944400892739e-02,-1.630602122655731845e-02,-1.369338763928253100e-02,-9.195597817711580538e-03,-3.749384577244433813e-03,2.619933817765181597e-03,-1.659898992944582041e-02,-1.405488150515588237e-02,-9.695578889357910068e-03,-4.309275898343015859e-03,2.135625339202798598e-03
cl,1.869180000000000064e+00,1.993780000000000108e+00,2.124089999999999812e+00,2.256829999999999892e+00,2.391319999999999890e+00,2.422489999999999810e+00,2.301709999999999923e+00,2.122790000000000177e+00,1.886319999999999997e+00,1.509050000000000002e+00,1.288370000000000015e+00,1.215449999999999919e+00,1.167629999999999946e+00,1.068109999999999893e+00,8.602300000000000502e-01,1.868770000000000042e+00,1.993000000000000105e+00,2.122819999999999929e+00,2.254919999999999813e+00,2.388360000000000039e+00,2.417699999999999960e+00,2.292100000000000026e+00,2.107169999999999987e+00,1.867159999999999931e+00,1.501509999999999900e+00,1.282100000000000017e+00,1.209410000000000096e+00,1.161559999999999926e+00,1.066889999999999894e+00,8.592899999999999983e-01,-1.369199999999999862e-01,-1.101800000000000002e-01,-6.418000000000000094e-02,-2.910000000000000087e-02,1.966000000000000039e-02,-1.396300000000000041e-01,-1.133799999999999947e-01,-6.782000000000000528e-02,-3.354000000000000037e-02,1.609000000000000014e-02
cl*c/cref,2.717018892339544411e+00,2.696566509879596119e+00,2.658101229421697020e+00,2.596087133912239331e+00,2.509153960548621054e+00,2.362949111791191825e+00,2.137722396513833001e+00,1.872519762457537151e+00,1.575946188533102754e+00,1.190378744631382935e+00,9.442193853142778481e-01,8.114462514321895137e-01,7.033205187541458070e-01,5.736778467908901780e-01,4.059012722198771517e-01,2.716422920979986166e+00,2.695511568071720543e+00,2.656511942451104780e+00,2.593890013869625033e+00,2.506048104484512429e+00,2.358276842248085536e+00,2.128797070460378027e+00,1.858741311131882235e+00,1.559938761918162387e+00,1.184430992247750281e+00,9.396242336529379013e-01,8.074138886376276414e-01,6.996642615931978337e-01,5.730225893987818120e-01,4.054577313111821235e-01,-1.055612494723512096e-01,-7.965878828385160315e-02,-4.336322321386695128e-02,-1.830655892580755617e-02,1.147169239582705377e-02,-1.076505789061086849e-01,-8.197234902544105195e-02,-4.582258956628944974e-02,-2.109972461758025455e-02,9.388582433817767650e-03
cmx,1.696199999999999930e-01,6.193600000000000216e-01,1.199400000000000022e+00,1.942239999999999966e+00,2.898179999999999978e+00,4.565769999999999662e+00,6.560529999999999973e+00,8.309820000000000206e+00,9.626689999999999969e+00,9.730829999999999202e+00,9.946630000000000749e+00,1.025136000000000003e+01,1.087706000000000017e+01,1.117516999999999960e+01,1.028153999999999968e+01,-1.695899999999999908e-01,-6.191499999999999782e-01,-1.198679999999999968e+00,-1.940630000000000077e+00,-2.894690000000000207e+00,-4.556809999999999583e+00,-6.532770000000000188e+00,-8.247379999999999711e+00,-9.526329999999999742e+00,-9.682840000000000558e+00,-9.898649999999999949e+00,-1.020063999999999993e+01,-1.082065000000000055e+01,-1.116713999999999984e+01,-1.027460999999999913e+01,2.721000000000000155e-02,-2.500000000000000139e-02,-4.592999999999999861e-02,-3.785000000000000170e-02,3.783000000000000251e-02,-2.783000000000000057e-02,2.569000000000000103e-02,4.852999999999999675e-02,4.356999999999999762e-02,-3.068999999999999853e-02
cmx*c/cref,2.465577122153208844e-01,8.376778950330661111e-01,1.500937631912199421e+00,2.234206508673540981e+00,3.040989840499306762e+00,4.453550754035257242e+00,6.093118557073174735e+00,7.330118463185190336e+00,8.042720966585592990e+00,7.675937311302739374e+00,7.289676773402481658e+00,6.843907724778387269e+00,6.551783939878188967e+00,6.002141598826106872e+00,4.851365525940219747e+00,-2.465141045548654153e-01,-8.373938722386380373e-01,-1.500036618826509294e+00,-2.232354486019819451e+00,-3.037327868315611745e+00,-4.444810976351283749e+00,-6.067336345705442113e+00,-7.275039942008884708e+00,-7.958874132813389402e+00,-7.638081523916729232e+00,-7.254513236446964441e+00,-6.810046559059813376e+00,-6.517805444581801666e+00,-5.997828716155098938e+00,-4.848095591368670298e+00,2.097810106735814237e-02,-1.807469329366754793e-02,-3.103260894691350566e-02,-2.381110843099024099e-02,2.207396354700597377e-02,-2.145610263522884989e-02,1.857355482857277196e-02,3.278929919864385922e-02,2.740951107894966030e-02,-1.790774362298739805e-02
cmy,-5.074999999999999512e-01,-5.760699999999999710e-01,-6.479800000000000004e-01,-7.444199999999999706e-01,-8.603600000000000136e-01,-9.275200000000000111e-01,-8.939599999999999769e-01,-8.338400000000000256e-01,-7.441200000000000037e-01,-5.649100000000000232e-01,-5.211299999999999821e-01,-6.154300000000000326e-01,-7.574300000000000477e-01,-8.622999999999999554e-01,-8.833499999999999686e-01,-5.075199999999999712e-01,-5.759699999999999820e-01,-6.477399999999999824e-01,-7.439000000000000057e-01,-8.593100000000000183e-01,-9.254700000000000149e-01,-8.889200000000000434e-01,-8.249100000000000321e-01,-7.320600000000000440e-01,-5.611099999999999977e-01,-5.178899999999999615e-01,-6.116099999999999870e-01,-7.525600000000000067e-01,-8.629499999999999948e-01,-8.836500000000000465e-01,5.541000000000000369e-01,4.956999999999999740e-01,3.151399999999999757e-01,1.607800000000000062e-01,-1.270999999999999908e-01,5.641599999999999948e-01,5.090000000000000080e-01,3.324599999999999778e-01,1.849300000000000110e-01,-1.053000000000000047e-01
cmy*c/cref,-7.376962560386473022e-01,-7.791286246959737705e-01,-8.108867489798791128e-01,-8.563246607972018198e-01,-9.027548389582371602e-01,-9.047230577499045800e-01,-8.302689363940314315e-01,-7.355328971436612129e-01,-6.216830006633299321e-01,-4.456160210925513288e-01,-3.819252608092625345e-01,-4.108670587180981992e-01,-4.562370447144666885e-01,-4.631380731270980378e-01,-4.168104911656515532e-01,-7.377253278122842817e-01,-7.789933757462461639e-01,-8.105864112846490332e-01,-8.557264919897886735e-01,-9.016530994760364459e-01,-9.027234434360490445e-01,-8.255880161745295931e-01,-7.276557159440392164e-01,-6.116073448712536775e-01,-4.426184801034526717e-01,-3.795507326780437896e-01,-4.083167895334579578e-01,-4.533036061026352592e-01,-4.634871856720738093e-01,-4.169520467748095705e-01,4.271946270276790192e-01,3.583850186268400795e-01,2.129243715116551638e-01,1.011453107935167961e-01,-7.416338268105891751e-02,4.349505879515166429e-01,3.680007554590712382e-01,2.246266311885666001e-01,1.163378674278210123e-01,-6.144299131640838102e-02
cmz,4.506000000000000283e-02,1.233899999999999997e-01,2.364799999999999958e-01,4.050099999999999811e-01,6.382100000000000550e-01,9.659999999999999698e-01,1.421510000000000051e+00,1.851609999999999978e+00,2.142879999999999896e+00,2.081749999999999989e+00,1.673470000000000013e+00,2.204250000000000043e+00,2.831920000000000215e+00,3.140480000000000160e+00,3.130370000000000097e+00,-4.504999999999999977e-02,-1.232700000000000046e-01,-2.363800000000000068e-01,-4.046000000000000152e-01,-6.370999999999999996e-01,-9.637999999999999901e-01,-1.417010000000000103e+00,-1.842919999999999892e+00,-2.130440000000000111e+00,-2.069350000000000023e+00,-1.663759999999999906e+00,-2.192660000000000053e+00,-2.816759999999999931e+00,-3.122489999999999988e+00,-3.112379999999999924e+00,3.856499999999999928e-01,3.476799999999999891e-01,2.345099999999999962e-01,1.151999999999999968e-01,-8.618000000000000660e-02,-3.925000000000000155e-01,-3.561799999999999966e-01,-2.457100000000000117e-01,-1.308199999999999918e-01,7.087999999999999856e-02
cmz*c/cref,6.549870600414078869e-02,1.668836790689260108e-01,2.959327423666807677e-01,4.658929782508190454e-01,6.696582427955002359e-01,9.422572815533980517e-01,1.320233115322251294e+00,1.633311028111117835e+00,1.790291980408316386e+00,1.642139724751586316e+00,1.226451108564996506e+00,1.471578756608173055e+00,1.705803588011819638e+00,1.686739946531588652e+00,1.477071440799480051e+00,-6.548417011732228510e-02,-1.667213803292528773e-01,-2.958076016603349290e-01,-4.654213451526663659e-01,-6.684935467714594459e-01,-9.401113539970653576e-01,-1.316053722269124648e+00,-1.625645551669380406e+00,-1.779898849558115170e+00,-1.632358275208211973e+00,-1.219334852961868609e+00,-1.463841159788806578e+00,-1.696671980341313501e+00,-1.677077585479105126e+00,-1.468582822770307050e+00,2.973246849182898388e-01,2.513683745736932651e-01,1.584467042051096730e-01,7.247132605680516038e-02,-5.028639118374240297e-02,-3.026058312729904554e-01,-2.575137702935402784e-01,-1.660139852894865764e-01,-8.229773328777127694e-02,4.135877706084545302e-02
cs,9.170999999999999985e-02,1.021999999999999992e-01,1.134499999999999953e-01,1.254500000000000060e-01,1.381799999999999973e-01,-7.950999999999999734e-02,-7.653000000000000080e-02,-7.134000000000000064e-02,-6.415999999999999481e-02,-1.025200000000000000e-01,-3.552400000000000002e-01,-2.422199999999999909e-01,-1.667500000000000093e-01,-7.663999999999999979e-02,-3.812999999999999723e-02,-9.167999999999999761e-02,-1.021500000000000047e-01,-1.134099999999999969e-01,-1.253799999999999915e-01,-1.380300000000000138e-01,7.922999999999999488e-02,7.603999999999999648e-02,7.066000000000000059e-02,6.346000000000000252e-02,1.017600000000000032e-01,3.530800000000000050e-01,2.406600000000000128e-01,1.655600000000000127e-01,7.731000000000000372e-02,3.885999999999999871e-02,9.550999999999999768e-02,7.871999999999999831e-02,4.911000000000000087e-02,2.171000000000000013e-02,-1.392000000000000008e-02,-9.735000000000000597e-02,-8.082000000000000295e-02,-5.156999999999999779e-02,-2.471999999999999892e-02,1.131000000000000061e-02
cs*c/cref,1.333086180124223585e-01,1.382244266216406392e-01,1.419721313493738646e-01,1.443082247884379665e-01,1.449889158576051773e-01,-7.755577272910008091e-02,-7.107754452350802110e-02,-6.292923928119158183e-02,-5.360315718238892191e-02,-8.087050057957614890e-02,-2.603479547327585131e-01,-1.617084298176847679e-01,-1.004416608876560479e-01,-4.116305453375947165e-02,-1.799171792397837033e-02,-1.332650103519668616e-01,-1.381568021467768359e-01,-1.419220750668355180e-01,-1.442277020643630836e-01,-1.448315245030051268e-01,7.728265467647590925e-02,7.062245505772310472e-02,6.232940913385194570e-02,5.301833470689528566e-02,8.027099238175643137e-02,2.587649359786126646e-01,1.606669586323343224e-01,9.972486582644878028e-02,4.152290900319604433e-02,1.833616990626277254e-02,7.363537056021227101e-02,5.691359424310036413e-02,3.318117625479909127e-02,1.365757368657326450e-02,-8.122378339263101529e-03,-7.505395585840922423e-02,-5.843186847976844511e-02,-3.484327549297473736e-02,-1.555113871635610719e-02,6.599432400651270535e-03
cx,-2.514000000000000123e-01,-3.137900000000000134e-01,-3.641099999999999892e-01,-4.248500000000000054e-01,-4.837699999999999778e-01,-5.166600000000000081e-01,-4.972500000000000253e-01,-4.683499999999999885e-01,-4.144200000000000106e-01,-3.227999999999999758e-01,-2.434199999999999975e-01,-2.786100000000000243e-01,-3.119000000000000106e-01,-2.989200000000000190e-01,-2.568300000000000027e-01,-2.511999999999999789e-01,-3.134000000000000119e-01,-3.638600000000000168e-01,-4.243199999999999750e-01,-4.828700000000000214e-01,-5.154300000000000548e-01,-4.955899999999999750e-01,-4.660699999999999843e-01,-4.119499999999999829e-01,-3.208599999999999786e-01,-2.419300000000000062e-01,-2.770599999999999730e-01,-3.101400000000000268e-01,-2.973000000000000087e-01,-2.554400000000000004e-01,1.501000000000000077e-02,1.021999999999999992e-02,3.459999999999999968e-03,1.770000000000000089e-03,-7.500000000000000156e-04,1.533999999999999947e-02,1.056999999999999953e-02,3.690000000000000138e-03,2.060000000000000199e-03,-6.300000000000000261e-04
cx*c/cref,-3.654321946169772350e-01,-4.243976793503387301e-01,-4.556498258758970299e-01,-4.887154189028924955e-01,-5.076081040992449500e-01,-5.039613323885907548e-01,-4.618229323704999834e-01,-4.131330139801805412e-01,-3.462316147058232541e-01,-2.546332187581659690e-01,-1.783974190435989038e-01,-1.860027480451868498e-01,-1.878725878912139158e-01,-1.605488029910148995e-01,-1.211857570001407119e-01,-3.651414768806072741e-01,-4.238702084464009978e-01,-4.553369741100324330e-01,-4.881057468491828422e-01,-5.066637559716443695e-01,-5.027615638002774778e-01,-4.602812007109020609e-01,-4.111218187802770374e-01,-3.441680268280098987e-01,-2.531028952005735522e-01,-1.773054292548594257e-01,-1.849679529571783554e-01,-1.868124540191762883e-01,-1.596787071096906485e-01,-1.205298826777087690e-01,1.157226376409576166e-02,7.388934618451292562e-03,2.337749334995008373e-03,1.113491728476954414e-03,-4.376281432792619545e-04,1.182668395344630037e-02,7.641980324562637657e-03,2.493148857263463060e-03,1.295928226363009077e-03,-3.676076403545800635e-04
cy,9.170999999999999985e-02,1.021999999999999992e-01,1.134499999999999953e-01,1.254500000000000060e-01,1.381799999999999973e-01,-7.950999999999999734e-02,-7.653000000000000080e-02,-7.134000000000000064e-02,-6.415999999999999481e-02,-1.025200000000000000e-01,-3.552400000000000002e-01,-2.422199999999999909e-01,-1.667500000000000093e-01,-7.663999999999999979e-02,-3.812999999999999723e-02,-9.167999999999999761e-02,-1.021500000000000047e-01,-1.134099999999999969e-01,-1.253799999999999915e-01,-1.380300000000000138e-01,7.922999999999999488e-02,7.603999999999999648e-02,7.066000000000000059e-02,6.346000000000000252e-02,1.017600000000000032e-01,3.530800000000000050e-01,2.406600000000000128e-01,1.655600000000000127e-01,7.731000000000000372e-02,3.885999999999999871e-02,9.550999999999999768e-02,7.871999999999999831e-02,4.911000000000000087e-02,2.171000000000000013e-02,-1.392000000000000008e-02,-9.735000000000000597e-02,-8.082000000000000295e-02,-5.156999999999999779e-02,-2.471999999999999892e-02,1.131000000000000061e-02
cy*c/cref,1.333086180124223585e-01,1.382244266216406392e-01,1.419721313493738646e-01,1.443082247884379665e-01,1.449889158576051773e-01,-7.755577272910008091e-02,-7.107754452350802110e-02,-6.292923928119158183e-02,-5.360315718238892191e-02,-8.087050057957614890e-02,-2.603479547327585131e-01,-1.617084298176847679e-01,-1.004416608876560479e-01,-4.116305453375947165e-02,-1.799171792397837033e-02,-1.332650103519668616e-01,-1.381568021467768359e-01,-1.419220750668355180e-01,-1.442277020643630836e-01,-1.448315245030051268e-01,7.728265467647590925e-02,7.062245505772310472e-02,6.232940913385194570e-02,5.301833470689528566e-02,8.027099238175643137e-02,2.587649359786126646e-01,1.606669586323343224e-01,9.972486582644878028e-02,4.152290900319604433e-02,1.833616990626277254e-02,7.363537056021227101e-02,5.691359424310036413e-02,3.318117625479909127e-02,1.365757368657326450e-02,-8.122378339263101529e-03,-7.505395585840922423e-02,-5.843186847976844511e-02,-3.484327549297473736e-02,-1.555113871635610719e-02,6.599432400651270535e-03
cz,1.867760000000000087e+00,1.980040000000000022e+00,2.101449999999999818e+00,2.222599999999999909e+00,2.346049999999999969e+00,2.369510000000000005e+00,2.249670000000000059e+00,2.072179999999999911e+00,1.841820000000000013e+00,1.475789999999999935e+00,1.268590000000000106e+00,1.183670000000000000e+00,1.125240000000000018e+00,1.025689999999999991e+00,8.217600000000000460e-01,1.867380000000000040e+00,1.979330000000000034e+00,2.100210000000000132e+00,2.220769999999999911e+00,2.343230000000000146e+00,2.364869999999999806e+00,2.240159999999999929e+00,2.056620000000000115e+00,1.822640000000000038e+00,1.468499999999999917e+00,1.262499999999999956e+00,1.177839999999999998e+00,1.119429999999999925e+00,1.024869999999999948e+00,8.211600000000000010e-01,-1.377299999999999913e-01,-1.113299999999999984e-01,-6.550999999999999879e-02,-2.964999999999999927e-02,2.016000000000000084e-02,-1.404400000000000093e-01,-1.145499999999999990e-01,-6.922000000000000375e-02,-3.416999999999999899e-02,1.649000000000000118e-02
cz*c/cref,2.714954796411318316e+00,2.677983304187018909e+00,2.629769373504994956e+00,2.556711521839634571e+00,2.461653249730312965e+00,2.311271274548232224e+00,2.089390037739452310e+00,1.827876521638625906e+00,1.538768188305292606e+00,1.164142372711009399e+00,9.297230376489982184e-01,7.902296140793449997e-01,6.777869535066032292e-01,5.508942250095478776e-01,3.877491246055197460e-01,2.714402432712215152e+00,2.677023036643952913e+00,2.628217628746306822e+00,2.554606427767391885e+00,2.458694292263831738e+00,2.306745318247602761e+00,2.080557587087177751e+00,1.814150996502442492e+00,1.522744052476766807e+00,1.158391826971396421e+00,9.252598042171702453e-01,7.863374493289647660e-01,6.742873070312971340e-01,5.504538061066553967e-01,3.874660133872037671e-01,-1.061857353916661750e-01,-8.049022417536030871e-02,-4.426183784263670873e-02,-1.865255918041903646e-02,1.176344449134656203e-02,-1.082750648254236503e-01,-8.281824467158468983e-02,-4.676849970183655919e-02,-2.149605218195340534e-02,9.621984110233374604e-03
Results_Name,VSPAERO_Comp_Load
Results_Timestamp,1749672324
Results_Date,6,11,2025
Results_Time,16,5,24
AoA,1.500000000000000000e+01,1.500000000000000000e+01,1.500000000000000000e+01,1.500000000000000000e+01,1.500000000000000000e+01,1.500000000000000000e+01,1.500000000000000000e+01,1.500000000000000000e+01,1.500000000000000000e+01
Beta,0.000000000000000000e+00,0.000000000000000000e+00,0.000000000000000000e+00,0.000000000000000000e+00,0.000000000000000000e+00,0.000000000000000000e+00,0.000000000000000000e+00,0.000000000000000000e+00,0.000000000000000000e+00
CDi,0.000000000000000000e+00,6.164000000000000035e-02,6.131999999999999951e-02,-8.899999999999999491e-04,-9.399999999999999719e-04,0.000000000000000000e+00,0.000000000000000000e+00,0.000000000000000000e+00,0.000000000000000000e+00
CFx,0.000000000000000000e+00,-2.099000000000000032e-01,-2.091899999999999871e-01,4.800000000000000122e-04,5.000000000000000104e-04,0.000000000000000000e+00,0.000000000000000000e+00,0.000000000000000000e+00,0.000000000000000000e+00
CFy,0.000000000000000000e+00,-1.042000000000000044e-02,1.022999999999999951e-02,3.729999999999999809e-03,-3.910000000000000281e-03,0.000000000000000000e+00,0.000000000000000000e+00,0.000000000000000000e+00,0.000000000000000000e+00
CFz,0.000000000000000000e+00,1.021509999999999918e+00,1.017630000000000035e+00,-5.239999999999999866e-03,-5.510000000000000141e-03,0.000000000000000000e+00,0.000000000000000000e+00,0.000000000000000000e+00,0.000000000000000000e+00
CL,0.000000000000000000e+00,1.041029999999999900e+00,1.037099999999999911e+00,-5.190000000000000169e-03,-5.449999999999999983e-03,0.000000000000000000e+00,0.000000000000000000e+00,0.000000000000000000e+00,0.000000000000000000e+00
Cmx,0.000000000000000000e+00,2.110899999999999999e-01,-2.099199999999999955e-01,-4.000000000000000327e-05,5.000000000000000240e-05,6.000000000000000152e-05,-6.000000000000000152e-05,-0.000000000000000000e+00,0.000000000000000000e+00
Cmy,0.000000000000000000e+00,-3.751499999999999835e-01,-3.733000000000000207e-01,1.660000000000000017e-02,1.744000000000000064e-02,3.109999999999999917e-02,3.102999999999999856e-02,-0.000000000000000000e+00,0.000000000000000000e+00
Cmz,0.000000000000000000e+00,4.603999999999999759e-02,-4.583999999999999880e-02,9.899999999999999946e-04,-1.039999999999999909e-03,1.000000000000000082e-05,-1.000000000000000082e-05,-0.000000000000000000e+00,1.000000000000000082e-05
Comp_ID,0,1,2,3,4,5,6,7,8
Comp_Name,NONE,main_wing,main_wing,horizontal_tail,horizontal_tail,fuselage,fuselage,fuselage,fuselage
Cs,0.000000000000000000e+00,-1.042000000000000044e-02,1.022999999999999951e-02,3.729999999999999809e-03,-3.910000000000000281e-03,0.000000000000000000e+00,0.000000000000000000e+00,0.000000000000000000e+00,0.000000000000000000e+00
Mach,1.499999999999999944e-01,1.499999999999999944e-01,1.499999999999999944e-01,1.499999999999999944e-01,1.499999999999999944e-01,1.499999999999999944e-01,1.499999999999999944e-01,1.499999999999999944e-01,1.499999999999999944e-01
