Results_Name,VSPAERO_History
Results_Timestamp,1758915291
Results_Date,9,26,2025
Results_Time,15,34,51
Alpha,-5.000000000000000000e+00,-5.000000000000000000e+00,-5.000000000000000000e+00,-5.000000000000000000e+00,-5.000000000000000000e+00
AnalysisMethod,0
Beta,0.000000000000000000e+00,0.000000000000000000e+00,0.000000000000000000e+00,0.000000000000000000e+00,0.000000000000000000e+00
CDi,4.718760414099999745e-02,4.652699559500000220e-02,4.715418149500000267e-02,4.771129915399999893e-02,4.792275430000000197e-02
CDo,1.574827346299999958e-02,1.608973384799999851e-02,1.621059396499999888e-02,1.630960130899999916e-02,1.632001024300000144e-02
CDt,4.943142655899999960e-02,4.605786274600000285e-02,4.558727208200000214e-02,4.556797787200000255e-02,4.734416689800000078e-02
CDtot,6.293587760400000397e-02,6.261672944299999377e-02,6.336477545999999461e-02,6.402090046300000503e-02,6.424276454299999994e-02
CDtott,6.517970002200000612e-02,6.214759659500000005e-02,6.179786604799999972e-02,6.187757918100000171e-02,6.366417714100000569e-02
CFx,1.245353389409999956e-01,1.275062118059999972e-01,1.289563037919999877e-01,1.302686613129999949e-01,1.305374250030000016e-01
CFxi,1.088461848140000049e-01,1.114782176089999938e-01,1.128083672169999940e-01,1.140226847080000050e-01,1.142815878470000018e-01
CFxo,1.568915412799999978e-02,1.602799419699999992e-02,1.614793657500000063e-02,1.624597660500000026e-02,1.625583715500000109e-02
CFy,-1.506005585999999974e-03,-5.676505720000000468e-04,-2.131230039999999965e-04,-2.934426440000000155e-04,2.121690929999999885e-04
CFyi,-1.508904799999999987e-03,-5.669879000000000065e-04,-2.134660100000000064e-04,-2.952950849999999832e-04,2.115417839999999975e-04
CFyo,2.899214000000000089e-06,-6.626719999999999930e-07,3.430059999999999945e-07,1.852440999999999905e-06,6.273090000000000488e-07
CFz,7.013372251449999650e-01,7.389562718609999914e-01,7.469480336070000170e-01,7.544201585799999998e-01,7.549465367730000542e-01
CFzi,7.027005467069999955e-01,7.403644522540000494e-01,7.483719806659999696e-01,7.558594848520000520e-01,7.563925855580000412e-01
CFzo,-1.363321561999999943e-03,-1.408180391999999930e-03,-1.423947060000000037e-03,-1.439326272000000101e-03,-1.446048785000000024e-03
CL,7.095223952279999802e-01,7.472572187449999515e-01,7.553449532679999967e-01,7.629030240440000110e-01,7.634508235079999761e-01
CLi,7.095131290580000138e-01,7.472631088469999794e-01,7.553560963730000521e-01,7.629209430869999808e-01,7.634745800800000204e-01
CLo,9.266170000000000764e-06,-5.890102000000000209e-06,-1.114310500000000044e-05,-1.791904300000000000e-05,-2.375657199999999891e-05
CMx,8.548840995999999748e-03,2.968108784000000021e-03,1.647534561999999900e-03,4.717609710000000194e-04,3.010347499999999760e-04
CMxi,8.555608862000000162e-03,2.971881764999999981e-03,1.649495906000000020e-03,4.722450510000000021e-04,3.013774880000000267e-04
CMxo,-6.767866000000000366e-06,-3.772980999999999816e-06,-1.961344000000000122e-06,-4.840790000000000031e-07,-3.427380000000000082e-07
CMy,-2.475775549789999974e-01,-2.608883676459999856e-01,-2.592072135090000007e-01,-2.618045661610000074e-01,-2.609703379860000005e-01
CMyi,-2.521544778170000112e-01,-2.655486373879999973e-01,-2.638857952209999747e-01,-2.665049460219999777e-01,-2.656864697060000169e-01
CMyo,4.576922837999999882e-03,4.660269742000000374e-03,4.678581711999999990e-03,4.700379860000000222e-03,4.716131719999999868e-03
CMz,-7.376061650000000167e-04,-3.168045530000000243e-04,-1.386806970000000003e-04,-1.010836730000000020e-04,4.048335299999999742e-05
CMzi,-6.894771500000000230e-04,-2.968258759999999876e-04,-1.273072539999999940e-04,-9.858684399999999640e-05,4.270505899999999997e-05
CMzo,-4.812901500000000052e-05,-1.997867699999999940e-05,-1.137344200000000013e-05,-2.496829000000000129e-06,-2.221706000000000002e-06
CS,-1.506005585999999974e-03,-5.676505720000000468e-04,-2.131230039999999965e-04,-2.934426440000000155e-04,2.121690929999999885e-04
CSi,-1.508904799999999987e-03,-5.669879000000000065e-04,-2.134660100000000064e-04,-2.952950849999999832e-04,2.115417839999999975e-04
CSo,2.899214000000000089e-06,-6.626719999999999930e-07,3.430059999999999945e-07,1.852440999999999905e-06,6.273090000000000488e-07
E,2.738058964510000082e-01,3.080292275329999940e-01,3.105511331040000100e-01,3.131033275339999977e-01,3.121743703970000228e-01
FC_AoA_,-5.000000000000000000e+00
FC_Beta_,0.000000000000000000e+00
FC_Bref_,1.417173599999999922e+01
FC_Cref_,1.193975999999999926e+00
FC_Mach_,1.499999999999999944e-01
FC_Pitch_Rate,0.000000000000000000e+00
FC_ReCref_,3.870000000000000000e+06
FC_Rho_,2.377000000000000206e-03
FC_Roll__Rate,0.000000000000000000e+00
FC_Sref_,1.619368700000000061e+01
FC_Vinf_,5.100000000000000000e+01
FC_Xcg_,1.774861999999999940e+00
FC_Yaw___Rate,0.000000000000000000e+00
FC_Ycg_,0.000000000000000000e+00
FC_Zcg_,7.545150000000000468e-01
L/D,1.127358759532500088e+01,1.193392110219700086e+01,1.192075709074100054e+01,1.191674808650400053e+01,1.188421117165399998e+01
Mach,1.499999999999999944e-01,1.499999999999999944e-01,1.499999999999999944e-01,1.499999999999999944e-01,1.499999999999999944e-01
T/QS,0.000000000000000000e+00,0.000000000000000000e+00,0.000000000000000000e+00,0.000000000000000000e+00,0.000000000000000000e+00
WakeIter,1,2,3,4,5
Results_Name,VSPAERO_History
Results_Timestamp,1758915291
Results_Date,9,26,2025
Results_Time,15,34,51
Alpha,-4.000000000000000000e+00,-4.000000000000000000e+00,-4.000000000000000000e+00,-4.000000000000000000e+00,-4.000000000000000000e+00
AnalysisMethod,0
Beta,0.000000000000000000e+00,0.000000000000000000e+00,0.000000000000000000e+00,0.000000000000000000e+00,0.000000000000000000e+00
CDi,5.201868228200000333e-02,4.914800820600000175e-02,4.902474238900000197e-02,5.022382376199999859e-02,5.025660416000000269e-02
CDo,1.663537770900000087e-02,1.670720267599999989e-02,1.688258078200000067e-02,1.721142497299999949e-02,1.724709678900000071e-02
CDt,5.816666576500000019e-02,5.244783402500000080e-02,4.898634441500000075e-02,4.811759448899999986e-02,4.897005548600000258e-02
CDtot,6.865405999000000203e-02,6.585521088199999817e-02,6.590732317200000134e-02,6.743524873400000286e-02,6.750370094900000340e-02
CDtott,7.480204347299999890e-02,6.915503670099999722e-02,6.586892519699999449e-02,6.532901946199999588e-02,6.621715227400000459e-02
CFx,1.240184655299999966e-01,1.222536349999999994e-01,1.229470355909999951e-01,1.260073618860000078e-01,1.265355360179999944e-01
CFxi,1.074436763750000051e-01,1.056067036529999975e-01,1.061244560310000001e-01,1.088583535089999998e-01,1.093515655460000069e-01
CFxo,1.657478915600000061e-02,1.664693134699999841e-02,1.682257955999999846e-02,1.714900837700000097e-02,1.718397047200000138e-02
CFy,-6.788793140000000089e-04,-7.090989289999999941e-04,-7.555308229999999894e-04,-8.230598670000000136e-04,-3.796429660000000109e-04
CFyi,-6.834737019999999937e-04,-7.119132509999999718e-04,-7.575622130000000520e-04,-8.235983939999999819e-04,-3.812387960000000156e-04
CFyo,4.594388000000000099e-06,2.814322000000000073e-06,2.031389999999999875e-06,5.385270000000000152e-07,1.595828999999999989e-06
CFz,7.893504335219999613e-01,8.042353260750000343e-01,8.134043562470000266e-01,8.352653513500000182e-01,8.418372906559999924e-01
CFzi,7.907978103880000109e-01,8.056806746100000360e-01,8.148519664200000179e-01,8.367589864600000205e-01,8.433423209439999679e-01
CFzo,-1.447376866000000010e-03,-1.445348534999999976e-03,-1.447610173999999954e-03,-1.493635110000000096e-03,-1.505030287000000020e-03
CL,7.960787063730000446e-01,8.108042317220000017e-01,8.199992957759999479e-01,8.420205161649999548e-01,8.486132901230000192e-01
CLi,7.963663586570000064e-01,8.110848282310000323e-01,8.202698958149999831e-01,8.423142585030000129e-01,8.489159610469999562e-01
CLo,-2.876522840000000068e-04,-2.805965090000000074e-04,-2.706000390000000248e-04,-2.937423370000000027e-04,-3.026709239999999948e-04
CMx,9.688015559000000276e-03,5.109210761999999871e-03,3.825168557999999823e-03,8.671270740000000098e-04,8.501545459999999789e-04
CMxi,9.695914138000000237e-03,5.114599079999999735e-03,3.829666712999999986e-03,8.681787660000000236e-04,8.512720469999999519e-04
CMxo,-7.898579000000000122e-06,-5.388317999999999797e-06,-4.498154000000000403e-06,-1.051692000000000018e-06,-1.117500999999999916e-06
CMy,-2.700516763749999938e-01,-2.773900252059999794e-01,-2.708270687559999890e-01,-2.713972906570000232e-01,-2.816881753450000136e-01
CMyi,-2.748499447469999746e-01,-2.822165510779999775e-01,-2.756623176910000250e-01,-2.763136865390000141e-01,-2.866264645080000006e-01
CMyo,4.798268371000000317e-03,4.826525871999999898e-03,4.835248934999999623e-03,4.916395882000000432e-03,4.938289163000000002e-03
CMz,-6.518859949999999785e-04,-3.811831830000000270e-04,-3.379640760000000269e-04,-2.369285270000000005e-04,-1.255770369999999951e-04
CMzi,-5.883068569999999652e-04,-3.454179509999999844e-04,-3.093971150000000207e-04,-2.309006189999999949e-04,-1.188098700000000003e-04
CMzo,-6.357913799999999978e-05,-3.576523299999999795e-05,-2.856695999999999999e-05,-6.027907999999999716e-06,-6.767168000000000156e-06
CS,-6.788793140000000089e-04,-7.090989289999999941e-04,-7.555308229999999894e-04,-8.230598670000000136e-04,-3.796429660000000109e-04
CSi,-6.834737019999999937e-04,-7.119132509999999718e-04,-7.575622130000000520e-04,-8.235983939999999819e-04,-3.812387960000000156e-04
CSo,4.594388000000000099e-06,2.814322000000000073e-06,2.031389999999999875e-06,5.385270000000000152e-07,1.595828999999999989e-06
E,3.129077474079999810e-01,3.435393463459999741e-01,3.522476281490000138e-01,3.625670908779999868e-01,3.680324475050000266e-01
FC_AoA_,-4.000000000000000000e+00
FC_Beta_,0.000000000000000000e+00
FC_Bref_,1.417173599999999922e+01
FC_Cref_,1.193975999999999926e+00
FC_Mach_,1.499999999999999944e-01
FC_Pitch_Rate,0.000000000000000000e+00
FC_ReCref_,3.870000000000000000e+06
FC_Rho_,2.377000000000000206e-03
FC_Roll__Rate,0.000000000000000000e+00
FC_Sref_,1.619368700000000061e+01
FC_Vinf_,5.100000000000000000e+01
FC_Xcg_,1.774861999999999940e+00
FC_Yaw___Rate,0.000000000000000000e+00
FC_Ycg_,0.000000000000000000e+00
FC_Zcg_,7.545150000000000468e-01
L/D,1.159969794602599968e+01,1.231618299251899984e+01,1.244580808842400010e+01,1.249071182076299991e+01,1.257584323687900074e+01
Mach,1.499999999999999944e-01,1.499999999999999944e-01,1.499999999999999944e-01,1.499999999999999944e-01,1.499999999999999944e-01
T/QS,0.000000000000000000e+00,0.000000000000000000e+00,0.000000000000000000e+00,0.000000000000000000e+00,0.000000000000000000e+00
WakeIter,1,2,3,4,5
Results_Name,VSPAERO_History
Results_Timestamp,1758915291
Results_Date,9,26,2025
Results_Time,15,34,51
Alpha,-3.000000000000000000e+00,-3.000000000000000000e+00,-3.000000000000000000e+00,-3.000000000000000000e+00,-3.000000000000000000e+00
AnalysisMethod,0
Beta,0.000000000000000000e+00,0.000000000000000000e+00,0.000000000000000000e+00,0.000000000000000000e+00,0.000000000000000000e+00
CDi,5.523491787700000183e-02,5.302691320800000108e-02,5.276458510399999885e-02,5.330170064300000093e-02,5.417236361299999914e-02
CDo,1.759627420300000078e-02,1.778936966499999883e-02,1.796749916099999941e-02,1.820055358899999934e-02,1.827112835299999835e-02
CDt,6.076552528499999661e-02,5.468380440299999701e-02,5.289405743799999865e-02,5.255450286300000079e-02,5.366774109200000281e-02
CDtot,7.283119207999999567e-02,7.081628287199999428e-02,7.073208426499999479e-02,7.150225423200000374e-02,7.244349196600000096e-02
CDtott,7.836179948799999739e-02,7.247317406799999584e-02,7.086155659899999459e-02,7.075505645200000360e-02,7.193886944400000594e-02
CFx,1.187629443499999965e-01,1.182786156580000053e-01,1.185079850630000042e-01,1.200685172740000028e-01,1.211603603109999983e-01
CFxi,1.012208407589999942e-01,1.005448393480000008e-01,1.005963954460000059e-01,1.019249440020000008e-01,1.029466073140000021e-01
CFxo,1.754210359200000097e-02,1.773377631000000107e-02,1.791158961699999830e-02,1.814357327199999856e-02,1.821375299699999964e-02
CFy,-1.859808760999999899e-03,-7.608471150000000165e-04,-6.935286120000000529e-04,1.698021999999999851e-05,-1.804527360000000131e-04
CFyi,-1.865624811999999980e-03,-7.639055089999999704e-04,-6.967907659999999495e-04,1.806228400000000109e-05,-1.823306480000000103e-04
CFyo,5.816051000000000230e-06,3.058394000000000063e-06,3.262153999999999870e-06,-1.082065000000000075e-06,1.877911999999999961e-06
CFz,8.745228914920000207e-01,9.037808697679999836e-01,9.097663086880000138e-01,9.248271510969999776e-01,9.276762242989999852e-01
CFzi,8.760173029890000462e-01,9.053074852089999514e-01,9.113036218700000246e-01,9.263909985899999588e-01,9.292494576440000209e-01
CFzo,-1.494411496999999926e-03,-1.526615441000000019e-03,-1.537313181999999927e-03,-1.563847492999999918e-03,-1.573233344999999976e-03
CL,8.795399605210000304e-01,9.087324939499999976e-01,9.147217343010000112e-01,9.298436082950000126e-01,9.327459195899999722e-01
CLi,8.801142412139999482e-01,9.093289030769999837e-01,9.153195204790000039e-01,9.304557513319999806e-01,9.333637626940000098e-01
CLo,-5.742806919999999832e-04,-5.964091270000000363e-04,-5.977861780000000465e-04,-6.121430379999999536e-04,-6.178431039999999911e-04
CMx,1.079813331700000059e-02,5.924264900999999701e-03,4.509704532999999835e-03,1.593446768000000065e-03,9.528569390000000148e-04
CMxi,1.080709086400000012e-02,5.931078111999999770e-03,4.515279415999999719e-03,1.595418349000000046e-03,9.540077619999999797e-04
CMxo,-8.957547000000000450e-06,-6.813211000000000352e-06,-5.574882999999999933e-06,-1.971581000000000004e-06,-1.150823000000000061e-06
CMy,-2.857155297990000009e-01,-3.134047602899999729e-01,-2.974607847690000084e-01,-2.983575681399999735e-01,-2.949855696529999904e-01
CMyi,-2.907129702769999935e-01,-3.185305675180000184e-01,-3.025968598450000102e-01,-3.035324056520000147e-01,-3.001713303770000008e-01
CMyo,4.997440478000000387e-03,5.125807228000000410e-03,5.136075074999999629e-03,5.174837512000000396e-03,5.185760723999999905e-03
CMz,-7.060790209999999976e-04,-3.050468719999999915e-04,-2.737922770000000014e-04,-2.610944299999999870e-05,-6.356450099999999364e-05
CMzi,-6.253545440000000521e-04,-2.561478570000000170e-04,-2.355676090000000090e-04,-1.161564999999999949e-05,-5.542863799999999709e-05
CMzo,-8.072447699999999978e-05,-4.889901599999999762e-05,-3.822466799999999924e-05,-1.449379299999999921e-05,-8.135862999999999933e-06
CS,-1.859808760999999899e-03,-7.608471150000000165e-04,-6.935286120000000529e-04,1.698021999999999851e-05,-1.804527360000000131e-04
CSi,-1.865624811999999980e-03,-7.639055089999999704e-04,-6.967907659999999495e-04,1.806228400000000109e-05,-1.823306480000000103e-04
CSo,5.816051000000000230e-06,3.058394000000000063e-06,3.262153999999999870e-06,-1.082065000000000075e-06,1.877911999999999961e-06
E,3.599268418500000122e-01,4.002169662150000251e-01,4.075236081370000041e-01,4.168696091369999968e-01,4.127375082959999775e-01
FC_AoA_,-3.000000000000000000e+00
FC_Beta_,0.000000000000000000e+00
FC_Bref_,1.417173599999999922e+01
FC_Cref_,1.193975999999999926e+00
FC_Mach_,1.499999999999999944e-01
FC_Pitch_Rate,0.000000000000000000e+00
FC_ReCref_,3.870000000000000000e+06
FC_Rho_,2.377000000000000206e-03
FC_Roll__Rate,0.000000000000000000e+00
FC_Sref_,1.619368700000000061e+01
FC_Vinf_,5.100000000000000000e+01
FC_Xcg_,1.774861999999999940e+00
FC_Yaw___Rate,0.000000000000000000e+00
FC_Ycg_,0.000000000000000000e+00
FC_Zcg_,7.545150000000000468e-01
L/D,1.208430366270900080e+01,1.284067542374599924e+01,1.294065529086399913e+01,1.301295688264900008e+01,1.288402501549600032e+01
Mach,1.499999999999999944e-01,1.499999999999999944e-01,1.499999999999999944e-01,1.499999999999999944e-01,1.499999999999999944e-01
T/QS,0.000000000000000000e+00,0.000000000000000000e+00,0.000000000000000000e+00,0.000000000000000000e+00,0.000000000000000000e+00
WakeIter,1,2,3,4,5
Results_Name,VSPAERO_History
Results_Timestamp,1758915291
Results_Date,9,26,2025
Results_Time,15,34,51
Alpha,-2.000000000000000000e+00,-2.000000000000000000e+00,-2.000000000000000000e+00,-2.000000000000000000e+00,-2.000000000000000000e+00
AnalysisMethod,0
Beta,0.000000000000000000e+00,0.000000000000000000e+00,0.000000000000000000e+00,0.000000000000000000e+00,0.000000000000000000e+00
CDi,5.904531915600000347e-02,5.729711403499999911e-02,5.675344630700000087e-02,5.703332064600000195e-02,5.799917341599999943e-02
CDo,1.865406230200000043e-02,1.887551731299999883e-02,1.906163857200000172e-02,1.921193757599999954e-02,1.942887347400000173e-02
CDt,6.131193187999999655e-02,5.560430312299999983e-02,5.549985170300000131e-02,5.523099851999999782e-02,5.662812187200000347e-02
CDtot,7.769938145799999696e-02,7.617263134799999447e-02,7.581508487900000259e-02,7.624525822199999803e-02,7.742804689000000462e-02
CDtott,7.996599418199999698e-02,7.447982043600000213e-02,7.456149027500000304e-02,7.444293609600000083e-02,7.605699534599999478e-02
CFx,1.110200646780000050e-01,1.111156841150000019e-01,1.108905221689999998e-01,1.114994244529999984e-01,1.131777266430000067e-01
CFxi,9.240841580700000224e-02,9.228465777300000339e-02,9.187369727600000480e-02,9.233255890199999760e-02,9.379487047199999705e-02
CFxo,1.861164887099999929e-02,1.883102634199999847e-02,1.901682489299999848e-02,1.916686555100000078e-02,1.938285617099999927e-02
CFy,-2.600861431999999893e-03,-1.248803737000000027e-03,-8.094067300000000464e-04,-4.418707939999999947e-04,-4.305785269999999913e-04
CFyi,-2.607149422000000060e-03,-1.253111309999999957e-03,-8.130281249999999705e-04,-4.431194539999999855e-04,-4.301604500000000058e-04
CFyo,6.287991000000000153e-06,4.307573000000000372e-06,3.621396000000000064e-06,1.248659999999999959e-06,-4.180770000000000186e-07
CFz,9.528232764990000048e-01,9.993085112699999772e-01,1.003105749007999981e+00,1.008216367538000036e+00,1.022385372598000108e+00
CFzi,9.543634461109999911e-01,1.000912039379000085e+00,1.004721767012999978e+00,1.009842407085999927e+00,1.024042267990000088e+00
CFzo,-1.540169613000000022e-03,-1.603528108999999896e-03,-1.616018006000000075e-03,-1.626039547999999892e-03,-1.656895391999999977e-03
CL,9.561173866840000368e-01,1.002577640976999973e+00,1.006364707501000044e+00,1.011493463164000017e+00,1.025712408750000026e+00
CLi,9.570070808889999947e-01,1.003522998917999898e+00,1.007316063455000021e+00,1.012449598212000090e+00,1.026691842881999994e+00
CLo,-8.896942049999999498e-04,-9.453579410000000028e-04,-9.513559539999999568e-04,-9.561350480000000178e-04,-9.794341310000000741e-04
CMx,1.185436232400000067e-02,7.000070585000000428e-03,4.924747143000000014e-03,3.442380378999999879e-03,4.187477780000000024e-04
CMxi,1.186440929000000082e-02,7.008386313999999742e-03,4.931000550999999586e-03,3.446861171000000033e-03,4.191770889999999849e-04
CMxo,-1.004696599999999918e-05,-8.315729000000000016e-06,-6.253408000000000352e-06,-4.480792000000000145e-06,-4.293109999999999987e-07
CMy,-2.800022024430000034e-01,-3.501329293539999776e-01,-3.289311846729999766e-01,-3.192844015869999996e-01,-3.224724399289999877e-01
CMyi,-2.852269432830000229e-01,-3.555569577029999984e-01,-3.343776241520000081e-01,-3.247336250780000211e-01,-3.279767106129999887e-01
CMyo,5.224740840000000400e-03,5.424028348999999916e-03,5.446439479000000222e-03,5.449223490999999774e-03,5.504270684000000212e-03
CMz,-6.914477740000000332e-04,-3.535219479999999852e-04,-2.449953479999999865e-04,-1.318943980000000034e-04,-1.108146589999999958e-04
CMzi,-5.911506550000000153e-04,-2.891810790000000179e-04,-1.984616730000000038e-04,-9.783014200000000535e-05,-1.057073939999999938e-04
CMzo,-1.002971190000000043e-04,-6.434086899999999433e-05,-4.653367500000000302e-05,-3.406425599999999805e-05,-5.107265000000000304e-06
CS,-2.600861431999999893e-03,-1.248803737000000027e-03,-8.094067300000000464e-04,-4.418707939999999947e-04,-4.305785269999999913e-04
CSi,-2.607149422000000060e-03,-1.253111309999999957e-03,-8.130281249999999705e-04,-4.431194539999999855e-04,-4.301604500000000058e-04
CSo,6.287991000000000153e-06,4.307573000000000372e-06,3.621396000000000064e-06,1.248659999999999959e-06,-4.180770000000000186e-07
E,3.981022933130000108e-01,4.510988958850000174e-01,4.588694364199999987e-01,4.612836038829999930e-01,4.664534079870000238e-01
FC_AoA_,-2.000000000000000000e+00
FC_Beta_,0.000000000000000000e+00
FC_Bref_,1.417173599999999922e+01
FC_Cref_,1.193975999999999926e+00
FC_Mach_,1.499999999999999944e-01
FC_Pitch_Rate,0.000000000000000000e+00
FC_ReCref_,3.870000000000000000e+06
FC_Rho_,2.377000000000000206e-03
FC_Roll__Rate,0.000000000000000000e+00
FC_Sref_,1.619368700000000061e+01
FC_Vinf_,5.100000000000000000e+01
FC_Xcg_,1.774861999999999940e+00
FC_Yaw___Rate,0.000000000000000000e+00
FC_Ycg_,0.000000000000000000e+00
FC_Zcg_,7.545150000000000468e-01
L/D,1.231679149736200074e+01,1.317432496624400073e+01,1.328648599496299987e+01,1.327885329293300032e+01,1.325994757867900020e+01
Mach,1.499999999999999944e-01,1.499999999999999944e-01,1.499999999999999944e-01,1.499999999999999944e-01,1.499999999999999944e-01
T/QS,0.000000000000000000e+00,0.000000000000000000e+00,0.000000000000000000e+00,0.000000000000000000e+00,0.000000000000000000e+00
WakeIter,1,2,3,4,5
Results_Name,VSPAERO_History
Results_Timestamp,1758915291
Results_Date,9,26,2025
Results_Time,15,34,51
Alpha,-1.000000000000000000e+00,-1.000000000000000000e+00,-1.000000000000000000e+00,-1.000000000000000000e+00,-1.000000000000000000e+00
AnalysisMethod,0
Beta,0.000000000000000000e+00,0.000000000000000000e+00,0.000000000000000000e+00,0.000000000000000000e+00,0.000000000000000000e+00
CDi,6.461889095799999705e-02,6.129591070100000316e-02,6.028557259299999888e-02,6.099994723600000307e-02,6.184228293900000117e-02
CDo,1.977620130399999898e-02,1.978788308999999968e-02,1.996917196599999958e-02,2.040078153300000155e-02,2.059690429900000105e-02
CDt,7.306198583700000693e-02,6.291970213099999654e-02,5.726652199599999854e-02,5.659428193700000165e-02,5.892382438100000203e-02
CDtot,8.439509226199999603e-02,8.108379379100000284e-02,8.025474455900000192e-02,8.140072876899999421e-02,8.243918723800000570e-02
CDtott,9.283818714100000591e-02,8.270758522099999621e-02,7.723569396200000159e-02,7.699506346999999973e-02,7.952072868100000524e-02
CFx,1.023419535700000049e-01,9.981051875799999695e-02,9.906832001000000221e-02,1.006250537460000039e-01,1.018960871510000005e-01
CFxi,8.259085664800000504e-02,8.004834075599999432e-02,7.912497920199999812e-02,8.025079763900000440e-02,8.132623552100000375e-02
CFxo,1.975109692299999858e-02,1.976217800199999916e-02,1.994334080800000061e-02,2.037425610699999945e-02,2.056985163000000019e-02
CFy,-2.244156755000000208e-03,-1.229783209999999946e-03,-1.507581068999999966e-03,-2.270476319999999919e-04,-6.206214509999999525e-04
CFyi,-2.251090368000000126e-03,-1.231284823999999984e-03,-1.514173148000000010e-03,-2.269727870000000077e-04,-6.211053209999999611e-04
CFyo,6.933612999999999712e-06,1.501613999999999909e-06,6.592079000000000010e-06,-7.484500000000000614e-08,4.838699999999999514e-07
CFz,1.027438490900000057e+00,1.072145747268000049e+00,1.077128643158000054e+00,1.100650466912000081e+00,1.113965613548000055e+00
CFzi,1.029049304261999920e+00,1.073791077029000007e+00,1.078782777547000027e+00,1.102348142492000083e+00,1.115695206398999995e+00
CFzo,-1.610813362000000073e-03,-1.645329761000000057e-03,-1.654134387999999997e-03,-1.697675579999999903e-03,-1.729592850999999917e-03
CL,1.029068120410999931e+00,1.073724388018000075e+00,1.078693571834000053e+00,1.102238981851000110e+00,1.115574283116999910e+00
CLi,1.030333984265999980e+00,1.075024569625000037e+00,1.079999395001000062e+00,1.103580819068000096e+00,1.116944619132000049e+00
CLo,-1.265863855999999933e-03,-1.300181607000000040e-03,-1.305823165999999997e-03,-1.341837217000000021e-03,-1.370336013999999937e-03
CMx,1.282865655600000029e-02,9.452984456999999688e-03,8.316562230999999944e-03,3.152755469000000001e-03,8.757227729999999492e-04
CMxi,1.284018255099999943e-02,9.463563439999999466e-03,8.327141504999999860e-03,3.157180322999999893e-03,8.767131099999999873e-04
CMxo,-1.152599399999999968e-05,-1.057898200000000062e-05,-1.057927399999999937e-05,-4.424853999999999767e-06,-9.903370000000000356e-07
CMy,-2.672244549369999778e-01,-3.665783893999999821e-01,-3.506416905240000159e-01,-3.459646631500000180e-01,-3.530169191990000233e-01
CMyi,-2.727149251479999981e-01,-3.722401846799999747e-01,-3.563355662079999986e-01,-3.517312207450000172e-01,-3.588403439939999995e-01
CMyo,5.490470211000000357e-03,5.661795279999999597e-03,5.693875684999999583e-03,5.766557595000000071e-03,5.823424794999999647e-03
CMz,-5.325816789999999589e-04,-2.532457299999999888e-04,-3.441921549999999775e-04,-5.433816699999999728e-05,-1.471008099999999866e-04
CMzi,-4.109660260000000268e-04,-1.587499829999999964e-04,-2.589035550000000027e-04,-1.910821899999999975e-05,-1.373959220000000106e-04
CMzo,-1.216156539999999959e-04,-9.449574599999999635e-05,-8.528860000000000195e-05,-3.522994799999999753e-05,-9.704889000000000790e-06
CS,-2.244156755000000208e-03,-1.229783209999999946e-03,-1.507581068999999966e-03,-2.270476319999999919e-04,-6.206214509999999525e-04
CSi,-2.251090368000000126e-03,-1.231284823999999984e-03,-1.514173148000000010e-03,-2.269727870000000077e-04,-6.211053209999999611e-04
CSo,6.933612999999999712e-06,1.501613999999999909e-06,6.592079000000000010e-06,-7.484500000000000614e-08,4.838699999999999514e-07
E,4.216444623989999974e-01,4.838994515719999834e-01,4.965734386630000219e-01,5.124230762189999622e-01,5.177589545399999826e-01
FC_AoA_,-1.000000000000000000e+00
FC_Beta_,0.000000000000000000e+00
FC_Bref_,1.417173599999999922e+01
FC_Cref_,1.193975999999999926e+00
FC_Mach_,1.499999999999999944e-01
FC_Pitch_Rate,0.000000000000000000e+00
FC_ReCref_,3.870000000000000000e+06
FC_Rho_,2.377000000000000206e-03
FC_Roll__Rate,0.000000000000000000e+00
FC_Sref_,1.619368700000000061e+01
FC_Vinf_,5.100000000000000000e+01
FC_Xcg_,1.774861999999999940e+00
FC_Yaw___Rate,0.000000000000000000e+00
FC_Ycg_,0.000000000000000000e+00
FC_Zcg_,7.545150000000000468e-01
L/D,1.220845853291000083e+01,1.325819278258700074e+01,1.345714077004599929e+01,1.355738254131400033e+01,1.354870974046099974e+01
Mach,1.499999999999999944e-01,1.499999999999999944e-01,1.499999999999999944e-01,1.499999999999999944e-01,1.499999999999999944e-01
T/QS,0.000000000000000000e+00,0.000000000000000000e+00,0.000000000000000000e+00,0.000000000000000000e+00,0.000000000000000000e+00
WakeIter,1,2,3,4,5
Results_Name,VSPAERO_History
Results_Timestamp,1758915291
Results_Date,9,26,2025
Results_Time,15,34,51
Alpha,0.000000000000000000e+00,0.000000000000000000e+00,0.000000000000000000e+00,0.000000000000000000e+00,0.000000000000000000e+00
AnalysisMethod,0
Beta,0.000000000000000000e+00,0.000000000000000000e+00,0.000000000000000000e+00,0.000000000000000000e+00,0.000000000000000000e+00
CDi,6.708142622799999344e-02,6.649256795400000641e-02,6.597226467300000563e-02,6.609040511899999526e-02,6.669295249399999348e-02
CDo,2.102113279000000085e-02,2.116757635300000120e-02,2.145951688100000004e-02,2.160892347599999846e-02,2.181892495900000090e-02
CDt,6.725701396300000356e-02,6.368222796099999583e-02,6.109775401800000144e-02,6.034171115100000343e-02,6.237356454700000025e-02
CDtot,8.810255901699999559e-02,8.766014430799999591e-02,8.743178155399999874e-02,8.769932859500000066e-02,8.851187745199999568e-02
CDtott,8.827814675299999747e-02,8.484980431399999357e-02,8.255727089900000149e-02,8.195063462700000190e-02,8.419248950600000114e-02
CFx,8.810255901699999559e-02,8.766014430799999591e-02,8.743178155399999874e-02,8.769932859500000066e-02,8.851187745199999568e-02
CFxi,6.708142622799999344e-02,6.649256795400000641e-02,6.597226467300000563e-02,6.609040511899999526e-02,6.669295249399999348e-02
CFxo,2.102113279000000085e-02,2.116757635300000120e-02,2.145951688100000004e-02,2.160892347599999846e-02,2.181892495900000090e-02
CFy,-3.146880964999999950e-03,-1.199593071000000033e-03,-7.461337829999999680e-04,-8.240106139999999520e-04,-1.852225280000000006e-04
CFyi,-3.154281794999999958e-03,-1.199807999999999908e-03,-7.494642710000000343e-04,-8.279262080000000237e-04,-1.856029260000000025e-04
CFyo,7.400829999999999918e-06,2.149290000000000051e-07,3.330489000000000039e-06,3.915593999999999665e-06,3.803979999999999894e-07
CFz,1.102304849957999933e+00,1.164621974697999995e+00,1.185884352371000094e+00,1.189301637720000082e+00,1.200449445467999920e+00
CFzi,1.103936492482000098e+00,1.166349910234000031e+00,1.187652705989000079e+00,1.191079350714999929e+00,1.202252479943000107e+00
CFzo,-1.631642524000000063e-03,-1.727935535999999914e-03,-1.768353618999999981e-03,-1.777712995000000013e-03,-1.803034475000000070e-03
CL,1.102304849957999933e+00,1.164621974697999995e+00,1.185884352371000094e+00,1.189301637720000082e+00,1.200449445467999920e+00
CLi,1.103936492482000098e+00,1.166349910234000031e+00,1.187652705989000079e+00,1.191079350714999929e+00,1.202252479943000107e+00
CLo,-1.631642524000000063e-03,-1.727935535999999914e-03,-1.768353618999999981e-03,-1.777712995000000013e-03,-1.803034475000000070e-03
CMx,1.380927586499999977e-02,1.059648800700000067e-02,6.178713857999999781e-03,4.524297612999999760e-03,1.564296005999999935e-03
CMxi,1.382279000399999971e-02,1.061035249700000016e-02,6.187284276999999687e-03,4.530649866000000317e-03,1.566405344000000024e-03
CMxo,-1.351413899999999994e-05,-1.386449000000000013e-05,-8.570419000000000453e-06,-6.352252999999999912e-06,-2.109336999999999825e-06
CMy,-2.523038490330000161e-01,-3.844963376919999787e-01,-3.910461329530000030e-01,-3.756777006390000229e-01,-3.746846620059999800e-01
CMyi,-2.580602209940000002e-01,-3.904868466170000052e-01,-3.971538992929999901e-01,-3.817908829330000087e-01,-3.808446608819999746e-01
CMyo,5.756371960999999773e-03,5.990508924999999631e-03,6.107766340999999655e-03,6.113182293999999684e-03,6.159998875999999832e-03
CMz,-4.673331490000000072e-04,-1.389036310000000077e-04,-1.127288350000000064e-04,-1.392221489999999904e-04,-2.280683899999999992e-05
CMzi,-3.229102660000000044e-04,-1.639348699999999926e-05,-4.018139899999999845e-05,-8.631426599999999485e-05,-3.733616999999999967e-06
CMzo,-1.444228830000000028e-04,-1.225101440000000118e-04,-7.254743600000000117e-05,-5.290788300000000228e-05,-1.907322199999999911e-05
CS,-3.146880964999999950e-03,-1.199593071000000033e-03,-7.461337829999999680e-04,-8.240106139999999520e-04,-1.852225280000000006e-04
CSi,-3.154281794999999958e-03,-1.199807999999999908e-03,-7.494642710000000343e-04,-8.279262080000000237e-04,-1.856029260000000025e-04
CSo,7.400829999999999918e-06,2.149290000000000051e-07,3.330489000000000039e-06,3.915593999999999665e-06,3.803979999999999894e-07
E,4.662681427279999902e-01,5.250908690709999993e-01,5.487409668179999978e-01,5.509254417629999567e-01,5.562387887759999705e-01
FC_AoA_,0.000000000000000000e+00
FC_Beta_,0.000000000000000000e+00
FC_Bref_,1.417173599999999922e+01
FC_Cref_,1.193975999999999926e+00
FC_Mach_,1.499999999999999944e-01
FC_Pitch_Rate,0.000000000000000000e+00
FC_ReCref_,3.870000000000000000e+06
FC_Rho_,2.377000000000000206e-03
FC_Roll__Rate,0.000000000000000000e+00
FC_Sref_,1.619368700000000061e+01
FC_Vinf_,5.100000000000000000e+01
FC_Xcg_,1.774861999999999940e+00
FC_Yaw___Rate,0.000000000000000000e+00
FC_Ycg_,0.000000000000000000e+00
FC_Zcg_,7.545150000000000468e-01
L/D,1.253012971239700057e+01,1.330536151231000019e+01,1.358376422033300024e+01,1.358139645754799929e+01,1.358295083719299967e+01
Mach,1.499999999999999944e-01,1.499999999999999944e-01,1.499999999999999944e-01,1.499999999999999944e-01,1.499999999999999944e-01
T/QS,0.000000000000000000e+00,0.000000000000000000e+00,0.000000000000000000e+00,0.000000000000000000e+00,0.000000000000000000e+00
WakeIter,1,2,3,4,5
Results_Name,VSPAERO_History
Results_Timestamp,1758915291
Results_Date,9,26,2025
Results_Time,15,34,51
Alpha,1.000000000000000000e+00,1.000000000000000000e+00,1.000000000000000000e+00,1.000000000000000000e+00,1.000000000000000000e+00
AnalysisMethod,0
Beta,0.000000000000000000e+00,0.000000000000000000e+00,0.000000000000000000e+00,0.000000000000000000e+00,0.000000000000000000e+00
CDi,7.086469382099999659e-02,7.173663281200000352e-02,7.203592013699999796e-02,7.102019739600000381e-02,7.138017063500000370e-02
CDo,2.214209234799999898e-02,2.254795171700000114e-02,2.274132633199999962e-02,2.287246193800000077e-02,2.303920108900000055e-02
CDt,7.306466915600000334e-02,6.966121188899999928e-02,6.738851106500000354e-02,6.586566803399999948e-02,6.839324412099999362e-02
CDtot,9.300678616900000251e-02,9.428458452900000120e-02,9.477724646900000105e-02,9.389265933399999764e-02,9.441937172400000078e-02
CDtott,9.520676150300000362e-02,9.220916360599999695e-02,9.012983739700000663e-02,8.873812997199999331e-02,9.143244521000000458e-02
CFx,7.182021101299999877e-02,7.245559191599999782e-02,7.242406252499999919e-02,7.156726666700000128e-02,7.199129664200000500e-02
CFxi,4.964353291799999957e-02,4.987315419100000341e-02,4.964712329300000060e-02,4.865904180200000123e-02,4.891606042100000301e-02
CFxo,2.217667809400000051e-02,2.258243772500000135e-02,2.277693923199999859e-02,2.290822486500000005e-02,2.307523622099999852e-02
CFy,-3.830081759999999936e-03,-9.377986629999999482e-04,-5.849018510000000446e-04,-1.071525288999999968e-03,-2.962491870000000141e-04
CFyi,-3.840456451999999833e-03,-9.419585440000000044e-04,-5.859743459999999836e-04,-1.077124867000000055e-03,-2.979987680000000232e-04
CFyo,1.037469200000000058e-05,4.159881000000000296e-06,1.072494999999999970e-06,5.599577000000000140e-06,1.749580000000000027e-06
CFz,1.214589735689999950e+00,1.251404958321000072e+00,1.281440158974000099e+00,1.279840278078999916e+00,1.285727546284000100e+00
CFzi,1.216377920672000013e+00,1.253183887422999909e+00,1.283281960097000018e+00,1.281689529821000040e+00,1.287590937532999913e+00
CFzo,-1.788184981999999933e-03,-1.778929102000000083e-03,-1.841801123000000057e-03,-1.849251741999999961e-03,-1.863391249999999917e-03
CL,1.213151312276999905e+00,1.249949838845999972e+00,1.279981015256000054e+00,1.278396331179999956e+00,1.284275302381999939e+00
CLi,1.215326261308999900e+00,1.252122614889999985e+00,1.282220048264000045e+00,1.280645104923000099e+00,1.286541128229000019e+00
CLo,-2.174949032000000112e-03,-2.172776043999999785e-03,-2.239033009000000046e-03,-2.248773742999999985e-03,-2.265825848000000038e-03
CMx,1.466329828499999925e-02,5.789800111999999881e-03,4.848472498000000117e-03,4.466139907999999888e-03,2.734836786999999929e-03
CMxi,1.467782134099999969e-02,5.797722634999999576e-03,4.856253926000000248e-03,4.473462850999999733e-03,2.739116146000000057e-03
CMxo,-1.452305599999999955e-05,-7.922521999999999293e-06,-7.781427999999999658e-06,-7.322942999999999930e-06,-4.279358000000000169e-06
CMy,-3.568962872440000211e-01,-3.827679334449999859e-01,-4.381185694229999816e-01,-4.095304228189999840e-01,-4.021242291909999933e-01
CMyi,-3.631806185099999973e-01,-3.890667533789999855e-01,-4.446041147259999771e-01,-4.160198014340000250e-01,-4.086237792060000151e-01
CMyo,6.284331265000000014e-03,6.298819934000000377e-03,6.485545302000000206e-03,6.489378615000000218e-03,6.499550015000000146e-03
CMz,-4.665690849999999971e-04,-1.270834849999999893e-04,-9.843543800000000010e-05,-1.766388589999999949e-04,-2.349273100000000104e-05
CMzi,-2.995470869999999745e-04,-5.344499899999999797e-05,-3.358833699999999947e-05,-1.192824319999999958e-04,1.281262400000000061e-05
CMzo,-1.670219979999999955e-04,-7.363848599999999812e-05,-6.484710100000000063e-05,-5.735642699999999911e-05,-3.630535500000000334e-05
CS,-3.830081759999999936e-03,-9.377986629999999482e-04,-5.849018510000000446e-04,-1.071525288999999968e-03,-2.962491870000000141e-04
CSi,-3.840456451999999833e-03,-9.419585440000000044e-04,-5.859743459999999836e-04,-1.077124867000000055e-03,-2.979987680000000232e-04
CSo,1.037469200000000058e-05,4.159881000000000296e-06,1.072494999999999970e-06,5.599577000000000140e-06,1.749580000000000027e-06
E,5.349407735510000039e-01,5.609221406519999675e-01,5.857683060089999838e-01,5.926872219040000278e-01,5.951406546940000153e-01
FC_AoA_,1.000000000000000000e+00
FC_Beta_,0.000000000000000000e+00
FC_Bref_,1.417173599999999922e+01
FC_Cref_,1.193975999999999926e+00
FC_Mach_,1.499999999999999944e-01
FC_Pitch_Rate,0.000000000000000000e+00
FC_ReCref_,3.870000000000000000e+06
FC_Rho_,2.377000000000000206e-03
FC_Roll__Rate,0.000000000000000000e+00
FC_Sref_,1.619368700000000061e+01
FC_Vinf_,5.100000000000000000e+01
FC_Xcg_,1.774861999999999940e+00
FC_Yaw___Rate,0.000000000000000000e+00
FC_Ycg_,0.000000000000000000e+00
FC_Zcg_,7.545150000000000468e-01
L/D,1.306707081682299965e+01,1.328024746724499927e+01,1.352877505978199935e+01,1.363945929333199913e+01,1.362581750693400018e+01
Mach,1.499999999999999944e-01,1.499999999999999944e-01,1.499999999999999944e-01,1.499999999999999944e-01,1.499999999999999944e-01
T/QS,0.000000000000000000e+00,0.000000000000000000e+00,0.000000000000000000e+00,0.000000000000000000e+00,0.000000000000000000e+00
WakeIter,1,2,3,4,5
Results_Name,VSPAERO_History
Results_Timestamp,1758915291
Results_Date,9,26,2025
Results_Time,15,34,51
Alpha,2.000000000000000000e+00,2.000000000000000000e+00,2.000000000000000000e+00,2.000000000000000000e+00,2.000000000000000000e+00
AnalysisMethod,0
Beta,0.000000000000000000e+00,0.000000000000000000e+00,0.000000000000000000e+00,0.000000000000000000e+00,0.000000000000000000e+00
CDi,7.493241806200000299e-02,7.800110405400000058e-02,7.857999788699999988e-02,7.696575382699999412e-02,7.735119515799999956e-02
CDo,2.343285717800000154e-02,2.375055275899999943e-02,2.393139382399999890e-02,2.406500743899999892e-02,2.429593354600000088e-02
CDt,7.314704764700000195e-02,6.902803028899999471e-02,7.512921005700000376e-02,6.709989835400000102e-02,7.212782551900000227e-02
CDtot,9.836527523999999412e-02,1.017516568120000048e-01,1.025113917119999940e-01,1.010307612650000048e-01,1.016471287040000004e-01
CDtott,9.657990482499999307e-02,9.277858304800000455e-02,9.906060388100000613e-02,9.116490579199999778e-02,9.642375906500000315e-02
CFx,5.268325236500000230e-02,5.598553742199999933e-02,5.503691821299999676e-02,5.365565176099999778e-02,5.396213132000000218e-02
CFxi,2.917050561300000081e-02,3.215675573199999748e-02,3.102437569399999970e-02,2.950924670900000046e-02,2.958425646899999831e-02
CFxo,2.351274675200000150e-02,2.382878168999999838e-02,2.401254251900000053e-02,2.414640505299999948e-02,2.437787485100000040e-02
CFy,-4.455617329000000244e-03,-2.357822963999999921e-03,-1.109413720000000008e-03,-1.747636831000000043e-03,-5.885363549999999546e-04
CFyi,-4.468286977000000132e-03,-2.367004776000000178e-03,-1.109987975999999999e-03,-1.755206896999999926e-03,-5.914072339999999978e-04
CFyo,1.266964799999999942e-05,9.181812000000000242e-06,5.742549999999999762e-07,7.570066000000000071e-06,2.870878999999999962e-06
CFz,1.309878949775999946e+00,1.312346268406999972e+00,1.361280390566000031e+00,1.358409133561000015e+00,1.367293920108000105e+00
CFzi,1.311757665812000040e+00,1.314171884450000105e+00,1.363186461121000059e+00,1.360319999981000061e+00,1.369216324971000098e+00
CFzo,-1.878716035999999966e-03,-1.825616042000000007e-03,-1.906070554999999894e-03,-1.910866420000000053e-03,-1.922404862999999974e-03
CL,1.307242387919999915e+00,1.309592955440000095e+00,1.358530374587000100e+00,1.355709072178000074e+00,1.364577750370999931e+00
CLi,1.309940542519999918e+00,1.312249071854999949e+00,1.361273309663999953e+00,1.358461471932999931e+00,1.367349759719000080e+00
CLo,-2.698154601000000118e-03,-2.656116414000000113e-03,-2.742935076999999857e-03,-2.752399755000000010e-03,-2.772009349000000098e-03
CMx,1.552373676900000062e-02,1.086667837000000053e-02,8.148206092999999914e-03,7.151928547000000087e-03,4.284564309000000321e-03
CMxi,1.553970977400000002e-02,1.088117404500000066e-02,8.160005504999999840e-03,7.162320808000000039e-03,4.290999014999999708e-03
CMxo,-1.597300500000000141e-05,-1.449567500000000077e-05,-1.179941200000000039e-05,-1.039226100000000042e-05,-6.434706000000000154e-06
CMy,-4.072268598020000185e-01,-3.623020559139999985e-01,-4.703658745829999988e-01,-4.357522331470000121e-01,-4.264325065690000027e-01
CMyi,-4.139892724099999977e-01,-3.688482628840000221e-01,-4.771847170969999996e-01,-4.425798195299999738e-01,-4.332672831239999800e-01
CMyo,6.762412607999999936e-03,6.546206970999999750e-03,6.818842513999999987e-03,6.827586382999999842e-03,6.834776554999999823e-03
CMz,-3.876076959999999742e-04,-1.435776159999999893e-04,-2.512795699999999967e-05,-1.669945749999999867e-04,3.210405999999999955e-06
CMzi,-1.954518450000000077e-04,-4.588580000000000183e-07,8.739762299999999438e-05,-7.134897100000000484e-05,6.238604600000000121e-05
CMzo,-1.921558509999999936e-04,-1.431187580000000011e-04,-1.125255790000000014e-04,-9.564560399999999540e-05,-5.917563999999999913e-05
CS,-4.455617329000000244e-03,-2.357822963999999921e-03,-1.109413720000000008e-03,-1.747636831000000043e-03,-5.885363549999999546e-04
CSi,-4.468286977000000132e-03,-2.367004776000000178e-03,-1.109987975999999999e-03,-1.755206896999999926e-03,-5.914072339999999978e-04
CSo,1.266964799999999942e-05,9.181812000000000242e-06,5.742549999999999762e-07,7.570066000000000071e-06,2.870878999999999962e-06
E,5.877373243429999672e-01,5.666066276650000288e-01,6.052412194630000242e-01,6.153850983690000165e-01,6.203575333380000334e-01
FC_AoA_,2.000000000000000000e+00
FC_Beta_,0.000000000000000000e+00
FC_Bref_,1.417173599999999922e+01
FC_Cref_,1.193975999999999926e+00
FC_Mach_,1.499999999999999944e-01
FC_Pitch_Rate,0.000000000000000000e+00
FC_ReCref_,3.870000000000000000e+06
FC_Rho_,2.377000000000000206e-03
FC_Roll__Rate,0.000000000000000000e+00
FC_Sref_,1.619368700000000061e+01
FC_Vinf_,5.100000000000000000e+01
FC_Xcg_,1.774861999999999940e+00
FC_Yaw___Rate,0.000000000000000000e+00
FC_Ycg_,0.000000000000000000e+00
FC_Zcg_,7.545150000000000468e-01
L/D,1.331710341202400016e+01,1.289658677770900042e+01,1.327923937949499944e+01,1.344601837022599966e+01,1.345192704557000063e+01
Mach,1.499999999999999944e-01,1.499999999999999944e-01,1.499999999999999944e-01,1.499999999999999944e-01,1.499999999999999944e-01
T/QS,0.000000000000000000e+00,0.000000000000000000e+00,0.000000000000000000e+00,0.000000000000000000e+00,0.000000000000000000e+00
WakeIter,1,2,3,4,5
Results_Name,VSPAERO_History
Results_Timestamp,1758915291
Results_Date,9,26,2025
Results_Time,15,34,51
Alpha,3.000000000000000000e+00,3.000000000000000000e+00,3.000000000000000000e+00,3.000000000000000000e+00,3.000000000000000000e+00
AnalysisMethod,0
Beta,0.000000000000000000e+00,0.000000000000000000e+00,0.000000000000000000e+00,0.000000000000000000e+00,0.000000000000000000e+00
CDi,8.342630615399999894e-02,8.511760775899999965e-02,8.354044149799999541e-02,8.278898315700000676e-02,8.379927910499999910e-02
CDo,2.477046596499999850e-02,2.483544749700000026e-02,2.509886625000000079e-02,2.529125160999999913e-02,2.572901597900000004e-02
CDt,9.495911041299999467e-02,8.838940211399999580e-02,7.867143000000000053e-02,7.772570603200000539e-02,8.194692048299999365e-02
CDtot,1.081967721190000009e-01,1.099530552560000068e-01,1.086393077479999997e-01,1.080802347670000024e-01,1.095282950829999935e-01
CDtott,1.197295763790000023e-01,1.132248496110000030e-01,1.037702962500000048e-01,1.030169576409999954e-01,1.076759364619999937e-01
CFx,3.520746742199999668e-02,3.797490828200000140e-02,3.382220692699999809e-02,3.302912253999999714e-02,3.338202396599999899e-02
CFxi,1.029477208999999942e-02,1.300775241500000054e-02,8.587240479999999274e-03,7.600908913999999787e-03,7.513176417000000384e-03
CFxo,2.491269533199999900e-02,2.496715586799999956e-02,2.523496644700000055e-02,2.542821362599999996e-02,2.586884754899999861e-02
CFy,-4.007043503999999784e-03,-3.538776551999999950e-03,-7.924778969999999754e-04,-1.569619662999999915e-03,-2.470190629999999797e-04
CFyi,-4.021037933999999613e-03,-3.554657280999999874e-03,-7.904959140000000339e-04,-1.577607273999999957e-03,-2.478784189999999935e-04
CFyo,1.399442999999999977e-05,1.588072799999999850e-05,-1.981982999999999994e-06,7.987610999999999645e-06,8.593569999999999572e-07
CFz,1.395552131864999934e+00,1.376304083021000046e+00,1.430440147746999902e+00,1.434890711523000073e+00,1.455825506789999890e+00
CFzi,1.397617392367000111e+00,1.378166889359000002e+00,1.432379857259999945e+00,1.436841827737999955e+00,1.457819914097000069e+00
CFzo,-2.065260502999999911e-03,-1.862806337000000008e-03,-1.939709513000000083e-03,-1.951116214999999926e-03,-1.994407307000000198e-03
CL,1.391796959694999947e+00,1.372430452969999992e+00,1.426709661697999953e+00,1.431195632959999964e+00,1.452083268383999926e+00
CLi,1.395163219562999934e+00,1.375597386372999997e+00,1.429967409005000079e+00,1.434474885113999898e+00,1.455428813298000001e+00
CLo,-3.366259867999999919e-03,-3.166933402999999939e-03,-3.257747308000000144e-03,-3.279252154000000113e-03,-3.345544914000000026e-03
CMx,1.635546374900000155e-02,1.059135017399999955e-02,8.502366504999999200e-03,7.713315570999999989e-03,2.784851756000000095e-03
CMxi,1.637244671300000162e-02,1.060422287300000037e-02,8.514606565999999557e-03,7.726092490000000153e-03,2.789522668999999937e-03
CMxo,-1.698296299999999863e-05,-1.287269999999999959e-05,-1.224006099999999990e-05,-1.277691899999999990e-05,-4.670913000000000183e-06
CMy,-4.320685514809999850e-01,-3.605176434319999901e-01,-4.707688220019999870e-01,-4.526972525610000186e-01,-4.524955780800000160e-01
CMyi,-4.394137687899999922e-01,-3.673822433350000249e-01,-4.779141813719999798e-01,-4.598551939919999776e-01,-4.597357403960000144e-01
CMyo,7.345217309000000305e-03,6.864599903000000169e-03,7.145359369999999821e-03,7.157941430999999709e-03,7.240162316000000112e-03
CMz,-1.783222540000000062e-04,-3.000103410000000154e-04,1.638193090000000102e-04,-5.941555600000000045e-05,5.743048600000000015e-05
CMzi,4.119810300000000273e-05,-1.594537309999999992e-04,2.894784650000000077e-04,5.346272899999999822e-05,1.004280460000000005e-04
CMzo,-2.195203559999999994e-04,-1.405566099999999892e-04,-1.256591559999999975e-04,-1.128782849999999987e-04,-4.299756000000000037e-05
CS,-4.007043503999999784e-03,-3.538776551999999950e-03,-7.924778969999999754e-04,-1.569619662999999915e-03,-2.470190629999999797e-04
CSi,-4.021037933999999613e-03,-3.554657280999999874e-03,-7.904959140000000339e-04,-1.577607273999999957e-03,-2.478784189999999935e-04
CSo,1.399442999999999977e-05,1.588072799999999850e-05,-1.981982999999999994e-06,7.987610999999999645e-06,8.593569999999999572e-07
E,5.988207953120000537e-01,5.705755089570000438e-01,6.282107505880000220e-01,6.379155680800000505e-01,6.487711152909999557e-01
FC_AoA_,3.000000000000000000e+00
FC_Beta_,0.000000000000000000e+00
FC_Bref_,1.417173599999999922e+01
FC_Cref_,1.193975999999999926e+00
FC_Mach_,1.499999999999999944e-01
FC_Pitch_Rate,0.000000000000000000e+00
FC_ReCref_,3.870000000000000000e+06
FC_Rho_,2.377000000000000206e-03
FC_Roll__Rate,0.000000000000000000e+00
FC_Sref_,1.619368700000000061e+01
FC_Vinf_,5.100000000000000000e+01
FC_Xcg_,1.774861999999999940e+00
FC_Yaw___Rate,0.000000000000000000e+00
FC_Ycg_,0.000000000000000000e+00
FC_Zcg_,7.545150000000000468e-01
L/D,1.289468430742599914e+01,1.251077001150700063e+01,1.316252320311200030e+01,1.327231466699199913e+01,1.328815364275600075e+01
Mach,1.499999999999999944e-01,1.499999999999999944e-01,1.499999999999999944e-01,1.499999999999999944e-01,1.499999999999999944e-01
T/QS,0.000000000000000000e+00,0.000000000000000000e+00,0.000000000000000000e+00,0.000000000000000000e+00,0.000000000000000000e+00
WakeIter,1,2,3,4,5
Results_Name,VSPAERO_History
Results_Timestamp,1758915291
Results_Date,9,26,2025
Results_Time,15,34,51
Alpha,4.000000000000000000e+00,4.000000000000000000e+00,4.000000000000000000e+00,4.000000000000000000e+00,4.000000000000000000e+00
AnalysisMethod,0
Beta,0.000000000000000000e+00,0.000000000000000000e+00,0.000000000000000000e+00,0.000000000000000000e+00,0.000000000000000000e+00
CDi,8.677557284900000445e-02,8.893416833200000482e-02,8.929785325500000370e-02,8.923077921399999446e-02,8.994725090800000100e-02
CDo,2.646931865899999903e-02,2.658668923499999878e-02,2.674433902300000013e-02,2.693294132699999843e-02,2.720163601699999989e-02
CDt,1.022559757220000004e-01,9.864710769600000539e-02,8.791099670799999710e-02,8.421117826599999745e-02,8.624633680399999835e-02
CDtot,1.132448915089999952e-01,1.155208575679999988e-01,1.160421922780000004e-01,1.161637205400000011e-01,1.171488869260000065e-01
CDtott,1.287252943809999994e-01,1.252337969320000133e-01,1.146553357309999938e-01,1.111441195929999959e-01,1.134479728209999982e-01
CFx,8.747541689000000453e-03,1.205536176399999923e-02,1.001837491700000027e-02,9.221326833000000750e-03,9.357282399999999889e-03
CFxi,-1.793984468099999938e-02,-1.473444536099999952e-02,-1.693152673700000152e-02,-1.791958433999999920e-02,-1.805518173300000098e-02
CFxo,2.668738637099999852e-02,2.678980712499999875e-02,2.694990165399999832e-02,2.714091117299999995e-02,2.741246413199999871e-02
CFy,-3.126773347000000140e-03,-2.857863888999999900e-03,-1.417283646000000105e-03,-9.505111689999999960e-04,-4.616207349999999787e-04
CFyi,-3.131085472999999876e-03,-2.873662364000000198e-03,-1.417361982999999987e-03,-9.532452299999999738e-04,-4.660769939999999866e-04
CFyo,4.312124999999999816e-06,1.579847499999999954e-05,7.833699999999999532e-08,2.734061000000000199e-06,4.456259000000000358e-06
CFz,1.498336323233000034e+00,1.483659601814000029e+00,1.520263510002000107e+00,1.533404007614999953e+00,1.545582690874000020e+00
CFzi,1.500530507816999926e+00,1.485635895312999999e+00,1.522269259685000042e+00,1.535437595936999911e+00,1.547647771327000044e+00
CFzo,-2.194184583999999900e-03,-1.976293498999999801e-03,-2.005749682000000124e-03,-2.033588321999999816e-03,-2.065080452999999878e-03
CL,1.494076253592999892e+00,1.479204542066000050e+00,1.515861377992999914e+00,1.529025465277999984e+00,1.541164998094999961e+00
CLi,1.498126711220999940e+00,1.483044783890999918e+00,1.519742171877999981e+00,1.532947354138000096e+00,1.545137244950999911e+00
CLo,-4.050457627999999588e-03,-3.840241825000000053e-03,-3.880793883999999940e-03,-3.921888860999999706e-03,-3.972246855999999639e-03
CMx,1.301665742099999967e-02,9.345687437999999209e-03,7.124581877000000021e-03,6.326979200999999567e-03,3.740961238000000029e-03
CMxi,1.303136059700000030e-02,9.357823540000000800e-03,7.134720572999999656e-03,6.337396880000000302e-03,3.747555028999999954e-03
CMxo,-1.470317500000000005e-05,-1.213610199999999936e-05,-1.013869600000000075e-05,-1.041768000000000052e-05,-6.593790999999999834e-06
CMy,-4.631304375720000088e-01,-4.023594267510000044e-01,-4.802853790080000018e-01,-4.901736042800000082e-01,-4.890240778159999913e-01
CMyi,-4.711460960109999929e-01,-4.097217413840000266e-01,-4.878142476630000224e-01,-4.977823240800000049e-01,-4.966955184049999805e-01
CMyo,8.015658438999999705e-03,7.362314632999999650e-03,7.528868654000000181e-03,7.608719800000000172e-03,7.671440588999999671e-03
CMz,-1.289882399999999988e-05,-1.665422800000000117e-04,-9.278022000000000122e-06,7.670817900000000112e-05,6.769802899999999388e-05
CMzi,1.760741219999999955e-04,-3.254721500000000005e-05,1.007065070000000013e-04,1.773209679999999976e-04,1.278405989999999875e-04
CMzo,-1.889729469999999896e-04,-1.339950649999999913e-04,-1.099845289999999964e-04,-1.006127889999999965e-04,-6.014257000000000039e-05
CS,-3.126773347000000140e-03,-2.857863888999999900e-03,-1.417283646000000105e-03,-9.505111689999999960e-04,-4.616207349999999787e-04
CSi,-3.131085472999999876e-03,-2.873662364000000198e-03,-1.417361982999999987e-03,-9.532452299999999738e-04,-4.660769939999999866e-04
CSo,4.312124999999999816e-06,1.579847499999999954e-05,7.833699999999999532e-08,2.734061000000000199e-06,4.456259000000000358e-06
E,6.638186612259999730e-01,6.347310369880000414e-01,6.638174476929999956e-01,6.759112055170000133e-01,6.812336302379999875e-01
FC_AoA_,4.000000000000000000e+00
FC_Beta_,0.000000000000000000e+00
FC_Bref_,1.417173599999999922e+01
FC_Cref_,1.193975999999999926e+00
FC_Mach_,1.499999999999999944e-01
FC_Pitch_Rate,0.000000000000000000e+00
FC_ReCref_,3.870000000000000000e+06
FC_Rho_,2.377000000000000206e-03
FC_Roll__Rate,0.000000000000000000e+00
FC_Sref_,1.619368700000000061e+01
FC_Vinf_,5.100000000000000000e+01
FC_Xcg_,1.774861999999999940e+00
FC_Yaw___Rate,0.000000000000000000e+00
FC_Ycg_,0.000000000000000000e+00
FC_Zcg_,7.545150000000000468e-01
L/D,1.322908867024299973e+01,1.283789624761899972e+01,1.309646208881000007e+01,1.319643815648299956e+01,1.318951707952300012e+01
Mach,1.499999999999999944e-01,1.499999999999999944e-01,1.499999999999999944e-01,1.499999999999999944e-01,1.499999999999999944e-01
T/QS,0.000000000000000000e+00,0.000000000000000000e+00,0.000000000000000000e+00,0.000000000000000000e+00,0.000000000000000000e+00
WakeIter,1,2,3,4,5
Results_Name,VSPAERO_History
Results_Timestamp,1758915291
Results_Date,9,26,2025
Results_Time,15,34,51
Alpha,5.000000000000000000e+00,5.000000000000000000e+00,5.000000000000000000e+00,5.000000000000000000e+00,5.000000000000000000e+00
AnalysisMethod,0
Beta,0.000000000000000000e+00,0.000000000000000000e+00,0.000000000000000000e+00,0.000000000000000000e+00,0.000000000000000000e+00
CDi,9.707170555899999331e-02,9.514237351599999504e-02,9.537785283100000400e-02,9.683049614600000576e-02,9.627106196300000418e-02
CDo,2.792695468399999936e-02,2.814837612900000091e-02,2.835396131600000091e-02,2.860240862600000114e-02,2.873586724200000164e-02
CDt,1.167514007889999955e-01,1.065123646419999931e-01,9.680177818299999515e-02,9.231266130100000689e-02,9.258026665999999349e-02
CDtot,1.249986602430000066e-01,1.232907496450000029e-01,1.237318141459999993e-01,1.254329047720000034e-01,1.250069292050000058e-01
CDtott,1.446783554730000088e-01,1.346607407709999871e-01,1.251557394989999961e-01,1.209150699270000046e-01,1.213161339019999951e-01
CFx,-1.288173643000000042e-02,-1.605084633000000011e-02,-1.621049780000000107e-02,-1.719250603499999919e-02,-1.759973160300000103e-02
CFxi,-4.111107139399999832e-02,-4.448943827500000114e-02,-4.485270230400000002e-02,-4.608915807300000000e-02,-4.663209559099999735e-02
CFxo,2.822933496399999964e-02,2.843859194399999887e-02,2.864220450399999895e-02,2.889665203899999951e-02,2.903236398799999979e-02
CFy,-2.470722325999999847e-03,-6.829480860000000436e-04,-1.117915110999999915e-03,-7.156074819999999658e-04,-7.314014189999999650e-04
CFyi,-2.477239963000000059e-03,-6.879032970000000229e-04,-1.122585124000000101e-03,-7.180724219999999863e-04,-7.366981970000000121e-04
CFyo,6.517637999999999854e-06,4.955211999999999916e-06,4.670014000000000143e-06,2.464940000000000154e-06,5.296778999999999893e-06
CFz,1.581437704869000038e+00,1.598064720328000066e+00,1.604950192587000002e+00,1.635692424124000066e+00,1.635459512159000095e+00
CFzi,1.583674610114000014e+00,1.600152917635000005e+00,1.607006866619000052e+00,1.637806833585000010e+00,1.637593850408999963e+00
CFzo,-2.236905243999999862e-03,-2.088197308000000040e-03,-2.056674032999999957e-03,-2.114409461000000146e-03,-2.134338248999999819e-03
CL,1.576542574260000107e+00,1.593382525031999952e+00,1.600255710532000109e+00,1.630966546253999949e+00,1.630770012636999944e+00
CLi,1.581231316060000003e+00,1.597941362722000047e+00,1.604800890906999955e+00,1.635591418920999907e+00,1.635426566332000009e+00
CLo,-4.688741800999999577e-03,-4.558837690000000324e-03,-4.545180373999999600e-03,-4.624872666000000299e-03,-4.656553695000000166e-03
CMx,1.360171819099999929e-02,4.551257353000000283e-03,4.275769874999999984e-03,3.770615473000000009e-03,3.345641620000000017e-03
CMxi,1.361772614399999956e-02,4.559156705000000191e-03,4.283424144000000378e-03,3.778552498999999867e-03,3.353363184999999958e-03
CMxo,-1.600795199999999855e-05,-7.899351999999999649e-06,-7.654269000000000762e-06,-7.937025999999999858e-06,-7.721564999999999991e-06
CMy,-4.833310450480000076e-01,-4.929440206260000124e-01,-4.845048193750000065e-01,-5.447404105730000445e-01,-5.249113846820000484e-01
CMyi,-4.916176777819999955e-01,-5.009437857540000039e-01,-4.924563455040000259e-01,-5.528599334570000190e-01,-5.330598434219999682e-01
CMyo,8.286632734000000042e-03,7.999765126999999754e-03,7.951526130000000775e-03,8.119522884000000482e-03,8.148458739999999562e-03
CMz,2.008079020000000045e-04,3.435897499999999912e-05,-7.132978599999999767e-05,-4.478429999999999743e-06,-4.601831000000000359e-06
CMzi,4.119328609999999740e-04,1.104684349999999967e-04,5.159600000000000091e-08,6.269292999999999947e-05,5.490475699999999891e-05
CMzo,-2.111249599999999926e-04,-7.610946000000000432e-05,-7.138138200000000483e-05,-6.717135999999999582e-05,-5.950658799999999758e-05
CS,-2.470722325999999847e-03,-6.829480860000000436e-04,-1.117915110999999915e-03,-7.156074819999999658e-04,-7.314014189999999650e-04
CSi,-2.477239963000000059e-03,-6.879032970000000229e-04,-1.122585124000000101e-03,-7.180724219999999863e-04,-7.366981970000000121e-04
CSo,6.517637999999999854e-06,4.955211999999999916e-06,4.670014000000000143e-06,2.464940000000000154e-06,5.296778999999999893e-06
E,6.610708465710000148e-01,6.888069924440000102e-01,6.930181739370000482e-01,7.090671100750000067e-01,7.130437632020000249e-01
FC_AoA_,5.000000000000000000e+00
FC_Beta_,0.000000000000000000e+00
FC_Bref_,1.417173599999999922e+01
FC_Cref_,1.193975999999999926e+00
FC_Mach_,1.499999999999999944e-01
FC_Pitch_Rate,0.000000000000000000e+00
FC_ReCref_,3.870000000000000000e+06
FC_Rho_,2.377000000000000206e-03
FC_Roll__Rate,0.000000000000000000e+00
FC_Sref_,1.619368700000000061e+01
FC_Vinf_,5.100000000000000000e+01
FC_Xcg_,1.774861999999999940e+00
FC_Yaw___Rate,0.000000000000000000e+00
FC_Ycg_,0.000000000000000000e+00
FC_Zcg_,7.545150000000000468e-01
L/D,1.264998611170499920e+01,1.296075632051399928e+01,1.296999403085800040e+01,1.303957220706299935e+01,1.308268730967700044e+01
Mach,1.499999999999999944e-01,1.499999999999999944e-01,1.499999999999999944e-01,1.499999999999999944e-01,1.499999999999999944e-01
T/QS,0.000000000000000000e+00,0.000000000000000000e+00,0.000000000000000000e+00,0.000000000000000000e+00,0.000000000000000000e+00
WakeIter,1,2,3,4,5
Results_Name,VSPAERO_History
Results_Timestamp,1758915291
Results_Date,9,26,2025
Results_Time,15,34,51
Alpha,6.000000000000000000e+00,6.000000000000000000e+00,6.000000000000000000e+00,6.000000000000000000e+00,6.000000000000000000e+00
AnalysisMethod,0
Beta,0.000000000000000000e+00,0.000000000000000000e+00,0.000000000000000000e+00,0.000000000000000000e+00,0.000000000000000000e+00
CDi,1.043833354110000056e-01,1.035966768580000030e-01,1.042548093949999949e-01,1.059230586969999999e-01,1.048883891530000001e-01
CDo,2.943896291000000151e-02,2.993768136299999882e-02,3.011524890999999968e-02,3.024891887900000090e-02,3.032508915199999891e-02
CDt,1.207924287989999984e-01,1.086149453300000040e-01,1.035537940379999966e-01,1.015082887359999991e-01,1.036278489879999959e-01
CDtot,1.338222983210000105e-01,1.335343582200000101e-01,1.343700583050000119e-01,1.361719775759999973e-01,1.352134783049999955e-01
CDtott,1.502313917089999895e-01,1.385526266930000028e-01,1.336690429490000054e-01,1.317572076159999883e-01,1.339529381400000052e-01
CFx,-4.041567037899999881e-02,-4.447306648800000012e-02,-4.309223971299999678e-02,-4.450541096700000310e-02,-4.505977038299999876e-02
CFxi,-7.025216471100000082e-02,-7.480773363199999526e-02,-7.360024707600000549e-02,-7.515242374800000513e-02,-7.578474793900000228e-02
CFxo,2.983649433199999854e-02,3.033466714399999861e-02,3.050800736299999830e-02,3.064701278099999857e-02,3.072497755500000136e-02
CFy,-3.468282757000000060e-03,-9.608135269999999858e-04,-1.189572203999999904e-03,-1.572543672999999944e-03,-1.036901618999999924e-03
CFyi,-3.476867377000000033e-03,-9.649703339999999652e-04,-1.195446392999999913e-03,-1.573894316999999978e-03,-1.042789008000000097e-03
CFyo,8.584620000000000488e-06,4.156806999999999722e-06,5.874189000000000350e-06,1.350645000000000009e-06,5.887388999999999647e-06
CFz,1.664776865451000010e+00,1.700625753408999907e+00,1.695483016590999981e+00,1.726166994181000058e+00,1.722271627498999980e+00
CFzi,1.667016293609000055e+00,1.702833853413999954e+00,1.697641590329999950e+00,1.728369325984000060e+00,1.724487040929000070e+00
CFzo,-2.239428159000000137e-03,-2.208100005000000147e-03,-2.158573739000000085e-03,-2.202331802999999907e-03,-2.215413429999999861e-03
CL,1.659881631510000011e+00,1.695958248888999931e+00,1.690699348821000036e+00,1.721362952990999950e+00,1.717546871873000036e+00
CLi,1.665227554749000083e+00,1.701325088831999954e+00,1.696035052794000020e+00,1.726756705339000053e+00,1.722961783724000107e+00
CLo,-5.345923239000000167e-03,-5.366839941999999690e-03,-5.335703972999999815e-03,-5.393752348000000266e-03,-5.414911851000000186e-03
CMx,1.426044010199999969e-02,4.556795691999999606e-03,4.109628661000000113e-03,3.582335381000000072e-03,2.896785159000000043e-03
CMxi,1.427843379499999996e-02,4.565441713000000130e-03,4.117600782999999813e-03,3.589856450000000147e-03,2.902842473999999937e-03
CMxo,-1.799369300000000106e-05,-8.646021000000000682e-06,-7.972121999999999631e-06,-7.521070000000000312e-06,-6.057314999999999789e-06
CMy,-5.084683401890000010e-01,-5.449140773270000349e-01,-5.033811809089999700e-01,-5.795051286489999454e-01,-5.555297314899999561e-01
CMyi,-5.170420724759999809e-01,-5.535457398709999755e-01,-5.118593851239999770e-01,-5.881144570980000319e-01,-5.641500551110000261e-01
CMyo,8.573732287000000729e-03,8.631662543999999576e-03,8.478204215000000044e-03,8.609328447999999370e-03,8.620323620000000173e-03
CMz,2.851279469999999931e-04,5.508889600000000281e-05,-9.342727999999999431e-06,-2.737893150000000192e-04,-5.864738799999999740e-05
CMzi,5.202425350000000007e-04,1.363855199999999986e-04,6.154569799999999710e-05,-2.078116830000000014e-04,-6.571828999999999654e-06
CMzo,-2.351145880000000076e-04,-8.129662499999999856e-05,-7.088842599999999484e-05,-6.597763200000000426e-05,-5.207555900000000114e-05
CS,-3.468282757000000060e-03,-9.608135269999999858e-04,-1.189572203999999904e-03,-1.572543672999999944e-03,-1.036901618999999924e-03
CSi,-3.476867377000000033e-03,-9.649703339999999652e-04,-1.195446392999999913e-03,-1.573894316999999978e-03,-1.042789008000000097e-03
CSo,8.584620000000000488e-06,4.156806999999999722e-06,5.874189000000000350e-06,1.350645000000000009e-06,5.887388999999999647e-06
E,6.818139124809999840e-01,7.170982125379999905e-01,7.081469688320000122e-01,7.224730318880000501e-01,7.263964702699999831e-01
FC_AoA_,6.000000000000000000e+00
FC_Beta_,0.000000000000000000e+00
FC_Bref_,1.417173599999999922e+01
FC_Cref_,1.193975999999999926e+00
FC_Mach_,1.499999999999999944e-01
FC_Pitch_Rate,0.000000000000000000e+00
FC_ReCref_,3.870000000000000000e+06
FC_Rho_,2.377000000000000206e-03
FC_Roll__Rate,0.000000000000000000e+00
FC_Sref_,1.619368700000000061e+01
FC_Vinf_,5.100000000000000000e+01
FC_Xcg_,1.774861999999999940e+00
FC_Yaw___Rate,0.000000000000000000e+00
FC_Ycg_,0.000000000000000000e+00
FC_Zcg_,7.545150000000000468e-01
L/D,1.244357312379599989e+01,1.274072913897700055e+01,1.262212039038399958e+01,1.268070520879900087e+01,1.274252985218399914e+01
Mach,1.499999999999999944e-01,1.499999999999999944e-01,1.499999999999999944e-01,1.499999999999999944e-01,1.499999999999999944e-01
T/QS,0.000000000000000000e+00,0.000000000000000000e+00,0.000000000000000000e+00,0.000000000000000000e+00,0.000000000000000000e+00
WakeIter,1,2,3,4,5
Results_Name,VSPAERO_History
Results_Timestamp,1758915291
Results_Date,9,26,2025
Results_Time,15,34,51
Alpha,7.000000000000000000e+00,7.000000000000000000e+00,7.000000000000000000e+00,7.000000000000000000e+00,7.000000000000000000e+00
AnalysisMethod,0
Beta,0.000000000000000000e+00,0.000000000000000000e+00,0.000000000000000000e+00,0.000000000000000000e+00,0.000000000000000000e+00
CDi,1.123622997540000001e-01,1.106634844539999968e-01,1.119745716009999947e-01,1.121875083879999985e-01,1.115885545529999995e-01
CDo,3.100270168899999998e-02,3.157415027600000285e-02,3.172605968199999904e-02,3.188745340000000150e-02,3.198859151300000037e-02
CDt,1.194879988240000052e-01,1.115424925220000058e-01,1.067903491350000039e-01,1.054302654189999966e-01,1.082154107790000014e-01
CDtot,1.433650014420000118e-01,1.422376347310000122e-01,1.437006312830000077e-01,1.440749617880000000e-01,1.435771460659999998e-01
CDtott,1.504907005130000086e-01,1.431166427979999878e-01,1.385164088170000030e-01,1.373177188180000063e-01,1.402040022920000018e-01
CFx,-7.051662656399999840e-02,-7.578926131499999497e-02,-7.359843862699999573e-02,-7.639803952599999448e-02,-7.652627360199999729e-02
CFxi,-1.020331714789999983e-01,-1.078832860049999953e-01,-1.058370745409999980e-01,-1.088031187969999980e-01,-1.090351137449999952e-01
CFxo,3.151654491499999988e-02,3.209402469000000035e-02,3.223863591400000228e-02,3.240507927099999658e-02,3.250884014299999791e-02
CFy,-4.156887074999999869e-03,-1.011282822000000034e-03,-1.735831337999999913e-03,4.185958170000000011e-04,-1.208794359000000098e-03
CFyi,-4.166552306999999657e-03,-1.015032173000000090e-03,-1.744899637999999895e-03,4.228797849999999816e-04,-1.215492247999999968e-03
CFyo,9.665233000000000504e-06,3.749349999999999940e-06,9.068298999999999826e-06,-4.283967999999999943e-06,6.697888999999999765e-06
CFz,1.750694652189999978e+00,1.784386198438999926e+00,1.778548010951999991e+00,1.804420502874999999e+00,1.801380054206999981e+00
CFzi,1.752983362971999970e+00,1.786689078003999898e+00,1.780782160420000038e+00,1.806685907089000009e+00,1.803660633206999986e+00
CFzo,-2.288710782000000134e-03,-2.302879565000000208e-03,-2.234149467999999809e-03,-2.265404213999999954e-03,-2.280579000000000026e-03
CL,1.746239054709000094e+00,1.780322041815999956e+00,1.774260377170999936e+00,1.800281204985999972e+00,1.797279047163000021e+00
CLi,1.752351606423000030e+00,1.786519033782999921e+00,1.780406775019000021e+00,1.806478908954000095e+00,1.803504458076000017e+00
CLo,-6.112551713999999671e-03,-6.196991966000000261e-03,-6.146397847999999706e-03,-6.197703968000000188e-03,-6.225410913000000053e-03
CMx,1.484958184400000068e-02,4.388693897999999816e-03,3.876490741999999868e-03,3.478736443000000032e-03,3.070263980000000146e-03
CMxi,1.486961292099999929e-02,4.398203172000000015e-03,3.884955631999999909e-03,3.485962353999999888e-03,3.076971011999999912e-03
CMxo,-2.003107699999999910e-05,-9.509273999999999445e-06,-8.464890999999999589e-06,-7.225910999999999806e-06,-6.707032000000000365e-06
CMy,-5.434095174309999665e-01,-5.730718171680000417e-01,-5.327914947220000474e-01,-5.894595068739999499e-01,-5.644898780149999462e-01
CMyi,-5.523854913460000127e-01,-5.822785904510000554e-01,-5.417889977090000198e-01,-5.985578720409999720e-01,-5.735893164690000212e-01
CMyo,8.975973914999999317e-03,9.206773282999999863e-03,8.997502988000000493e-03,9.098365166999999518e-03,9.099438455000000842e-03
CMz,3.919517510000000097e-04,6.460060699999999859e-05,-1.304603890000000121e-04,3.377344630000000091e-04,-6.501188900000000337e-05
CMzi,6.517821480000000065e-04,1.482373280000000011e-04,-6.070183499999999783e-05,4.086834060000000212e-04,-7.603894000000000419e-06
CMzo,-2.598303969999999968e-04,-8.363672100000000252e-05,-6.975855400000000072e-05,-7.094894399999999459e-05,-5.740799500000000295e-05
CS,-4.156887074999999869e-03,-1.011282822000000034e-03,-1.735831337999999913e-03,4.185958170000000011e-04,-1.208794359000000098e-03
CSi,-4.166552306999999657e-03,-1.015032173000000090e-03,-1.744899637999999895e-03,4.228797849999999816e-04,-1.215492247999999968e-03
CSo,9.665233000000000504e-06,3.749349999999999940e-06,9.068298999999999826e-06,-4.283967999999999943e-06,6.697888999999999765e-06
E,7.014096460600000027e-01,7.402199845200000405e-01,7.265557070439999654e-01,7.465710406669999744e-01,7.481085872770000256e-01
FC_AoA_,7.000000000000000000e+00
FC_Beta_,0.000000000000000000e+00
FC_Bref_,1.417173599999999922e+01
FC_Cref_,1.193975999999999926e+00
FC_Mach_,1.499999999999999944e-01
FC_Pitch_Rate,0.000000000000000000e+00
FC_ReCref_,3.870000000000000000e+06
FC_Rho_,2.377000000000000206e-03
FC_Roll__Rate,0.000000000000000000e+00
FC_Sref_,1.619368700000000061e+01
FC_Vinf_,5.100000000000000000e+01
FC_Xcg_,1.774861999999999940e+00
FC_Yaw___Rate,0.000000000000000000e+00
FC_Ycg_,0.000000000000000000e+00
FC_Zcg_,7.545150000000000468e-01
L/D,1.222300832693600015e+01,1.256010082820900031e+01,1.238969348374200052e+01,1.253846529987299974e+01,1.256122236366100076e+01
Mach,1.499999999999999944e-01,1.499999999999999944e-01,1.499999999999999944e-01,1.499999999999999944e-01,1.499999999999999944e-01
T/QS,0.000000000000000000e+00,0.000000000000000000e+00,0.000000000000000000e+00,0.000000000000000000e+00,0.000000000000000000e+00
WakeIter,1,2,3,4,5
Results_Name,VSPAERO_History
Results_Timestamp,1758915291
Results_Date,9,26,2025
Results_Time,15,34,51
Alpha,8.000000000000000000e+00,8.000000000000000000e+00,8.000000000000000000e+00,8.000000000000000000e+00,8.000000000000000000e+00
AnalysisMethod,0
Beta,0.000000000000000000e+00,0.000000000000000000e+00,0.000000000000000000e+00,0.000000000000000000e+00,0.000000000000000000e+00
CDi,1.222705922509999960e-01,1.179336732159999984e-01,1.189549603989999982e-01,1.204762319669999970e-01,1.193332462379999986e-01
CDo,3.258238981000000090e-02,3.291550749500000289e-02,3.313371049799999912e-02,3.346487810099999655e-02,3.357659819699999881e-02
CDt,1.310230886690000041e-01,1.201006951400000050e-01,1.117517798899999998e-01,1.120030379880000010e-01,1.138104012460000036e-01
CDtot,1.548529820610000107e-01,1.508491807110000082e-01,1.520886708970000112e-01,1.539411100689999923e-01,1.529098444349999975e-01
CDtott,1.636054784790000050e-01,1.530162026349999871e-01,1.448854903879999989e-01,1.454679160900000101e-01,1.473869994429999886e-01
CFx,-1.011836410379999968e-01,-1.080849657510000034e-01,-1.071779567499999974e-01,-1.096178345389999947e-01,-1.102482956420000049e-01
CFxi,-1.344224136480000054e-01,-1.416528368180000053e-01,-1.409524893569999993e-01,-1.437376103459999943e-01,-1.444834678670000039e-01
CFxo,3.323877261100000036e-02,3.356787106600000320e-02,3.377453260700000182e-02,3.411977580699999957e-02,3.423517222499999901e-02
CFy,-3.299698781000000129e-03,-9.485531530000000221e-04,-1.467577877000000039e-03,-7.466868640000000031e-04,-2.092152747999999948e-03
CFyi,-3.310862331999999894e-03,-9.513294510000000394e-04,-1.473839921000000015e-03,-7.460463879999999597e-04,-2.101881681000000203e-03
CFyo,1.116355100000000028e-05,2.776297000000000128e-06,6.262043999999999875e-06,-6.404760000000000237e-07,9.728932999999999573e-06
CFz,1.832623611173999967e+00,1.852960588121999930e+00,1.855412988274999897e+00,1.886083945578999943e+00,1.883159960039000103e+00
CFzi,1.835015634833000009e+00,1.855300719618000027e+00,1.857655739763999891e+00,1.888403692648999987e+00,1.885498053272999908e+00
CFzo,-2.392023659000000035e-03,-2.340131495999999822e-03,-2.242751489000000074e-03,-2.319747069000000200e-03,-2.338093233999999788e-03
CL,1.828870685257999895e+00,1.849970222904999906e+00,1.852272525212999899e+00,1.882984560226999893e+00,1.880176773939000068e+00
CLi,1.835865372962999897e+00,1.856959325110999925e+00,1.859193956834999994e+00,1.890030286680000060e+00,1.887256728090999980e+00
CLo,-6.994687704999999651e-03,-6.989102205999999685e-03,-6.921431621999999707e-03,-7.045726454000000340e-03,-7.079954151999999674e-03
CMx,1.542377316600000020e-02,4.344630801999999764e-03,4.335868623000000213e-03,3.834182447000000164e-03,3.366811099999999970e-03
CMxi,1.544573364400000058e-02,4.353737586999999708e-03,4.346050607999999912e-03,3.843511829000000133e-03,3.375178237999999862e-03
CMxo,-2.196047800000000072e-05,-9.106784999999999579e-06,-1.018198500000000074e-05,-9.329381999999999915e-06,-8.367136999999999440e-06
CMy,-5.710596622400000433e-01,-5.927143968320000011e-01,-5.734308081500000265e-01,-6.248865701560000208e-01,-5.988803176200000467e-01
CMyi,-5.805009823679999625e-01,-6.023606976409999758e-01,-5.828013425210000209e-01,-6.344736221040000457e-01,-6.084800994060000079e-01
CMyo,9.441320128000000797e-03,9.646300809000000684e-03,9.370534370999999627e-03,9.587051948999999323e-03,9.599781785999999401e-03
CMz,6.509940520000000175e-04,1.097445860000000013e-04,-1.632162999999999843e-05,8.346336599999999814e-05,-2.609088840000000080e-04
CMzi,9.369113879999999830e-04,1.966838259999999932e-04,6.926704399999999973e-05,1.646451000000000002e-04,-1.935481030000000061e-04
CMzo,-2.859173370000000157e-04,-8.693924000000000552e-05,-8.558867399999999816e-05,-8.118173400000000203e-05,-6.736078100000000195e-05
CS,-3.299698781000000129e-03,-9.485531530000000221e-04,-1.467577877000000039e-03,-7.466868640000000031e-04,-2.092152747999999948e-03
CSi,-3.310862331999999894e-03,-9.513294510000000394e-04,-1.473839921000000015e-03,-7.460463879999999597e-04,-2.101881681000000203e-03
CSo,1.116355100000000028e-05,2.776297000000000128e-06,6.262043999999999875e-06,-6.404760000000000237e-07,9.728932999999999573e-06
E,7.074723917730000311e-01,7.504414400519999750e-01,7.457902355550000140e-01,7.610023583599999641e-01,7.660380837700000445e-01
FC_AoA_,8.000000000000000000e+00
FC_Beta_,0.000000000000000000e+00
FC_Bref_,1.417173599999999922e+01
FC_Cref_,1.193975999999999926e+00
FC_Mach_,1.499999999999999944e-01
FC_Pitch_Rate,0.000000000000000000e+00
FC_ReCref_,3.870000000000000000e+06
FC_Rho_,2.377000000000000206e-03
FC_Roll__Rate,0.000000000000000000e+00
FC_Sref_,1.619368700000000061e+01
FC_Vinf_,5.100000000000000000e+01
FC_Xcg_,1.774861999999999940e+00
FC_Yaw___Rate,0.000000000000000000e+00
FC_Ycg_,0.000000000000000000e+00
FC_Zcg_,7.545150000000000468e-01
L/D,1.185553773990899984e+01,1.231003918189800039e+01,1.222440794481999937e+01,1.227761892737200000e+01,1.234228401100600081e+01
Mach,1.499999999999999944e-01,1.499999999999999944e-01,1.499999999999999944e-01,1.499999999999999944e-01,1.499999999999999944e-01
T/QS,0.000000000000000000e+00,0.000000000000000000e+00,0.000000000000000000e+00,0.000000000000000000e+00,0.000000000000000000e+00
WakeIter,1,2,3,4,5
Results_Name,VSPAERO_History
Results_Timestamp,1758915291
Results_Date,9,26,2025
Results_Time,15,34,51
Alpha,9.000000000000000000e+00,9.000000000000000000e+00,9.000000000000000000e+00,9.000000000000000000e+00,9.000000000000000000e+00
AnalysisMethod,0
Beta,0.000000000000000000e+00,0.000000000000000000e+00,0.000000000000000000e+00,0.000000000000000000e+00,0.000000000000000000e+00
CDi,1.303651291729999995e-01,1.253438344209999999e-01,1.268238161799999930e-01,1.282635462750000011e-01,1.276400295010000074e-01
CDo,3.423508090599999831e-02,3.467862505399999656e-02,3.489556569900000016e-02,3.521206930799999912e-02,3.531881774199999852e-02
CDt,1.359876793099999981e-01,1.264628233310000072e-01,1.193977365719999933e-01,1.186172193499999972e-01,1.209342777510000050e-01
CDtot,1.646002100779999922e-01,1.600224594740000117e-01,1.617193818790000071e-01,1.634756155830000002e-01,1.629588472429999990e-01
CDtott,1.702227602159999964e-01,1.611414483849999968e-01,1.542933022709999935e-01,1.538292886579999963e-01,1.562530954930000104e-01
CFx,-1.366674258299999944e-01,-1.452466549989999967e-01,-1.447136883519999917e-01,-1.461013792950000001e-01,-1.468538506200000038e-01
CFxi,-1.717149869650000105e-01,-1.807363392959999981e-01,-1.804124043550000001e-01,-1.821252570319999986e-01,-1.829937803299999943e-01
CFxo,3.504756113600000084e-02,3.548968429600000279e-02,3.569871600300000142e-02,3.602387773699999851e-02,3.613992970899999879e-02
CFy,-2.320429766000000130e-03,-9.257643429999999661e-04,-9.253571850000000439e-04,-4.412461559999999831e-04,-1.710567160000000088e-03
CFyi,-2.332771872999999958e-03,-9.277830120000000102e-04,-9.276789699999999500e-04,-4.412329959999999841e-04,-1.719073782999999906e-03
CFyo,1.234210800000000018e-05,2.018669000000000035e-06,2.321785000000000167e-06,-1.316000000000000005e-08,8.506621999999999342e-06
CFz,1.915083310013000029e+00,1.939987374583000079e+00,1.947469852702000015e+00,1.967458030293999904e+00,1.968905529821000089e+00
CFzi,1.917518748995000077e+00,1.942378934121999912e+00,1.949794403567000067e+00,1.969812337035000027e+00,1.971310175506000073e+00
CFzo,-2.435438981999999818e-03,-2.391559539000000147e-03,-2.324550864999999893e-03,-2.354306741000000095e-03,-2.404645684999999825e-03
CL,1.912884952216999945e+00,1.938824493552000039e+00,1.946131475595999971e+00,1.966090648243000061e+00,1.967638039097999947e+00
CLi,1.920773053380999906e+00,1.946738418800999959e+00,1.954011916922000047e+00,1.974051345604000085e+00,1.975666610175000004e+00
CLo,-7.888101163999999138e-03,-7.913925250000000342e-03,-7.880441327000000176e-03,-7.960697360999999944e-03,-8.028571077000000097e-03
CMx,1.595585518900000110e-02,4.473508763000000159e-03,4.294252933999999876e-03,3.793855044999999877e-03,3.301780458000000158e-03
CMxi,1.597890037700000140e-02,4.483446361000000165e-03,4.304428328000000324e-03,3.803441163000000069e-03,3.310666287000000024e-03
CMxo,-2.304518699999999861e-05,-9.937598000000000733e-06,-1.017539399999999943e-05,-9.586118000000000500e-06,-8.885828999999999860e-06
CMy,-6.017470603069999813e-01,-6.222167585350000252e-01,-6.220480011300000278e-01,-6.446294136810000186e-01,-6.336753557809999826e-01
CMyi,-6.116566964090000003e-01,-6.323583880419999526e-01,-6.320018163010000523e-01,-6.546533069990000397e-01,-6.438227161389999953e-01
CMyo,9.909636101999999905e-03,1.014162950700000024e-02,9.953815171000000156e-03,1.002389331900000076e-02,1.014736035800000054e-02
CMz,1.003501280999999920e-03,1.711330500000000064e-04,1.743922919999999919e-04,2.384130820000000069e-04,-1.296888709999999983e-04
CMzi,1.315909270000000094e-03,2.657451969999999829e-04,2.663517220000000000e-04,3.230587490000000252e-04,-5.835412499999999926e-05
CMzo,-3.124079890000000114e-04,-9.461214700000000364e-05,-9.195942999999999446e-05,-8.464566700000000484e-05,-7.133474600000000584e-05
CS,-2.320429766000000130e-03,-9.257643429999999661e-04,-9.253571850000000439e-04,-4.412461559999999831e-04,-1.710567160000000088e-03
CSi,-2.332771872999999958e-03,-9.277830120000000102e-04,-9.276789699999999500e-04,-4.412329959999999841e-04,-1.719073782999999906e-03
CSo,1.234210800000000018e-05,2.018669000000000035e-06,2.321785000000000167e-06,-1.316000000000000005e-08,8.506621999999999342e-06
E,7.263409353609999730e-01,7.760006318650000123e-01,7.726867240389999614e-01,7.797645684299999713e-01,7.848565298420000502e-01
FC_AoA_,9.000000000000000000e+00
FC_Beta_,0.000000000000000000e+00
FC_Bref_,1.417173599999999922e+01
FC_Cref_,1.193975999999999926e+00
FC_Mach_,1.499999999999999944e-01
FC_Pitch_Rate,0.000000000000000000e+00
FC_ReCref_,3.870000000000000000e+06
FC_Rho_,2.377000000000000206e-03
FC_Roll__Rate,0.000000000000000000e+00
FC_Sref_,1.619368700000000061e+01
FC_Vinf_,5.100000000000000000e+01
FC_Xcg_,1.774861999999999940e+00
FC_Yaw___Rate,0.000000000000000000e+00
FC_Ycg_,0.000000000000000000e+00
FC_Zcg_,7.545150000000000468e-01
L/D,1.166932321936499939e+01,1.216540743840000083e+01,1.208273179266599939e+01,1.207550947924299933e+01,1.212371493538899969e+01
Mach,1.499999999999999944e-01,1.499999999999999944e-01,1.499999999999999944e-01,1.499999999999999944e-01,1.499999999999999944e-01
T/QS,0.000000000000000000e+00,0.000000000000000000e+00,0.000000000000000000e+00,0.000000000000000000e+00,0.000000000000000000e+00
WakeIter,1,2,3,4,5
Results_Name,VSPAERO_History
Results_Timestamp,1758915291
Results_Date,9,26,2025
Results_Time,15,34,51
Alpha,1.000000000000000000e+01,1.000000000000000000e+01,1.000000000000000000e+01,1.000000000000000000e+01,1.000000000000000000e+01
AnalysisMethod,0
Beta,0.000000000000000000e+00,0.000000000000000000e+00,0.000000000000000000e+00,0.000000000000000000e+00,0.000000000000000000e+00
CDi,1.384713878090000072e-01,1.342488115169999940e-01,1.350375807260000005e-01,1.352089462609999959e-01,1.339939229980000035e-01
CDo,3.590170702800000307e-02,3.642561710000000175e-02,3.673320677099999737e-02,3.707188149400000160e-02,3.726380446900000309e-02
CDt,1.411005908129999986e-01,1.362765300769999965e-01,1.269147198829999879e-01,1.234881142219999978e-01,1.259062958349999872e-01
CDtot,1.743730948370000033e-01,1.706744286169999958e-01,1.717707874970000048e-01,1.722808277550000045e-01,1.712577274669999927e-01
CDtott,1.770022978409999947e-01,1.727021471759999927e-01,1.636479266539999922e-01,1.605599957159999924e-01,1.631701003040000042e-01
CFx,-1.750047097630000048e-01,-1.831950583949999989e-01,-1.843218273810000030e-01,-1.861881673080000021e-01,-1.845917234510000005e-01
CFxi,-2.118957676859999917e-01,-2.206165577839999947e-01,-2.220475788590000055e-01,-2.242565378470000037e-01,-2.228666793069999930e-01
CFxo,3.689105792300000075e-02,3.742149938900000278e-02,3.772575147800000250e-02,3.806837053900000156e-02,3.827495585500000075e-02
CFy,-2.082964544000000078e-03,-7.940599399999999928e-04,-4.805222550000000023e-04,-3.539045709999999868e-04,-2.840753228000000071e-03
CFyi,-2.096772261000000043e-03,-7.967137810000000236e-04,-4.834352650000000207e-04,-3.558784850000000239e-04,-2.856113840000000081e-03
CFyo,1.380771699999999979e-05,2.653840999999999974e-06,2.913010000000000169e-06,1.973913999999999817e-06,1.536061199999999943e-05
CFz,1.996675660428999910e+00,2.021825665864000143e+00,2.034529569488999989e+00,2.048051313973000109e+00,2.033105631206999941e+00
CFzi,1.999145555806000063e+00,2.024286766426000028e+00,2.036944831072999840e+00,2.050459314812000056e+00,2.035579995231000083e+00
CFzo,-2.469895375999999962e-03,-2.461100561999999842e-03,-2.415261583999999979e-03,-2.408000839000000101e-03,-2.474364024000000068e-03
CL,1.996730919575000041e+00,2.022921079030000069e+00,2.035627643194999781e+00,2.049268048522999930e+00,2.034272204695000141e+00
CLi,2.005569356670999781e+00,2.031842965117999888e+00,2.044557219522999958e+00,2.058249969589999839e+00,2.043355353905000005e+00
CLo,-8.838437096000000687e-03,-8.921886088000000048e-03,-8.929576328000000257e-03,-8.981921065999999218e-03,-9.083149210000000459e-03
CMx,1.658712605600000042e-02,4.104724675999999600e-03,2.189195738000000203e-03,2.919280702000000022e-03,2.322356707000000024e-03
CMxi,1.661340012099999860e-02,4.114863552999999813e-03,2.194485462999999810e-03,2.927208295999999838e-03,2.328716308999999839e-03
CMxo,-2.627406500000000066e-05,-1.013887699999999918e-05,-5.289725000000000418e-06,-7.927594000000000386e-06,-6.359601999999999695e-06
CMy,-6.363679800760000393e-01,-6.539521055600000521e-01,-6.628353777490000320e-01,-6.641500898829999500e-01,-5.905519792650000266e-01
CMyi,-6.467495202969999468e-01,-6.645755696020000380e-01,-6.734164498010000166e-01,-6.747072792639999816e-01,-6.012653256119999678e-01
CMyo,1.038154022099999942e-02,1.062346404199999983e-02,1.058107205200000019e-02,1.055718938100000046e-02,1.071334634700000024e-02
CMz,1.217950935999999925e-03,1.815294650000000016e-04,1.113254909999999986e-04,1.745546909999999997e-04,-5.144286570000000192e-04
CMzi,1.559554140999999975e-03,2.735095649999999784e-04,1.601626670000000070e-04,2.417427619999999949e-04,-4.658485189999999753e-04
CMzo,-3.416032049999999961e-04,-9.198010000000000387e-05,-4.883717600000000162e-05,-6.718806999999999926e-05,-4.858013800000000328e-05
CS,-2.082964544000000078e-03,-7.940599399999999928e-04,-4.805222550000000023e-04,-3.539045709999999868e-04,-2.840753228000000071e-03
CSi,-2.096772261000000043e-03,-7.967137810000000236e-04,-4.834352650000000207e-04,-3.558784850000000239e-04,-2.856113840000000081e-03
CSo,1.380771699999999979e-05,2.653840999999999974e-06,2.913010000000000169e-06,1.973913999999999817e-06,1.536061199999999943e-05
E,7.455300915529999850e-01,7.892592512749999623e-01,7.944997072510000535e-01,8.041566518770000283e-01,7.997468706029999819e-01
FC_AoA_,1.000000000000000000e+01
FC_Beta_,0.000000000000000000e+00
FC_Bref_,1.417173599999999922e+01
FC_Cref_,1.193975999999999926e+00
FC_Mach_,1.499999999999999944e-01
FC_Pitch_Rate,0.000000000000000000e+00
FC_ReCref_,3.870000000000000000e+06
FC_Rho_,2.377000000000000206e-03
FC_Roll__Rate,0.000000000000000000e+00
FC_Sref_,1.619368700000000061e+01
FC_Vinf_,5.100000000000000000e+01
FC_Xcg_,1.774861999999999940e+00
FC_Yaw___Rate,0.000000000000000000e+00
FC_Ycg_,0.000000000000000000e+00
FC_Zcg_,7.545150000000000468e-01
L/D,1.150159867578899942e+01,1.190478844187700069e+01,1.190282264706599946e+01,1.194706338718400040e+01,1.193146367248600015e+01
Mach,1.499999999999999944e-01,1.499999999999999944e-01,1.499999999999999944e-01,1.499999999999999944e-01,1.499999999999999944e-01
T/QS,0.000000000000000000e+00,0.000000000000000000e+00,0.000000000000000000e+00,0.000000000000000000e+00,0.000000000000000000e+00
WakeIter,1,2,3,4,5
Results_Name,VSPAERO_History
Results_Timestamp,1758915291
Results_Date,9,26,2025
Results_Time,15,34,51
Alpha,1.100000000000000000e+01,1.100000000000000000e+01,1.100000000000000000e+01,1.100000000000000000e+01,1.100000000000000000e+01
AnalysisMethod,0
Beta,0.000000000000000000e+00,0.000000000000000000e+00,0.000000000000000000e+00,0.000000000000000000e+00,0.000000000000000000e+00
CDi,1.470871004119999881e-01,1.445853250599999917e-01,1.465468191319999891e-01,1.463341623159999938e-01,1.567684920050000097e-01
CDo,3.759739624499999766e-02,3.829144709800000324e-02,3.880796328799999972e-02,3.901615856900000207e-02,3.918441010800000068e-02
CDt,1.501487876239999963e-01,1.435857546460000134e-01,1.380937750110000084e-01,1.352597911239999950e-01,1.478634548699999940e-01
CDtot,1.846844966570000135e-01,1.828767721579999950e-01,1.853547824200000027e-01,1.853503208850000028e-01,1.959529021130000104e-01
CDtott,1.877461838689999940e-01,1.818772017439999888e-01,1.769017382989999942e-01,1.742759496940000097e-01,1.870478649779999947e-01
CFx,-2.155139753749999998e-01,-2.232829291589999987e-01,-2.250298375220000091e-01,-2.262443881619999875e-01,-2.218285797079999899e-01
CFxi,-2.543019424799999872e-01,-2.627763681529999840e-01,-2.650572373399999737e-01,-2.664828647649999938e-01,-2.622475820640000066e-01
CFxo,3.878796710500000133e-02,3.949343899300000044e-02,4.002739981799999930e-02,4.023847660399999804e-02,4.041900235600000280e-02
CFy,-3.095568646999999948e-03,-1.333977832000000007e-03,-1.634643360000000048e-04,3.289774339999999918e-04,2.965294121400000038e-02
CFyi,-3.111008197999999818e-03,-1.336282192999999931e-03,-1.642363879999999990e-04,3.023261040000000234e-04,2.973397576099999842e-02
CFyo,1.543955000000000026e-05,2.304360999999999891e-06,7.720520000000000367e-07,2.665132999999999882e-05,-8.103454699999999324e-05
CFz,2.076625750875999987e+00,2.107119552866000056e+00,2.129093480192000065e+00,2.135318419362000064e+00,2.168167518530999871e+00
CFzi,2.079130489475999877e+00,2.109616218100999863e+00,2.131630155444999897e+00,2.137849871739999852e+00,2.170745915486000044e+00
CFzo,-2.504738601000000044e-03,-2.496665234999999837e-03,-2.536675252999999811e-03,-2.531452377999999798e-03,-2.578396954999999813e-03
CL,2.079594292038000169e+00,2.111010223265000096e+00,2.132913753485000008e+00,2.139256070176999813e+00,2.170659062897999814e+00
CLi,2.089454104570999782e+00,2.120996721146000130e+00,2.143041410816000081e+00,2.149418875941000007e+00,2.180902396672999899e+00
CLo,-9.859812533999999518e-03,-9.986497881000000812e-03,-1.012765733099999996e-02,-1.016280576400000087e-02,-1.024333377500000024e-02
CMx,1.720261863599999858e-02,4.511947419000000153e-03,1.017170970999999990e-03,1.545196569000000094e-03,6.790691219999999730e-04
CMxi,1.723137974500000072e-02,4.523781612000000313e-03,1.018734044999999909e-03,1.552486067000000006e-03,6.815537320000000007e-04
CMxo,-2.876110899999999941e-05,-1.183419200000000076e-05,-1.563074000000000038e-06,-7.289497999999999779e-06,-2.484610000000000171e-06
CMy,-6.697109502400000469e-01,-6.885691925710000216e-01,-7.031611634169999681e-01,-6.973708055359999491e-01,-7.929439378739999711e-01
CMyi,-6.805848162750000041e-01,-6.997068584260000002e-01,-7.144425730350000281e-01,-7.086424363179999464e-01,-8.043455522889999543e-01
CMyo,1.087386603599999925e-02,1.113766585599999977e-02,1.128140961799999932e-02,1.127163078200000071e-02,1.140161441500000053e-02
CMz,1.397401201000000003e-03,2.365732720000000107e-04,1.467099590000000111e-04,3.530524139999999928e-04,9.187795434999999900e-03
CMzi,1.768349787999999893e-03,3.415742589999999743e-04,1.702717920000000032e-04,3.834112430000000105e-04,9.252556142999999317e-03
CMzo,-3.709485869999999989e-04,-1.050009870000000043e-04,-2.356183299999999888e-05,-3.035882900000000078e-05,-6.476070700000000405e-05
CS,-3.095568646999999948e-03,-1.333977832000000007e-03,-1.634643360000000048e-04,3.289774339999999918e-04,2.965294121400000038e-02
CSi,-3.111008197999999818e-03,-1.336282192999999931e-03,-1.642363879999999990e-04,3.023261040000000234e-04,2.973397576099999842e-02
CSo,1.543955000000000026e-05,2.304360999999999891e-06,7.720520000000000367e-07,2.665132999999999882e-05,-8.103454699999999324e-05
E,7.617999455939999942e-01,7.985564651890000309e-01,8.043305819079999974e-01,8.103007534120000299e-01,7.786880865180000333e-01
FC_AoA_,1.100000000000000000e+01
FC_Beta_,0.000000000000000000e+00
FC_Bref_,1.417173599999999922e+01
FC_Cref_,1.193975999999999926e+00
FC_Mach_,1.499999999999999944e-01
FC_Pitch_Rate,0.000000000000000000e+00
FC_ReCref_,3.870000000000000000e+06
FC_Rho_,2.377000000000000206e-03
FC_Roll__Rate,0.000000000000000000e+00
FC_Sref_,1.619368700000000061e+01
FC_Vinf_,5.100000000000000000e+01
FC_Xcg_,1.774861999999999940e+00
FC_Yaw___Rate,0.000000000000000000e+00
FC_Ycg_,0.000000000000000000e+00
FC_Zcg_,7.545150000000000468e-01
L/D,1.131364106028600069e+01,1.159795580444199992e+01,1.156183500008699916e+01,1.159652093221600033e+01,1.112972746594400064e+01
Mach,1.499999999999999944e-01,1.499999999999999944e-01,1.499999999999999944e-01,1.499999999999999944e-01,1.499999999999999944e-01
T/QS,0.000000000000000000e+00,0.000000000000000000e+00,0.000000000000000000e+00,0.000000000000000000e+00,0.000000000000000000e+00
WakeIter,1,2,3,4,5
Results_Name,VSPAERO_History
Results_Timestamp,1758915291
Results_Date,9,26,2025
Results_Time,15,34,51
Alpha,1.200000000000000000e+01,1.200000000000000000e+01,1.200000000000000000e+01,1.200000000000000000e+01,1.200000000000000000e+01
AnalysisMethod,0
Beta,0.000000000000000000e+00,0.000000000000000000e+00,0.000000000000000000e+00,0.000000000000000000e+00,0.000000000000000000e+00
CDi,1.579801751430000012e-01,1.543166960440000013e-01,1.560582391279999870e-01,1.563472578810000124e-01,1.625862959720000001e-01
CDo,3.929929254399999738e-02,3.983677477900000180e-02,4.050619974099999715e-02,4.073581861000000193e-02,4.080107573200000143e-02
CDt,1.688628726810000036e-01,1.557858066860000057e-01,1.477394795810000050e-01,1.446417375519999937e-01,1.532611994020000035e-01
CDtot,1.972794676869999986e-01,1.941534708229999961e-01,1.965644388689999911e-01,1.970830764909999866e-01,2.033873717040000084e-01
CDtott,2.081621652250000010e-01,1.956225814650000006e-01,1.882456793220000091e-01,1.853775561619999956e-01,1.940622751340000118e-01
CFx,-2.564446881640000120e-01,-2.647687469350000211e-01,-2.679590991949999945e-01,-2.681751747259999985e-01,-2.657319188189999903e-01
CFxi,-2.971714256820000011e-01,-3.060278104790000175e-01,-3.099153916579999724e-01,-3.103547475740000006e-01,-3.079963862449999756e-01
CFxo,4.072673751900000166e-02,4.125906354400000337e-02,4.195629246299999865e-02,4.217957284900000076e-02,4.226446742699999787e-02
CFy,-2.950277278000000038e-03,-1.120526320999999962e-03,-3.142315289999999942e-04,-4.453190700000000013e-04,-5.360509299000000387e-03
CFyi,-2.968044411000000070e-03,-1.123559379000000106e-03,-3.147362590000000256e-04,-4.528046179999999804e-04,-5.385652957999999962e-03
CFyo,1.776713300000000166e-05,3.033057999999999921e-06,5.047299999999999939e-07,7.485548000000000214e-06,2.514365899999999900e-05
CFz,2.155339232599999821e+00,2.179465635646999910e+00,2.206071178765999896e+00,2.209582243394999868e+00,2.228409613296999936e+00
CFzi,2.157924311117000116e+00,2.181969964445999999e+00,2.208635955500999781e+00,2.212093065992000174e+00,2.231005964063999869e+00
CFzo,-2.585078516999999871e-03,-2.504328799999999949e-03,-2.564776735000000047e-03,-2.510822597000000010e-03,-2.596350766999999844e-03
CL,2.161557747852000055e+00,2.186887600239999951e+00,2.213575059941999879e+00,2.217054324013000066e+00,2.234962289244999845e+00
CLi,2.172553901061000214e+00,2.197915445111000121e+00,2.224806993857999959e+00,2.228279905421000073e+00,2.246289180401999985e+00
CLo,-1.099615320899999943e-02,-1.102784486999999931e-02,-1.123193391599999931e-02,-1.122558140800000021e-02,-1.132689115700000020e-02
CMx,1.773929771099999955e-02,5.361698502000000408e-03,1.078852006999999908e-03,1.343588703999999950e-03,1.146345108000000005e-03
CMxi,1.776900914400000170e-02,5.375525649000000364e-03,1.081750047000000058e-03,1.347474964000000032e-03,1.150728440999999923e-03
CMxo,-2.971143299999999841e-05,-1.382714700000000038e-05,-2.898039999999999870e-06,-3.886260000000000125e-06,-4.383333000000000304e-06
CMy,-7.037073797949999765e-01,-7.204876885980000534e-01,-7.375110388240000425e-01,-7.213836246229999860e-01,-7.784169813939999516e-01
CMyi,-7.150984171280000412e-01,-7.320764830310000360e-01,-7.493204892710000342e-01,-7.329923010279999485e-01,-7.902867779529999526e-01
CMyo,1.139103733399999922e-02,1.158879443299999992e-02,1.180945044800000079e-02,1.160867640599999931e-02,1.186979655800000054e-02
CMz,1.729258134999999905e-03,3.788410630000000061e-04,9.551888800000000513e-05,-1.870441100000000011e-05,-1.352181371000000078e-03
CMzi,2.129780637000000011e-03,5.077180019999999851e-04,1.219994280000000062e-04,1.492621699999999933e-05,-1.327653127999999958e-03
CMzo,-4.005225019999999981e-04,-1.288769390000000061e-04,-2.648054000000000109e-05,-3.363062799999999943e-05,-2.452824300000000103e-05
CS,-2.950277278000000038e-03,-1.120526320999999962e-03,-3.142315289999999942e-04,-4.453190700000000013e-04,-5.360509299000000387e-03
CSi,-2.968044411000000070e-03,-1.123559379000000106e-03,-3.147362590000000256e-04,-4.528046179999999804e-04,-5.385652957999999962e-03
CSo,1.776713300000000166e-05,3.033057999999999921e-06,5.047299999999999939e-07,7.485548000000000214e-06,2.514365899999999900e-05
E,7.668110821589999571e-01,8.034500774280000090e-01,8.140439097339999819e-01,8.150778111840000228e-01,7.965210269110000185e-01
FC_AoA_,1.200000000000000000e+01
FC_Beta_,0.000000000000000000e+00
FC_Bref_,1.417173599999999922e+01
FC_Cref_,1.193975999999999926e+00
FC_Mach_,1.499999999999999944e-01
FC_Pitch_Rate,0.000000000000000000e+00
FC_ReCref_,3.870000000000000000e+06
FC_Rho_,2.377000000000000206e-03
FC_Roll__Rate,0.000000000000000000e+00
FC_Sref_,1.619368700000000061e+01
FC_Vinf_,5.100000000000000000e+01
FC_Xcg_,1.774861999999999940e+00
FC_Yaw___Rate,0.000000000000000000e+00
FC_Ycg_,0.000000000000000000e+00
FC_Zcg_,7.545150000000000468e-01
L/D,1.101256976474999938e+01,1.132050555571900041e+01,1.131846129777800058e+01,1.130629755276300052e+01,1.104438865392999958e+01
Mach,1.499999999999999944e-01,1.499999999999999944e-01,1.499999999999999944e-01,1.499999999999999944e-01,1.499999999999999944e-01
T/QS,0.000000000000000000e+00,0.000000000000000000e+00,0.000000000000000000e+00,0.000000000000000000e+00,0.000000000000000000e+00
WakeIter,1,2,3,4,5
Results_Name,VSPAERO_History
Results_Timestamp,1758915291
Results_Date,9,26,2025
Results_Time,15,34,51
Alpha,1.300000000000000000e+01,1.300000000000000000e+01,1.300000000000000000e+01,1.300000000000000000e+01,1.300000000000000000e+01
AnalysisMethod,0
Beta,0.000000000000000000e+00,0.000000000000000000e+00,0.000000000000000000e+00,0.000000000000000000e+00,0.000000000000000000e+00
CDi,1.676229534879999927e-01,1.648541817939999932e-01,1.662304063249999964e-01,1.669062690130000137e-01,1.684957780759999968e-01
CDo,4.104791351900000107e-02,4.168964546599999987e-02,4.232043828499999771e-02,4.251763756899999691e-02,4.264532547600000112e-02
CDt,1.763498863709999920e-01,1.661977031140000061e-01,1.575892934489999953e-01,1.552430239120000111e-01,1.614179306009999870e-01
CDtot,2.086708670069999938e-01,2.065438272610000126e-01,2.085508446100000080e-01,2.094239065819999968e-01,2.111411035519999979e-01
CDtott,2.173977998899999931e-01,2.078873485799999921e-01,1.999097317340000068e-01,1.977606614819999997e-01,2.040632560760000103e-01
CFx,-3.012852189179999751e-01,-3.094806755210000038e-01,-3.126803460390000233e-01,-3.135409077660000210e-01,-3.138647602049999819e-01
CFxi,-3.440160948970000243e-01,-3.528583945930000021e-01,-3.567196705130000201e-01,-3.577881890190000025e-01,-3.582699653020000041e-01
CFxo,4.273087597900000062e-02,4.337771907199999832e-02,4.403932447399999672e-02,4.424728125300000231e-02,4.440520509700000146e-02
CFy,-4.217514276000000097e-03,-9.328204540000000324e-04,-1.866075319999999994e-04,-3.975307830000000126e-04,-4.455046099999999975e-05
CFyi,-4.236976200000000005e-03,-9.347901630000000125e-04,-1.881428870000000086e-04,-3.993103449999999737e-04,-5.908079999999999853e-05
CFyo,1.946192399999999978e-05,1.969708999999999999e-06,1.535354999999999973e-06,1.779562000000000090e-06,1.453033900000000047e-05
CFz,2.232637525297000103e+00,2.258680380936000098e+00,2.281461694562000098e+00,2.289070316635999802e+00,2.298106722790000056e+00
CFzi,2.235250417595000094e+00,2.261242295918000078e+00,2.284085203741000214e+00,2.291717953623999993e+00,2.300870777811999890e+00
CFzo,-2.612892298000000016e-03,-2.561914982000000184e-03,-2.623509179000000149e-03,-2.647636988000000042e-03,-2.764055021999999983e-03
CL,2.243189597819999825e+00,2.270408553359000159e+00,2.293325752648999849e+00,2.300932950501000107e+00,2.309810605097999847e+00
CLi,2.255347877461999939e+00,2.282662670265999783e+00,2.305788713930999823e+00,2.313466201294000157e+00,2.322492815273999867e+00
CLo,-1.215827964199999930e-02,-1.225411690700000007e-02,-1.246296128199999957e-02,-1.253325079299999999e-02,-1.268221017600000035e-02
CMx,1.828861937100000057e-02,5.007835482000000220e-03,1.089837817999999951e-03,1.716778495999999937e-03,1.569779078999999997e-03
CMxi,1.832180770499999833e-02,5.020962959000000413e-03,1.092537188000000095e-03,1.720741341999999958e-03,1.574144667999999910e-03
CMxo,-3.318833400000000173e-05,-1.312747699999999967e-05,-2.699369999999999958e-06,-3.962846999999999804e-06,-4.365587999999999850e-06
CMy,-7.372835553719999657e-01,-7.554285584259999853e-01,-7.667392702819999517e-01,-7.626280317129999764e-01,-7.775179758039999500e-01
CMyi,-7.491884164509999833e-01,-7.675711453010000129e-01,-7.791230232570000025e-01,-7.751054393120000441e-01,-7.903408894329999601e-01
CMyo,1.190486107799999978e-02,1.214258687499999989e-02,1.238375297500000048e-02,1.247740759799999960e-02,1.282291362899999967e-02
CMz,1.857325096999999994e-03,4.414853369999999872e-04,1.493235949999999874e-04,1.631313969999999931e-04,2.501188700000000131e-04
CMzi,2.287770616999999871e-03,5.681223210000000247e-04,1.763016289999999988e-04,2.049298430000000087e-04,2.867058080000000242e-04
CMzo,-4.304455199999999851e-04,-1.266369840000000104e-04,-2.697803299999999846e-05,-4.179844699999999802e-05,-3.658693700000000156e-05
CS,-4.217514276000000097e-03,-9.328204540000000324e-04,-1.866075319999999994e-04,-3.975307830000000126e-04,-4.455046099999999975e-05
CSi,-4.236976200000000005e-03,-9.347901630000000125e-04,-1.881428870000000086e-04,-3.993103449999999737e-04,-5.908079999999999853e-05
CSo,1.946192399999999978e-05,1.969708999999999999e-06,1.535354999999999973e-06,1.779562000000000090e-06,1.453033900000000047e-05
E,7.788313806019999674e-01,8.112101137089999803e-01,8.208775971749999734e-01,8.230069837619999884e-01,8.216173212909999579e-01
FC_AoA_,1.300000000000000000e+01
FC_Beta_,0.000000000000000000e+00
FC_Bref_,1.417173599999999922e+01
FC_Cref_,1.193975999999999926e+00
FC_Mach_,1.499999999999999944e-01
FC_Pitch_Rate,0.000000000000000000e+00
FC_ReCref_,3.870000000000000000e+06
FC_Rho_,2.377000000000000206e-03
FC_Roll__Rate,0.000000000000000000e+00
FC_Sref_,1.619368700000000061e+01
FC_Vinf_,5.100000000000000000e+01
FC_Xcg_,1.774861999999999940e+00
FC_Yaw___Rate,0.000000000000000000e+00
FC_Ycg_,0.000000000000000000e+00
FC_Zcg_,7.545150000000000468e-01
L/D,1.080815884752700029e+01,1.105171091550599982e+01,1.105624251124599944e+01,1.104681045756199964e+01,1.099971903246200000e+01
Mach,1.499999999999999944e-01,1.499999999999999944e-01,1.499999999999999944e-01,1.499999999999999944e-01,1.499999999999999944e-01
T/QS,0.000000000000000000e+00,0.000000000000000000e+00,0.000000000000000000e+00,0.000000000000000000e+00,0.000000000000000000e+00
WakeIter,1,2,3,4,5
Results_Name,VSPAERO_History
Results_Timestamp,1758915291
Results_Date,9,26,2025
Results_Time,15,34,51
Alpha,1.400000000000000000e+01,1.400000000000000000e+01,1.400000000000000000e+01,1.400000000000000000e+01,1.400000000000000000e+01
AnalysisMethod,0
Beta,0.000000000000000000e+00,0.000000000000000000e+00,0.000000000000000000e+00,0.000000000000000000e+00,0.000000000000000000e+00
CDi,1.786667793860000075e-01,1.746516784209999895e-01,1.757788995500000062e-01,1.767109815950000107e-01,1.797220654009999974e-01
CDo,4.280361860700000048e-02,4.340652742599999947e-02,4.405366991700000040e-02,4.428237642599999746e-02,4.444291200299999717e-02
CDt,1.883155594070000105e-01,1.776400431650000111e-01,1.670348994239999885e-01,1.637804602010000110e-01,1.708553034360000000e-01
CDtot,2.214703979930000011e-01,2.180582058470000029e-01,2.198325694669999997e-01,2.209933580200000025e-01,2.241649774039999876e-01
CDtott,2.311191780140000041e-01,2.210465705909999967e-01,2.110885693419999876e-01,2.080628366270000085e-01,2.152982154389999903e-01
CFx,-3.475173832510000116e-01,-3.568450044709999824e-01,-3.605831001029999872e-01,-3.616202652050000133e-01,-3.600819871689999729e-01
CFxi,-3.922940705579999743e-01,-4.022260337670000019e-01,-4.066441856620000017e-01,-4.079195204430000055e-01,-4.066002906610000078e-01
CFxo,4.477668730699999738e-02,4.538102929599999863e-02,4.606108555900000068e-02,4.629925523799999915e-02,4.651830349200000020e-02
CFy,-3.454669238999999968e-03,-1.094895202000000086e-03,-2.297758189999999951e-04,-5.636825239999999947e-04,-3.088245899999999969e-04
CFyi,-3.477258685999999859e-03,-1.098277857999999975e-03,-2.320277240000000001e-04,-5.664872560000000197e-04,-3.435948580000000043e-04
CFyo,2.258944699999999948e-05,3.382657000000000112e-06,2.251904999999999914e-06,2.804730999999999812e-06,3.477026800000000060e-05
CFz,2.309278489996999806e+00,2.332585015628999781e+00,2.354912146551999985e+00,2.363870184077999870e+00,2.370810584305000024e+00
CFzi,2.311936412805000174e+00,2.335174658671999914e+00,2.357554340416000205e+00,2.366522251016999867e+00,2.373677621485999811e+00
CFzo,-2.657922806999999873e-03,-2.589643043999999804e-03,-2.642193864000000163e-03,-2.652066938999999950e-03,-2.867037180999999942e-03
CL,2.324755113735000212e+00,2.349625891756999874e+00,2.372194138653000106e+00,2.381136997127999866e+00,2.387499094668999788e+00
CLi,2.338166545947999886e+00,2.363117275966000186e+00,2.385901033199000043e+00,2.394911089937000082e+00,2.401534764752999873e+00
CLo,-1.341143221300000049e-02,-1.349138420899999996e-02,-1.370689454599999940e-02,-1.377409280900000060e-02,-1.403567008399999975e-02
CMx,1.886056212099999907e-02,5.231362703999999607e-03,1.174324531000000074e-03,1.625324675999999940e-03,1.447259396999999934e-03
CMxi,1.889706140000000159e-02,5.245992546999999652e-03,1.177790431999999965e-03,1.630870631000000057e-03,1.453815606999999972e-03
CMxo,-3.649927900000000057e-05,-1.462984299999999938e-05,-3.465900999999999954e-06,-5.545956000000000404e-06,-6.556209999999999863e-06
CMy,-7.734610767620000438e-01,-7.903712638909999866e-01,-8.000814435699999949e-01,-7.996440383570000421e-01,-8.054334243259999582e-01
CMyi,-7.859008272440000109e-01,-8.030349740469999720e-01,-8.129986276799999745e-01,-8.125965759900000140e-01,-8.190599235540000356e-01
CMyo,1.243975048200000010e-02,1.266371015599999927e-02,1.291718411000000039e-02,1.295253763299999972e-02,1.362649922799999934e-02
CMz,2.206892698000000042e-03,4.552097090000000248e-04,1.411522719999999903e-04,7.343981600000000498e-05,1.181396999999999965e-04
CMzi,2.669876580000000131e-03,5.923816649999999505e-04,1.718466490000000030e-04,1.173551490000000047e-04,1.496573860000000099e-04
CMzo,-4.629838819999999812e-04,-1.371719560000000070e-04,-3.069437699999999914e-05,-4.391533299999999976e-05,-3.151768599999999984e-05
CS,-3.454669238999999968e-03,-1.094895202000000086e-03,-2.297758189999999951e-04,-5.636825239999999947e-04,-3.088245899999999969e-04
CSi,-3.477258685999999859e-03,-1.098277857999999975e-03,-2.320277240000000001e-04,-5.664872560000000197e-04,-3.435948580000000043e-04
CSo,2.258944699999999948e-05,3.382657000000000112e-06,2.251904999999999914e-06,2.804730999999999812e-06,3.477026800000000060e-05
E,7.853385702309999550e-01,8.206304700680000508e-01,8.311663660550000499e-01,8.330385555779999951e-01,8.236187148289999538e-01
FC_AoA_,1.400000000000000000e+01
FC_Beta_,0.000000000000000000e+00
FC_Bref_,1.417173599999999922e+01
FC_Cref_,1.193975999999999926e+00
FC_Mach_,1.499999999999999944e-01
FC_Pitch_Rate,0.000000000000000000e+00
FC_ReCref_,3.870000000000000000e+06
FC_Rho_,2.377000000000000206e-03
FC_Roll__Rate,0.000000000000000000e+00
FC_Sref_,1.619368700000000061e+01
FC_Vinf_,5.100000000000000000e+01
FC_Xcg_,1.774861999999999940e+00
FC_Yaw___Rate,0.000000000000000000e+00
FC_Ycg_,0.000000000000000000e+00
FC_Zcg_,7.545150000000000468e-01
L/D,1.055746757641800038e+01,1.083709400792499977e+01,1.085326455028999959e+01,1.083702746268600059e+01,1.071324696911199936e+01
Mach,1.499999999999999944e-01,1.499999999999999944e-01,1.499999999999999944e-01,1.499999999999999944e-01,1.499999999999999944e-01
T/QS,0.000000000000000000e+00,0.000000000000000000e+00,0.000000000000000000e+00,0.000000000000000000e+00,0.000000000000000000e+00
WakeIter,1,2,3,4,5
Results_Name,VSPAERO_History
Results_Timestamp,1758915291
Results_Date,9,26,2025
Results_Time,15,34,51
Alpha,1.500000000000000000e+01,1.500000000000000000e+01,1.500000000000000000e+01,1.500000000000000000e+01,1.500000000000000000e+01
AnalysisMethod,0
Beta,0.000000000000000000e+00,0.000000000000000000e+00,0.000000000000000000e+00,0.000000000000000000e+00,0.000000000000000000e+00
CDi,1.878997504000000096e-01,1.857393454119999898e-01,1.874176757630000023e-01,1.885307362039999879e-01,1.898400428179999877e-01
CDo,4.457641625699999832e-02,4.544975748099999713e-02,4.604086711600000048e-02,4.621926818100000056e-02,4.628481474400000101e-02
CDt,1.931435897600000118e-01,1.867877618690000074e-01,1.773033777809999989e-01,1.745298397099999954e-01,1.815852325469999862e-01
CDtot,2.324761666569999941e-01,2.311891028939999926e-01,2.334585428790000028e-01,2.347500043849999884e-01,2.361248575619999956e-01
CDtott,2.377200060180000019e-01,2.322375193500000046e-01,2.233442448969999994e-01,2.207491078909999960e-01,2.278700472909999941e-01
CFx,-3.981980786400000083e-01,-4.081898332660000017e-01,-4.108810100349999939e-01,-4.117156572930000258e-01,-4.109598047370000007e-01
CFxi,-4.450553724349999851e-01,-4.559512854189999853e-01,-4.592693136350000094e-01,-4.602920762620000272e-01,-4.596250026179999892e-01
CFxo,4.685729379499999764e-02,4.776145215299999747e-02,4.838830360000000164e-02,4.857641896900000145e-02,4.866519788100000243e-02
CFy,-4.002059565999999992e-03,-7.939651449999999546e-04,-1.924715650000000133e-04,-3.498346889999999964e-04,4.713415499999999697e-05
CFyi,-4.026875057999999841e-03,-8.009856570000000201e-04,-2.003950819999999924e-04,-3.553236289999999798e-04,4.595429300000000234e-05
CFyo,2.481549300000000070e-05,7.020512000000000284e-06,7.923516000000000050e-06,5.488940000000000339e-06,1.179861999999999928e-06
CFz,2.384314394443999952e+00,2.416631297847000148e+00,2.435443349053000084e+00,2.443548119118000184e+00,2.446039263741000003e+00
CFzi,2.386958148768000054e+00,2.419275085725999919e+00,2.438142706132000015e+00,2.446260243525999911e+00,2.448829463086000136e+00
CFzo,-2.643754323999999902e-03,-2.643787878999999830e-03,-2.699357078000000007e-03,-2.712124408999999885e-03,-2.790199345000000074e-03
CL,2.406132098061999791e+00,2.439933886074999947e+00,2.458801459981999837e+00,2.466846089310000156e+00,2.469056721202000038e+00
CLi,2.420813328677999809e+00,2.454849162506000049e+00,2.473932653230999978e+00,2.482038302693000187e+00,2.484347326855000038e+00
CLo,-1.468123061599999925e-02,-1.491527643099999946e-02,-1.513119324800000012e-02,-1.519221338299999932e-02,-1.529060565300000007e-02
CMx,1.944487121299999857e-02,5.312032817000000157e-03,1.332651769999999977e-03,1.563156436999999996e-03,1.353290519999999922e-03
CMxi,1.948391863900000159e-02,5.326617787999999958e-03,1.337313073000000055e-03,1.568845822000000103e-03,1.357034821999999986e-03
CMxo,-3.904742599999999934e-05,-1.458497100000000080e-05,-4.661302000000000217e-06,-5.689384999999999908e-06,-3.744301999999999934e-06
CMy,-8.108143910049999681e-01,-8.301748377909999865e-01,-8.359669397900000298e-01,-8.380174858579999553e-01,-8.373843709530000012e-01
CMyi,-8.237707664329999568e-01,-8.434701489029999832e-01,-8.495044039879999787e-01,-8.516142917869999884e-01,-8.512002444039999949e-01
CMyo,1.295637542799999917e-02,1.329531111099999975e-02,1.353746419800000086e-02,1.359680592799999976e-02,1.381587345000000015e-02
CMz,2.492715598000000161e-03,6.231786300000000329e-04,1.491290109999999982e-04,1.186646889999999990e-04,1.817644639999999923e-04
CMzi,2.988933947000000160e-03,7.682711319999999643e-04,1.858254149999999990e-04,1.607930940000000075e-04,2.187823249999999958e-04
CMzo,-4.962183489999999995e-04,-1.450925020000000127e-04,-3.669640400000000083e-05,-4.212840399999999896e-05,-3.701786099999999669e-05
CS,-4.002059565999999992e-03,-7.939651449999999546e-04,-1.924715650000000133e-04,-3.498346889999999964e-04,4.713415499999999697e-05
CSi,-4.026875057999999841e-03,-8.009856570000000201e-04,-2.003950819999999924e-04,-3.553236289999999798e-04,4.595429300000000234e-05
CSo,2.481549300000000070e-05,7.020512000000000284e-06,7.923516000000000050e-06,5.488940000000000339e-06,1.179861999999999928e-06
E,8.004721970160000311e-01,8.327134227929999799e-01,8.381370700350000424e-01,8.386575220309999690e-01,8.344237444209999799e-01
FC_AoA_,1.500000000000000000e+01
FC_Beta_,0.000000000000000000e+00
FC_Bref_,1.417173599999999922e+01
FC_Cref_,1.193975999999999926e+00
FC_Mach_,1.499999999999999944e-01
FC_Pitch_Rate,0.000000000000000000e+00
FC_ReCref_,3.870000000000000000e+06
FC_Rho_,2.377000000000000206e-03
FC_Roll__Rate,0.000000000000000000e+00
FC_Sref_,1.619368700000000061e+01
FC_Vinf_,5.100000000000000000e+01
FC_Xcg_,1.774861999999999940e+00
FC_Yaw___Rate,0.000000000000000000e+00
FC_Ycg_,0.000000000000000000e+00
FC_Zcg_,7.545150000000000468e-01
L/D,1.041316778182799929e+01,1.061836017259899911e+01,1.059688209616500032e+01,1.057311291299100020e+01,1.052132906507200083e+01
Mach,1.499999999999999944e-01,1.499999999999999944e-01,1.499999999999999944e-01,1.499999999999999944e-01,1.499999999999999944e-01
T/QS,0.000000000000000000e+00,0.000000000000000000e+00,0.000000000000000000e+00,0.000000000000000000e+00,0.000000000000000000e+00
WakeIter,1,2,3,4,5
Results_Name,VSPAERO_Polar
Results_Timestamp,1758915291
Results_Date,9,26,2025
Results_Time,15,34,51
Alpha,-5.000000000000000000e+00,-4.000000000000000000e+00,-3.000000000000000000e+00,-2.000000000000000000e+00,-1.000000000000000000e+00,0.000000000000000000e+00,1.000000000000000000e+00,2.000000000000000000e+00,3.000000000000000000e+00,4.000000000000000000e+00,5.000000000000000000e+00,6.000000000000000000e+00,7.000000000000000000e+00,8.000000000000000000e+00,9.000000000000000000e+00,1.000000000000000000e+01,1.100000000000000000e+01,1.200000000000000000e+01,1.300000000000000000e+01,1.400000000000000000e+01,1.500000000000000000e+01
Beta,0.000000000000000000e+00,0.000000000000000000e+00,0.000000000000000000e+00,0.000000000000000000e+00,0.000000000000000000e+00,0.000000000000000000e+00,0.000000000000000000e+00,0.000000000000000000e+00,0.000000000000000000e+00,0.000000000000000000e+00,0.000000000000000000e+00,0.000000000000000000e+00,0.000000000000000000e+00,0.000000000000000000e+00,0.000000000000000000e+00,0.000000000000000000e+00,0.000000000000000000e+00,0.000000000000000000e+00,0.000000000000000000e+00,0.000000000000000000e+00,0.000000000000000000e+00
CDi,4.792275430000000197e-02,5.025660416000000269e-02,5.417236361299999914e-02,5.799917341599999943e-02,6.184228293900000117e-02,6.669295249399999348e-02,7.138017063500000370e-02,7.735119515799999956e-02,8.379927910499999910e-02,8.994725090800000100e-02,9.627106196300000418e-02,1.048883891530000001e-01,1.115885545529999995e-01,1.193332462379999986e-01,1.276400295010000074e-01,1.339939229980000035e-01,1.567684920050000097e-01,1.625862959720000001e-01,1.684957780759999968e-01,1.797220654009999974e-01,1.898400428179999877e-01
CDo,1.632001024300000144e-02,1.724709678900000071e-02,1.827112835299999835e-02,1.942887347400000173e-02,2.059690429900000105e-02,2.181892495900000090e-02,2.303920108900000055e-02,2.429593354600000088e-02,2.572901597900000004e-02,2.720163601699999989e-02,2.873586724200000164e-02,3.032508915199999891e-02,3.198859151300000037e-02,3.357659819699999881e-02,3.531881774199999852e-02,3.726380446900000309e-02,3.918441010800000068e-02,4.080107573200000143e-02,4.264532547600000112e-02,4.444291200299999717e-02,4.628481474400000101e-02
CDt,4.734416689800000078e-02,4.897005548600000258e-02,5.366774109200000281e-02,5.662812187200000347e-02,5.892382438100000203e-02,6.237356454700000025e-02,6.839324412099999362e-02,7.212782551900000227e-02,8.194692048299999365e-02,8.624633680399999835e-02,9.258026665999999349e-02,1.036278489879999959e-01,1.082154107790000014e-01,1.138104012460000036e-01,1.209342777510000050e-01,1.259062958349999872e-01,1.478634548699999940e-01,1.532611994020000035e-01,1.614179306009999870e-01,1.708553034360000000e-01,1.815852325469999862e-01
CDtot,6.424276454299999994e-02,6.750370094900000340e-02,7.244349196600000096e-02,7.742804689000000462e-02,8.243918723800000570e-02,8.851187745199999568e-02,9.441937172400000078e-02,1.016471287040000004e-01,1.095282950829999935e-01,1.171488869260000065e-01,1.250069292050000058e-01,1.352134783049999955e-01,1.435771460659999998e-01,1.529098444349999975e-01,1.629588472429999990e-01,1.712577274669999927e-01,1.959529021130000104e-01,2.033873717040000084e-01,2.111411035519999979e-01,2.241649774039999876e-01,2.361248575619999956e-01
CDtott,6.366417714100000569e-02,6.621715227400000459e-02,7.193886944400000594e-02,7.605699534599999478e-02,7.952072868100000524e-02,8.419248950600000114e-02,9.143244521000000458e-02,9.642375906500000315e-02,1.076759364619999937e-01,1.134479728209999982e-01,1.213161339019999951e-01,1.339529381400000052e-01,1.402040022920000018e-01,1.473869994429999886e-01,1.562530954930000104e-01,1.631701003040000042e-01,1.870478649779999947e-01,1.940622751340000118e-01,2.040632560760000103e-01,2.152982154389999903e-01,2.278700472909999941e-01
CFx,1.305374250030000016e-01,1.265355360179999944e-01,1.211603603109999983e-01,1.131777266430000067e-01,1.018960871510000005e-01,8.851187745199999568e-02,7.199129664200000500e-02,5.396213132000000218e-02,3.338202396599999899e-02,9.357282399999999889e-03,-1.759973160300000103e-02,-4.505977038299999876e-02,-7.652627360199999729e-02,-1.102482956420000049e-01,-1.468538506200000038e-01,-1.845917234510000005e-01,-2.218285797079999899e-01,-2.657319188189999903e-01,-3.138647602049999819e-01,-3.600819871689999729e-01,-4.109598047370000007e-01
CFy,2.121690929999999885e-04,-3.796429660000000109e-04,-1.804527360000000131e-04,-4.305785269999999913e-04,-6.206214509999999525e-04,-1.852225280000000006e-04,-2.962491870000000141e-04,-5.885363549999999546e-04,-2.470190629999999797e-04,-4.616207349999999787e-04,-7.314014189999999650e-04,-1.036901618999999924e-03,-1.208794359000000098e-03,-2.092152747999999948e-03,-1.710567160000000088e-03,-2.840753228000000071e-03,2.965294121400000038e-02,-5.360509299000000387e-03,-4.455046099999999975e-05,-3.088245899999999969e-04,4.713415499999999697e-05
CFz,7.549465367730000542e-01,8.418372906559999924e-01,9.276762242989999852e-01,1.022385372598000108e+00,1.113965613548000055e+00,1.200449445467999920e+00,1.285727546284000100e+00,1.367293920108000105e+00,1.455825506789999890e+00,1.545582690874000020e+00,1.635459512159000095e+00,1.722271627498999980e+00,1.801380054206999981e+00,1.883159960039000103e+00,1.968905529821000089e+00,2.033105631206999941e+00,2.168167518530999871e+00,2.228409613296999936e+00,2.298106722790000056e+00,2.370810584305000024e+00,2.446039263741000003e+00
CL,7.634508235079999761e-01,8.486132901230000192e-01,9.327459195899999722e-01,1.025712408750000026e+00,1.115574283116999910e+00,1.200449445467999920e+00,1.284275302381999939e+00,1.364577750370999931e+00,1.452083268383999926e+00,1.541164998094999961e+00,1.630770012636999944e+00,1.717546871873000036e+00,1.797279047163000021e+00,1.880176773939000068e+00,1.967638039097999947e+00,2.034272204695000141e+00,2.170659062897999814e+00,2.234962289244999845e+00,2.309810605097999847e+00,2.387499094668999788e+00,2.469056721202000038e+00
CMl,-3.010347499999999760e-04,-8.501545459999999789e-04,-9.528569390000000148e-04,-4.187477780000000024e-04,-8.757227729999999492e-04,-1.564296005999999935e-03,-2.734836786999999929e-03,-4.284564309000000321e-03,-2.784851756000000095e-03,-3.740961238000000029e-03,-3.345641620000000017e-03,-2.896785159000000043e-03,-3.070263980000000146e-03,-3.366811099999999970e-03,-3.301780458000000158e-03,-2.322356707000000024e-03,-6.790691219999999730e-04,-1.146345108000000005e-03,-1.569779078999999997e-03,-1.447259396999999934e-03,-1.353290519999999922e-03
CMm,-2.609703379860000005e-01,-2.816881753450000136e-01,-2.949855696529999904e-01,-3.224724399289999877e-01,-3.530169191990000233e-01,-3.746846620059999800e-01,-4.021242291909999933e-01,-4.264325065690000027e-01,-4.524955780800000160e-01,-4.890240778159999913e-01,-5.249113846820000484e-01,-5.555297314899999561e-01,-5.644898780149999462e-01,-5.988803176200000467e-01,-6.336753557809999826e-01,-5.905519792650000266e-01,-7.929439378739999711e-01,-7.784169813939999516e-01,-7.775179758039999500e-01,-8.054334243259999582e-01,-8.373843709530000012e-01
CMn,-4.048335299999999742e-05,1.255770369999999951e-04,6.356450099999999364e-05,1.108146589999999958e-04,1.471008099999999866e-04,2.280683899999999992e-05,2.349273100000000104e-05,-3.210405999999999955e-06,-5.743048600000000015e-05,-6.769802899999999388e-05,4.601831000000000359e-06,5.864738799999999740e-05,6.501188900000000337e-05,2.609088840000000080e-04,1.296888709999999983e-04,5.144286570000000192e-04,-9.187795434999999900e-03,1.352181371000000078e-03,-2.501188700000000131e-04,-1.181396999999999965e-04,-1.817644639999999923e-04
CMx,3.010347499999999760e-04,8.501545459999999789e-04,9.528569390000000148e-04,4.187477780000000024e-04,8.757227729999999492e-04,1.564296005999999935e-03,2.734836786999999929e-03,4.284564309000000321e-03,2.784851756000000095e-03,3.740961238000000029e-03,3.345641620000000017e-03,2.896785159000000043e-03,3.070263980000000146e-03,3.366811099999999970e-03,3.301780458000000158e-03,2.322356707000000024e-03,6.790691219999999730e-04,1.146345108000000005e-03,1.569779078999999997e-03,1.447259396999999934e-03,1.353290519999999922e-03
CMy,-2.609703379860000005e-01,-2.816881753450000136e-01,-2.949855696529999904e-01,-3.224724399289999877e-01,-3.530169191990000233e-01,-3.746846620059999800e-01,-4.021242291909999933e-01,-4.264325065690000027e-01,-4.524955780800000160e-01,-4.890240778159999913e-01,-5.249113846820000484e-01,-5.555297314899999561e-01,-5.644898780149999462e-01,-5.988803176200000467e-01,-6.336753557809999826e-01,-5.905519792650000266e-01,-7.929439378739999711e-01,-7.784169813939999516e-01,-7.775179758039999500e-01,-8.054334243259999582e-01,-8.373843709530000012e-01
CMz,4.048335299999999742e-05,-1.255770369999999951e-04,-6.356450099999999364e-05,-1.108146589999999958e-04,-1.471008099999999866e-04,-2.280683899999999992e-05,-2.349273100000000104e-05,3.210405999999999955e-06,5.743048600000000015e-05,6.769802899999999388e-05,-4.601831000000000359e-06,-5.864738799999999740e-05,-6.501188900000000337e-05,-2.609088840000000080e-04,-1.296888709999999983e-04,-5.144286570000000192e-04,9.187795434999999900e-03,-1.352181371000000078e-03,2.501188700000000131e-04,1.181396999999999965e-04,1.817644639999999923e-04
CS,2.121690929999999885e-04,-3.796429660000000109e-04,-1.804527360000000131e-04,-4.305785269999999913e-04,-6.206214509999999525e-04,-1.852225280000000006e-04,-2.962491870000000141e-04,-5.885363549999999546e-04,-2.470190629999999797e-04,-4.616207349999999787e-04,-7.314014189999999650e-04,-1.036901618999999924e-03,-1.208794359000000098e-03,-2.092152747999999948e-03,-1.710567160000000088e-03,-2.840753228000000071e-03,2.965294121400000038e-02,-5.360509299000000387e-03,-4.455046099999999975e-05,-3.088245899999999969e-04,4.713415499999999697e-05
E,2.328561784950000102e-01,2.738053472779999886e-01,3.082316215040000196e-01,3.487408053859999968e-01,3.874477456359999850e-01,4.178650508769999883e-01,4.483374392180000112e-01,4.701660950459999877e-01,4.940905716419999871e-01,5.203672538820000026e-01,5.460107563980000078e-01,5.599471804969999855e-01,5.774249663260000442e-01,5.933511276339999974e-01,6.097647682329999652e-01,6.201800690890000300e-01,6.171367134680000310e-01,6.303275169819999579e-01,6.485296054320000003e-01,6.526322360720000493e-01,6.626287524509999471e-01
Fopt,0.000000000000000000e+00,0.000000000000000000e+00,0.000000000000000000e+00,0.000000000000000000e+00,0.000000000000000000e+00,0.000000000000000000e+00,0.000000000000000000e+00,0.000000000000000000e+00,0.000000000000000000e+00,0.000000000000000000e+00,0.000000000000000000e+00,0.000000000000000000e+00,0.000000000000000000e+00,0.000000000000000000e+00,0.000000000000000000e+00,0.000000000000000000e+00,0.000000000000000000e+00,0.000000000000000000e+00,0.000000000000000000e+00,0.000000000000000000e+00,0.000000000000000000e+00
L_D,1.188384137792099970e+01,1.257135946902599954e+01,1.287549639426599946e+01,1.324729797468300063e+01,1.353208735418500019e+01,1.356258030018699934e+01,1.360182003897499925e+01,1.342465613901300081e+01,1.325760861408000046e+01,1.315560940049999950e+01,1.304543694504000051e+01,1.270248272138699974e+01,1.251786301933799983e+01,1.229598251761099981e+01,1.207444745950200016e+01,1.187842577840699931e+01,1.107745299761899993e+01,1.098869743248300068e+01,1.093965393873000025e+01,1.065063384262399993e+01,1.045657262303100055e+01
Mach,1.499999999999999944e-01,1.499999999999999944e-01,1.499999999999999944e-01,1.499999999999999944e-01,1.499999999999999944e-01,1.499999999999999944e-01,1.499999999999999944e-01,1.499999999999999944e-01,1.499999999999999944e-01,1.499999999999999944e-01,1.499999999999999944e-01,1.499999999999999944e-01,1.499999999999999944e-01,1.499999999999999944e-01,1.499999999999999944e-01,1.499999999999999944e-01,1.499999999999999944e-01,1.499999999999999944e-01,1.499999999999999944e-01,1.499999999999999944e-01,1.499999999999999944e-01
Re_1e6,3.870000000000000107e+00,3.870000000000000107e+00,3.870000000000000107e+00,3.870000000000000107e+00,3.870000000000000107e+00,3.870000000000000107e+00,3.870000000000000107e+00,3.870000000000000107e+00,3.870000000000000107e+00,3.870000000000000107e+00,3.870000000000000107e+00,3.870000000000000107e+00,3.870000000000000107e+00,3.870000000000000107e+00,3.870000000000000107e+00,3.870000000000000107e+00,3.870000000000000107e+00,3.870000000000000107e+00,3.870000000000000107e+00,3.870000000000000107e+00,3.870000000000000107e+00
Results_Name,VSPAERO_Load
Results_Timestamp,1758915291
Results_Date,9,26,2025
Results_Time,15,34,51
AnalysisMethod,0
Chord,1.735549999999999926e+00,1.614840000000000053e+00,1.494150000000000089e+00,1.373459999999999903e+00,1.252809999999999979e+00,1.164630000000000054e+00,1.108910000000000062e+00,1.053209999999999980e+00,9.975199999999999623e-01,9.418400000000000105e-01,8.750400000000000400e-01,7.971099999999999852e-01,7.191899999999999959e-01,6.412799999999999612e-01,5.633799999999999919e-01,1.735549999999999926e+00,1.614840000000000053e+00,1.494150000000000089e+00,1.373459999999999903e+00,1.252809999999999979e+00,1.164630000000000054e+00,1.108910000000000062e+00,1.053209999999999980e+00,9.975199999999999623e-01,9.418400000000000105e-01,8.750400000000000400e-01,7.971099999999999852e-01,7.191899999999999959e-01,6.412799999999999612e-01,5.633799999999999919e-01,9.229000000000000536e-01,8.665699999999999514e-01,8.104299999999999837e-01,7.545199999999999685e-01,6.988999999999999657e-01,9.229000000000000536e-01,8.665699999999999514e-01,8.104299999999999837e-01,7.545199999999999685e-01,6.988999999999999657e-01
FC_AoA_,-5.000000000000000000e+00
FC_Beta_,0.000000000000000000e+00
FC_Bref_,1.417173599999999922e+01
FC_Cref_,1.193975999999999926e+00
FC_Mach_,1.499999999999999944e-01
FC_Pitch_Rate,0.000000000000000000e+00
FC_Rho_,2.377000000000000206e-03
FC_Roll__Rate,0.000000000000000000e+00
FC_Sref_,1.619368700000000061e+01
FC_Vinf_,5.100000000000000000e+01
FC_Xcg_,1.774861999999999940e+00
FC_Yaw___Rate,0.000000000000000000e+00
FC_Ycg_,0.000000000000000000e+00
FC_Zcg_,7.545150000000000468e-01
S,3.314000000000000279e-02,8.981999999999999706e-02,1.368900000000000117e-01,1.839600000000000124e-01,2.310300000000000131e-01,2.997400000000000064e-01,4.117600000000000149e-01,5.454599999999999449e-01,6.791599999999999859e-01,8.128699999999999815e-01,9.157600000000000184e-01,9.578200000000000047e-01,9.698700000000000099e-01,9.819200000000000150e-01,9.939700000000000202e-01,3.314000000000000279e-02,8.981999999999999706e-02,1.368900000000000117e-01,1.839600000000000124e-01,2.310300000000000131e-01,2.997400000000000064e-01,4.117600000000000149e-01,5.454599999999999449e-01,6.791599999999999859e-01,8.128699999999999815e-01,9.157600000000000184e-01,9.578200000000000047e-01,9.698700000000000099e-01,9.819200000000000150e-01,9.939700000000000202e-01,1.020299999999999957e-01,3.035599999999999965e-01,5.025399999999999867e-01,7.015200000000000324e-01,9.005100000000000326e-01,1.020299999999999957e-01,3.035599999999999965e-01,5.025399999999999867e-01,7.015200000000000324e-01,9.005100000000000326e-01
V/Vref,9.659999999999999698e-01,9.700199999999999934e-01,9.555200000000000360e-01,9.567999999999999838e-01,9.661699999999999733e-01,9.751300000000000523e-01,9.861499999999999710e-01,9.893899999999999917e-01,9.941699999999999982e-01,9.976399999999999713e-01,1.000170000000000003e+00,9.995500000000000496e-01,9.997500000000000275e-01,9.995300000000000296e-01,9.993699999999999806e-01,9.661800000000000388e-01,9.701499999999999568e-01,9.556499999999999995e-01,9.569400000000000128e-01,9.662600000000000078e-01,9.752800000000000358e-01,9.860499999999999821e-01,9.892499999999999627e-01,9.939999999999999947e-01,9.975699999999999568e-01,1.000110000000000054e+00,9.995000000000000551e-01,9.997000000000000330e-01,9.994800000000000351e-01,9.993100000000000316e-01,9.475299999999999834e-01,9.643599999999999950e-01,9.697299999999999809e-01,9.854899999999999771e-01,9.896200000000000552e-01,9.470600000000000129e-01,9.639699999999999935e-01,9.699600000000000444e-01,9.855500000000000371e-01,9.896099999999999897e-01
WingId,1,1,1,1,1,1,1,1,1,1,1,1,1,1,1,2,2,2,2,2,2,2,2,2,2,2,2,2,2,2,3,3,3,3,3,4,4,4,4,4
Xavg,2.392879999999999896e+00,2.382319999999999993e+00,2.371750000000000025e+00,2.361190000000000122e+00,2.350620000000000154e+00,2.337899999999999867e+00,2.323770000000000113e+00,2.309619999999999784e+00,2.295469999999999899e+00,2.281299999999999883e+00,2.284749999999999837e+00,2.305000000000000160e+00,2.325239999999999974e+00,2.345470000000000166e+00,2.365699999999999914e+00,2.392879999999999896e+00,2.382319999999999993e+00,2.371750000000000025e+00,2.361190000000000122e+00,2.350620000000000154e+00,2.337899999999999867e+00,2.323770000000000113e+00,2.309619999999999784e+00,2.295469999999999899e+00,2.281299999999999883e+00,2.284749999999999837e+00,2.305000000000000160e+00,2.325239999999999974e+00,2.345470000000000166e+00,2.365699999999999914e+00,5.722059999999999924e+00,5.820210000000000328e+00,5.918350000000000222e+00,6.016490000000000116e+00,6.114630000000000010e+00,5.722059999999999924e+00,5.820210000000000328e+00,5.918350000000000222e+00,6.016490000000000116e+00,6.114630000000000010e+00
Yavg,1.718899999999999872e-01,5.195499999999999563e-01,8.671900000000000164e-01,1.214800000000000102e+00,1.562359999999999971e+00,2.228590000000000071e+00,3.216559999999999864e+00,4.204550000000000232e+00,5.192569999999999908e+00,6.180620000000000225e+00,6.716649999999999565e+00,6.791660000000000252e+00,6.866660000000000430e+00,6.941650000000000098e+00,7.016610000000000014e+00,-1.718899999999999872e-01,-5.195499999999999563e-01,-8.671900000000000164e-01,-1.214800000000000102e+00,-1.562359999999999971e+00,-2.228590000000000071e+00,-3.216559999999999864e+00,-4.204550000000000232e+00,-5.192569999999999908e+00,-6.180620000000000225e+00,-6.716649999999999565e+00,-6.791660000000000252e+00,-6.866660000000000430e+00,-6.941650000000000098e+00,-7.016610000000000014e+00,1.078800000000000037e-01,3.257399999999999740e-01,5.435900000000000176e-01,7.614400000000000057e-01,9.792699999999999738e-01,-1.078800000000000037e-01,-3.257399999999999740e-01,-5.435900000000000176e-01,-7.614400000000000057e-01,-9.792699999999999738e-01
Zavg,1.119259999999999922e+00,1.109900000000000109e+00,1.100540000000000074e+00,1.091180000000000039e+00,1.081830000000000069e+00,1.094910000000000050e+00,1.130849999999999911e+00,1.166740000000000110e+00,1.202599999999999891e+00,1.238469999999999960e+00,1.270329999999999959e+00,1.298289999999999944e+00,1.326240000000000085e+00,1.354190000000000005e+00,1.382130000000000081e+00,1.119259999999999922e+00,1.109900000000000109e+00,1.100540000000000074e+00,1.091180000000000039e+00,1.081830000000000069e+00,1.094910000000000050e+00,1.130849999999999911e+00,1.166740000000000110e+00,1.202599999999999891e+00,1.238469999999999960e+00,1.270329999999999959e+00,1.298289999999999944e+00,1.326240000000000085e+00,1.354190000000000005e+00,1.382130000000000081e+00,3.777900000000000147e-01,5.956799999999999873e-01,8.135799999999999699e-01,1.031470000000000109e+00,1.249349999999999961e+00,3.777900000000000147e-01,5.956799999999999873e-01,8.135799999999999699e-01,1.031470000000000109e+00,1.249349999999999961e+00
cd,-5.133000000000000063e-02,-5.158000000000000085e-02,1.690300000000000136e-01,1.966700000000000115e-01,2.127799999999999969e-01,2.031000000000000028e-01,-2.847999999999999837e-02,-1.243999999999999967e-02,-4.969999999999999592e-03,5.999999999999999474e-04,2.700000000000000035e-04,1.319999999999999993e-03,1.979999999999999989e-03,2.439999999999999895e-03,1.879999999999999944e-03,-5.136000000000000287e-02,-5.167000000000000065e-02,1.685899999999999899e-01,1.961400000000000088e-01,2.122699999999999865e-01,2.028999999999999970e-01,-2.833000000000000101e-02,-1.238000000000000038e-02,-4.890000000000000249e-03,6.400000000000000524e-04,2.900000000000000017e-04,1.350000000000000071e-03,2.000000000000000042e-03,2.449999999999999921e-03,1.889999999999999970e-03,2.074000000000000149e-02,3.200000000000000262e-04,-4.148000000000000298e-02,-4.626999999999999863e-02,-3.160999999999999921e-02,2.083000000000000129e-02,-8.700000000000000051e-04,-4.393999999999999989e-02,-4.512000000000000038e-02,-3.116000000000000020e-02
cd*c/cref,-7.461270703933747805e-02,-6.976140826951296448e-02,2.115253359364007713e-01,2.262343449114554983e-01,2.232648828787178463e-01,1.981081303141771777e-01,-2.645091425623295744e-02,-1.097336328368409518e-02,-4.152239576004877752e-03,4.732959456471486819e-04,1.978773442682265325e-04,8.812448491426963645e-04,1.192650606042332598e-03,1.310514784216768166e-03,8.870818173899642665e-04,-7.465631469979296109e-02,-6.988313232426783539e-02,2.109747168284789864e-01,2.256246728577458727e-01,2.227297522730775359e-01,1.979130459908741979e-01,-2.631160115446206857e-02,-1.092043709421294979e-02,-4.085402721662747053e-03,5.048490086902920069e-04,2.125349253251321996e-04,9.012731411686667783e-04,1.204697581860942040e-03,1.315885746447164641e-03,8.918003376952300621e-04,1.603126528506436041e-02,2.322512345306773727e-04,-2.815520278464559226e-02,-2.923981755077154077e-02,-1.850307627624005885e-02,1.610083201002365447e-02,-6.314330438802790053e-04,-2.982496649848908471e-02,-2.851308770025528377e-02,-1.823966645895729738e-02
cl,9.883999999999999453e-01,1.102940000000000031e+00,1.396509999999999918e+00,1.561919999999999975e+00,1.675240000000000062e+00,1.645280000000000076e+00,7.413199999999999790e-01,4.009900000000000131e-01,1.574500000000000066e-01,-4.268000000000000266e-02,-6.468000000000000138e-02,-7.854999999999999483e-02,-8.827000000000000124e-02,-9.284000000000000585e-02,-7.875999999999999668e-02,9.872999999999999554e-01,1.101320000000000077e+00,1.394640000000000102e+00,1.559749999999999970e+00,1.672789999999999999e+00,1.643029999999999990e+00,7.374800000000000244e-01,3.962700000000000111e-01,1.539000000000000090e-01,-4.383999999999999703e-02,-6.569999999999999452e-02,-7.943999999999999673e-02,-8.906000000000000028e-02,-9.350999999999999590e-02,-7.925000000000000100e-02,-4.653599999999999959e-01,-4.777500000000000080e-01,-5.327600000000000113e-01,-5.190099999999999714e-01,-3.962200000000000166e-01,-4.649900000000000144e-01,-4.731400000000000050e-01,-5.288199999999999568e-01,-5.152299999999999658e-01,-3.944599999999999773e-01
cl*c/cref,1.436727053140096411e+00,1.491714766125952440e+00,1.747602478190516395e+00,1.796715045528553212e+00,1.757788619201726243e+00,1.604841677219642770e+00,6.885039240319739129e-01,3.537145452672416091e-01,1.315432839521062380e-01,-3.366711826703384924e-02,-4.740261713803293336e-02,-5.244074462133242048e-02,-5.316932777543267874e-02,-4.986401334700195365e-02,-3.716306592427318090e-02,1.435128105590061987e+00,1.489523733140364792e+00,1.745262346981849122e+00,1.794218841082232618e+00,1.755217893743258095e+00,1.602646978582484172e+00,6.849375086266391577e-01,3.495510183621781675e-01,1.285773985406741815e-01,-3.458215709528499743e-02,-4.815015377193511414e-02,-5.303491728476954215e-02,-5.364518332026774888e-02,-5.022386781643851938e-02,-3.739427341923121095e-02,-3.597063458561981508e-01,-3.467438353032221698e-01,-3.616192342224635037e-01,-3.279826606229940822e-01,-2.319294173417221216e-01,-3.594203493202544064e-01,-3.433979659557646058e-01,-3.589448972173645003e-01,-3.255939312012971487e-01,-2.308991922785717521e-01
cmx,8.928999999999999437e-02,3.362600000000000033e-01,7.685899999999999954e-01,1.338279999999999914e+00,2.039860000000000007e+00,3.129550000000000054e+00,2.172089999999999854e+00,1.605930000000000080e+00,8.212300000000000155e-01,-2.810400000000000120e-01,-5.104400000000000048e-01,-6.897900000000000142e-01,-8.700299999999999701e-01,-1.039789999999999992e+00,-1.015840000000000076e+00,-8.919000000000000539e-02,-3.357800000000000229e-01,-7.675999999999999490e-01,-1.336459999999999981e+00,-2.036910000000000220e+00,-3.125360000000000138e+00,-2.160810000000000120e+00,-1.587029999999999941e+00,-8.027100000000000346e-01,2.886900000000000022e-01,5.184499999999999664e-01,6.976200000000000179e-01,8.778399999999999537e-01,1.047320000000000029e+00,1.022229999999999972e+00,1.545400000000000107e-01,-7.753999999999999782e-02,-3.925699999999999745e-01,-7.302800000000000402e-01,-8.554699999999999527e-01,-1.542900000000000105e-01,7.677000000000000490e-02,3.895199999999999774e-01,7.252800000000000358e-01,8.517700000000000271e-01
cmx*c/cref,1.297909334023464312e-01,4.547881183541377936e-01,9.618189549036162411e-01,1.539456445355685377e+00,2.140375523963630844e+00,3.052630719964220862e+00,2.017337301503547842e+00,1.416595924289935748e+00,6.861053736423512461e-01,-2.216918209411244678e-01,-3.740907837343464548e-01,-4.605105185531367384e-01,-5.240615185732376835e-01,-5.584672817544070744e-01,-4.793261666901177942e-01,-1.296455745341615062e-01,-4.541389233954452043e-01,-9.605800619107922600e-01,-1.537362854529739087e+00,-2.137280160656496175e+00,-3.048543703391023207e+00,-2.006860956250377193e+00,-1.399924174606524740e+00,-6.706326418621479935e-01,2.277263442481256006e-01,3.799611449476371638e-01,4.657379027719150133e-01,5.287658626304045928e-01,5.625116163138957903e-01,4.823413011651825344e-01,1.194537963912172679e-01,-5.627737726721475375e-02,-2.664630655055043040e-01,-4.614924132478375185e-01,-5.007537697575160651e-01,-1.192605554885525498e-01,5.571852273412531559e-02,2.643928300066333281e-01,4.583327182455929072e-01,4.985879557043022547e-01
cmy,-4.583200000000000052e-01,-5.182999999999999829e-01,-5.924199999999999466e-01,-6.776699999999999946e-01,-7.560499999999999998e-01,-7.580099999999999616e-01,-4.385700000000000154e-01,-2.920599999999999863e-01,-1.639500000000000124e-01,-3.253999999999999948e-02,-5.109999999999999959e-03,8.999999999999999320e-03,2.414000000000000173e-02,3.926000000000000323e-02,4.458999999999999769e-02,-4.580299999999999927e-01,-5.177399999999999780e-01,-5.918700000000000072e-01,-6.770000000000000462e-01,-7.551999999999999824e-01,-7.573600000000000332e-01,-4.368400000000000061e-01,-2.896799999999999931e-01,-1.621100000000000041e-01,-3.214999999999999802e-02,-4.680000000000000132e-03,9.409999999999999962e-03,2.457000000000000156e-02,3.967999999999999999e-02,4.495999999999999996e-02,1.882929999999999993e+00,2.115530000000000133e+00,2.545570000000000110e+00,2.716540000000000177e+00,2.273099999999999898e+00,1.881310000000000038e+00,2.095590000000000064e+00,2.530229999999999979e+00,2.698040000000000216e+00,2.263310000000000155e+00
cmy*c/cref,-6.662087646652863349e-01,-7.009953064383204202e-01,-7.413585725341212962e-01,-7.795404917686786783e-01,-7.933048909693327655e-01,-7.393793395344629982e-01,-4.073236469577278251e-01,-2.576270482823775354e-01,-1.369737783674043752e-01,-2.566841678559703133e-02,-3.745011960039398152e-03,6.008487607791110699e-03,1.454069981306157014e-02,2.108639771653701700e-02,2.103988204118005523e-02,-6.657872239475499665e-01,-7.002379123198456679e-01,-7.406702986492191831e-01,-7.787697742668194811e-01,-7.924130066265989703e-01,-7.387453154837283487e-01,-4.057169025173035792e-01,-2.555276427666887673e-01,-1.354365307175353639e-01,-2.536077442092638315e-02,-3.429873967315926527e-03,6.282207598812706607e-03,1.479970979316167293e-02,2.131197813021367196e-02,2.121446729247489227e-02,1.455436371417851094e+00,1.535420169333387097e+00,1.727845697987229423e+00,1.716687572279509855e+00,1.330570790367645584e+00,1.454184170368583828e+00,1.520948014281694238e+00,1.717433431576514291e+00,1.704996700771205020e+00,1.324840163453871789e+00
cmz,2.018000000000000002e-02,3.819000000000000172e-02,-8.053000000000000436e-02,-2.311100000000000099e-01,-3.990900000000000003e-01,-7.104000000000000314e-01,-1.333000000000000018e-01,-9.962000000000000022e-02,-5.124999999999999695e-02,1.922000000000000097e-02,4.021000000000000268e-02,5.211999999999999966e-02,6.621000000000000496e-02,8.000999999999999779e-02,8.325000000000000455e-02,-2.015000000000000124e-02,-3.810999999999999804e-02,8.040999999999999537e-02,2.306300000000000017e-01,3.983200000000000074e-01,7.096000000000000085e-01,1.325999999999999956e-01,9.810000000000000664e-02,4.997999999999999665e-02,-1.966999999999999998e-02,-4.086000000000000049e-02,-5.274999999999999828e-02,-6.689000000000000501e-02,-8.068999999999999784e-02,-8.389000000000000623e-02,1.957389999999999963e+00,2.244219999999999882e+00,2.895080000000000098e+00,3.193929999999999936e+00,2.693519999999999914e+00,-1.955419999999999936e+00,-2.222869999999999902e+00,-2.883169999999999789e+00,-3.171229999999999993e+00,-2.681109999999999882e+00
cmz*c/cref,2.933341959972394705e-02,5.165157390098294027e-02,-1.007758108203180153e-01,-2.658515251562845183e-01,-4.187554380490060568e-01,-6.929395163721884243e-01,-1.238029097737308043e-01,-8.787511658525799796e-02,-4.281735981292755788e-02,1.516124679223033143e-02,2.946906671490884949e-02,3.479581934645252506e-02,3.988151344750649058e-02,4.297306880540312235e-02,3.928168154133751533e-02,-2.928981193926846055e-02,-5.154337474120083279e-02,1.006256419727029755e-01,2.652993693340569559e-01,4.179474957620589182e-01,6.921591790789765053e-01,1.231527819654666539e-01,8.653431978532233337e-02,4.175632475024623064e-02,-1.551621875146569178e-02,-2.994543809925827998e-02,-3.521641347899789887e-02,-4.029111062533920901e-02,-4.333829423707009215e-02,-3.958366684087452625e-02,1.512991241867508441e+00,1.628821454870114538e+00,1.965081110843099221e+00,2.018368931703820035e+00,1.576665802327684940e+00,-1.511468503554510345e+00,-1.613325942816270953e+00,-1.956997010911442070e+00,-2.004023916393629534e+00,-1.569401544922175873e+00
cs,4.628000000000000169e-02,8.962000000000000521e-02,1.404600000000000015e-01,1.030800000000000050e-01,8.137999999999999401e-02,-8.121000000000000441e-02,-4.408999999999999725e-02,-1.149999999999999981e-02,-3.459999999999999968e-03,2.340000000000000066e-03,2.603000000000000105e-02,3.187000000000000249e-02,3.592000000000000054e-02,3.855000000000000093e-02,3.284999999999999726e-02,-4.619999999999999801e-02,-8.939999999999999336e-02,-1.401499999999999968e-01,-1.028400000000000009e-01,-8.118000000000000216e-02,8.107999999999999929e-02,4.386000000000000315e-02,1.128999999999999969e-02,3.310000000000000008e-03,-2.399999999999999790e-03,-2.644000000000000170e-02,-3.223999999999999783e-02,-3.624999999999999750e-02,-3.883999999999999952e-02,-3.307000000000000217e-02,4.879800000000000249e-01,5.064400000000000013e-01,5.899499999999999744e-01,5.820400000000000018e-01,4.414799999999999836e-01,-4.875200000000000089e-01,-5.013900000000000023e-01,-5.860699999999999799e-01,-5.778999999999999693e-01,-4.395000000000000018e-01
cs*c/cref,6.727208419599724210e-02,1.212101087459044602e-01,1.757726361333896425e-01,1.185754628233733343e-01,8.539005624903683866e-02,-7.921398947717543659e-02,-4.094876438052356266e-02,-1.014418631530282153e-02,-2.890693950297158407e-03,1.845854188023879957e-03,1.907684174556272677e-02,2.127672222892252468e-02,2.163636857022251808e-02,2.070505939817885929e-02,1.550033920279804585e-02,-6.715579710144926884e-02,-1.209125610565036507e-01,-1.753846999437174703e-01,-1.182993849122595392e-01,-8.518020110957005842e-02,7.908718466702849281e-02,4.073515095780820550e-02,9.958944652153812679e-03,2.765374848405663128e-03,-1.893183782588594728e-03,-1.937732215722929446e-02,-2.152373783057615758e-02,-2.183514367122957323e-02,-2.086081730286035857e-02,-1.560414664951389509e-02,3.771907827293011217e-01,3.675666100491132293e-01,4.004378467406380371e-01,3.678137758212895458e-01,2.584225914088725262e-01,-3.768352194683980416e-01,-3.639013952541759744e-01,-3.978042356797791834e-01,-3.651975483594310234e-01,-2.572635882128284091e-01
cx,3.500999999999999945e-02,4.474000000000000199e-02,2.901000000000000245e-01,3.320500000000000118e-01,3.579800000000000204e-01,3.457200000000000273e-01,3.624000000000000138e-02,2.256000000000000019e-02,8.770000000000000018e-03,-3.119999999999999944e-03,-5.369999999999999774e-03,-5.530000000000000193e-03,-5.720000000000000258e-03,-5.660000000000000100e-03,-4.989999999999999644e-03,3.488999999999999740e-02,4.451000000000000095e-02,2.894999999999999796e-01,3.313300000000000134e-01,3.572600000000000220e-01,3.453300000000000258e-01,3.606000000000000177e-02,2.221000000000000058e-02,8.550000000000000308e-03,-3.180000000000000101e-03,-5.429999999999999931e-03,-5.579999999999999891e-03,-5.769999999999999955e-03,-5.700000000000000205e-03,-5.029999999999999749e-03,-1.990000000000000102e-02,-4.132000000000000256e-02,-8.774999999999999467e-02,-9.132999999999999452e-02,-6.601999999999999535e-02,-1.977999999999999897e-02,-4.209999999999999853e-02,-8.985999999999999543e-02,-8.984999999999999931e-02,-6.542000000000000592e-02
cx*c/cref,5.089013975155279312e-02,6.051038010814288604e-02,3.630331891093289132e-01,3.819652932722265581e-01,3.756197141316073851e-01,3.372227612615329440e-01,3.365804538784699512e-02,1.990024724115057805e-02,7.326990157256092068e-03,-2.461138917365173276e-03,-3.935560513779172258e-03,-3.691881830120538437e-03,-3.445435084122294364e-03,-3.039964622404470445e-03,-2.354541632327617710e-03,5.071570910973084018e-02,6.019930752376932703e-02,3.622823448712537142e-01,3.811370595388852145e-01,3.748642356295269762e-01,3.368423468310921542e-01,3.349086966572192847e-02,1.959151113590223287e-02,7.143188807815232209e-03,-2.508468511929888480e-03,-3.979533256949888825e-03,-3.725262316830488946e-03,-3.475552523668817752e-03,-3.061448471326056776e-03,-2.373415713548680892e-03,-1.538197585211093302e-02,-2.998944065877371529e-02,-5.956169345112465041e-02,-5.771498891099988149e-02,-3.864514697112839126e-02,-1.528922021883187023e-02,-3.055555304294223576e-02,-6.099388915690098084e-02,-5.677971919033548281e-02,-3.829393388141805188e-02
cy,4.628000000000000169e-02,8.962000000000000521e-02,1.404600000000000015e-01,1.030800000000000050e-01,8.137999999999999401e-02,-8.121000000000000441e-02,-4.408999999999999725e-02,-1.149999999999999981e-02,-3.459999999999999968e-03,2.340000000000000066e-03,2.603000000000000105e-02,3.187000000000000249e-02,3.592000000000000054e-02,3.855000000000000093e-02,3.284999999999999726e-02,-4.619999999999999801e-02,-8.939999999999999336e-02,-1.401499999999999968e-01,-1.028400000000000009e-01,-8.118000000000000216e-02,8.107999999999999929e-02,4.386000000000000315e-02,1.128999999999999969e-02,3.310000000000000008e-03,-2.399999999999999790e-03,-2.644000000000000170e-02,-3.223999999999999783e-02,-3.624999999999999750e-02,-3.883999999999999952e-02,-3.307000000000000217e-02,4.879800000000000249e-01,5.064400000000000013e-01,5.899499999999999744e-01,5.820400000000000018e-01,4.414799999999999836e-01,-4.875200000000000089e-01,-5.013900000000000023e-01,-5.860699999999999799e-01,-5.778999999999999693e-01,-4.395000000000000018e-01
cy*c/cref,6.727208419599724210e-02,1.212101087459044602e-01,1.757726361333896425e-01,1.185754628233733343e-01,8.539005624903683866e-02,-7.921398947717543659e-02,-4.094876438052356266e-02,-1.014418631530282153e-02,-2.890693950297158407e-03,1.845854188023879957e-03,1.907684174556272677e-02,2.127672222892252468e-02,2.163636857022251808e-02,2.070505939817885929e-02,1.550033920279804585e-02,-6.715579710144926884e-02,-1.209125610565036507e-01,-1.753846999437174703e-01,-1.182993849122595392e-01,-8.518020110957005842e-02,7.908718466702849281e-02,4.073515095780820550e-02,9.958944652153812679e-03,2.765374848405663128e-03,-1.893183782588594728e-03,-1.937732215722929446e-02,-2.152373783057615758e-02,-2.183514367122957323e-02,-2.086081730286035857e-02,-1.560414664951389509e-02,3.771907827293011217e-01,3.675666100491132293e-01,4.004378467406380371e-01,3.678137758212895458e-01,2.584225914088725262e-01,-3.768352194683980416e-01,-3.639013952541759744e-01,-3.978042356797791834e-01,-3.651975483594310234e-01,-2.572635882128284091e-01
cz,9.891100000000000447e-01,1.103239999999999998e+00,1.376460000000000017e+00,1.538829999999999920e+00,1.650320000000000009e+00,1.621310000000000029e+00,7.409799999999999720e-01,4.005500000000000171e-01,1.572800000000000031e-01,-4.256999999999999673e-02,-6.446000000000000341e-02,-7.836999999999999522e-02,-8.809999999999999776e-02,-9.270000000000000462e-02,-7.861999999999999544e-02,9.880200000000000093e-01,1.101630000000000109e+00,1.374640000000000084e+00,1.536720000000000086e+00,1.647920000000000051e+00,1.619099999999999984e+00,7.371499999999999719e-01,3.958499999999999797e-01,1.537399999999999878e-01,-4.372999999999999804e-02,-6.547000000000000042e-02,-7.925999999999999712e-02,-8.888999999999999679e-02,-9.336999999999999467e-02,-7.911999999999999589e-02,-4.653999999999999804e-01,-4.759599999999999942e-01,-5.271200000000000330e-01,-5.130000000000000115e-01,-3.919599999999999751e-01,-4.650400000000000089e-01,-4.712600000000000122e-01,-5.229800000000000004e-01,-5.093400000000000150e-01,-3.902399999999999758e-01
cz*c/cref,1.437759101104209902e+00,1.492120512975135371e+00,1.722511766568172398e+00,1.770154049830147125e+00,1.731640668824164120e+00,1.581460821071780432e+00,6.881881476679598819e-01,3.533264198777865128e-01,1.314012556366292162e-01,-3.358034734366519697e-02,-4.724138374640697580e-02,-5.232057486917659345e-02,-5.306692848097449566e-02,-4.978881987577640084e-02,-3.709700663999946496e-02,1.436174689440993690e+00,1.489943004884520583e+00,1.720234205712678044e+00,1.767726864861605351e+00,1.729122407150562646e+00,1.579305139299282512e+00,6.846310198027431015e-01,3.491805350358801463e-01,1.284437248319899028e-01,-3.449538617191635209e-02,-4.798159158978070743e-02,-5.291474753261372205e-02,-5.354278402580956581e-02,-5.014867434521296657e-02,-3.733293265526275301e-02,-3.597372644006244791e-01,-3.454446799600662255e-01,-3.577909954638954781e-01,-3.241847072302960764e-01,-2.294358044047786482e-01,-3.594589975007873028e-01,-3.420334899528968964e-01,-3.549809053113295865e-01,-3.218718104886530429e-01,-2.284289935476089828e-01
Results_Name,VSPAERO_Comp_Load
Results_Timestamp,1758915291
Results_Date,9,26,2025
Results_Time,15,34,51
AoA,-5.000000000000000000e+00,-5.000000000000000000e+00,-5.000000000000000000e+00,-5.000000000000000000e+00,-5.000000000000000000e+00,-5.000000000000000000e+00,-5.000000000000000000e+00,-5.000000000000000000e+00,-5.000000000000000000e+00
Beta,0.000000000000000000e+00,0.000000000000000000e+00,0.000000000000000000e+00,0.000000000000000000e+00,0.000000000000000000e+00,0.000000000000000000e+00,0.000000000000000000e+00,0.000000000000000000e+00,0.000000000000000000e+00
CDi,0.000000000000000000e+00,2.535000000000000100e-02,2.530999999999999917e-02,-1.350000000000000071e-03,-1.379999999999999933e-03,0.000000000000000000e+00,0.000000000000000000e+00,0.000000000000000000e+00,0.000000000000000000e+00
CFx,0.000000000000000000e+00,6.174999999999999933e-02,6.160000000000000198e-02,-4.530000000000000172e-03,-4.539999999999999765e-03,0.000000000000000000e+00,0.000000000000000000e+00,0.000000000000000000e+00,0.000000000000000000e+00
CFy,0.000000000000000000e+00,5.790000000000000008e-03,-5.810000000000000060e-03,3.975999999999999673e-02,-3.953000000000000264e-02,0.000000000000000000e+00,0.000000000000000000e+00,0.000000000000000000e+00,0.000000000000000000e+00
CFz,0.000000000000000000e+00,4.150300000000000100e-01,4.137100000000000222e-01,-3.627999999999999975e-02,-3.606000000000000177e-02,0.000000000000000000e+00,0.000000000000000000e+00,0.000000000000000000e+00,0.000000000000000000e+00
CL,0.000000000000000000e+00,4.188299999999999801e-01,4.174999999999999822e-01,-3.654000000000000303e-02,-3.631999999999999812e-02,0.000000000000000000e+00,0.000000000000000000e+00,0.000000000000000000e+00,0.000000000000000000e+00
Cmx,0.000000000000000000e+00,5.319999999999999729e-02,-5.288999999999999951e-02,-1.360000000000000098e-03,1.350000000000000071e-03,4.000000000000000327e-05,-4.000000000000000327e-05,-0.000000000000000000e+00,0.000000000000000000e+00
Cmy,0.000000000000000000e+00,-2.284400000000000042e-01,-2.279100000000000015e-01,1.184199999999999975e-01,1.177699999999999997e-01,-2.271000000000000102e-02,-2.282000000000000001e-02,-0.000000000000000000e+00,-0.000000000000000000e+00
Cmz,0.000000000000000000e+00,-7.210000000000000263e-03,7.179999999999999750e-03,1.112999999999999927e-02,-1.106999999999999998e-02,5.000000000000000240e-05,-5.000000000000000240e-05,0.000000000000000000e+00,1.000000000000000082e-05
Comp_ID,0,1,2,3,4,5,6,7,8
Comp_Name,NONE,main_wing,main_wing,horizontal_tail,horizontal_tail,fuselage,fuselage,fuselage,fuselage
Cs,0.000000000000000000e+00,5.790000000000000008e-03,-5.810000000000000060e-03,3.975999999999999673e-02,-3.953000000000000264e-02,0.000000000000000000e+00,0.000000000000000000e+00,0.000000000000000000e+00,0.000000000000000000e+00
Mach,1.499999999999999944e-01,1.499999999999999944e-01,1.499999999999999944e-01,1.499999999999999944e-01,1.499999999999999944e-01,1.499999999999999944e-01,1.499999999999999944e-01,1.499999999999999944e-01,1.499999999999999944e-01
Results_Name,VSPAERO_Load
Results_Timestamp,1758915291
Results_Date,9,26,2025
Results_Time,15,34,51
AnalysisMethod,0
Chord,1.735549999999999926e+00,1.614840000000000053e+00,1.494150000000000089e+00,1.373459999999999903e+00,1.252809999999999979e+00,1.164630000000000054e+00,1.108910000000000062e+00,1.053209999999999980e+00,9.975199999999999623e-01,9.418400000000000105e-01,8.750400000000000400e-01,7.971099999999999852e-01,7.191899999999999959e-01,6.412799999999999612e-01,5.633799999999999919e-01,1.735549999999999926e+00,1.614840000000000053e+00,1.494150000000000089e+00,1.373459999999999903e+00,1.252809999999999979e+00,1.164630000000000054e+00,1.108910000000000062e+00,1.053209999999999980e+00,9.975199999999999623e-01,9.418400000000000105e-01,8.750400000000000400e-01,7.971099999999999852e-01,7.191899999999999959e-01,6.412799999999999612e-01,5.633799999999999919e-01,9.229000000000000536e-01,8.665699999999999514e-01,8.104299999999999837e-01,7.545199999999999685e-01,6.988999999999999657e-01,9.229000000000000536e-01,8.665699999999999514e-01,8.104299999999999837e-01,7.545199999999999685e-01,6.988999999999999657e-01
FC_AoA_,-4.000000000000000000e+00
FC_Beta_,0.000000000000000000e+00
FC_Bref_,1.417173599999999922e+01
FC_Cref_,1.193975999999999926e+00
FC_Mach_,1.499999999999999944e-01
FC_Pitch_Rate,0.000000000000000000e+00
FC_Rho_,2.377000000000000206e-03
FC_Roll__Rate,0.000000000000000000e+00
FC_Sref_,1.619368700000000061e+01
FC_Vinf_,5.100000000000000000e+01
FC_Xcg_,1.774861999999999940e+00
FC_Yaw___Rate,0.000000000000000000e+00
FC_Ycg_,0.000000000000000000e+00
FC_Zcg_,7.545150000000000468e-01
S,3.314000000000000279e-02,8.981999999999999706e-02,1.368900000000000117e-01,1.839600000000000124e-01,2.310300000000000131e-01,2.997400000000000064e-01,4.117600000000000149e-01,5.454599999999999449e-01,6.791599999999999859e-01,8.128699999999999815e-01,9.157600000000000184e-01,9.578200000000000047e-01,9.698700000000000099e-01,9.819200000000000150e-01,9.939700000000000202e-01,3.314000000000000279e-02,8.981999999999999706e-02,1.368900000000000117e-01,1.839600000000000124e-01,2.310300000000000131e-01,2.997400000000000064e-01,4.117600000000000149e-01,5.454599999999999449e-01,6.791599999999999859e-01,8.128699999999999815e-01,9.157600000000000184e-01,9.578200000000000047e-01,9.698700000000000099e-01,9.819200000000000150e-01,9.939700000000000202e-01,1.020299999999999957e-01,3.035599999999999965e-01,5.025399999999999867e-01,7.015200000000000324e-01,9.005100000000000326e-01,1.020299999999999957e-01,3.035599999999999965e-01,5.025399999999999867e-01,7.015200000000000324e-01,9.005100000000000326e-01
V/Vref,9.684099999999999930e-01,9.726700000000000346e-01,9.585599999999999676e-01,9.598900000000000210e-01,9.696000000000000174e-01,9.778200000000000225e-01,9.902699999999999836e-01,9.929299999999999793e-01,9.964699999999999669e-01,9.993900000000000006e-01,1.002580000000000027e+00,1.001730000000000009e+00,1.001800000000000024e+00,1.001379999999999937e+00,1.001260000000000039e+00,9.687700000000000200e-01,9.729299999999999615e-01,9.587900000000000311e-01,9.601499999999999480e-01,9.697700000000000209e-01,9.780499999999999750e-01,9.901499999999999746e-01,9.927700000000000413e-01,9.962800000000000544e-01,9.992499999999999716e-01,1.002420000000000089e+00,1.001630000000000020e+00,1.001659999999999995e+00,1.001260000000000039e+00,1.001130000000000075e+00,9.504099999999999770e-01,9.664899999999999602e-01,9.729499999999999815e-01,9.878500000000000059e-01,9.917599999999999749e-01,9.506000000000000005e-01,9.660300000000000553e-01,9.721400000000000041e-01,9.880400000000000293e-01,9.919200000000000239e-01
WingId,1,1,1,1,1,1,1,1,1,1,1,1,1,1,1,2,2,2,2,2,2,2,2,2,2,2,2,2,2,2,3,3,3,3,3,4,4,4,4,4
Xavg,2.392879999999999896e+00,2.382319999999999993e+00,2.371750000000000025e+00,2.361190000000000122e+00,2.350620000000000154e+00,2.337899999999999867e+00,2.323770000000000113e+00,2.309619999999999784e+00,2.295469999999999899e+00,2.281299999999999883e+00,2.284749999999999837e+00,2.305000000000000160e+00,2.325239999999999974e+00,2.345470000000000166e+00,2.365699999999999914e+00,2.392879999999999896e+00,2.382319999999999993e+00,2.371750000000000025e+00,2.361190000000000122e+00,2.350620000000000154e+00,2.337899999999999867e+00,2.323770000000000113e+00,2.309619999999999784e+00,2.295469999999999899e+00,2.281299999999999883e+00,2.284749999999999837e+00,2.305000000000000160e+00,2.325239999999999974e+00,2.345470000000000166e+00,2.365699999999999914e+00,5.722059999999999924e+00,5.820210000000000328e+00,5.918350000000000222e+00,6.016490000000000116e+00,6.114630000000000010e+00,5.722059999999999924e+00,5.820210000000000328e+00,5.918350000000000222e+00,6.016490000000000116e+00,6.114630000000000010e+00
Yavg,1.718899999999999872e-01,5.195499999999999563e-01,8.671900000000000164e-01,1.214800000000000102e+00,1.562359999999999971e+00,2.228590000000000071e+00,3.216559999999999864e+00,4.204550000000000232e+00,5.192569999999999908e+00,6.180620000000000225e+00,6.716649999999999565e+00,6.791660000000000252e+00,6.866660000000000430e+00,6.941650000000000098e+00,7.016610000000000014e+00,-1.718899999999999872e-01,-5.195499999999999563e-01,-8.671900000000000164e-01,-1.214800000000000102e+00,-1.562359999999999971e+00,-2.228590000000000071e+00,-3.216559999999999864e+00,-4.204550000000000232e+00,-5.192569999999999908e+00,-6.180620000000000225e+00,-6.716649999999999565e+00,-6.791660000000000252e+00,-6.866660000000000430e+00,-6.941650000000000098e+00,-7.016610000000000014e+00,1.078800000000000037e-01,3.257399999999999740e-01,5.435900000000000176e-01,7.614400000000000057e-01,9.792699999999999738e-01,-1.078800000000000037e-01,-3.257399999999999740e-01,-5.435900000000000176e-01,-7.614400000000000057e-01,-9.792699999999999738e-01
Zavg,1.119259999999999922e+00,1.109900000000000109e+00,1.100540000000000074e+00,1.091180000000000039e+00,1.081830000000000069e+00,1.094910000000000050e+00,1.130849999999999911e+00,1.166740000000000110e+00,1.202599999999999891e+00,1.238469999999999960e+00,1.270329999999999959e+00,1.298289999999999944e+00,1.326240000000000085e+00,1.354190000000000005e+00,1.382130000000000081e+00,1.119259999999999922e+00,1.109900000000000109e+00,1.100540000000000074e+00,1.091180000000000039e+00,1.081830000000000069e+00,1.094910000000000050e+00,1.130849999999999911e+00,1.166740000000000110e+00,1.202599999999999891e+00,1.238469999999999960e+00,1.270329999999999959e+00,1.298289999999999944e+00,1.326240000000000085e+00,1.354190000000000005e+00,1.382130000000000081e+00,3.777900000000000147e-01,5.956799999999999873e-01,8.135799999999999699e-01,1.031470000000000109e+00,1.249349999999999961e+00,3.777900000000000147e-01,5.956799999999999873e-01,8.135799999999999699e-01,1.031470000000000109e+00,1.249349999999999961e+00
cd,-4.660999999999999865e-02,-4.596999999999999698e-02,1.790200000000000125e-01,2.073500000000000065e-01,2.229399999999999993e-01,2.116999999999999993e-01,-2.908000000000000168e-02,-1.341999999999999964e-02,-6.309999999999999637e-03,-1.529999999999999893e-03,-1.090000000000000040e-03,-4.400000000000000157e-04,2.300000000000000070e-04,6.899999999999999667e-04,7.299999999999999632e-04,-4.662999999999999784e-02,-4.619999999999999801e-02,1.778599999999999903e-01,2.058999999999999997e-01,2.216599999999999959e-01,2.107100000000000084e-01,-2.905999999999999903e-02,-1.344000000000000056e-02,-6.179999999999999730e-03,-1.440000000000000091e-03,-1.039999999999999909e-03,-3.800000000000000209e-04,2.900000000000000017e-04,7.299999999999999632e-04,7.600000000000000418e-04,1.502000000000000036e-02,-1.188999999999999953e-02,-3.905000000000000138e-02,-5.158000000000000085e-02,-3.448999999999999982e-02,1.451000000000000033e-02,-9.409999999999999962e-03,-4.154000000000000054e-02,-5.194000000000000006e-02,-3.450999999999999901e-02
cd*c/cref,-6.775176846100758321e-02,-6.217394218979276077e-02,2.240268925003517930e-01,2.385198119560192065e-01,2.339255239636307826e-01,2.064967562162053627e-01,-2.700816666331651988e-02,-1.183782437837946518e-02,-5.271756886235569144e-03,-1.206904661400229253e-03,-7.988381676013589635e-04,-2.937482830475654548e-04,1.385402219140083400e-04,3.705963938973647585e-04,3.444519822844010213e-04,-6.778084023464457653e-02,-6.248501477416631977e-02,2.225752603067398527e-01,2.368518412430400399e-01,2.325824510710433335e-01,2.055310888158556060e-01,-2.698959158308040021e-02,-1.185546644153651422e-02,-5.163146997929606540e-03,-1.135910269553157097e-03,-7.621942149590946874e-04,-2.536916989956247356e-04,1.746811493698365849e-04,3.920802428189511441e-04,3.586075432001983540e-04,1.160991343209578919e-02,-8.629584933030480173e-03,-2.650580204292213998e-02,-3.259541364315531042e-02,-2.018889910684971978e-02,1.121570199065977970e-02,-6.829637865417730914e-03,-2.819592872888567608e-02,-3.282291168331692016e-02,-2.020060620984006142e-02
cl,1.056990000000000096e+00,1.175620000000000109e+00,1.468560000000000088e+00,1.638730000000000020e+00,1.757009999999999961e+00,1.728650000000000020e+00,8.381600000000000161e-01,4.968600000000000239e-01,2.490799999999999959e-01,3.873999999999999666e-02,3.360000000000000139e-03,-1.260999999999999968e-02,-2.506999999999999854e-02,-3.434999999999999859e-02,-3.346999999999999975e-02,1.054450000000000109e+00,1.171689999999999898e+00,1.463870000000000005e+00,1.633110000000000062e+00,1.750609999999999999e+00,1.721759999999999957e+00,8.266799999999999704e-01,4.841699999999999893e-01,2.398500000000000076e-01,3.592999999999999666e-02,1.180000000000000059e-03,-1.465999999999999942e-02,-2.696000000000000132e-02,-3.595999999999999891e-02,-3.465000000000000024e-02,-4.397800000000000042e-01,-4.400399999999999867e-01,-5.193999999999999728e-01,-5.060900000000000398e-01,-3.827999999999999736e-01,-4.421700000000000075e-01,-4.480299999999999838e-01,-5.243799999999999573e-01,-5.063199999999999923e-01,-3.818699999999999872e-01
cl*c/cref,1.536428700828157412e+00,1.590013702787995920e+00,1.837766357112706084e+00,1.885071480331262928e+00,1.843587892972723186e+00,1.686162577388490291e+00,7.784444625352604508e-01,4.382817750105530430e-01,2.080965459942243356e-01,3.055914155728423412e-02,2.462473617560152501e-03,-8.418558748249545254e-03,-1.510088418862690768e-02,-1.844925526141228886e-02,-1.579288746172452518e-02,1.532736585576259580e+00,1.584698419063699681e+00,1.831897257985085403e+00,1.878606655912681722e+00,1.836872528509785996e+00,1.679441922450702673e+00,7.677823664797283065e-01,4.270878859374058201e-01,2.003852439245009942e-01,2.834253887850341977e-02,8.647972823574344653e-04,-9.787158703357520459e-03,-1.623932340348549844e-02,-1.931398018050613924e-02,-1.634967285774588386e-02,-3.399339366955450026e-01,-3.193744788839976700e-01,-3.525509239716711485e-01,-3.198180087371940705e-01,-2.240739512352006857e-01,-3.417813197250196278e-01,-3.251735018961855461e-01,-3.559311773435981929e-01,-3.199633547072973094e-01,-2.235295709461496694e-01
cmx,9.576999999999999402e-02,3.594399999999999817e-01,8.126799999999999580e-01,1.410230000000000095e+00,2.147959999999999869e+00,3.299440000000000150e+00,2.455680000000000085e+00,1.991279999999999939e+00,1.300400000000000000e+00,2.549000000000000155e-01,2.738000000000000156e-02,-1.100899999999999934e-01,-2.466800000000000104e-01,-3.842099999999999960e-01,-4.311900000000000177e-01,-9.554999999999999605e-02,-3.582899999999999974e-01,-8.101899999999999658e-01,-1.405499999999999972e+00,-2.140229999999999855e+00,-3.286410000000000053e+00,-2.422000000000000153e+00,-1.940420000000000034e+00,-1.252180000000000071e+00,-2.363800000000000068e-01,-1.016000000000000063e-02,1.281599999999999961e-01,2.652900000000000258e-01,4.021700000000000275e-01,4.463900000000000090e-01,1.454400000000000137e-01,-7.001999999999999891e-02,-3.834799999999999875e-01,-7.119199999999999973e-01,-8.268600000000000394e-01,-1.463599999999999901e-01,7.199999999999999456e-02,3.868400000000000172e-01,7.123000000000000442e-01,8.249600000000000266e-01
cmx*c/cref,1.392101880607315156e-01,4.861388249010030749e-01,1.016993492331504267e+00,1.622222302458340870e+00,2.253802226845430745e+00,3.218345098393938120e+00,2.280722651711592608e+00,1.756514376168365255e+00,1.086433067331336710e+00,2.010718942424303546e-01,2.006622846690386125e-02,-7.349715563796926920e-02,-1.485873997467286045e-01,-2.063577398540674124e-01,-2.034578770427546424e-01,-1.388903985507246308e-01,-4.845834619791353215e-01,-1.013877488743492483e+00,-1.616781266960139796e+00,-2.245691325705039265e+00,-3.205635354730748787e+00,-2.249442216593968702e+00,-1.711650609559991265e+00,-1.046147153376617345e+00,-1.864628260534550164e-01,-7.446051176908079737e-03,8.556086353494542218e-02,1.597971107459446594e-01,2.160039880198597051e-01,2.106300279067586101e-01,1.124198275342218195e-01,-5.081947325574383278e-02,-2.602930849531314150e-01,-4.498900131995953178e-01,-4.840067589298277517e-01,-1.131309540560279242e-01,5.225652776940239996e-02,2.625737378305761927e-01,4.501301500197659178e-01,4.828945841457449872e-01
cmy,-4.660199999999999898e-01,-5.275900000000000034e-01,-6.024800000000000155e-01,-6.912000000000000366e-01,-7.738199999999999523e-01,-7.779300000000000104e-01,-4.634599999999999831e-01,-3.159199999999999786e-01,-1.858899999999999997e-01,-5.104999999999999816e-02,-2.299999999999999961e-02,-1.305000000000000084e-02,-2.530000000000000131e-03,8.210000000000000284e-03,1.491999999999999924e-02,-4.652600000000000069e-01,-5.261799999999999811e-01,-6.010499999999999732e-01,-6.893899999999999473e-01,-7.714999999999999636e-01,-7.755199999999999871e-01,-4.577200000000000157e-01,-3.092500000000000249e-01,-1.809699999999999920e-01,-5.015000000000000013e-02,-2.222000000000000017e-02,-1.214999999999999934e-02,-1.529999999999999893e-03,9.199999999999999845e-03,1.580000000000000154e-02,1.775609999999999911e+00,1.942790000000000017e+00,2.478899999999999881e+00,2.654450000000000198e+00,2.203069999999999862e+00,1.785919999999999952e+00,1.979149999999999965e+00,2.502219999999999889e+00,2.655710000000000015e+00,2.197849999999999859e+00
cmy*c/cref,-6.774013975155278589e-01,-7.135599338680175263e-01,-7.539477275925144939e-01,-7.951043840077187674e-01,-8.119505201109570303e-01,-7.588097381354399484e-01,-4.304403343115774661e-01,-2.786740296287362750e-01,-1.553037856707337461e-01,-4.026959670881156972e-02,-1.685621821544151799e-02,-8.712307031297111468e-03,-1.523942441054091605e-03,4.409559991155601565e-03,7.040032295456524584e-03,-6.762966701173223072e-01,-7.116529236768578404e-01,-7.521582154917687557e-01,-7.930222964280687625e-01,-8.095162004931423239e-01,-7.564589720396390771e-01,-4.251092862838114494e-01,-2.727904015658606518e-01,-1.511933191286926881e-01,-3.955965279034084903e-02,-1.628457255422219654e-02,-8.111458270518000571e-03,-9.215936501236205846e-04,4.941285251964863158e-03,7.455262082319913733e-03,1.372481916721944195e+00,1.410048049793295677e+00,1.682592386279121222e+00,1.677450479741636524e+00,1.289578369246952905e+00,1.380451171547836919e+00,1.436437596316843868e+00,1.698421203273767777e+00,1.678246722882202002e+00,1.286522815366472949e+00
cmz,2.122999999999999887e-02,4.082000000000000212e-02,-7.589999999999999525e-02,-2.220999999999999919e-01,-3.831999999999999851e-01,-6.837800000000000544e-01,-1.136899999999999994e-01,-9.515999999999999459e-02,-6.400000000000000133e-02,-9.910000000000000406e-03,-3.030000000000000141e-03,5.989999999999999665e-03,1.375999999999999966e-02,2.241999999999999896e-02,2.668999999999999845e-02,-2.113999999999999907e-02,-4.059999999999999720e-02,7.562000000000000666e-02,2.209099999999999953e-01,3.813900000000000068e-01,6.806499999999999773e-01,1.107500000000000012e-01,9.117000000000000104e-02,6.108000000000000235e-02,9.159999999999999740e-03,1.899999999999999996e-03,-7.119999999999999593e-03,-1.493000000000000056e-02,-2.357000000000000067e-02,-2.775000000000000036e-02,1.841089999999999893e+00,2.076820000000000110e+00,2.788240000000000052e+00,3.100890000000000146e+00,2.592330000000000023e+00,-1.852600000000000025e+00,-2.113090000000000135e+00,-2.825629999999999864e+00,-3.105020000000000113e+00,-2.587829999999999853e+00
cmz*c/cref,3.085968771566597463e-02,5.520862127881968201e-02,-9.498179611650485465e-02,-2.554871002432209659e-01,-4.020824472183695542e-01,-6.669737929405616939e-01,-1.055900436022164657e-01,-8.394093650123621297e-02,-5.346948347370466398e-02,-7.817271368938739570e-03,-2.220623530121208777e-03,3.998982307852083987e-03,8.288319363203280540e-03,1.204169732054915544e-02,1.259373069475433309e-02,-3.072886473429951512e-02,-5.491107358941888644e-02,9.463140213873647011e-02,2.541182139339484003e-01,4.001832582061951582e-01,6.639207232808700399e-01,1.028595068075070229e-01,8.042134490140506742e-02,5.102993829021688910e-02,7.225651436879803637e-03,1.392470200406038588e-03,-4.753381307496968092e-03,-8.993067448591933119e-03,-1.265935797704476583e-02,-1.309389384711250569e-02,1.423095573947884995e+00,1.507325027806254214e+00,1.892561779466254146e+00,1.959573327102052342e+00,1.517433714748035012e+00,-1.431992385106568344e+00,-1.533649253670090751e+00,-1.917940830385200579e+00,-1.962183235173906359e+00,-1.514799616575207342e+00
cs,4.812000000000000305e-02,9.092999999999999694e-02,1.413099999999999912e-01,1.041500000000000065e-01,8.312999999999999556e-02,-8.433000000000000218e-02,-4.716000000000000053e-02,-1.532000000000000028e-02,-7.250000000000000368e-03,-1.199999999999999895e-03,-2.069999999999999792e-03,4.449999999999999963e-03,9.570000000000000381e-03,1.346999999999999933e-02,1.319000000000000034e-02,-4.794000000000000344e-02,-9.037000000000000588e-02,-1.404700000000000115e-01,-1.034999999999999948e-01,-8.261000000000000287e-02,8.380999999999999561e-02,4.630000000000000088e-02,1.472000000000000045e-02,6.839999999999999726e-03,1.049999999999999935e-03,1.190000000000000085e-03,-5.290000000000000431e-03,-1.033000000000000064e-02,-1.412000000000000061e-02,-1.366999999999999986e-02,4.595400000000000040e-01,4.695599999999999774e-01,5.720800000000000329e-01,5.656499999999999861e-01,4.253700000000000259e-01,-4.622499999999999942e-01,-4.777699999999999725e-01,-5.793300000000000116e-01,-5.662800000000000056e-01,-4.245599999999999929e-01
cs*c/cref,6.994668737060041885e-02,1.229818699873364285e-01,1.768363321373294106e-01,1.198063101770889816e-01,8.722628871937124218e-02,-8.225730492070193467e-02,-4.380003919676778157e-02,-1.351382037829906325e-02,-6.057089924755607036e-03,-9.465918912942973638e-04,-1.517059639389736541e-03,2.970863317185604840e-03,5.764477929204607845e-03,7.234686124344207395e-03,6.223728282645548011e-03,-6.968504140786749290e-02,-1.222244758688617039e-01,-1.757851502040242431e-01,-1.190585991678224514e-01,-8.668066535675759965e-02,8.175008568011417343e-02,4.300131074661467379e-02,1.298455848358761114e-02,5.714551046252185247e-03,8.282679048825102204e-04,8.721260728858872989e-04,-3.531655493912775560e-03,-6.222263010311765777e-03,-7.583798669319986689e-03,-6.450217257298304467e-03,3.552076976421637000e-01,3.407996552694526615e-01,3.883083030144660053e-01,3.574562956039317174e-01,2.489925199501497599e-01,-3.573024290270491732e-01,-3.467583510053803275e-01,-3.932293546101429671e-01,-3.578544171742145674e-01,-2.485183822790407726e-01
cx,2.724000000000000032e-02,3.615000000000000158e-02,2.810300000000000020e-01,3.211499999999999910e-01,3.449599999999999889e-01,3.317700000000000093e-01,2.945000000000000048e-02,2.127000000000000071e-02,1.107999999999999957e-02,1.180000000000000059e-03,-8.499999999999999526e-04,-1.319999999999999993e-03,-1.520000000000000084e-03,-1.709999999999999932e-03,-1.610000000000000103e-03,2.704000000000000153e-02,3.565000000000000113e-02,2.795400000000000107e-01,3.193199999999999927e-01,3.432399999999999896e-01,3.302999999999999825e-01,2.868000000000000063e-02,2.036999999999999922e-02,1.056999999999999953e-02,1.069999999999999988e-03,-9.499999999999999981e-04,-1.410000000000000012e-03,-1.600000000000000077e-03,-1.779999999999999898e-03,-1.660000000000000017e-03,-1.569999999999999868e-02,-4.254999999999999755e-02,-7.517999999999999683e-02,-8.676000000000000378e-02,-6.110999999999999766e-02,-1.636999999999999914e-02,-4.064000000000000251e-02,-7.802000000000000601e-02,-8.713999999999999524e-02,-6.106000000000000316e-02
cx*c/cref,3.959575569358177866e-02,4.889249532653923425e-02,3.516829270437596966e-01,3.694267548091418885e-01,3.619581445523193386e-01,3.236156297111499880e-01,2.735180564768471476e-02,1.876233416752095748e-02,9.256904326385120146e-03,9.308153597727258097e-04,-6.229471949184908503e-04,-8.812448491426963645e-04,-9.155701622143159720e-04,-9.184345413978169679e-04,-7.596817691477886518e-04,3.930503795721187327e-02,4.821625057790106944e-02,3.498183305192064663e-01,3.673216607368992026e-01,3.601533903529049452e-01,3.221817599348730798e-01,2.663666505859414724e-02,1.796844132545378017e-02,8.830819379954035417e-03,8.440444364040818829e-04,-6.962351002030192941e-04,-9.413297252206074975e-04,-9.637580654887536319e-04,-9.560312770105931562e-04,-7.832743706741174131e-04,-1.213552868734379953e-02,-3.088215634150100197e-02,-5.102960813282679531e-02,-5.482702767894832158e-02,-3.577105318699873304e-02,-1.265341430648522260e-02,-2.949590678539602481e-02,-5.295730282685750384e-02,-5.506716449911890771e-02,-3.574178542952287374e-02
cy,4.812000000000000305e-02,9.092999999999999694e-02,1.413099999999999912e-01,1.041500000000000065e-01,8.312999999999999556e-02,-8.433000000000000218e-02,-4.716000000000000053e-02,-1.532000000000000028e-02,-7.250000000000000368e-03,-1.199999999999999895e-03,-2.069999999999999792e-03,4.449999999999999963e-03,9.570000000000000381e-03,1.346999999999999933e-02,1.319000000000000034e-02,-4.794000000000000344e-02,-9.037000000000000588e-02,-1.404700000000000115e-01,-1.034999999999999948e-01,-8.261000000000000287e-02,8.380999999999999561e-02,4.630000000000000088e-02,1.472000000000000045e-02,6.839999999999999726e-03,1.049999999999999935e-03,1.190000000000000085e-03,-5.290000000000000431e-03,-1.033000000000000064e-02,-1.412000000000000061e-02,-1.366999999999999986e-02,4.595400000000000040e-01,4.695599999999999774e-01,5.720800000000000329e-01,5.656499999999999861e-01,4.253700000000000259e-01,-4.622499999999999942e-01,-4.777699999999999725e-01,-5.793300000000000116e-01,-5.662800000000000056e-01,-4.245599999999999929e-01
cy*c/cref,6.994668737060041885e-02,1.229818699873364285e-01,1.768363321373294106e-01,1.198063101770889816e-01,8.722628871937124218e-02,-8.225730492070193467e-02,-4.380003919676778157e-02,-1.351382037829906325e-02,-6.057089924755607036e-03,-9.465918912942973638e-04,-1.517059639389736541e-03,2.970863317185604840e-03,5.764477929204607845e-03,7.234686124344207395e-03,6.223728282645548011e-03,-6.968504140786749290e-02,-1.222244758688617039e-01,-1.757851502040242431e-01,-1.190585991678224514e-01,-8.668066535675759965e-02,8.175008568011417343e-02,4.300131074661467379e-02,1.298455848358761114e-02,5.714551046252185247e-03,8.282679048825102204e-04,8.721260728858872989e-04,-3.531655493912775560e-03,-6.222263010311765777e-03,-7.583798669319986689e-03,-6.450217257298304467e-03,3.552076976421637000e-01,3.407996552694526615e-01,3.883083030144660053e-01,3.574562956039317174e-01,2.489925199501497599e-01,-3.573024290270491732e-01,-3.467583510053803275e-01,-3.932293546101429671e-01,-3.578544171742145674e-01,-2.485183822790407726e-01
cz,1.057670000000000110e+00,1.175959999999999894e+00,1.452499999999999902e+00,1.620270000000000099e+00,1.737170000000000103e+00,1.709670000000000023e+00,8.381499999999999506e-01,4.965899999999999759e-01,2.489200000000000024e-01,3.876000000000000278e-02,3.419999999999999863e-03,-1.255000000000000039e-02,-2.503000000000000017e-02,-3.432000000000000328e-02,-3.343999999999999750e-02,1.055139999999999967e+00,1.172060000000000102e+00,1.447899999999999965e+00,1.614770000000000039e+00,1.730879999999999974e+00,1.702870000000000106e+00,8.266900000000000359e-01,4.839300000000000268e-01,2.396999999999999964e-01,3.593999999999999972e-02,1.250000000000000026e-03,-1.460000000000000013e-02,-2.690999999999999989e-02,-3.592000000000000054e-02,-3.461999999999999800e-02,-4.397599999999999842e-01,-4.381399999999999739e-01,-5.154100000000000348e-01,-5.012600000000000389e-01,-3.794600000000000195e-01,-4.420999999999999930e-01,-4.462900000000000200e-01,-5.201999999999999957e-01,-5.014699999999999713e-01,-3.785399999999999876e-01
cz*c/cref,1.537417141131815157e+00,1.590473549217069626e+00,1.817668759673561452e+00,1.863836487668093733e+00,1.822770263137617919e+00,1.667649075107037415e+00,7.784351749951422539e-01,4.380436071579328350e-01,2.079628722855400846e-01,3.057491808880580947e-02,2.506446360730869068e-03,-8.378502164197606378e-03,-1.507679023698968966e-02,-1.843314237472110095e-02,-1.577873190080872692e-02,1.533739561766735537e+00,1.585198840177692192e+00,1.811912287181651982e+00,1.857509702205069280e+00,1.816170319001387146e+00,1.661016208114736159e+00,7.677916540198463924e-01,4.268761811795212524e-01,2.002599248226094864e-01,2.835042714426420918e-02,9.160988160566043001e-04,-9.747102119305581583e-03,-1.620920596393897462e-02,-1.929249633158455421e-02,-1.633551729683008560e-02,-3.399184774233318107e-01,-3.179954871789717474e-01,-3.498426486797054924e-01,-3.167657433650257759e-01,-2.221188650358131289e-01,-3.417272122722734840e-01,-3.239106358084249959e-01,-3.530939365615389791e-01,-3.168984505551200037e-01,-2.215803382982572400e-01
Results_Name,VSPAERO_Comp_Load
Results_Timestamp,1758915291
Results_Date,9,26,2025
Results_Time,15,34,51
AoA,-4.000000000000000000e+00,-4.000000000000000000e+00,-4.000000000000000000e+00,-4.000000000000000000e+00,-4.000000000000000000e+00,-4.000000000000000000e+00,-4.000000000000000000e+00,-4.000000000000000000e+00,-4.000000000000000000e+00
Beta,0.000000000000000000e+00,0.000000000000000000e+00,0.000000000000000000e+00,0.000000000000000000e+00,0.000000000000000000e+00,0.000000000000000000e+00,0.000000000000000000e+00,0.000000000000000000e+00,0.000000000000000000e+00
CDi,0.000000000000000000e+00,2.695000000000000173e-02,2.675999999999999907e-02,-1.719999999999999958e-03,-1.729999999999999984e-03,0.000000000000000000e+00,0.000000000000000000e+00,0.000000000000000000e+00,0.000000000000000000e+00
CFx,0.000000000000000000e+00,5.906000000000000139e-02,5.863000000000000156e-02,-4.150000000000000043e-03,-4.179999999999999688e-03,0.000000000000000000e+00,0.000000000000000000e+00,0.000000000000000000e+00,0.000000000000000000e+00
CFy,0.000000000000000000e+00,4.440000000000000370e-03,-4.530000000000000172e-03,3.796000000000000069e-02,-3.824000000000000316e-02,0.000000000000000000e+00,0.000000000000000000e+00,0.000000000000000000e+00,0.000000000000000000e+00
CFz,0.000000000000000000e+00,4.582999999999999852e-01,4.547100000000000031e-01,-3.470999999999999780e-02,-3.495000000000000190e-02,0.000000000000000000e+00,0.000000000000000000e+00,0.000000000000000000e+00,0.000000000000000000e+00
CL,0.000000000000000000e+00,4.612999999999999878e-01,4.576899999999999857e-01,-3.491999999999999965e-02,-3.515999999999999681e-02,0.000000000000000000e+00,0.000000000000000000e+00,0.000000000000000000e+00,0.000000000000000000e+00
Cmx,0.000000000000000000e+00,6.300999999999999657e-02,-6.215999999999999998e-02,-1.319999999999999993e-03,1.319999999999999993e-03,3.000000000000000076e-05,-3.000000000000000076e-05,0.000000000000000000e+00,0.000000000000000000e+00
Cmy,0.000000000000000000e+00,-2.373000000000000109e-01,-2.357799999999999896e-01,1.131700000000000067e-01,1.139499999999999957e-01,-2.032000000000000126e-02,-2.034000000000000044e-02,-0.000000000000000000e+00,1.000000000000000082e-05
Cmz,0.000000000000000000e+00,-7.040000000000000251e-03,6.960000000000000041e-03,1.060000000000000005e-02,-1.068999999999999985e-02,5.000000000000000240e-05,-5.000000000000000240e-05,2.000000000000000164e-05,2.000000000000000164e-05
Comp_ID,0,1,2,3,4,5,6,7,8
Comp_Name,NONE,main_wing,main_wing,horizontal_tail,horizontal_tail,fuselage,fuselage,fuselage,fuselage
Cs,0.000000000000000000e+00,4.440000000000000370e-03,-4.530000000000000172e-03,3.796000000000000069e-02,-3.824000000000000316e-02,0.000000000000000000e+00,0.000000000000000000e+00,0.000000000000000000e+00,0.000000000000000000e+00
Mach,1.499999999999999944e-01,1.499999999999999944e-01,1.499999999999999944e-01,1.499999999999999944e-01,1.499999999999999944e-01,1.499999999999999944e-01,1.499999999999999944e-01,1.499999999999999944e-01,1.499999999999999944e-01
Results_Name,VSPAERO_Load
Results_Timestamp,1758915291
Results_Date,9,26,2025
Results_Time,15,34,51
AnalysisMethod,0
Chord,1.735549999999999926e+00,1.614840000000000053e+00,1.494150000000000089e+00,1.373459999999999903e+00,1.252809999999999979e+00,1.164630000000000054e+00,1.108910000000000062e+00,1.053209999999999980e+00,9.975199999999999623e-01,9.418400000000000105e-01,8.750400000000000400e-01,7.971099999999999852e-01,7.191899999999999959e-01,6.412799999999999612e-01,5.633799999999999919e-01,1.735549999999999926e+00,1.614840000000000053e+00,1.494150000000000089e+00,1.373459999999999903e+00,1.252809999999999979e+00,1.164630000000000054e+00,1.108910000000000062e+00,1.053209999999999980e+00,9.975199999999999623e-01,9.418400000000000105e-01,8.750400000000000400e-01,7.971099999999999852e-01,7.191899999999999959e-01,6.412799999999999612e-01,5.633799999999999919e-01,9.229000000000000536e-01,8.665699999999999514e-01,8.104299999999999837e-01,7.545199999999999685e-01,6.988999999999999657e-01,9.229000000000000536e-01,8.665699999999999514e-01,8.104299999999999837e-01,7.545199999999999685e-01,6.988999999999999657e-01
FC_AoA_,-3.000000000000000000e+00
FC_Beta_,0.000000000000000000e+00
FC_Bref_,1.417173599999999922e+01
FC_Cref_,1.193975999999999926e+00
FC_Mach_,1.499999999999999944e-01
FC_Pitch_Rate,0.000000000000000000e+00
FC_Rho_,2.377000000000000206e-03
FC_Roll__Rate,0.000000000000000000e+00
FC_Sref_,1.619368700000000061e+01
FC_Vinf_,5.100000000000000000e+01
FC_Xcg_,1.774861999999999940e+00
FC_Yaw___Rate,0.000000000000000000e+00
FC_Ycg_,0.000000000000000000e+00
FC_Zcg_,7.545150000000000468e-01
S,3.314000000000000279e-02,8.981999999999999706e-02,1.368900000000000117e-01,1.839600000000000124e-01,2.310300000000000131e-01,2.997400000000000064e-01,4.117600000000000149e-01,5.454599999999999449e-01,6.791599999999999859e-01,8.128699999999999815e-01,9.157600000000000184e-01,9.578200000000000047e-01,9.698700000000000099e-01,9.819200000000000150e-01,9.939700000000000202e-01,3.314000000000000279e-02,8.981999999999999706e-02,1.368900000000000117e-01,1.839600000000000124e-01,2.310300000000000131e-01,2.997400000000000064e-01,4.117600000000000149e-01,5.454599999999999449e-01,6.791599999999999859e-01,8.128699999999999815e-01,9.157600000000000184e-01,9.578200000000000047e-01,9.698700000000000099e-01,9.819200000000000150e-01,9.939700000000000202e-01,1.020299999999999957e-01,3.035599999999999965e-01,5.025399999999999867e-01,7.015200000000000324e-01,9.005100000000000326e-01,1.020299999999999957e-01,3.035599999999999965e-01,5.025399999999999867e-01,7.015200000000000324e-01,9.005100000000000326e-01
V/Vref,9.710699999999999887e-01,9.755099999999999882e-01,9.624000000000000332e-01,9.639600000000000390e-01,9.739299999999999624e-01,9.831800000000000539e-01,9.923999999999999488e-01,9.944800000000000306e-01,9.981100000000000527e-01,1.000459999999999905e+00,1.004490000000000105e+00,1.003540000000000099e+00,1.003549999999999942e+00,1.003069999999999906e+00,1.003009999999999957e+00,9.714500000000000357e-01,9.757799999999999807e-01,9.626799999999999802e-01,9.643100000000000005e-01,9.741100000000000314e-01,9.835599999999999898e-01,9.922400000000000109e-01,9.941799999999999526e-01,9.977099999999999858e-01,1.000410000000000021e+00,1.004320000000000102e+00,1.003430000000000044e+00,1.003440000000000110e+00,1.002939999999999943e+00,1.002869999999999928e+00,9.491100000000000092e-01,9.683000000000000496e-01,9.754099999999999993e-01,9.887000000000000233e-01,9.923399999999999999e-01,9.488199999999999967e-01,9.626299999999999857e-01,9.763500000000000512e-01,9.890799999999999592e-01,9.925699999999999523e-01
WingId,1,1,1,1,1,1,1,1,1,1,1,1,1,1,1,2,2,2,2,2,2,2,2,2,2,2,2,2,2,2,3,3,3,3,3,4,4,4,4,4
Xavg,2.392879999999999896e+00,2.382319999999999993e+00,2.371750000000000025e+00,2.361190000000000122e+00,2.350620000000000154e+00,2.337899999999999867e+00,2.323770000000000113e+00,2.309619999999999784e+00,2.295469999999999899e+00,2.281299999999999883e+00,2.284749999999999837e+00,2.305000000000000160e+00,2.325239999999999974e+00,2.345470000000000166e+00,2.365699999999999914e+00,2.392879999999999896e+00,2.382319999999999993e+00,2.371750000000000025e+00,2.361190000000000122e+00,2.350620000000000154e+00,2.337899999999999867e+00,2.323770000000000113e+00,2.309619999999999784e+00,2.295469999999999899e+00,2.281299999999999883e+00,2.284749999999999837e+00,2.305000000000000160e+00,2.325239999999999974e+00,2.345470000000000166e+00,2.365699999999999914e+00,5.722059999999999924e+00,5.820210000000000328e+00,5.918350000000000222e+00,6.016490000000000116e+00,6.114630000000000010e+00,5.722059999999999924e+00,5.820210000000000328e+00,5.918350000000000222e+00,6.016490000000000116e+00,6.114630000000000010e+00
Yavg,1.718899999999999872e-01,5.195499999999999563e-01,8.671900000000000164e-01,1.214800000000000102e+00,1.562359999999999971e+00,2.228590000000000071e+00,3.216559999999999864e+00,4.204550000000000232e+00,5.192569999999999908e+00,6.180620000000000225e+00,6.716649999999999565e+00,6.791660000000000252e+00,6.866660000000000430e+00,6.941650000000000098e+00,7.016610000000000014e+00,-1.718899999999999872e-01,-5.195499999999999563e-01,-8.671900000000000164e-01,-1.214800000000000102e+00,-1.562359999999999971e+00,-2.228590000000000071e+00,-3.216559999999999864e+00,-4.204550000000000232e+00,-5.192569999999999908e+00,-6.180620000000000225e+00,-6.716649999999999565e+00,-6.791660000000000252e+00,-6.866660000000000430e+00,-6.941650000000000098e+00,-7.016610000000000014e+00,1.078800000000000037e-01,3.257399999999999740e-01,5.435900000000000176e-01,7.614400000000000057e-01,9.792699999999999738e-01,-1.078800000000000037e-01,-3.257399999999999740e-01,-5.435900000000000176e-01,-7.614400000000000057e-01,-9.792699999999999738e-01
Zavg,1.119259999999999922e+00,1.109900000000000109e+00,1.100540000000000074e+00,1.091180000000000039e+00,1.081830000000000069e+00,1.094910000000000050e+00,1.130849999999999911e+00,1.166740000000000110e+00,1.202599999999999891e+00,1.238469999999999960e+00,1.270329999999999959e+00,1.298289999999999944e+00,1.326240000000000085e+00,1.354190000000000005e+00,1.382130000000000081e+00,1.119259999999999922e+00,1.109900000000000109e+00,1.100540000000000074e+00,1.091180000000000039e+00,1.081830000000000069e+00,1.094910000000000050e+00,1.130849999999999911e+00,1.166740000000000110e+00,1.202599999999999891e+00,1.238469999999999960e+00,1.270329999999999959e+00,1.298289999999999944e+00,1.326240000000000085e+00,1.354190000000000005e+00,1.382130000000000081e+00,3.777900000000000147e-01,5.956799999999999873e-01,8.135799999999999699e-01,1.031470000000000109e+00,1.249349999999999961e+00,3.777900000000000147e-01,5.956799999999999873e-01,8.135799999999999699e-01,1.031470000000000109e+00,1.249349999999999961e+00
cd,-4.018999999999999656e-02,-3.935999999999999915e-02,1.894099999999999950e-01,2.182000000000000051e-01,2.340800000000000103e-01,2.230499999999999983e-01,-2.802999999999999936e-02,-1.367999999999999945e-02,-7.100000000000000408e-03,-3.069999999999999812e-03,-1.889999999999999970e-03,-1.879999999999999944e-03,-1.449999999999999900e-03,-1.039999999999999909e-03,-5.699999999999999772e-04,-4.071000000000000313e-02,-3.962999999999999856e-02,1.884299999999999864e-01,2.170300000000000007e-01,2.331399999999999861e-01,2.224700000000000011e-01,-2.787999999999999853e-02,-1.375999999999999966e-02,-7.020000000000000198e-03,-2.959999999999999958e-03,-1.830000000000000029e-03,-1.799999999999999951e-03,-1.369999999999999907e-03,-9.700000000000000505e-04,-5.199999999999999544e-04,9.860000000000000708e-03,-9.520000000000000684e-03,-4.411000000000000337e-02,-5.650000000000000161e-02,-3.776999999999999802e-02,9.780000000000000498e-03,-1.060999999999999964e-02,-4.322999999999999760e-02,-5.657000000000000223e-02,-3.778999999999999720e-02
cd*c/cref,-5.841972912353346481e-02,-5.323398661279624133e-02,2.370290118896862530e-01,2.510008341876218685e-01,2.456144552319309837e-01,2.175677915636495263e-01,-2.603297495092028735e-02,-1.206717119942109402e-02,-5.931770822864111323e-03,-2.421697588561244011e-03,-1.385141409877585755e-03,-1.255106300294143258e-03,-8.734057468491829247e-04,-5.585800719612453750e-04,-2.689556574001487248e-04,-5.917559523809524241e-02,-5.359915877706084714e-02,2.358026329674968447e-01,2.496549543709421226e-01,2.446281360764370472e-01,2.170020470260708989e-01,-2.589366184914939847e-02,-1.213773945204928845e-02,-5.864933968521980623e-03,-2.334926665192600410e-03,-1.341168666706868753e-03,-1.201697521558222227e-03,-8.252178435747452648e-04,-5.209833363484692951e-04,-2.453630558738199093e-04,7.621421201096170717e-03,-6.909474227287651892e-03,-2.994035667383599525e-02,-3.570455352536399535e-02,-2.210886399726627594e-02,7.559584112243463057e-03,-7.700579994907770683e-03,-2.934304282498140931e-02,-3.574878925539542313e-02,-2.212057110025662104e-02
cl,1.125350000000000072e+00,1.247659999999999991e+00,1.540019999999999945e+00,1.715109999999999912e+00,1.839290000000000092e+00,1.817439999999999944e+00,9.304900000000000393e-01,5.894200000000000550e-01,3.402399999999999869e-01,1.203599999999999948e-01,7.126000000000000389e-02,5.269000000000000072e-02,3.713000000000000328e-02,2.278000000000000164e-02,1.081999999999999976e-02,1.122800000000000020e+00,1.243999999999999995e+00,1.535709999999999908e+00,1.709980000000000055e+00,1.833239999999999981e+00,1.810999999999999943e+00,9.180399999999999672e-01,5.749300000000000521e-01,3.290600000000000191e-01,1.170699999999999935e-01,6.875000000000000555e-02,5.034000000000000280e-02,3.497000000000000108e-02,2.092000000000000109e-02,9.419999999999999554e-03,-4.320399999999999796e-01,-4.469500000000000139e-01,-5.292299999999999782e-01,-4.990899999999999781e-01,-3.719299999999999828e-01,-4.344899999999999873e-01,-4.525500000000000078e-01,-5.363099999999999534e-01,-5.012100000000000444e-01,-3.729000000000000092e-01
cl*c/cref,1.635796023119392650e+00,1.687447046171782539e+00,1.927191905867454702e+00,1.972933275543226728e+00,1.929922297349360827e+00,1.772770262718848633e+00,8.641963204453021463e-01,5.199292433013730230e-01,2.842571415170824234e-01,9.494316669681802934e-02,5.222496130575490086e-02,3.517635689494596346e-02,2.236521060724839041e-02,1.223505196084343459e-02,5.105438970297560518e-03,1.632089371980676384e+00,1.682496934611751094e+00,1.921798341423948342e+00,1.967032110193169592e+00,1.923574179380490357e+00,1.766488547508492601e+00,8.526333329983182274e-01,5.071475685440913761e-01,2.749166911227696741e-01,9.234792726151949682e-02,5.038543488311324203e-02,3.360747401957828173e-02,2.106413721883857240e-02,1.123605298598966823e-02,4.444846127560352599e-03,-3.339511983490455749e-01,-3.243896539796445322e-01,-3.592231911696717739e-01,-3.153944357340516258e-01,-2.177111407599482684e-01,-3.358449591951597202e-01,-3.284540505839313451e-01,-3.640288525900018390e-01,-3.167341464150033592e-01,-2.182789352549799888e-01
cmx,1.021800000000000069e-01,3.824000000000000177e-01,8.564300000000000246e-01,1.481770000000000032e+00,2.256499999999999950e+00,3.480719999999999814e+00,2.725159999999999805e+00,2.363309999999999800e+00,1.777439999999999909e+00,7.926499999999999657e-01,5.642700000000000493e-01,4.636700000000000266e-01,3.664399999999999880e-01,2.552099999999999924e-01,1.396999999999999909e-01,-1.019700000000000051e-01,-3.813300000000000023e-01,-8.541299999999999448e-01,-1.477430000000000021e+00,-2.249159999999999826e+00,-3.468580000000000219e+00,-2.688610000000000166e+00,-2.305219999999999825e+00,-1.719000000000000083e+00,-7.709799999999999986e-01,-5.444299999999999695e-01,-4.429899999999999949e-01,-3.451299999999999923e-01,-2.344900000000000040e-01,-1.217499999999999971e-01,1.421900000000000108e-01,-7.373000000000000387e-02,-3.902599999999999958e-01,-7.014500000000000179e-01,-8.039600000000000080e-01,-1.430200000000000082e-01,7.568999999999999340e-02,3.951399999999999912e-01,7.042399999999999771e-01,8.059500000000000552e-01
cmx*c/cref,1.485276915113871721e-01,5.171919837584675328e-01,1.071742551357816486e+00,1.704516526462843462e+00,2.367690611034057646e+00,3.395169529035759748e+00,2.531003282813054867e+00,2.084683213984200645e+00,1.484981229773462585e+00,6.252633855286873210e-01,4.135416631490081429e-01,3.095506054560560605e-01,2.207246909485617858e-01,1.370723270819513839e-01,6.591772866456277469e-02,-1.482224378881987492e-01,-5.157448199963818869e-01,-1.068864315111861529e+00,-1.699524117570202275e+00,-2.359988927415626492e+00,-3.383327910611269029e+00,-2.497057323681548535e+00,-2.033441841544553874e+00,-1.436156907676536365e+00,-6.081695136250645506e-01,-3.990013427405576518e-01,-2.957444361528204779e-01,-2.078886382138334654e-01,-1.259436933405696513e-01,-5.744798471661071576e-02,1.099076957995805820e-01,-5.351213600608387827e-02,-2.648951166522610645e-01,-4.432736118648951118e-01,-4.706021260058828592e-01,-1.105492555964274204e-01,5.493467481758427390e-02,2.682074934504546371e-01,4.450367216761476064e-01,4.717669827534222149e-01
cmy,-4.737799999999999789e-01,-5.371099999999999763e-01,-6.132199999999999873e-01,-7.057400000000000340e-01,-7.929599999999999982e-01,-8.030399999999999761e-01,-4.868299999999999850e-01,-3.387499999999999956e-01,-2.087700000000000111e-01,-7.080999999999999794e-02,-4.159000000000000197e-02,-3.567000000000000032e-02,-2.974999999999999867e-02,-2.309999999999999901e-02,-1.528000000000000018e-02,-4.733299999999999730e-01,-5.360099999999999865e-01,-6.120600000000000485e-01,-7.042399999999999771e-01,-7.908699999999999619e-01,-8.010699999999999488e-01,-4.807799999999999851e-01,-3.311600000000000099e-01,-2.025899999999999923e-01,-6.969000000000000195e-02,-4.068000000000000088e-02,-3.463000000000000106e-02,-2.859000000000000083e-02,-2.191999999999999851e-02,-1.420000000000000082e-02,1.745060000000000056e+00,1.980180000000000051e+00,2.533199999999999896e+00,2.626419999999999977e+00,2.147530000000000161e+00,1.755190000000000028e+00,2.006829999999999892e+00,2.569329999999999892e+00,2.637900000000000134e+00,2.153369999999999784e+00
cmy*c/cref,-6.886812456866804322e-01,-7.264356338820880943e-01,-7.673878394540594172e-01,-8.118301041226959613e-01,-8.320336569579288577e-01,-7.833025749261292026e-01,-4.521453155674821089e-01,-2.988124447225070091e-01,-1.744191260125831644e-01,-5.585680985212432975e-02,-3.048043980783533835e-02,-2.381363921887877030e-02,-1.791987653018151105e-02,-1.240692275221612524e-02,-7.209899026446093227e-03,-6.880271307798481173e-01,-7.249478954350841997e-01,-7.659362072604476435e-01,-8.101046171782346761e-01,-8.298406707505009416e-01,-7.813809943415948034e-01,-4.465263537960562079e-01,-2.921172817544071543e-01,-1.692559790146535570e-01,-5.497332408691632533e-02,-2.981351986974612941e-02,-2.311932509531179972e-02,-1.722115193270216602e-02,-1.177314920902932695e-02,-6.700298833477390768e-03,1.348867878416316834e+00,1.437185154977989709e+00,1.719449365816398512e+00,1.659737229559053118e+00,1.257067744242765350e+00,1.356697999792290776e+00,1.456527328103747410e+00,1.743973171906303188e+00,1.666991889284206829e+00,1.260486218315945983e+00
cmz,2.233999999999999875e-02,4.386000000000000315e-02,-7.008999999999999952e-02,-2.107700000000000129e-01,-3.647199999999999886e-01,-6.584999999999999742e-01,-8.898000000000000353e-02,-7.946000000000000285e-02,-6.282999999999999696e-02,-2.444999999999999951e-02,-3.225999999999999701e-02,-2.257999999999999938e-02,-1.683000000000000121e-02,-1.090999999999999956e-02,-5.939999999999999968e-03,-2.228000000000000119e-02,-4.367999999999999661e-02,6.990000000000000380e-02,2.098800000000000110e-01,3.635099999999999998e-01,6.566100000000000270e-01,8.688999999999999502e-02,7.570999999999999952e-02,5.990000000000000185e-02,2.400000000000000050e-02,3.132999999999999674e-02,2.171000000000000013e-02,1.600999999999999993e-02,1.016000000000000063e-02,5.250000000000000326e-03,1.804510000000000058e+00,2.088779999999999859e+00,2.814459999999999962e+00,3.035019999999999829e+00,2.512039999999999829e+00,-1.815169999999999950e+00,-2.087289999999999868e+00,-2.814719999999999889e+00,-3.045960000000000001e+00,-2.517710000000000115e+00
cmz*c/cref,3.247317115251897868e-02,5.932018935053971764e-02,-8.771112107781062206e-02,-2.424539221893907415e-01,-3.826918323316381709e-01,-6.423151344750648306e-01,-8.264053197049188448e-02,-7.009191692295323184e-02,-5.249199447895099707e-02,-1.928680978512131022e-02,-2.364267824478884228e-02,-1.507462779821369843e-02,-1.013753015135982795e-02,-5.859719793362680451e-03,-2.802801061327866126e-03,-3.238595583160800567e-02,-5.907674124102996888e-02,8.747335373575350348e-02,2.414301332690104440e-01,3.814222087378641435e-01,6.404715876198516789e-01,8.069943608581747752e-02,6.678403008100665394e-02,5.004409468867045824e-02,1.893183782588594988e-02,2.296110072564272811e-02,1.449380732946055871e-02,9.643604142796840389e-03,5.456897626082936846e-03,2.477223160264527962e-03,1.394820565069984752e+00,1.516005417696838053e+00,1.910359017099171330e+00,1.917947505142481912e+00,1.470435549793295493e+00,-1.403060357159608085e+00,-1.514923997886054696e+00,-1.910535496190878257e+00,-1.924860917807393212e+00,-1.473754513491058571e+00
cs,5.020000000000000157e-02,9.239999999999999603e-02,1.423000000000000098e-01,1.055999999999999994e-01,8.548999999999999655e-02,-8.853999999999999371e-02,-5.108000000000000040e-02,-1.907999999999999974e-02,-1.098999999999999977e-02,-4.989999999999999644e-03,-2.920000000000000026e-02,-2.126000000000000112e-02,-1.463000000000000064e-02,-8.989999999999999727e-03,-4.290000000000000410e-03,-4.997999999999999665e-02,-9.188000000000000334e-02,-1.415500000000000091e-01,-1.049999999999999961e-01,-8.491999999999999549e-02,8.816999999999999837e-02,5.029000000000000137e-02,1.841999999999999887e-02,1.051000000000000024e-02,4.810000000000000039e-03,2.818000000000000019e-02,2.033000000000000085e-02,1.379999999999999977e-02,8.290000000000000493e-03,3.769999999999999914e-03,4.499199999999999866e-01,4.722399999999999931e-01,5.782300000000000217e-01,5.540899999999999714e-01,4.124999999999999778e-01,-4.525199999999999778e-01,-4.721600000000000241e-01,-5.786400000000000432e-01,-5.560800000000000187e-01,-4.134300000000000197e-01
cs*c/cref,7.297015182884748763e-02,1.249700295483326395e-01,1.780752251301533917e-01,1.214742808900681342e-01,8.970257936507937402e-02,-8.636382992622967936e-02,-4.744075492304703628e-02,-1.683052825182415960e-02,-9.181712865250222025e-03,-3.936244614632119707e-03,-2.140006834308227565e-02,-1.419338294907100326e-02,-8.812362811312791921e-03,-4.828495045126534810e-03,-2.024245210959014617e-03,-7.265036231884057505e-02,-1.242667350097489548e-01,-1.771366698325594902e-01,-1.207840861122836534e-01,-8.910449221759901561e-02,8.600292392811915987e-02,4.670703925372034909e-02,1.624834016764156036e-02,8.780691739197437826e-03,3.794255830937975395e-03,2.065253170918008793e-02,1.357250589626592292e-02,8.312413314840500292e-03,4.452527688998774227e-03,1.778882155085194329e-03,3.477717877076256237e-01,3.427447593586470664e-01,3.924827122990747208e-01,3.501510807587421836e-01,2.414589991758628040e-01,-3.497814930953386248e-01,-3.426866965500144357e-01,-3.927610062513819944e-01,-3.514086393696355670e-01,-2.420033794649138759e-01
cx,1.875999999999999890e-02,2.599999999999999881e-02,2.697499999999999898e-01,3.076699999999999990e-01,3.300199999999999800e-01,3.178599999999999759e-01,2.070999999999999924e-02,1.718000000000000083e-02,1.072000000000000036e-02,3.229999999999999798e-03,1.840000000000000056e-03,8.800000000000000313e-04,5.000000000000000104e-04,1.499999999999999869e-04,-1.000000000000000082e-05,1.811000000000000110e-02,2.553000000000000061e-02,2.685400000000000009e-01,3.062199999999999922e-01,3.287700000000000067e-01,3.169500000000000095e-01,2.020999999999999880e-02,1.634999999999999995e-02,1.021000000000000033e-02,3.170000000000000075e-03,1.770000000000000089e-03,8.300000000000000086e-04,4.600000000000000139e-04,1.299999999999999886e-04,-3.000000000000000076e-05,-1.276000000000000051e-02,-3.289999999999999869e-02,-7.174999999999999434e-02,-8.254000000000000226e-02,-5.718000000000000166e-02,-1.297000000000000063e-02,-3.427999999999999797e-02,-7.123999999999999777e-02,-8.272999999999999798e-02,-5.725999999999999840e-02
cx*c/cref,2.726932367149758132e-02,3.516472692918450743e-02,3.375670553679471220e-01,3.539203788015839458e-01,3.462819656341500907e-01,3.100475150254276557e-01,1.923449558450086166e-02,1.515453225190456325e-02,8.956138481845531130e-03,2.547909840733817311e-03,1.348497457235321587e-03,5.874965660951309097e-04,3.011743954652355100e-04,8.056443345594885112e-05,-4.718520305265767681e-06,2.632449102829537840e-02,3.452905686546463293e-02,3.360528528211622623e-01,3.522524080886047515e-01,3.449703710124827349e-01,3.091598813543990909e-01,1.877011857859789412e-02,1.442238663088705498e-02,8.530053535414448135e-03,2.500580246169102541e-03,1.297195923536151752e-03,5.541160793851802923e-04,2.770804438280166800e-04,6.982250899515567188e-05,-1.415556091579730389e-05,-9.863015672006808857e-03,-2.387833005018526189e-02,-4.870144165376858597e-02,-5.216024509705387974e-02,-3.347060744939597127e-02,-1.002533803024516570e-02,-2.487991349909880745e-02,-4.835527112772786129e-02,-5.228031350713917280e-02,-3.351743586135734476e-02
cy,5.020000000000000157e-02,9.239999999999999603e-02,1.423000000000000098e-01,1.055999999999999994e-01,8.548999999999999655e-02,-8.853999999999999371e-02,-5.108000000000000040e-02,-1.907999999999999974e-02,-1.098999999999999977e-02,-4.989999999999999644e-03,-2.920000000000000026e-02,-2.126000000000000112e-02,-1.463000000000000064e-02,-8.989999999999999727e-03,-4.290000000000000410e-03,-4.997999999999999665e-02,-9.188000000000000334e-02,-1.415500000000000091e-01,-1.049999999999999961e-01,-8.491999999999999549e-02,8.816999999999999837e-02,5.029000000000000137e-02,1.841999999999999887e-02,1.051000000000000024e-02,4.810000000000000039e-03,2.818000000000000019e-02,2.033000000000000085e-02,1.379999999999999977e-02,8.290000000000000493e-03,3.769999999999999914e-03,4.499199999999999866e-01,4.722399999999999931e-01,5.782300000000000217e-01,5.540899999999999714e-01,4.124999999999999778e-01,-4.525199999999999778e-01,-4.721600000000000241e-01,-5.786400000000000432e-01,-5.560800000000000187e-01,-4.134300000000000197e-01
cy*c/cref,7.297015182884748763e-02,1.249700295483326395e-01,1.780752251301533917e-01,1.214742808900681342e-01,8.970257936507937402e-02,-8.636382992622967936e-02,-4.744075492304703628e-02,-1.683052825182415960e-02,-9.181712865250222025e-03,-3.936244614632119707e-03,-2.140006834308227565e-02,-1.419338294907100326e-02,-8.812362811312791921e-03,-4.828495045126534810e-03,-2.024245210959014617e-03,-7.265036231884057505e-02,-1.242667350097489548e-01,-1.771366698325594902e-01,-1.207840861122836534e-01,-8.910449221759901561e-02,8.600292392811915987e-02,4.670703925372034909e-02,1.624834016764156036e-02,8.780691739197437826e-03,3.794255830937975395e-03,2.065253170918008793e-02,1.357250589626592292e-02,8.312413314840500292e-03,4.452527688998774227e-03,1.778882155085194329e-03,3.477717877076256237e-01,3.427447593586470664e-01,3.924827122990747208e-01,3.501510807587421836e-01,2.414589991758628040e-01,-3.497814930953386248e-01,-3.426866965500144357e-01,-3.927610062513819944e-01,-3.514086393696355670e-01,-2.420033794649138759e-01
cz,1.125909999999999966e+00,1.248010000000000064e+00,1.527989999999999959e+00,1.701340000000000074e+00,1.824510000000000076e+00,1.803279999999999994e+00,9.306799999999999518e-01,5.893300000000000205e-01,3.401399999999999979e-01,1.203499999999999986e-01,7.126000000000000389e-02,5.270999999999999991e-02,3.715999999999999859e-02,2.280000000000000082e-02,1.082999999999999935e-02,1.123399999999999954e+00,1.244369999999999976e+00,1.523749999999999938e+00,1.696280000000000010e+00,1.818529999999999980e+00,1.796880000000000033e+00,9.182399999999999451e-01,5.748699999999999921e-01,3.289799999999999947e-01,1.170599999999999974e-01,6.876000000000000167e-02,5.036000000000000199e-02,3.500000000000000333e-02,2.094999999999999987e-02,9.440000000000000474e-03,-4.319600000000000106e-01,-4.458400000000000141e-01,-5.261900000000000466e-01,-4.954500000000000015e-01,-3.694399999999999906e-01,-4.344000000000000083e-01,-4.513800000000000034e-01,-5.333099999999999508e-01,-4.975600000000000023e-01,-3.704200000000000270e-01
cz*c/cref,1.636610032781228297e+00,1.687920417495829328e+00,1.912137478894048170e+00,1.957093305393073246e+00,1.914414002542764948e+00,1.758958292628997722e+00,8.643727837075452225e-01,5.198498540171662130e-01,2.841735954491547700e-01,9.493527843105724340e-02,5.222496130575490086e-02,3.518970908962994193e-02,2.238328107097630262e-02,1.224579388530422711e-02,5.110157490602826313e-03,1.632961525189785990e+00,1.682997355725743382e+00,1.906831512944983986e+00,1.951272662767090660e+00,1.908139333872707954e+00,1.752715594283302369e+00,8.528190838006793895e-01,5.070946423546202064e-01,2.748498542684275070e-01,9.234003899575871088e-02,5.039276367364169118e-02,3.362082621426226714e-02,2.108220768256648808e-02,1.125216587268085787e-02,4.454283168170885057e-03,-3.338893612601928629e-01,-3.235840325098662262e-01,-3.571597433281741840e-01,-3.130941777724175479e-01,-2.162536064376503198e-01,-3.357753924702004400e-01,-3.276048820076785661e-01,-3.619925553779975713e-01,-3.144275690633647757e-01,-2.168272544841772509e-01
Results_Name,VSPAERO_Comp_Load
Results_Timestamp,1758915291
Results_Date,9,26,2025
Results_Time,15,34,51
AoA,-3.000000000000000000e+00,-3.000000000000000000e+00,-3.000000000000000000e+00,-3.000000000000000000e+00,-3.000000000000000000e+00,-3.000000000000000000e+00,-3.000000000000000000e+00,-3.000000000000000000e+00,-3.000000000000000000e+00
Beta,0.000000000000000000e+00,0.000000000000000000e+00,0.000000000000000000e+00,0.000000000000000000e+00,0.000000000000000000e+00,0.000000000000000000e+00,0.000000000000000000e+00,0.000000000000000000e+00,0.000000000000000000e+00
CDi,0.000000000000000000e+00,2.912999999999999964e-02,2.897999999999999882e-02,-1.959999999999999937e-03,-1.969999999999999963e-03,0.000000000000000000e+00,0.000000000000000000e+00,0.000000000000000000e+00,0.000000000000000000e+00
CFx,0.000000000000000000e+00,5.544000000000000317e-02,5.509000000000000008e-02,-3.779999999999999940e-03,-3.799999999999999992e-03,0.000000000000000000e+00,0.000000000000000000e+00,0.000000000000000000e+00,0.000000000000000000e+00
CFy,0.000000000000000000e+00,3.020000000000000115e-03,-3.109999999999999917e-03,3.758999999999999841e-02,-3.767999999999999822e-02,0.000000000000000000e+00,0.000000000000000000e+00,0.000000000000000000e+00,0.000000000000000000e+00
CFz,0.000000000000000000e+00,5.013499999999999623e-01,4.974899999999999878e-01,-3.465000000000000024e-02,-3.493999999999999884e-02,0.000000000000000000e+00,0.000000000000000000e+00,0.000000000000000000e+00,0.000000000000000000e+00
CL,0.000000000000000000e+00,5.035600000000000076e-01,4.996999999999999775e-01,-3.479999999999999760e-02,-3.509000000000000313e-02,0.000000000000000000e+00,0.000000000000000000e+00,0.000000000000000000e+00,0.000000000000000000e+00
Cmx,0.000000000000000000e+00,7.272000000000000686e-02,-7.177999999999999658e-02,-1.309999999999999967e-03,1.319999999999999993e-03,2.000000000000000164e-05,-2.000000000000000164e-05,-0.000000000000000000e+00,0.000000000000000000e+00
Cmy,0.000000000000000000e+00,-2.466099999999999959e-01,-2.450299999999999978e-01,1.130800000000000000e-01,1.140499999999999986e-01,-1.780999999999999944e-02,-1.786000000000000087e-02,-0.000000000000000000e+00,1.000000000000000082e-05
Cmz,0.000000000000000000e+00,-6.640000000000000069e-03,6.579999999999999911e-03,1.050000000000000065e-02,-1.051999999999999984e-02,4.000000000000000327e-05,-4.000000000000000327e-05,1.000000000000000082e-05,2.000000000000000164e-05
Comp_ID,0,1,2,3,4,5,6,7,8
Comp_Name,NONE,main_wing,main_wing,horizontal_tail,horizontal_tail,fuselage,fuselage,fuselage,fuselage
Cs,0.000000000000000000e+00,3.020000000000000115e-03,-3.109999999999999917e-03,3.758999999999999841e-02,-3.767999999999999822e-02,0.000000000000000000e+00,0.000000000000000000e+00,0.000000000000000000e+00,0.000000000000000000e+00
Mach,1.499999999999999944e-01,1.499999999999999944e-01,1.499999999999999944e-01,1.499999999999999944e-01,1.499999999999999944e-01,1.499999999999999944e-01,1.499999999999999944e-01,1.499999999999999944e-01,1.499999999999999944e-01
Results_Name,VSPAERO_Load
Results_Timestamp,1758915291
Results_Date,9,26,2025
Results_Time,15,34,51
AnalysisMethod,0
Chord,1.735549999999999926e+00,1.614840000000000053e+00,1.494150000000000089e+00,1.373459999999999903e+00,1.252809999999999979e+00,1.164630000000000054e+00,1.108910000000000062e+00,1.053209999999999980e+00,9.975199999999999623e-01,9.418400000000000105e-01,8.750400000000000400e-01,7.971099999999999852e-01,7.191899999999999959e-01,6.412799999999999612e-01,5.633799999999999919e-01,1.735549999999999926e+00,1.614840000000000053e+00,1.494150000000000089e+00,1.373459999999999903e+00,1.252809999999999979e+00,1.164630000000000054e+00,1.108910000000000062e+00,1.053209999999999980e+00,9.975199999999999623e-01,9.418400000000000105e-01,8.750400000000000400e-01,7.971099999999999852e-01,7.191899999999999959e-01,6.412799999999999612e-01,5.633799999999999919e-01,9.229000000000000536e-01,8.665699999999999514e-01,8.104299999999999837e-01,7.545199999999999685e-01,6.988999999999999657e-01,9.229000000000000536e-01,8.665699999999999514e-01,8.104299999999999837e-01,7.545199999999999685e-01,6.988999999999999657e-01
FC_AoA_,-2.000000000000000000e+00
FC_Beta_,0.000000000000000000e+00
FC_Bref_,1.417173599999999922e+01
FC_Cref_,1.193975999999999926e+00
FC_Mach_,1.499999999999999944e-01
FC_Pitch_Rate,0.000000000000000000e+00
FC_Rho_,2.377000000000000206e-03
FC_Roll__Rate,0.000000000000000000e+00
FC_Sref_,1.619368700000000061e+01
FC_Vinf_,5.100000000000000000e+01
FC_Xcg_,1.774861999999999940e+00
FC_Yaw___Rate,0.000000000000000000e+00
FC_Ycg_,0.000000000000000000e+00
FC_Zcg_,7.545150000000000468e-01
S,3.314000000000000279e-02,8.981999999999999706e-02,1.368900000000000117e-01,1.839600000000000124e-01,2.310300000000000131e-01,2.997400000000000064e-01,4.117600000000000149e-01,5.454599999999999449e-01,6.791599999999999859e-01,8.128699999999999815e-01,9.157600000000000184e-01,9.578200000000000047e-01,9.698700000000000099e-01,9.819200000000000150e-01,9.939700000000000202e-01,3.314000000000000279e-02,8.981999999999999706e-02,1.368900000000000117e-01,1.839600000000000124e-01,2.310300000000000131e-01,2.997400000000000064e-01,4.117600000000000149e-01,5.454599999999999449e-01,6.791599999999999859e-01,8.128699999999999815e-01,9.157600000000000184e-01,9.578200000000000047e-01,9.698700000000000099e-01,9.819200000000000150e-01,9.939700000000000202e-01,1.020299999999999957e-01,3.035599999999999965e-01,5.025399999999999867e-01,7.015200000000000324e-01,9.005100000000000326e-01,1.020299999999999957e-01,3.035599999999999965e-01,5.025399999999999867e-01,7.015200000000000324e-01,9.005100000000000326e-01
V/Vref,9.732699999999999685e-01,9.779499999999999860e-01,9.656799999999999828e-01,9.674300000000000122e-01,9.776500000000000190e-01,9.868500000000000050e-01,9.953300000000000480e-01,9.970400000000000373e-01,9.995800000000000241e-01,1.001519999999999966e+00,1.006369999999999987e+00,1.005270000000000108e+00,1.005200000000000093e+00,1.004569999999999963e+00,1.004520000000000080e+00,9.734300000000000175e-01,9.780600000000000405e-01,9.659499999999999753e-01,9.677599999999999536e-01,9.779099999999999460e-01,9.873199999999999754e-01,9.951900000000000190e-01,9.965899999999999759e-01,9.992499999999999716e-01,1.001290000000000013e+00,1.006119999999999903e+00,1.005079999999999973e+00,1.005009999999999959e+00,1.004389999999999894e+00,1.004350000000000076e+00,9.504599999999999715e-01,9.667999999999999927e-01,9.779499999999999860e-01,9.897299999999999986e-01,9.933600000000000207e-01,9.505900000000000460e-01,9.662300000000000333e-01,9.776599999999999735e-01,9.899000000000000021e-01,9.935599999999999987e-01
WingId,1,1,1,1,1,1,1,1,1,1,1,1,1,1,1,2,2,2,2,2,2,2,2,2,2,2,2,2,2,2,3,3,3,3,3,4,4,4,4,4
Xavg,2.392879999999999896e+00,2.382319999999999993e+00,2.371750000000000025e+00,2.361190000000000122e+00,2.350620000000000154e+00,2.337899999999999867e+00,2.323770000000000113e+00,2.309619999999999784e+00,2.295469999999999899e+00,2.281299999999999883e+00,2.284749999999999837e+00,2.305000000000000160e+00,2.325239999999999974e+00,2.345470000000000166e+00,2.365699999999999914e+00,2.392879999999999896e+00,2.382319999999999993e+00,2.371750000000000025e+00,2.361190000000000122e+00,2.350620000000000154e+00,2.337899999999999867e+00,2.323770000000000113e+00,2.309619999999999784e+00,2.295469999999999899e+00,2.281299999999999883e+00,2.284749999999999837e+00,2.305000000000000160e+00,2.325239999999999974e+00,2.345470000000000166e+00,2.365699999999999914e+00,5.722059999999999924e+00,5.820210000000000328e+00,5.918350000000000222e+00,6.016490000000000116e+00,6.114630000000000010e+00,5.722059999999999924e+00,5.820210000000000328e+00,5.918350000000000222e+00,6.016490000000000116e+00,6.114630000000000010e+00
Yavg,1.718899999999999872e-01,5.195499999999999563e-01,8.671900000000000164e-01,1.214800000000000102e+00,1.562359999999999971e+00,2.228590000000000071e+00,3.216559999999999864e+00,4.204550000000000232e+00,5.192569999999999908e+00,6.180620000000000225e+00,6.716649999999999565e+00,6.791660000000000252e+00,6.866660000000000430e+00,6.941650000000000098e+00,7.016610000000000014e+00,-1.718899999999999872e-01,-5.195499999999999563e-01,-8.671900000000000164e-01,-1.214800000000000102e+00,-1.562359999999999971e+00,-2.228590000000000071e+00,-3.216559999999999864e+00,-4.204550000000000232e+00,-5.192569999999999908e+00,-6.180620000000000225e+00,-6.716649999999999565e+00,-6.791660000000000252e+00,-6.866660000000000430e+00,-6.941650000000000098e+00,-7.016610000000000014e+00,1.078800000000000037e-01,3.257399999999999740e-01,5.435900000000000176e-01,7.614400000000000057e-01,9.792699999999999738e-01,-1.078800000000000037e-01,-3.257399999999999740e-01,-5.435900000000000176e-01,-7.614400000000000057e-01,-9.792699999999999738e-01
Zavg,1.119259999999999922e+00,1.109900000000000109e+00,1.100540000000000074e+00,1.091180000000000039e+00,1.081830000000000069e+00,1.094910000000000050e+00,1.130849999999999911e+00,1.166740000000000110e+00,1.202599999999999891e+00,1.238469999999999960e+00,1.270329999999999959e+00,1.298289999999999944e+00,1.326240000000000085e+00,1.354190000000000005e+00,1.382130000000000081e+00,1.119259999999999922e+00,1.109900000000000109e+00,1.100540000000000074e+00,1.091180000000000039e+00,1.081830000000000069e+00,1.094910000000000050e+00,1.130849999999999911e+00,1.166740000000000110e+00,1.202599999999999891e+00,1.238469999999999960e+00,1.270329999999999959e+00,1.298289999999999944e+00,1.326240000000000085e+00,1.354190000000000005e+00,1.382130000000000081e+00,3.777900000000000147e-01,5.956799999999999873e-01,8.135799999999999699e-01,1.031470000000000109e+00,1.249349999999999961e+00,3.777900000000000147e-01,5.956799999999999873e-01,8.135799999999999699e-01,1.031470000000000109e+00,1.249349999999999961e+00
cd,-3.370999999999999691e-02,-3.253999999999999948e-02,2.001199999999999923e-01,2.291100000000000081e-01,2.445100000000000051e-01,2.327700000000000047e-01,-2.758999999999999994e-02,-1.391000000000000049e-02,-7.579999999999999932e-03,-4.089999999999999886e-03,-2.180000000000000080e-03,-3.069999999999999812e-03,-3.170000000000000075e-03,-2.870000000000000155e-03,-2.119999999999999923e-03,-3.352000000000000118e-02,-3.239999999999999825e-02,2.000899999999999901e-01,2.290300000000000114e-01,2.445499999999999896e-01,2.330399999999999971e-01,-2.716999999999999971e-02,-1.387000000000000038e-02,-7.579999999999999932e-03,-4.020000000000000136e-03,-2.139999999999999975e-03,-3.020000000000000115e-03,-3.109999999999999917e-03,-2.809999999999999998e-03,-2.069999999999999792e-03,5.660000000000000100e-03,-7.000000000000000146e-03,-4.673000000000000070e-02,-5.895999999999999852e-02,-3.962999999999999856e-02,5.839999999999999705e-03,-1.548000000000000070e-02,-5.494000000000000272e-02,-5.965000000000000163e-02,-4.005999999999999839e-02
cd*c/cref,-4.900047446514837340e-02,-4.401000824137168976e-02,2.504315815393274303e-01,2.635508758970029342e-01,2.565584007551240942e-01,2.270488896761744257e-01,-2.562432318572567883e-02,-1.227005492572715191e-02,-6.332791948916896389e-03,-3.226300696161396846e-03,-1.597676335202717927e-03,-2.049561883990967757e-03,-1.909445667249593101e-03,-1.541466160123821771e-03,-1.000326304716342603e-03,-4.872429261559696467e-02,-4.382065971175300167e-02,2.503940393274236564e-01,2.634588499266317108e-01,2.566003717830174224e-01,2.273122535126334276e-01,-2.523424650076718651e-02,-1.223477079941305556e-02,-6.332791948916896389e-03,-3.171082835835896570e-03,-1.568361173088906593e-03,-2.016181397281017248e-03,-1.873304739793764774e-03,-1.509240386741442057e-03,-9.767337031900138414e-04,4.374974036329038959e-03,-5.080495755358567338e-03,-3.171872290565305036e-02,-3.725912346646833434e-02,-2.319762457536834674e-02,4.514107486247629676e-03,-1.123515347042151717e-02,-3.729138960917138118e-02,-3.769516137677809270e-02,-2.344932728966076310e-02
cl,1.196600000000000108e+00,1.322840000000000016e+00,1.614549999999999930e+00,1.794389999999999930e+00,1.923859999999999904e+00,1.905710000000000015e+00,1.028610000000000024e+00,6.877699999999999925e-01,4.344799999999999773e-01,2.035399999999999987e-01,1.401499999999999968e-01,1.185299999999999965e-01,9.955999999999999572e-02,7.947999999999999510e-02,5.412999999999999756e-02,1.195610000000000062e+00,1.321609999999999951e+00,1.613299999999999956e+00,1.792869999999999964e+00,1.921929999999999916e+00,1.903860000000000108e+00,1.023169999999999913e+00,6.804200000000000248e-01,4.280900000000000261e-01,2.014900000000000024e-01,1.386300000000000032e-01,1.171100000000000058e-01,9.826999999999999624e-02,7.839000000000000135e-02,5.335999999999999771e-02,-4.099599999999999911e-01,-4.471300000000000274e-01,-5.314799999999999525e-01,-4.772600000000000176e-01,-3.540400000000000214e-01,-4.124599999999999933e-01,-3.906399999999999872e-01,-4.761299999999999977e-01,-4.809100000000000041e-01,-3.564800000000000191e-01
cl*c/cref,1.739364216701173360e+00,1.789127206577016738e+00,2.020459274307021325e+00,2.064131012181149138e+00,2.018659543072892859e+00,1.858870728808619477e+00,9.553256640837002323e-01,6.066840888761583228e-01,3.629909559321125023e-01,1.605577612950344069e-01,1.027129992562664657e-01,7.913178179460893247e-02,5.996984562503768906e-02,4.268840780719210248e-02,2.554135041240359824e-02,1.737925163906142156e+00,1.787463644495366877e+00,2.018895015477698340e+00,2.062382518744095172e+00,2.016634440977038256e+00,1.857066198818067004e+00,9.502732422594759587e-01,6.002006306659430912e-01,3.576523621915348450e-01,1.589406668140733170e-01,1.015990230959416402e-01,7.818377597204634322e-02,5.919281568473738070e-02,4.210297292407887831e-02,2.517802434889813631e-02,-3.168841618256983406e-01,-3.245202952990680068e-01,-3.607504140786749747e-01,-3.015992073542517193e-01,-2.072391371350847944e-01,-3.188165708523454378e-01,-2.835206945533243483e-01,-3.231807305171963685e-01,-3.039057847058902473e-01,-2.086674036999068838e-01
cmx,1.088500000000000023e-01,4.062999999999999945e-01,9.019000000000000350e-01,1.555809999999999915e+00,2.367869999999999919e+00,3.660419999999999785e+00,3.011639999999999873e+00,2.758509999999999796e+00,2.270709999999999784e+00,1.340999999999999970e+00,1.108749999999999902e+00,1.041560000000000041e+00,9.806799999999999962e-01,8.881200000000000205e-01,6.963799999999999990e-01,-1.087499999999999994e-01,-4.059200000000000030e-01,-9.012200000000000211e-01,-1.554529999999999967e+00,-2.365520000000000067e+00,-3.657109999999999861e+00,-2.995569999999999844e+00,-2.728979999999999961e+00,-2.237289999999999779e+00,-1.327509999999999968e+00,-1.096729999999999983e+00,-1.029039999999999955e+00,-9.679400000000000226e-01,-8.759900000000000464e-01,-6.864599999999999591e-01,1.339700000000000057e-01,-8.243000000000000327e-02,-3.877700000000000036e-01,-6.718699999999999672e-01,-7.661900000000000377e-01,-1.347500000000000087e-01,5.233000000000000151e-02,3.586099999999999843e-01,6.768399999999999972e-01,7.713499999999999801e-01
cmx*c/cref,1.582231280193236722e-01,5.495164827433717258e-01,1.128644030533277220e+00,1.789686562041447937e+00,2.484548445446139731e+00,3.570452793523487767e+00,2.797072732115218674e+00,2.433290381967476712e+00,1.897088919040248456e+00,1.057816438521377300e+00,8.125796498422079850e-01,6.953555947523233360e-01,5.907114122896942598e-01,4.770058976059820544e-01,3.285883170180975421e-01,-1.580777691511387195e-01,-5.490025367344067986e-01,-1.127793073730125384e+00,-1.788214146515507696e+00,-2.482082647557405153e+00,-3.567224147972823722e+00,-2.782147655145497112e+00,-2.407241875716095159e+00,-1.869167823138823348e+00,-1.047175168010077373e+00,-8.037704436270076691e-01,-6.869971208801516349e-01,-5.830374886932401246e-01,-4.704909204205109940e-01,-3.239075448752738451e-01,1.035539349199649101e-01,-5.982646644488667093e-02,-2.632049899662974868e-01,-4.245808562316160106e-01,-4.484932620086166111e-01,-1.041568465362787965e-01,3.798033469684482938e-02,2.434121810656160734e-01,4.277215930638472163e-01,4.515136945801255242e-01
cmy,-4.823600000000000110e-01,-5.475799999999999557e-01,-6.248500000000000165e-01,-7.211699999999999777e-01,-8.129499999999999504e-01,-8.270399999999999974e-01,-5.134100000000000330e-01,-3.653000000000000136e-01,-2.338899999999999868e-01,-9.217999999999999805e-02,-6.117000000000000215e-02,-5.934999999999999998e-02,-5.818000000000000255e-02,-5.517999999999999988e-02,-4.555000000000000021e-02,-4.821400000000000130e-01,-5.472700000000000342e-01,-6.247000000000000330e-01,-7.209499999999999797e-01,-8.124700000000000255e-01,-8.268799999999999484e-01,-5.109900000000000553e-01,-3.614899999999999780e-01,-2.302700000000000025e-01,-9.143999999999999351e-02,-6.062000000000000027e-02,-5.872000000000000136e-02,-5.748999999999999944e-02,-5.448999999999999677e-02,-4.497999999999999915e-02,1.654509999999999925e+00,1.986890000000000045e+00,2.551439999999999930e+00,2.518269999999999786e+00,2.050419999999999909e+00,1.664879999999999916e+00,1.723070000000000102e+00,2.273859999999999992e+00,2.537059999999999871e+00,2.063800000000000079e+00
cmy*c/cref,-7.011530365769496065e-01,-7.405961989185712024e-01,-7.819417036020825940e-01,-8.295796131580533972e-01,-8.530086781476344804e-01,-8.067126937224868843e-01,-4.768315972012838744e-01,-3.222322835634887639e-01,-1.954058982760122354e-01,-7.271403378292361219e-02,-4.483021166254599205e-02,-3.962263772471138340e-02,-3.504465265633480153e-02,-2.963696958732838990e-02,-2.149285999048557161e-02,-7.008332470669427217e-01,-7.401769271744156331e-01,-7.817539925425638359e-01,-8.293265417395323524e-01,-8.525050258129143188e-01,-8.065566262638445005e-01,-4.745840124927135362e-01,-3.188714705320709886e-01,-1.923815306170308381e-01,-7.213030211662546654e-02,-4.442712818348108078e-02,-3.920204359216600959e-02,-3.462903199059277903e-02,-2.926637319343102298e-02,-2.122390433308542212e-02,1.278876023471158696e+00,1.442055173052054773e+00,1.731830052865384273e+00,1.591393026660502308e+00,1.200223905673145852e+00,1.286891656113690718e+00,1.250578545883669568e+00,1.543418259496003531e+00,1.603267160478937470e+00,1.208055957573686667e+00
cmz,2.363000000000000170e-02,4.762000000000000260e-02,-6.303999999999999881e-02,-1.972399999999999987e-01,-3.419099999999999917e-01,-6.233499999999999597e-01,-5.340999999999999914e-02,-5.185000000000000026e-02,-4.723999999999999727e-02,-2.425000000000000072e-02,-4.766000000000000097e-02,-3.366000000000000242e-02,-2.557999999999999857e-02,-1.966999999999999998e-02,-1.379999999999999977e-02,-2.361999999999999864e-02,-4.755000000000000199e-02,6.310999999999999943e-02,1.972399999999999987e-01,3.420300000000000007e-01,6.239000000000000101e-01,5.390000000000000346e-02,5.079000000000000181e-02,4.590999999999999942e-02,2.418999999999999970e-02,4.732000000000000095e-02,3.341000000000000220e-02,2.543000000000000121e-02,1.961999999999999855e-02,1.379999999999999977e-02,1.704369999999999941e+00,1.939510000000000067e+00,2.676109999999999989e+00,2.898429999999999840e+00,2.385130000000000194e+00,-1.714839999999999920e+00,-1.977319999999999967e+00,-2.721659999999999968e+00,-2.918629999999999836e+00,-2.400290000000000035e+00
cmz*c/cref,3.434830055210490174e-02,6.440554986029871365e-02,-7.888870128042775598e-02,-2.268900299503507356e-01,-3.587578536754507663e-01,-6.080290646545659650e-01,-4.960475177055485851e-02,-4.573704873464793513e-02,-3.946716248902825547e-02,-1.912904446990559490e-02,-3.492901565860621199e-02,-2.247174365313875724e-02,-1.540808207200144650e-02,-1.056468270719009353e-02,-6.511558021266758943e-03,-3.433376466528639814e-02,-6.431087559548936960e-02,7.897629977486984865e-02,2.268900299503507356e-01,3.588837667591308622e-01,6.085655465436491385e-01,5.005984123633976796e-02,4.480201938732437245e-02,3.835599978559033063e-02,1.908171487534087926e-02,3.467983678063880915e-02,2.230484121958900556e-02,1.531772975336187850e-02,1.053782789603811137e-02,6.511558021266758943e-03,1.317415989098608353e+00,1.407667474639356264e+00,1.816451777338908169e+00,1.831630957071163746e+00,1.396148127768062519e+00,-1.325508918102206390e+00,-1.435109409569371719e+00,-1.847369556674506308e+00,-1.844396124880232080e+00,-1.405022111834743681e+00
cs,5.251999999999999724e-02,9.422999999999999432e-02,1.437199999999999867e-01,1.074200000000000016e-01,8.819000000000000450e-02,-9.218999999999999417e-02,-5.460000000000000270e-02,-2.293999999999999859e-02,-1.478999999999999933e-02,-9.100000000000000450e-03,-5.575000000000000094e-02,-4.565000000000000308e-02,-3.704999999999999960e-02,-2.896999999999999922e-02,-1.943999999999999895e-02,-5.249999999999999806e-02,-9.414000000000000146e-02,-1.435200000000000087e-01,-1.072000000000000036e-01,-8.794000000000000428e-02,9.221999999999999642e-02,5.442000000000000309e-02,2.264999999999999999e-02,1.451999999999999992e-02,8.980000000000000135e-03,5.514999999999999764e-02,4.510999999999999732e-02,3.658000000000000140e-02,2.860000000000000042e-02,1.918999999999999873e-02,4.249899999999999789e-01,4.402300000000000102e-01,5.514400000000000412e-01,5.297300000000000342e-01,3.921700000000000186e-01,-4.275100000000000011e-01,-4.480500000000000038e-01,-5.602800000000000002e-01,-5.334900000000000198e-01,-3.947399999999999798e-01
cs*c/cref,7.634247757073843454e-02,1.274450853283483065e-01,1.798522231602645294e-01,1.235678717160143825e-01,9.253562374788104616e-02,-8.992411882650908073e-02,-5.070996904460391835e-02,-2.023544644113449420e-02,-1.235646344650143634e-02,-7.178321842315088866e-03,-4.085800719612454890e-02,-3.047638436618491792e-02,-2.231702270397395091e-02,-1.555967758145892360e-02,-9.172803473436651200e-03,-7.631340579710144123e-02,-1.273233612735934495e-01,-1.796019417475728519e-01,-1.233148002974934210e-01,-9.227330482354755004e-02,8.995338147500452075e-02,5.054279332247885170e-02,1.997963652535729440e-02,1.213088906309674544e-02,7.083662653185659325e-03,4.041827976441737802e-02,3.011587510971744722e-02,2.203391877223662837e-02,1.536095197893425079e-02,9.054840465805007177e-03,3.285018048939007396e-01,3.195123780545002790e-01,3.742985781958766967e-01,3.347570467078065382e-01,2.295587289861772684e-01,-3.304496731927610287e-01,-3.251880175983437038e-01,-3.802988673139158782e-01,-3.371331373494944605e-01,-2.310630917204365697e-01
cx,8.070000000000000784e-03,1.365000000000000067e-02,2.563500000000000223e-01,2.916000000000000258e-01,3.114999999999999991e-01,2.991300000000000070e-01,8.319999999999999271e-03,1.009999999999999960e-02,7.590000000000000392e-03,3.020000000000000115e-03,2.710000000000000169e-03,1.069999999999999988e-03,3.099999999999999999e-04,-9.000000000000000567e-05,-2.300000000000000070e-04,8.229999999999999469e-03,1.375000000000000007e-02,2.562699999999999978e-01,2.914599999999999969e-01,3.114700000000000246e-01,2.993399999999999950e-01,8.550000000000000308e-03,9.879999999999999893e-03,7.360000000000000223e-03,3.020000000000000115e-03,2.700000000000000143e-03,1.069999999999999988e-03,3.200000000000000262e-04,-8.000000000000000654e-05,-2.100000000000000087e-04,-8.649999999999999703e-03,-2.259999999999999856e-02,-6.525000000000000244e-02,-7.557999999999999441e-02,-5.195999999999999924e-02,-8.559999999999999901e-03,-2.911000000000000046e-02,-7.152000000000000024e-02,-7.639999999999999569e-02,-5.247000000000000275e-02
cx*c/cref,1.173046066252588122e-02,1.846148163782186657e-02,3.207982007176023997e-01,3.354346620032563342e-01,3.268493797195253792e-01,2.917778681481035252e-01,7.727233378225358169e-03,8.909241894309433835e-03,6.341146555709662944e-03,2.382256259757315180e-03,1.986102233210718104e-03,7.143424155929432775e-04,1.867281251884459999e-04,-4.833866007356932016e-05,-1.085259670211126626e-04,1.196303485162180692e-02,1.859673058754950092e-02,3.206980881525257066e-01,3.352736165551066239e-01,3.268179014486053968e-01,2.919827066875716470e-01,7.940846800940723135e-03,8.715179199581901334e-03,6.148990599476036531e-03,2.382256259757315180e-03,1.978773442682265488e-03,7.143424155929432775e-04,1.927516130977507481e-04,-4.296769784317273054e-05,-9.908892641058112555e-05,-6.686135232198972891e-03,-1.640274343872908519e-02,-4.428946436109269108e-02,-4.776194965392938779e-02,-3.041505356891595693e-02,-6.616568507239677099e-03,-2.112760449121255449e-02,-4.854532553418159507e-02,-4.828013963429750310e-02,-3.071358469516975373e-02
cy,5.251999999999999724e-02,9.422999999999999432e-02,1.437199999999999867e-01,1.074200000000000016e-01,8.819000000000000450e-02,-9.218999999999999417e-02,-5.460000000000000270e-02,-2.293999999999999859e-02,-1.478999999999999933e-02,-9.100000000000000450e-03,-5.575000000000000094e-02,-4.565000000000000308e-02,-3.704999999999999960e-02,-2.896999999999999922e-02,-1.943999999999999895e-02,-5.249999999999999806e-02,-9.414000000000000146e-02,-1.435200000000000087e-01,-1.072000000000000036e-01,-8.794000000000000428e-02,9.221999999999999642e-02,5.442000000000000309e-02,2.264999999999999999e-02,1.451999999999999992e-02,8.980000000000000135e-03,5.514999999999999764e-02,4.510999999999999732e-02,3.658000000000000140e-02,2.860000000000000042e-02,1.918999999999999873e-02,4.249899999999999789e-01,4.402300000000000102e-01,5.514400000000000412e-01,5.297300000000000342e-01,3.921700000000000186e-01,-4.275100000000000011e-01,-4.480500000000000038e-01,-5.602800000000000002e-01,-5.334900000000000198e-01,-3.947399999999999798e-01
cy*c/cref,7.634247757073843454e-02,1.274450853283483065e-01,1.798522231602645294e-01,1.235678717160143825e-01,9.253562374788104616e-02,-8.992411882650908073e-02,-5.070996904460391835e-02,-2.023544644113449420e-02,-1.235646344650143634e-02,-7.178321842315088866e-03,-4.085800719612454890e-02,-3.047638436618491792e-02,-2.231702270397395091e-02,-1.555967758145892360e-02,-9.172803473436651200e-03,-7.631340579710144123e-02,-1.273233612735934495e-01,-1.796019417475728519e-01,-1.233148002974934210e-01,-9.227330482354755004e-02,8.995338147500452075e-02,5.054279332247885170e-02,1.997963652535729440e-02,1.213088906309674544e-02,7.083662653185659325e-03,4.041827976441737802e-02,3.011587510971744722e-02,2.203391877223662837e-02,1.536095197893425079e-02,9.054840465805007177e-03,3.285018048939007396e-01,3.195123780545002790e-01,3.742985781958766967e-01,3.347570467078065382e-01,2.295587289861772684e-01,-3.304496731927610287e-01,-3.251880175983437038e-01,-3.802988673139158782e-01,-3.371331373494944605e-01,-2.310630917204365697e-01
cz,1.197049999999999947e+00,1.323169999999999957e+00,1.606579999999999897e+00,1.785300000000000109e+00,1.914150000000000018e+00,1.896430000000000060e+00,1.028939999999999966e+00,6.878300000000000525e-01,4.344799999999999773e-01,2.035599999999999909e-01,1.401399999999999868e-01,1.185699999999999948e-01,9.961000000000000409e-02,7.953000000000000347e-02,5.417000000000000287e-02,1.196050000000000058e+00,1.321930000000000049e+00,1.605329999999999924e+00,1.783789999999999987e+00,1.912220000000000031e+00,1.894560000000000022e+00,1.023500000000000076e+00,6.804900000000000393e-01,4.280999999999999805e-01,2.015099999999999947e-01,1.386199999999999932e-01,1.171399999999999941e-01,9.830999999999999461e-02,7.843999999999999584e-02,5.340000000000000302e-02,-4.099099999999999966e-01,-4.466100000000000070e-01,-5.295299999999999452e-01,-4.749099999999999988e-01,-3.524399999999999755e-01,-4.124099999999999988e-01,-3.898599999999999843e-01,-4.739300000000000179e-01,-4.785400000000000209e-01,-3.548600000000000088e-01
cz*c/cref,1.740018331608005342e+00,1.789573528111117806e+00,2.010485560011256556e+00,2.053674561297714529e+00,2.008471076051780102e+00,1.849818816207361216e+00,9.556321529075961774e-01,6.067370150656296035e-01,3.629909559321125023e-01,1.605735378265559787e-01,1.027056704657380165e-01,7.915848618397688941e-02,5.999996306458421635e-02,4.271526261834408811e-02,2.556022449362466489e-02,1.738564742926155926e+00,1.787896441134495307e+00,2.008921301181933572e+00,2.051937571106956959e+00,2.006445973955925499e+00,1.847994777784478293e+00,9.505797310833720148e-01,6.002623778869927706e-01,3.576607167983275604e-01,1.589564433455948889e-01,1.015916943054131771e-01,7.820380426407230745e-02,5.921690963637460392e-02,4.212982773523085700e-02,2.519689843011919950e-02,-3.168455136451654441e-01,-3.241428870429556297e-01,-3.594268208908721896e-01,-3.001141507031967470e-01,-2.063025688958571857e-01,-3.187779226718125414e-01,-2.829545821691558105e-01,-3.216874458950599314e-01,-3.024080892748263194e-01,-2.077191283576889369e-01
Results_Name,VSPAERO_Comp_Load
Results_Timestamp,1758915291
Results_Date,9,26,2025
Results_Time,15,34,51
AoA,-2.000000000000000000e+00,-2.000000000000000000e+00,-2.000000000000000000e+00,-2.000000000000000000e+00,-2.000000000000000000e+00,-2.000000000000000000e+00,-2.000000000000000000e+00,-2.000000000000000000e+00,-2.000000000000000000e+00
Beta,0.000000000000000000e+00,0.000000000000000000e+00,0.000000000000000000e+00,0.000000000000000000e+00,0.000000000000000000e+00,0.000000000000000000e+00,0.000000000000000000e+00,0.000000000000000000e+00,0.000000000000000000e+00
CDi,0.000000000000000000e+00,3.119999999999999857e-02,3.126000000000000306e-02,-2.089999999999999844e-03,-2.370000000000000145e-03,0.000000000000000000e+00,0.000000000000000000e+00,0.000000000000000000e+00,0.000000000000000000e+00
CFx,0.000000000000000000e+00,5.027999999999999831e-02,5.029000000000000137e-02,-3.279999999999999930e-03,-3.490000000000000047e-03,0.000000000000000000e+00,0.000000000000000000e+00,0.000000000000000000e+00,0.000000000000000000e+00
CFy,0.000000000000000000e+00,1.719999999999999958e-03,-1.760000000000000063e-03,3.561999999999999889e-02,-3.601000000000000034e-02,0.000000000000000000e+00,0.000000000000000000e+00,0.000000000000000000e+00,0.000000000000000000e+00
CFz,0.000000000000000000e+00,5.458899999999999864e-01,5.441500000000000226e-01,-3.382000000000000284e-02,-3.218000000000000027e-02,0.000000000000000000e+00,0.000000000000000000e+00,0.000000000000000000e+00,0.000000000000000000e+00
CL,0.000000000000000000e+00,5.473099999999999632e-01,5.455699999999999994e-01,-3.391000000000000264e-02,-3.228000000000000314e-02,0.000000000000000000e+00,0.000000000000000000e+00,0.000000000000000000e+00,0.000000000000000000e+00
Cmx,0.000000000000000000e+00,8.276999999999999635e-02,-8.230999999999999428e-02,-1.280000000000000105e-03,1.229999999999999974e-03,1.000000000000000082e-05,-2.000000000000000164e-05,-0.000000000000000000e+00,0.000000000000000000e+00
Cmy,0.000000000000000000e+00,-2.566300000000000248e-01,-2.559699999999999753e-01,1.104200000000000043e-01,1.048499999999999988e-01,-1.528999999999999977e-02,-1.536000000000000039e-02,-0.000000000000000000e+00,1.000000000000000082e-05
Cmz,0.000000000000000000e+00,-5.910000000000000323e-03,5.910000000000000323e-03,9.929999999999999591e-03,-1.004000000000000031e-02,3.000000000000000076e-05,-3.000000000000000076e-05,1.000000000000000082e-05,1.000000000000000082e-05
Comp_ID,0,1,2,3,4,5,6,7,8
Comp_Name,NONE,main_wing,main_wing,horizontal_tail,horizontal_tail,fuselage,fuselage,fuselage,fuselage
Cs,0.000000000000000000e+00,1.719999999999999958e-03,-1.760000000000000063e-03,3.561999999999999889e-02,-3.601000000000000034e-02,0.000000000000000000e+00,0.000000000000000000e+00,0.000000000000000000e+00,0.000000000000000000e+00
Mach,1.499999999999999944e-01,1.499999999999999944e-01,1.499999999999999944e-01,1.499999999999999944e-01,1.499999999999999944e-01,1.499999999999999944e-01,1.499999999999999944e-01,1.499999999999999944e-01,1.499999999999999944e-01
Results_Name,VSPAERO_Load
Results_Timestamp,1758915291
Results_Date,9,26,2025
Results_Time,15,34,51
AnalysisMethod,0
Chord,1.735549999999999926e+00,1.614840000000000053e+00,1.494150000000000089e+00,1.373459999999999903e+00,1.252809999999999979e+00,1.164630000000000054e+00,1.108910000000000062e+00,1.053209999999999980e+00,9.975199999999999623e-01,9.418400000000000105e-01,8.750400000000000400e-01,7.971099999999999852e-01,7.191899999999999959e-01,6.412799999999999612e-01,5.633799999999999919e-01,1.735549999999999926e+00,1.614840000000000053e+00,1.494150000000000089e+00,1.373459999999999903e+00,1.252809999999999979e+00,1.164630000000000054e+00,1.108910000000000062e+00,1.053209999999999980e+00,9.975199999999999623e-01,9.418400000000000105e-01,8.750400000000000400e-01,7.971099999999999852e-01,7.191899999999999959e-01,6.412799999999999612e-01,5.633799999999999919e-01,9.229000000000000536e-01,8.665699999999999514e-01,8.104299999999999837e-01,7.545199999999999685e-01,6.988999999999999657e-01,9.229000000000000536e-01,8.665699999999999514e-01,8.104299999999999837e-01,7.545199999999999685e-01,6.988999999999999657e-01
FC_AoA_,-1.000000000000000000e+00
FC_Beta_,0.000000000000000000e+00
FC_Bref_,1.417173599999999922e+01
FC_Cref_,1.193975999999999926e+00
FC_Mach_,1.499999999999999944e-01
FC_Pitch_Rate,0.000000000000000000e+00
FC_Rho_,2.377000000000000206e-03
FC_Roll__Rate,0.000000000000000000e+00
FC_Sref_,1.619368700000000061e+01
FC_Vinf_,5.100000000000000000e+01
FC_Xcg_,1.774861999999999940e+00
FC_Yaw___Rate,0.000000000000000000e+00
FC_Ycg_,0.000000000000000000e+00
FC_Zcg_,7.545150000000000468e-01
S,3.314000000000000279e-02,8.981999999999999706e-02,1.368900000000000117e-01,1.839600000000000124e-01,2.310300000000000131e-01,2.997400000000000064e-01,4.117600000000000149e-01,5.454599999999999449e-01,6.791599999999999859e-01,8.128699999999999815e-01,9.157600000000000184e-01,9.578200000000000047e-01,9.698700000000000099e-01,9.819200000000000150e-01,9.939700000000000202e-01,3.314000000000000279e-02,8.981999999999999706e-02,1.368900000000000117e-01,1.839600000000000124e-01,2.310300000000000131e-01,2.997400000000000064e-01,4.117600000000000149e-01,5.454599999999999449e-01,6.791599999999999859e-01,8.128699999999999815e-01,9.157600000000000184e-01,9.578200000000000047e-01,9.698700000000000099e-01,9.819200000000000150e-01,9.939700000000000202e-01,1.020299999999999957e-01,3.035599999999999965e-01,5.025399999999999867e-01,7.015200000000000324e-01,9.005100000000000326e-01,1.020299999999999957e-01,3.035599999999999965e-01,5.025399999999999867e-01,7.015200000000000324e-01,9.005100000000000326e-01
V/Vref,9.750299999999999523e-01,9.800100000000000477e-01,9.683100000000000041e-01,9.701400000000000023e-01,9.807000000000000162e-01,9.898400000000000531e-01,9.986599999999999921e-01,9.991299999999999626e-01,1.000899999999999901e+00,1.002490000000000103e+00,1.008480000000000043e+00,1.006420000000000092e+00,1.006510000000000016e+00,1.005730000000000013e+00,1.005679999999999907e+00,9.753500000000000503e-01,9.802400000000000002e-01,9.686599999999999655e-01,9.705300000000000038e-01,9.809900000000000286e-01,9.903899999999999926e-01,9.983400000000000052e-01,9.987800000000000011e-01,1.000599999999999934e+00,1.002199999999999980e+00,1.008210000000000051e+00,1.006150000000000100e+00,1.006250000000000089e+00,1.005479999999999929e+00,1.005449999999999955e+00,9.524899999999999478e-01,9.688600000000000545e-01,9.806099999999999817e-01,9.923899999999999944e-01,9.956599999999999895e-01,9.525000000000000133e-01,9.686900000000000510e-01,9.802899999999999947e-01,9.917399999999999549e-01,9.954699999999999660e-01
WingId,1,1,1,1,1,1,1,1,1,1,1,1,1,1,1,2,2,2,2,2,2,2,2,2,2,2,2,2,2,2,3,3,3,3,3,4,4,4,4,4
Xavg,2.392879999999999896e+00,2.382319999999999993e+00,2.371750000000000025e+00,2.361190000000000122e+00,2.350620000000000154e+00,2.337899999999999867e+00,2.323770000000000113e+00,2.309619999999999784e+00,2.295469999999999899e+00,2.281299999999999883e+00,2.284749999999999837e+00,2.305000000000000160e+00,2.325239999999999974e+00,2.345470000000000166e+00,2.365699999999999914e+00,2.392879999999999896e+00,2.382319999999999993e+00,2.371750000000000025e+00,2.361190000000000122e+00,2.350620000000000154e+00,2.337899999999999867e+00,2.323770000000000113e+00,2.309619999999999784e+00,2.295469999999999899e+00,2.281299999999999883e+00,2.284749999999999837e+00,2.305000000000000160e+00,2.325239999999999974e+00,2.345470000000000166e+00,2.365699999999999914e+00,5.722059999999999924e+00,5.820210000000000328e+00,5.918350000000000222e+00,6.016490000000000116e+00,6.114630000000000010e+00,5.722059999999999924e+00,5.820210000000000328e+00,5.918350000000000222e+00,6.016490000000000116e+00,6.114630000000000010e+00
Yavg,1.718899999999999872e-01,5.195499999999999563e-01,8.671900000000000164e-01,1.214800000000000102e+00,1.562359999999999971e+00,2.228590000000000071e+00,3.216559999999999864e+00,4.204550000000000232e+00,5.192569999999999908e+00,6.180620000000000225e+00,6.716649999999999565e+00,6.791660000000000252e+00,6.866660000000000430e+00,6.941650000000000098e+00,7.016610000000000014e+00,-1.718899999999999872e-01,-5.195499999999999563e-01,-8.671900000000000164e-01,-1.214800000000000102e+00,-1.562359999999999971e+00,-2.228590000000000071e+00,-3.216559999999999864e+00,-4.204550000000000232e+00,-5.192569999999999908e+00,-6.180620000000000225e+00,-6.716649999999999565e+00,-6.791660000000000252e+00,-6.866660000000000430e+00,-6.941650000000000098e+00,-7.016610000000000014e+00,1.078800000000000037e-01,3.257399999999999740e-01,5.435900000000000176e-01,7.614400000000000057e-01,9.792699999999999738e-01,-1.078800000000000037e-01,-3.257399999999999740e-01,-5.435900000000000176e-01,-7.614400000000000057e-01,-9.792699999999999738e-01
Zavg,1.119259999999999922e+00,1.109900000000000109e+00,1.100540000000000074e+00,1.091180000000000039e+00,1.081830000000000069e+00,1.094910000000000050e+00,1.130849999999999911e+00,1.166740000000000110e+00,1.202599999999999891e+00,1.238469999999999960e+00,1.270329999999999959e+00,1.298289999999999944e+00,1.326240000000000085e+00,1.354190000000000005e+00,1.382130000000000081e+00,1.119259999999999922e+00,1.109900000000000109e+00,1.100540000000000074e+00,1.091180000000000039e+00,1.081830000000000069e+00,1.094910000000000050e+00,1.130849999999999911e+00,1.166740000000000110e+00,1.202599999999999891e+00,1.238469999999999960e+00,1.270329999999999959e+00,1.298289999999999944e+00,1.326240000000000085e+00,1.354190000000000005e+00,1.382130000000000081e+00,3.777900000000000147e-01,5.956799999999999873e-01,8.135799999999999699e-01,1.031470000000000109e+00,1.249349999999999961e+00,3.777900000000000147e-01,5.956799999999999873e-01,8.135799999999999699e-01,1.031470000000000109e+00,1.249349999999999961e+00
cd,-2.632999999999999924e-02,-2.494999999999999996e-02,2.111000000000000099e-01,2.400200000000000111e-01,2.543400000000000105e-01,2.417499999999999927e-01,-2.664000000000000049e-02,-1.370999999999999996e-02,-7.629999999999999630e-03,-4.539999999999999765e-03,-1.869999999999999917e-03,-4.009999999999999676e-03,-4.969999999999999592e-03,-4.879999999999999789e-03,-4.009999999999999676e-03,-2.586000000000000104e-02,-2.493000000000000077e-02,2.105799999999999894e-01,2.394100000000000117e-01,2.540899999999999825e-01,2.419399999999999884e-01,-2.648000000000000007e-02,-1.387999999999999998e-02,-7.660000000000000142e-03,-4.420000000000000318e-03,-1.799999999999999951e-03,-3.919999999999999873e-03,-4.870000000000000197e-03,-4.780000000000000394e-03,-3.919999999999999873e-03,1.260000000000000052e-03,-1.476000000000000055e-02,-5.475000000000000006e-02,-5.990999999999999798e-02,-4.025000000000000105e-02,1.559999999999999972e-03,-1.644999999999999934e-02,-5.705999999999999961e-02,-6.037000000000000005e-02,-4.052000000000000046e-02
cd*c/cref,-3.827298999309868693e-02,-3.374461295704436758e-02,2.641720310961024887e-01,2.761009176063840553e-01,2.668727808599168361e-01,2.358081757924782584e-01,-2.474200687451004466e-02,-1.209363429415666671e-02,-6.374564982880727426e-03,-3.581272655396758493e-03,-1.370483828820679871e-03,-2.677115034138039494e-03,-2.993673490924440503e-03,-2.621029568433536332e-03,-1.892126642411572556e-03,-3.758980331262939956e-02,-3.371756316709884072e-02,2.635212994231039829e-01,2.753992195823031786e-01,2.666104619355832983e-01,2.359935058996160684e-01,-2.459340623262109421e-02,-1.224359183099157922e-02,-6.399628803259027089e-03,-3.486613466267328952e-03,-1.319182295121510036e-03,-2.617030158060128578e-03,-2.933438611831393726e-03,-2.567319946129570721e-03,-1.849659959664180829e-03,9.739341494301394621e-04,-1.071258819272749227e-02,-3.716242411907777488e-02,-3.785946551689481354e-02,-2.356054476806903816e-02,1.205823232627791560e-03,-1.193916502509263095e-02,-3.873037297232105602e-02,-3.815015745710131911e-02,-2.371859065843869366e-02
cl,1.265719999999999956e+00,1.396260000000000057e+00,1.687079999999999913e+00,1.871480000000000032e+00,2.005900000000000016e+00,1.991630000000000011e+00,1.128710000000000102e+00,7.855600000000000360e-01,5.284100000000000463e-01,2.869900000000000229e-01,2.125599999999999989e-01,1.870699999999999863e-01,1.631199999999999872e-01,1.365300000000000125e-01,9.736999999999999822e-02,1.263959999999999972e+00,1.393769999999999953e+00,1.684250000000000025e+00,1.868149999999999977e+00,2.001949999999999896e+00,1.987400000000000055e+00,1.116360000000000019e+00,7.714299999999999491e-01,5.178899999999999615e-01,2.840699999999999892e-01,2.104300000000000059e-01,1.850999999999999868e-01,1.612800000000000067e-01,1.349599999999999966e-01,9.624000000000000610e-02,-3.815899999999999848e-01,-3.682000000000000273e-01,-4.553099999999999925e-01,-4.534199999999999897e-01,-3.341399999999999926e-01,-3.850199999999999734e-01,-3.733799999999999897e-01,-4.609400000000000164e-01,-4.547300000000000231e-01,-3.358099999999999974e-01
cl*c/cref,1.839836266390614039e+00,1.888426985467044794e+00,2.111223828619670950e+00,2.152809537880158164e+00,2.104742121282169975e+00,1.942678954099580135e+00,1.048293940665474100e+00,6.929449566825465201e-01,4.414657775365669057e-01,2.263853390687920464e-01,1.557807714727934556e-01,1.248897529766092307e-01,9.825513477657842054e-02,7.332974733160466108e-02,4.594423221237278060e-02,1.837277950310558960e+00,1.885059286618826713e+00,2.107682346630083359e+00,2.148978956863454304e+00,2.100597482277700934e+00,1.938552920661722023e+00,1.036823828619670929e+00,6.804808390620916692e-01,4.326767311905766467e-01,2.240819654666425520e-01,1.542197390902330101e-01,1.235745618002371815e-01,9.714681300126636054e-02,7.248650626143239573e-02,4.541103941787775350e-02,-2.949551841913070627e-01,-2.672340767318606147e-01,-3.090488278658867771e-01,-2.865337815835494184e-01,-1.955905696596916543e-01,-2.976064493758668328e-01,-2.709936435908259500e-01,-3.128702789670814721e-01,-2.873616216741375351e-01,-1.965681127593854327e-01
cmx,1.152900000000000036e-01,4.295700000000000074e-01,9.461600000000000010e-01,1.627830000000000110e+00,2.475929999999999964e+00,3.835170000000000190e+00,3.303529999999999855e+00,3.151029999999999998e+00,2.762059999999999960e+00,1.891159999999999952e+00,1.680879999999999930e+00,1.642090000000000050e+00,1.604470000000000063e+00,1.522559999999999913e+00,1.249779999999999891e+00,-1.151299999999999962e-01,-4.288199999999999790e-01,-9.446299999999999697e-01,-1.624989999999999934e+00,-2.471089999999999787e+00,-3.827379999999999782e+00,-3.267149999999999999e+00,-3.094300000000000050e+00,-2.707030000000000047e+00,-1.871950000000000003e+00,-1.663999999999999924e+00,-1.624889999999999946e+00,-1.586359999999999992e+00,-1.505109999999999948e+00,-1.235270000000000090e+00,1.240099999999999952e-01,-5.335000000000000159e-02,-3.433599999999999985e-01,-6.394800000000000484e-01,-7.236299999999999955e-01,-1.250900000000000067e-01,5.435000000000000248e-02,3.465400000000000147e-01,6.410400000000000542e-01,7.271400000000000086e-01
cmx*c/cref,1.675842391304347700e-01,5.809889133449919196e-01,1.184031307161953039e+00,1.872532941868178202e+00,2.597933177300046470e+00,3.740907721009468112e+00,3.068166740621252053e+00,2.779533513487708607e+00,2.307592523802823425e+00,1.491797267616769673e+00,1.231881742346579989e+00,1.096275268430856320e+00,9.664505645842128567e-01,8.177612253512632767e-01,5.897112307115049967e-01,-1.673516649413388513e-01,-5.799745462220345926e-01,-1.182116654354861573e+00,-1.869266019919998190e+00,-2.592854682924949916e+00,-3.733309186616816433e+00,-3.034378669671752515e+00,-2.729491801342740942e+00,-2.261617122622230358e+00,-1.476643909090300077e+00,-1.219510743934551611e+00,-1.084792381002633199e+00,-9.555420279804619499e-01,-8.083888962592212790e-01,-5.828646577485645519e-01,9.585521735780283548e-02,-3.872063550691136335e-02,-2.330610035712610828e-01,-4.041123520070755704e-01,-4.235805468451627198e-01,-9.669001805731439192e-02,3.944642061481973272e-02,2.352194786159856055e-01,4.050981768477758815e-01,4.256351434199682204e-01
cmy,-4.903600000000000181e-01,-5.575799999999999645e-01,-6.358099999999999863e-01,-7.358299999999999841e-01,-8.320400000000000018e-01,-8.502800000000000358e-01,-5.421300000000000008e-01,-3.923900000000000166e-01,-2.599799999999999889e-01,-1.147500000000000048e-01,-8.464000000000000690e-02,-8.663999999999999480e-02,-8.899999999999999578e-02,-8.903999999999999415e-02,-7.717000000000000248e-02,-4.897500000000000187e-01,-5.567800000000000527e-01,-6.351499999999999924e-01,-7.350200000000000067e-01,-8.308400000000000230e-01,-8.493800000000000239e-01,-5.359899999999999665e-01,-3.849099999999999744e-01,-2.540499999999999980e-01,-1.137100000000000055e-01,-8.389000000000000623e-02,-8.580999999999999739e-02,-8.801000000000000489e-02,-8.802999999999999714e-02,-7.630000000000000671e-02,1.538890000000000091e+00,1.628309999999999924e+00,2.182030000000000136e+00,2.399369999999999781e+00,1.941230000000000011e+00,1.552559999999999940e+00,1.650509999999999922e+00,2.207269999999999843e+00,2.405199999999999783e+00,1.950380000000000003e+00
cmy*c/cref,-7.127817460317460441e-01,-7.541210938913345263e-01,-7.956571250175883403e-01,-8.464433722285874540e-01,-8.730393512097396336e-01,-8.293814920902933263e-01,-5.035054124203501846e-01,-3.461284581097107682e-01,-2.172030673983396665e-01,-9.051784960501720045e-02,-6.203088303282479343e-02,-5.784170737100242932e-02,-5.360904239281191752e-02,-4.782304769945124046e-02,-3.641282119573593240e-02,-7.118950569358177827e-01,-7.530391022935135625e-01,-7.948311963557057602e-01,-8.455116092785783799e-01,-8.717802203729388966e-01,-8.285036126354299313e-01,-4.978028627878617329e-01,-3.395303264889746320e-01,-2.122487855702292203e-01,-8.969746996589547661e-02,-6.148122374319082983e-02,-5.728759129161725000e-02,-5.301271708979075903e-02,-4.728058051418118635e-02,-3.600230992917780731e-02,1.189505970806783663e+00,1.181803149058272551e+00,1.481087201836553069e+00,1.516255479507125692e+00,1.136308976897357992e+00,1.200072383364489736e+00,1.197915578453838226e+00,1.498219249046881973e+00,1.519939683879742987e+00,1.141664976515440744e+00
cmz,2.500000000000000139e-02,5.192999999999999700e-02,-5.464999999999999719e-02,-1.812699999999999867e-01,-3.147699999999999942e-01,-5.805099999999999705e-01,-9.599999999999999159e-03,-1.217999999999999985e-02,-1.674000000000000141e-02,-8.899999999999999925e-03,-5.127999999999999919e-02,-2.862999999999999920e-02,-1.268000000000000030e-02,-3.739999999999999835e-03,3.269999999999999903e-03,-2.492000000000000118e-02,-5.174999999999999739e-02,5.462999999999999801e-02,1.809300000000000075e-01,3.145800000000000263e-01,5.807700000000000085e-01,8.869999999999999413e-03,1.014999999999999930e-02,1.533999999999999947e-02,9.310000000000000567e-03,5.127999999999999919e-02,2.884000000000000105e-02,1.302000000000000032e-02,4.230000000000000253e-03,-2.729999999999999788e-03,1.580459999999999976e+00,1.756650000000000045e+00,2.497650000000000148e+00,2.752730000000000121e+00,2.240660000000000096e+00,-1.594070000000000098e+00,-1.821099999999999941e+00,-2.569669999999999899e+00,-2.757530000000000037e+00,-2.250290000000000123e+00
cmz*c/cref,3.633971704623878418e-02,7.023477959355967082e-02,-6.838939601801041768e-02,-2.085193456149872226e-01,-3.302805112498073958e-01,-5.662420026030674514e-01,-8.916038513336952201e-03,-1.074401646264246633e-02,-1.398561177109087714e-02,-7.020556527099372675e-03,-3.758203782990613556e-02,-1.911366669011772476e-02,-7.637782668998372403e-03,-2.008739874168324804e-03,1.542956139821906065e-03,-3.622342995169082480e-02,-6.999133148404992899e-02,6.836436787674124438e-02,2.081282352409093706e-01,3.300811488673139893e-01,5.664956122233613112e-01,8.238048084718620559e-03,8.953347052202053832e-03,1.281596682010358555e-02,7.343975423291590997e-03,3.758203782990613556e-02,1.925386473429951603e-02,7.842581257914732484e-03,2.271917023457757905e-03,-1.288156043337554402e-03,1.221638068101871477e+00,1.274950409807232399e+00,1.695319243854148006e+00,1.739557444705756462e+00,1.311581869317306248e+00,-1.232158102842938474e+00,-1.321727260011926530e+00,-1.744203952256996981e+00,-1.742590751907911129e+00,-1.317218839407157338e+00
cs,5.494999999999999885e-02,9.628000000000000447e-02,1.454000000000000015e-01,1.094699999999999979e-01,9.102999999999999980e-02,-9.565999999999999504e-02,-5.811000000000000193e-02,-2.676999999999999866e-02,-1.850999999999999868e-02,-1.353000000000000036e-02,-8.298999999999999433e-02,-6.970999999999999419e-02,-5.806000000000000050e-02,-4.669000000000000233e-02,-3.250999999999999723e-02,-5.485000000000000292e-02,-9.596999999999999975e-02,-1.449100000000000110e-01,-1.090399999999999980e-01,-9.063000000000000222e-02,9.546999999999999931e-02,5.747000000000000025e-02,2.617999999999999841e-02,1.806999999999999926e-02,1.335000000000000075e-02,8.219999999999999529e-02,6.905999999999999639e-02,5.743999999999999800e-02,4.619999999999999801e-02,3.216999999999999721e-02,3.940699999999999759e-01,3.983599999999999919e-01,5.141499999999999959e-01,5.036399999999999766e-01,3.690999999999999837e-01,-3.975099999999999745e-01,-4.119200000000000084e-01,-5.282400000000000428e-01,-5.047099999999999920e-01,-3.707599999999999785e-01
cs*c/cref,7.987469806763285163e-02,1.302176887977647968e-01,1.819545870268749477e-01,1.259260372067780298e-01,9.551556672830945061e-02,-9.330883183581580032e-02,-5.396989562604274232e-02,-2.361390153570926131e-02,-1.546437717341051996e-02,-1.067282357434320463e-02,-6.082163259563006658e-02,-4.653907457101314621e-02,-3.497237080142314575e-02,-2.507702265372168532e-02,-1.533990951241900880e-02,-7.972933919944789893e-02,-1.297984170536091164e-01,-1.813413975657802435e-01,-1.254313976160324751e-01,-9.509585644937587623e-02,9.312350172867796261e-02,5.337549305848694053e-02,2.309346067257633459e-02,1.509677447452880024e-02,1.053083479064905945e-02,6.024265814388229251e-02,4.610512824378379393e-02,3.459891455104625174e-02,2.481384550443225048e-02,1.517947982203997348e-02,3.046017700523293570e-01,2.891237555863769293e-01,3.489874038506636800e-01,3.182697581860942093e-01,2.160545856868144599e-01,-3.072607648729958063e-01,-2.989654016496144373e-01,-3.585512130897104410e-01,-3.189459329165745261e-01,-2.170262752350130830e-01
cx,-4.230000000000000253e-03,-5.800000000000000034e-04,2.405100000000000016e-01,2.726500000000000035e-01,2.893000000000000016e-01,2.764699999999999935e-01,-6.930000000000000396e-03,0.000000000000000000e+00,1.600000000000000077e-03,4.699999999999999859e-04,1.840000000000000056e-03,-7.399999999999999894e-04,-2.129999999999999949e-03,-2.490000000000000026e-03,-2.309999999999999987e-03,-3.799999999999999992e-03,-5.999999999999999474e-04,2.399499999999999966e-01,2.719799999999999995e-01,2.889900000000000246e-01,2.765900000000000025e-01,-6.989999999999999686e-03,-4.099999999999999912e-04,1.379999999999999933e-03,5.400000000000000069e-04,1.869999999999999917e-03,-6.899999999999999667e-04,-2.050000000000000173e-03,-2.419999999999999842e-03,-2.239999999999999804e-03,-5.400000000000000286e-03,-2.118000000000000091e-02,-6.267999999999999960e-02,-6.780999999999999528e-02,-4.608000000000000290e-02,-5.159999999999999656e-03,-2.296000000000000124e-02,-6.510000000000000508e-02,-6.829999999999999960e-02,-4.637000000000000149e-02
cx*c/cref,-6.148680124223602876e-03,-7.844439084202697908e-04,3.009759128324187571e-01,3.136360102715632370e-01,3.035554592387116890e-01,2.696748143178757662e-01,-6.436265301815112874e-03,0.000000000000000000e+00,1.336737086842616599e-03,3.707484907569331468e-04,1.348497457235321587e-03,-4.940312033072691593e-04,-1.283002924681903197e-03,-1.337369595368751189e-03,-1.089978190516392286e-03,-5.523636991028295189e-03,-8.114936983657963353e-04,3.002751248768819603e-01,3.128652927697038733e-01,3.032301837725381866e-01,2.697918649118575263e-01,-6.491990542523468424e-03,-3.616622947194918745e-04,1.152935737401756741e-03,4.259663510824338571e-04,1.370483828820679871e-03,-4.606507165973184876e-04,-1.234815021407465645e-03,-1.299772859755975001e-03,-1.056948548379531934e-03,-4.174003497557740583e-03,-1.537212858549920694e-02,-4.254503641614237192e-02,-4.285178362044127914e-02,-2.697316528975456790e-02,-3.988492230999618471e-03,-1.666402607757610024e-02,-4.418764950049248325e-02,-4.316143373066125277e-02,-2.714291828311456850e-02
cy,5.494999999999999885e-02,9.628000000000000447e-02,1.454000000000000015e-01,1.094699999999999979e-01,9.102999999999999980e-02,-9.565999999999999504e-02,-5.811000000000000193e-02,-2.676999999999999866e-02,-1.850999999999999868e-02,-1.353000000000000036e-02,-8.298999999999999433e-02,-6.970999999999999419e-02,-5.806000000000000050e-02,-4.669000000000000233e-02,-3.250999999999999723e-02,-5.485000000000000292e-02,-9.596999999999999975e-02,-1.449100000000000110e-01,-1.090399999999999980e-01,-9.063000000000000222e-02,9.546999999999999931e-02,5.747000000000000025e-02,2.617999999999999841e-02,1.806999999999999926e-02,1.335000000000000075e-02,8.219999999999999529e-02,6.905999999999999639e-02,5.743999999999999800e-02,4.619999999999999801e-02,3.216999999999999721e-02,3.940699999999999759e-01,3.983599999999999919e-01,5.141499999999999959e-01,5.036399999999999766e-01,3.690999999999999837e-01,-3.975099999999999745e-01,-4.119200000000000084e-01,-5.282400000000000428e-01,-5.047099999999999920e-01,-3.707599999999999785e-01
cy*c/cref,7.987469806763285163e-02,1.302176887977647968e-01,1.819545870268749477e-01,1.259260372067780298e-01,9.551556672830945061e-02,-9.330883183581580032e-02,-5.396989562604274232e-02,-2.361390153570926131e-02,-1.546437717341051996e-02,-1.067282357434320463e-02,-6.082163259563006658e-02,-4.653907457101314621e-02,-3.497237080142314575e-02,-2.507702265372168532e-02,-1.533990951241900880e-02,-7.972933919944789893e-02,-1.297984170536091164e-01,-1.813413975657802435e-01,-1.254313976160324751e-01,-9.509585644937587623e-02,9.312350172867796261e-02,5.337549305848694053e-02,2.309346067257633459e-02,1.509677447452880024e-02,1.053083479064905945e-02,6.024265814388229251e-02,4.610512824378379393e-02,3.459891455104625174e-02,2.481384550443225048e-02,1.517947982203997348e-02,3.046017700523293570e-01,2.891237555863769293e-01,3.489874038506636800e-01,3.182697581860942093e-01,2.160545856868144599e-01,-3.072607648729958063e-01,-2.989654016496144373e-01,-3.585512130897104410e-01,-3.189459329165745261e-01,-2.170262752350130830e-01
cz,1.265980000000000105e+00,1.396490000000000009e+00,1.683140000000000081e+00,1.867010000000000058e+00,2.001149999999999984e+00,1.987109999999999932e+00,1.129000000000000004e+00,7.856800000000000450e-01,5.284600000000000408e-01,2.870199999999999974e-01,2.125599999999999989e-01,1.871099999999999985e-01,1.631799999999999917e-01,1.365999999999999992e-01,9.743000000000000271e-02,1.264210000000000056e+00,1.393990000000000062e+00,1.680320000000000036e+00,1.863690000000000069e+00,1.997209999999999930e+00,1.982879999999999976e+00,1.116649999999999920e+00,7.715600000000000236e-01,5.179399999999999560e-01,2.841099999999999737e-01,2.104300000000000059e-01,1.851399999999999990e-01,1.613400000000000112e-01,1.350300000000000111e-01,9.629000000000000059e-02,-3.815500000000000003e-01,-3.678799999999999848e-01,-4.542800000000000171e-01,-4.523099999999999898e-01,-3.333900000000000197e-01,-3.849899999999999989e-01,-3.730399999999999827e-01,-4.598700000000000010e-01,-4.536100000000000132e-01,-3.350500000000000145e-01
cz*c/cref,1.840214199447895105e+00,1.888738058051418367e+00,2.106293284789644282e+00,2.147667586785663829e+00,2.099758061719833702e+00,1.938270048392932488e+00,1.048563279328897924e+00,6.930508090614887484e-01,4.415075505705307601e-01,2.264090038660743764e-01,1.557807714727934556e-01,1.249164573659772015e-01,9.829127570403425884e-02,7.336734406721742707e-02,4.597254333420437711e-02,1.837641347481021370e+00,1.885356834308227647e+00,2.102764316870691097e+00,2.143848509015256365e+00,2.095623915472338172e+00,1.934144014955074597e+00,1.037093167283094530e+00,6.805955124726126293e-01,4.327185042245405011e-01,2.241135185296856958e-01,1.542197390902330101e-01,1.236012661896051523e-01,9.718295392872219884e-02,7.252410299704517560e-02,4.543463201940407814e-02,-2.949242656468806789e-01,-2.670018254973299254e-01,-3.083496991564320111e-01,-2.858323292930511350e-01,-1.951515532975537370e-01,-2.975832604675471282e-01,-2.707468766541371030e-01,-3.121439996281332729e-01,-2.866538499936347462e-01,-1.961232428457523602e-01
Results_Name,VSPAERO_Comp_Load
Results_Timestamp,1758915291
Results_Date,9,26,2025
Results_Time,15,34,51
AoA,-1.000000000000000000e+00,-1.000000000000000000e+00,-1.000000000000000000e+00,-1.000000000000000000e+00,-1.000000000000000000e+00,-1.000000000000000000e+00,-1.000000000000000000e+00,-1.000000000000000000e+00,-1.000000000000000000e+00
Beta,0.000000000000000000e+00,0.000000000000000000e+00,0.000000000000000000e+00,0.000000000000000000e+00,0.000000000000000000e+00,0.000000000000000000e+00,0.000000000000000000e+00,0.000000000000000000e+00,0.000000000000000000e+00
CDi,0.000000000000000000e+00,3.339999999999999913e-02,3.339000000000000301e-02,-2.439999999999999895e-03,-2.510000000000000078e-03,0.000000000000000000e+00,0.000000000000000000e+00,0.000000000000000000e+00,0.000000000000000000e+00
CFx,0.000000000000000000e+00,4.370000000000000273e-02,4.363999999999999824e-02,-2.969999999999999984e-03,-3.040000000000000167e-03,0.000000000000000000e+00,0.000000000000000000e+00,0.000000000000000000e+00,0.000000000000000000e+00
CFy,0.000000000000000000e+00,4.800000000000000122e-04,-5.699999999999999772e-04,3.316000000000000197e-02,-3.368999999999999773e-02,0.000000000000000000e+00,0.000000000000000000e+00,0.000000000000000000e+00,0.000000000000000000e+00
CFz,0.000000000000000000e+00,5.899999999999999689e-01,5.866299999999999848e-01,-3.032999999999999932e-02,-3.059999999999999873e-02,0.000000000000000000e+00,0.000000000000000000e+00,0.000000000000000000e+00,0.000000000000000000e+00
CL,0.000000000000000000e+00,5.906700000000000284e-01,5.873000000000000442e-01,-3.038000000000000075e-02,-3.065000000000000016e-02,0.000000000000000000e+00,0.000000000000000000e+00,0.000000000000000000e+00,0.000000000000000000e+00
Cmx,0.000000000000000000e+00,9.279999999999999361e-02,-9.192999999999999783e-02,-1.170000000000000033e-03,1.180000000000000059e-03,1.000000000000000082e-05,-1.000000000000000082e-05,-0.000000000000000000e+00,0.000000000000000000e+00
Cmy,0.000000000000000000e+00,-2.667700000000000071e-01,-2.653699999999999948e-01,9.890999999999999792e-02,9.973999999999999533e-02,-1.260000000000000009e-02,-1.276000000000000051e-02,-1.000000000000000082e-05,1.000000000000000082e-05
Cmz,0.000000000000000000e+00,-4.870000000000000197e-03,4.850000000000000144e-03,9.249999999999999542e-03,-9.400000000000000369e-03,2.000000000000000164e-05,-2.000000000000000164e-05,1.000000000000000082e-05,2.000000000000000164e-05
Comp_ID,0,1,2,3,4,5,6,7,8
Comp_Name,NONE,main_wing,main_wing,horizontal_tail,horizontal_tail,fuselage,fuselage,fuselage,fuselage
Cs,0.000000000000000000e+00,4.800000000000000122e-04,-5.699999999999999772e-04,3.316000000000000197e-02,-3.368999999999999773e-02,0.000000000000000000e+00,0.000000000000000000e+00,0.000000000000000000e+00,0.000000000000000000e+00
Mach,1.499999999999999944e-01,1.499999999999999944e-01,1.499999999999999944e-01,1.499999999999999944e-01,1.499999999999999944e-01,1.499999999999999944e-01,1.499999999999999944e-01,1.499999999999999944e-01,1.499999999999999944e-01
Results_Name,VSPAERO_Load
Results_Timestamp,1758915291
Results_Date,9,26,2025
Results_Time,15,34,51
AnalysisMethod,0
Chord,1.735549999999999926e+00,1.614840000000000053e+00,1.494150000000000089e+00,1.373459999999999903e+00,1.252809999999999979e+00,1.164630000000000054e+00,1.108910000000000062e+00,1.053209999999999980e+00,9.975199999999999623e-01,9.418400000000000105e-01,8.750400000000000400e-01,7.971099999999999852e-01,7.191899999999999959e-01,6.412799999999999612e-01,5.633799999999999919e-01,1.735549999999999926e+00,1.614840000000000053e+00,1.494150000000000089e+00,1.373459999999999903e+00,1.252809999999999979e+00,1.164630000000000054e+00,1.108910000000000062e+00,1.053209999999999980e+00,9.975199999999999623e-01,9.418400000000000105e-01,8.750400000000000400e-01,7.971099999999999852e-01,7.191899999999999959e-01,6.412799999999999612e-01,5.633799999999999919e-01,9.229000000000000536e-01,8.665699999999999514e-01,8.104299999999999837e-01,7.545199999999999685e-01,6.988999999999999657e-01,9.229000000000000536e-01,8.665699999999999514e-01,8.104299999999999837e-01,7.545199999999999685e-01,6.988999999999999657e-01
FC_AoA_,0.000000000000000000e+00
FC_Beta_,0.000000000000000000e+00
FC_Bref_,1.417173599999999922e+01
FC_Cref_,1.193975999999999926e+00
FC_Mach_,1.499999999999999944e-01
FC_Pitch_Rate,0.000000000000000000e+00
FC_Rho_,2.377000000000000206e-03
FC_Roll__Rate,0.000000000000000000e+00
FC_Sref_,1.619368700000000061e+01
FC_Vinf_,5.100000000000000000e+01
FC_Xcg_,1.774861999999999940e+00
FC_Yaw___Rate,0.000000000000000000e+00
FC_Ycg_,0.000000000000000000e+00
FC_Zcg_,7.545150000000000468e-01
S,3.314000000000000279e-02,8.981999999999999706e-02,1.368900000000000117e-01,1.839600000000000124e-01,2.310300000000000131e-01,2.997400000000000064e-01,4.117600000000000149e-01,5.454599999999999449e-01,6.791599999999999859e-01,8.128699999999999815e-01,9.157600000000000184e-01,9.578200000000000047e-01,9.698700000000000099e-01,9.819200000000000150e-01,9.939700000000000202e-01,3.314000000000000279e-02,8.981999999999999706e-02,1.368900000000000117e-01,1.839600000000000124e-01,2.310300000000000131e-01,2.997400000000000064e-01,4.117600000000000149e-01,5.454599999999999449e-01,6.791599999999999859e-01,8.128699999999999815e-01,9.157600000000000184e-01,9.578200000000000047e-01,9.698700000000000099e-01,9.819200000000000150e-01,9.939700000000000202e-01,1.020299999999999957e-01,3.035599999999999965e-01,5.025399999999999867e-01,7.015200000000000324e-01,9.005100000000000326e-01,1.020299999999999957e-01,3.035599999999999965e-01,5.025399999999999867e-01,7.015200000000000324e-01,9.005100000000000326e-01
V/Vref,9.770600000000000396e-01,9.823100000000000165e-01,9.715700000000000447e-01,9.736500000000000155e-01,9.843699999999999672e-01,9.937000000000000277e-01,1.000559999999999894e+00,1.000660000000000105e+00,1.001770000000000049e+00,1.003039999999999932e+00,1.009660000000000002e+00,1.008299999999999974e+00,1.008170000000000011e+00,1.007379999999999942e+00,1.007649999999999935e+00,9.774300000000000210e-01,9.825700000000000545e-01,9.718599999999999461e-01,9.739900000000000224e-01,9.845899999999999652e-01,9.941699999999999982e-01,1.000150000000000095e+00,1.000289999999999901e+00,1.001519999999999966e+00,1.002780000000000005e+00,1.009339999999999904e+00,1.008049999999999891e+00,1.007919999999999927e+00,1.007139999999999924e+00,1.007409999999999917e+00,9.538799999999999502e-01,9.701199999999999823e-01,9.820499999999999785e-01,9.922999999999999599e-01,9.965000000000000524e-01,9.536099999999999577e-01,9.703600000000000003e-01,9.825399999999999689e-01,9.925300000000000233e-01,9.966500000000000359e-01
WingId,1,1,1,1,1,1,1,1,1,1,1,1,1,1,1,2,2,2,2,2,2,2,2,2,2,2,2,2,2,2,3,3,3,3,3,4,4,4,4,4
Xavg,2.392879999999999896e+00,2.382319999999999993e+00,2.371750000000000025e+00,2.361190000000000122e+00,2.350620000000000154e+00,2.337899999999999867e+00,2.323770000000000113e+00,2.309619999999999784e+00,2.295469999999999899e+00,2.281299999999999883e+00,2.284749999999999837e+00,2.305000000000000160e+00,2.325239999999999974e+00,2.345470000000000166e+00,2.365699999999999914e+00,2.392879999999999896e+00,2.382319999999999993e+00,2.371750000000000025e+00,2.361190000000000122e+00,2.350620000000000154e+00,2.337899999999999867e+00,2.323770000000000113e+00,2.309619999999999784e+00,2.295469999999999899e+00,2.281299999999999883e+00,2.284749999999999837e+00,2.305000000000000160e+00,2.325239999999999974e+00,2.345470000000000166e+00,2.365699999999999914e+00,5.722059999999999924e+00,5.820210000000000328e+00,5.918350000000000222e+00,6.016490000000000116e+00,6.114630000000000010e+00,5.722059999999999924e+00,5.820210000000000328e+00,5.918350000000000222e+00,6.016490000000000116e+00,6.114630000000000010e+00
Yavg,1.718899999999999872e-01,5.195499999999999563e-01,8.671900000000000164e-01,1.214800000000000102e+00,1.562359999999999971e+00,2.228590000000000071e+00,3.216559999999999864e+00,4.204550000000000232e+00,5.192569999999999908e+00,6.180620000000000225e+00,6.716649999999999565e+00,6.791660000000000252e+00,6.866660000000000430e+00,6.941650000000000098e+00,7.016610000000000014e+00,-1.718899999999999872e-01,-5.195499999999999563e-01,-8.671900000000000164e-01,-1.214800000000000102e+00,-1.562359999999999971e+00,-2.228590000000000071e+00,-3.216559999999999864e+00,-4.204550000000000232e+00,-5.192569999999999908e+00,-6.180620000000000225e+00,-6.716649999999999565e+00,-6.791660000000000252e+00,-6.866660000000000430e+00,-6.941650000000000098e+00,-7.016610000000000014e+00,1.078800000000000037e-01,3.257399999999999740e-01,5.435900000000000176e-01,7.614400000000000057e-01,9.792699999999999738e-01,-1.078800000000000037e-01,-3.257399999999999740e-01,-5.435900000000000176e-01,-7.614400000000000057e-01,-9.792699999999999738e-01
Zavg,1.119259999999999922e+00,1.109900000000000109e+00,1.100540000000000074e+00,1.091180000000000039e+00,1.081830000000000069e+00,1.094910000000000050e+00,1.130849999999999911e+00,1.166740000000000110e+00,1.202599999999999891e+00,1.238469999999999960e+00,1.270329999999999959e+00,1.298289999999999944e+00,1.326240000000000085e+00,1.354190000000000005e+00,1.382130000000000081e+00,1.119259999999999922e+00,1.109900000000000109e+00,1.100540000000000074e+00,1.091180000000000039e+00,1.081830000000000069e+00,1.094910000000000050e+00,1.130849999999999911e+00,1.166740000000000110e+00,1.202599999999999891e+00,1.238469999999999960e+00,1.270329999999999959e+00,1.298289999999999944e+00,1.326240000000000085e+00,1.354190000000000005e+00,1.382130000000000081e+00,3.777900000000000147e-01,5.956799999999999873e-01,8.135799999999999699e-01,1.031470000000000109e+00,1.249349999999999961e+00,3.777900000000000147e-01,5.956799999999999873e-01,8.135799999999999699e-01,1.031470000000000109e+00,1.249349999999999961e+00
cd,-1.721999999999999920e-02,-1.616000000000000075e-02,2.227999999999999980e-01,2.518000000000000238e-01,2.655699999999999728e-01,2.526399999999999757e-01,-2.511000000000000038e-02,-1.291999999999999919e-02,-7.029999999999999791e-03,-4.400000000000000265e-03,-8.899999999999999491e-04,-4.519999999999999712e-03,-6.649999999999999661e-03,-6.910000000000000343e-03,-6.109999999999999980e-03,-1.725000000000000144e-02,-1.634999999999999995e-02,2.215999999999999914e-01,2.503600000000000270e-01,2.645899999999999919e-01,2.520000000000000018e-01,-2.525000000000000161e-02,-1.355999999999999914e-02,-7.300000000000000065e-03,-4.170000000000000095e-03,-7.600000000000000418e-04,-4.360000000000000160e-03,-6.440000000000000412e-03,-6.700000000000000226e-03,-5.930000000000000375e-03,-1.750000000000000036e-03,-1.651999999999999996e-02,-5.782000000000000334e-02,-6.224999999999999978e-02,-4.232999999999999957e-02,-1.920000000000000049e-03,-1.747999999999999901e-02,-5.786999999999999783e-02,-6.178999999999999770e-02,-4.195999999999999730e-02
cd*c/cref,-2.503079710144927306e-02,-2.185623027598545057e-02,2.788134937385676193e-01,2.896517417435526265e-01,2.786561469409770120e-01,2.464305171963255547e-01,-2.332101323644696772e-02,-1.139677279945325479e-02,-5.873288575314746310e-03,-3.470836934745757506e-03,-6.522623570323021844e-04,-3.017595998579535553e-03,-4.005619459687631903e-03,-3.711334901204044710e-03,-2.883015906517383785e-03,-2.507440476190476303e-02,-2.211320328046795236e-02,2.773118052624173324e-01,2.879952742768698837e-01,2.776278567575897749e-01,2.458062473617560473e-01,-2.345103879809979849e-02,-1.196131882047880325e-02,-6.098862958719438072e-03,-3.289406822247683496e-03,-5.569880801624154569e-04,-2.910778441107693924e-03,-3.879126213592233412e-03,-3.598544694365715928e-03,-2.798082541022600331e-03,-1.352686318652971493e-03,-1.198996998264621749e-02,-3.924623493269547431e-02,-3.933820277794528725e-02,-2.477808347906490516e-02,-1.484090132464974295e-03,-1.268672368623824896e-02,-3.928017321956220331e-02,-3.904751083773878167e-02,-2.456150207374352412e-02
cl,1.334370000000000056e+00,1.469410000000000105e+00,1.759830000000000005e+00,1.949710000000000054e+00,2.090279999999999916e+00,2.080429999999999779e+00,1.223139999999999894e+00,8.797599999999999865e-01,6.196899999999999631e-01,3.684600000000000097e-01,2.857899999999999885e-01,2.580999999999999961e-01,2.330200000000000049e-01,2.020200000000000051e-01,1.511099999999999943e-01,1.331550000000000011e+00,1.464970000000000105e+00,1.754310000000000036e+00,1.942870000000000097e+00,2.081949999999999967e+00,2.070580000000000087e+00,1.202190000000000092e+00,8.553800000000000292e-01,6.006500000000000172e-01,3.630300000000000193e-01,2.813899999999999735e-01,2.539699999999999736e-01,2.291999999999999871e-01,1.987099999999999977e-01,1.486000000000000099e-01,-3.602799999999999891e-01,-3.554800000000000182e-01,-4.491200000000000192e-01,-4.369799999999999796e-01,-3.204299999999999926e-01,-3.617500000000000160e-01,-3.593100000000000183e-01,-4.493400000000000172e-01,-4.344799999999999773e-01,-3.183099999999999818e-01
cl*c/cref,1.939625129399585868e+00,1.987361592192808279e+00,2.202263692486281510e+00,2.242799433656957664e+00,2.193280004623208601e+00,2.029296393646103258e+00,1.135996182000308163e+00,7.760390741522442681e-01,5.177266283409381886e-01,2.906510402219140143e-01,2.094495045126535393e-01,1.723100723967651016e-01,1.403593152626183560e-01,1.085041789784719352e-01,7.130156033287100847e-02,1.935526009316770102e+00,1.981356538824901259e+00,2.195355925495990235e+00,2.234931213190214816e+00,2.184539538064417030e+00,2.019688490723432039e+00,1.116538785452974025e+00,7.545333991638023541e-01,5.018194570075110716e-01,2.863677119138073324e-01,2.062248366801342769e-01,1.695528441945231557e-01,1.380583428812639513e-01,1.067263904802106533e-01,7.011721173624931025e-02,-2.784833296481671328e-01,-2.580020901592662286e-01,-3.048472679517846839e-01,-2.761447044161691733e-01,-1.875653505598102455e-01,-2.796195861558356532e-01,-2.607818471225552548e-01,-3.049965964139982888e-01,-2.745648569150468399e-01,-1.863243976428336779e-01
cmx,1.216399999999999981e-01,4.526700000000000168e-01,9.904100000000000126e-01,1.700569999999999915e+00,2.586419999999999941e+00,4.015360000000000262e+00,3.577830000000000066e+00,3.528410000000000046e+00,3.239040000000000141e+00,2.428049999999999820e+00,2.258649999999999824e+00,2.263440000000000119e+00,2.289070000000000160e+00,2.249000000000000110e+00,1.935840000000000005e+00,-1.213899999999999979e-01,-4.513599999999999834e-01,-9.874300000000000299e-01,-1.694739999999999913e+00,-2.576220000000000176e+00,-3.996719999999999828e+00,-3.516249999999999876e+00,-3.430470000000000130e+00,-3.139409999999999812e+00,-2.392259999999999831e+00,-2.223850000000000104e+00,-2.227199999999999847e+00,-2.251469999999999860e+00,-2.212229999999999919e+00,-1.903750000000000053e+00,1.162500000000000061e-01,-5.548000000000000154e-02,-3.360600000000000254e-01,-6.170200000000000129e-01,-6.947200000000000042e-01,-1.167300000000000004e-01,5.662999999999999978e-02,3.359099999999999864e-01,6.135899999999999688e-01,6.902599999999999847e-01
cmx*c/cref,1.768145272601794327e-01,6.122314207320750379e-01,1.239406069719994452e+00,1.956207555428249645e+00,2.713867649098474555e+00,3.916668942089288841e+00,3.322923966059619705e+00,3.112421603198054498e+00,2.706090558604193230e+00,1.915310368047598910e+00,1.655317272708999310e+00,1.511094576775412701e+00,1.378818546855213434e+00,1.207929405616193330e+00,9.134300347745684112e-01,-1.764511300897170509e-01,-6.104596594906430695e-01,-1.235676876670888102e+00,-1.949501162837443680e+00,-2.703165036985668568e+00,-3.898487083157450517e+00,-3.265731294012609975e+00,-3.026028419917988543e+00,-2.622853611127861750e+00,-1.887078264889746615e+00,-1.629813081669983621e+00,-1.486900400008040357e+00,-1.356170232316227464e+00,-1.188180377495025031e+00,-8.982883031149705433e-01,8.985701973909024365e-02,-4.026655778675618247e-02,-2.281060136887174128e-01,-3.899190020569928139e-01,-4.066579294726191951e-01,-9.022804227220648787e-02,4.110121066085080377e-02,2.280041988281171772e-01,3.877514512854529638e-01,4.040472455057723122e-01
cmy,-4.986800000000000122e-01,-5.681000000000000494e-01,-6.478199999999999514e-01,-7.521400000000000308e-01,-8.535899999999999599e-01,-8.766100000000000003e-01,-5.684299999999999908e-01,-4.189800000000000191e-01,-2.862700000000000244e-01,-1.378699999999999926e-01,-1.105399999999999994e-01,-1.181900000000000034e-01,-1.289399999999999991e-01,-1.355800000000000061e-01,-1.257099999999999884e-01,-4.979600000000000137e-01,-5.666400000000000325e-01,-6.462700000000000111e-01,-7.500799999999999690e-01,-8.506200000000000427e-01,-8.733600000000000252e-01,-5.578600000000000225e-01,-4.058899999999999730e-01,-2.754300000000000082e-01,-1.358900000000000108e-01,-1.087199999999999972e-01,-1.161299999999999971e-01,-1.266100000000000003e-01,-1.331600000000000006e-01,-1.234500000000000042e-01,1.451100000000000056e+00,1.574030000000000040e+00,2.155949999999999811e+00,2.317540000000000155e+00,1.866000000000000103e+00,1.457279999999999909e+00,1.592870000000000008e+00,2.158259999999999845e+00,2.304870000000000196e+00,1.853820000000000023e+00
cmy*c/cref,-7.248756038647342637e-01,-7.683492834026816043e-01,-8.106865238497256154e-01,-8.652051669380288468e-01,-8.956512424872862255e-01,-8.550643432531307431e-01,-5.279316429308462677e-01,-3.695835810770066177e-01,-2.391673286565224321e-01,-1.087555200439539876e-01,-8.101245050151763272e-02,-7.890479448498127768e-02,-7.766685310257492869e-02,-7.281950591971698972e-02,-5.931651875749596042e-02,-7.238290200138026709e-01,-7.663746487366581706e-01,-8.087468429013650040e-01,-8.628354982009688312e-01,-8.925348936662045318e-01,-8.518942229994573845e-01,-5.181147130260574940e-01,-3.580368507407183931e-01,-2.301109348931636989e-01,-1.071936434233184132e-01,-7.967861062533920791e-02,-7.752951843253130804e-02,-7.626338041970692760e-02,-7.151973305996101038e-02,-5.825013316850590622e-02,1.121647495427043895e+00,1.142407533401006425e+00,1.463384991406862401e+00,1.464543911100390838e+00,1.092272708999175945e+00,1.126424410540915355e+00,1.156081324834000057e+00,1.464952940260105807e+00,1.456537243964703077e+00,1.085143083278055753e+00
cmz,2.645000000000000129e-02,5.670000000000000040e-02,-4.504999999999999977e-02,-1.633499999999999952e-01,-2.851799999999999891e-01,-5.356199999999999850e-01,4.283000000000000002e-02,3.885999999999999871e-02,2.750999999999999973e-02,2.162000000000000033e-02,-4.132999999999999868e-02,-8.429999999999999993e-03,1.709000000000000102e-02,2.997999999999999970e-02,3.656000000000000222e-02,-2.636000000000000149e-02,-5.637000000000000344e-02,4.501999999999999752e-02,1.626499999999999890e-01,2.844499999999999806e-01,5.341900000000000537e-01,-4.431000000000000216e-02,-4.211999999999999772e-02,-2.944000000000000089e-02,-2.027999999999999942e-02,4.141999999999999849e-02,8.940000000000000030e-03,-1.598000000000000115e-02,-2.845999999999999919e-02,-3.497000000000000108e-02,1.483980000000000077e+00,1.679110000000000102e+00,2.444440000000000168e+00,2.643409999999999815e+00,2.141789999999999861e+00,-1.490480000000000027e+00,-1.695100000000000051e+00,-2.442390000000000061e+00,-2.630799999999999805e+00,-2.128659999999999997e+00
cmz*c/cref,3.844742063492063294e-02,7.668615449556775987e-02,-5.637588820880821971e-02,-1.879055282518241332e-01,-2.992324433656958216e-01,-5.224553262377132912e-01,3.977853432564808916e-02,3.427852871414500957e-02,2.298352328690023844e-02,1.705443057481892746e-02,-3.028989125409556338e-02,-5.627950059297674029e-03,1.029414083700174939e-02,1.610214476672898118e-02,1.725091023605164822e-02,-3.831659765355417691e-02,-7.623983296146656652e-02,5.633834599690446671e-02,1.871003010110755815e-01,2.984664721066420112e-01,5.210604733260970622e-01,-4.115309026312087559e-02,-3.715418500874389379e-02,-2.459596239790414612e-02,-1.599740296287362543e-02,3.035585036885163693e-02,5.968431023739170956e-03,-9.625533679068926443e-03,-1.528575850770869798e-02,-1.650066550751438932e-02,1.147062538945506693e+00,1.218673032540017687e+00,1.659202118970565909e+00,1.670473873176680168e+00,1.253707805684536325e+00,-1.152086802414789002e+00,-1.230278336415472351e+00,-1.657810649209029652e+00,-1.662505122381019218e+00,-1.246022092571374973e+00
cs,5.759999999999999842e-02,9.861999999999999933e-02,1.475299999999999945e-01,1.122400000000000064e-01,9.486999999999999600e-02,-9.919999999999999651e-02,-6.147999999999999993e-02,-3.037000000000000116e-02,-2.211000000000000118e-02,-1.802000000000000129e-02,-1.094600000000000017e-01,-9.368999999999999551e-02,-8.022999999999999576e-02,-6.610000000000000597e-02,-4.807999999999999774e-02,-5.738999999999999657e-02,-9.798999999999999377e-02,-1.465100000000000013e-01,-1.112999999999999962e-01,-9.400000000000000022e-02,9.865000000000000158e-02,6.019000000000000045e-02,2.926000000000000129e-02,2.128999999999999990e-02,1.765999999999999862e-02,1.077300000000000063e-01,9.216000000000000580e-02,7.892000000000000404e-02,6.507000000000000284e-02,4.735000000000000320e-02,3.702099999999999835e-01,3.799299999999999899e-01,5.030799999999999716e-01,4.844700000000000117e-01,3.533800000000000274e-01,-3.717799999999999994e-01,-3.832200000000000051e-01,-5.024499999999999522e-01,-4.820400000000000240e-01,-3.512000000000000122e-01
cs*c/cref,8.372670807453415354e-02,1.333825142213913850e-01,1.846200840720416680e-01,1.291124364308830208e-01,9.954478540607182568e-02,-9.676182435827855588e-02,-5.709979664582873204e-02,-2.678947290397797401e-02,-1.847203561880641012e-02,-1.421465490093603429e-02,-8.022094112444472236e-02,-6.254835599710546756e-02,-4.832644349635168562e-02,-3.550206034292147095e-02,-2.268664562771781010e-02,-8.342145445134574455e-02,-1.325304458381073025e-01,-1.833436488673139408e-01,-1.280311312790206602e-01,-9.863191554939128303e-02,9.622534246919536849e-02,5.590170397059907731e-02,2.581033839876178612e-02,1.778695786179956828e-02,1.393067733354774219e-02,7.895306036302239538e-02,6.152691310378098632e-02,4.753736658023277606e-02,3.494885123319061565e-02,2.234219364543341135e-02,2.861588583020094334e-01,2.757475360476257520e-01,3.414734671383679587e-01,3.061554875474883919e-01,2.068528027364034128e-01,-2.873724111707438023e-01,-2.781353690526442990e-01,-3.410458447238470248e-01,-3.046198757763975418e-01,-2.055767285104558306e-01
cx,-1.721999999999999920e-02,-1.616000000000000075e-02,2.227999999999999980e-01,2.518000000000000238e-01,2.655699999999999728e-01,2.526399999999999757e-01,-2.511000000000000038e-02,-1.291999999999999919e-02,-7.029999999999999791e-03,-4.400000000000000265e-03,-8.899999999999999491e-04,-4.519999999999999712e-03,-6.649999999999999661e-03,-6.910000000000000343e-03,-6.109999999999999980e-03,-1.725000000000000144e-02,-1.634999999999999995e-02,2.215999999999999914e-01,2.503600000000000270e-01,2.645899999999999919e-01,2.520000000000000018e-01,-2.525000000000000161e-02,-1.355999999999999914e-02,-7.300000000000000065e-03,-4.170000000000000095e-03,-7.600000000000000418e-04,-4.360000000000000160e-03,-6.440000000000000412e-03,-6.700000000000000226e-03,-5.930000000000000375e-03,-1.750000000000000036e-03,-1.651999999999999996e-02,-5.782000000000000334e-02,-6.224999999999999978e-02,-4.232999999999999957e-02,-1.920000000000000049e-03,-1.747999999999999901e-02,-5.786999999999999783e-02,-6.178999999999999770e-02,-4.195999999999999730e-02
cx*c/cref,-2.503079710144927306e-02,-2.185623027598545057e-02,2.788134937385676193e-01,2.896517417435526265e-01,2.786561469409770120e-01,2.464305171963255547e-01,-2.332101323644696772e-02,-1.139677279945325479e-02,-5.873288575314746310e-03,-3.470836934745757506e-03,-6.522623570323021844e-04,-3.017595998579535553e-03,-4.005619459687631903e-03,-3.711334901204044710e-03,-2.883015906517383785e-03,-2.507440476190476303e-02,-2.211320328046795236e-02,2.773118052624173324e-01,2.879952742768698837e-01,2.776278567575897749e-01,2.458062473617560473e-01,-2.345103879809979849e-02,-1.196131882047880325e-02,-6.098862958719438072e-03,-3.289406822247683496e-03,-5.569880801624154569e-04,-2.910778441107693924e-03,-3.879126213592233412e-03,-3.598544694365715928e-03,-2.798082541022600331e-03,-1.352686318652971493e-03,-1.198996998264621749e-02,-3.924623493269547431e-02,-3.933820277794528725e-02,-2.477808347906490516e-02,-1.484090132464974295e-03,-1.268672368623824896e-02,-3.928017321956220331e-02,-3.904751083773878167e-02,-2.456150207374352412e-02
cy,5.759999999999999842e-02,9.861999999999999933e-02,1.475299999999999945e-01,1.122400000000000064e-01,9.486999999999999600e-02,-9.919999999999999651e-02,-6.147999999999999993e-02,-3.037000000000000116e-02,-2.211000000000000118e-02,-1.802000000000000129e-02,-1.094600000000000017e-01,-9.368999999999999551e-02,-8.022999999999999576e-02,-6.610000000000000597e-02,-4.807999999999999774e-02,-5.738999999999999657e-02,-9.798999999999999377e-02,-1.465100000000000013e-01,-1.112999999999999962e-01,-9.400000000000000022e-02,9.865000000000000158e-02,6.019000000000000045e-02,2.926000000000000129e-02,2.128999999999999990e-02,1.765999999999999862e-02,1.077300000000000063e-01,9.216000000000000580e-02,7.892000000000000404e-02,6.507000000000000284e-02,4.735000000000000320e-02,3.702099999999999835e-01,3.799299999999999899e-01,5.030799999999999716e-01,4.844700000000000117e-01,3.533800000000000274e-01,-3.717799999999999994e-01,-3.832200000000000051e-01,-5.024499999999999522e-01,-4.820400000000000240e-01,-3.512000000000000122e-01
cy*c/cref,8.372670807453415354e-02,1.333825142213913850e-01,1.846200840720416680e-01,1.291124364308830208e-01,9.954478540607182568e-02,-9.676182435827855588e-02,-5.709979664582873204e-02,-2.678947290397797401e-02,-1.847203561880641012e-02,-1.421465490093603429e-02,-8.022094112444472236e-02,-6.254835599710546756e-02,-4.832644349635168562e-02,-3.550206034292147095e-02,-2.268664562771781010e-02,-8.342145445134574455e-02,-1.325304458381073025e-01,-1.833436488673139408e-01,-1.280311312790206602e-01,-9.863191554939128303e-02,9.622534246919536849e-02,5.590170397059907731e-02,2.581033839876178612e-02,1.778695786179956828e-02,1.393067733354774219e-02,7.895306036302239538e-02,6.152691310378098632e-02,4.753736658023277606e-02,3.494885123319061565e-02,2.234219364543341135e-02,2.861588583020094334e-01,2.757475360476257520e-01,3.414734671383679587e-01,3.061554875474883919e-01,2.068528027364034128e-01,-2.873724111707438023e-01,-2.781353690526442990e-01,-3.410458447238470248e-01,-3.046198757763975418e-01,-2.055767285104558306e-01
cz,1.334370000000000056e+00,1.469410000000000105e+00,1.759830000000000005e+00,1.949710000000000054e+00,2.090279999999999916e+00,2.080429999999999779e+00,1.223139999999999894e+00,8.797599999999999865e-01,6.196899999999999631e-01,3.684600000000000097e-01,2.857899999999999885e-01,2.580999999999999961e-01,2.330200000000000049e-01,2.020200000000000051e-01,1.511099999999999943e-01,1.331550000000000011e+00,1.464970000000000105e+00,1.754310000000000036e+00,1.942870000000000097e+00,2.081949999999999967e+00,2.070580000000000087e+00,1.202190000000000092e+00,8.553800000000000292e-01,6.006500000000000172e-01,3.630300000000000193e-01,2.813899999999999735e-01,2.539699999999999736e-01,2.291999999999999871e-01,1.987099999999999977e-01,1.486000000000000099e-01,-3.602799999999999891e-01,-3.554800000000000182e-01,-4.491200000000000192e-01,-4.369799999999999796e-01,-3.204299999999999926e-01,-3.617500000000000160e-01,-3.593100000000000183e-01,-4.493400000000000172e-01,-4.344799999999999773e-01,-3.183099999999999818e-01
cz*c/cref,1.939625129399585868e+00,1.987361592192808279e+00,2.202263692486281510e+00,2.242799433656957664e+00,2.193280004623208601e+00,2.029296393646103258e+00,1.135996182000308163e+00,7.760390741522442681e-01,5.177266283409381886e-01,2.906510402219140143e-01,2.094495045126535393e-01,1.723100723967651016e-01,1.403593152626183560e-01,1.085041789784719352e-01,7.130156033287100847e-02,1.935526009316770102e+00,1.981356538824901259e+00,2.195355925495990235e+00,2.234931213190214816e+00,2.184539538064417030e+00,2.019688490723432039e+00,1.116538785452974025e+00,7.545333991638023541e-01,5.018194570075110716e-01,2.863677119138073324e-01,2.062248366801342769e-01,1.695528441945231557e-01,1.380583428812639513e-01,1.067263904802106533e-01,7.011721173624931025e-02,-2.784833296481671328e-01,-2.580020901592662286e-01,-3.048472679517846839e-01,-2.761447044161691733e-01,-1.875653505598102455e-01,-2.796195861558356532e-01,-2.607818471225552548e-01,-3.049965964139982888e-01,-2.745648569150468399e-01,-1.863243976428336779e-01
Results_Name,VSPAERO_Comp_Load
Results_Timestamp,1758915291
Results_Date,9,26,2025
Results_Time,15,34,51
AoA,0.000000000000000000e+00,0.000000000000000000e+00,0.000000000000000000e+00,0.000000000000000000e+00,0.000000000000000000e+00,0.000000000000000000e+00,0.000000000000000000e+00,0.000000000000000000e+00,0.000000000000000000e+00
Beta,0.000000000000000000e+00,0.000000000000000000e+00,0.000000000000000000e+00,0.000000000000000000e+00,0.000000000000000000e+00,0.000000000000000000e+00,0.000000000000000000e+00,0.000000000000000000e+00,0.000000000000000000e+00
CDi,0.000000000000000000e+00,3.608999999999999708e-02,3.586999999999999911e-02,-2.629999999999999959e-03,-2.639999999999999986e-03,0.000000000000000000e+00,0.000000000000000000e+00,0.000000000000000000e+00,0.000000000000000000e+00
CFx,0.000000000000000000e+00,3.608999999999999708e-02,3.586999999999999911e-02,-2.629999999999999959e-03,-2.639999999999999986e-03,0.000000000000000000e+00,0.000000000000000000e+00,0.000000000000000000e+00,0.000000000000000000e+00
CFy,0.000000000000000000e+00,-6.700000000000000226e-04,4.899999999999999842e-04,3.180000000000000188e-02,-3.180999999999999800e-02,0.000000000000000000e+00,0.000000000000000000e+00,0.000000000000000000e+00,0.000000000000000000e+00
CFz,0.000000000000000000e+00,6.335199999999999720e-01,6.273499999999999632e-01,-2.929000000000000006e-02,-2.931999999999999884e-02,0.000000000000000000e+00,0.000000000000000000e+00,0.000000000000000000e+00,0.000000000000000000e+00
CL,0.000000000000000000e+00,6.335199999999999720e-01,6.273499999999999632e-01,-2.929000000000000006e-02,-2.931999999999999884e-02,0.000000000000000000e+00,0.000000000000000000e+00,0.000000000000000000e+00,0.000000000000000000e+00
Cmx,0.000000000000000000e+00,1.026299999999999990e-01,-1.010599999999999971e-01,-1.139999999999999954e-03,1.139999999999999954e-03,0.000000000000000000e+00,-0.000000000000000000e+00,0.000000000000000000e+00,0.000000000000000000e+00
Cmy,0.000000000000000000e+00,-2.772800000000000264e-01,-2.746299999999999852e-01,9.550999999999999768e-02,9.563000000000000667e-02,-9.979999999999999288e-03,-1.010999999999999920e-02,-0.000000000000000000e+00,1.000000000000000082e-05
Cmz,0.000000000000000000e+00,-3.559999999999999797e-03,3.520000000000000125e-03,8.869999999999999413e-03,-8.869999999999999413e-03,2.000000000000000164e-05,-2.000000000000000164e-05,2.000000000000000164e-05,2.000000000000000164e-05
Comp_ID,0,1,2,3,4,5,6,7,8
Comp_Name,NONE,main_wing,main_wing,horizontal_tail,horizontal_tail,fuselage,fuselage,fuselage,fuselage
Cs,0.000000000000000000e+00,-6.700000000000000226e-04,4.899999999999999842e-04,3.180000000000000188e-02,-3.180999999999999800e-02,0.000000000000000000e+00,0.000000000000000000e+00,0.000000000000000000e+00,0.000000000000000000e+00
Mach,1.499999999999999944e-01,1.499999999999999944e-01,1.499999999999999944e-01,1.499999999999999944e-01,1.499999999999999944e-01,1.499999999999999944e-01,1.499999999999999944e-01,1.499999999999999944e-01,1.499999999999999944e-01
Results_Name,VSPAERO_Load
Results_Timestamp,1758915291
Results_Date,9,26,2025
Results_Time,15,34,51
AnalysisMethod,0
Chord,1.735549999999999926e+00,1.614840000000000053e+00,1.494150000000000089e+00,1.373459999999999903e+00,1.252809999999999979e+00,1.164630000000000054e+00,1.108910000000000062e+00,1.053209999999999980e+00,9.975199999999999623e-01,9.418400000000000105e-01,8.750400000000000400e-01,7.971099999999999852e-01,7.191899999999999959e-01,6.412799999999999612e-01,5.633799999999999919e-01,1.735549999999999926e+00,1.614840000000000053e+00,1.494150000000000089e+00,1.373459999999999903e+00,1.252809999999999979e+00,1.164630000000000054e+00,1.108910000000000062e+00,1.053209999999999980e+00,9.975199999999999623e-01,9.418400000000000105e-01,8.750400000000000400e-01,7.971099999999999852e-01,7.191899999999999959e-01,6.412799999999999612e-01,5.633799999999999919e-01,9.229000000000000536e-01,8.665699999999999514e-01,8.104299999999999837e-01,7.545199999999999685e-01,6.988999999999999657e-01,9.229000000000000536e-01,8.665699999999999514e-01,8.104299999999999837e-01,7.545199999999999685e-01,6.988999999999999657e-01
FC_AoA_,1.000000000000000000e+00
FC_Beta_,0.000000000000000000e+00
FC_Bref_,1.417173599999999922e+01
FC_Cref_,1.193975999999999926e+00
FC_Mach_,1.499999999999999944e-01
FC_Pitch_Rate,0.000000000000000000e+00
FC_Rho_,2.377000000000000206e-03
FC_Roll__Rate,0.000000000000000000e+00
FC_Sref_,1.619368700000000061e+01
FC_Vinf_,5.100000000000000000e+01
FC_Xcg_,1.774861999999999940e+00
FC_Yaw___Rate,0.000000000000000000e+00
FC_Ycg_,0.000000000000000000e+00
FC_Zcg_,7.545150000000000468e-01
S,3.314000000000000279e-02,8.981999999999999706e-02,1.368900000000000117e-01,1.839600000000000124e-01,2.310300000000000131e-01,2.997400000000000064e-01,4.117600000000000149e-01,5.454599999999999449e-01,6.791599999999999859e-01,8.128699999999999815e-01,9.157600000000000184e-01,9.578200000000000047e-01,9.698700000000000099e-01,9.819200000000000150e-01,9.939700000000000202e-01,3.314000000000000279e-02,8.981999999999999706e-02,1.368900000000000117e-01,1.839600000000000124e-01,2.310300000000000131e-01,2.997400000000000064e-01,4.117600000000000149e-01,5.454599999999999449e-01,6.791599999999999859e-01,8.128699999999999815e-01,9.157600000000000184e-01,9.578200000000000047e-01,9.698700000000000099e-01,9.819200000000000150e-01,9.939700000000000202e-01,1.020299999999999957e-01,3.035599999999999965e-01,5.025399999999999867e-01,7.015200000000000324e-01,9.005100000000000326e-01,1.020299999999999957e-01,3.035599999999999965e-01,5.025399999999999867e-01,7.015200000000000324e-01,9.005100000000000326e-01
V/Vref,9.782699999999999729e-01,9.838099999999999623e-01,9.738799999999999679e-01,9.760999999999999677e-01,9.870499999999999829e-01,9.963199999999999834e-01,1.002310000000000034e+00,1.002019999999999911e+00,1.002939999999999943e+00,1.003679999999999906e+00,1.011670000000000069e+00,1.010340000000000016e+00,1.010320000000000107e+00,1.009589999999999987e+00,1.010250000000000092e+00,9.790100000000000469e-01,9.842999999999999527e-01,9.741199999999999859e-01,9.763899999999999801e-01,9.871699999999999919e-01,9.965500000000000469e-01,1.002140000000000031e+00,1.001800000000000024e+00,1.002690000000000081e+00,1.003409999999999913e+00,1.011269999999999891e+00,1.009989999999999943e+00,1.009980000000000100e+00,1.009269999999999889e+00,1.009929999999999994e+00,9.560800000000000409e-01,9.730199999999999960e-01,9.848900000000000432e-01,9.945199999999999596e-01,9.955399999999999805e-01,9.565200000000000369e-01,9.717900000000000427e-01,9.823800000000000310e-01,9.939500000000000002e-01,9.953600000000000225e-01
WingId,1,1,1,1,1,1,1,1,1,1,1,1,1,1,1,2,2,2,2,2,2,2,2,2,2,2,2,2,2,2,3,3,3,3,3,4,4,4,4,4
Xavg,2.392879999999999896e+00,2.382319999999999993e+00,2.371750000000000025e+00,2.361190000000000122e+00,2.350620000000000154e+00,2.337899999999999867e+00,2.323770000000000113e+00,2.309619999999999784e+00,2.295469999999999899e+00,2.281299999999999883e+00,2.284749999999999837e+00,2.305000000000000160e+00,2.325239999999999974e+00,2.345470000000000166e+00,2.365699999999999914e+00,2.392879999999999896e+00,2.382319999999999993e+00,2.371750000000000025e+00,2.361190000000000122e+00,2.350620000000000154e+00,2.337899999999999867e+00,2.323770000000000113e+00,2.309619999999999784e+00,2.295469999999999899e+00,2.281299999999999883e+00,2.284749999999999837e+00,2.305000000000000160e+00,2.325239999999999974e+00,2.345470000000000166e+00,2.365699999999999914e+00,5.722059999999999924e+00,5.820210000000000328e+00,5.918350000000000222e+00,6.016490000000000116e+00,6.114630000000000010e+00,5.722059999999999924e+00,5.820210000000000328e+00,5.918350000000000222e+00,6.016490000000000116e+00,6.114630000000000010e+00
Yavg,1.718899999999999872e-01,5.195499999999999563e-01,8.671900000000000164e-01,1.214800000000000102e+00,1.562359999999999971e+00,2.228590000000000071e+00,3.216559999999999864e+00,4.204550000000000232e+00,5.192569999999999908e+00,6.180620000000000225e+00,6.716649999999999565e+00,6.791660000000000252e+00,6.866660000000000430e+00,6.941650000000000098e+00,7.016610000000000014e+00,-1.718899999999999872e-01,-5.195499999999999563e-01,-8.671900000000000164e-01,-1.214800000000000102e+00,-1.562359999999999971e+00,-2.228590000000000071e+00,-3.216559999999999864e+00,-4.204550000000000232e+00,-5.192569999999999908e+00,-6.180620000000000225e+00,-6.716649999999999565e+00,-6.791660000000000252e+00,-6.866660000000000430e+00,-6.941650000000000098e+00,-7.016610000000000014e+00,1.078800000000000037e-01,3.257399999999999740e-01,5.435900000000000176e-01,7.614400000000000057e-01,9.792699999999999738e-01,-1.078800000000000037e-01,-3.257399999999999740e-01,-5.435900000000000176e-01,-7.614400000000000057e-01,-9.792699999999999738e-01
Zavg,1.119259999999999922e+00,1.109900000000000109e+00,1.100540000000000074e+00,1.091180000000000039e+00,1.081830000000000069e+00,1.094910000000000050e+00,1.130849999999999911e+00,1.166740000000000110e+00,1.202599999999999891e+00,1.238469999999999960e+00,1.270329999999999959e+00,1.298289999999999944e+00,1.326240000000000085e+00,1.354190000000000005e+00,1.382130000000000081e+00,1.119259999999999922e+00,1.109900000000000109e+00,1.100540000000000074e+00,1.091180000000000039e+00,1.081830000000000069e+00,1.094910000000000050e+00,1.130849999999999911e+00,1.166740000000000110e+00,1.202599999999999891e+00,1.238469999999999960e+00,1.270329999999999959e+00,1.298289999999999944e+00,1.326240000000000085e+00,1.354190000000000005e+00,1.382130000000000081e+00,3.777900000000000147e-01,5.956799999999999873e-01,8.135799999999999699e-01,1.031470000000000109e+00,1.249349999999999961e+00,3.777900000000000147e-01,5.956799999999999873e-01,8.135799999999999699e-01,1.031470000000000109e+00,1.249349999999999961e+00
cd,-7.040000000000000251e-03,-6.620000000000000016e-03,2.344600000000000017e-01,2.630000000000000115e-01,2.761000000000000121e-01,2.622300000000000186e-01,-2.332000000000000045e-02,-1.190000000000000085e-02,-6.100000000000000387e-03,-3.690000000000000138e-03,7.500000000000000156e-04,-4.649999999999999620e-03,-8.200000000000000691e-03,-8.779999999999999610e-03,-7.990000000000000574e-03,-7.910000000000000364e-03,-7.389999999999999868e-03,2.316900000000000071e-01,2.597800000000000109e-01,2.736799999999999788e-01,2.597800000000000109e-01,-2.451000000000000054e-02,-1.344000000000000056e-02,-6.779999999999999569e-03,-3.269999999999999903e-03,9.700000000000000505e-04,-4.360000000000000160e-03,-7.820000000000000562e-03,-8.389999999999999888e-03,-7.669999999999999735e-03,-5.859999999999999758e-03,-1.820000000000000090e-02,-5.994000000000000022e-02,-6.339999999999999802e-02,-4.248999999999999999e-02,-5.069999999999999854e-03,-1.924000000000000016e-02,-6.117999999999999827e-02,-6.181999999999999995e-02,-4.143999999999999767e-02
cd*c/cref,-1.023326432022084176e-02,-8.953480471969286342e-03,2.934049000984944588e-01,3.025353775955295643e-01,2.897050200339035819e-01,2.557848104987035520e-01,-2.165854355531434544e-02,-1.049702757844379018e-02,-5.096310143587475840e-03,-2.910770065729964898e-03,5.496592896339626234e-04,-3.104385264025407310e-03,-4.939260085629862580e-03,-4.715704838288206462e-03,-3.770097723907348593e-03,-1.149788647342995206e-02,-9.994897384872058685e-03,2.899385025327142484e-01,2.988313322880861711e-01,2.871657728463553605e-01,2.533950275382420014e-01,-2.276376082936340528e-02,-1.185546644153651422e-02,-5.664423405495587656e-03,-2.579462903776960636e-03,7.108926812599249611e-04,-2.910778441107693924e-03,-4.710367545076283614e-03,-4.506237311302739405e-03,-3.619105074138843567e-03,-4.529566758460806808e-03,-1.320928896393227386e-02,-4.068521829584514915e-02,-4.006493262846154424e-02,-2.487174030298766256e-02,-3.918925506040322679e-03,-1.396410547615697592e-02,-4.152688781014023806e-02,-3.906646900775224973e-02,-2.425711739599455824e-02
cl,1.399680000000000035e+00,1.539150000000000018e+00,1.828640000000000043e+00,2.023350000000000204e+00,2.169509999999999827e+00,2.163609999999999811e+00,1.319010000000000016e+00,9.772999999999999465e-01,7.147799999999999709e-01,4.523499999999999743e-01,3.580800000000000094e-01,3.275000000000000133e-01,3.000200000000000089e-01,2.646499999999999964e-01,2.028800000000000048e-01,1.394230000000000080e+00,1.530429999999999957e+00,1.817709999999999937e+00,2.009770000000000056e+00,2.153230000000000199e+00,2.143609999999999793e+00,1.281749999999999945e+00,9.353299999999999947e-01,6.823799999999999866e-01,4.435100000000000153e-01,3.510099999999999887e-01,3.208699999999999886e-01,2.938600000000000101e-01,2.592700000000000005e-01,1.986999999999999877e-01,-3.275000000000000133e-01,-3.245899999999999896e-01,-4.259999999999999898e-01,-4.087899999999999867e-01,-2.937199999999999811e-01,-3.342499999999999916e-01,-3.275199999999999778e-01,-4.234399999999999831e-01,-4.045599999999999752e-01,-2.914300000000000224e-01
cl*c/cref,2.034559006211180243e+00,2.081684209732859170e+00,2.288373012522864958e+00,2.327509339383706521e+00,2.276414118122977559e+00,2.110431963707813274e+00,1.225035829112143038e+00,8.620794161691692770e-01,5.971705843333533492e-01,3.568257016891461797e-01,2.624293312428390701e-01,2.186421879501765642e-01,1.807166842549599028e-01,1.421425154274457703e-01,9.572933995323189282e-02,2.026636947895100072e+00,2.069890501316609566e+00,2.274695133319262652e+00,2.311887930913184341e+00,2.259331909770381230e+00,2.090923531377514966e+00,1.190430454632253943e+00,8.250575466341032449e-01,5.701016583247904279e-01,3.498524747566115756e-01,2.572478763392229140e-01,2.142159354124370807e-01,1.770062157028282068e-01,1.392529377474924224e-01,9.375699846563079198e-02,-2.531455824907703489e-01,-2.355825881759767426e-01,-2.891542041046051281e-01,-2.583303439935141221e-01,-1.719305145162046689e-01,-2.583630868627175281e-01,-2.377091385421482572e-01,-2.874165638170281811e-01,-2.556572420216151609e-01,-1.705900512238102129e-01
cmx,1.276500000000000135e-01,4.746400000000000063e-01,1.032319999999999904e+00,1.769090000000000051e+00,2.690160000000000107e+00,4.183980000000000032e+00,3.855459999999999887e+00,3.918200000000000127e+00,3.735050000000000203e+00,2.980170000000000208e+00,2.828180000000000138e+00,2.868590000000000195e+00,2.942429999999999879e+00,2.940589999999999815e+00,2.593519999999999825e+00,-1.271899999999999975e-01,-4.720699999999999896e-01,-1.026380000000000070e+00,-1.757430000000000048e+00,-2.670209999999999972e+00,-4.145529999999999937e+00,-3.746059999999999945e+00,-3.749559999999999782e+00,-3.565519999999999801e+00,-2.921980000000000022e+00,-2.772299999999999986e+00,-2.810550000000000104e+00,-2.882070000000000132e+00,-2.880879999999999885e+00,-2.540179999999999882e+00,1.052600000000000063e-01,-5.111000000000000265e-02,-3.188300000000000023e-01,-5.784299999999999997e-01,-6.381499999999999950e-01,-1.070799999999999946e-01,5.240000000000000213e-02,3.162499999999999756e-01,5.722099999999999964e-01,6.327399999999999691e-01
cmx*c/cref,1.855505952380952506e-01,6.419456149872360129e-01,1.291852539749542617e+00,2.035027799051237096e+00,2.822719509939898508e+00,4.081144535066031587e+00,3.580773942357300399e+00,3.456256593097349228e+00,3.120487410132196882e+00,2.350837297232105438e+00,2.072713879675973647e+00,1.915098607425945065e+00,1.772369152897545819e+00,1.579379782508190999e+00,1.223757678211287336e+00,-1.848819444444444460e-01,-6.384697169792358240e-01,-1.284419181792599174e+00,-2.021615013869625610e+00,-2.801786459778086158e+00,-4.043639573911034013e+00,-3.479168253465731553e+00,-3.307498716557117024e+00,-2.978851761174428958e+00,-2.304935478770092860e+00,-2.031760598202979384e+00,-1.876350538453034344e+00,-1.736011379876982730e+00,-1.547309767030492944e+00,-1.198589090902999699e+00,8.136214965794959231e-02,-3.709487686519662153e-02,-2.164108800344395900e-01,-3.655324760296689290e-01,-3.735443886644287392e-01,-8.276894342934866533e-02,3.803113965439841593e-02,2.146596644321158986e-01,3.616018154468766399e-01,3.703776173055404741e-01
cmy,-5.060499999999999998e-01,-5.776900000000000368e-01,-6.587600000000000122e-01,-7.671000000000000041e-01,-8.732600000000000362e-01,-9.007399999999999851e-01,-5.966599999999999682e-01,-4.482400000000000273e-01,-3.155000000000000027e-01,-1.631700000000000095e-01,-1.353600000000000081e-01,-1.483500000000000096e-01,-1.662099999999999966e-01,-1.793500000000000094e-01,-1.722499999999999865e-01,-5.048799999999999955e-01,-5.748199999999999976e-01,-6.554999999999999716e-01,-7.626500000000000501e-01,-8.671900000000000164e-01,-8.933100000000000485e-01,-5.774700000000000388e-01,-4.253799999999999804e-01,-2.966900000000000093e-01,-1.598600000000000021e-01,-1.324400000000000022e-01,-1.450200000000000100e-01,-1.623999999999999888e-01,-1.753000000000000114e-01,-1.683399999999999896e-01,1.318920000000000092e+00,1.437869999999999981e+00,2.044779999999999820e+00,2.172769999999999868e+00,1.713410000000000100e+00,1.346070000000000100e+00,1.451349999999999918e+00,2.033459999999999823e+00,2.149770000000000181e+00,1.699959999999999916e+00
cmy*c/cref,-7.355885524499654604e-01,-7.813196576815615302e-01,-8.243769171239624383e-01,-8.824140233974552272e-01,-9.162904954538451108e-01,-8.786012668596354658e-01,-5.541503686841277032e-01,-3.953939194757684072e-01,-2.635878443117784520e-01,-1.287128324187420958e-01,-9.920250859313757552e-02,-9.903990406842348715e-02,-1.001163925405535865e-01,-9.632820760216286027e-02,-8.127651225820284320e-02,-7.338878536922014417e-01,-7.774380128243784105e-01,-8.202973300970873849e-01,-8.772950787955536844e-01,-9.099213919710280596e-01,-8.713538842489296776e-01,-5.363275791975719020e-01,-3.752290412872620884e-01,-2.478728289345849545e-01,-1.261018164519220053e-01,-9.706250175882934206e-02,-9.681676365354077718e-02,-9.782144364710848583e-02,-9.415296789885224671e-02,-7.943157081884393012e-02,1.019477165370158422e+00,1.043584633108203263e+00,1.387926604387357932e+00,1.373058102005400460e+00,1.002953366734339768e+00,1.040463127399545940e+00,1.053368216362807974e+00,1.380242976240728447e+00,1.358523504995075459e+00,9.950803399733326726e-01
cmz,2.793999999999999956e-02,6.189000000000000057e-02,-3.418000000000000205e-02,-1.426900000000000113e-01,-2.513500000000000179e-01,-4.821599999999999775e-01,1.040999999999999981e-01,1.023300000000000043e-01,8.698999999999999788e-02,6.718000000000000360e-02,-1.634000000000000036e-02,3.067999999999999894e-02,7.048999999999999710e-02,8.823999999999999899e-02,9.213000000000000356e-02,-2.778999999999999873e-02,-6.130000000000000032e-02,3.397000000000000020e-02,1.411300000000000054e-01,2.496700000000000030e-01,4.773000000000000020e-01,-1.078699999999999937e-01,-1.068500000000000005e-01,-8.845999999999999697e-02,-6.370000000000000662e-02,1.759000000000000147e-02,-2.862999999999999920e-02,-6.723999999999999422e-02,-8.423999999999999544e-02,-8.827000000000000124e-02,1.346060000000000034e+00,1.533689999999999998e+00,2.320120000000000182e+00,2.474990000000000023e+00,1.962930000000000064e+00,-1.371340000000000003e+00,-1.540820000000000078e+00,-2.303430000000000089e+00,-2.443919999999999870e+00,-1.942369999999999930e+00
cmz*c/cref,4.061326777087646139e-02,8.370557498643189931e-02,-4.277309342901365607e-02,-1.641398214034452963e-01,-2.637354465248883395e-01,-4.703092866188265386e-01,9.668329262899758025e-02,9.026561614303806047e-02,7.267672449027451353e-02,5.299336938095908917e-02,-1.197524372349193129e-02,2.048226664522569823e-02,4.245956627268889644e-02,4.739337072101951903e-02,4.347172757241352103e-02,-4.039522946859903235e-02,-8.290760618303885665e-02,4.251029794568735726e-02,1.623453149812056628e-01,2.619726633533672744e-01,4.655687375625641167e-01,-1.001846952535059426e-01,-9.425272241653098737e-02,-7.390485168881116840e-02,-5.024825289620563074e-02,1.289134253954853614e-02,-1.911366669011772476e-02,-4.050193270216486535e-02,-4.524498582886087722e-02,-4.165037873458093259e-02,1.040455397763439205e+00,1.113129362147982970e+00,1.574817962505109303e+00,1.564042706721073150e+00,1.149011183641882150e+00,-1.059995917840894641e+00,-1.118304209967369678e+00,-1.563489362348992273e+00,-1.544408361977125166e+00,-1.136976281767807739e+00
cs,6.029999999999999943e-02,1.009899999999999964e-01,1.496300000000000130e-01,1.150599999999999956e-01,9.868000000000000382e-02,-1.024100000000000010e-01,-6.471000000000000363e-02,-3.395999999999999713e-02,-2.568000000000000144e-02,-2.285999999999999838e-02,-1.346799999999999942e-01,-1.154499999999999971e-01,-9.955999999999999572e-02,-8.276000000000000023e-02,-6.135999999999999788e-02,-5.981999999999999817e-02,-9.969000000000000083e-02,-1.476300000000000112e-01,-1.132599999999999996e-01,-9.697999999999999676e-02,1.010100000000000026e-01,6.201000000000000262e-02,3.196999999999999842e-02,2.427999999999999950e-02,2.224999999999999895e-02,1.319299999999999917e-01,1.130800000000000000e-01,9.754000000000000170e-02,8.118000000000000216e-02,6.022999999999999882e-02,3.356899999999999884e-01,3.471500000000000141e-01,4.788000000000000034e-01,4.541000000000000036e-01,3.244900000000000007e-01,-3.419699999999999962e-01,-3.487100000000000199e-01,-4.749200000000000088e-01,-4.486899999999999777e-01,-3.213300000000000045e-01
cs*c/cref,8.765139751552794567e-02,1.365879143299362775e-01,1.872480389053046701e-01,1.323563518864700750e-01,1.035425258129141768e-01,-9.989292774729141566e-02,-6.009967210396189446e-02,-2.995622324066815265e-02,-2.145463024382399803e-02,-1.803257552915636663e-02,-9.870415083720276983e-02,-7.707554381327597071e-02,-5.996984562503768906e-02,-4.445008341876218599e-02,-2.895284059311074853e-02,-8.695367494824016164e-02,-1.348296779834770587e-01,-1.847452247783875345e-01,-1.302857675531166326e-01,-1.017587571274464614e-01,9.852733748417054349e-02,5.759203627208588083e-02,2.820083795654184169e-02,2.028498529283670471e-02,1.755139131774843125e-02,9.668873344187824126e-02,7.549330874322432439e-02,5.875310106735814192e-02,4.360147138635952352e-02,2.841964779861571797e-02,2.594761544620662330e-01,2.519563002103895055e-01,3.249930350358801734e-01,2.869635001038546851e-01,1.899418924668502540e-01,-2.643303659370037639e-01,-2.530885249787265812e-01,-3.223594239750213197e-01,-2.835447101114260127e-01,-1.880921701943757685e-01
cx,-3.146999999999999797e-02,-3.348000000000000281e-02,2.025099999999999956e-01,2.276499999999999913e-01,2.381999999999999951e-01,2.244299999999999906e-01,-4.633000000000000312e-02,-2.895000000000000004e-02,-1.856999999999999970e-02,-1.158000000000000002e-02,-5.499999999999999681e-03,-1.037000000000000074e-02,-1.344000000000000056e-02,-1.340000000000000045e-02,-1.153000000000000032e-02,-3.223999999999999783e-02,-3.409999999999999837e-02,1.999299999999999966e-01,2.246599999999999986e-01,2.360599999999999921e-01,2.223299999999999998e-01,-4.687000000000000194e-02,-2.976000000000000173e-02,-1.867999999999999869e-02,-1.101000000000000069e-02,-5.150000000000000064e-03,-9.960000000000000103e-03,-1.294999999999999971e-02,-1.290999999999999960e-02,-1.112999999999999927e-02,-1.399999999999999877e-04,-1.254000000000000080e-02,-5.249000000000000193e-02,-5.625000000000000139e-02,-3.735999999999999738e-02,7.600000000000000418e-04,-1.352000000000000077e-02,-5.378000000000000141e-02,-5.475000000000000006e-02,-3.635000000000000037e-02
cx*c/cref,-4.574443581780537893e-02,-4.528134836881143876e-02,2.534224444209934313e-01,2.618714019377273439e-01,2.499374711049468512e-01,2.189138733944401005e-01,-4.302917336696885503e-02,-2.553688641982753554e-02,-1.551450481416711928e-02,-9.134611750989970677e-03,-4.030834790649058877e-03,-6.923112943643758982e-03,-8.095567750105531202e-03,-7.197089388731431857e-03,-5.440453911971430273e-03,-4.686369910282953133e-02,-4.611989185712275785e-02,2.501938141972703256e-01,2.584319312951013914e-01,2.476920211126522053e-01,2.168654879997587992e-01,-4.353070053334406192e-02,-2.625138997768799651e-02,-1.560640548888754704e-02,-8.684980602625179055e-03,-3.774327122153209920e-03,-6.649392952622163074e-03,-7.800416842549599654e-03,-6.933912239441998755e-03,-5.251713099760799315e-03,-1.082149054922376999e-04,-9.101345253170918526e-03,-3.562841355270122967e-02,-3.554656877525176617e-02,-2.186886838596420468e-02,5.874523441007189735e-04,-9.812614658921118074e-03,-3.650402135386306146e-02,-3.459866027457838417e-02,-2.127765968495179058e-02
cy,6.029999999999999943e-02,1.009899999999999964e-01,1.496300000000000130e-01,1.150599999999999956e-01,9.868000000000000382e-02,-1.024100000000000010e-01,-6.471000000000000363e-02,-3.395999999999999713e-02,-2.568000000000000144e-02,-2.285999999999999838e-02,-1.346799999999999942e-01,-1.154499999999999971e-01,-9.955999999999999572e-02,-8.276000000000000023e-02,-6.135999999999999788e-02,-5.981999999999999817e-02,-9.969000000000000083e-02,-1.476300000000000112e-01,-1.132599999999999996e-01,-9.697999999999999676e-02,1.010100000000000026e-01,6.201000000000000262e-02,3.196999999999999842e-02,2.427999999999999950e-02,2.224999999999999895e-02,1.319299999999999917e-01,1.130800000000000000e-01,9.754000000000000170e-02,8.118000000000000216e-02,6.022999999999999882e-02,3.356899999999999884e-01,3.471500000000000141e-01,4.788000000000000034e-01,4.541000000000000036e-01,3.244900000000000007e-01,-3.419699999999999962e-01,-3.487100000000000199e-01,-4.749200000000000088e-01,-4.486899999999999777e-01,-3.213300000000000045e-01
cy*c/cref,8.765139751552794567e-02,1.365879143299362775e-01,1.872480389053046701e-01,1.323563518864700750e-01,1.035425258129141768e-01,-9.989292774729141566e-02,-6.009967210396189446e-02,-2.995622324066815265e-02,-2.145463024382399803e-02,-1.803257552915636663e-02,-9.870415083720276983e-02,-7.707554381327597071e-02,-5.996984562503768906e-02,-4.445008341876218599e-02,-2.895284059311074853e-02,-8.695367494824016164e-02,-1.348296779834770587e-01,-1.847452247783875345e-01,-1.302857675531166326e-01,-1.017587571274464614e-01,9.852733748417054349e-02,5.759203627208588083e-02,2.820083795654184169e-02,2.028498529283670471e-02,1.755139131774843125e-02,9.668873344187824126e-02,7.549330874322432439e-02,5.875310106735814192e-02,4.360147138635952352e-02,2.841964779861571797e-02,2.594761544620662330e-01,2.519563002103895055e-01,3.249930350358801734e-01,2.869635001038546851e-01,1.899418924668502540e-01,-2.643303659370037639e-01,-2.530885249787265812e-01,-3.223594239750213197e-01,-2.835447101114260127e-01,-1.880921701943757685e-01
cz,1.399340000000000028e+00,1.538799999999999946e+00,1.832459999999999978e+00,2.027629999999999821e+00,2.173999999999999932e+00,2.167860000000000120e+00,1.318400000000000016e+00,9.769400000000000306e-01,7.145599999999999730e-01,4.522100000000000009e-01,3.580400000000000249e-01,3.273699999999999943e-01,2.998299999999999854e-01,2.644599999999999729e-01,2.027100000000000013e-01,1.393880000000000008e+00,1.530070000000000041e+00,1.821479999999999988e+00,2.013990000000000169e+00,2.157680000000000042e+00,2.147819999999999840e+00,1.281130000000000102e+00,9.349600000000000133e-01,6.821599999999999886e-01,4.433799999999999963e-01,3.509700000000000042e-01,3.207400000000000251e-01,2.936799999999999966e-01,2.590799999999999770e-01,1.985300000000000120e-01,-3.275600000000000178e-01,-3.248599999999999821e-01,-4.269899999999999807e-01,-4.098300000000000276e-01,-2.944200000000000150e-01,-3.342899999999999761e-01,-3.277999999999999803e-01,-4.244499999999999940e-01,-4.055699999999999861e-01,-2.921099999999999808e-01
cz*c/cref,2.034064786059351260e+00,2.081210838408812158e+00,2.293153387505276530e+00,2.332432728798568444e+00,2.281125366004006949e+00,2.114577505578001837e+00,1.224469289164941577e+00,8.617618590323424810e-01,5.969867829839125006e-01,3.567152659684952321e-01,2.624000160807252735e-01,2.185553986847306729e-01,1.806022379846831116e-01,1.420404671450682388e-01,9.564912510804238210e-02,2.026128191856452876e+00,2.069403605097590138e+00,2.279412937948501749e+00,2.316742300850268332e+00,2.264001186623517015e+00,2.095030056383043071e+00,1.189854627144934396e+00,8.247311684656978281e-01,5.699178569753495793e-01,3.497499273017213306e-01,2.572185611771091174e-01,2.141291461469912449e-01,1.768977929204607336e-01,1.391508894651148631e-01,9.367678362044129514e-02,-2.531919603074099245e-01,-2.357785501551119822e-01,-2.898261821845665165e-01,-2.589875605539810333e-01,-1.723402631208667546e-01,-2.583940054071438563e-01,-2.379123583723626034e-01,-2.881021172117362861e-01,-2.562955004120685554e-01,-1.709880927254819050e-01
Results_Name,VSPAERO_Comp_Load
Results_Timestamp,1758915291
Results_Date,9,26,2025
Results_Time,15,34,51
AoA,1.000000000000000000e+00,1.000000000000000000e+00,1.000000000000000000e+00,1.000000000000000000e+00,1.000000000000000000e+00,1.000000000000000000e+00,1.000000000000000000e+00,1.000000000000000000e+00,1.000000000000000000e+00
Beta,0.000000000000000000e+00,0.000000000000000000e+00,0.000000000000000000e+00,0.000000000000000000e+00,0.000000000000000000e+00,0.000000000000000000e+00,0.000000000000000000e+00,0.000000000000000000e+00,0.000000000000000000e+00
CDi,0.000000000000000000e+00,3.880000000000000115e-02,3.812000000000000111e-02,-2.779999999999999919e-03,-2.759999999999999867e-03,0.000000000000000000e+00,0.000000000000000000e+00,0.000000000000000000e+00,0.000000000000000000e+00
CFx,0.000000000000000000e+00,2.699999999999999969e-02,2.650999999999999884e-02,-2.299999999999999961e-03,-2.289999999999999935e-03,0.000000000000000000e+00,0.000000000000000000e+00,0.000000000000000000e+00,0.000000000000000000e+00
CFy,0.000000000000000000e+00,-1.760000000000000063e-03,1.410000000000000012e-03,2.948999999999999885e-02,-2.944000000000000089e-02,0.000000000000000000e+00,0.000000000000000000e+00,0.000000000000000000e+00,0.000000000000000000e+00
CFz,0.000000000000000000e+00,6.765200000000000102e-01,6.654400000000000315e-01,-2.716999999999999971e-02,-2.719999999999999848e-02,0.000000000000000000e+00,0.000000000000000000e+00,0.000000000000000000e+00,0.000000000000000000e+00
CL,0.000000000000000000e+00,6.759399999999999853e-01,6.648699999999999610e-01,-2.711999999999999827e-02,-2.715000000000000052e-02,0.000000000000000000e+00,0.000000000000000000e+00,0.000000000000000000e+00,0.000000000000000000e+00
Cmx,0.000000000000000000e+00,1.125499999999999973e-01,-1.097999999999999948e-01,-1.069999999999999988e-03,1.059999999999999961e-03,-0.000000000000000000e+00,0.000000000000000000e+00,-0.000000000000000000e+00,0.000000000000000000e+00
Cmy,0.000000000000000000e+00,-2.878899999999999793e-01,-2.830199999999999938e-01,8.851000000000000534e-02,8.859999999999999820e-02,-7.380000000000000275e-03,-7.510000000000000182e-03,-0.000000000000000000e+00,6.000000000000000152e-05
Cmz,0.000000000000000000e+00,-1.930000000000000075e-03,1.860000000000000108e-03,8.219999999999999876e-03,-8.200000000000000691e-03,1.000000000000000082e-05,-1.000000000000000082e-05,2.000000000000000164e-05,4.000000000000000327e-05
Comp_ID,0,1,2,3,4,5,6,7,8
Comp_Name,NONE,main_wing,main_wing,horizontal_tail,horizontal_tail,fuselage,fuselage,fuselage,fuselage
Cs,0.000000000000000000e+00,-1.760000000000000063e-03,1.410000000000000012e-03,2.948999999999999885e-02,-2.944000000000000089e-02,0.000000000000000000e+00,0.000000000000000000e+00,0.000000000000000000e+00,0.000000000000000000e+00
Mach,1.499999999999999944e-01,1.499999999999999944e-01,1.499999999999999944e-01,1.499999999999999944e-01,1.499999999999999944e-01,1.499999999999999944e-01,1.499999999999999944e-01,1.499999999999999944e-01,1.499999999999999944e-01
Results_Name,VSPAERO_Load
Results_Timestamp,1758915291
Results_Date,9,26,2025
Results_Time,15,34,51
AnalysisMethod,0
Chord,1.735549999999999926e+00,1.614840000000000053e+00,1.494150000000000089e+00,1.373459999999999903e+00,1.252809999999999979e+00,1.164630000000000054e+00,1.108910000000000062e+00,1.053209999999999980e+00,9.975199999999999623e-01,9.418400000000000105e-01,8.750400000000000400e-01,7.971099999999999852e-01,7.191899999999999959e-01,6.412799999999999612e-01,5.633799999999999919e-01,1.735549999999999926e+00,1.614840000000000053e+00,1.494150000000000089e+00,1.373459999999999903e+00,1.252809999999999979e+00,1.164630000000000054e+00,1.108910000000000062e+00,1.053209999999999980e+00,9.975199999999999623e-01,9.418400000000000105e-01,8.750400000000000400e-01,7.971099999999999852e-01,7.191899999999999959e-01,6.412799999999999612e-01,5.633799999999999919e-01,9.229000000000000536e-01,8.665699999999999514e-01,8.104299999999999837e-01,7.545199999999999685e-01,6.988999999999999657e-01,9.229000000000000536e-01,8.665699999999999514e-01,8.104299999999999837e-01,7.545199999999999685e-01,6.988999999999999657e-01
FC_AoA_,2.000000000000000000e+00
FC_Beta_,0.000000000000000000e+00
FC_Bref_,1.417173599999999922e+01
FC_Cref_,1.193975999999999926e+00
FC_Mach_,1.499999999999999944e-01
FC_Pitch_Rate,0.000000000000000000e+00
FC_Rho_,2.377000000000000206e-03
FC_Roll__Rate,0.000000000000000000e+00
FC_Sref_,1.619368700000000061e+01
FC_Vinf_,5.100000000000000000e+01
FC_Xcg_,1.774861999999999940e+00
FC_Yaw___Rate,0.000000000000000000e+00
FC_Ycg_,0.000000000000000000e+00
FC_Zcg_,7.545150000000000468e-01
S,3.314000000000000279e-02,8.981999999999999706e-02,1.368900000000000117e-01,1.839600000000000124e-01,2.310300000000000131e-01,2.997400000000000064e-01,4.117600000000000149e-01,5.454599999999999449e-01,6.791599999999999859e-01,8.128699999999999815e-01,9.157600000000000184e-01,9.578200000000000047e-01,9.698700000000000099e-01,9.819200000000000150e-01,9.939700000000000202e-01,3.314000000000000279e-02,8.981999999999999706e-02,1.368900000000000117e-01,1.839600000000000124e-01,2.310300000000000131e-01,2.997400000000000064e-01,4.117600000000000149e-01,5.454599999999999449e-01,6.791599999999999859e-01,8.128699999999999815e-01,9.157600000000000184e-01,9.578200000000000047e-01,9.698700000000000099e-01,9.819200000000000150e-01,9.939700000000000202e-01,1.020299999999999957e-01,3.035599999999999965e-01,5.025399999999999867e-01,7.015200000000000324e-01,9.005100000000000326e-01,1.020299999999999957e-01,3.035599999999999965e-01,5.025399999999999867e-01,7.015200000000000324e-01,9.005100000000000326e-01
V/Vref,9.796200000000000463e-01,9.854100000000000081e-01,9.763100000000000112e-01,9.787099999999999689e-01,9.898200000000000331e-01,9.991700000000000026e-01,1.003770000000000051e+00,1.003679999999999906e+00,1.003279999999999950e+00,1.003800000000000026e+00,1.012890000000000068e+00,1.011530000000000040e+00,1.011549999999999949e+00,1.010820000000000052e+00,1.011800000000000033e+00,9.804100000000000037e-01,9.859700000000000131e-01,9.767200000000000326e-01,9.792100000000000248e-01,9.900700000000000056e-01,9.997700000000000475e-01,1.003470000000000084e+00,1.003060000000000063e+00,1.002510000000000012e+00,1.003600000000000048e+00,1.012329999999999952e+00,1.011090000000000044e+00,1.011109999999999953e+00,1.010359999999999925e+00,1.011319999999999997e+00,9.579199999999999937e-01,9.735000000000000320e-01,9.867200000000000415e-01,9.954499999999999460e-01,9.977500000000000258e-01,9.570699999999999763e-01,9.722399999999999931e-01,9.834800000000000209e-01,9.957500000000000240e-01,9.962400000000000144e-01
WingId,1,1,1,1,1,1,1,1,1,1,1,1,1,1,1,2,2,2,2,2,2,2,2,2,2,2,2,2,2,2,3,3,3,3,3,4,4,4,4,4
Xavg,2.392879999999999896e+00,2.382319999999999993e+00,2.371750000000000025e+00,2.361190000000000122e+00,2.350620000000000154e+00,2.337899999999999867e+00,2.323770000000000113e+00,2.309619999999999784e+00,2.295469999999999899e+00,2.281299999999999883e+00,2.284749999999999837e+00,2.305000000000000160e+00,2.325239999999999974e+00,2.345470000000000166e+00,2.365699999999999914e+00,2.392879999999999896e+00,2.382319999999999993e+00,2.371750000000000025e+00,2.361190000000000122e+00,2.350620000000000154e+00,2.337899999999999867e+00,2.323770000000000113e+00,2.309619999999999784e+00,2.295469999999999899e+00,2.281299999999999883e+00,2.284749999999999837e+00,2.305000000000000160e+00,2.325239999999999974e+00,2.345470000000000166e+00,2.365699999999999914e+00,5.722059999999999924e+00,5.820210000000000328e+00,5.918350000000000222e+00,6.016490000000000116e+00,6.114630000000000010e+00,5.722059999999999924e+00,5.820210000000000328e+00,5.918350000000000222e+00,6.016490000000000116e+00,6.114630000000000010e+00
Yavg,1.718899999999999872e-01,5.195499999999999563e-01,8.671900000000000164e-01,1.214800000000000102e+00,1.562359999999999971e+00,2.228590000000000071e+00,3.216559999999999864e+00,4.204550000000000232e+00,5.192569999999999908e+00,6.180620000000000225e+00,6.716649999999999565e+00,6.791660000000000252e+00,6.866660000000000430e+00,6.941650000000000098e+00,7.016610000000000014e+00,-1.718899999999999872e-01,-5.195499999999999563e-01,-8.671900000000000164e-01,-1.214800000000000102e+00,-1.562359999999999971e+00,-2.228590000000000071e+00,-3.216559999999999864e+00,-4.204550000000000232e+00,-5.192569999999999908e+00,-6.180620000000000225e+00,-6.716649999999999565e+00,-6.791660000000000252e+00,-6.866660000000000430e+00,-6.941650000000000098e+00,-7.016610000000000014e+00,1.078800000000000037e-01,3.257399999999999740e-01,5.435900000000000176e-01,7.614400000000000057e-01,9.792699999999999738e-01,-1.078800000000000037e-01,-3.257399999999999740e-01,-5.435900000000000176e-01,-7.614400000000000057e-01,-9.792699999999999738e-01
Zavg,1.119259999999999922e+00,1.109900000000000109e+00,1.100540000000000074e+00,1.091180000000000039e+00,1.081830000000000069e+00,1.094910000000000050e+00,1.130849999999999911e+00,1.166740000000000110e+00,1.202599999999999891e+00,1.238469999999999960e+00,1.270329999999999959e+00,1.298289999999999944e+00,1.326240000000000085e+00,1.354190000000000005e+00,1.382130000000000081e+00,1.119259999999999922e+00,1.109900000000000109e+00,1.100540000000000074e+00,1.091180000000000039e+00,1.081830000000000069e+00,1.094910000000000050e+00,1.130849999999999911e+00,1.166740000000000110e+00,1.202599999999999891e+00,1.238469999999999960e+00,1.270329999999999959e+00,1.298289999999999944e+00,1.326240000000000085e+00,1.354190000000000005e+00,1.382130000000000081e+00,3.777900000000000147e-01,5.956799999999999873e-01,8.135799999999999699e-01,1.031470000000000109e+00,1.249349999999999961e+00,3.777900000000000147e-01,5.956799999999999873e-01,8.135799999999999699e-01,1.031470000000000109e+00,1.249349999999999961e+00
cd,3.939999999999999926e-03,3.739999999999999835e-03,2.467799999999999994e-01,2.748399999999999732e-01,2.870099999999999874e-01,2.724099999999999855e-01,-2.110000000000000070e-02,-1.005999999999999950e-02,-4.449999999999999963e-03,-2.320000000000000014e-03,3.050000000000000194e-03,-4.400000000000000265e-03,-9.639999999999999264e-03,-1.063000000000000056e-02,-1.000000000000000021e-02,3.310000000000000008e-03,3.099999999999999891e-03,2.435199999999999865e-01,2.710000000000000187e-01,2.847999999999999976e-01,2.703699999999999992e-01,-2.347000000000000128e-02,-1.314000000000000064e-02,-5.930000000000000375e-03,-1.670000000000000043e-03,3.399999999999999811e-03,-3.910000000000000281e-03,-8.980000000000000135e-03,-9.929999999999999591e-03,-9.419999999999999554e-03,-8.449999999999999178e-03,-1.586999999999999869e-02,-5.646999999999999936e-02,-6.360999999999999988e-02,-4.274000000000000021e-02,-8.219999999999999876e-03,-1.746999999999999942e-02,-5.584000000000000075e-02,-6.185999999999999832e-02,-4.168000000000000177e-02
cd*c/cref,5.727139406487231910e-03,5.058310719813463932e-03,3.088222351203039340e-01,3.161552212104765669e-01,3.011526178918169649e-01,2.657146025548252077e-01,-1.959670964910517621e-02,-8.873957767995337489e-03,-3.717800022781027336e-03,-1.830077656502308294e-03,2.235281111178114444e-03,-2.937482830475654765e-03,-5.806642344569739808e-03,-5.709332850911576565e-03,-4.718520305265767878e-03,4.811378536922015364e-03,4.192717441556614508e-03,3.047426480934290471e-01,3.117379746326559564e-01,2.988337186007088975e-01,2.637247424571348420e-01,-2.179785665708523779e-02,-1.159083549418078903e-02,-4.954281828110447886e-03,-1.317340382051230673e-03,2.491788779673963401e-03,-2.610354060718138476e-03,-5.409092142555629520e-03,-5.333365494783814248e-03,-4.444846127560352599e-03,-6.531542510067204176e-03,-1.151820966250577914e-02,-3.832990118729354828e-02,-4.019763981855582063e-02,-2.501807909036697641e-02,-6.353760879615671063e-03,-1.267946583515916666e-02,-3.790227877277265595e-02,-3.909174656777020945e-02,-2.439760263187869954e-02
cl,1.465880000000000072e+00,1.609769999999999923e+00,1.898160000000000069e+00,2.097579999999999778e+00,2.249029999999999863e+00,2.246760000000000090e+00,1.410619999999999985e+00,1.070829999999999949e+00,8.045200000000000129e-01,5.334100000000000508e-01,4.283500000000000085e-01,3.947599999999999998e-01,3.648799999999999821e-01,3.247499999999999831e-01,2.519299999999999873e-01,1.459209999999999896e+00,1.599029999999999951e+00,1.884449999999999958e+00,2.080350000000000144e+00,2.228139999999999787e+00,2.220579999999999998e+00,1.352680000000000105e+00,1.003679999999999906e+00,7.523999999999999577e-01,5.187000000000000499e-01,4.166300000000000003e-01,3.838099999999999845e-01,3.547000000000000153e-01,3.158500000000000196e-01,2.449999999999999956e-01,-3.045100000000000029e-01,-3.007199999999999873e-01,-4.044900000000000162e-01,-3.817400000000000237e-01,-2.721899999999999875e-01,-3.097599999999999798e-01,-3.031499999999999750e-01,-4.034499999999999753e-01,-3.812699999999999978e-01,-2.747100000000000097e-01
cl*c/cref,2.130786576949620592e+00,2.177197018030513131e+00,2.375370831574504571e+00,2.412897936641942298e+00,2.359852521574973050e+00,2.191538271121027837e+00,1.310118984133684439e+00,9.445825245231059819e-01,6.721448256916386921e-01,4.207679839460760629e-01,3.139287422862771515e-01,2.635456186724021155e-01,2.197850268347102398e-01,1.744219984321292716e-01,1.188736820505604808e-01,2.121091140441683898e+00,2.162671280829765674e+00,2.358214040734487149e+00,2.393077843273231586e+00,2.337933152257666958e+00,2.166001733200667356e+00,1.256306976689648858e+00,8.853492974733160326e-01,6.286006150877404552e-01,4.091643450119600844e-01,3.053393997869304211e-01,2.562352920829229497e-01,2.136531161430380854e-01,1.696418420470763300e-01,1.156037474790113095e-01,-2.353751490817236058e-01,-2.182580976502040138e-01,-2.745539530945346196e-01,-2.412363940313708432e-01,-1.593278181470984267e-01,-2.394332080376825045e-01,-2.200217554624213367e-01,-2.738480367277064120e-01,-2.409393827011598321e-01,-1.608029131238818965e-01
cmx,1.337099999999999955e-01,4.968000000000000194e-01,1.074500000000000011e+00,1.837869999999999893e+00,2.793779999999999930e+00,4.351930000000000298e+00,4.119419999999999860e+00,4.290879999999999583e+00,4.201970000000000205e+00,3.512840000000000185e+00,3.380570000000000075e+00,3.452830000000000066e+00,3.571379999999999999e+00,3.599439999999999973e+00,3.211699999999999999e+00,-1.331499999999999906e-01,-4.936400000000000232e-01,-1.067029999999999923e+00,-1.823050000000000059e+00,-2.768170000000000019e+00,-4.301739999999999675e+00,-3.949170000000000069e+00,-4.020839999999999748e+00,-3.929089999999999971e+00,-3.416170000000000151e+00,-3.288069999999999826e+00,-3.357099999999999973e+00,-3.471940000000000026e+00,-3.501219999999999999e+00,-3.123780000000000001e+00,9.705999999999999350e-02,-4.975999999999999868e-02,-3.013799999999999812e-01,-5.428600000000000092e-01,-5.957900000000000418e-01,-9.865999999999999770e-02,5.054999999999999771e-02,3.002600000000000269e-01,5.404999999999999805e-01,5.971699999999999786e-01
cmx*c/cref,1.943593426501035171e-01,6.719167822468794515e-01,1.344636889686225079e+00,2.114147127077930843e+00,2.931445457697642532e+00,4.244966595559710676e+00,3.825927851313594363e+00,3.784998797965788420e+00,3.510580710500043722e+00,2.771021549511883286e+00,2.477548939677179707e+00,2.305142918534376140e+00,2.151216424953265705e+00,1.933245629057870563e+00,1.515447166442206672e+00,-1.935453329882677598e-01,-6.676429154354862616e-01,-1.335288878922189504e+00,-2.097099316066654673e+00,-2.904573507088920259e+00,-4.196010184626826955e+00,-3.667807480803634501e+00,-3.546795661219320994e+00,-3.282600200339035101e+00,-2.694765684402366634e+00,-2.409757627288990900e+00,-2.241232638679504507e+00,-2.091318861183139699e+00,-1.880492038030915136e+00,-1.473961935918310040e+00,7.502384805054708450e-02,-3.611506696952032636e-02,-2.045664179179481068e-01,-3.430544057837008332e-01,-3.487487445308783407e-01,-7.626058982760122729e-02,3.668843720476793607e-02,2.038062002921332272e-01,3.415630297426414108e-01,3.495565346372120907e-01
cmy,-5.141000000000000014e-01,-5.880100000000000326e-01,-6.704200000000000159e-01,-7.828100000000000058e-01,-8.937300000000000244e-01,-9.258399999999999963e-01,-6.233800000000000452e-01,-4.769200000000000106e-01,-3.433800000000000185e-01,-1.883700000000000097e-01,-1.601599999999999968e-01,-1.784300000000000053e-01,-2.034600000000000020e-01,-2.225000000000000033e-01,-2.173499999999999877e-01,-5.126500000000000501e-01,-5.845599999999999685e-01,-6.665100000000000469e-01,-7.773999999999999799e-01,-8.860000000000000098e-01,-9.163799999999999724e-01,-5.929900000000000171e-01,-4.396900000000000253e-01,-3.128900000000000015e-01,-1.826000000000000123e-01,-1.551800000000000124e-01,-1.728000000000000091e-01,-1.970099999999999907e-01,-2.156500000000000083e-01,-2.107199999999999906e-01,1.225689999999999946e+00,1.333159999999999901e+00,1.945410000000000084e+00,2.031190000000000051e+00,1.589820000000000011e+00,1.245970000000000022e+00,1.344209999999999905e+00,1.941750000000000087e+00,2.030860000000000110e+00,1.607790000000000052e+00
cmy*c/cref,-7.472899413388544021e-01,-7.952773492934532840e-01,-8.389683234838892778e-01,-9.004856233291120837e-01,-9.377691689782710061e-01,-9.030843494341594946e-01,-5.789666758795822821e-01,-4.206926380429757972e-01,-2.868804880500110399e-01,-1.485912621359223584e-01,-1.173779091037005923e-01,-1.191216048731297827e-01,-1.225538850027136362e-01,-1.195039096263241507e-01,-1.025570388349514583e-01,-7.451822377501725603e-01,-7.906112605278498018e-01,-8.340753218657662726e-01,-8.942623670827553051e-01,-9.296582678378796372e-01,-8.938568609419285105e-01,-5.507418414607999635e-01,-3.878519374761302263e-01,-2.614072919388664151e-01,-1.440397327919489268e-01,-1.137281714205310851e-01,-1.153629620695893476e-01,-1.186687353012120805e-01,-1.158248004985024948e-01,-9.942865987256024884e-02,9.474137679484345709e-01,9.675876744591180856e-01,1.320477653068403479e+00,1.283588178321842355e+00,9.306093238055036521e-01,9.630894699725958130e-01,9.756075999015055844e-01,1.317993370469758396e+00,1.283379638451694227e+00,9.411281558423284510e-01
cmz,2.955999999999999947e-02,6.759999999999999343e-02,-2.227000000000000160e-02,-1.203100000000000003e-01,-2.144000000000000072e-01,-4.240900000000000225e-01,1.736099999999999866e-01,1.754999999999999893e-01,1.590100000000000124e-01,1.269299999999999873e-01,2.271000000000000102e-02,8.723000000000000198e-02,1.456800000000000039e-01,1.712700000000000056e-01,1.732899999999999996e-01,-2.936000000000000068e-02,-6.675000000000000377e-02,2.225999999999999854e-02,1.188400000000000012e-01,2.138500000000000123e-01,4.207799999999999874e-01,-1.781699999999999950e-01,-1.806300000000000128e-01,-1.586299999999999932e-01,-1.197399999999999992e-01,-1.929000000000000159e-02,-8.229999999999999816e-02,-1.383300000000000085e-01,-1.624800000000000133e-01,-1.648100000000000120e-01,1.245219999999999994e+00,1.380880000000000107e+00,2.152270000000000127e+00,2.330080000000000151e+00,1.845709999999999962e+00,-1.264809999999999990e+00,-1.391750000000000043e+00,-2.147110000000000074e+00,-2.298960000000000115e+00,-1.826619999999999910e+00
cmz*c/cref,4.296808143547273945e-02,9.142829001587970961e-02,-2.786883530322218153e-02,-1.383955561920842681e-01,-2.249647095083988635e-01,-4.136665533478060541e-01,1.612409839896279395e-01,1.548091042030995679e-01,1.328466026117778032e-01,1.001257573016543084e-01,1.664368329011638864e-02,5.823559711417985313e-02,8.775017186275101133e-02,9.198847012000241352e-02,8.176723836995049288e-02,-4.267736369910282712e-02,-9.027867394319484540e-02,2.785632123258759141e-02,1.367045789865122818e-01,2.243876078748651970e-01,4.104379077971416767e-01,-1.654761022834629891e-01,-1.593342934028824931e-01,-1.325291275536526758e-01,-9.445409421964931496e-02,-1.413723692938551914e-02,-5.494428112457871993e-02,-8.332290824941206153e-02,-8.726739431948381254e-02,-7.776593315108512594e-02,9.625097472646017005e-01,1.002222139808505386e+00,1.460887133493470769e+00,1.472468426166020139e+00,1.080395853015470919e+00,-9.776521043974083502e-01,-1.010111423931469465e+00,-1.457384702288823330e+00,-1.452802484472049738e+00,-1.069221423211186739e+00
cs,6.321000000000000230e-02,1.036200000000000038e-01,1.520199999999999885e-01,1.181399999999999950e-01,1.029000000000000054e-01,-1.055100000000000066e-01,-6.766999999999999404e-02,-3.742000000000000187e-02,-2.915999999999999842e-02,-2.779999999999999832e-02,-1.580999999999999905e-01,-1.348699999999999899e-01,-1.161399999999999932e-01,-9.596999999999999975e-02,-7.152999999999999636e-02,-6.264000000000000123e-02,-1.020299999999999957e-01,-1.494499999999999995e-01,-1.157600000000000018e-01,-1.005800000000000027e-01,1.035500000000000032e-01,6.339999999999999802e-02,3.418000000000000205e-02,2.692999999999999908e-02,2.674999999999999947e-02,1.535700000000000121e-01,1.310300000000000076e-01,1.129200000000000065e-01,9.352000000000000590e-02,6.980999999999999706e-02,3.105700000000000127e-01,3.130399999999999849e-01,4.454600000000000226e-01,4.280900000000000261e-01,3.054399999999999893e-01,-3.156700000000000061e-01,-3.154299999999999882e-01,-4.439400000000000013e-01,-4.227600000000000247e-01,-3.025900000000000256e-01
cs*c/cref,9.188134057971014679e-02,1.401449617077730470e-01,1.902389017869705878e-01,1.358993517457637301e-01,1.079704692556634482e-01,-1.029167347584876158e-01,-6.284878397890744650e-02,-3.300830016683752727e-02,-2.436203340770668607e-02,-2.192937881498455491e-02,-1.158681782548393047e-01,-9.004052485142079176e-02,-6.995678857866489964e-02,-5.154512452511608028e-02,-3.375157574356603407e-02,-9.105279503105589978e-02,-1.379945034071036747e-01,-1.870227856338821104e-01,-1.331615791272186267e-01,-1.055361496378486863e-01,1.010049083901184003e-01,5.888300434849612353e-02,3.015028593539569035e-02,2.249895609291979043e-02,2.110111091010204512e-02,1.125482361454501895e-01,8.747690347209659267e-02,6.801722547186879464e-02,5.022923877866892345e-02,3.293999025106032069e-02,2.400593085623161926e-01,2.271997701796351077e-01,3.023629853531394907e-01,2.705267667021782896e-01,1.787908768685467498e-01,-2.440014229766762632e-01,-2.289343965875360876e-01,-3.013312614323906402e-01,-2.671585318297855505e-01,-1.771226146924226308e-01
cx,-4.723000000000000115e-02,-5.244000000000000050e-02,1.803899999999999948e-01,2.014700000000000102e-01,2.083399999999999974e-01,1.938300000000000023e-01,-7.031999999999999362e-02,-4.741999999999999688e-02,-3.253000000000000336e-02,-2.094000000000000028e-02,-1.190000000000000085e-02,-1.816999999999999865e-02,-2.237000000000000099e-02,-2.195000000000000076e-02,-1.878000000000000155e-02,-4.762000000000000260e-02,-5.270999999999999991e-02,1.776099999999999901e-01,1.982399999999999995e-01,2.068599999999999883e-01,1.927099999999999924e-01,-7.066999999999999671e-02,-4.816000000000000142e-02,-3.219000000000000333e-02,-1.976999999999999938e-02,-1.114000000000000060e-02,-1.730999999999999900e-02,-2.135000000000000092e-02,-2.094999999999999987e-02,-1.796999999999999986e-02,2.180000000000000080e-03,-5.369999999999999774e-03,-4.231000000000000039e-02,-5.025000000000000300e-02,-3.321999999999999953e-02,2.599999999999999881e-03,-6.879999999999999831e-03,-4.172000000000000014e-02,-4.850999999999999757e-02,-3.207000000000000128e-02
cx*c/cref,-6.865299344375430657e-02,-7.092454923717060600e-02,2.257413201772900113e-01,2.317559031337313169e-01,2.186060987825551027e-01,1.890659719290840035e-01,-6.530998211019317656e-02,-4.182933174536171417e-02,-2.717753589686894983e-02,-1.651802850308549050e-02,-8.721260728858874073e-03,-1.213046887039605400e-02,-1.347454245311463690e-02,-1.178926209572051832e-02,-8.861381133289112158e-03,-6.921989302967564150e-02,-7.128972140143520486e-02,2.222624085408752004e-01,2.280403545799915555e-01,2.170531707505008456e-01,1.879734997185873169e-01,-6.563504601432525176e-02,-4.248208808217251303e-02,-2.689347926591489565e-02,-1.559510140907354944e-02,-8.164272648696457857e-03,-1.155632449898490351e-02,-1.286014668636555579e-02,-1.125216587268085787e-02,-8.479180988562583579e-03,1.685060671236272888e-03,-3.897466029467929003e-03,-2.871857834663343531e-02,-3.175493477255824509e-02,-1.944549806696281927e-02,2.009705387712985934e-03,-4.993401542409563187e-03,-2.831810656160593104e-02,-3.065536091177712211e-02,-1.877233964501798941e-02
cy,6.321000000000000230e-02,1.036200000000000038e-01,1.520199999999999885e-01,1.181399999999999950e-01,1.029000000000000054e-01,-1.055100000000000066e-01,-6.766999999999999404e-02,-3.742000000000000187e-02,-2.915999999999999842e-02,-2.779999999999999832e-02,-1.580999999999999905e-01,-1.348699999999999899e-01,-1.161399999999999932e-01,-9.596999999999999975e-02,-7.152999999999999636e-02,-6.264000000000000123e-02,-1.020299999999999957e-01,-1.494499999999999995e-01,-1.157600000000000018e-01,-1.005800000000000027e-01,1.035500000000000032e-01,6.339999999999999802e-02,3.418000000000000205e-02,2.692999999999999908e-02,2.674999999999999947e-02,1.535700000000000121e-01,1.310300000000000076e-01,1.129200000000000065e-01,9.352000000000000590e-02,6.980999999999999706e-02,3.105700000000000127e-01,3.130399999999999849e-01,4.454600000000000226e-01,4.280900000000000261e-01,3.054399999999999893e-01,-3.156700000000000061e-01,-3.154299999999999882e-01,-4.439400000000000013e-01,-4.227600000000000247e-01,-3.025900000000000256e-01
cy*c/cref,9.188134057971014679e-02,1.401449617077730470e-01,1.902389017869705878e-01,1.358993517457637301e-01,1.079704692556634482e-01,-1.029167347584876158e-01,-6.284878397890744650e-02,-3.300830016683752727e-02,-2.436203340770668607e-02,-2.192937881498455491e-02,-1.158681782548393047e-01,-9.004052485142079176e-02,-6.995678857866489964e-02,-5.154512452511608028e-02,-3.375157574356603407e-02,-9.105279503105589978e-02,-1.379945034071036747e-01,-1.870227856338821104e-01,-1.331615791272186267e-01,-1.055361496378486863e-01,1.010049083901184003e-01,5.888300434849612353e-02,3.015028593539569035e-02,2.249895609291979043e-02,2.110111091010204512e-02,1.125482361454501895e-01,8.747690347209659267e-02,6.801722547186879464e-02,5.022923877866892345e-02,3.293999025106032069e-02,2.400593085623161926e-01,2.271997701796351077e-01,3.023629853531394907e-01,2.705267667021782896e-01,1.787908768685467498e-01,-2.440014229766762632e-01,-2.289343965875360876e-01,-3.013312614323906402e-01,-2.671585318297855505e-01,-1.771226146924226308e-01
cz,1.465130000000000043e+00,1.608919999999999906e+00,1.905610000000000026e+00,2.105900000000000105e+00,2.257670000000000066e+00,2.254900000000000126e+00,1.409019999999999939e+00,1.069830000000000059e+00,8.038800000000000390e-01,5.330099999999999838e-01,4.282000000000000250e-01,3.943699999999999983e-01,3.643199999999999772e-01,3.241800000000000237e-01,2.514199999999999768e-01,1.458439999999999959e+00,1.598170000000000091e+00,1.891799999999999926e+00,2.088550000000000129e+00,2.236720000000000041e+00,2.228660000000000085e+00,1.351040000000000019e+00,1.002610000000000001e+00,7.517300000000000093e-01,5.183299999999999574e-01,4.164999999999999813e-01,3.834400000000000031e-01,3.541699999999999848e-01,3.153199999999999892e-01,2.445199999999999874e-01,-3.046200000000000019e-01,-3.010900000000000243e-01,-4.062100000000000155e-01,-3.837300000000000155e-01,-2.735199999999999854e-01,-3.098600000000000243e-01,-3.035800000000000165e-01,-4.051500000000000101e-01,-3.831899999999999751e-01,-2.760000000000000231e-01
cz*c/cref,2.129696385438233364e+00,2.176047401957828420e+00,2.384693814197270445e+00,2.422468637560553972e+00,2.368918263599938623e+00,2.199478203079459071e+00,1.308632977714794920e+00,9.437004213652536722e-01,6.716101308569016881e-01,4.204524533156445698e-01,3.138188104283503588e-01,2.632852508760645249e-01,2.194477115117891841e-01,1.741158535849967048e-01,1.186330375149919208e-01,2.119971877156659801e+00,2.161508139862108102e+00,2.367411882650907629e+00,2.402510505236286065e+00,2.346935937740792344e+00,2.173883139862108127e+00,1.254783820110287218e+00,8.844054470944140434e-01,6.280408564326250831e-01,4.088724791788109769e-01,3.052441255100605266e-01,2.559882764812693168e-01,2.133338712838449003e-01,1.693571810488652962e-01,1.153772585043585375e-01,-2.354601750788960779e-01,-2.185266381401301528e-01,-2.757214301627503583e-01,-2.424939526422641711e-01,-1.601063404959563452e-01,-2.395105043987484361e-01,-2.203338430588219765e-01,-2.750019384811755452e-01,-2.421527055820217322e-01,-1.615580212667591387e-01
Results_Name,VSPAERO_Comp_Load
Results_Timestamp,1758915291
Results_Date,9,26,2025
Results_Time,15,34,51
AoA,2.000000000000000000e+00,2.000000000000000000e+00,2.000000000000000000e+00,2.000000000000000000e+00,2.000000000000000000e+00,2.000000000000000000e+00,2.000000000000000000e+00,2.000000000000000000e+00,2.000000000000000000e+00
Beta,0.000000000000000000e+00,0.000000000000000000e+00,0.000000000000000000e+00,0.000000000000000000e+00,0.000000000000000000e+00,0.000000000000000000e+00,0.000000000000000000e+00,0.000000000000000000e+00,0.000000000000000000e+00
CDi,0.000000000000000000e+00,4.184000000000000219e-02,4.096000000000000335e-02,-2.739999999999999814e-03,-2.710000000000000169e-03,0.000000000000000000e+00,0.000000000000000000e+00,0.000000000000000000e+00,0.000000000000000000e+00
CFx,0.000000000000000000e+00,1.677999999999999978e-02,1.646999999999999853e-02,-1.850000000000000082e-03,-1.820000000000000003e-03,0.000000000000000000e+00,0.000000000000000000e+00,0.000000000000000000e+00,0.000000000000000000e+00
CFy,0.000000000000000000e+00,-2.720000000000000195e-03,2.119999999999999923e-03,2.736999999999999850e-02,-2.735999999999999890e-02,0.000000000000000000e+00,0.000000000000000000e+00,0.000000000000000000e+00,0.000000000000000000e+00
CFz,0.000000000000000000e+00,7.184199999999999475e-01,7.017700000000000049e-01,-2.542000000000000162e-02,-2.555999999999999939e-02,0.000000000000000000e+00,0.000000000000000000e+00,0.000000000000000000e+00,0.000000000000000000e+00
CL,0.000000000000000000e+00,7.174000000000000377e-01,7.007700000000000040e-01,-2.534000000000000141e-02,-2.547999999999999918e-02,0.000000000000000000e+00,0.000000000000000000e+00,0.000000000000000000e+00,0.000000000000000000e+00
Cmx,0.000000000000000000e+00,1.220900000000000041e-01,-1.177900000000000058e-01,-1.000000000000000021e-03,1.000000000000000021e-03,-1.000000000000000082e-05,1.000000000000000082e-05,-0.000000000000000000e+00,0.000000000000000000e+00
Cmy,0.000000000000000000e+00,-2.985200000000000076e-01,-2.910800000000000054e-01,8.278000000000000635e-02,8.328000000000000680e-02,-4.769999999999999934e-03,-4.969999999999999592e-03,-0.000000000000000000e+00,3.000000000000000076e-05
Cmz,0.000000000000000000e+00,-3.000000000000000076e-05,-1.000000000000000082e-05,7.620000000000000037e-03,-7.609999999999999577e-03,-0.000000000000000000e+00,-0.000000000000000000e+00,3.000000000000000076e-05,6.000000000000000152e-05
Comp_ID,0,1,2,3,4,5,6,7,8
Comp_Name,NONE,main_wing,main_wing,horizontal_tail,horizontal_tail,fuselage,fuselage,fuselage,fuselage
Cs,0.000000000000000000e+00,-2.720000000000000195e-03,2.119999999999999923e-03,2.736999999999999850e-02,-2.735999999999999890e-02,0.000000000000000000e+00,0.000000000000000000e+00,0.000000000000000000e+00,0.000000000000000000e+00
Mach,1.499999999999999944e-01,1.499999999999999944e-01,1.499999999999999944e-01,1.499999999999999944e-01,1.499999999999999944e-01,1.499999999999999944e-01,1.499999999999999944e-01,1.499999999999999944e-01,1.499999999999999944e-01
Results_Name,VSPAERO_Load
Results_Timestamp,1758915291
Results_Date,9,26,2025
Results_Time,15,34,51
AnalysisMethod,0
Chord,1.735549999999999926e+00,1.614840000000000053e+00,1.494150000000000089e+00,1.373459999999999903e+00,1.252809999999999979e+00,1.164630000000000054e+00,1.108910000000000062e+00,1.053209999999999980e+00,9.975199999999999623e-01,9.418400000000000105e-01,8.750400000000000400e-01,7.971099999999999852e-01,7.191899999999999959e-01,6.412799999999999612e-01,5.633799999999999919e-01,1.735549999999999926e+00,1.614840000000000053e+00,1.494150000000000089e+00,1.373459999999999903e+00,1.252809999999999979e+00,1.164630000000000054e+00,1.108910000000000062e+00,1.053209999999999980e+00,9.975199999999999623e-01,9.418400000000000105e-01,8.750400000000000400e-01,7.971099999999999852e-01,7.191899999999999959e-01,6.412799999999999612e-01,5.633799999999999919e-01,9.229000000000000536e-01,8.665699999999999514e-01,8.104299999999999837e-01,7.545199999999999685e-01,6.988999999999999657e-01,9.229000000000000536e-01,8.665699999999999514e-01,8.104299999999999837e-01,7.545199999999999685e-01,6.988999999999999657e-01
FC_AoA_,3.000000000000000000e+00
FC_Beta_,0.000000000000000000e+00
FC_Bref_,1.417173599999999922e+01
FC_Cref_,1.193975999999999926e+00
FC_Mach_,1.499999999999999944e-01
FC_Pitch_Rate,0.000000000000000000e+00
FC_Rho_,2.377000000000000206e-03
FC_Roll__Rate,0.000000000000000000e+00
FC_Sref_,1.619368700000000061e+01
FC_Vinf_,5.100000000000000000e+01
FC_Xcg_,1.774861999999999940e+00
FC_Yaw___Rate,0.000000000000000000e+00
FC_Ycg_,0.000000000000000000e+00
FC_Zcg_,7.545150000000000468e-01
S,3.314000000000000279e-02,8.981999999999999706e-02,1.368900000000000117e-01,1.839600000000000124e-01,2.310300000000000131e-01,2.997400000000000064e-01,4.117600000000000149e-01,5.454599999999999449e-01,6.791599999999999859e-01,8.128699999999999815e-01,9.157600000000000184e-01,9.578200000000000047e-01,9.698700000000000099e-01,9.819200000000000150e-01,9.939700000000000202e-01,3.314000000000000279e-02,8.981999999999999706e-02,1.368900000000000117e-01,1.839600000000000124e-01,2.310300000000000131e-01,2.997400000000000064e-01,4.117600000000000149e-01,5.454599999999999449e-01,6.791599999999999859e-01,8.128699999999999815e-01,9.157600000000000184e-01,9.578200000000000047e-01,9.698700000000000099e-01,9.819200000000000150e-01,9.939700000000000202e-01,1.020299999999999957e-01,3.035599999999999965e-01,5.025399999999999867e-01,7.015200000000000324e-01,9.005100000000000326e-01,1.020299999999999957e-01,3.035599999999999965e-01,5.025399999999999867e-01,7.015200000000000324e-01,9.005100000000000326e-01
V/Vref,9.805899999999999617e-01,9.865500000000000380e-01,9.778400000000000425e-01,9.803300000000000347e-01,9.918599999999999639e-01,1.001370000000000093e+00,1.005540000000000100e+00,1.004459999999999908e+00,1.003589999999999982e+00,1.003910000000000080e+00,1.014059999999999961e+00,1.012610000000000010e+00,1.012669999999999959e+00,1.011989999999999945e+00,1.013349999999999973e+00,9.812100000000000266e-01,9.870100000000000540e-01,9.782399999999999984e-01,9.808200000000000252e-01,9.921799999999999509e-01,1.002029999999999976e+00,1.005230000000000068e+00,1.003800000000000026e+00,1.003279999999999950e+00,1.003479999999999928e+00,1.013500000000000068e+00,1.012140000000000040e+00,1.012210000000000054e+00,1.011540000000000106e+00,1.012850000000000028e+00,9.587499999999999911e-01,9.742499999999999494e-01,9.905100000000000016e-01,9.966300000000000159e-01,9.981600000000000472e-01,9.579299999999999482e-01,9.737999999999999989e-01,9.896200000000000552e-01,9.971700000000000008e-01,9.981999999999999762e-01
WingId,1,1,1,1,1,1,1,1,1,1,1,1,1,1,1,2,2,2,2,2,2,2,2,2,2,2,2,2,2,2,3,3,3,3,3,4,4,4,4,4
Xavg,2.392879999999999896e+00,2.382319999999999993e+00,2.371750000000000025e+00,2.361190000000000122e+00,2.350620000000000154e+00,2.337899999999999867e+00,2.323770000000000113e+00,2.309619999999999784e+00,2.295469999999999899e+00,2.281299999999999883e+00,2.284749999999999837e+00,2.305000000000000160e+00,2.325239999999999974e+00,2.345470000000000166e+00,2.365699999999999914e+00,2.392879999999999896e+00,2.382319999999999993e+00,2.371750000000000025e+00,2.361190000000000122e+00,2.350620000000000154e+00,2.337899999999999867e+00,2.323770000000000113e+00,2.309619999999999784e+00,2.295469999999999899e+00,2.281299999999999883e+00,2.284749999999999837e+00,2.305000000000000160e+00,2.325239999999999974e+00,2.345470000000000166e+00,2.365699999999999914e+00,5.722059999999999924e+00,5.820210000000000328e+00,5.918350000000000222e+00,6.016490000000000116e+00,6.114630000000000010e+00,5.722059999999999924e+00,5.820210000000000328e+00,5.918350000000000222e+00,6.016490000000000116e+00,6.114630000000000010e+00
Yavg,1.718899999999999872e-01,5.195499999999999563e-01,8.671900000000000164e-01,1.214800000000000102e+00,1.562359999999999971e+00,2.228590000000000071e+00,3.216559999999999864e+00,4.204550000000000232e+00,5.192569999999999908e+00,6.180620000000000225e+00,6.716649999999999565e+00,6.791660000000000252e+00,6.866660000000000430e+00,6.941650000000000098e+00,7.016610000000000014e+00,-1.718899999999999872e-01,-5.195499999999999563e-01,-8.671900000000000164e-01,-1.214800000000000102e+00,-1.562359999999999971e+00,-2.228590000000000071e+00,-3.216559999999999864e+00,-4.204550000000000232e+00,-5.192569999999999908e+00,-6.180620000000000225e+00,-6.716649999999999565e+00,-6.791660000000000252e+00,-6.866660000000000430e+00,-6.941650000000000098e+00,-7.016610000000000014e+00,1.078800000000000037e-01,3.257399999999999740e-01,5.435900000000000176e-01,7.614400000000000057e-01,9.792699999999999738e-01,-1.078800000000000037e-01,-3.257399999999999740e-01,-5.435900000000000176e-01,-7.614400000000000057e-01,-9.792699999999999738e-01
Zavg,1.119259999999999922e+00,1.109900000000000109e+00,1.100540000000000074e+00,1.091180000000000039e+00,1.081830000000000069e+00,1.094910000000000050e+00,1.130849999999999911e+00,1.166740000000000110e+00,1.202599999999999891e+00,1.238469999999999960e+00,1.270329999999999959e+00,1.298289999999999944e+00,1.326240000000000085e+00,1.354190000000000005e+00,1.382130000000000081e+00,1.119259999999999922e+00,1.109900000000000109e+00,1.100540000000000074e+00,1.091180000000000039e+00,1.081830000000000069e+00,1.094910000000000050e+00,1.130849999999999911e+00,1.166740000000000110e+00,1.202599999999999891e+00,1.238469999999999960e+00,1.270329999999999959e+00,1.298289999999999944e+00,1.326240000000000085e+00,1.354190000000000005e+00,1.382130000000000081e+00,3.777900000000000147e-01,5.956799999999999873e-01,8.135799999999999699e-01,1.031470000000000109e+00,1.249349999999999961e+00,3.777900000000000147e-01,5.956799999999999873e-01,8.135799999999999699e-01,1.031470000000000109e+00,1.249349999999999961e+00
cd,1.507999999999999965e-02,1.435999999999999950e-02,2.580600000000000116e-01,2.853399999999999825e-01,2.974899999999999767e-01,2.822600000000000109e-01,-1.771000000000000005e-02,-7.649999999999999682e-03,-2.210000000000000159e-03,-3.600000000000000227e-04,6.069999999999999875e-03,-3.680000000000000111e-03,-1.085000000000000027e-02,-1.230999999999999976e-02,-1.187999999999999994e-02,1.611999999999999891e-02,1.405999999999999958e-02,2.554000000000000159e-01,2.821400000000000019e-01,2.951599999999999779e-01,2.803499999999999881e-01,-1.914000000000000076e-02,-9.910000000000000406e-03,-3.469999999999999994e-03,1.000000000000000048e-04,6.289999999999999584e-03,-3.370000000000000166e-03,-1.041000000000000085e-02,-1.183999999999999983e-02,-1.149999999999999981e-02,-1.085999999999999986e-02,-1.753000000000000044e-02,-5.641000000000000181e-02,-6.124000000000000277e-02,-4.202000000000000179e-02,-1.128999999999999969e-02,-1.875999999999999890e-02,-5.514999999999999764e-02,-6.097000000000000336e-02,-4.112999999999999989e-02
cd*c/cref,2.192011732229123475e-02,1.942174918088806004e-02,3.229381067961165641e-01,3.282336298217048975e-01,3.121490271998767496e-01,2.753225054774970371e-01,-1.644823354908306681e-02,-6.748089157571007107e-03,-1.846368101201364270e-03,-2.839775673882892742e-04,4.448575850770870171e-03,-2.456803821852365701e-03,-6.535484381595610404e-03,-6.611654505618203351e-03,-5.605602122655732253e-03,2.343184955141476566e-02,1.901600233170516047e-02,3.196093640073167652e-01,3.245525910068544073e-01,3.097042148250886417e-01,2.734594501899536012e-01,-1.777635178596554885e-02,-8.741642294317474027e-03,-2.899048557089924528e-03,7.888265760785812268e-05,4.609809242396832075e-03,-2.249844804250671678e-03,-6.270450913586203545e-03,-6.359219280789563632e-03,-5.426298351055632886e-03,-8.394384811755009959e-03,-1.272301294163366917e-02,-3.828917524305346792e-02,-3.869994438749187887e-02,-2.459662338271455945e-02,-8.726759164338312655e-03,-1.361572862436095932e-02,-3.743393041401167631e-02,-3.852932085737067330e-02,-2.407565729964421253e-02
cl,1.529470000000000107e+00,1.676590000000000025e+00,1.962839999999999918e+00,2.166479999999999961e+00,2.323440000000000172e+00,2.324800000000000200e+00,1.500529999999999919e+00,1.160819999999999963e+00,8.935100000000000264e-01,6.131199999999999983e-01,4.981700000000000017e-01,4.615400000000000058e-01,4.295100000000000029e-01,3.848099999999999854e-01,3.015200000000000102e-01,1.524629999999999930e+00,1.668630000000000058e+00,1.952620000000000022e+00,2.153550000000000075e+00,2.307710000000000150e+00,2.305880000000000152e+00,1.463209999999999900e+00,1.117709999999999981e+00,8.597700000000000342e-01,6.040200000000000014e-01,4.906900000000000150e-01,4.545600000000000196e-01,4.229899999999999771e-01,3.790700000000000180e-01,2.969899999999999762e-01,-2.889399999999999746e-01,-2.840500000000000247e-01,-3.803500000000000214e-01,-3.655300000000000216e-01,-2.625000000000000111e-01,-2.905099999999999905e-01,-2.845900000000000096e-01,-3.839799999999999880e-01,-3.621199999999999974e-01,-2.586499999999999910e-01
cl*c/cref,2.223220281228433404e+00,2.267570366238517376e+00,2.456311840439004079e+00,2.492155303624193241e+00,2.437929126213592479e+00,2.267660174073851120e+00,1.393623257335155907e+00,1.023962987698245231e+00,7.464924715404664957e-01,4.836453503252997055e-01,3.650983577559348547e-01,3.081285967222121558e-01,2.587148291925466248e-01,2.066799975878912121e-01,1.422728242443734303e-01,2.216184912008281493e+00,2.256804549840198071e+00,2.443522460250457495e+00,2.477281606162937688e+00,2.421424019494529567e+00,2.249205197089389152e+00,1.358962157614558519e+00,9.859355205632274188e-01,7.183040282216728301e-01,4.764670284829846114e-01,3.596164224406521170e-01,3.034686807775030526e-01,2.547875150756799267e-01,2.035970652676435955e-01,1.401353345460880084e-01,-2.233401056637654425e-01,-2.061592599013715721e-01,-2.581685481952736283e-01,-2.309926628340938370e-01,-1.536557267482763500e-01,-2.245536585324998391e-01,-2.065511838596420791e-01,-2.606324678217987745e-01,-2.288377508425629980e-01,-1.514021094226349617e-01
cmx,1.395099999999999951e-01,5.177199999999999580e-01,1.113799999999999901e+00,1.901599999999999957e+00,2.890499999999999847e+00,4.509100000000000108e+00,4.377469999999999750e+00,4.647809999999999775e+00,4.663479999999999848e+00,4.035339999999999705e+00,3.928010000000000002e+00,4.030459999999999710e+00,4.194720000000000226e+00,4.253770000000000273e+00,3.832629999999999981e+00,-1.390899999999999914e-01,-5.153799999999999493e-01,-1.108219999999999983e+00,-1.890439999999999898e+00,-2.871140000000000025e+00,-4.472929999999999851e+00,-4.267789999999999750e+00,-4.474350000000000271e+00,-4.486889999999999823e+00,-3.975630000000000219e+00,-3.869110000000000049e+00,-3.969559999999999977e+00,-4.131210000000000271e+00,-4.190559999999999619e+00,-3.775349999999999984e+00,9.174000000000000210e-02,-4.744999999999999912e-02,-2.834499999999999797e-01,-5.176500000000000545e-01,-5.703899999999999526e-01,-9.221999999999999642e-02,4.818000000000000060e-02,2.856000000000000205e-01,5.128000000000000336e-01,5.622500000000000275e-01
cmx*c/cref,2.027901570048309121e-01,7.002108625299000577e-01,1.393817187280146364e+00,2.187457315724938844e+00,3.032931403143781957e+00,4.398273611027358143e+00,4.065592824060114907e+00,4.099847878098052512e+00,3.896154168593003231e+00,3.183183435512941806e+00,2.878756248366801884e+00,2.690774329299751244e+00,2.526684520291865521e+00,2.284683800679411014e+00,1.808434247757073843e+00,-2.021796497584540941e-01,-6.970460371062734417e-01,-1.386834335866047763e+00,-2.174619692858147602e+00,-3.012617425643397073e+00,-4.362992611158013290e+00,-3.963727084045240545e+00,-3.946838264336972379e+00,-3.748620167239542500e+00,-3.136082600655289987e+00,-2.835589672154214647e+00,-2.650116896487031415e+00,-2.488429348579871192e+00,-2.250733948421073549e+00,-1.781406563448511671e+00,7.091168164184205591e-02,-3.443850337025199798e-02,-1.923961482475359808e-01,-3.271232235823836043e-01,-3.338807237331403166e-01,-7.128270417495830014e-02,3.496832649902510692e-02,1.938554945828057097e-01,3.240583194302063541e-01,3.291159328160699893e-01
cmy,-5.218099999999999961e-01,-5.972600000000000131e-01,-6.807600000000000318e-01,-7.970199999999999507e-01,-9.126199999999999868e-01,-9.493700000000000472e-01,-6.509500000000000286e-01,-5.048300000000000010e-01,-3.721800000000000108e-01,-2.141699999999999993e-01,-1.858499999999999874e-01,-2.094799999999999995e-01,-2.421399999999999941e-01,-2.674199999999999910e-01,-2.649400000000000088e-01,-5.199599999999999778e-01,-5.943000000000000504e-01,-6.775799999999999601e-01,-7.927100000000000257e-01,-9.066400000000000015e-01,-9.424900000000000500e-01,-6.314899999999999958e-01,-4.807199999999999807e-01,-3.522299999999999875e-01,-2.105499999999999872e-01,-1.825600000000000001e-01,-2.057900000000000007e-01,-2.378800000000000081e-01,-2.628599999999999826e-01,-2.604600000000000248e-01,1.160500000000000087e+00,1.257859999999999978e+00,1.836580000000000101e+00,1.951370000000000049e+00,1.540350000000000108e+00,1.167410000000000059e+00,1.262299999999999978e+00,1.854640000000000066e+00,1.936059999999999892e+00,1.518990000000000062e+00
cmy*c/cref,-7.584971100759143603e-01,-8.077878771432592808e-01,-8.519078725200507352e-01,-9.168317363163077660e-01,-9.575899869009093512e-01,-9.260360200707552503e-01,-6.045724239850718273e-01,-4.453121371786367688e-01,-3.109417556131781613e-01,-1.689429877987497219e-01,-1.362055719712959023e-01,-1.398508871200091208e-01,-1.458527362359042512e-01,-1.436302719652656212e-01,-1.250124769677112557e-01,-7.558079710144927077e-01,-8.037845082313214151e-01,-8.479283980582524860e-01,-9.118738371625559891e-01,-9.513153182308523581e-01,-9.193251193491327466e-01,-5.864988709153283741e-01,-4.240446300428149518e-01,-2.942743150616092818e-01,-1.660874355933452673e-01,-1.337943998874349394e-01,-1.373874072008147429e-01,-1.432867303865404396e-01,-1.411811131882047821e-01,-1.228985798709521932e-01,8.970242701695847476e-01,9.129360558336181430e-01,1.246607577874262240e+00,1.233146807306009674e+00,9.016518045588856056e-01,9.023654487192374063e-01,9.161585417127312558e-01,1.258866087090527941e+00,1.223471821209136445e+00,8.891486185651973351e-01
cmz,3.126999999999999919e-02,7.367999999999999550e-02,-8.859999999999999820e-03,-9.481000000000000538e-02,-1.738899999999999890e-01,-3.602299999999999947e-01,2.484300000000000119e-01,2.586899999999999755e-01,2.440900000000000014e-01,2.007700000000000040e-01,7.470999999999999863e-02,1.596200000000000119e-01,2.404499999999999971e-01,2.757899999999999796e-01,2.751799999999999802e-01,-3.099999999999999978e-02,-7.294000000000000483e-02,8.890000000000000333e-03,9.368999999999999551e-02,1.729400000000000104e-01,3.578799999999999759e-01,-2.489899999999999891e-01,-2.600799999999999779e-01,-2.423299999999999899e-01,-1.949200000000000099e-01,-7.163999999999999535e-02,-1.554599999999999871e-01,-2.345399999999999985e-01,-2.688800000000000079e-01,-2.685799999999999854e-01,1.175040000000000084e+00,1.302009999999999890e+00,2.024210000000000065e+00,2.177919999999999856e+00,1.728830000000000089e+00,-1.182060000000000111e+00,-1.299700000000000077e+00,-2.025850000000000151e+00,-2.160730000000000040e+00,-1.706269999999999953e+00
cmz*c/cref,4.545371808143546660e-02,9.965142615931979475e-02,-1.108746658224286051e-02,-1.090622781362439453e-01,-1.824585510094005325e-01,-3.513761289171641877e-01,2.307303591529478171e-01,2.281912659048423164e-01,2.039275972046339369e-01,1.583727116792967571e-01,5.475339403807112648e-02,1.065638657728463640e-01,1.448347667792317384e-01,1.481257673521075569e-01,1.298442417603033749e-01,-4.506124913733609155e-02,-9.865058393133531445e-02,1.112500879414661699e-02,1.077739145510462349e-01,1.814617390969333055e-01,3.490838881183541131e-01,-2.312504613995591263e-01,-2.294173892942571735e-01,-2.024571864091070372e-01,-1.537580762092370656e-01,-5.250345534583610030e-02,-1.037866092785784539e-01,-1.412748854248326580e-01,-1.444144324509035460e-01,-1.267300183588279672e-01,9.082631610685643064e-01,9.449794683477724666e-01,1.373964393170382214e+00,1.376312587857712266e+00,1.011979543139895688e+00,-9.136893656153893817e-01,-9.433029047485043117e-01,-1.375077568979611309e+00,-1.365449556439995549e+00,-9.987739309667865717e-01
cs,6.611999999999999822e-02,1.060500000000000054e-01,1.540600000000000025e-01,1.212199999999999944e-01,1.071700000000000014e-01,-1.084799999999999931e-01,-7.068000000000000671e-02,-4.075000000000000150e-02,-3.246000000000000274e-02,-3.282000000000000195e-02,-1.803899999999999948e-01,-1.527900000000000091e-01,-1.310600000000000098e-01,-1.073000000000000065e-01,-8.021999999999999964e-02,-6.578000000000000513e-02,-1.048800000000000010e-01,-1.520799999999999930e-01,-1.193499999999999978e-01,-1.054500000000000021e-01,1.073100000000000026e-01,6.815000000000000224e-02,3.871999999999999748e-02,3.102999999999999856e-02,3.214000000000000190e-02,1.775599999999999956e-01,1.504099999999999882e-01,1.290800000000000003e-01,1.058000000000000052e-01,7.917000000000000426e-02,2.935699999999999976e-01,2.955900000000000194e-01,4.184499999999999886e-01,4.017800000000000260e-01,2.871799999999999908e-01,-2.952500000000000124e-01,-2.947699999999999765e-01,-4.190300000000000136e-01,-3.980199999999999849e-01,-2.832700000000000218e-01
cs*c/cref,9.611128364389233403e-02,1.434315111861545200e-01,1.927917721964260700e-01,1.394423516050573852e-01,1.124508764832794078e-01,-1.058137369595368721e-01,-6.564433355444332374e-02,-3.594570368248608400e-02,-2.711905364931958481e-02,-2.588928822689903764e-02,-1.322040523427606695e-01,-1.020040912882671097e-01,-7.894383253934753042e-02,-5.763042473215542610e-02,-3.785196988884198532e-02,-9.561706349206350319e-02,-1.418490984743412120e-01,-1.903139862107781077e-01,-1.372912445476290877e-01,-1.106461222838650144e-01,1.046724936682144474e-01,6.329458590457430478e-02,3.415503427204567150e-02,2.592434487795399270e-02,2.535288615516560068e-02,1.301300046232085339e-01,1.004151801208734429e-01,7.775118193330519956e-02,5.682478039759593369e-02,3.735652525678908459e-02,2.269189271811158926e-01,2.145348200466341282e-01,2.840295227877277506e-01,2.539004516003671719e-01,1.681022918383618947e-01,-2.282175060470227612e-01,-2.139396762581492473e-01,-2.844232069153819209e-01,-2.515243609586792495e-01,-1.658135532037494919e-01
cx,-6.499000000000000610e-02,-7.340000000000000691e-02,1.549800000000000066e-01,1.715599999999999903e-01,1.754799999999999971e-01,1.602000000000000091e-01,-9.621999999999999997e-02,-6.839000000000000634e-02,-4.896999999999999964e-02,-3.243999999999999662e-02,-2.001000000000000001e-02,-2.783000000000000057e-02,-3.332000000000000239e-02,-3.243000000000000049e-02,-2.765000000000000097e-02,-6.368999999999999662e-02,-7.328999999999999404e-02,1.528599999999999959e-01,1.690399999999999958e-01,1.739799999999999958e-01,1.592800000000000049e-01,-9.568999999999999728e-02,-6.840000000000000246e-02,-4.846000000000000307e-02,-3.151000000000000328e-02,-1.940000000000000058e-02,-2.715000000000000052e-02,-3.253999999999999948e-02,-3.166999999999999676e-02,-2.702999999999999847e-02,4.279999999999999950e-03,-2.639999999999999986e-03,-3.642999999999999711e-02,-4.202000000000000179e-02,-2.821999999999999856e-02,3.930000000000000333e-03,-3.840000000000000097e-03,-3.497000000000000108e-02,-4.193000000000000199e-02,-2.753999999999999851e-02
cx*c/cref,-9.446872843340235748e-02,-9.927272910008243245e-02,1.939430666948079585e-01,1.973496934611750631e-01,1.841268993681615118e-01,1.562625429656877840e-01,-8.936471101596682454e-02,-6.032703496552695860e-02,-4.091250946417683554e-02,-2.558953412798917193e-02,-1.466490984743412142e-02,-1.857957890275851315e-02,-2.007026171380329668e-02,-1.741803051317614495e-02,-1.304670864405984773e-02,-9.257906314699791694e-02,-9.912395525538202079e-02,1.912900837202758109e-01,1.944508753944802770e-01,1.825529858221605906e-01,1.553651550784940494e-01,-8.887247138970967575e-02,-6.033585599710547531e-02,-4.048642451774574907e-02,-2.485592541223609689e-02,-1.421785362519849966e-02,-1.812560428350318623e-02,-1.960042965687752714e-02,-1.700983738366600162e-02,-1.275416038513336840e-02,3.308284253619838550e-03,-1.916072684878088054e-03,-2.472743581110508140e-02,-2.655407679886363087e-02,-1.651872231937660113e-02,3.037746989889244381e-03,-2.787014814368128039e-03,-2.373643783459634254e-02,-2.649720228882322670e-02,-1.612068081770487785e-02
cy,6.611999999999999822e-02,1.060500000000000054e-01,1.540600000000000025e-01,1.212199999999999944e-01,1.071700000000000014e-01,-1.084799999999999931e-01,-7.068000000000000671e-02,-4.075000000000000150e-02,-3.246000000000000274e-02,-3.282000000000000195e-02,-1.803899999999999948e-01,-1.527900000000000091e-01,-1.310600000000000098e-01,-1.073000000000000065e-01,-8.021999999999999964e-02,-6.578000000000000513e-02,-1.048800000000000010e-01,-1.520799999999999930e-01,-1.193499999999999978e-01,-1.054500000000000021e-01,1.073100000000000026e-01,6.815000000000000224e-02,3.871999999999999748e-02,3.102999999999999856e-02,3.214000000000000190e-02,1.775599999999999956e-01,1.504099999999999882e-01,1.290800000000000003e-01,1.058000000000000052e-01,7.917000000000000426e-02,2.935699999999999976e-01,2.955900000000000194e-01,4.184499999999999886e-01,4.017800000000000260e-01,2.871799999999999908e-01,-2.952500000000000124e-01,-2.947699999999999765e-01,-4.190300000000000136e-01,-3.980199999999999849e-01,-2.832700000000000218e-01
cy*c/cref,9.611128364389233403e-02,1.434315111861545200e-01,1.927917721964260700e-01,1.394423516050573852e-01,1.124508764832794078e-01,-1.058137369595368721e-01,-6.564433355444332374e-02,-3.594570368248608400e-02,-2.711905364931958481e-02,-2.588928822689903764e-02,-1.322040523427606695e-01,-1.020040912882671097e-01,-7.894383253934753042e-02,-5.763042473215542610e-02,-3.785196988884198532e-02,-9.561706349206350319e-02,-1.418490984743412120e-01,-1.903139862107781077e-01,-1.372912445476290877e-01,-1.106461222838650144e-01,1.046724936682144474e-01,6.329458590457430478e-02,3.415503427204567150e-02,2.592434487795399270e-02,2.535288615516560068e-02,1.301300046232085339e-01,1.004151801208734429e-01,7.775118193330519956e-02,5.682478039759593369e-02,3.735652525678908459e-02,2.269189271811158926e-01,2.145348200466341282e-01,2.840295227877277506e-01,2.539004516003671719e-01,1.681022918383618947e-01,-2.282175060470227612e-01,-2.139396762581492473e-01,-2.844232069153819209e-01,-2.515243609586792495e-01,-1.658135532037494919e-01
cz,1.528159999999999963e+00,1.675049999999999928e+00,1.973659999999999970e+00,2.178440000000000154e+00,2.335820000000000007e+00,2.336390000000000189e+00,1.497540000000000093e+00,1.158830000000000027e+00,8.921700000000000186e-01,6.122600000000000264e-01,4.978000000000000203e-01,4.607200000000000184e-01,4.283500000000000085e-01,3.836399999999999810e-01,3.004800000000000249e-01,1.523379999999999956e+00,1.667079999999999895e+00,1.963310000000000111e+00,2.165360000000000174e+00,2.319990000000000219e+00,2.317390000000000061e+00,1.460199999999999942e+00,1.115660000000000096e+00,8.584100000000000064e-01,6.031900000000000039e-01,4.903500000000000081e-01,4.537599999999999967e-01,4.218700000000000228e-01,3.779299999999999882e-01,2.959800000000000209e-01,-2.891099999999999781e-01,-2.845799999999999996e-01,-3.827800000000000091e-01,-3.682400000000000118e-01,-2.643400000000000194e-01,-2.907000000000000139e-01,-2.851899999999999991e-01,-3.863400000000000167e-01,-3.648100000000000231e-01,-2.604500000000000148e-01
cz*c/cref,2.221316080055210307e+00,2.265487532412711946e+00,2.469852064865625696e+00,2.505913186194697495e+00,2.450919159346586884e+00,2.278965310609258665e+00,1.390846282839856229e+00,1.022207602414118899e+00,7.453729542302357514e-01,4.829669594698721702e-01,3.648271925063821253e-01,3.075811567401690039e-01,2.580161045950672416e-01,2.060515950069348179e-01,1.417820981326257945e-01,2.214367926155969446e+00,2.254708191119419336e+00,2.456900001758829610e+00,2.490866940038996002e+00,2.434309125057790624e+00,2.260432299895475339e+00,1.356166608039022670e+00,9.841272090896301394e-01,7.171678016978565440e-01,4.758123024248394062e-01,3.593672435626847350e-01,3.029345929901438583e-01,2.541128844298378153e-01,2.029847755733783510e-01,1.396587639952562021e-01,-2.234715094775774347e-01,-2.065439260085630002e-01,-2.598179489369971118e-01,-2.327052175253103983e-01,-1.547327802233880722e-01,-2.247005216185250231e-01,-2.069866549243870868e-01,-2.622343549619088332e-01,-2.305376667537706037e-01,-1.524557486917660076e-01
Results_Name,VSPAERO_Comp_Load
Results_Timestamp,1758915291
Results_Date,9,26,2025
Results_Time,15,34,51
AoA,3.000000000000000000e+00,3.000000000000000000e+00,3.000000000000000000e+00,3.000000000000000000e+00,3.000000000000000000e+00,3.000000000000000000e+00,3.000000000000000000e+00,3.000000000000000000e+00,3.000000000000000000e+00
Beta,0.000000000000000000e+00,0.000000000000000000e+00,0.000000000000000000e+00,0.000000000000000000e+00,0.000000000000000000e+00,0.000000000000000000e+00,0.000000000000000000e+00,0.000000000000000000e+00,0.000000000000000000e+00
CDi,0.000000000000000000e+00,4.497999999999999915e-02,4.433000000000000135e-02,-2.759999999999999867e-03,-2.749999999999999840e-03,0.000000000000000000e+00,0.000000000000000000e+00,0.000000000000000000e+00,0.000000000000000000e+00
CFx,0.000000000000000000e+00,5.279999999999999971e-03,5.219999999999999814e-03,-1.500000000000000031e-03,-1.490000000000000005e-03,0.000000000000000000e+00,0.000000000000000000e+00,0.000000000000000000e+00,0.000000000000000000e+00
CFy,0.000000000000000000e+00,-3.650000000000000033e-03,3.320000000000000034e-03,2.576000000000000165e-02,-2.568000000000000144e-02,0.000000000000000000e+00,0.000000000000000000e+00,0.000000000000000000e+00,0.000000000000000000e+00
CFz,0.000000000000000000e+00,7.586300000000000265e-01,7.475500000000000478e-01,-2.418000000000000010e-02,-2.418000000000000010e-02,0.000000000000000000e+00,0.000000000000000000e+00,0.000000000000000000e+00,0.000000000000000000e+00
CL,0.000000000000000000e+00,7.573100000000000387e-01,7.462499999999999689e-01,-2.407000000000000112e-02,-2.406000000000000152e-02,0.000000000000000000e+00,0.000000000000000000e+00,0.000000000000000000e+00,0.000000000000000000e+00
Cmx,0.000000000000000000e+00,1.313400000000000123e-01,-1.285399999999999876e-01,-9.600000000000000243e-04,9.499999999999999981e-04,-1.000000000000000082e-05,1.000000000000000082e-05,-0.000000000000000000e+00,0.000000000000000000e+00
Cmy,0.000000000000000000e+00,-3.089100000000000179e-01,-3.038799999999999835e-01,7.878999999999999893e-02,7.882000000000000117e-02,-2.180000000000000080e-03,-2.380000000000000171e-03,-0.000000000000000000e+00,1.000000000000000082e-05
Cmz,0.000000000000000000e+00,2.129999999999999949e-03,-2.119999999999999923e-03,7.159999999999999698e-03,-7.139999999999999646e-03,0.000000000000000000e+00,-1.000000000000000082e-05,3.000000000000000076e-05,5.000000000000000240e-05
Comp_ID,0,1,2,3,4,5,6,7,8
Comp_Name,NONE,main_wing,main_wing,horizontal_tail,horizontal_tail,fuselage,fuselage,fuselage,fuselage
Cs,0.000000000000000000e+00,-3.650000000000000033e-03,3.320000000000000034e-03,2.576000000000000165e-02,-2.568000000000000144e-02,0.000000000000000000e+00,0.000000000000000000e+00,0.000000000000000000e+00,0.000000000000000000e+00
Mach,1.499999999999999944e-01,1.499999999999999944e-01,1.499999999999999944e-01,1.499999999999999944e-01,1.499999999999999944e-01,1.499999999999999944e-01,1.499999999999999944e-01,1.499999999999999944e-01,1.499999999999999944e-01
Results_Name,VSPAERO_Load
Results_Timestamp,1758915291
Results_Date,9,26,2025
Results_Time,15,34,51
AnalysisMethod,0
Chord,1.735549999999999926e+00,1.614840000000000053e+00,1.494150000000000089e+00,1.373459999999999903e+00,1.252809999999999979e+00,1.164630000000000054e+00,1.108910000000000062e+00,1.053209999999999980e+00,9.975199999999999623e-01,9.418400000000000105e-01,8.750400000000000400e-01,7.971099999999999852e-01,7.191899999999999959e-01,6.412799999999999612e-01,5.633799999999999919e-01,1.735549999999999926e+00,1.614840000000000053e+00,1.494150000000000089e+00,1.373459999999999903e+00,1.252809999999999979e+00,1.164630000000000054e+00,1.108910000000000062e+00,1.053209999999999980e+00,9.975199999999999623e-01,9.418400000000000105e-01,8.750400000000000400e-01,7.971099999999999852e-01,7.191899999999999959e-01,6.412799999999999612e-01,5.633799999999999919e-01,9.229000000000000536e-01,8.665699999999999514e-01,8.104299999999999837e-01,7.545199999999999685e-01,6.988999999999999657e-01,9.229000000000000536e-01,8.665699999999999514e-01,8.104299999999999837e-01,7.545199999999999685e-01,6.988999999999999657e-01
FC_AoA_,4.000000000000000000e+00
FC_Beta_,0.000000000000000000e+00
FC_Bref_,1.417173599999999922e+01
FC_Cref_,1.193975999999999926e+00
FC_Mach_,1.499999999999999944e-01
FC_Pitch_Rate,0.000000000000000000e+00
FC_Rho_,2.377000000000000206e-03
FC_Roll__Rate,0.000000000000000000e+00
FC_Sref_,1.619368700000000061e+01
FC_Vinf_,5.100000000000000000e+01
FC_Xcg_,1.774861999999999940e+00
FC_Yaw___Rate,0.000000000000000000e+00
FC_Ycg_,0.000000000000000000e+00
FC_Zcg_,7.545150000000000468e-01
S,3.314000000000000279e-02,8.981999999999999706e-02,1.368900000000000117e-01,1.839600000000000124e-01,2.310300000000000131e-01,2.997400000000000064e-01,4.117600000000000149e-01,5.454599999999999449e-01,6.791599999999999859e-01,8.128699999999999815e-01,9.157600000000000184e-01,9.578200000000000047e-01,9.698700000000000099e-01,9.819200000000000150e-01,9.939700000000000202e-01,3.314000000000000279e-02,8.981999999999999706e-02,1.368900000000000117e-01,1.839600000000000124e-01,2.310300000000000131e-01,2.997400000000000064e-01,4.117600000000000149e-01,5.454599999999999449e-01,6.791599999999999859e-01,8.128699999999999815e-01,9.157600000000000184e-01,9.578200000000000047e-01,9.698700000000000099e-01,9.819200000000000150e-01,9.939700000000000202e-01,1.020299999999999957e-01,3.035599999999999965e-01,5.025399999999999867e-01,7.015200000000000324e-01,9.005100000000000326e-01,1.020299999999999957e-01,3.035599999999999965e-01,5.025399999999999867e-01,7.015200000000000324e-01,9.005100000000000326e-01
V/Vref,9.815599999999999881e-01,9.878200000000000314e-01,9.795599999999999863e-01,9.820799999999999530e-01,9.940099999999999492e-01,1.003120000000000012e+00,1.007779999999999898e+00,1.005479999999999929e+00,1.003730000000000011e+00,1.003540000000000099e+00,1.014960000000000084e+00,1.013509999999999911e+00,1.013600000000000056e+00,1.013009999999999966e+00,1.014699999999999935e+00,9.823300000000000365e-01,9.883399999999999963e-01,9.798299999999999788e-01,9.824500000000000455e-01,9.940400000000000347e-01,1.003400000000000070e+00,1.007549999999999946e+00,1.004869999999999930e+00,1.003600000000000048e+00,1.003209999999999935e+00,1.014410000000000034e+00,1.013020000000000032e+00,1.013090000000000046e+00,1.012480000000000047e+00,1.014150000000000107e+00,9.611699999999999688e-01,9.752600000000000158e-01,9.957099999999999840e-01,9.989799999999999791e-01,1.000059999999999949e+00,9.608499999999999819e-01,9.750600000000000378e-01,9.938700000000000312e-01,9.985100000000000087e-01,9.998200000000000420e-01
WingId,1,1,1,1,1,1,1,1,1,1,1,1,1,1,1,2,2,2,2,2,2,2,2,2,2,2,2,2,2,2,3,3,3,3,3,4,4,4,4,4
Xavg,2.392879999999999896e+00,2.382319999999999993e+00,2.371750000000000025e+00,2.361190000000000122e+00,2.350620000000000154e+00,2.337899999999999867e+00,2.323770000000000113e+00,2.309619999999999784e+00,2.295469999999999899e+00,2.281299999999999883e+00,2.284749999999999837e+00,2.305000000000000160e+00,2.325239999999999974e+00,2.345470000000000166e+00,2.365699999999999914e+00,2.392879999999999896e+00,2.382319999999999993e+00,2.371750000000000025e+00,2.361190000000000122e+00,2.350620000000000154e+00,2.337899999999999867e+00,2.323770000000000113e+00,2.309619999999999784e+00,2.295469999999999899e+00,2.281299999999999883e+00,2.284749999999999837e+00,2.305000000000000160e+00,2.325239999999999974e+00,2.345470000000000166e+00,2.365699999999999914e+00,5.722059999999999924e+00,5.820210000000000328e+00,5.918350000000000222e+00,6.016490000000000116e+00,6.114630000000000010e+00,5.722059999999999924e+00,5.820210000000000328e+00,5.918350000000000222e+00,6.016490000000000116e+00,6.114630000000000010e+00
Yavg,1.718899999999999872e-01,5.195499999999999563e-01,8.671900000000000164e-01,1.214800000000000102e+00,1.562359999999999971e+00,2.228590000000000071e+00,3.216559999999999864e+00,4.204550000000000232e+00,5.192569999999999908e+00,6.180620000000000225e+00,6.716649999999999565e+00,6.791660000000000252e+00,6.866660000000000430e+00,6.941650000000000098e+00,7.016610000000000014e+00,-1.718899999999999872e-01,-5.195499999999999563e-01,-8.671900000000000164e-01,-1.214800000000000102e+00,-1.562359999999999971e+00,-2.228590000000000071e+00,-3.216559999999999864e+00,-4.204550000000000232e+00,-5.192569999999999908e+00,-6.180620000000000225e+00,-6.716649999999999565e+00,-6.791660000000000252e+00,-6.866660000000000430e+00,-6.941650000000000098e+00,-7.016610000000000014e+00,1.078800000000000037e-01,3.257399999999999740e-01,5.435900000000000176e-01,7.614400000000000057e-01,9.792699999999999738e-01,-1.078800000000000037e-01,-3.257399999999999740e-01,-5.435900000000000176e-01,-7.614400000000000057e-01,-9.792699999999999738e-01
Zavg,1.119259999999999922e+00,1.109900000000000109e+00,1.100540000000000074e+00,1.091180000000000039e+00,1.081830000000000069e+00,1.094910000000000050e+00,1.130849999999999911e+00,1.166740000000000110e+00,1.202599999999999891e+00,1.238469999999999960e+00,1.270329999999999959e+00,1.298289999999999944e+00,1.326240000000000085e+00,1.354190000000000005e+00,1.382130000000000081e+00,1.119259999999999922e+00,1.109900000000000109e+00,1.100540000000000074e+00,1.091180000000000039e+00,1.081830000000000069e+00,1.094910000000000050e+00,1.130849999999999911e+00,1.166740000000000110e+00,1.202599999999999891e+00,1.238469999999999960e+00,1.270329999999999959e+00,1.298289999999999944e+00,1.326240000000000085e+00,1.354190000000000005e+00,1.382130000000000081e+00,3.777900000000000147e-01,5.956799999999999873e-01,8.135799999999999699e-01,1.031470000000000109e+00,1.249349999999999961e+00,3.777900000000000147e-01,5.956799999999999873e-01,8.135799999999999699e-01,1.031470000000000109e+00,1.249349999999999961e+00
cd,2.875000000000000125e-02,2.538999999999999937e-02,2.704199999999999937e-01,2.968500000000000028e-01,3.070899999999999741e-01,2.906500000000000195e-01,-1.498000000000000026e-02,-5.599999999999999943e-03,2.000000000000000164e-05,1.969999999999999963e-03,9.499999999999999764e-03,-2.939999999999999905e-03,-1.238000000000000038e-02,-1.431999999999999940e-02,-1.414999999999999938e-02,2.724999999999999992e-02,2.429999999999999868e-02,2.669199999999999906e-01,2.928100000000000147e-01,3.041800000000000059e-01,2.878800000000000248e-01,-1.810000000000000150e-02,-9.560000000000000789e-03,-1.940000000000000101e-03,2.619999999999999933e-03,9.830000000000000196e-03,-2.490000000000000026e-03,-1.174000000000000044e-02,-1.363999999999999935e-02,-1.357000000000000046e-02,-1.403000000000000080e-02,-1.711999999999999980e-02,-4.968999999999999806e-02,-5.516999999999999682e-02,-3.907999999999999668e-02,-1.403000000000000080e-02,-1.769000000000000086e-02,-4.989999999999999991e-02,-5.313999999999999974e-02,-3.778999999999999720e-02
cd*c/cref,4.179067460317460042e-02,3.433970833584595178e-02,3.384054981004643858e-01,3.414738663088704995e-01,3.222220738942826457e-01,2.835062928400571280e-01,-1.391273509685287020e-02,-4.939777683973547301e-03,1.670921358553270885e-05,1.553988354874804960e-03,6.962351002030192290e-03,-1.962772618545096433e-03,-7.457078031719231205e-03,-7.691217913927917912e-03,-6.676706231951060923e-03,3.961029158040027531e-02,3.286549478381475126e-02,3.340255733783593639e-01,3.368265548051216918e-01,3.191686816150408612e-01,2.808043749623108654e-01,-1.681044761368738136e-02,-8.432906189069128838e-03,-1.620793717796672724e-03,2.066725629325882798e-03,7.204201089469136447e-03,-1.662348238155540768e-03,-7.071574805523729926e-03,-7.325992482260949845e-03,-6.403032054245646511e-03,-1.084467945754353721e-02,-1.242544104739123738e-02,-3.372786948816391961e-02,-3.486407465476693002e-02,-2.287567924313386319e-02,-1.084467945754353721e-02,-1.283913855889900688e-02,-3.387041029300421474e-02,-3.358123848385562160e-02,-2.212057110025662104e-02
cl,1.596580000000000110e+00,1.747910000000000075e+00,2.033679999999999932e+00,2.242859999999999854e+00,2.405949999999999811e+00,2.411160000000000192e+00,1.603920000000000012e+00,1.260099999999999998e+00,9.875500000000000389e-01,6.960800000000000320e-01,5.698100000000000387e-01,5.298800000000000177e-01,4.954399999999999915e-01,4.460399999999999920e-01,3.517899999999999916e-01,1.590359999999999996e+00,1.737840000000000051e+00,2.020880000000000010e+00,2.226799999999999891e+00,2.386179999999999968e+00,2.386530000000000040e+00,1.552359999999999962e+00,1.200180000000000025e+00,9.432099999999999929e-01,6.844500000000000028e-01,5.603700000000000347e-01,5.210299999999999931e-01,4.871500000000000274e-01,4.386800000000000144e-01,3.459900000000000198e-01,-2.560499999999999998e-01,-2.502400000000000180e-01,-3.124399999999999955e-01,-3.183799999999999963e-01,-2.331900000000000084e-01,-2.617300000000000182e-01,-2.533199999999999896e-01,-3.108600000000000252e-01,-3.136099999999999999e-01,-2.297599999999999920e-01
cl*c/cref,2.320770617667356817e+00,2.364029917184265361e+00,2.544961516814408409e+00,2.580017098836157263e+00,2.524504864000616688e+00,2.351897584876078362e+00,1.489647134615771362e+00,1.111538189209833494e+00,8.250591938196413233e-01,5.490864030767788062e-01,4.176018131017709689e-01,3.537530459573726693e-01,2.984276849785925667e-01,2.395663993246095469e-01,1.659928258189444228e-01,2.311729296066252548e+00,2.350410347946692458e+00,2.528943506402138830e+00,2.561542885284126214e+00,2.503760683464324455e+00,2.327872950461316037e+00,1.441760577767057461e+00,1.058682567991316548e+00,7.880148673005152871e-01,5.399123499969848972e-01,4.106834348429114767e-01,3.478446998097113885e-01,2.934342135017789510e-01,2.356133711230376515e-01,1.632560840418902925e-01,-1.979173325091961866e-01,-1.816204654029897059e-01,-2.120735669728704975e-01,-2.011967389629272240e-01,-1.364989673159259509e-01,-2.023077658177384053e-01,-1.838558835353474585e-01,-2.110011171078816083e-01,-1.981823899307858794e-01,-1.344911991530818030e-01
cmx,1.455599999999999949e-01,5.398500000000000520e-01,1.156269999999999909e+00,1.971410000000000107e+00,2.996410000000000018e+00,4.680760000000000254e+00,4.673169999999999824e+00,5.040119999999999933e+00,5.149540000000000006e+00,4.577770000000000117e+00,4.488080000000000069e+00,4.618380000000000152e+00,4.825969999999999871e+00,4.915130000000000443e+00,4.456220000000000070e+00,-1.450500000000000123e-01,-5.368899999999999784e-01,-1.149229999999999974e+00,-1.957470000000000043e+00,-2.972039999999999793e+00,-4.633280000000000065e+00,-4.521560000000000024e+00,-4.798849999999999838e+00,-4.917370000000000019e+00,-4.501619999999999955e+00,-4.413949999999999818e+00,-4.541529999999999845e+00,-4.745529999999999582e+00,-4.834600000000000009e+00,-4.383359999999999701e+00,8.118999999999999828e-02,-4.241000000000000325e-02,-2.325699999999999990e-01,-4.522100000000000009e-01,-5.077700000000000546e-01,-8.284999999999999309e-02,4.329999999999999821e-02,2.313300000000000078e-01,4.450000000000000067e-01,4.998299999999999965e-01
cmx*c/cref,2.115843685300206889e-01,7.301414551046253587e-01,1.446964445265231491e+00,2.267761478120163154e+00,3.144060192248420815e+00,4.565714485718306292e+00,4.340225385351129894e+00,4.445905767955134813e+00,4.302238186362204786e+00,3.611066635175246731e+00,3.289219819493859553e+00,3.083275444230034967e+00,2.906917194566724927e+00,2.639897758748919632e+00,2.102676455473142081e+00,-2.108430383022774357e-01,-7.261380861926872710e-01,-1.438154539538483379e+00,-2.251725952782970275e+00,-3.118489343504392330e+00,-4.519401467366178871e+00,-4.199416989621232332e+00,-4.233080739060081754e+00,-4.108269280454548422e+00,-3.550997491406862494e+00,-3.234891495306438713e+00,-3.031969636156840675e+00,-2.858464257824277599e+00,-2.596645399907536067e+00,-2.068297316528975305e+00,6.275691554939127892e-02,-3.078054642639383581e-02,-1.578605475319437013e-01,-2.857691353930062461e-01,-2.972257842703706077e-01,-6.404003514308495570e-02,3.142649517243227553e-02,1.570188780176486054e-01,2.812128551997695181e-01,2.925780643832036620e-01
cmy,-5.296399999999999997e-01,-6.074899999999999745e-01,-6.925799999999999734e-01,-8.133700000000000374e-01,-9.344799999999999773e-01,-9.757599999999999607e-01,-6.849699999999999678e-01,-5.374400000000000288e-01,-4.040199999999999902e-01,-2.422199999999999909e-01,-2.126699999999999979e-01,-2.420899999999999996e-01,-2.827299999999999813e-01,-3.146399999999999753e-01,-3.145700000000000163e-01,-5.283400000000000318e-01,-6.041499999999999648e-01,-6.886600000000000499e-01,-8.079800000000000315e-01,-9.267499999999999627e-01,-9.662100000000000133e-01,-6.573200000000000154e-01,-5.035100000000000131e-01,-3.774000000000000132e-01,-2.374900000000000067e-01,-2.085200000000000109e-01,-2.373800000000000077e-01,-2.772299999999999764e-01,-3.086599999999999899e-01,-3.086800000000000099e-01,1.028759999999999897e+00,1.109180000000000055e+00,1.514399999999999968e+00,1.702720000000000011e+00,1.372670000000000057e+00,1.051579999999999959e+00,1.123150000000000093e+00,1.510210000000000052e+00,1.676949999999999941e+00,1.352309999999999901e+00
cmy*c/cref,-7.698787094547964172e-01,-8.216238447003960665e-01,-8.666995040101309611e-01,-9.356395440109348538e-01,-9.805271536446295011e-01,-9.517773965305835748e-01,-6.361686354667095422e-01,-4.740775211562042180e-01,-3.375428236413461902e-01,-1.910695732577539219e-01,-1.558613881686064240e-01,-1.616216405522389044e-01,-1.703020736597720686e-01,-1.689919556171983195e-01,-1.484304932427452650e-01,-7.679890441683919766e-01,-8.171065297794930515e-01,-8.617939883213734387e-01,-9.294392942571709781e-01,-9.724162525042380212e-01,-9.424621200928662290e-01,-6.104885870402755321e-01,-4.441477610102715912e-01,-3.153028603590021794e-01,-1.873384235529022557e-01,-1.528199400992985013e-01,-1.584771987041615482e-01,-1.669891553096544690e-01,-1.657801202034211718e-01,-1.456512847829437296e-01,7.951940441013889416e-01,8.050263259898021717e-01,1.027922832619751148e+00,1.076015174844385580e+00,8.034994530878343255e-01,8.128330736966237202e-01,8.151655439472821341e-01,1.025078804180318715e+00,1.059730106802816874e+00,7.915816222436631300e-01
cmz,3.305999999999999911e-02,8.069999999999999396e-02,5.980000000000000072e-03,-6.728000000000000647e-02,-1.280100000000000127e-01,-2.868399999999999839e-01,3.369699999999999918e-01,3.583700000000000219e-01,3.470799999999999996e-01,2.916799999999999948e-01,1.429999999999999882e-01,2.528099999999999792e-01,3.611500000000000266e-01,4.086699999999999777e-01,4.054599999999999871e-01,-3.289000000000000257e-02,-7.992000000000000492e-02,-5.989999999999999665e-03,6.597000000000000086e-02,1.272500000000000020e-01,2.835799999999999987e-01,-3.388399999999999745e-01,-3.594600000000000017e-01,-3.424200000000000021e-01,-2.824900000000000189e-01,-1.373699999999999921e-01,-2.456899999999999917e-01,-3.514300000000000201e-01,-3.973800000000000110e-01,-3.944099999999999828e-01,1.040939999999999976e+00,1.144160000000000066e+00,1.668860000000000010e+00,1.893929999999999891e+00,1.532219999999999915e+00,-1.063020000000000076e+00,-1.152630000000000043e+00,-1.657610000000000028e+00,-1.859339999999999993e+00,-1.504739999999999966e+00
cmz*c/cref,4.805564182194616701e-02,1.091459024301996011e-01,7.483414239482201295e-03,-7.739384108223280878e-02,-1.343177820157189506e-01,-2.797899364811353151e-01,3.129622393582450757e-01,3.161193086795714979e-01,2.899716925633346043e-01,2.300849357106005688e-01,1.048017045568755273e-01,1.687784169028523074e-01,2.175382658445396133e-01,2.194951134696174755e-01,1.913171242973057962e-01,-4.780853174603175160e-02,-1.080909606223240810e-01,-7.495928310116787077e-03,7.588691581740336645e-02,1.335203324857451301e-01,2.766100620112967312e-01,-3.146990093603221350e-01,-3.170808011216306177e-01,-2.860784457979054785e-01,-2.228356194764384290e-01,-1.006755954893565758e-01,-1.640250355953553341e-01,-2.116834355966954462e-01,-2.134312971114997459e-01,-1.861031593599871414e-01,8.046087408792137463e-01,8.304142890644369279e-01,1.132764988408477391e+00,1.196848231120223538e+00,8.968928671933102947e-01,-8.216757774025610361e-01,-8.365616889284207547e-01,-1.125128873863461276e+00,-1.174989461094695375e+00,-8.808073076845764904e-01
cs,6.955000000000000071e-02,1.093200000000000005e-01,1.573599999999999999e-01,1.253700000000000092e-01,1.124900000000000067e-01,-1.113299999999999984e-01,-7.377000000000000224e-02,-4.422999999999999848e-02,-3.590000000000000135e-02,-3.833999999999999908e-02,-2.023099999999999898e-01,-1.694100000000000050e-01,-1.441399999999999904e-01,-1.162500000000000061e-01,-8.677999999999999603e-02,-6.894000000000000128e-02,-1.077599999999999947e-01,-1.549399999999999944e-01,-1.231600000000000056e-01,-1.103500000000000036e-01,1.093400000000000066e-01,6.986000000000000543e-02,4.132000000000000256e-02,3.395000000000000101e-02,3.742000000000000187e-02,1.988099999999999867e-01,1.665399999999999936e-01,1.417899999999999994e-01,1.145899999999999974e-01,8.566999999999999615e-02,2.601399999999999824e-01,2.594799999999999884e-01,3.442500000000000004e-01,3.502100000000000213e-01,2.550200000000000244e-01,-2.656499999999999972e-01,-2.614400000000000057e-01,-3.411399999999999988e-01,-3.440500000000000225e-01,-2.506599999999999939e-01
cs*c/cref,1.010970928226362919e-01,1.478541518422480938e-01,1.969214155058393312e-01,1.442161988180666876e-01,1.180330231930960261e-01,-1.085936885666043544e-01,-6.851418345092365192e-02,-3.901542267181250245e-02,-2.999303838603121011e-02,-3.024361092685280347e-02,-1.482687611811292772e-01,-1.130997650706546953e-01,-8.682255472471808733e-02,-6.243743592836037415e-02,-4.094731920909632644e-02,-1.002104037267080722e-01,-1.457442682264970257e-01,-1.938930104122696119e-01,-1.416739813865605380e-01,-1.157875732008013664e-01,1.066525995497397128e-01,6.488275526476244837e-02,3.644850248246196689e-02,2.836389006144177105e-02,2.951789047686051090e-02,1.457036844961707989e-01,1.111837251335035109e-01,8.540703506603147810e-02,6.154585619811453467e-02,4.042356345521182920e-02,2.010787536767908168e-01,1.883267198000629916e-01,2.336651050774890270e-01,2.213113573472163809e-01,1.492772702298873766e-01,-2.053377831715210433e-01,-1.897492586115633872e-01,-2.315541436343779291e-01,-2.174186131044510417e-01,-1.467251217779921846e-01
cx,-8.269999999999999574e-02,-9.658999999999999531e-02,1.279000000000000137e-01,1.396699999999999886e-01,1.385099999999999942e-01,1.217499999999999971e-01,-1.268199999999999883e-01,-9.349000000000000365e-02,-6.887000000000000066e-02,-4.658999999999999947e-02,-3.026999999999999830e-02,-3.989999999999999797e-02,-4.691000000000000031e-02,-4.540000000000000285e-02,-3.865999999999999992e-02,-8.376000000000000112e-02,-9.699000000000000676e-02,1.252999999999999947e-01,1.367700000000000027e-01,1.369900000000000007e-01,1.207000000000000017e-01,-1.263400000000000079e-01,-9.325999999999999568e-02,-6.772999999999999854e-02,-4.513000000000000345e-02,-2.928000000000000047e-02,-3.883000000000000340e-02,-4.569000000000000145e-02,-4.420999999999999930e-02,-3.767000000000000209e-02,3.870000000000000176e-03,3.800000000000000209e-04,-2.777999999999999914e-02,-3.282999999999999807e-02,-2.271000000000000102e-02,4.270000000000000358e-03,2.000000000000000164e-05,-2.809999999999999998e-02,-3.114000000000000101e-02,-2.166999999999999829e-02
cx*c/cref,-1.202117839889578904e-01,-1.306369605419204494e-01,1.600549634163501156e-01,1.606658410219300726e-01,1.453351768377253994e-01,1.187575818106896691e-01,-1.177845837772283494e-01,-8.246782422762267972e-02,-5.753817698178188139e-02,-3.675143017950109614e-02,-2.218424892962672645e-02,-2.663762839454059117e-02,-2.825618178254839588e-02,-2.438416852600052559e-02,-1.824179950015745663e-02,-1.217525879917184251e-01,-1.311779563408309868e-01,1.568013050513578366e-01,1.573298995959717672e-01,1.437402777777777863e-01,1.177333891133490185e-01,-1.173387818515615189e-01,-8.226494050131660796e-02,-5.658575180740651328e-02,-3.559974337842636977e-02,-2.145869866730990005e-02,-2.592328597894765288e-02,-2.752131625761321948e-02,-2.374502402058332670e-02,-1.777466598993614894e-02,2.991369173249713853e-03,2.757983410051793394e-04,-1.885611218315946108e-02,-2.074655738473805272e-02,-1.329341544553659313e-02,3.300554617513250417e-03,1.451570215816733579e-05,-1.907331721910658293e-02,-1.967858047397937765e-02,-1.268464609003865963e-02
cy,6.955000000000000071e-02,1.093200000000000005e-01,1.573599999999999999e-01,1.253700000000000092e-01,1.124900000000000067e-01,-1.113299999999999984e-01,-7.377000000000000224e-02,-4.422999999999999848e-02,-3.590000000000000135e-02,-3.833999999999999908e-02,-2.023099999999999898e-01,-1.694100000000000050e-01,-1.441399999999999904e-01,-1.162500000000000061e-01,-8.677999999999999603e-02,-6.894000000000000128e-02,-1.077599999999999947e-01,-1.549399999999999944e-01,-1.231600000000000056e-01,-1.103500000000000036e-01,1.093400000000000066e-01,6.986000000000000543e-02,4.132000000000000256e-02,3.395000000000000101e-02,3.742000000000000187e-02,1.988099999999999867e-01,1.665399999999999936e-01,1.417899999999999994e-01,1.145899999999999974e-01,8.566999999999999615e-02,2.601399999999999824e-01,2.594799999999999884e-01,3.442500000000000004e-01,3.502100000000000213e-01,2.550200000000000244e-01,-2.656499999999999972e-01,-2.614400000000000057e-01,-3.411399999999999988e-01,-3.440500000000000225e-01,-2.506599999999999939e-01
cy*c/cref,1.010970928226362919e-01,1.478541518422480938e-01,1.969214155058393312e-01,1.442161988180666876e-01,1.180330231930960261e-01,-1.085936885666043544e-01,-6.851418345092365192e-02,-3.901542267181250245e-02,-2.999303838603121011e-02,-3.024361092685280347e-02,-1.482687611811292772e-01,-1.130997650706546953e-01,-8.682255472471808733e-02,-6.243743592836037415e-02,-4.094731920909632644e-02,-1.002104037267080722e-01,-1.457442682264970257e-01,-1.938930104122696119e-01,-1.416739813865605380e-01,-1.157875732008013664e-01,1.066525995497397128e-01,6.488275526476244837e-02,3.644850248246196689e-02,2.836389006144177105e-02,2.951789047686051090e-02,1.457036844961707989e-01,1.111837251335035109e-01,8.540703506603147810e-02,6.154585619811453467e-02,4.042356345521182920e-02,2.010787536767908168e-01,1.883267198000629916e-01,2.336651050774890270e-01,2.213113573472163809e-01,1.492772702298873766e-01,-2.053377831715210433e-01,-1.897492586115633872e-01,-2.315541436343779291e-01,-2.174186131044510417e-01,-1.467251217779921846e-01
cz,1.594689999999999941e+00,1.745419999999999972e+00,2.047590000000000021e+00,2.258109999999999840e+00,2.421510000000000051e+00,2.425559999999999938e+00,1.598970000000000002e+00,1.256639999999999979e+00,9.851499999999999702e-01,6.945200000000000262e-01,5.690800000000000303e-01,5.283799999999999608e-01,4.933699999999999752e-01,4.439600000000000213e-01,3.499499999999999833e-01,1.588389999999999969e+00,1.735300000000000065e+00,2.034569999999999990e+00,2.241800000000000015e+00,2.401590000000000114e+00,2.400799999999999823e+00,1.547320000000000029e+00,1.196590000000000042e+00,9.407799999999999496e-01,6.829600000000000115e-01,5.596900000000000208e-01,5.195899999999999963e-01,4.851400000000000157e-01,4.366599999999999926e-01,3.442000000000000060e-01,-2.564100000000000268e-01,-2.508199999999999874e-01,-3.151499999999999857e-01,-3.214500000000000135e-01,-2.353500000000000036e-01,-2.620700000000000252e-01,-2.539399999999999991e-01,-3.135800000000000254e-01,-3.165499999999999980e-01,-2.318399999999999905e-01
cz*c/cref,2.318023335058660983e+00,2.360662218336047058e+00,2.562368589067117064e+00,2.597559549438179349e+00,2.540831593851132997e+00,2.365943656153892682e+00,1.485049802257331963e+00,1.108486112283664005e+00,8.230540881893773086e-01,5.478558336180961996e-01,4.170668113931939036e-01,3.527516313560741246e-01,2.971808229813664437e-01,2.384492391806870559e-01,1.651246180827755372e-01,2.308865726363008797e+00,2.346975024623610739e+00,2.546075269100886551e+00,2.578797754728737956e+00,2.519930021960240740e+00,2.341792216928983539e+00,1.437079657547555511e+00,1.055515817654626431e+00,7.859846978498730152e-01,5.387369983986278754e-01,4.101850770869767127e-01,3.468833417924648277e-01,2.922234924320087357e-01,2.345284367524975433e-01,1.624114689072477247e-01,-1.981955994090333906e-01,-1.820414207655765282e-01,-2.139130221210476801e-01,-2.031367916943054297e-01,-1.377633344388831949e-01,-2.025705734453624174e-01,-1.843058703022506517e-01,-2.128473599134321492e-01,-2.000402905921057073e-01,-1.357087378640776665e-01
Results_Name,VSPAERO_Comp_Load
Results_Timestamp,1758915291
Results_Date,9,26,2025
Results_Time,15,34,51
AoA,4.000000000000000000e+00,4.000000000000000000e+00,4.000000000000000000e+00,4.000000000000000000e+00,4.000000000000000000e+00,4.000000000000000000e+00,4.000000000000000000e+00,4.000000000000000000e+00,4.000000000000000000e+00
Beta,0.000000000000000000e+00,0.000000000000000000e+00,0.000000000000000000e+00,0.000000000000000000e+00,0.000000000000000000e+00,0.000000000000000000e+00,0.000000000000000000e+00,0.000000000000000000e+00,0.000000000000000000e+00
CDi,0.000000000000000000e+00,4.812000000000000305e-02,4.696000000000000174e-02,-2.579999999999999828e-03,-2.550000000000000183e-03,0.000000000000000000e+00,0.000000000000000000e+00,0.000000000000000000e+00,0.000000000000000000e+00
CFx,0.000000000000000000e+00,-7.860000000000000667e-03,-7.990000000000000574e-03,-1.119999999999999902e-03,-1.090000000000000040e-03,0.000000000000000000e+00,0.000000000000000000e+00,0.000000000000000000e+00,0.000000000000000000e+00
CFy,0.000000000000000000e+00,-4.449999999999999963e-03,3.919999999999999873e-03,2.230999999999999997e-02,-2.223999999999999935e-02,0.000000000000000000e+00,0.000000000000000000e+00,0.000000000000000000e+00,0.000000000000000000e+00
CFz,0.000000000000000000e+00,8.022399999999999531e-01,7.873999999999999888e-01,-2.099000000000000171e-02,-2.100000000000000130e-02,0.000000000000000000e+00,0.000000000000000000e+00,0.000000000000000000e+00,0.000000000000000000e+00
CL,0.000000000000000000e+00,8.008300000000000418e-01,7.860399999999999610e-01,-2.086000000000000007e-02,-2.086999999999999966e-02,0.000000000000000000e+00,0.000000000000000000e+00,0.000000000000000000e+00,0.000000000000000000e+00
Cmx,0.000000000000000000e+00,1.412899999999999989e-01,-1.375300000000000133e-01,-8.300000000000000086e-04,8.199999999999999824e-04,-1.000000000000000082e-05,1.000000000000000082e-05,-0.000000000000000000e+00,0.000000000000000000e+00
Cmy,0.000000000000000000e+00,-3.207400000000000251e-01,-3.139199999999999768e-01,6.840999999999999859e-02,6.844999999999999696e-02,6.099999999999999737e-04,4.600000000000000139e-04,-0.000000000000000000e+00,4.000000000000000327e-05
Cmz,0.000000000000000000e+00,4.689999999999999725e-03,-4.660000000000000080e-03,6.199999999999999782e-03,-6.179999999999999730e-03,-0.000000000000000000e+00,0.000000000000000000e+00,3.000000000000000076e-05,5.000000000000000240e-05
Comp_ID,0,1,2,3,4,5,6,7,8
Comp_Name,NONE,main_wing,main_wing,horizontal_tail,horizontal_tail,fuselage,fuselage,fuselage,fuselage
Cs,0.000000000000000000e+00,-4.449999999999999963e-03,3.919999999999999873e-03,2.230999999999999997e-02,-2.223999999999999935e-02,0.000000000000000000e+00,0.000000000000000000e+00,0.000000000000000000e+00,0.000000000000000000e+00
Mach,1.499999999999999944e-01,1.499999999999999944e-01,1.499999999999999944e-01,1.499999999999999944e-01,1.499999999999999944e-01,1.499999999999999944e-01,1.499999999999999944e-01,1.499999999999999944e-01,1.499999999999999944e-01
Results_Name,VSPAERO_Load
Results_Timestamp,1758915291
Results_Date,9,26,2025
Results_Time,15,34,51
AnalysisMethod,0
Chord,1.735549999999999926e+00,1.614840000000000053e+00,1.494150000000000089e+00,1.373459999999999903e+00,1.252809999999999979e+00,1.164630000000000054e+00,1.108910000000000062e+00,1.053209999999999980e+00,9.975199999999999623e-01,9.418400000000000105e-01,8.750400000000000400e-01,7.971099999999999852e-01,7.191899999999999959e-01,6.412799999999999612e-01,5.633799999999999919e-01,1.735549999999999926e+00,1.614840000000000053e+00,1.494150000000000089e+00,1.373459999999999903e+00,1.252809999999999979e+00,1.164630000000000054e+00,1.108910000000000062e+00,1.053209999999999980e+00,9.975199999999999623e-01,9.418400000000000105e-01,8.750400000000000400e-01,7.971099999999999852e-01,7.191899999999999959e-01,6.412799999999999612e-01,5.633799999999999919e-01,9.229000000000000536e-01,8.665699999999999514e-01,8.104299999999999837e-01,7.545199999999999685e-01,6.988999999999999657e-01,9.229000000000000536e-01,8.665699999999999514e-01,8.104299999999999837e-01,7.545199999999999685e-01,6.988999999999999657e-01
FC_AoA_,5.000000000000000000e+00
FC_Beta_,0.000000000000000000e+00
FC_Bref_,1.417173599999999922e+01
FC_Cref_,1.193975999999999926e+00
FC_Mach_,1.499999999999999944e-01
FC_Pitch_Rate,0.000000000000000000e+00
FC_Rho_,2.377000000000000206e-03
FC_Roll__Rate,0.000000000000000000e+00
FC_Sref_,1.619368700000000061e+01
FC_Vinf_,5.100000000000000000e+01
FC_Xcg_,1.774861999999999940e+00
FC_Yaw___Rate,0.000000000000000000e+00
FC_Ycg_,0.000000000000000000e+00
FC_Zcg_,7.545150000000000468e-01
S,3.314000000000000279e-02,8.981999999999999706e-02,1.368900000000000117e-01,1.839600000000000124e-01,2.310300000000000131e-01,2.997400000000000064e-01,4.117600000000000149e-01,5.454599999999999449e-01,6.791599999999999859e-01,8.128699999999999815e-01,9.157600000000000184e-01,9.578200000000000047e-01,9.698700000000000099e-01,9.819200000000000150e-01,9.939700000000000202e-01,3.314000000000000279e-02,8.981999999999999706e-02,1.368900000000000117e-01,1.839600000000000124e-01,2.310300000000000131e-01,2.997400000000000064e-01,4.117600000000000149e-01,5.454599999999999449e-01,6.791599999999999859e-01,8.128699999999999815e-01,9.157600000000000184e-01,9.578200000000000047e-01,9.698700000000000099e-01,9.819200000000000150e-01,9.939700000000000202e-01,1.020299999999999957e-01,3.035599999999999965e-01,5.025399999999999867e-01,7.015200000000000324e-01,9.005100000000000326e-01,1.020299999999999957e-01,3.035599999999999965e-01,5.025399999999999867e-01,7.015200000000000324e-01,9.005100000000000326e-01
V/Vref,9.816700000000000426e-01,9.881900000000000128e-01,9.806300000000000017e-01,9.832600000000000229e-01,9.954499999999999460e-01,1.004170000000000007e+00,1.009500000000000064e+00,1.006510000000000016e+00,1.003670000000000062e+00,1.003100000000000103e+00,1.015830000000000011e+00,1.014280000000000070e+00,1.014410000000000034e+00,1.013730000000000020e+00,1.015090000000000048e+00,9.825300000000000145e-01,9.887799999999999923e-01,9.808200000000000252e-01,9.834899999999999753e-01,9.954199999999999715e-01,1.004159999999999942e+00,1.009370000000000100e+00,1.006320000000000103e+00,1.003440000000000110e+00,1.002909999999999968e+00,1.015490000000000004e+00,1.014019999999999921e+00,1.014199999999999990e+00,1.013640000000000096e+00,1.015619999999999967e+00,9.631699999999999706e-01,9.747700000000000253e-01,9.926800000000000068e-01,9.996000000000000441e-01,1.001989999999999936e+00,9.627499999999999947e-01,9.743000000000000549e-01,9.910700000000000065e-01,9.993499999999999606e-01,1.001889999999999947e+00
WingId,1,1,1,1,1,1,1,1,1,1,1,1,1,1,1,2,2,2,2,2,2,2,2,2,2,2,2,2,2,2,3,3,3,3,3,4,4,4,4,4
Xavg,2.392879999999999896e+00,2.382319999999999993e+00,2.371750000000000025e+00,2.361190000000000122e+00,2.350620000000000154e+00,2.337899999999999867e+00,2.323770000000000113e+00,2.309619999999999784e+00,2.295469999999999899e+00,2.281299999999999883e+00,2.284749999999999837e+00,2.305000000000000160e+00,2.325239999999999974e+00,2.345470000000000166e+00,2.365699999999999914e+00,2.392879999999999896e+00,2.382319999999999993e+00,2.371750000000000025e+00,2.361190000000000122e+00,2.350620000000000154e+00,2.337899999999999867e+00,2.323770000000000113e+00,2.309619999999999784e+00,2.295469999999999899e+00,2.281299999999999883e+00,2.284749999999999837e+00,2.305000000000000160e+00,2.325239999999999974e+00,2.345470000000000166e+00,2.365699999999999914e+00,5.722059999999999924e+00,5.820210000000000328e+00,5.918350000000000222e+00,6.016490000000000116e+00,6.114630000000000010e+00,5.722059999999999924e+00,5.820210000000000328e+00,5.918350000000000222e+00,6.016490000000000116e+00,6.114630000000000010e+00
Yavg,1.718899999999999872e-01,5.195499999999999563e-01,8.671900000000000164e-01,1.214800000000000102e+00,1.562359999999999971e+00,2.228590000000000071e+00,3.216559999999999864e+00,4.204550000000000232e+00,5.192569999999999908e+00,6.180620000000000225e+00,6.716649999999999565e+00,6.791660000000000252e+00,6.866660000000000430e+00,6.941650000000000098e+00,7.016610000000000014e+00,-1.718899999999999872e-01,-5.195499999999999563e-01,-8.671900000000000164e-01,-1.214800000000000102e+00,-1.562359999999999971e+00,-2.228590000000000071e+00,-3.216559999999999864e+00,-4.204550000000000232e+00,-5.192569999999999908e+00,-6.180620000000000225e+00,-6.716649999999999565e+00,-6.791660000000000252e+00,-6.866660000000000430e+00,-6.941650000000000098e+00,-7.016610000000000014e+00,1.078800000000000037e-01,3.257399999999999740e-01,5.435900000000000176e-01,7.614400000000000057e-01,9.792699999999999738e-01,-1.078800000000000037e-01,-3.257399999999999740e-01,-5.435900000000000176e-01,-7.614400000000000057e-01,-9.792699999999999738e-01
Zavg,1.119259999999999922e+00,1.109900000000000109e+00,1.100540000000000074e+00,1.091180000000000039e+00,1.081830000000000069e+00,1.094910000000000050e+00,1.130849999999999911e+00,1.166740000000000110e+00,1.202599999999999891e+00,1.238469999999999960e+00,1.270329999999999959e+00,1.298289999999999944e+00,1.326240000000000085e+00,1.354190000000000005e+00,1.382130000000000081e+00,1.119259999999999922e+00,1.109900000000000109e+00,1.100540000000000074e+00,1.091180000000000039e+00,1.081830000000000069e+00,1.094910000000000050e+00,1.130849999999999911e+00,1.166740000000000110e+00,1.202599999999999891e+00,1.238469999999999960e+00,1.270329999999999959e+00,1.298289999999999944e+00,1.326240000000000085e+00,1.354190000000000005e+00,1.382130000000000081e+00,3.777900000000000147e-01,5.956799999999999873e-01,8.135799999999999699e-01,1.031470000000000109e+00,1.249349999999999961e+00,3.777900000000000147e-01,5.956799999999999873e-01,8.135799999999999699e-01,1.031470000000000109e+00,1.249349999999999961e+00
cd,4.091000000000000192e-02,3.722999999999999921e-02,2.829699999999999993e-01,3.079000000000000070e-01,3.164799999999999836e-01,2.986900000000000110e-01,-1.182000000000000065e-02,-2.639999999999999986e-03,2.929999999999999879e-03,4.950000000000000407e-03,1.383999999999999987e-02,-1.590000000000000050e-03,-1.352000000000000077e-02,-1.595999999999999849e-02,-1.584999999999999951e-02,4.073999999999999844e-02,3.576000000000000012e-02,2.784900000000000153e-01,3.025599999999999956e-01,3.111099999999999977e-01,2.923499999999999988e-01,-1.554999999999999959e-02,-5.610000000000000403e-03,1.500000000000000031e-03,5.519999999999999733e-03,1.409999999999999969e-02,-1.180000000000000059e-03,-1.294000000000000011e-02,-1.537999999999999957e-02,-1.549999999999999989e-02,-1.260999999999999968e-02,-1.254000000000000080e-02,-5.874999999999999667e-02,-5.041999999999999954e-02,-3.579000000000000237e-02,-1.376999999999999925e-02,-1.261999999999999927e-02,-5.584999999999999687e-02,-5.013000000000000095e-02,-3.536000000000000254e-02
cd*c/cref,5.946631297446514780e-02,5.035318398359766440e-02,3.541106567468693123e-01,3.541849534664013310e-01,3.320747726922484433e-01,2.913486826368369420e-01,-1.097787241954612317e-02,-2.328752336730386535e-03,2.447899790280541436e-03,3.904691551588977249e-03,1.014304609137872334e-02,-1.061499477376429655e-03,-8.143755653379968970e-03,-8.572055719712957933e-03,-7.478854683846241844e-03,5.921920289855071851e-02,4.836502442260146029e-02,3.485043531025749930e-01,3.480422199441194353e-01,3.264401621975651646e-01,2.851645095881324421e-01,-1.444212488358224966e-02,-4.948598715552071821e-03,1.253191018914953008e-03,4.354322699953768437e-03,1.033359464511849658e-02,-7.877794863548346141e-04,-7.794393354640294716e-03,-8.260539910349955911e-03,-7.313706473161939864e-03,-9.747071130407982537e-03,-9.101345253170918526e-03,-3.987748706841678925e-02,-3.186236440263456177e-02,-2.094986080122213448e-02,-1.064370891877223710e-02,-9.159408061803587381e-03,-3.790906643014600036e-02,-3.167910209250437287e-02,-2.069815808692972159e-02
cl,1.660660000000000025e+00,1.816920000000000091e+00,2.101379999999999804e+00,2.314979999999999816e+00,2.483210000000000139e+00,2.491239999999999899e+00,1.701060000000000016e+00,1.358179999999999943e+00,1.081490000000000062e+00,7.788800000000000168e-01,6.424900000000000055e-01,5.991800000000000459e-01,5.628199999999999870e-01,5.090000000000000080e-01,4.044800000000000062e-01,1.653869999999999951e+00,1.805139999999999967e+00,2.086339999999999861e+00,2.295659999999999812e+00,2.458779999999999966e+00,2.460199999999999942e+00,1.651559999999999917e+00,1.309790000000000010e+00,1.046699999999999964e+00,7.688599999999999879e-01,6.342799999999999550e-01,5.914399999999999658e-01,5.554700000000000193e-01,5.024100000000000232e-01,3.993800000000000128e-01,-2.209500000000000075e-01,-2.086000000000000076e-01,-2.599299999999999944e-01,-2.834200000000000053e-01,-2.079799999999999982e-01,-2.222099999999999909e-01,-2.152799999999999991e-01,-2.641800000000000259e-01,-2.885400000000000187e-01,-2.069799999999999973e-01
cl*c/cref,2.413916580400275791e+00,2.457365217391304757e+00,2.629681775010553224e+00,2.662978511125851266e+00,2.605571904376637882e+00,2.430009347926591623e+00,1.579866299322599588e+00,1.198054866931998585e+00,9.035423700308884420e-01,6.144012435760853874e-01,4.708674626625661275e-01,4.000184005373642604e-01,3.390139465114876960e-01,2.733819775271864594e-01,1.908547093073897638e-01,2.404046713250517442e+00,2.441432891113389569e+00,2.610860612776136236e+00,2.640754239281191129e+00,2.579938099090769210e+00,2.399732260949968943e+00,1.533892975738205822e+00,1.155369895123520285e+00,8.744766929988542215e-01,6.064972012837779314e-01,4.648505256387063245e-01,3.948511011946638782e-01,3.345866828981487462e-01,2.698425134173551565e-01,1.884482639517042202e-01,-1.707863097750708659e-01,-1.513987735096853082e-01,-1.764315781054225651e-01,-1.791041515072329948e-01,-1.217421639965962366e-01,-1.717602439245010104e-01,-1.562470180305131906e-01,-1.793163324890952870e-01,-1.823396791895314506e-01,-1.211568088470789950e-01
cmx,1.513200000000000101e-01,5.612000000000000322e-01,1.196769999999999889e+00,2.037059999999999871e+00,3.095019999999999882e+00,4.838890000000000136e+00,4.949029999999999596e+00,5.425740000000000229e+00,5.632920000000000371e+00,5.117239999999999789e+00,5.054669999999999774e+00,5.211969999999999992e+00,5.467220000000000191e+00,5.591090000000000337e+00,5.106180000000000163e+00,-1.507600000000000051e-01,-5.577299999999999480e-01,-1.188479999999999981e+00,-2.020249999999999879e+00,-3.064719999999999889e+00,-4.778190000000000381e+00,-4.803440000000000154e+00,-5.231060000000000265e+00,-5.450940000000000119e+00,-5.051870000000000083e+00,-4.990269999999999762e+00,-5.144879999999999676e+00,-5.396149999999999558e+00,-5.518930000000000113e+00,-5.041900000000000048e+00,6.870999999999999330e-02,-3.776000000000000190e-02,-1.940199999999999980e-01,-4.032899999999999818e-01,-4.544300000000000006e-01,-6.976999999999999869e-02,3.864999999999999686e-02,1.965300000000000102e-01,4.103700000000000125e-01,4.516999999999999904e-01
cmx*c/cref,2.199570393374741251e-01,7.590171058714748620e-01,1.497646431335303285e+00,2.343280290056081405e+00,3.247529268762521237e+00,4.719957905937808285e+00,4.596431467047914055e+00,4.786062387686185637e+00,4.706083169510945297e+00,4.036614908172358795e+00,3.704461762045468731e+00,3.479561906353226597e+00,3.293173356750889624e+00,3.002953321674807885e+00,2.409361401234195732e+00,-2.191430296756383678e-01,-7.543239673159259917e-01,-1.487272266779231966e+00,-2.323943333031819325e+00,-3.215736215133302878e+00,-4.660749813815353804e+00,-4.461214170469088636e+00,-4.614334544915476677e+00,-4.554046035096182443e+00,-3.985049314894101968e+00,-3.657264351042232242e+00,-3.434771969285814741e+00,-3.250364428179461029e+00,-2.964196458220266006e+00,-2.379030752711947194e+00,5.311032968836894297e-02,-2.740564567461992868e-02,-1.316941283576889554e-01,-2.548546794910450664e-01,-2.660029405951208070e-01,-5.392967111566732141e-02,2.805159442065837186e-02,1.333978303583991942e-01,2.593288076142233889e-01,2.644049210369387448e-01
cmy,-5.379000000000000448e-01,-6.179799999999999738e-01,-7.043500000000000316e-01,-8.290999999999999481e-01,-9.548900000000000166e-01,-1.000199999999999978e+00,-7.167700000000000182e-01,-5.708199999999999941e-01,-4.370100000000000096e-01,-2.715199999999999836e-01,-2.413099999999999967e-01,-2.766100000000000225e-01,-3.260100000000000220e-01,-3.652099999999999791e-01,-3.685999999999999832e-01,-5.354100000000000525e-01,-6.133699999999999708e-01,-6.991699999999999582e-01,-8.219800000000000439e-01,-9.448600000000000332e-01,-9.871100000000000430e-01,-6.902800000000000047e-01,-5.441000000000000281e-01,-4.166500000000000203e-01,-2.674500000000000210e-01,-2.377100000000000046e-01,-2.724099999999999855e-01,-3.210000000000000075e-01,-3.597099999999999742e-01,-3.634899999999999798e-01,8.862700000000000022e-01,9.288600000000000190e-01,1.279770000000000074e+00,1.520229999999999970e+00,1.225649999999999906e+00,8.904300000000000548e-01,9.541199999999999681e-01,1.288259999999999961e+00,1.546059999999999990e+00,1.220159999999999911e+00
cmy*c/cref,-7.818853519668736984e-01,-8.358114595268246738e-01,-8.814285651470382676e-01,-9.537341504351845023e-01,-1.001942870627215321e+00,-9.756167008382078398e-01,-6.657030130421383030e-01,-5.035221245653179745e-01,-3.651046714506824276e-01,-2.141821919368563643e-01,-1.768510442420953288e-01,-1.846675285767888364e-01,-1.963717293312428613e-01,-1.961529116163138742e-01,-1.739246584520961758e-01,-7.782659161490683708e-01,-8.295764829443807997e-01,-8.749462765583227997e-01,-9.455438390721421227e-01,-9.914186353829559373e-01,-9.628484318780278217e-01,-6.411003192693991437e-01,-4.799523281875013314e-01,-3.480946920206101636e-01,-2.109716677722165701e-01,-1.742126796518523313e-01,-1.818635676931529555e-01,-1.933539618886812028e-01,-1.931988823895957608e-01,-1.715134945761053742e-01,6.850544592186108561e-01,6.741527553317655519e-01,8.686640276688980533e-01,9.606926266524620228e-01,7.174405390058090637e-01,6.882699878389516579e-01,6.924860871575307941e-01,8.744267487788699444e-01,9.770156110340576516e-01,7.142269392349593904e-01
cmz,3.502999999999999864e-02,8.805999999999999939e-02,2.174999999999999850e-02,-3.751999999999999780e-02,-7.899000000000000465e-02,-2.076800000000000035e-01,4.332400000000000140e-01,4.676500000000000101e-01,4.635699999999999821e-01,3.971500000000000030e-01,2.234800000000000120e-01,3.610099999999999976e-01,5.005100000000000104e-01,5.611300000000000177e-01,5.519600000000000062e-01,-3.470999999999999780e-02,-8.709999999999999687e-02,-2.171999999999999972e-02,3.601000000000000034e-02,7.652000000000000468e-02,1.991499999999999937e-01,-4.345800000000000218e-01,-4.640900000000000025e-01,-4.561299999999999799e-01,-3.880100000000000215e-01,-2.177699999999999914e-01,-3.535599999999999854e-01,-4.906400000000000206e-01,-5.506400000000000183e-01,-5.434900000000000286e-01,8.874800000000000466e-01,9.205799999999999539e-01,1.416639999999999899e+00,1.678960000000000008e+00,1.368579999999999908e+00,-8.950799999999999867e-01,-9.533099999999999907e-01,-1.431429999999999980e+00,-1.707410000000000094e+00,-1.359369999999999967e+00
cmz*c/cref,5.091921152518977950e-02,1.191002251301533782e-01,2.721810363022372434e-02,-4.316018010412268902e-02,-8.288228733240871060e-02,-2.025755613178154557e-01,4.023733880748022185e-01,4.125155417696838578e-01,3.872945070922698685e-01,3.132824746896085144e-01,1.637838107298639490e-01,2.410137901431854413e-01,3.014815933486100219e-01,3.013808036342439101e-01,2.604434467694493049e-01,-5.045406314699792810e-02,-1.178018352127681023e-01,-2.718056141831996786e-02,4.142318991336509104e-02,8.029057635999384268e-02,1.942552149289432928e-01,-4.036179184506221707e-01,-4.093752545277292154e-01,-3.810786796384516562e-01,-3.060725997842503321e-01,-1.595990713381173765e-01,-2.360400976234028059e-01,-2.955364107821262798e-01,-2.957466642545578672e-01,-2.564468600708892376e-01,6.859897451875081043e-01,6.681432546382841675e-01,9.615666941379056309e-01,1.061000304193719268e+00,8.011053505263087127e-01,-6.918642686285152443e-01,-6.918982012201250198e-01,-9.716056393930867507e-01,-1.078978968756491019e+00,-7.957142295992548631e-01
cs,7.287000000000000421e-02,1.125300000000000050e-01,1.604500000000000093e-01,1.293700000000000128e-01,1.177600000000000036e-01,-1.137100000000000055e-01,-7.646999999999999631e-02,-4.768000000000000016e-02,-3.919000000000000261e-02,-4.397000000000000214e-02,-2.237899999999999889e-01,-1.853599999999999970e-01,-1.565000000000000002e-01,-1.246799999999999992e-01,-9.297999999999999321e-02,-7.224999999999999478e-02,-1.107100000000000029e-01,-1.575100000000000111e-01,-1.265000000000000013e-01,-1.149899999999999950e-01,1.113200000000000023e-01,7.262000000000000399e-02,4.540999999999999898e-02,3.771000000000000046e-02,4.313999999999999779e-02,2.207500000000000018e-01,1.828799999999999870e-01,1.544200000000000017e-01,1.228899999999999992e-01,9.180000000000000659e-02,2.218900000000000039e-01,2.081699999999999939e-01,2.882600000000000162e-01,3.107800000000000007e-01,2.285999999999999976e-01,-2.241400000000000059e-01,-2.164800000000000058e-01,-2.940400000000000236e-01,-3.165299999999999780e-01,-2.270500000000000018e-01
cs*c/cref,1.059230072463768074e-01,1.521956431285051148e-01,2.007882633319263144e-01,1.488174973366298837e-01,1.235627061180459424e-01,-1.109151920139098413e-01,-7.102181928279965861e-02,-4.205867856640334995e-02,-3.274170402085134490e-02,-3.468470455017521464e-02,-1.640110032362459835e-01,-1.237481403311289363e-01,-9.426758578061870952e-02,-6.696515708858469251e-02,-4.387280179836110239e-02,-1.050217822636300841e-01,-1.497341122434621974e-01,-1.971091265653581448e-01,-1.455160656495607940e-01,-1.206562124364308902e-01,1.085839343504392124e-01,6.744611633734681755e-02,4.005630439807835591e-02,3.150522221552191915e-02,3.402997849202998859e-02,1.617830509155963048e-01,1.220924681903153702e-01,9.301470029548333796e-02,6.600375484934370429e-02,4.331601640233975065e-02,1.715128955690901902e-01,1.510866859132846962e-01,1.956610114441161563e-01,1.963940025595154459e-01,1.338121871796418005e-01,-1.732520636930725833e-01,-1.571179601600032338e-01,-1.995842774059110314e-01,-2.000276518120967240e-01,-1.329048866978900789e-01
cx,-1.039800000000000030e-01,-1.212600000000000067e-01,9.875000000000000444e-02,1.049699999999999939e-01,9.884999999999999343e-02,8.043000000000000149e-02,-1.600399999999999878e-01,-1.209999999999999964e-01,-9.132999999999999452e-02,-6.296000000000000207e-02,-4.220999999999999752e-02,-5.380999999999999672e-02,-6.253000000000000225e-02,-6.026000000000000106e-02,-5.104000000000000203e-02,-1.035599999999999993e-01,-1.217000000000000026e-01,9.560000000000000442e-02,1.013300000000000034e-01,9.563000000000000667e-02,7.681999999999999940e-02,-1.594299999999999884e-01,-1.197399999999999992e-01,-8.973000000000000420e-02,-6.151000000000000217e-02,-4.123999999999999888e-02,-5.272000000000000297e-02,-6.130000000000000032e-02,-5.911000000000000282e-02,-5.023999999999999994e-02,6.700000000000000226e-03,5.689999999999999745e-03,-3.586999999999999911e-02,-2.552000000000000102e-02,-1.752000000000000085e-02,5.649999999999999641e-03,6.190000000000000190e-03,-3.261000000000000010e-02,-2.478999999999999954e-02,-1.719000000000000042e-02
cx*c/cref,-1.511441511387163483e-01,-1.640028764397274685e-01,1.235764475165330167e-01,1.207495763733944238e-01,1.037209026814609331e-01,7.845316061629380167e-02,-1.486377920494214300e-01,-1.067344821001427191e-01,-7.630262383833510964e-02,-4.966452122990747120e-02,-3.093482482059941099e-02,-3.592407979724885486e-02,-3.766486989688234976e-02,-3.236541840036985529e-02,-2.408332763807647867e-02,-1.505336438923395304e-01,-1.645979718185290319e-01,1.196345152666385414e-01,1.165623947215019413e-01,1.003422349360456323e-01,7.493188858067499625e-02,-1.480712521022198025e-01,-1.056230321212486695e-01,-7.496588675149248870e-02,-4.852072269459353077e-02,-3.022393213933948636e-02,-3.519638518697193463e-02,-3.692398088403787276e-02,-3.174775774387424837e-02,-2.370584601365521502e-02,5.178856191414233333e-03,4.129717263998606593e-03,-2.434732699819762078e-02,-1.612708329145644617e-02,-1.025542221954210166e-02,4.367244400222449960e-03,4.492609817952790408e-03,-2.213455069448632545e-02,-1.566576782112873156e-02,-1.006225502020141084e-02
cy,7.287000000000000421e-02,1.125300000000000050e-01,1.604500000000000093e-01,1.293700000000000128e-01,1.177600000000000036e-01,-1.137100000000000055e-01,-7.646999999999999631e-02,-4.768000000000000016e-02,-3.919000000000000261e-02,-4.397000000000000214e-02,-2.237899999999999889e-01,-1.853599999999999970e-01,-1.565000000000000002e-01,-1.246799999999999992e-01,-9.297999999999999321e-02,-7.224999999999999478e-02,-1.107100000000000029e-01,-1.575100000000000111e-01,-1.265000000000000013e-01,-1.149899999999999950e-01,1.113200000000000023e-01,7.262000000000000399e-02,4.540999999999999898e-02,3.771000000000000046e-02,4.313999999999999779e-02,2.207500000000000018e-01,1.828799999999999870e-01,1.544200000000000017e-01,1.228899999999999992e-01,9.180000000000000659e-02,2.218900000000000039e-01,2.081699999999999939e-01,2.882600000000000162e-01,3.107800000000000007e-01,2.285999999999999976e-01,-2.241400000000000059e-01,-2.164800000000000058e-01,-2.940400000000000236e-01,-3.165299999999999780e-01,-2.270500000000000018e-01
cy*c/cref,1.059230072463768074e-01,1.521956431285051148e-01,2.007882633319263144e-01,1.488174973366298837e-01,1.235627061180459424e-01,-1.109151920139098413e-01,-7.102181928279965861e-02,-4.205867856640334995e-02,-3.274170402085134490e-02,-3.468470455017521464e-02,-1.640110032362459835e-01,-1.237481403311289363e-01,-9.426758578061870952e-02,-6.696515708858469251e-02,-4.387280179836110239e-02,-1.050217822636300841e-01,-1.497341122434621974e-01,-1.971091265653581448e-01,-1.455160656495607940e-01,-1.206562124364308902e-01,1.085839343504392124e-01,6.744611633734681755e-02,4.005630439807835591e-02,3.150522221552191915e-02,3.402997849202998859e-02,1.617830509155963048e-01,1.220924681903153702e-01,9.301470029548333796e-02,6.600375484934370429e-02,4.331601640233975065e-02,1.715128955690901902e-01,1.510866859132846962e-01,1.956610114441161563e-01,1.963940025595154459e-01,1.338121871796418005e-01,-1.732520636930725833e-01,-1.571179601600032338e-01,-1.995842774059110314e-01,-2.000276518120967240e-01,-1.329048866978900789e-01
cz,1.657899999999999929e+00,1.813250000000000028e+00,2.118040000000000145e+00,2.333009999999999806e+00,2.501339999999999897e+00,2.507789999999999964e+00,1.693550000000000111e+00,1.352789999999999937e+00,1.077630000000000088e+00,7.763400000000000301e-01,6.412499999999999867e-01,5.967700000000000227e-01,5.594999999999999973e-01,5.056699999999999529e-01,4.015599999999999725e-01,1.651129999999999987e+00,1.801390000000000047e+00,2.102679999999999882e+00,2.313299999999999912e+00,2.476539999999999964e+00,2.476319999999999855e+00,1.643920000000000048e+00,1.304319999999999924e+00,1.042850000000000055e+00,7.664199999999999902e-01,6.330900000000000416e-01,5.890900000000000025e-01,5.522299999999999986e-01,4.991599999999999926e-01,3.965000000000000191e-01,-2.212099999999999900e-01,-2.089000000000000024e-01,-2.640600000000000169e-01,-2.867299999999999849e-01,-2.103099999999999969e-01,-2.225600000000000078e-01,-2.155600000000000016e-01,-2.680400000000000005e-01,-2.918100000000000138e-01,-2.092700000000000116e-01
cz*c/cref,2.409904675638371074e+00,2.452401580936300451e+00,2.650530216687772889e+00,2.683718864198274989e+00,2.624595272769302046e+00,2.446152575679913177e+00,1.572891356693937093e+00,1.193300330911174045e+00,9.003174918088806544e-01,6.123976240728457032e-01,4.699586926370379891e-01,3.984094610779446155e-01,3.370141485255985225e-01,2.715934471044643694e-01,1.894769013782521550e-01,2.400063880262249594e+00,2.436361055498603267e+00,2.631308604193049128e+00,2.661045965748054964e+00,2.598573235475420073e+00,2.415456057408189139e+00,1.526797295088008655e+00,1.150544790850067445e+00,8.712601693836392602e-01,6.045724644381461621e-01,4.639783995658205429e-01,3.932822183192962173e-01,3.326350728155340053e-01,2.680969506924762435e-01,1.870893301037876988e-01,-1.709872803138421660e-01,-1.516165090420578121e-01,-1.792348806006151263e-01,-1.811958695987188894e-01,-1.231060414949714243e-01,-1.720307811882316185e-01,-1.564502378607275368e-01,-1.819363682352074241e-01,-1.844061197209994341e-01,-1.224972721394734926e-01
Results_Name,VSPAERO_Comp_Load
Results_Timestamp,1758915291
Results_Date,9,26,2025
Results_Time,15,34,51
AoA,5.000000000000000000e+00,5.000000000000000000e+00,5.000000000000000000e+00,5.000000000000000000e+00,5.000000000000000000e+00,5.000000000000000000e+00,5.000000000000000000e+00,5.000000000000000000e+00,5.000000000000000000e+00
Beta,0.000000000000000000e+00,0.000000000000000000e+00,0.000000000000000000e+00,0.000000000000000000e+00,0.000000000000000000e+00,0.000000000000000000e+00,0.000000000000000000e+00,0.000000000000000000e+00,0.000000000000000000e+00
CDi,0.000000000000000000e+00,5.136000000000000287e-02,4.988999999999999685e-02,-2.510000000000000078e-03,-2.480000000000000000e-03,0.000000000000000000e+00,0.000000000000000000e+00,0.000000000000000000e+00,0.000000000000000000e+00
CFx,0.000000000000000000e+00,-2.229000000000000078e-02,-2.253000000000000141e-02,-9.399999999999999719e-04,-8.800000000000000313e-04,0.000000000000000000e+00,0.000000000000000000e+00,0.000000000000000000e+00,0.000000000000000000e+00
CFy,0.000000000000000000e+00,-5.190000000000000169e-03,4.780000000000000394e-03,1.905000000000000096e-02,-1.938000000000000139e-02,0.000000000000000000e+00,0.000000000000000000e+00,0.000000000000000000e+00,0.000000000000000000e+00
CFz,0.000000000000000000e+00,8.440900000000000070e-01,8.299600000000000311e-01,-1.810000000000000150e-02,-1.835000000000000173e-02,0.000000000000000000e+00,0.000000000000000000e+00,0.000000000000000000e+00,0.000000000000000000e+00
CL,0.000000000000000000e+00,8.428200000000000136e-01,8.287600000000000522e-01,-1.795000000000000068e-02,-1.820000000000000090e-02,0.000000000000000000e+00,0.000000000000000000e+00,0.000000000000000000e+00,0.000000000000000000e+00
Cmx,0.000000000000000000e+00,1.509800000000000031e-01,-1.476300000000000112e-01,-7.299999999999999632e-04,7.399999999999999894e-04,-1.000000000000000082e-05,1.000000000000000082e-05,-0.000000000000000000e+00,0.000000000000000000e+00
Cmy,0.000000000000000000e+00,-3.324400000000000133e-01,-3.259099999999999775e-01,5.918000000000000344e-02,5.981000000000000205e-02,3.220000000000000206e-03,3.050000000000000194e-03,0.000000000000000000e+00,3.000000000000000076e-05
Cmz,0.000000000000000000e+00,7.519999999999999775e-03,-7.490000000000000130e-03,5.309999999999999616e-03,-5.380000000000000233e-03,-1.000000000000000082e-05,1.000000000000000082e-05,4.000000000000000327e-05,5.000000000000000240e-05
Comp_ID,0,1,2,3,4,5,6,7,8
Comp_Name,NONE,main_wing,main_wing,horizontal_tail,horizontal_tail,fuselage,fuselage,fuselage,fuselage
Cs,0.000000000000000000e+00,-5.190000000000000169e-03,4.780000000000000394e-03,1.905000000000000096e-02,-1.938000000000000139e-02,0.000000000000000000e+00,0.000000000000000000e+00,0.000000000000000000e+00,0.000000000000000000e+00
Mach,1.499999999999999944e-01,1.499999999999999944e-01,1.499999999999999944e-01,1.499999999999999944e-01,1.499999999999999944e-01,1.499999999999999944e-01,1.499999999999999944e-01,1.499999999999999944e-01,1.499999999999999944e-01
Results_Name,VSPAERO_Load
Results_Timestamp,1758915291
Results_Date,9,26,2025
Results_Time,15,34,51
AnalysisMethod,0
Chord,1.735549999999999926e+00,1.614840000000000053e+00,1.494150000000000089e+00,1.373459999999999903e+00,1.252809999999999979e+00,1.164630000000000054e+00,1.108910000000000062e+00,1.053209999999999980e+00,9.975199999999999623e-01,9.418400000000000105e-01,8.750400000000000400e-01,7.971099999999999852e-01,7.191899999999999959e-01,6.412799999999999612e-01,5.633799999999999919e-01,1.735549999999999926e+00,1.614840000000000053e+00,1.494150000000000089e+00,1.373459999999999903e+00,1.252809999999999979e+00,1.164630000000000054e+00,1.108910000000000062e+00,1.053209999999999980e+00,9.975199999999999623e-01,9.418400000000000105e-01,8.750400000000000400e-01,7.971099999999999852e-01,7.191899999999999959e-01,6.412799999999999612e-01,5.633799999999999919e-01,9.229000000000000536e-01,8.665699999999999514e-01,8.104299999999999837e-01,7.545199999999999685e-01,6.988999999999999657e-01,9.229000000000000536e-01,8.665699999999999514e-01,8.104299999999999837e-01,7.545199999999999685e-01,6.988999999999999657e-01
FC_AoA_,6.000000000000000000e+00
FC_Beta_,0.000000000000000000e+00
FC_Bref_,1.417173599999999922e+01
FC_Cref_,1.193975999999999926e+00
FC_Mach_,1.499999999999999944e-01
FC_Pitch_Rate,0.000000000000000000e+00
FC_Rho_,2.377000000000000206e-03
FC_Roll__Rate,0.000000000000000000e+00
FC_Sref_,1.619368700000000061e+01
FC_Vinf_,5.100000000000000000e+01
FC_Xcg_,1.774861999999999940e+00
FC_Yaw___Rate,0.000000000000000000e+00
FC_Ycg_,0.000000000000000000e+00
FC_Zcg_,7.545150000000000468e-01
S,3.314000000000000279e-02,8.981999999999999706e-02,1.368900000000000117e-01,1.839600000000000124e-01,2.310300000000000131e-01,2.997400000000000064e-01,4.117600000000000149e-01,5.454599999999999449e-01,6.791599999999999859e-01,8.128699999999999815e-01,9.157600000000000184e-01,9.578200000000000047e-01,9.698700000000000099e-01,9.819200000000000150e-01,9.939700000000000202e-01,3.314000000000000279e-02,8.981999999999999706e-02,1.368900000000000117e-01,1.839600000000000124e-01,2.310300000000000131e-01,2.997400000000000064e-01,4.117600000000000149e-01,5.454599999999999449e-01,6.791599999999999859e-01,8.128699999999999815e-01,9.157600000000000184e-01,9.578200000000000047e-01,9.698700000000000099e-01,9.819200000000000150e-01,9.939700000000000202e-01,1.020299999999999957e-01,3.035599999999999965e-01,5.025399999999999867e-01,7.015200000000000324e-01,9.005100000000000326e-01,1.020299999999999957e-01,3.035599999999999965e-01,5.025399999999999867e-01,7.015200000000000324e-01,9.005100000000000326e-01
V/Vref,9.825800000000000090e-01,9.893399999999999972e-01,9.830600000000000449e-01,9.860100000000000531e-01,9.981799999999999562e-01,1.007679999999999909e+00,1.009109999999999951e+00,1.005609999999999893e+00,1.002799999999999914e+00,1.002229999999999954e+00,1.016219999999999901e+00,1.014790000000000081e+00,1.015030000000000099e+00,1.014690000000000092e+00,1.017090000000000050e+00,9.834600000000000009e-01,9.899599999999999511e-01,9.833199999999999719e-01,9.862900000000000000e-01,9.982499999999999707e-01,1.007859999999999978e+00,1.009079999999999977e+00,1.005379999999999940e+00,1.002510000000000012e+00,1.002010000000000067e+00,1.015819999999999945e+00,1.014429999999999943e+00,1.014669999999999961e+00,1.014320000000000110e+00,1.016650000000000054e+00,9.644599999999999840e-01,9.754599999999999937e-01,9.948000000000000176e-01,1.000229999999999952e+00,1.001670000000000060e+00,9.651600000000000179e-01,9.751199999999999868e-01,9.918700000000000294e-01,9.999799999999999800e-01,1.001870000000000038e+00
WingId,1,1,1,1,1,1,1,1,1,1,1,1,1,1,1,2,2,2,2,2,2,2,2,2,2,2,2,2,2,2,3,3,3,3,3,4,4,4,4,4
Xavg,2.392879999999999896e+00,2.382319999999999993e+00,2.371750000000000025e+00,2.361190000000000122e+00,2.350620000000000154e+00,2.337899999999999867e+00,2.323770000000000113e+00,2.309619999999999784e+00,2.295469999999999899e+00,2.281299999999999883e+00,2.284749999999999837e+00,2.305000000000000160e+00,2.325239999999999974e+00,2.345470000000000166e+00,2.365699999999999914e+00,2.392879999999999896e+00,2.382319999999999993e+00,2.371750000000000025e+00,2.361190000000000122e+00,2.350620000000000154e+00,2.337899999999999867e+00,2.323770000000000113e+00,2.309619999999999784e+00,2.295469999999999899e+00,2.281299999999999883e+00,2.284749999999999837e+00,2.305000000000000160e+00,2.325239999999999974e+00,2.345470000000000166e+00,2.365699999999999914e+00,5.722059999999999924e+00,5.820210000000000328e+00,5.918350000000000222e+00,6.016490000000000116e+00,6.114630000000000010e+00,5.722059999999999924e+00,5.820210000000000328e+00,5.918350000000000222e+00,6.016490000000000116e+00,6.114630000000000010e+00
Yavg,1.718899999999999872e-01,5.195499999999999563e-01,8.671900000000000164e-01,1.214800000000000102e+00,1.562359999999999971e+00,2.228590000000000071e+00,3.216559999999999864e+00,4.204550000000000232e+00,5.192569999999999908e+00,6.180620000000000225e+00,6.716649999999999565e+00,6.791660000000000252e+00,6.866660000000000430e+00,6.941650000000000098e+00,7.016610000000000014e+00,-1.718899999999999872e-01,-5.195499999999999563e-01,-8.671900000000000164e-01,-1.214800000000000102e+00,-1.562359999999999971e+00,-2.228590000000000071e+00,-3.216559999999999864e+00,-4.204550000000000232e+00,-5.192569999999999908e+00,-6.180620000000000225e+00,-6.716649999999999565e+00,-6.791660000000000252e+00,-6.866660000000000430e+00,-6.941650000000000098e+00,-7.016610000000000014e+00,1.078800000000000037e-01,3.257399999999999740e-01,5.435900000000000176e-01,7.614400000000000057e-01,9.792699999999999738e-01,-1.078800000000000037e-01,-3.257399999999999740e-01,-5.435900000000000176e-01,-7.614400000000000057e-01,-9.792699999999999738e-01
Zavg,1.119259999999999922e+00,1.109900000000000109e+00,1.100540000000000074e+00,1.091180000000000039e+00,1.081830000000000069e+00,1.094910000000000050e+00,1.130849999999999911e+00,1.166740000000000110e+00,1.202599999999999891e+00,1.238469999999999960e+00,1.270329999999999959e+00,1.298289999999999944e+00,1.326240000000000085e+00,1.354190000000000005e+00,1.382130000000000081e+00,1.119259999999999922e+00,1.109900000000000109e+00,1.100540000000000074e+00,1.091180000000000039e+00,1.081830000000000069e+00,1.094910000000000050e+00,1.130849999999999911e+00,1.166740000000000110e+00,1.202599999999999891e+00,1.238469999999999960e+00,1.270329999999999959e+00,1.298289999999999944e+00,1.326240000000000085e+00,1.354190000000000005e+00,1.382130000000000081e+00,3.777900000000000147e-01,5.956799999999999873e-01,8.135799999999999699e-01,1.031470000000000109e+00,1.249349999999999961e+00,3.777900000000000147e-01,5.956799999999999873e-01,8.135799999999999699e-01,1.031470000000000109e+00,1.249349999999999961e+00
cd,5.632999999999999813e-02,5.056999999999999690e-02,2.963600000000000123e-01,3.201899999999999746e-01,3.285199999999999787e-01,3.110100000000000087e-01,-7.479999999999999670e-03,7.799999999999999859e-04,6.519999999999999754e-03,8.510000000000000203e-03,1.871000000000000094e-02,6.999999999999999387e-05,-1.457999999999999921e-02,-1.754000000000000004e-02,-1.772999999999999923e-02,5.580999999999999850e-02,4.893999999999999739e-02,2.923299999999999788e-01,3.160100000000000131e-01,3.247700000000000031e-01,3.073299999999999921e-01,-9.509999999999999357e-03,-2.550000000000000183e-03,4.539999999999999765e-03,9.069999999999999937e-03,1.897000000000000075e-02,4.499999999999999877e-04,-1.401999999999999948e-02,-1.697999999999999857e-02,-1.729999999999999941e-02,-1.336000000000000035e-02,-1.252999999999999947e-02,-5.546000000000000235e-02,-4.730999999999999789e-02,-3.411000000000000143e-02,-1.414999999999999938e-02,-1.207000000000000087e-02,-5.453999999999999820e-02,-4.837000000000000327e-02,-3.452000000000000207e-02
cd*c/cref,8.188065044858522379e-02,6.839539387726387143e-02,3.708669973265794617e-01,3.683224431646866526e-01,3.447080520881491972e-01,3.033658769523005505e-01,-6.947080008308375264e-03,6.880404631248869703e-04,5.447203628883662448e-03,6.712914162428726232e-03,1.371216707873525349e-02,4.673268139393086165e-05,-8.782245371766266365e-03,-9.420667752115620408e-03,-8.365936501236206219e-03,8.112478433402345313e-02,6.619083599670345930e-02,3.658238268608414168e-01,3.635140862127881900e-01,3.407732682231469079e-01,2.997763254035257230e-01,-8.832450652274417141e-03,-2.249363052523669325e-03,3.792991483915924156e-03,7.154657045032731047e-03,1.390271563247502673e-02,3.004243803895555566e-04,-8.444930048845203721e-03,-9.119893867213410901e-03,-8.163040128109777874e-03,-1.032679383840211240e-02,-9.094087402091834485e-03,-3.764434779258545027e-02,-2.989703411123841720e-02,-1.996646415003316619e-02,-1.093743509082259653e-02,-8.760226252453985965e-03,-3.701988331423747280e-02,-3.056688945171427349e-02,-2.020645976133523744e-02
cl,1.725970000000000004e+00,1.886290000000000022e+00,2.169669999999999987e+00,2.388279999999999959e+00,2.562440000000000051e+00,2.575229999999999908e+00,1.787269999999999914e+00,1.447389999999999954e+00,1.170800000000000063e+00,8.588599999999999568e-01,7.126900000000000457e-01,6.663400000000000434e-01,6.282900000000000151e-01,5.705299999999999816e-01,4.565199999999999814e-01,1.719940000000000024e+00,1.876230000000000064e+00,2.157519999999999882e+00,2.373479999999999812e+00,2.544430000000000192e+00,2.553329999999999878e+00,1.751349999999999962e+00,1.403310000000000057e+00,1.136090000000000044e+00,8.493100000000000094e-01,7.048200000000000021e-01,6.588399999999999812e-01,6.210799999999999654e-01,5.639300000000000423e-01,4.511999999999999900e-01,-1.883199999999999874e-01,-1.772900000000000031e-01,-2.302500000000000102e-01,-2.593199999999999950e-01,-1.901500000000000135e-01,-1.975300000000000111e-01,-1.887699999999999934e-01,-2.361099999999999866e-01,-2.695000000000000173e-01,-1.924200000000000077e-01
cl*c/cref,2.508850457211870388e+00,2.551187413817363581e+00,2.715140363374138666e+00,2.747297306478521772e+00,2.688706017876406396e+00,2.511935009497678450e+00,1.659934182680389059e+00,1.276747289644013073e+00,9.781573632970846921e-01,6.774915931308501671e-01,5.223155721723050648e-01,4.448550702861699402e-01,3.784497218537056229e-01,3.064295081308167079e-01,2.154098889759928082e-01,2.500085317460317480e+00,2.537581369474763537e+00,2.699935767553116595e+00,2.730272501959837950e+00,2.669808562567422161e+00,2.490573276096001987e+00,1.626573338576319916e+00,1.237864182445878480e+00,9.491585231193927497e-01,6.699582993292998445e-01,5.165478140264126994e-01,4.398479972796772719e-01,3.741067870710969023e-01,3.028846730587549940e-01,2.128996361735914222e-01,-1.455645071592728823e-01,-1.286744417810743446e-01,-1.562858110213270757e-01,-1.638744215964139939e-01,-1.113052816807038048e-01,-1.526835020134408305e-01,-1.370064548198623722e-01,-1.602633782421087338e-01,-1.703075606209840109e-01,-1.126340378701079364e-01
cmx,1.571500000000000119e-01,5.825599999999999667e-01,1.237409999999999899e+00,2.103310000000000013e+00,3.195520000000000138e+00,5.005090000000000039e+00,5.190949999999999953e+00,5.773579999999999934e+00,6.089999999999999858e+00,5.636379999999999946e+00,5.599499999999999922e+00,5.782869999999999955e+00,6.084229999999999805e+00,6.244069999999999787e+00,5.740680000000000227e+00,-1.566500000000000115e-01,-5.795799999999999841e-01,-1.230629999999999891e+00,-2.090339999999999865e+00,-3.173119999999999941e+00,-4.962449999999999584e+00,-5.085539999999999949e+00,-5.596079999999999721e+00,-5.908299999999999663e+00,-5.574209999999999887e+00,-5.537989999999999746e+00,-5.718090000000000117e+00,-6.014829999999999899e+00,-6.172439999999999927e+00,-5.674269999999999925e+00,5.859999999999999931e-02,-3.239999999999999825e-02,-1.723800000000000054e-01,-3.674600000000000088e-01,-4.143499999999999961e-01,-6.151000000000000217e-02,3.436999999999999778e-02,1.760099999999999998e-01,3.820500000000000007e-01,4.185599999999999876e-01
cmx*c/cref,2.284314613526570170e-01,7.879062815332972258e-01,1.548503614394259209e+00,2.419489296769784303e+00,3.352981476344583545e+00,4.882072978602585600e+00,4.821115637584005853e+00,5.092893150113570577e+00,5.087955536794709133e+00,4.446126336877793683e+00,4.103756256407164571e+00,3.860700303607442763e+00,3.664828584242899367e+00,3.353666413395243850e+00,2.708751514603308763e+00,-2.277046670117322258e-01,-7.838758628314137500e-01,-1.540019074504010099e+00,-2.404569586323342723e+00,-3.329477700724302824e+00,-4.840481000874389039e+00,-4.723215677199542384e+00,-4.936319839594766279e+00,-4.936152331370144530e+00,-4.397084988642988357e+00,-4.058676865866650552e+00,-3.817452545026030819e+00,-3.623025578152324844e+00,-3.315194210938913422e+00,-2.677415821256038608e+00,4.529566758460806808e-02,-2.351543749623108068e-02,-1.170056378017648724e-01,-2.322123051049602427e-01,-2.425419062024697092e-01,-4.754499169162530042e-02,2.494523415881056208e-02,1.194695574282900324e-01,2.414322951215099877e-01,2.450062513819373233e-01
cmy,-5.463200000000000278e-01,-6.288000000000000256e-01,-7.171100000000000252e-01,-8.464500000000000357e-01,-9.774899999999999700e-01,-1.029260000000000064e+00,-7.438500000000000112e-01,-6.007299999999999862e-01,-4.691100000000000270e-01,-3.006300000000000083e-01,-2.695100000000000273e-01,-3.109600000000000142e-01,-3.693299999999999916e-01,-4.162299999999999889e-01,-4.240300000000000180e-01,-5.440700000000000536e-01,-6.247000000000000330e-01,-7.127799999999999692e-01,-8.408900000000000263e-01,-9.700499999999999678e-01,-1.020119999999999916e+00,-7.249499999999999833e-01,-5.756200000000000205e-01,-4.480299999999999838e-01,-2.965200000000000058e-01,-2.658900000000000152e-01,-3.067400000000000126e-01,-3.642299999999999982e-01,-4.105199999999999960e-01,-4.183299999999999796e-01,7.533499999999999641e-01,7.911500000000000199e-01,1.147999999999999909e+00,1.396249999999999991e+00,1.124079999999999968e+00,7.917899999999999938e-01,8.367700000000000138e-01,1.161070000000000046e+00,1.449149999999999938e+00,1.138460000000000027e+00
cmy*c/cref,-7.941245686680469262e-01,-8.504453958873546826e-01,-8.973965192767695553e-01,-9.736922827594524099e-01,-1.025656501386962738e+00,-1.003962453014131118e+00,-6.908536716818429735e-01,-5.299058300166837876e-01,-3.919229592554624442e-01,-2.371449335665038738e-01,-1.975182335323323601e-01,-2.075999229465249063e-01,-2.224654789543508426e-01,-2.235555609157972856e-01,-2.000794165041843431e-01,-7.908539941338854629e-01,-8.449001889485217021e-01,-8.919779266919938276e-01,-9.672964778186495804e-01,-1.017849890198798013e+00,-9.950470994391846791e-01,-6.733002208587107740e-01,-5.077562197230095498e-01,-3.743114481363109536e-01,-2.339028563388209081e-01,-1.948652113610324088e-01,-2.047826098682050677e-01,-2.193935001206054614e-01,-2.204887414822408465e-01,-1.973898599301828483e-01,5.823121360898376730e-01,5.742048881217043377e-01,7.792230664602973755e-01,8.823448293768049178e-01,6.579860164693427382e-01,6.120248572835634837e-01,6.073152047444839718e-01,7.880945346472627566e-01,9.157744025005527533e-01,6.664034235194007394e-01
cmz,3.701000000000000123e-02,9.569999999999999341e-02,3.842000000000000276e-02,-6.429999999999999952e-03,-2.947999999999999926e-02,-1.316199999999999870e-01,5.321599999999999664e-01,5.850999999999999535e-01,5.908600000000000518e-01,5.154300000000000548e-01,3.179699999999999749e-01,4.860999999999999766e-01,6.607699999999999685e-01,7.375000000000000444e-01,7.247400000000000508e-01,-3.672999999999999876e-02,-9.493999999999999662e-02,-3.857000000000000012e-02,5.230000000000000274e-03,2.816000000000000100e-02,1.280199999999999949e-01,-5.292799999999999727e-01,-5.813399999999999679e-01,-5.831399999999999917e-01,-5.055899999999999839e-01,-3.113500000000000156e-01,-4.779399999999999760e-01,-6.499800000000000022e-01,-7.254599999999999937e-01,-7.136200000000000321e-01,7.538300000000000001e-01,7.838300000000000267e-01,1.253840000000000066e+00,1.501560000000000006e+00,1.230979999999999963e+00,-7.922500000000000098e-01,-8.335799999999999876e-01,-1.286710000000000020e+00,-1.564289999999999958e+00,-1.241710000000000091e+00
cmz*c/cref,5.379731711525189558e-02,1.294332448893445175e-01,4.807905937807795821e-02,-7.396587368590322800e-03,-3.093264755740484165e-02,-1.283849931656917687e-01,4.942457349226450081e-01,5.161185576594504720e-01,4.936402969573928101e-01,4.065848821081831654e-01,2.330335524332147468e-01,3.245250917941399083e-01,3.980140105831272979e-01,3.961084644917485797e-01,3.419700406038312379e-01,-5.339031228433401693e-02,-1.284053528714144965e-01,-4.826677043759674407e-02,6.016197813021367281e-03,2.954760363692402955e-02,1.248734753462381192e-01,-4.915709233686439417e-01,-5.128018497859253566e-01,-4.871905405133771239e-01,-3.988228285995698563e-01,-2.281818931033789966e-01,-3.190773963630759713e-01,-3.915146671289875258e-01,-3.896418259663511074e-01,-3.367230460243757495e-01,5.826831586229539450e-01,5.688921411318150767e-01,8.510636320998078430e-01,9.488943255140807054e-01,7.205604819527360316e-01,-6.123804205444666193e-01,-6.049999502502563242e-01,-8.733746618860012134e-01,-9.885358590122415023e-01,-7.268413427070561372e-01
cs,7.653000000000000080e-02,1.159700000000000036e-01,1.637200000000000044e-01,1.336700000000000110e-01,1.234100000000000058e-01,-1.170999999999999958e-01,-7.953000000000000347e-02,-5.072000000000000119e-02,-4.241000000000000325e-02,-4.979999999999999705e-02,-2.431399999999999950e-01,-1.987099999999999977e-01,-1.659799999999999887e-01,-1.295399999999999885e-01,-9.650999999999999857e-02,-7.596999999999999587e-02,-1.144099999999999978e-01,-1.614400000000000002e-01,-1.316900000000000015e-01,-1.214900000000000008e-01,1.155599999999999961e-01,7.682999999999999552e-02,4.862999999999999962e-02,4.096999999999999947e-02,4.902000000000000107e-02,2.403399999999999981e-01,1.964599999999999957e-01,1.641400000000000081e-01,1.281799999999999884e-01,9.557999999999999829e-02,1.889899999999999913e-01,1.768899999999999917e-01,2.530800000000000272e-01,2.785799999999999943e-01,2.062700000000000089e-01,-1.982800000000000118e-01,-1.892000000000000071e-01,-2.631100000000000105e-01,-2.907100000000000239e-01,-2.079600000000000060e-01
cs*c/cref,1.112431418219461676e-01,1.568482069991356809e-01,2.048803644294358017e-01,1.537638932440853201e-01,1.294911138079827551e-01,-1.142218712938953551e-01,-7.386380655892581248e-02,-4.474027216627470688e-02,-3.543188740812210774e-02,-3.928356348871334114e-02,-1.781922129088022166e-01,-1.326607302826857404e-01,-9.997785231863956512e-02,-6.957544473255743156e-02,-4.553843946611992044e-02,-1.104291321601104103e-01,-1.547383233833846128e-01,-2.020271563247502677e-01,-1.514862504773965279e-01,-1.274765044691015814e-01,1.127197220044624110e-01,7.135617072704979191e-02,4.289667656636314552e-02,3.422882402996375167e-02,3.866827875937205172e-02,1.761401515608354285e-01,1.311586083807379788e-01,9.886953054332751900e-02,6.884499386922349196e-02,4.509961707773020578e-02,1.460823927784143106e-01,1.283841277379109691e-01,1.717820328046795186e-01,1.760455667450601946e-01,1.207412066909217679e-01,-1.532632247214349708e-01,-1.373185424162629842e-01,-1.785900531501470878e-01,-1.837109868205056284e-01,-1.217304568936058984e-01
cx,-1.243900000000000006e-01,-1.468800000000000106e-01,6.794000000000000039e-02,6.880000000000000004e-02,5.888000000000000178e-02,4.012000000000000288e-02,-1.942599999999999882e-01,-1.505199999999999871e-01,-1.159000000000000030e-01,-8.130999999999999339e-02,-5.589000000000000218e-02,-6.958000000000000296e-02,-8.017000000000000515e-02,-7.707999999999999574e-02,-6.536000000000000143e-02,-1.242800000000000016e-01,-1.474499999999999977e-01,6.521000000000000407e-02,6.618000000000000271e-02,5.702000000000000124e-02,3.874999999999999972e-02,-1.925199999999999967e-01,-1.492199999999999915e-01,-1.142399999999999943e-01,-7.975999999999999757e-02,-5.480999999999999761e-02,-6.841999999999999471e-02,-7.886999999999999567e-02,-7.582999999999999463e-02,-6.436000000000000054e-02,6.400000000000000307e-03,6.080000000000000335e-03,-3.108999999999999958e-02,-1.993999999999999939e-02,-1.404999999999999999e-02,6.570000000000000319e-03,7.720000000000000299e-03,-2.955999999999999947e-02,-1.993999999999999939e-02,-1.422000000000000000e-02
cx*c/cref,-1.808118961352656873e-01,-1.986536573599469724e-01,8.502059589137471451e-02,7.914233451928681662e-02,6.178135305902297120e-02,3.913391525457798892e-02,-1.804197543334204457e-01,-1.327741673199461236e-01,-9.682989272816204529e-02,-6.413948890094943456e-02,-4.096061026352289247e-02,-4.645228530556728269e-02,-4.829030256889586120e-02,-4.139937687189691740e-02,-3.084024871521705638e-02,-1.806520013802622449e-01,-1.994245763733944465e-01,8.160425460813283682e-02,7.612848398962793195e-02,5.982970026198182467e-02,3.779758763995256371e-02,-1.788037223528781416e-01,-1.316274332147379933e-01,-9.544302800056281288e-02,-6.291680770802762779e-02,-4.016910088644998211e-02,-4.567785801389642047e-02,-4.750724914068624183e-02,-4.072800659309734617e-02,-3.036839668469048029e-02,4.946967108216581560e-03,4.412773456082869430e-03,-2.110282677373749929e-02,-1.260086366895146921e-02,-8.224239850717266972e-03,5.078370922028584145e-03,5.603061033052591372e-03,-2.006431519561532525e-02,-1.260086366895146921e-02,-8.323750226135198660e-03
cy,7.653000000000000080e-02,1.159700000000000036e-01,1.637200000000000044e-01,1.336700000000000110e-01,1.234100000000000058e-01,-1.170999999999999958e-01,-7.953000000000000347e-02,-5.072000000000000119e-02,-4.241000000000000325e-02,-4.979999999999999705e-02,-2.431399999999999950e-01,-1.987099999999999977e-01,-1.659799999999999887e-01,-1.295399999999999885e-01,-9.650999999999999857e-02,-7.596999999999999587e-02,-1.144099999999999978e-01,-1.614400000000000002e-01,-1.316900000000000015e-01,-1.214900000000000008e-01,1.155599999999999961e-01,7.682999999999999552e-02,4.862999999999999962e-02,4.096999999999999947e-02,4.902000000000000107e-02,2.403399999999999981e-01,1.964599999999999957e-01,1.641400000000000081e-01,1.281799999999999884e-01,9.557999999999999829e-02,1.889899999999999913e-01,1.768899999999999917e-01,2.530800000000000272e-01,2.785799999999999943e-01,2.062700000000000089e-01,-1.982800000000000118e-01,-1.892000000000000071e-01,-2.631100000000000105e-01,-2.907100000000000239e-01,-2.079600000000000060e-01
cy*c/cref,1.112431418219461676e-01,1.568482069991356809e-01,2.048803644294358017e-01,1.537638932440853201e-01,1.294911138079827551e-01,-1.142218712938953551e-01,-7.386380655892581248e-02,-4.474027216627470688e-02,-3.543188740812210774e-02,-3.928356348871334114e-02,-1.781922129088022166e-01,-1.326607302826857404e-01,-9.997785231863956512e-02,-6.957544473255743156e-02,-4.553843946611992044e-02,-1.104291321601104103e-01,-1.547383233833846128e-01,-2.020271563247502677e-01,-1.514862504773965279e-01,-1.274765044691015814e-01,1.127197220044624110e-01,7.135617072704979191e-02,4.289667656636314552e-02,3.422882402996375167e-02,3.866827875937205172e-02,1.761401515608354285e-01,1.311586083807379788e-01,9.886953054332751900e-02,6.884499386922349196e-02,4.509961707773020578e-02,1.460823927784143106e-01,1.283841277379109691e-01,1.717820328046795186e-01,1.760455667450601946e-01,1.207412066909217679e-01,-1.532632247214349708e-01,-1.373185424162629842e-01,-1.785900531501470878e-01,-1.837109868205056284e-01,-1.217304568936058984e-01
cz,1.722399999999999931e+00,1.881240000000000023e+00,2.188759999999999817e+00,2.408669999999999867e+00,2.582749999999999879e+00,2.593630000000000102e+00,1.776690000000000103e+00,1.439550000000000107e+00,1.165070000000000050e+00,8.550499999999999767e-01,7.107400000000000384e-01,6.626999999999999558e-01,6.233300000000000507e-01,5.655700000000000172e-01,4.521700000000000164e-01,1.716350000000000042e+00,1.871070000000000011e+00,2.176250000000000018e+00,2.393510000000000026e+00,2.564439999999999831e+00,2.571460000000000079e+00,1.740760000000000085e+00,1.395359999999999934e+00,1.130349999999999966e+00,8.456099999999999728e-01,7.029499999999999638e-01,6.552700000000000191e-01,6.162100000000000355e-01,5.590699999999999559e-01,4.469199999999999839e-01,-1.886799999999999866e-01,-1.776300000000000101e-01,-2.347799999999999887e-01,-2.628499999999999726e-01,-1.926799999999999902e-01,-1.979299999999999948e-01,-1.890000000000000013e-01,-2.405100000000000016e-01,-2.730799999999999894e-01,-1.949700000000000044e-01
cz*c/cref,2.503661145617667394e+00,2.544357341856117838e+00,2.739029724215562123e+00,2.770752425676897612e+00,2.710016807289258978e+00,2.529882767241552699e+00,1.650107965235482421e+00,1.269831600886450085e+00,9.733701736048295805e-01,6.744861638759908073e-01,5.208864580192568150e-01,4.424249708536854842e-01,3.754620718506905264e-01,3.037655108645400115e-01,2.133573326432022244e-01,2.494866934092477617e+00,2.530602523668817661e+00,2.723374621851695654e+00,2.753313504291543534e+00,2.690804569271074254e+00,2.508257670003417594e+00,1.616737833591295193e+00,1.230851462340951663e+00,9.443629788203448117e-01,6.670396409978089913e-01,5.151773301975919317e-01,4.374646305285868619e-01,3.711733484592655841e-01,3.002743854147821856e-01,2.108801094829376721e-01,-1.458427740591100585e-01,-1.289212087177631916e-01,-1.593606198114534966e-01,-1.661051662679986773e-01,-1.127862302089824159e-01,-1.529926874577043627e-01,-1.371733853946812964e-01,-1.632499474863816635e-01,-1.725699022425911389e-01,-1.141266935013769135e-01
Results_Name,VSPAERO_Comp_Load
Results_Timestamp,1758915291
Results_Date,9,26,2025
Results_Time,15,34,51
AoA,6.000000000000000000e+00,6.000000000000000000e+00,6.000000000000000000e+00,6.000000000000000000e+00,6.000000000000000000e+00,6.000000000000000000e+00,6.000000000000000000e+00,6.000000000000000000e+00,6.000000000000000000e+00
Beta,0.000000000000000000e+00,0.000000000000000000e+00,0.000000000000000000e+00,0.000000000000000000e+00,0.000000000000000000e+00,0.000000000000000000e+00,0.000000000000000000e+00,0.000000000000000000e+00,0.000000000000000000e+00
CDi,0.000000000000000000e+00,5.543000000000000010e-02,5.428000000000000186e-02,-2.409999999999999816e-03,-2.419999999999999842e-03,0.000000000000000000e+00,0.000000000000000000e+00,0.000000000000000000e+00,0.000000000000000000e+00
CFx,0.000000000000000000e+00,-3.722000000000000308e-02,-3.713999999999999940e-02,-7.399999999999999894e-04,-6.800000000000000488e-04,0.000000000000000000e+00,0.000000000000000000e+00,0.000000000000000000e+00,0.000000000000000000e+00
CFy,0.000000000000000000e+00,-5.919999999999999915e-03,5.579999999999999891e-03,1.668999999999999997e-02,-1.739999999999999880e-02,0.000000000000000000e+00,0.000000000000000000e+00,0.000000000000000000e+00,0.000000000000000000e+00
CFz,0.000000000000000000e+00,8.844100000000000295e-01,8.727099999999999858e-01,-1.600999999999999993e-02,-1.661999999999999936e-02,0.000000000000000000e+00,0.000000000000000000e+00,0.000000000000000000e+00,0.000000000000000000e+00
CL,0.000000000000000000e+00,8.834600000000000231e-01,8.718099999999999739e-01,-1.584999999999999951e-02,-1.645999999999999894e-02,0.000000000000000000e+00,0.000000000000000000e+00,0.000000000000000000e+00,0.000000000000000000e+00
Cmx,0.000000000000000000e+00,1.601400000000000046e-01,-1.572500000000000009e-01,-6.700000000000000226e-04,6.800000000000000488e-04,-1.000000000000000082e-05,1.000000000000000082e-05,-0.000000000000000000e+00,0.000000000000000000e+00
Cmy,0.000000000000000000e+00,-3.441100000000000270e-01,-3.386000000000000121e-01,5.251999999999999724e-02,5.430000000000000104e-02,5.879999999999999810e-03,5.769999999999999955e-03,-0.000000000000000000e+00,9.000000000000000567e-05
Cmz,0.000000000000000000e+00,1.051000000000000024e-02,-1.042000000000000044e-02,4.660000000000000080e-03,-4.839999999999999684e-03,-1.000000000000000082e-05,2.000000000000000164e-05,3.000000000000000076e-05,5.000000000000000240e-05
Comp_ID,0,1,2,3,4,5,6,7,8
Comp_Name,NONE,main_wing,main_wing,horizontal_tail,horizontal_tail,fuselage,fuselage,fuselage,fuselage
Cs,0.000000000000000000e+00,-5.919999999999999915e-03,5.579999999999999891e-03,1.668999999999999997e-02,-1.739999999999999880e-02,0.000000000000000000e+00,0.000000000000000000e+00,0.000000000000000000e+00,0.000000000000000000e+00
Mach,1.499999999999999944e-01,1.499999999999999944e-01,1.499999999999999944e-01,1.499999999999999944e-01,1.499999999999999944e-01,1.499999999999999944e-01,1.499999999999999944e-01,1.499999999999999944e-01,1.499999999999999944e-01
Results_Name,VSPAERO_Load
Results_Timestamp,1758915291
Results_Date,9,26,2025
Results_Time,15,34,51
AnalysisMethod,0
Chord,1.735549999999999926e+00,1.614840000000000053e+00,1.494150000000000089e+00,1.373459999999999903e+00,1.252809999999999979e+00,1.164630000000000054e+00,1.108910000000000062e+00,1.053209999999999980e+00,9.975199999999999623e-01,9.418400000000000105e-01,8.750400000000000400e-01,7.971099999999999852e-01,7.191899999999999959e-01,6.412799999999999612e-01,5.633799999999999919e-01,1.735549999999999926e+00,1.614840000000000053e+00,1.494150000000000089e+00,1.373459999999999903e+00,1.252809999999999979e+00,1.164630000000000054e+00,1.108910000000000062e+00,1.053209999999999980e+00,9.975199999999999623e-01,9.418400000000000105e-01,8.750400000000000400e-01,7.971099999999999852e-01,7.191899999999999959e-01,6.412799999999999612e-01,5.633799999999999919e-01,9.229000000000000536e-01,8.665699999999999514e-01,8.104299999999999837e-01,7.545199999999999685e-01,6.988999999999999657e-01,9.229000000000000536e-01,8.665699999999999514e-01,8.104299999999999837e-01,7.545199999999999685e-01,6.988999999999999657e-01
FC_AoA_,7.000000000000000000e+00
FC_Beta_,0.000000000000000000e+00
FC_Bref_,1.417173599999999922e+01
FC_Cref_,1.193975999999999926e+00
FC_Mach_,1.499999999999999944e-01
FC_Pitch_Rate,0.000000000000000000e+00
FC_Rho_,2.377000000000000206e-03
FC_Roll__Rate,0.000000000000000000e+00
FC_Sref_,1.619368700000000061e+01
FC_Vinf_,5.100000000000000000e+01
FC_Xcg_,1.774861999999999940e+00
FC_Yaw___Rate,0.000000000000000000e+00
FC_Ycg_,0.000000000000000000e+00
FC_Zcg_,7.545150000000000468e-01
S,3.314000000000000279e-02,8.981999999999999706e-02,1.368900000000000117e-01,1.839600000000000124e-01,2.310300000000000131e-01,2.997400000000000064e-01,4.117600000000000149e-01,5.454599999999999449e-01,6.791599999999999859e-01,8.128699999999999815e-01,9.157600000000000184e-01,9.578200000000000047e-01,9.698700000000000099e-01,9.819200000000000150e-01,9.939700000000000202e-01,3.314000000000000279e-02,8.981999999999999706e-02,1.368900000000000117e-01,1.839600000000000124e-01,2.310300000000000131e-01,2.997400000000000064e-01,4.117600000000000149e-01,5.454599999999999449e-01,6.791599999999999859e-01,8.128699999999999815e-01,9.157600000000000184e-01,9.578200000000000047e-01,9.698700000000000099e-01,9.819200000000000150e-01,9.939700000000000202e-01,1.020299999999999957e-01,3.035599999999999965e-01,5.025399999999999867e-01,7.015200000000000324e-01,9.005100000000000326e-01,1.020299999999999957e-01,3.035599999999999965e-01,5.025399999999999867e-01,7.015200000000000324e-01,9.005100000000000326e-01
V/Vref,9.824600000000000000e-01,9.894899999999999807e-01,9.840200000000000058e-01,9.870799999999999574e-01,9.995399999999999840e-01,1.008780000000000010e+00,1.009419999999999984e+00,1.005779999999999896e+00,1.001689999999999969e+00,1.002000000000000002e+00,1.017139999999999933e+00,1.015749999999999931e+00,1.016019999999999923e+00,1.015500000000000069e+00,1.018159999999999954e+00,9.832400000000000029e-01,9.900400000000000311e-01,9.842800000000000438e-01,9.874000000000000554e-01,9.996300000000000185e-01,1.008930000000000105e+00,1.009349999999999969e+00,1.005120000000000013e+00,1.001710000000000100e+00,1.001719999999999944e+00,1.016639999999999988e+00,1.015290000000000026e+00,1.015570000000000084e+00,1.015160000000000062e+00,1.017889999999999961e+00,9.631600000000000161e-01,9.725099999999999856e-01,9.932900000000000063e-01,1.000760000000000094e+00,1.001870000000000038e+00,9.636500000000000066e-01,9.722800000000000331e-01,9.926700000000000523e-01,1.000750000000000028e+00,1.001880000000000104e+00
WingId,1,1,1,1,1,1,1,1,1,1,1,1,1,1,1,2,2,2,2,2,2,2,2,2,2,2,2,2,2,2,3,3,3,3,3,4,4,4,4,4
Xavg,2.392879999999999896e+00,2.382319999999999993e+00,2.371750000000000025e+00,2.361190000000000122e+00,2.350620000000000154e+00,2.337899999999999867e+00,2.323770000000000113e+00,2.309619999999999784e+00,2.295469999999999899e+00,2.281299999999999883e+00,2.284749999999999837e+00,2.305000000000000160e+00,2.325239999999999974e+00,2.345470000000000166e+00,2.365699999999999914e+00,2.392879999999999896e+00,2.382319999999999993e+00,2.371750000000000025e+00,2.361190000000000122e+00,2.350620000000000154e+00,2.337899999999999867e+00,2.323770000000000113e+00,2.309619999999999784e+00,2.295469999999999899e+00,2.281299999999999883e+00,2.284749999999999837e+00,2.305000000000000160e+00,2.325239999999999974e+00,2.345470000000000166e+00,2.365699999999999914e+00,5.722059999999999924e+00,5.820210000000000328e+00,5.918350000000000222e+00,6.016490000000000116e+00,6.114630000000000010e+00,5.722059999999999924e+00,5.820210000000000328e+00,5.918350000000000222e+00,6.016490000000000116e+00,6.114630000000000010e+00
Yavg,1.718899999999999872e-01,5.195499999999999563e-01,8.671900000000000164e-01,1.214800000000000102e+00,1.562359999999999971e+00,2.228590000000000071e+00,3.216559999999999864e+00,4.204550000000000232e+00,5.192569999999999908e+00,6.180620000000000225e+00,6.716649999999999565e+00,6.791660000000000252e+00,6.866660000000000430e+00,6.941650000000000098e+00,7.016610000000000014e+00,-1.718899999999999872e-01,-5.195499999999999563e-01,-8.671900000000000164e-01,-1.214800000000000102e+00,-1.562359999999999971e+00,-2.228590000000000071e+00,-3.216559999999999864e+00,-4.204550000000000232e+00,-5.192569999999999908e+00,-6.180620000000000225e+00,-6.716649999999999565e+00,-6.791660000000000252e+00,-6.866660000000000430e+00,-6.941650000000000098e+00,-7.016610000000000014e+00,1.078800000000000037e-01,3.257399999999999740e-01,5.435900000000000176e-01,7.614400000000000057e-01,9.792699999999999738e-01,-1.078800000000000037e-01,-3.257399999999999740e-01,-5.435900000000000176e-01,-7.614400000000000057e-01,-9.792699999999999738e-01
Zavg,1.119259999999999922e+00,1.109900000000000109e+00,1.100540000000000074e+00,1.091180000000000039e+00,1.081830000000000069e+00,1.094910000000000050e+00,1.130849999999999911e+00,1.166740000000000110e+00,1.202599999999999891e+00,1.238469999999999960e+00,1.270329999999999959e+00,1.298289999999999944e+00,1.326240000000000085e+00,1.354190000000000005e+00,1.382130000000000081e+00,1.119259999999999922e+00,1.109900000000000109e+00,1.100540000000000074e+00,1.091180000000000039e+00,1.081830000000000069e+00,1.094910000000000050e+00,1.130849999999999911e+00,1.166740000000000110e+00,1.202599999999999891e+00,1.238469999999999960e+00,1.270329999999999959e+00,1.298289999999999944e+00,1.326240000000000085e+00,1.354190000000000005e+00,1.382130000000000081e+00,3.777900000000000147e-01,5.956799999999999873e-01,8.135799999999999699e-01,1.031470000000000109e+00,1.249349999999999961e+00,3.777900000000000147e-01,5.956799999999999873e-01,8.135799999999999699e-01,1.031470000000000109e+00,1.249349999999999961e+00
cd,7.187000000000000333e-02,6.381000000000000560e-02,3.095100000000000073e-01,3.316899999999999848e-01,3.383800000000000141e-01,3.200799999999999756e-01,-3.459999999999999968e-03,4.539999999999999765e-03,1.031999999999999931e-02,1.268000000000000030e-02,2.426999999999999991e-02,2.040000000000000147e-03,-1.558000000000000010e-02,-1.907999999999999974e-02,-1.944999999999999854e-02,7.152000000000000024e-02,6.242999999999999938e-02,3.056499999999999773e-01,3.273199999999999998e-01,3.343800000000000106e-01,3.163599999999999746e-01,-5.720000000000000258e-03,5.000000000000000104e-04,7.669999999999999735e-03,1.316999999999999942e-02,2.450000000000000094e-02,2.419999999999999842e-03,-1.498000000000000026e-02,-1.842999999999999847e-02,-1.892999999999999891e-02,-1.501000000000000077e-02,-1.272000000000000040e-02,-7.005999999999999728e-02,-5.326999999999999791e-02,-3.685999999999999693e-02,-1.601999999999999952e-02,-1.221000000000000037e-02,-6.993000000000000604e-02,-5.471999999999999781e-02,-3.769000000000000128e-02
cd*c/cref,1.044694185645272666e-01,8.630235482120245105e-02,3.873230002110595871e-01,3.815511764055558586e-01,3.550539104638619770e-01,3.122129510140907449e-01,-3.213488880848526519e-03,4.004748336649982879e-03,8.621954210134875896e-03,1.000232098467641016e-02,1.778697461255502807e-02,1.361923857765985320e-03,-9.384594162696737601e-03,-1.024779593559669612e-02,-9.177521993741917863e-03,1.039606625258799183e-01,8.443591931496111092e-02,3.824925689461095013e-01,3.765242577740255947e-01,3.508568076745261499e-01,3.085843826006552937e-01,-5.312472947529934229e-03,4.410515789262096269e-04,6.407983410051792776e-03,1.038884600695491427e-02,1.795553679470944519e-02,1.615615556761609839e-03,-9.023184888138455206e-03,-9.898683390620915956e-03,-8.932158937868098225e-03,-1.160218379598920019e-02,-9.231986572594424317e-03,-4.755432755767285274e-02,-3.366339055391397855e-02,-2.157619081120558391e-02,-1.238287704275462843e-02,-8.861836167561157329e-03,-4.746608801181934068e-02,-3.457970210456491611e-02,-2.206203558530489897e-02
cl,1.790329999999999977e+00,1.954949999999999966e+00,2.237109999999999932e+00,2.460510000000000197e+00,2.640509999999999913e+00,2.657059999999999977e+00,1.883119999999999905e+00,1.543809999999999905e+00,1.262380000000000058e+00,9.412899999999999601e-01,7.849500000000000366e-01,7.353899999999999881e-01,6.958800000000000541e-01,6.340999999999999970e-01,5.100500000000000034e-01,1.784790000000000099e+00,1.945559999999999956e+00,2.225449999999999928e+00,2.445870000000000211e+00,2.622560000000000002e+00,2.635339999999999794e+00,1.847239999999999993e+00,1.497360000000000024e+00,1.224390000000000089e+00,9.300300000000000233e-01,7.758099999999999996e-01,7.267500000000000071e-01,6.875799999999999690e-01,6.265500000000000513e-01,5.040099999999999580e-01,-1.839200000000000002e-01,-1.844399999999999928e-01,-2.874499999999999833e-01,-2.824599999999999889e-01,-1.937300000000000133e-01,-1.901700000000000057e-01,-1.945900000000000130e-01,-2.979399999999999826e-01,-2.929300000000000237e-01,-1.980899999999999883e-01
cl*c/cref,2.602403424775707297e+00,2.644049342700355965e+00,2.799535255733784034e+00,2.830385254477477019e+00,2.770622971567267889e+00,2.591753760377093041e+00,1.748955254711987539e+00,1.361799676124143321e+00,1.054668852305238991e+00,7.425145677970076408e-01,5.752734125309052482e-01,4.909535224326116998e-01,4.191624766326961793e-01,3.405727150294478034e-01,2.406681281700804864e-01,2.594350543478260995e+00,2.631349466320931363e+00,2.784943849373857194e+00,2.813544501899535977e+00,2.751788472800123397e+00,2.570567602866389301e+00,1.715631560768390740e+00,1.320825984441898360e+00,1.022929701099519750e+00,7.336323805503628392e-01,5.685748979878992859e-01,4.851853743291322241e-01,4.141629816679732179e-01,3.365176385454984320e-01,2.378181419056999424e-01,-1.421634672723740000e-01,-1.338638053026191543e-01,-1.951112111968749951e-01,-1.784974900668020170e-01,-1.134008531159755306e-01,-1.469944898389917431e-01,-1.412305241478890860e-01,-2.022314637815165461e-01,-1.851138914015022230e-01,-1.159530015678706949e-01
cmx,1.628499999999999948e-01,6.035399999999999654e-01,1.277199999999999891e+00,2.167949999999999822e+00,3.293320000000000025e+00,5.164310000000000400e+00,5.458870000000000111e+00,6.147800000000000153e+00,6.555979999999999919e+00,6.169159999999999755e+00,6.158100000000000129e+00,6.366150000000000198e+00,6.715779999999999639e+00,6.912679999999999936e+00,6.387240000000000251e+00,-1.623900000000000066e-01,-6.007700000000000262e-01,-1.270690000000000097e+00,-2.155079999999999885e+00,-3.270919999999999828e+00,-5.121959999999999624e+00,-5.353589999999999627e+00,-5.960589999999999833e+00,-6.356980000000000075e+00,-6.095909999999999940e+00,-6.086739999999999817e+00,-6.291610000000000369e+00,-6.636129999999999640e+00,-6.831050000000000288e+00,-6.312339999999999840e+00,5.666999999999999815e-02,-3.525999999999999968e-02,-2.158200000000000118e-01,-4.002800000000000247e-01,-4.218299999999999828e-01,-5.888999999999999790e-02,3.710999999999999716e-02,2.223100000000000076e-01,4.150699999999999945e-01,4.304100000000000148e-01
cmx*c/cref,2.367169168391994316e-01,8.162815111861545514e-01,1.598297101449275504e+00,2.493846280829765227e+00,3.455600639543843666e+00,5.037379608384088492e+00,5.069947412427050715e+00,5.422993793845103383e+00,5.477263504124035620e+00,4.866397360080939372e+00,4.513142495326539994e+00,4.250103709371042982e+00,4.045241963155038256e+00,3.712774319081790786e+00,3.013832163460572477e+00,-2.360482660455486548e-01,-8.125351152786991493e-01,-1.590150441466160469e+00,-2.479041602846288050e+00,-3.432096863923562946e+00,-4.996070502924681911e+00,-4.972168190064121696e+00,-5.257855261663551438e+00,-5.311006828947985703e+00,-4.808615813383183557e+00,-4.460844246115500233e+00,-4.200340079783848601e+00,-3.997264881957426130e+00,-3.668931154395063565e+00,-2.978490446374131295e+00,4.380384781603650912e-02,-2.559118290484900873e-02,-1.464912214315865768e-01,-2.529525430996938384e-01,-2.469203627208586826e-01,-4.551982703169913519e-02,2.693388535447948512e-02,1.508964110668891412e-01,2.622989209163333335e-01,2.519427099037166440e-01
cmy,-5.545499999999999874e-01,-6.394100000000000339e-01,-7.293399999999999883e-01,-8.629700000000000149e-01,-9.993100000000000316e-01,-1.056089999999999973e+00,-7.761900000000000466e-01,-6.351200000000000179e-01,-5.030099999999999572e-01,-3.319799999999999973e-01,-2.995700000000000029e-01,-3.475099999999999856e-01,-4.156199999999999894e-01,-4.706799999999999873e-01,-4.824100000000000055e-01,-5.524900000000000366e-01,-6.356199999999999628e-01,-7.251900000000000013e-01,-8.574300000000000255e-01,-9.918299999999999894e-01,-1.046939999999999982e+00,-7.571499999999999897e-01,-6.083699999999999664e-01,-4.798700000000000188e-01,-3.269900000000000029e-01,-2.953100000000000169e-01,-3.426000000000000156e-01,-4.096799999999999886e-01,-4.640599999999999725e-01,-4.758700000000000152e-01,7.384199999999999653e-01,8.282399999999999762e-01,1.455349999999999921e+00,1.534299999999999997e+00,1.151529999999999943e+00,7.644900000000000029e-01,8.670099999999999474e-01,1.489400000000000057e+00,1.588489999999999958e+00,1.179980000000000029e+00
cmy*c/cref,-8.060876035196686828e-01,-8.647953094534565066e-01,-9.127012276628676535e-01,-9.926956456411183405e-01,-1.048551697102789504e+00,-1.030133014985225914e+00,-7.208895764236468162e-01,-5.602413576152285302e-01,-4.202450762829403330e-01,-2.618746467265674061e-01,-2.195485778608615712e-01,-2.320010587314987882e-01,-2.503482044865223410e-01,-2.528004502603067305e-01,-2.276261380463258932e-01,-8.030932108350586907e-01,-8.596693742587790954e-01,-9.075078883495146798e-01,-9.863228471929084140e-01,-1.040703114886731395e+00,-1.021207907194114473e+00,-7.032061000388618588e-01,-5.366450981426762468e-01,-4.009125161644790380e-01,-2.579384021119352499e-01,-2.164265130957406524e-01,-2.287230949365816612e-01,-2.467702526683953623e-01,-2.492448732637841946e-01,-2.245402257666820889e-01,5.707717893827012334e-01,6.011242577740256721e-01,9.878417158301340262e-01,9.695840083887783400e-01,6.740540153235909937e-01,5.909229507125771663e-01,6.292629464076330281e-01,1.010953689186382398e+00,1.003828782823105392e+00,6.907073693273566573e-01
cmz,3.910999999999999893e-02,1.040599999999999997e-01,5.655999999999999917e-02,2.750000000000000014e-02,2.603000000000000105e-02,-4.338000000000000189e-02,6.442499999999999893e-01,7.168600000000000527e-01,7.346200000000000507e-01,6.498199999999999532e-01,4.272000000000000242e-01,6.300900000000000389e-01,8.445799999999999974e-01,9.391500000000000403e-01,9.205499999999999794e-01,-3.885000000000000259e-02,-1.032600000000000046e-01,-5.655999999999999917e-02,-2.860000000000000042e-02,-2.727999999999999869e-02,4.030999999999999861e-02,-6.403100000000000458e-01,-7.118400000000000283e-01,-7.252600000000000158e-01,-6.380700000000000260e-01,-4.190200000000000036e-01,-6.200400000000000356e-01,-8.311600000000000099e-01,-9.240000000000000435e-01,-9.062999999999999945e-01,7.355300000000000171e-01,8.438099999999999490e-01,1.615399999999999947e+00,1.635950000000000015e+00,1.245929999999999982e+00,-7.630599999999999605e-01,-9.001400000000000512e-01,-1.682849999999999957e+00,-1.697750000000000092e+00,-1.269430000000000058e+00
cmz*c/cref,5.684985334713595073e-02,1.407400570865746103e-01,7.077958350921627340e-02,3.163392731512191386e-02,2.731264640160271581e-02,-4.231378972441657282e-02,5.983497721059720664e-01,6.323444697380853352e-01,6.137461242102019154e-01,5.125952856673835489e-01,3.130859313755051110e-01,4.206542174214557561e-01,5.087317418440572281e-01,5.044139178676958490e-01,4.343633867012402505e-01,-5.647192028985507234e-02,-1.396580654887535633e-01,-7.077958350921627340e-02,-3.289928440772678375e-02,-2.862424102327015135e-02,3.931924536171581275e-02,-5.946904812994566747e-01,-6.279163118856661008e-01,-6.059262122521725802e-01,-5.033265733984603196e-01,-3.070909807232306554e-01,-4.139447395927556284e-01,-5.006482210697702495e-01,-4.962769100886450513e-01,-4.276394952662365134e-01,5.685379245478971999e-01,6.124247319041589144e-01,1.096478172090561420e+00,1.033820607784411205e+00,7.293115414380187955e-01,-5.898176127493349741e-01,-6.533082070326372559e-01,-1.142260921073790625e+00,-1.072874438012154430e+00,-7.430673874516741106e-01
cs,8.035000000000000475e-02,1.196699999999999986e-01,1.673699999999999910e-01,1.383900000000000130e-01,1.295600000000000085e-01,-1.196399999999999963e-01,-8.222000000000000142e-02,-5.390999999999999959e-02,-4.558999999999999858e-02,-5.591000000000000136e-02,-2.622399999999999731e-01,-2.110599999999999976e-01,-1.740899999999999948e-01,-1.328400000000000136e-01,-9.858999999999999708e-02,-7.982999999999999818e-02,-1.181999999999999995e-01,-1.651100000000000068e-01,-1.363399999999999890e-01,-1.276200000000000112e-01,1.180199999999999999e-01,7.942000000000000448e-02,5.163999999999999840e-02,4.395999999999999908e-02,5.491999999999999660e-02,2.589099999999999735e-01,2.084100000000000119e-01,1.719700000000000117e-01,1.313499999999999945e-01,9.764000000000000457e-02,1.837399999999999867e-01,1.885699999999999876e-01,3.224299999999999944e-01,3.024000000000000021e-01,2.087400000000000089e-01,-1.904599999999999904e-01,-2.023600000000000121e-01,-3.398700000000000054e-01,-3.144700000000000273e-01,-2.123299999999999910e-01
cs*c/cref,1.167958505866114605e-01,1.618524181390580963e-01,2.094480002110595263e-01,1.591934254959898876e-01,1.359441593465865461e-01,-1.166994421998432119e-01,-7.636215485068377495e-02,-4.755418123982391859e-02,-3.808865236822180783e-02,-4.410329386855347394e-02,-1.921902028181471100e-01,-1.409057105000435517e-01,-1.048629010130856937e-01,-7.134786226858831626e-02,-4.651989168961519899e-02,-1.160399844720496898e-01,-1.598642585780618852e-01,-2.066198202476431933e-01,-1.568352600052262125e-01,-1.339085644937587083e-01,1.151192591810890758e-01,7.376164361762715949e-02,4.555180707149892455e-02,3.672685146100088810e-02,4.332235555823567980e-02,1.897497155721723228e-01,1.391365447044161652e-01,1.035859215763131058e-01,7.054758889625921403e-02,4.607163226061495448e-02,1.420243338224553842e-01,1.368612977982807122e-01,2.188544366888446890e-01,1.910983537357534845e-01,1.221870339102293507e-01,-1.472186492860828033e-01,-1.468698744363370889e-01,-2.306921111479628139e-01,-1.987258574711719683e-01,-1.242884588969962456e-01
cx,-1.468500000000000083e-01,-1.749199999999999922e-01,3.456000000000000044e-02,2.936000000000000068e-02,1.405999999999999958e-02,-6.119999999999999572e-03,-2.329299999999999982e-01,-1.836399999999999977e-01,-1.436099999999999877e-01,-1.021299999999999986e-01,-7.156999999999999473e-02,-8.759999999999999731e-02,-1.002699999999999980e-01,-9.621000000000000385e-02,-8.147000000000000075e-02,-1.465299999999999936e-01,-1.751399999999999901e-01,3.216000000000000109e-02,2.681000000000000050e-02,1.226999999999999966e-02,-7.170000000000000158e-03,-2.308000000000000052e-01,-1.819900000000000129e-01,-1.416100000000000136e-01,-1.002699999999999980e-01,-7.023000000000000076e-02,-8.616999999999999660e-02,-9.865999999999999770e-02,-9.464999999999999802e-02,-8.021000000000000352e-02,7.519999999999999775e-03,9.849999999999999381e-03,-3.450999999999999901e-02,-1.845000000000000112e-02,-1.297000000000000063e-02,7.270000000000000420e-03,1.159999999999999920e-02,-3.309999999999999748e-02,-1.861000000000000154e-02,-1.327000000000000055e-02
cx*c/cref,-2.134594979296066397e-01,-2.365774628635751442e-01,4.324862811312790711e-02,3.377353112625379461e-02,1.475281630451533502e-02,-5.969580293071217840e-03,-2.163346719699558718e-01,-1.619894239080182652e-01,-1.199805081509175975e-01,-8.056285821490549726e-02,-5.245215381213692851e-02,-5.848261271583347909e-02,-6.039751326659832664e-02,-5.167402761864560434e-02,-3.844178492700021238e-02,-2.129943495514147467e-01,-2.368750105529759398e-01,4.024525116082736109e-02,3.084020332066976164e-02,1.287461280628756505e-02,-6.993772990411868500e-03,-2.143564259248092463e-01,-1.605339536975617931e-01,-1.183095867923643491e-01,-7.909564078339934023e-02,-5.147009588132425706e-02,-5.752793079592889713e-02,-5.942773171320026721e-02,-5.083615751070372918e-02,-3.784725136853672040e-02,5.812686352154482726e-03,7.148983312897411353e-03,-2.342420559542235381e-02,-1.165927455828257887e-02,-7.592056289238644992e-03,5.619445449489772482e-03,8.419107251737053405e-03,-2.246714590578035090e-02,-1.176038479835440735e-02,-7.767662834093818150e-03
cy,8.035000000000000475e-02,1.196699999999999986e-01,1.673699999999999910e-01,1.383900000000000130e-01,1.295600000000000085e-01,-1.196399999999999963e-01,-8.222000000000000142e-02,-5.390999999999999959e-02,-4.558999999999999858e-02,-5.591000000000000136e-02,-2.622399999999999731e-01,-2.110599999999999976e-01,-1.740899999999999948e-01,-1.328400000000000136e-01,-9.858999999999999708e-02,-7.982999999999999818e-02,-1.181999999999999995e-01,-1.651100000000000068e-01,-1.363399999999999890e-01,-1.276200000000000112e-01,1.180199999999999999e-01,7.942000000000000448e-02,5.163999999999999840e-02,4.395999999999999908e-02,5.491999999999999660e-02,2.589099999999999735e-01,2.084100000000000119e-01,1.719700000000000117e-01,1.313499999999999945e-01,9.764000000000000457e-02,1.837399999999999867e-01,1.885699999999999876e-01,3.224299999999999944e-01,3.024000000000000021e-01,2.087400000000000089e-01,-1.904599999999999904e-01,-2.023600000000000121e-01,-3.398700000000000054e-01,-3.144700000000000273e-01,-2.123299999999999910e-01
cy*c/cref,1.167958505866114605e-01,1.618524181390580963e-01,2.094480002110595263e-01,1.591934254959898876e-01,1.359441593465865461e-01,-1.166994421998432119e-01,-7.636215485068377495e-02,-4.755418123982391859e-02,-3.808865236822180783e-02,-4.410329386855347394e-02,-1.921902028181471100e-01,-1.409057105000435517e-01,-1.048629010130856937e-01,-7.134786226858831626e-02,-4.651989168961519899e-02,-1.160399844720496898e-01,-1.598642585780618852e-01,-2.066198202476431933e-01,-1.568352600052262125e-01,-1.339085644937587083e-01,1.151192591810890758e-01,7.376164361762715949e-02,4.555180707149892455e-02,3.672685146100088810e-02,4.332235555823567980e-02,1.897497155721723228e-01,1.391365447044161652e-01,1.035859215763131058e-01,7.054758889625921403e-02,4.607163226061495448e-02,1.420243338224553842e-01,1.368612977982807122e-01,2.188544366888446890e-01,1.910983537357534845e-01,1.221870339102293507e-01,-1.472186492860828033e-01,-1.468698744363370889e-01,-2.306921111479628139e-01,-1.987258574711719683e-01,-1.242884588969962456e-01
cz,1.785740000000000105e+00,1.948150000000000048e+00,2.258160000000000167e+00,2.482590000000000074e+00,2.662069999999999936e+00,2.676260000000000083e+00,1.868670000000000053e+00,1.532850000000000046e+00,1.254229999999999956e+00,9.358199999999999852e-01,7.820599999999999774e-01,7.301600000000000312e-01,6.887900000000000134e-01,6.270400000000000418e-01,5.038799999999999946e-01,1.780200000000000005e+00,1.938669999999999893e+00,2.246109999999999829e+00,2.467530000000000001e+00,2.643759999999999888e+00,2.654259999999999842e+00,1.832780000000000076e+00,1.486259999999999915e+00,1.216199999999999948e+00,9.246999999999999664e-01,7.730200000000000404e-01,7.216200000000000392e-01,6.806299999999999573e-01,6.196300000000000141e-01,4.979500000000000037e-01,-1.843799999999999883e-01,-1.846200000000000063e-01,-2.938500000000000001e-01,-2.868499999999999939e-01,-1.967800000000000105e-01,-1.907099999999999906e-01,-1.946299999999999975e-01,-3.042400000000000104e-01,-2.974200000000000177e-01,-2.012100000000000000e-01
cz*c/cref,2.595731452726017796e+00,2.634852414118876940e+00,2.825877374419586641e+00,2.855784422299945557e+00,2.793245355601787772e+00,2.610481855414179542e+00,1.735534759241391889e+00,1.352131825514080843e+00,1.047859847769134323e+00,7.381996864258578706e-01,5.731553920681823344e-01,4.874619235227509173e-01,4.148918237049991076e-01,3.367808156947878495e-01,2.377568011417315053e-01,2.587678571428571495e+00,2.622030813684697481e+00,2.810797919304910852e+00,2.838460533377554995e+00,2.774033117583603048e+00,2.589022579850851269e+00,1.702201777757677004e+00,1.311034639389736522e+00,1.016087278136243777e+00,7.294279348998640167e-01,5.665301654304609746e-01,4.817605363926913409e-01,4.099766575710064309e-01,3.328009326820639546e-01,2.349587186007089101e-01,-1.425190305332770524e-01,-1.339944466220426567e-01,-1.994553119158174181e-01,-1.812717022787727617e-01,-1.151861863220031285e-01,-1.474118901887475075e-01,-1.412595555522054014e-01,-2.065076879267255250e-01,-1.879512975135178843e-01,-1.177793096343645041e-01
Results_Name,VSPAERO_Comp_Load
Results_Timestamp,1758915291
Results_Date,9,26,2025
Results_Time,15,34,51
AoA,7.000000000000000000e+00,7.000000000000000000e+00,7.000000000000000000e+00,7.000000000000000000e+00,7.000000000000000000e+00,7.000000000000000000e+00,7.000000000000000000e+00,7.000000000000000000e+00,7.000000000000000000e+00
Beta,0.000000000000000000e+00,0.000000000000000000e+00,0.000000000000000000e+00,0.000000000000000000e+00,0.000000000000000000e+00,0.000000000000000000e+00,0.000000000000000000e+00,0.000000000000000000e+00,0.000000000000000000e+00
CDi,0.000000000000000000e+00,5.922000000000000181e-02,5.797000000000000069e-02,-2.779999999999999919e-03,-2.820000000000000024e-03,0.000000000000000000e+00,0.000000000000000000e+00,0.000000000000000000e+00,0.000000000000000000e+00
CFx,0.000000000000000000e+00,-5.398000000000000020e-02,-5.374999999999999917e-02,-6.700000000000000226e-04,-6.300000000000000261e-04,0.000000000000000000e+00,0.000000000000000000e+00,0.000000000000000000e+00,0.000000000000000000e+00
CFy,0.000000000000000000e+00,-6.510000000000000162e-03,6.119999999999999572e-03,1.822000000000000008e-02,-1.904000000000000137e-02,0.000000000000000000e+00,0.000000000000000000e+00,0.000000000000000000e+00,0.000000000000000000e+00
CFz,0.000000000000000000e+00,9.255499999999999838e-01,9.134499999999999842e-01,-1.735000000000000084e-02,-1.798999999999999905e-02,0.000000000000000000e+00,0.000000000000000000e+00,0.000000000000000000e+00,0.000000000000000000e+00
CL,0.000000000000000000e+00,9.252299999999999969e-01,9.131899999999999462e-01,-1.713999999999999899e-02,-1.778000000000000067e-02,0.000000000000000000e+00,0.000000000000000000e+00,0.000000000000000000e+00,0.000000000000000000e+00
Cmx,0.000000000000000000e+00,1.696199999999999930e-01,-1.665600000000000136e-01,-7.399999999999999894e-04,7.600000000000000418e-04,-1.000000000000000082e-05,1.000000000000000082e-05,-0.000000000000000000e+00,0.000000000000000000e+00
Cmy,0.000000000000000000e+00,-3.563399999999999901e-01,-3.506000000000000227e-01,5.739999999999999963e-02,5.926000000000000018e-02,8.370000000000000703e-03,8.250000000000000389e-03,-0.000000000000000000e+00,8.000000000000000654e-05
Cmz,0.000000000000000000e+00,1.388999999999999957e-02,-1.376999999999999925e-02,5.130000000000000011e-03,-5.329999999999999669e-03,-1.000000000000000082e-05,2.000000000000000164e-05,3.000000000000000076e-05,4.000000000000000327e-05
Comp_ID,0,1,2,3,4,5,6,7,8
Comp_Name,NONE,main_wing,main_wing,horizontal_tail,horizontal_tail,fuselage,fuselage,fuselage,fuselage
Cs,0.000000000000000000e+00,-6.510000000000000162e-03,6.119999999999999572e-03,1.822000000000000008e-02,-1.904000000000000137e-02,0.000000000000000000e+00,0.000000000000000000e+00,0.000000000000000000e+00,0.000000000000000000e+00
Mach,1.499999999999999944e-01,1.499999999999999944e-01,1.499999999999999944e-01,1.499999999999999944e-01,1.499999999999999944e-01,1.499999999999999944e-01,1.499999999999999944e-01,1.499999999999999944e-01,1.499999999999999944e-01
Results_Name,VSPAERO_Load
Results_Timestamp,1758915291
Results_Date,9,26,2025
Results_Time,15,34,51
AnalysisMethod,0
Chord,1.735549999999999926e+00,1.614840000000000053e+00,1.494150000000000089e+00,1.373459999999999903e+00,1.252809999999999979e+00,1.164630000000000054e+00,1.108910000000000062e+00,1.053209999999999980e+00,9.975199999999999623e-01,9.418400000000000105e-01,8.750400000000000400e-01,7.971099999999999852e-01,7.191899999999999959e-01,6.412799999999999612e-01,5.633799999999999919e-01,1.735549999999999926e+00,1.614840000000000053e+00,1.494150000000000089e+00,1.373459999999999903e+00,1.252809999999999979e+00,1.164630000000000054e+00,1.108910000000000062e+00,1.053209999999999980e+00,9.975199999999999623e-01,9.418400000000000105e-01,8.750400000000000400e-01,7.971099999999999852e-01,7.191899999999999959e-01,6.412799999999999612e-01,5.633799999999999919e-01,9.229000000000000536e-01,8.665699999999999514e-01,8.104299999999999837e-01,7.545199999999999685e-01,6.988999999999999657e-01,9.229000000000000536e-01,8.665699999999999514e-01,8.104299999999999837e-01,7.545199999999999685e-01,6.988999999999999657e-01
FC_AoA_,8.000000000000000000e+00
FC_Beta_,0.000000000000000000e+00
FC_Bref_,1.417173599999999922e+01
FC_Cref_,1.193975999999999926e+00
FC_Mach_,1.499999999999999944e-01
FC_Pitch_Rate,0.000000000000000000e+00
FC_Rho_,2.377000000000000206e-03
FC_Roll__Rate,0.000000000000000000e+00
FC_Sref_,1.619368700000000061e+01
FC_Vinf_,5.100000000000000000e+01
FC_Xcg_,1.774861999999999940e+00
FC_Yaw___Rate,0.000000000000000000e+00
FC_Ycg_,0.000000000000000000e+00
FC_Zcg_,7.545150000000000468e-01
S,3.314000000000000279e-02,8.981999999999999706e-02,1.368900000000000117e-01,1.839600000000000124e-01,2.310300000000000131e-01,2.997400000000000064e-01,4.117600000000000149e-01,5.454599999999999449e-01,6.791599999999999859e-01,8.128699999999999815e-01,9.157600000000000184e-01,9.578200000000000047e-01,9.698700000000000099e-01,9.819200000000000150e-01,9.939700000000000202e-01,3.314000000000000279e-02,8.981999999999999706e-02,1.368900000000000117e-01,1.839600000000000124e-01,2.310300000000000131e-01,2.997400000000000064e-01,4.117600000000000149e-01,5.454599999999999449e-01,6.791599999999999859e-01,8.128699999999999815e-01,9.157600000000000184e-01,9.578200000000000047e-01,9.698700000000000099e-01,9.819200000000000150e-01,9.939700000000000202e-01,1.020299999999999957e-01,3.035599999999999965e-01,5.025399999999999867e-01,7.015200000000000324e-01,9.005100000000000326e-01,1.020299999999999957e-01,3.035599999999999965e-01,5.025399999999999867e-01,7.015200000000000324e-01,9.005100000000000326e-01
V/Vref,9.819099999999999495e-01,9.891999999999999682e-01,9.841199999999999948e-01,9.871699999999999919e-01,1.000110000000000054e+00,1.009039999999999937e+00,1.010699999999999932e+00,1.005759999999999987e+00,1.001460000000000017e+00,1.000690000000000079e+00,1.017330000000000068e+00,1.015889999999999960e+00,1.016270000000000007e+00,1.016019999999999923e+00,1.018990000000000062e+00,9.826799999999999979e-01,9.897500000000000187e-01,9.843600000000000128e-01,9.874899999999999789e-01,1.000140000000000029e+00,1.009239999999999915e+00,1.010450000000000070e+00,1.005489999999999995e+00,1.001219999999999999e+00,1.000399999999999956e+00,1.016899999999999915e+00,1.015530000000000044e+00,1.015910000000000091e+00,1.015670000000000073e+00,1.018659999999999899e+00,9.666099999999999692e-01,9.751900000000000013e-01,1.000709999999999988e+00,1.002159999999999940e+00,1.002999999999999892e+00,9.663699999999999513e-01,9.739900000000000224e-01,9.993800000000000461e-01,1.002809999999999979e+00,1.003279999999999950e+00
WingId,1,1,1,1,1,1,1,1,1,1,1,1,1,1,1,2,2,2,2,2,2,2,2,2,2,2,2,2,2,2,3,3,3,3,3,4,4,4,4,4
Xavg,2.392879999999999896e+00,2.382319999999999993e+00,2.371750000000000025e+00,2.361190000000000122e+00,2.350620000000000154e+00,2.337899999999999867e+00,2.323770000000000113e+00,2.309619999999999784e+00,2.295469999999999899e+00,2.281299999999999883e+00,2.284749999999999837e+00,2.305000000000000160e+00,2.325239999999999974e+00,2.345470000000000166e+00,2.365699999999999914e+00,2.392879999999999896e+00,2.382319999999999993e+00,2.371750000000000025e+00,2.361190000000000122e+00,2.350620000000000154e+00,2.337899999999999867e+00,2.323770000000000113e+00,2.309619999999999784e+00,2.295469999999999899e+00,2.281299999999999883e+00,2.284749999999999837e+00,2.305000000000000160e+00,2.325239999999999974e+00,2.345470000000000166e+00,2.365699999999999914e+00,5.722059999999999924e+00,5.820210000000000328e+00,5.918350000000000222e+00,6.016490000000000116e+00,6.114630000000000010e+00,5.722059999999999924e+00,5.820210000000000328e+00,5.918350000000000222e+00,6.016490000000000116e+00,6.114630000000000010e+00
Yavg,1.718899999999999872e-01,5.195499999999999563e-01,8.671900000000000164e-01,1.214800000000000102e+00,1.562359999999999971e+00,2.228590000000000071e+00,3.216559999999999864e+00,4.204550000000000232e+00,5.192569999999999908e+00,6.180620000000000225e+00,6.716649999999999565e+00,6.791660000000000252e+00,6.866660000000000430e+00,6.941650000000000098e+00,7.016610000000000014e+00,-1.718899999999999872e-01,-5.195499999999999563e-01,-8.671900000000000164e-01,-1.214800000000000102e+00,-1.562359999999999971e+00,-2.228590000000000071e+00,-3.216559999999999864e+00,-4.204550000000000232e+00,-5.192569999999999908e+00,-6.180620000000000225e+00,-6.716649999999999565e+00,-6.791660000000000252e+00,-6.866660000000000430e+00,-6.941650000000000098e+00,-7.016610000000000014e+00,1.078800000000000037e-01,3.257399999999999740e-01,5.435900000000000176e-01,7.614400000000000057e-01,9.792699999999999738e-01,-1.078800000000000037e-01,-3.257399999999999740e-01,-5.435900000000000176e-01,-7.614400000000000057e-01,-9.792699999999999738e-01
Zavg,1.119259999999999922e+00,1.109900000000000109e+00,1.100540000000000074e+00,1.091180000000000039e+00,1.081830000000000069e+00,1.094910000000000050e+00,1.130849999999999911e+00,1.166740000000000110e+00,1.202599999999999891e+00,1.238469999999999960e+00,1.270329999999999959e+00,1.298289999999999944e+00,1.326240000000000085e+00,1.354190000000000005e+00,1.382130000000000081e+00,1.119259999999999922e+00,1.109900000000000109e+00,1.100540000000000074e+00,1.091180000000000039e+00,1.081830000000000069e+00,1.094910000000000050e+00,1.130849999999999911e+00,1.166740000000000110e+00,1.202599999999999891e+00,1.238469999999999960e+00,1.270329999999999959e+00,1.298289999999999944e+00,1.326240000000000085e+00,1.354190000000000005e+00,1.382130000000000081e+00,3.777900000000000147e-01,5.956799999999999873e-01,8.135799999999999699e-01,1.031470000000000109e+00,1.249349999999999961e+00,3.777900000000000147e-01,5.956799999999999873e-01,8.135799999999999699e-01,1.031470000000000109e+00,1.249349999999999961e+00
cd,8.813000000000000000e-02,7.770000000000000517e-02,3.224099999999999744e-01,3.424599999999999866e-01,3.472899999999999876e-01,3.279799999999999938e-01,1.709999999999999932e-03,8.580000000000000820e-03,1.468999999999999993e-02,1.728999999999999981e-02,3.073000000000000037e-02,4.780000000000000394e-03,-1.592000000000000012e-02,-1.970999999999999835e-02,-1.985999999999999918e-02,8.773999999999999855e-02,7.630000000000000671e-02,3.185000000000000053e-01,3.378300000000000192e-01,3.423300000000000232e-01,3.216899999999999760e-01,-2.109999999999999896e-03,4.700000000000000185e-03,1.226000000000000006e-02,1.795000000000000068e-02,3.101999999999999896e-02,5.250000000000000326e-03,-1.520999999999999956e-02,-1.898999999999999994e-02,-1.931000000000000077e-02,-1.405999999999999958e-02,-1.041000000000000085e-02,-6.987000000000000155e-02,-4.759000000000000036e-02,-3.234000000000000069e-02,-1.520999999999999956e-02,-1.089999999999999997e-02,-7.188999999999999557e-02,-5.104000000000000203e-02,-3.441999999999999921e-02
cd*c/cref,1.281047705314009577e-01,1.050884339383706401e-01,4.034661513296750046e-01,3.939401726667872139e-01,3.644029569271074465e-01,3.199187817845585147e-01,1.588169360188144670e-03,7.568445094373757974e-03,1.227291737857377427e-02,1.363881150039866937e-02,2.252137329393556070e-02,3.191174529471279501e-03,-9.589392751613098551e-03,-1.058616655611168030e-02,-9.370981326257814617e-03,1.275378709454796367e-01,1.031949486421837869e-01,3.985731497115520550e-01,3.886141696315503768e-01,3.591985494683310742e-01,3.137833798166797528e-01,-1.959670964910517534e-03,4.145884841906370862e-03,1.024274792793154927e-02,1.415943704061053271e-02,2.273390821926069005e-02,3.504951104544815153e-03,-9.161725110052464441e-03,-1.019945727552312546e-02,-9.111462709468198459e-03,-1.086786836586330074e-02,-7.555422973326097677e-03,-4.742536206757925338e-02,-3.007397703136411443e-02,-1.893038553538764490e-02,-1.175677651812096804e-02,-7.911057676201196584e-03,-4.879646885699544939e-02,-3.225416658291289235e-02,-2.014792424638351190e-02
cl,1.851490000000000080e+00,2.020610000000000017e+00,2.301120000000000054e+00,2.528760000000000119e+00,2.714230000000000143e+00,2.734119999999999884e+00,1.978369999999999962e+00,1.635180000000000078e+00,1.351129999999999942e+00,1.020040000000000058e+00,8.554100000000000037e-01,8.033599999999999630e-01,7.631900000000000350e-01,6.988999999999999657e-01,5.667400000000000215e-01,1.845460000000000100e+00,2.010159999999999947e+00,2.287739999999999885e+00,2.511340000000000128e+00,2.691409999999999858e+00,2.704369999999999941e+00,1.931610000000000049e+00,1.586980000000000057e+00,1.314470000000000027e+00,1.009830000000000005e+00,8.470100000000000406e-01,7.954400000000000359e-01,7.556199999999999584e-01,6.919899999999999940e-01,5.611399999999999721e-01,-1.539399999999999935e-01,-1.512600000000000056e-01,-2.342599999999999960e-01,-2.363699999999999968e-01,-1.650399999999999923e-01,-1.522199999999999942e-01,-1.709799999999999931e-01,-2.676700000000000190e-01,-2.592200000000000060e-01,-1.739799999999999958e-01
cl*c/cref,2.691304908557626163e+00,2.732853803091519485e+00,2.879637821865766334e+00,2.908894910450461335e+00,2.847975575974726947e+00,2.666919750145731793e+00,1.837419074336502645e+00,1.442397441657119028e+00,1.128815987591040182e+00,8.046346606631959997e-01,6.269120705943839189e-01,5.363309560661185804e-01,4.597065737502261662e-01,3.753765502824177314e-01,2.674174197806321041e-01,2.682539768806073255e+00,2.718720287844981875e+00,2.862893995356690979e+00,2.888856255402118656e+00,2.824031104561565808e+00,2.637900957054413187e+00,1.793990536744457298e+00,1.399880069448632192e+00,1.098187999088758859e+00,7.965807413214336385e-01,6.207558865504835266e-01,5.310434869712624684e-01,4.551467934028824991e-01,3.716652153812136650e-01,2.647750484096832446e-01,-1.189900182248219418e-01,-1.097822554222195462e-01,-1.590076616280394484e-01,-1.493714215361112707e-01,-9.660701387632580905e-02,-1.176605208144887449e-01,-1.240947377501725318e-01,-1.816852249123935836e-01,-1.638112276963691050e-01,-1.018400889130099685e-01
cmx,1.682099999999999984e-01,6.234499999999999487e-01,1.314720000000000111e+00,2.228429999999999911e+00,3.384570000000000078e+00,5.312199999999999811e+00,5.723340000000000316e+00,6.499069999999999681e+00,7.004400000000000404e+00,6.674949999999999939e+00,6.700289999999999857e+00,6.936429999999999652e+00,7.339730000000000310e+00,7.590069999999999872e+00,7.069910000000000139e+00,-1.677200000000000080e-01,-6.203699999999999770e-01,-1.307269999999999932e+00,-2.213200000000000056e+00,-3.356149999999999967e+00,-5.253879999999999661e+00,-5.585939999999999905e+00,-6.305170000000000385e+00,-6.812640000000000029e+00,-6.608959999999999724e+00,-6.635040000000000049e+00,-6.868599999999999817e+00,-7.267710000000000115e+00,-7.516060000000000407e+00,-7.001070000000000348e+00,4.678999999999999826e-02,-3.058999999999999914e-02,-1.759699999999999875e-01,-3.350899999999999990e-01,-3.597199999999999842e-01,-4.746000000000000218e-02,3.468000000000000249e-02,1.982299999999999895e-01,3.675800000000000178e-01,3.779399999999999982e-01
cmx*c/cref,2.445081521739130292e-01,8.432095770769261200e-01,1.645249894470240948e+00,2.563417914430440536e+00,3.551347046925566797e+00,5.181634711250477920e+00,5.315574985929366392e+00,5.732850170103922061e+00,5.851900781925265527e+00,5.265377953995725946e+00,4.910502188988724370e+00,4.630828188590054850e+00,4.421077491256106384e+00,4.076597929606625037e+00,3.335951389140150436e+00,-2.437958937198067555e-01,-8.390439094253151486e-01,-1.635926911847474408e+00,-2.545898470321011242e+00,-3.521526631607335922e+00,-5.124748122575327969e+00,-5.187964184707230864e+00,-5.561810367796338639e+00,-5.691692842067177516e+00,-5.213323288240300002e+00,-4.862681830790569038e+00,-4.585544220319336617e+00,-4.377696331333293500e+00,-4.036847438139460564e+00,-3.303469095358700702e+00,3.616696734272716041e-02,-2.220176645091693698e-02,-1.194424067987966270e-01,-2.117564396604287025e-01,-2.105639543843427219e-01,-3.668485296186858868e-02,2.517022754226215867e-02,1.345517321118682441e-01,2.322881377850141149e-01,2.212291252085469007e-01
cmy,-5.620899999999999785e-01,-6.493299999999999628e-01,-7.405800000000000161e-01,-8.781200000000000117e-01,-1.019470000000000098e+00,-1.080899999999999972e+00,-8.098499999999999588e-01,-6.680800000000000072e-01,-5.370399999999999618e-01,-3.627299999999999969e-01,-3.296999999999999931e-01,-3.845600000000000129e-01,-4.630799999999999916e-01,-5.280200000000000449e-01,-5.463200000000000278e-01,-5.599899999999999878e-01,-6.452999999999999847e-01,-7.359299999999999731e-01,-8.716199999999999504e-01,-1.009859999999999980e+00,-1.067949999999999955e+00,-7.843599999999999461e-01,-6.404999999999999583e-01,-5.145899999999999919e-01,-3.582299999999999929e-01,-3.258099999999999885e-01,-3.800299999999999789e-01,-4.576100000000000168e-01,-5.218800000000000106e-01,-5.401399999999999535e-01,6.193400000000000016e-01,6.843399999999999483e-01,1.200979999999999936e+00,1.286440000000000028e+00,9.830400000000000249e-01,6.089700000000000113e-01,7.647300000000000209e-01,1.344710000000000072e+00,1.404509999999999925e+00,1.037660000000000027e+00
cmy*c/cref,-8.170476621808142603e-01,-8.782120052664375009e-01,-9.267670430561419925e-01,-1.010123063780176356e+00,-1.069705095161042063e+00,-1.054333225290960740e+00,-7.521514364610344394e-01,-5.893154776980442655e-01,-4.486758031987242434e-01,-2.861310639409837542e-01,-2.416302237230899541e-01,-2.567359993835722221e-01,-2.789356781040824851e-01,-2.835975476894008196e-01,-2.577822013172794136e-01,-8.139951259489301982e-01,-8.727614725924139893e-01,-9.209480002110596031e-01,-1.002645953687511193e+00,-1.059621555709662655e+00,-1.041701515357092545e+00,-7.284774967001012014e-01,-5.649870726044744496e-01,-4.299197109489638069e-01,-2.825813443486301368e-01,-2.387793242075217925e-01,-2.537117272876506791e-01,-2.756408302176928671e-01,-2.802997768799372902e-01,-2.548661557686251466e-01,4.787272826254464486e-01,4.966837807460116050e-01,8.151840752242927035e-01,8.129516077375089633e-01,5.754275261814307818e-01,4.707116499829142597e-01,5.550296455707652843e-01,9.127430746514169080e-01,8.875646455205129515e-01,6.073996244480626139e-01
cmz,4.125000000000000194e-02,1.127599999999999991e-01,7.580000000000000626e-02,6.368999999999999662e-02,8.523999999999999633e-02,5.160000000000000003e-02,7.621799999999999686e-01,8.579700000000000104e-01,8.898399999999999643e-01,7.967899999999999983e-01,5.472399999999999487e-01,7.865400000000000169e-01,1.043369999999999909e+00,1.155229999999999979e+00,1.126730000000000009e+00,-4.096000000000000335e-02,-1.118200000000000027e-01,-7.537000000000000643e-02,-6.404999999999999583e-02,-8.594000000000000250e-02,-5.691999999999999837e-02,-7.570400000000000462e-01,-8.480199999999999960e-01,-8.767700000000000493e-01,-7.835800000000000542e-01,-5.379699999999999482e-01,-7.749800000000000022e-01,-1.028299999999999992e+00,-1.138530000000000042e+00,-1.111310000000000020e+00,6.131799999999999473e-01,7.061899999999999844e-01,1.364800000000000013e+00,1.358190000000000008e+00,1.056370000000000031e+00,-6.081699999999999884e-01,-8.378700000000000037e-01,-1.586750000000000105e+00,-1.492899999999999894e+00,-1.105779999999999985e+00
cmz*c/cref,5.996053312629399945e-02,1.525067157128786599e-01,9.485665541015901592e-02,7.326417566182233387e-02,8.944026044074587789e-02,5.033175541216908938e-02,7.078777327182456114e-01,7.568180463426401605e-01,7.434263308475211884e-01,6.285291275536527555e-01,4.010607328790528614e-01,5.251017603368911546e-01,6.284726579931254609e-01,6.204696697421053786e-01,5.316498383552098472e-01,-5.953899240855763109e-02,-1.512353755854389248e-01,-9.431855037287183163e-02,-7.367829252849301958e-02,-9.017475342887965040e-02,-5.552099841202838559e-02,-7.031039370975632474e-01,-7.480411199220085017e-01,-7.325068597693756844e-01,-6.181087284836547235e-01,-3.942669440591771157e-01,-5.173841918095506420e-01,-6.193952617138033245e-01,-6.115001628173430959e-01,-5.243738800444900372e-01,4.739658267837879579e-01,5.125421853538094652e-01,9.263794783144720935e-01,8.582932310197189940e-01,6.183516192955301749e-01,-4.700932790943871953e-01,-6.081135683631831990e-01,-1.077031533715920864e+00,-9.434217337701930051e-01,-6.472740172331772346e-01
cs,8.420999999999999319e-02,1.234299999999999981e-01,1.710299999999999876e-01,1.431699999999999917e-01,1.358099999999999863e-01,-1.217799999999999994e-01,-8.476999999999999813e-02,-5.686999999999999694e-02,-4.848000000000000226e-02,-6.180999999999999689e-02,-2.796399999999999997e-01,-2.220300000000000051e-01,-1.811800000000000077e-01,-1.358399999999999885e-01,-1.009099999999999997e-01,-8.361000000000000376e-02,-1.218000000000000055e-01,-1.683800000000000019e-01,-1.404299999999999993e-01,-1.330300000000000094e-01,1.197600000000000053e-01,8.136999999999999789e-02,5.464000000000000107e-02,4.694999999999999868e-02,6.087999999999999662e-02,2.767200000000000215e-01,2.198199999999999876e-01,1.795100000000000029e-01,1.347399999999999987e-01,1.002099999999999935e-01,1.528799999999999881e-01,1.565699999999999870e-01,2.705099999999999727e-01,2.514700000000000268e-01,1.775299999999999934e-01,-1.526399999999999979e-01,-1.869300000000000128e-01,-3.199899999999999967e-01,-2.777800000000000269e-01,-1.856800000000000117e-01
cs*c/cref,1.224067028985507122e-01,1.669377786488170645e-01,2.140281500633178513e-01,1.646919772256728587e-01,1.425021324549237134e-01,-1.187868444591851230e-01,-7.873047758078889624e-02,-5.016520658706707936e-02,-4.050313373133128392e-02,-4.875737066741710202e-02,-2.049422983376550655e-01,-1.482293892842067307e-01,-1.091335539407827376e-01,-7.295915093770728721e-02,-4.761458840043686358e-02,-1.215345496894409960e-01,-1.647332207682566663e-01,-2.107119213451526807e-01,-1.615400877404570834e-01,-1.395851460163353708e-01,1.168164927938250136e-01,7.557271394064872527e-02,4.819811654505618687e-02,3.922487889203803146e-02,4.802376195166402351e-02,2.028022915033468598e-01,1.467539717716268843e-01,1.081276314599288468e-01,7.236834509236365898e-02,4.728429197906825615e-02,1.181706767975235634e-01,1.136361743452129619e-01,1.836129196064242575e-01,1.589137004428899935e-01,1.039180996937961871e-01,-1.179851655309654551e-01,-1.356710102213110058e-01,-2.171982482897479028e-01,-1.755400155447010835e-01,-1.086887441623617251e-01
cx,-1.703999999999999959e-01,-2.042700000000000071e-01,-9.799999999999999684e-04,-1.281000000000000021e-02,-3.384000000000000202e-02,-5.573000000000000176e-02,-2.736399999999999944e-01,-2.190799999999999970e-01,-1.734900000000000053e-01,-1.248400000000000065e-01,-8.862000000000000433e-02,-1.070699999999999985e-01,-1.219800000000000051e-01,-1.167799999999999949e-01,-9.854000000000000259e-02,-1.699499999999999900e-01,-2.041999999999999926e-01,-2.990000000000000036e-03,-1.497000000000000067e-02,-3.556999999999999745e-02,-5.782000000000000334e-02,-2.709199999999999942e-01,-2.162100000000000133e-01,-1.708000000000000074e-01,-1.227700000000000041e-01,-8.716999999999999749e-02,-1.054999999999999966e-01,-1.202199999999999935e-01,-1.151100000000000040e-01,-9.722000000000000086e-02,7.499999999999999722e-03,1.074999999999999914e-02,-3.658999999999999753e-02,-1.422999999999999959e-02,-9.050000000000000752e-03,6.119999999999999572e-03,1.299999999999999940e-02,-3.393999999999999795e-02,-1.447000000000000022e-02,-9.879999999999999893e-03
cx*c/cref,-2.476915113871635543e-01,-2.762730296086353676e-01,-1.226378922189390796e-03,-1.473565850569860669e-02,-3.550748959778086272e-02,-5.436024668837564910e-02,-2.541442477905753727e-01,-1.932511598223080052e-01,-1.449440732477034754e-01,-9.847710975765008867e-02,-6.494774166314902508e-02,-7.148097424068824979e-02,-7.347450551769885152e-02,-6.272209692657138014e-02,-4.649629908808887435e-02,-2.470373964803312394e-01,-2.761783553438260097e-01,-3.741707119741100648e-03,-1.722035970572272784e-02,-3.732273655416859515e-02,-5.639887786689180144e-02,-2.516180368784632360e-01,-1.907195237592715642e-01,-1.426966840204493270e-01,-9.684423874516741304e-02,-6.388506703652335750e-02,-7.043282695799579773e-02,-7.241437164566122409e-02,-6.182514623409515742e-02,-4.587345440779379280e-02,5.797227079941305594e-03,7.802189910014941179e-03,-2.483603832907864406e-02,-8.992491976388135300e-03,-5.297464103131051434e-03,4.730537297232105184e-03,9.435206402808767046e-03,-2.303730912514154530e-02,-9.144157336495876282e-03,-5.783308877230363028e-03
cy,8.420999999999999319e-02,1.234299999999999981e-01,1.710299999999999876e-01,1.431699999999999917e-01,1.358099999999999863e-01,-1.217799999999999994e-01,-8.476999999999999813e-02,-5.686999999999999694e-02,-4.848000000000000226e-02,-6.180999999999999689e-02,-2.796399999999999997e-01,-2.220300000000000051e-01,-1.811800000000000077e-01,-1.358399999999999885e-01,-1.009099999999999997e-01,-8.361000000000000376e-02,-1.218000000000000055e-01,-1.683800000000000019e-01,-1.404299999999999993e-01,-1.330300000000000094e-01,1.197600000000000053e-01,8.136999999999999789e-02,5.464000000000000107e-02,4.694999999999999868e-02,6.087999999999999662e-02,2.767200000000000215e-01,2.198199999999999876e-01,1.795100000000000029e-01,1.347399999999999987e-01,1.002099999999999935e-01,1.528799999999999881e-01,1.565699999999999870e-01,2.705099999999999727e-01,2.514700000000000268e-01,1.775299999999999934e-01,-1.526399999999999979e-01,-1.869300000000000128e-01,-3.199899999999999967e-01,-2.777800000000000269e-01,-1.856800000000000117e-01
cy*c/cref,1.224067028985507122e-01,1.669377786488170645e-01,2.140281500633178513e-01,1.646919772256728587e-01,1.425021324549237134e-01,-1.187868444591851230e-01,-7.873047758078889624e-02,-5.016520658706707936e-02,-4.050313373133128392e-02,-4.875737066741710202e-02,-2.049422983376550655e-01,-1.482293892842067307e-01,-1.091335539407827376e-01,-7.295915093770728721e-02,-4.761458840043686358e-02,-1.215345496894409960e-01,-1.647332207682566663e-01,-2.107119213451526807e-01,-1.615400877404570834e-01,-1.395851460163353708e-01,1.168164927938250136e-01,7.557271394064872527e-02,4.819811654505618687e-02,3.922487889203803146e-02,4.802376195166402351e-02,2.028022915033468598e-01,1.467539717716268843e-01,1.081276314599288468e-01,7.236834509236365898e-02,4.728429197906825615e-02,1.181706767975235634e-01,1.136361743452129619e-01,1.836129196064242575e-01,1.589137004428899935e-01,1.039180996937961871e-01,-1.179851655309654551e-01,-1.356710102213110058e-01,-2.171982482897479028e-01,-1.755400155447010835e-01,-1.086887441623617251e-01
cz,1.845739999999999936e+00,2.011760000000000215e+00,2.323599999999999888e+00,2.551810000000000134e+00,2.736149999999999860e+00,2.753150000000000208e+00,1.959359999999999991e+00,1.620470000000000077e+00,1.340030000000000054e+00,1.012520000000000087e+00,8.513600000000000056e-01,7.962099999999999733e-01,7.535500000000000531e-01,6.893599999999999728e-01,5.584599999999999564e-01,1.839709999999999956e+00,2.001219999999999999e+00,2.309800000000000075e+00,2.533910000000000107e+00,2.712860000000000049e+00,2.722830000000000084e+00,1.912519999999999998e+00,1.572189999999999976e+00,1.303379999999999983e+00,1.002499999999999947e+00,8.430900000000000061e-01,7.884299999999999642e-01,7.461499999999999799e-01,6.826200000000000045e-01,5.530000000000000471e-01,-1.544000000000000095e-01,-1.512400000000000133e-01,-2.417100000000000082e-01,-2.406999999999999973e-01,-1.679299999999999959e-01,-1.528599999999999959e-01,-1.708399999999999919e-01,-2.750699999999999812e-01,-2.637999999999999790e-01,-1.770799999999999874e-01
cz*c/cref,2.682946773636990745e+00,2.720884271040624469e+00,2.907769452652314790e+00,2.935409893163681616e+00,2.870975699260286618e+00,2.685482023508010574e+00,1.819763460572072056e+00,1.429421704205109833e+00,1.119542374051069711e+00,7.987026848110850841e-01,6.239439104303604600e-01,5.315575464665955874e-01,4.538999314056564316e-01,3.702526523146194015e-01,2.635104849678720496e-01,2.674181633885438281e+00,2.706629031739331559e+00,2.890500035176586824e+00,2.914819082293111485e+00,2.846538068269379274e+00,2.655907240095278343e+00,1.776260622659082022e+00,1.386833763743994918e+00,1.088922740155580993e+00,7.907986425187776280e-01,6.178830006633300176e-01,5.263635427345273454e-01,4.494425503527709198e-01,3.666326237713321001e-01,2.609341728811969685e-01,-1.193455814857250219e-01,-1.097677397200613886e-01,-1.640644663711833540e-01,-1.521077174080550931e-01,-9.829869025843064601e-02,-1.181552175253103992e-01,-1.239931278350653587e-01,-1.867080913686707255e-01,-1.667055083184251496e-01,-1.036546898765134256e-01
Results_Name,VSPAERO_Comp_Load
Results_Timestamp,1758915291
Results_Date,9,26,2025
Results_Time,15,34,51
AoA,8.000000000000000000e+00,8.000000000000000000e+00,8.000000000000000000e+00,8.000000000000000000e+00,8.000000000000000000e+00,8.000000000000000000e+00,8.000000000000000000e+00,8.000000000000000000e+00,8.000000000000000000e+00
Beta,0.000000000000000000e+00,0.000000000000000000e+00,0.000000000000000000e+00,0.000000000000000000e+00,0.000000000000000000e+00,0.000000000000000000e+00,0.000000000000000000e+00,0.000000000000000000e+00,0.000000000000000000e+00
CDi,0.000000000000000000e+00,6.308999999999999331e-02,6.155000000000000054e-02,-2.579999999999999828e-03,-2.720000000000000195e-03,0.000000000000000000e+00,0.000000000000000000e+00,0.000000000000000000e+00,0.000000000000000000e+00
CFx,0.000000000000000000e+00,-7.187000000000000333e-02,-7.149999999999999412e-02,-5.800000000000000034e-04,-5.400000000000000069e-04,0.000000000000000000e+00,0.000000000000000000e+00,0.000000000000000000e+00,0.000000000000000000e+00
CFy,0.000000000000000000e+00,-6.980000000000000093e-03,6.610000000000000424e-03,1.523000000000000048e-02,-1.695999999999999938e-02,0.000000000000000000e+00,0.000000000000000000e+00,0.000000000000000000e+00,0.000000000000000000e+00
CFz,0.000000000000000000e+00,9.647000000000000020e-01,9.509600000000000275e-01,-1.444999999999999930e-02,-1.569999999999999868e-02,0.000000000000000000e+00,0.000000000000000000e+00,0.000000000000000000e+00,0.000000000000000000e+00
CL,0.000000000000000000e+00,9.653100000000000014e-01,9.516499999999999959e-01,-1.422999999999999959e-02,-1.548000000000000070e-02,0.000000000000000000e+00,0.000000000000000000e+00,0.000000000000000000e+00,0.000000000000000000e+00
Cmx,0.000000000000000000e+00,1.786699999999999955e-01,-1.753599999999999881e-01,-6.199999999999999999e-04,6.800000000000000488e-04,-1.000000000000000082e-05,1.000000000000000082e-05,-0.000000000000000000e+00,0.000000000000000000e+00
Cmy,0.000000000000000000e+00,-3.682099999999999818e-01,-3.616800000000000015e-01,4.794000000000000344e-02,5.172999999999999821e-02,1.091999999999999915e-02,1.077999999999999965e-02,-0.000000000000000000e+00,3.000000000000000076e-05
Cmz,0.000000000000000000e+00,1.752000000000000085e-02,-1.736000000000000043e-02,4.300000000000000003e-03,-4.749999999999999882e-03,-2.000000000000000164e-05,3.000000000000000076e-05,3.000000000000000076e-05,5.000000000000000240e-05
Comp_ID,0,1,2,3,4,5,6,7,8
Comp_Name,NONE,main_wing,main_wing,horizontal_tail,horizontal_tail,fuselage,fuselage,fuselage,fuselage
Cs,0.000000000000000000e+00,-6.980000000000000093e-03,6.610000000000000424e-03,1.523000000000000048e-02,-1.695999999999999938e-02,0.000000000000000000e+00,0.000000000000000000e+00,0.000000000000000000e+00,0.000000000000000000e+00
Mach,1.499999999999999944e-01,1.499999999999999944e-01,1.499999999999999944e-01,1.499999999999999944e-01,1.499999999999999944e-01,1.499999999999999944e-01,1.499999999999999944e-01,1.499999999999999944e-01,1.499999999999999944e-01
Results_Name,VSPAERO_Load
Results_Timestamp,1758915291
Results_Date,9,26,2025
Results_Time,15,34,51
AnalysisMethod,0
Chord,1.735549999999999926e+00,1.614840000000000053e+00,1.494150000000000089e+00,1.373459999999999903e+00,1.252809999999999979e+00,1.164630000000000054e+00,1.108910000000000062e+00,1.053209999999999980e+00,9.975199999999999623e-01,9.418400000000000105e-01,8.750400000000000400e-01,7.971099999999999852e-01,7.191899999999999959e-01,6.412799999999999612e-01,5.633799999999999919e-01,1.735549999999999926e+00,1.614840000000000053e+00,1.494150000000000089e+00,1.373459999999999903e+00,1.252809999999999979e+00,1.164630000000000054e+00,1.108910000000000062e+00,1.053209999999999980e+00,9.975199999999999623e-01,9.418400000000000105e-01,8.750400000000000400e-01,7.971099999999999852e-01,7.191899999999999959e-01,6.412799999999999612e-01,5.633799999999999919e-01,9.229000000000000536e-01,8.665699999999999514e-01,8.104299999999999837e-01,7.545199999999999685e-01,6.988999999999999657e-01,9.229000000000000536e-01,8.665699999999999514e-01,8.104299999999999837e-01,7.545199999999999685e-01,6.988999999999999657e-01
FC_AoA_,9.000000000000000000e+00
FC_Beta_,0.000000000000000000e+00
FC_Bref_,1.417173599999999922e+01
FC_Cref_,1.193975999999999926e+00
FC_Mach_,1.499999999999999944e-01
FC_Pitch_Rate,0.000000000000000000e+00
FC_Rho_,2.377000000000000206e-03
FC_Roll__Rate,0.000000000000000000e+00
FC_Sref_,1.619368700000000061e+01
FC_Vinf_,5.100000000000000000e+01
FC_Xcg_,1.774861999999999940e+00
FC_Yaw___Rate,0.000000000000000000e+00
FC_Ycg_,0.000000000000000000e+00
FC_Zcg_,7.545150000000000468e-01
S,3.314000000000000279e-02,8.981999999999999706e-02,1.368900000000000117e-01,1.839600000000000124e-01,2.310300000000000131e-01,2.997400000000000064e-01,4.117600000000000149e-01,5.454599999999999449e-01,6.791599999999999859e-01,8.128699999999999815e-01,9.157600000000000184e-01,9.578200000000000047e-01,9.698700000000000099e-01,9.819200000000000150e-01,9.939700000000000202e-01,3.314000000000000279e-02,8.981999999999999706e-02,1.368900000000000117e-01,1.839600000000000124e-01,2.310300000000000131e-01,2.997400000000000064e-01,4.117600000000000149e-01,5.454599999999999449e-01,6.791599999999999859e-01,8.128699999999999815e-01,9.157600000000000184e-01,9.578200000000000047e-01,9.698700000000000099e-01,9.819200000000000150e-01,9.939700000000000202e-01,1.020299999999999957e-01,3.035599999999999965e-01,5.025399999999999867e-01,7.015200000000000324e-01,9.005100000000000326e-01,1.020299999999999957e-01,3.035599999999999965e-01,5.025399999999999867e-01,7.015200000000000324e-01,9.005100000000000326e-01
V/Vref,9.817500000000000115e-01,9.892999999999999572e-01,9.849599999999999467e-01,9.881699999999999928e-01,1.001330000000000053e+00,1.009830000000000005e+00,1.011570000000000080e+00,1.005339999999999900e+00,1.000599999999999934e+00,9.988799999999999901e-01,1.017200000000000104e+00,1.015810000000000102e+00,1.016310000000000047e+00,1.016219999999999901e+00,1.019400000000000084e+00,9.824899999999999745e-01,9.898200000000000331e-01,9.852499999999999591e-01,9.885399999999999743e-01,1.001430000000000042e+00,1.010270000000000001e+00,1.011009999999999964e+00,1.004850000000000021e+00,1.000269999999999992e+00,9.985899999999999777e-01,1.016750000000000043e+00,1.015439999999999898e+00,1.015940000000000065e+00,1.015830000000000011e+00,1.019009999999999971e+00,9.671600000000000197e-01,9.751600000000000268e-01,1.006669999999999954e+00,1.002999999999999892e+00,1.003659999999999997e+00,9.668700000000000072e-01,9.743600000000000039e-01,1.003009999999999957e+00,1.002799999999999914e+00,1.004050000000000109e+00
WingId,1,1,1,1,1,1,1,1,1,1,1,1,1,1,1,2,2,2,2,2,2,2,2,2,2,2,2,2,2,2,3,3,3,3,3,4,4,4,4,4
Xavg,2.392879999999999896e+00,2.382319999999999993e+00,2.371750000000000025e+00,2.361190000000000122e+00,2.350620000000000154e+00,2.337899999999999867e+00,2.323770000000000113e+00,2.309619999999999784e+00,2.295469999999999899e+00,2.281299999999999883e+00,2.284749999999999837e+00,2.305000000000000160e+00,2.325239999999999974e+00,2.345470000000000166e+00,2.365699999999999914e+00,2.392879999999999896e+00,2.382319999999999993e+00,2.371750000000000025e+00,2.361190000000000122e+00,2.350620000000000154e+00,2.337899999999999867e+00,2.323770000000000113e+00,2.309619999999999784e+00,2.295469999999999899e+00,2.281299999999999883e+00,2.284749999999999837e+00,2.305000000000000160e+00,2.325239999999999974e+00,2.345470000000000166e+00,2.365699999999999914e+00,5.722059999999999924e+00,5.820210000000000328e+00,5.918350000000000222e+00,6.016490000000000116e+00,6.114630000000000010e+00,5.722059999999999924e+00,5.820210000000000328e+00,5.918350000000000222e+00,6.016490000000000116e+00,6.114630000000000010e+00
Yavg,1.718899999999999872e-01,5.195499999999999563e-01,8.671900000000000164e-01,1.214800000000000102e+00,1.562359999999999971e+00,2.228590000000000071e+00,3.216559999999999864e+00,4.204550000000000232e+00,5.192569999999999908e+00,6.180620000000000225e+00,6.716649999999999565e+00,6.791660000000000252e+00,6.866660000000000430e+00,6.941650000000000098e+00,7.016610000000000014e+00,-1.718899999999999872e-01,-5.195499999999999563e-01,-8.671900000000000164e-01,-1.214800000000000102e+00,-1.562359999999999971e+00,-2.228590000000000071e+00,-3.216559999999999864e+00,-4.204550000000000232e+00,-5.192569999999999908e+00,-6.180620000000000225e+00,-6.716649999999999565e+00,-6.791660000000000252e+00,-6.866660000000000430e+00,-6.941650000000000098e+00,-7.016610000000000014e+00,1.078800000000000037e-01,3.257399999999999740e-01,5.435900000000000176e-01,7.614400000000000057e-01,9.792699999999999738e-01,-1.078800000000000037e-01,-3.257399999999999740e-01,-5.435900000000000176e-01,-7.614400000000000057e-01,-9.792699999999999738e-01
Zavg,1.119259999999999922e+00,1.109900000000000109e+00,1.100540000000000074e+00,1.091180000000000039e+00,1.081830000000000069e+00,1.094910000000000050e+00,1.130849999999999911e+00,1.166740000000000110e+00,1.202599999999999891e+00,1.238469999999999960e+00,1.270329999999999959e+00,1.298289999999999944e+00,1.326240000000000085e+00,1.354190000000000005e+00,1.382130000000000081e+00,1.119259999999999922e+00,1.109900000000000109e+00,1.100540000000000074e+00,1.091180000000000039e+00,1.081830000000000069e+00,1.094910000000000050e+00,1.130849999999999911e+00,1.166740000000000110e+00,1.202599999999999891e+00,1.238469999999999960e+00,1.270329999999999959e+00,1.298289999999999944e+00,1.326240000000000085e+00,1.354190000000000005e+00,1.382130000000000081e+00,3.777900000000000147e-01,5.956799999999999873e-01,8.135799999999999699e-01,1.031470000000000109e+00,1.249349999999999961e+00,3.777900000000000147e-01,5.956799999999999873e-01,8.135799999999999699e-01,1.031470000000000109e+00,1.249349999999999961e+00
cd,1.053199999999999970e-01,9.224999999999999867e-02,3.358800000000000119e-01,3.540900000000000158e-01,3.572500000000000120e-01,3.358800000000000119e-01,6.490000000000000109e-03,1.294000000000000011e-02,1.967999999999999958e-02,2.238000000000000059e-02,3.760000000000000148e-02,7.479999999999999670e-03,-1.659000000000000058e-02,-2.068000000000000047e-02,-2.051000000000000045e-02,1.048800000000000010e-01,9.091000000000000469e-02,3.321399999999999908e-01,3.496600000000000263e-01,3.526599999999999735e-01,3.292200000000000126e-01,2.269999999999999882e-03,9.150000000000000147e-03,1.731999999999999859e-02,2.301999999999999880e-02,3.783999999999999864e-02,7.960000000000000062e-03,-1.585999999999999910e-02,-1.994999999999999898e-02,-1.999000000000000082e-02,-1.375999999999999966e-02,-8.909999999999999518e-03,-7.025000000000000688e-02,-4.508999999999999814e-02,-3.139000000000000123e-02,-1.468000000000000034e-02,-9.409999999999999962e-03,-7.156999999999999473e-02,-4.700000000000000011e-02,-3.166999999999999676e-02
cd*c/cref,1.530919599723947477e-01,1.247671561237411880e-01,4.203226044744618473e-01,4.073184481095097342e-01,3.748537428725536302e-01,3.276246125550262844e-01,6.027613536620502616e-03,1.141441486261030556e-02,1.644186616816418339e-02,1.765393877263864847e-02,2.755625238698265755e-02,4.993720811808612624e-03,-9.992966441536514643e-03,-1.110714989246015111e-02,-9.677685146100088731e-03,1.524523809523809503e-01,1.229548201973909155e-01,4.156423420571268013e-01,4.022225100002010389e-01,3.700375674217907251e-01,3.211283045890370169e-01,2.108271606799466680e-03,8.071243894349636530e-03,1.447017896507132341e-02,1.815878778132893820e-02,2.773214335966552382e-02,5.314173484224138377e-03,-9.553251824157268923e-03,-1.071506964964119915e-02,-9.432322090226269093e-03,-1.063597928266564810e-02,-6.466745311463547100e-03,-4.768329304776646599e-02,-2.849412953024181225e-02,-1.837429814334626613e-02,-1.134710580447178228e-02,-6.829637865417730914e-03,-4.857926382104833102e-02,-2.970113302109925191e-02,-1.853819758521109071e-02
cl,1.914539999999999909e+00,2.088480000000000114e+00,2.368119999999999781e+00,2.601189999999999891e+00,2.792819999999999858e+00,2.815049999999999830e+00,2.075990000000000002e+00,1.731859999999999955e+00,1.446269999999999945e+00,1.102729999999999988e+00,9.285799999999999610e-01,8.735800000000000232e-01,8.327299999999999702e-01,7.655800000000000383e-01,6.247399999999999620e-01,1.908600000000000074e+00,2.078110000000000124e+00,2.354769999999999808e+00,2.583590000000000053e+00,2.769489999999999785e+00,2.783799999999999830e+00,2.027649999999999952e+00,1.685060000000000002e+00,1.411329999999999973e+00,1.092610000000000081e+00,9.202299999999999924e-01,8.657299999999999995e-01,8.252300000000000191e-01,7.586899999999999755e-01,6.190200000000000147e-01,-1.340000000000000080e-01,-1.223299999999999943e-01,-1.875900000000000067e-01,-2.215399999999999869e-01,-1.541899999999999937e-01,-1.341199999999999892e-01,-1.350600000000000134e-01,-2.094100000000000128e-01,-2.300500000000000045e-01,-1.530700000000000116e-01
cl*c/cref,2.782953674948239975e+00,2.824647265271664320e+00,2.963482095117489834e+00,2.992212923375344058e+00,2.930438153028201764e+00,2.745860621570282767e+00,1.928084040968997881e+00,1.527679174958290753e+00,1.208301716617419475e+00,8.698627302391338523e-01,6.805368308910733077e-01,5.832105116015732227e-01,5.015939086715310857e-01,4.111901264347022078e-01,2.947848375511735730e-01,2.774319358178053641e+00,2.810621949184908708e+00,2.946775810820318142e+00,2.971967209893666251e+00,2.905958551009400814e+00,2.715378696054191909e+00,1.883188072038298966e+00,1.486396747170797505e+00,1.179110720483493857e+00,8.618798052892187034e-01,6.744172907998151612e-01,5.779697751881109902e-01,4.970762927395526165e-01,4.074895334579589634e-01,2.920858439365615622e-01,-1.035771238282846701e-01,-8.878529225043049755e-02,-1.273296646666264853e-01,-1.399997661594537812e-01,-9.025591050406372995e-02,-1.036698794615637242e-01,-9.802453667410401805e-02,-1.421403330552708233e-01,-1.453775670532741204e-01,-8.960031273660443163e-02
cmx,1.737100000000000033e-01,6.438899999999999624e-01,1.353560000000000096e+00,2.291879999999999917e+00,3.480760000000000076e+00,5.465360000000000440e+00,5.992009999999999614e+00,6.868330000000000268e+00,7.482759999999999856e+00,7.203470000000000262e+00,7.260419999999999874e+00,7.520539999999999559e+00,7.977000000000000313e+00,8.278340000000000032e+00,7.759739999999999860e+00,-1.732299999999999951e-01,-6.408399999999999652e-01,-1.346139999999999892e+00,-2.276520000000000099e+00,-3.451789999999999914e+00,-5.404080000000000439e+00,-5.849999999999999645e+00,-6.680290000000000283e+00,-7.300220000000000375e+00,-7.138279999999999959e+00,-7.195680000000000298e+00,-7.453660000000000174e+00,-7.906139999999999723e+00,-8.204869999999999663e+00,-7.689770000000000216e+00,4.055000000000000271e-02,-2.225999999999999854e-02,-1.435400000000000009e-01,-3.130700000000000149e-01,-3.355799999999999894e-01,-4.139999999999999930e-02,2.400000000000000050e-02,1.580300000000000038e-01,3.267999999999999794e-01,3.340600000000000236e-01
cmx*c/cref,2.525028899240855940e-01,8.708544624012543034e-01,1.693854544814971552e+00,2.636406012181149006e+00,3.652276876252119386e+00,5.331030286035900900e+00,5.565103326281265694e+00,6.058575582172506913e+00,6.251551752464036049e+00,5.682288575984777879e+00,5.321009732858952290e+00,5.020785710433040450e+00,4.804936305252367035e+00,4.446265147038131360e+00,3.661449075358298888e+00,-2.518051673567977544e-01,-8.667293694345615807e-01,-1.684569104404108675e+00,-2.618737025869866564e+00,-3.621879359300354650e+00,-5.271256449375867348e+00,-5.433210969064704798e+00,-5.892704904369938212e+00,-6.099046760068879358e+00,-5.630864971490214366e+00,-5.273563142977748974e+00,-4.976135971409810566e+00,-4.762253869927033811e+00,-4.406804687531407083e+00,-3.628433588782354224e+00,3.134367441221599243e-02,-1.615597650204024169e-02,-9.743003393703057735e-02,-1.978411428705434683e-01,-1.964334810749964744e-01,-3.200069348127600882e-02,1.741884258980080230e-02,1.072653494710111566e-01,2.065176653467071244e-01,1.955437412477302739e-01
cmy,-5.705400000000000471e-01,-6.603400000000000380e-01,-7.533800000000000496e-01,-8.956300000000000372e-01,-1.042380000000000084e+00,-1.107900000000000107e+00,-8.445200000000000484e-01,-7.040699999999999736e-01,-5.751100000000000101e-01,-3.963099999999999956e-01,-3.618700000000000250e-01,-4.238799999999999790e-01,-5.134699999999999820e-01,-5.885700000000000376e-01,-6.131400000000000183e-01,-5.684900000000000508e-01,-6.563499999999999890e-01,-7.488000000000000211e-01,-8.891400000000000414e-01,-1.032640000000000002e+00,-1.094340000000000090e+00,-8.183899999999999508e-01,-6.776400000000000201e-01,-5.538899999999999935e-01,-3.918300000000000116e-01,-3.580099999999999949e-01,-4.193700000000000205e-01,-5.080299999999999816e-01,-5.823800000000000088e-01,-6.067399999999999460e-01,5.376100000000000323e-01,5.483999999999999986e-01,9.723500000000000476e-01,1.205070000000000086e+00,9.203400000000000469e-01,5.363900000000000334e-01,5.993800000000000239e-01,1.062219999999999942e+00,1.247379999999999933e+00,9.140300000000000091e-01
cmy*c/cref,-8.293304865424431238e-01,-8.931029146314499734e-01,-9.427850534684115713e-01,-1.030265248045186821e+00,-1.093744001386962816e+00,-1.080669608936863257e+00,-7.843513380503461807e-01,-6.210623703491527925e-01,-4.804817912587857620e-01,-3.126198603657024955e-01,-2.652069428531227402e-01,-2.829864141322773752e-01,-3.092880336790689300e-01,-3.161187239944521776e-01,-2.893113539970652570e-01,-8.263506297446515658e-01,-8.877064815373173490e-01,-9.370536091177713578e-01,-1.022799641198818055e+00,-1.083524056094929966e+00,-1.067442891816921202e+00,-7.600829957218571131e-01,-5.977483838871133770e-01,-4.627533156445355345e-01,-3.090859173048705055e-01,-2.623780297091399261e-01,-2.799754942310398453e-01,-3.060112562564071825e-01,-3.127940983738366487e-01,-2.862915010016951478e-01,4.155529667262994331e-01,3.980205531769482885e-01,6.599978646974479224e-01,7.615307312709803655e-01,5.387257583066996647e-01,4.146099511212956168e-01,4.350210779781168435e-01,7.209985415117222685e-01,7.882680703799741506e-01,5.350321673132457656e-01
cmz,4.354000000000000231e-02,1.221300000000000024e-01,9.643999999999999795e-02,1.020699999999999941e-01,1.475499999999999867e-01,1.531700000000000006e-01,8.918500000000000316e-01,1.013479999999999936e+00,1.062820000000000098e+00,9.620900000000000007e-01,6.854999999999999982e-01,9.662199999999999678e-01,1.271269999999999900e+00,1.403699999999999948e+00,1.364209999999999923e+00,-4.324999999999999678e-02,-1.211200000000000054e-01,-9.578000000000000402e-02,-1.019100000000000006e-01,-1.471300000000000108e-01,-1.576200000000000101e-01,-8.846899999999999764e-01,-1.000639999999999974e+00,-1.047369999999999912e+00,-9.479499999999999593e-01,-6.755700000000000038e-01,-9.535700000000000287e-01,-1.254820000000000046e+00,-1.385599999999999943e+00,-1.347760000000000069e+00,5.295299999999999452e-01,6.462200000000000166e-01,1.218849999999999989e+00,1.245460000000000012e+00,9.752499999999999503e-01,-5.322700000000000209e-01,-7.763200000000000101e-01,-1.417440000000000033e+00,-1.321809999999999929e+00,-9.785500000000000309e-01
cmz*c/cref,6.328925120772946333e-02,1.651795423023578457e-01,1.206856971999437228e-01,1.174136349474361185e-01,1.548206291416242830e-01,1.494053290015879831e-01,8.283092654291209778e-01,8.939939084202698227e-01,8.879443191487936815e-01,7.589221605794421732e-01,5.023885907254418415e-01,6.450578773777697617e-01,7.657479474461797997e-01,7.539219682807694056e-01,6.437052585646612091e-01,-6.286771048999309497e-02,-1.638135279101087804e-01,-1.198597685380610872e-01,-1.172295830066936023e-01,-1.543799333487440584e-01,-1.537459551950793313e-01,-8.216593867045903776e-01,-8.826677038734447311e-01,-8.750364516539694826e-01,-7.477681527936910211e-01,-4.951111017306881190e-01,-6.366126142401522525e-01,-7.558393098353736184e-01,-7.442005266437515809e-01,-6.359432926624991600e-01,4.093074207521759100e-01,4.690168524325447619e-01,8.273136189504647353e-01,7.870547474991121950e-01,5.708676095666913586e-01,-4.114253410453811988e-01,-5.634414949714232623e-01,-9.621097067277735171e-01,-8.353032901833872259e-01,-5.727992815600984056e-01
cs,8.834999999999999798e-02,1.275699999999999890e-01,1.752599999999999991e-01,1.487199999999999911e-01,1.428500000000000048e-01,-1.237400000000000028e-01,-8.708000000000000462e-02,-5.994000000000000022e-02,-5.156000000000000166e-02,-6.833000000000000185e-02,-2.968600000000000128e-01,-2.315899999999999903e-01,-1.861899999999999944e-01,-1.359799999999999898e-01,-1.007900000000000046e-01,-8.773999999999999855e-02,-1.259299999999999864e-01,-1.725700000000000012e-01,-1.458299999999999874e-01,-1.398899999999999866e-01,1.217899999999999955e-01,8.368000000000000438e-02,5.777999999999999803e-02,5.011000000000000176e-02,6.736000000000000321e-02,2.939399999999999791e-01,2.294400000000000051e-01,1.846099999999999963e-01,1.349599999999999966e-01,1.001500000000000029e-01,1.324200000000000099e-01,1.427499999999999880e-01,2.401000000000000079e-01,2.319599999999999995e-01,1.644500000000000128e-01,-1.336499999999999910e-01,-1.718000000000000083e-01,-2.836699999999999777e-01,-2.465499999999999914e-01,-1.647000000000000131e-01
cs*c/cref,1.284245600414078703e-01,1.725370851675410433e-01,2.193216019417476015e-01,1.710762789201792922e-01,1.498890333641547390e-01,-1.206986708275543385e-01,-8.087589934806060921e-02,-5.287326328167400724e-02,-4.307635262350332367e-02,-5.390051994344945141e-02,-2.175624756276508531e-01,-1.546117383431492576e-01,-1.121513213833443962e-01,-7.303434440893283308e-02,-4.755796615677367056e-02,-1.275378709454796367e-01,-1.703190023920078677e-01,-2.159553169410440565e-01,-1.677518407405173828e-01,-1.467831773000462248e-01,1.187965986753502651e-01,7.771813570792043824e-02,5.096792046071278032e-02,4.186493463855219671e-02,5.313535816465322914e-02,2.154224687933425919e-01,1.531763774146213952e-01,1.111996102936742559e-01,7.248650626143239573e-02,4.725598085723666658e-02,1.023558413234437053e-01,1.036058241539193348e-01,1.629716535340744177e-01,1.465845705441315427e-01,9.626165433811065264e-02,-1.033065865645540621e-01,-1.246898815386573989e-01,-1.925454767097496134e-01,-1.558045605606812878e-01,-9.640799312548996303e-02
cx,-1.954799999999999871e-01,-2.356000000000000039e-01,-3.871999999999999748e-02,-5.718999999999999778e-02,-8.404000000000000359e-02,-1.086199999999999943e-01,-3.183500000000000218e-01,-2.581399999999999806e-01,-2.068099999999999938e-01,-1.504000000000000059e-01,-1.081300000000000039e-01,-1.292699999999999960e-01,-1.466600000000000126e-01,-1.401900000000000091e-01,-1.179899999999999977e-01,-1.949899999999999967e-01,-2.353000000000000091e-01,-4.032000000000000167e-02,-5.881000000000000116e-02,-8.493000000000000549e-02,-1.103100000000000053e-01,-3.149500000000000077e-01,-2.545700000000000185e-01,-2.036699999999999899e-01,-1.481800000000000062e-01,-1.065799999999999942e-01,-1.275699999999999890e-01,-1.447599999999999998e-01,-1.383900000000000130e-01,-1.165800000000000031e-01,7.369999999999999815e-03,1.034000000000000023e-02,-4.003999999999999920e-02,-9.879999999999999893e-03,-6.879999999999999831e-03,6.490000000000000109e-03,1.183000000000000024e-02,-3.792999999999999844e-02,-1.043000000000000003e-02,-7.329999999999999710e-03
cx*c/cref,-2.841475155279502562e-01,-3.186465255583026956e-01,-4.845448149711552299e-02,-6.578706556915715764e-02,-8.818112960394515476e-02,-1.059502959858489579e-01,-2.956688396584186695e-01,-2.277061091680234739e-01,-1.727816230812009579e-01,-1.186395170422186174e-01,-7.924621198416050005e-02,-8.630191033990632088e-02,-8.834047367786287963e-02,-7.529551950792981452e-02,-5.567382108183079048e-02,-2.834352570738440380e-01,-3.182407787091198204e-01,-5.045673279864922728e-02,-6.765059146917526411e-02,-8.911498497457237544e-02,-1.075987585177591577e-01,-2.925110760182784708e-01,-2.245570008944903773e-01,-1.701582765482723136e-01,-1.168883220433241665e-01,-7.811024945225029936e-02,-8.516697379176800531e-02,-8.719601097509498133e-02,-7.432874630645842917e-02,-5.500850971878831763e-02,5.696741810555656406e-03,7.504618015772511995e-03,-2.717778012288354569e-02,-6.243557324435332172e-03,-4.027243428678633184e-03,5.016533833175876485e-03,8.586037826555977664e-03,-2.574558441710721179e-02,-6.591123774682238444e-03,-4.290653245961392921e-03
cy,8.834999999999999798e-02,1.275699999999999890e-01,1.752599999999999991e-01,1.487199999999999911e-01,1.428500000000000048e-01,-1.237400000000000028e-01,-8.708000000000000462e-02,-5.994000000000000022e-02,-5.156000000000000166e-02,-6.833000000000000185e-02,-2.968600000000000128e-01,-2.315899999999999903e-01,-1.861899999999999944e-01,-1.359799999999999898e-01,-1.007900000000000046e-01,-8.773999999999999855e-02,-1.259299999999999864e-01,-1.725700000000000012e-01,-1.458299999999999874e-01,-1.398899999999999866e-01,1.217899999999999955e-01,8.368000000000000438e-02,5.777999999999999803e-02,5.011000000000000176e-02,6.736000000000000321e-02,2.939399999999999791e-01,2.294400000000000051e-01,1.846099999999999963e-01,1.349599999999999966e-01,1.001500000000000029e-01,1.324200000000000099e-01,1.427499999999999880e-01,2.401000000000000079e-01,2.319599999999999995e-01,1.644500000000000128e-01,-1.336499999999999910e-01,-1.718000000000000083e-01,-2.836699999999999777e-01,-2.465499999999999914e-01,-1.647000000000000131e-01
cy*c/cref,1.284245600414078703e-01,1.725370851675410433e-01,2.193216019417476015e-01,1.710762789201792922e-01,1.498890333641547390e-01,-1.206986708275543385e-01,-8.087589934806060921e-02,-5.287326328167400724e-02,-4.307635262350332367e-02,-5.390051994344945141e-02,-2.175624756276508531e-01,-1.546117383431492576e-01,-1.121513213833443962e-01,-7.303434440893283308e-02,-4.755796615677367056e-02,-1.275378709454796367e-01,-1.703190023920078677e-01,-2.159553169410440565e-01,-1.677518407405173828e-01,-1.467831773000462248e-01,1.187965986753502651e-01,7.771813570792043824e-02,5.096792046071278032e-02,4.186493463855219671e-02,5.313535816465322914e-02,2.154224687933425919e-01,1.531763774146213952e-01,1.111996102936742559e-01,7.248650626143239573e-02,4.725598085723666658e-02,1.023558413234437053e-01,1.036058241539193348e-01,1.629716535340744177e-01,1.465845705441315427e-01,9.626165433811065264e-02,-1.033065865645540621e-01,-1.246898815386573989e-01,-1.925454767097496134e-01,-1.558045605606812878e-01,-9.640799312548996303e-02
cz,1.907450000000000090e+00,2.077199999999999935e+00,2.391509999999999803e+00,2.624559999999999782e+00,2.814319999999999933e+00,2.832939999999999792e+00,2.051439999999999930e+00,1.712560000000000082e+00,1.431550000000000100e+00,1.092659999999999965e+00,9.230300000000000171e-01,8.639999999999999902e-01,8.198800000000000532e-01,7.529200000000000337e-01,6.138400000000000523e-01,1.901510000000000034e+00,2.066749999999999865e+00,2.377740000000000187e+00,2.606489999999999974e+00,2.790560000000000151e+00,2.801029999999999909e+00,2.003039999999999932e+00,1.665750000000000064e+00,1.396660000000000013e+00,1.082759999999999945e+00,9.148199999999999665e-01,8.563199999999999701e-01,8.125900000000000345e-01,7.462299999999999489e-01,6.082800000000000429e-01,-1.345000000000000084e-01,-1.222199999999999953e-01,-1.962700000000000000e-01,-2.258699999999999875e-01,-1.572000000000000064e-01,-1.347700000000000009e-01,-1.348699999999999899e-01,-2.180199999999999916e-01,-2.345700000000000007e-01,-1.561400000000000010e-01
cz*c/cref,2.772647731193926823e+00,2.809391183742386833e+00,2.992752506331785689e+00,3.019096009970049010e+00,2.952997580520881904e+00,2.763310914289734299e+00,1.905283129979162160e+00,1.510654584011739132e+00,1.196003735418467384e+00,8.619192466180225498e-01,6.764693521477819216e-01,5.768148103479466826e-01,4.938537267080745918e-01,4.043904882510201415e-01,2.896416504184339269e-01,2.764013414423740489e+00,2.795257668495849224e+00,2.975520631067961830e+00,2.998309643912440148e+00,2.928066789952227467e+00,2.732185210506743900e+00,1.860331435807754952e+00,1.469363335192667375e+00,1.166854512318505455e+00,8.541098635148445251e-01,6.704524151239221741e-01,5.716875675892982844e-01,4.894626040221914387e-01,4.007973145188847841e-01,2.870181531287061549e-01,-1.039636056336140923e-01,-8.870545588856057484e-02,-1.332213512666921562e-01,-1.427360620313976036e-01,-9.201782950411063755e-02,-1.041723058084919745e-01,-9.788663750360140914e-02,-1.479845060537230417e-01,-1.482339313353032151e-01,-9.139735304562235374e-02
Results_Name,VSPAERO_Comp_Load
Results_Timestamp,1758915291
Results_Date,9,26,2025
Results_Time,15,34,51
AoA,9.000000000000000000e+00,9.000000000000000000e+00,9.000000000000000000e+00,9.000000000000000000e+00,9.000000000000000000e+00,9.000000000000000000e+00,9.000000000000000000e+00,9.000000000000000000e+00,9.000000000000000000e+00
Beta,0.000000000000000000e+00,0.000000000000000000e+00,0.000000000000000000e+00,0.000000000000000000e+00,0.000000000000000000e+00,0.000000000000000000e+00,0.000000000000000000e+00,0.000000000000000000e+00,0.000000000000000000e+00
CDi,0.000000000000000000e+00,6.715000000000000135e-02,6.558999999999999553e-02,-2.510000000000000078e-03,-2.589999999999999854e-03,0.000000000000000000e+00,0.000000000000000000e+00,0.000000000000000000e+00,0.000000000000000000e+00
CFx,0.000000000000000000e+00,-9.125999999999999390e-02,-9.067000000000000060e-02,-5.500000000000000331e-04,-5.199999999999999544e-04,0.000000000000000000e+00,0.000000000000000000e+00,0.000000000000000000e+00,0.000000000000000000e+00
CFy,0.000000000000000000e+00,-7.369999999999999815e-03,7.020000000000000198e-03,1.374000000000000048e-02,-1.511000000000000017e-02,0.000000000000000000e+00,0.000000000000000000e+00,0.000000000000000000e+00,0.000000000000000000e+00
CFz,0.000000000000000000e+00,1.005460000000000020e+00,9.916899999999999604e-01,-1.259000000000000050e-02,-1.324999999999999963e-02,0.000000000000000000e+00,0.000000000000000000e+00,0.000000000000000000e+00,0.000000000000000000e+00
CL,0.000000000000000000e+00,1.007349999999999968e+00,9.936700000000000532e-01,-1.234999999999999987e-02,-1.299999999999999940e-02,0.000000000000000000e+00,0.000000000000000000e+00,0.000000000000000000e+00,0.000000000000000000e+00
Cmx,0.000000000000000000e+00,1.881200000000000094e-01,-1.848299999999999943e-01,-5.599999999999999509e-04,5.800000000000000034e-04,-0.000000000000000000e+00,0.000000000000000000e+00,-0.000000000000000000e+00,0.000000000000000000e+00
Cmy,0.000000000000000000e+00,-3.811700000000000088e-01,-3.746800000000000130e-01,4.166999999999999871e-02,4.352000000000000313e-02,1.345999999999999974e-02,1.335000000000000075e-02,-0.000000000000000000e+00,3.000000000000000076e-05
Cmz,0.000000000000000000e+00,2.152000000000000093e-02,-2.129999999999999949e-02,3.880000000000000202e-03,-4.250000000000000305e-03,-2.000000000000000164e-05,3.000000000000000076e-05,3.000000000000000076e-05,5.000000000000000240e-05
Comp_ID,0,1,2,3,4,5,6,7,8
Comp_Name,NONE,main_wing,main_wing,horizontal_tail,horizontal_tail,fuselage,fuselage,fuselage,fuselage
Cs,0.000000000000000000e+00,-7.369999999999999815e-03,7.020000000000000198e-03,1.374000000000000048e-02,-1.511000000000000017e-02,0.000000000000000000e+00,0.000000000000000000e+00,0.000000000000000000e+00,0.000000000000000000e+00
Mach,1.499999999999999944e-01,1.499999999999999944e-01,1.499999999999999944e-01,1.499999999999999944e-01,1.499999999999999944e-01,1.499999999999999944e-01,1.499999999999999944e-01,1.499999999999999944e-01,1.499999999999999944e-01
Results_Name,VSPAERO_Load
Results_Timestamp,1758915291
Results_Date,9,26,2025
Results_Time,15,34,51
AnalysisMethod,0
Chord,1.735549999999999926e+00,1.614840000000000053e+00,1.494150000000000089e+00,1.373459999999999903e+00,1.252809999999999979e+00,1.164630000000000054e+00,1.108910000000000062e+00,1.053209999999999980e+00,9.975199999999999623e-01,9.418400000000000105e-01,8.750400000000000400e-01,7.971099999999999852e-01,7.191899999999999959e-01,6.412799999999999612e-01,5.633799999999999919e-01,1.735549999999999926e+00,1.614840000000000053e+00,1.494150000000000089e+00,1.373459999999999903e+00,1.252809999999999979e+00,1.164630000000000054e+00,1.108910000000000062e+00,1.053209999999999980e+00,9.975199999999999623e-01,9.418400000000000105e-01,8.750400000000000400e-01,7.971099999999999852e-01,7.191899999999999959e-01,6.412799999999999612e-01,5.633799999999999919e-01,9.229000000000000536e-01,8.665699999999999514e-01,8.104299999999999837e-01,7.545199999999999685e-01,6.988999999999999657e-01,9.229000000000000536e-01,8.665699999999999514e-01,8.104299999999999837e-01,7.545199999999999685e-01,6.988999999999999657e-01
FC_AoA_,1.000000000000000000e+01
FC_Beta_,0.000000000000000000e+00
FC_Bref_,1.417173599999999922e+01
FC_Cref_,1.193975999999999926e+00
FC_Mach_,1.499999999999999944e-01
FC_Pitch_Rate,0.000000000000000000e+00
FC_Rho_,2.377000000000000206e-03
FC_Roll__Rate,0.000000000000000000e+00
FC_Sref_,1.619368700000000061e+01
FC_Vinf_,5.100000000000000000e+01
FC_Xcg_,1.774861999999999940e+00
FC_Yaw___Rate,0.000000000000000000e+00
FC_Ycg_,0.000000000000000000e+00
FC_Zcg_,7.545150000000000468e-01
S,3.314000000000000279e-02,8.981999999999999706e-02,1.368900000000000117e-01,1.839600000000000124e-01,2.310300000000000131e-01,2.997400000000000064e-01,4.117600000000000149e-01,5.454599999999999449e-01,6.791599999999999859e-01,8.128699999999999815e-01,9.157600000000000184e-01,9.578200000000000047e-01,9.698700000000000099e-01,9.819200000000000150e-01,9.939700000000000202e-01,3.314000000000000279e-02,8.981999999999999706e-02,1.368900000000000117e-01,1.839600000000000124e-01,2.310300000000000131e-01,2.997400000000000064e-01,4.117600000000000149e-01,5.454599999999999449e-01,6.791599999999999859e-01,8.128699999999999815e-01,9.157600000000000184e-01,9.578200000000000047e-01,9.698700000000000099e-01,9.819200000000000150e-01,9.939700000000000202e-01,1.020299999999999957e-01,3.035599999999999965e-01,5.025399999999999867e-01,7.015200000000000324e-01,9.005100000000000326e-01,1.020299999999999957e-01,3.035599999999999965e-01,5.025399999999999867e-01,7.015200000000000324e-01,9.005100000000000326e-01
V/Vref,9.806399999999999562e-01,9.884500000000000508e-01,9.846000000000000307e-01,9.878400000000000514e-01,1.001309999999999922e+00,1.008960000000000079e+00,1.012340000000000018e+00,1.005069999999999908e+00,9.997000000000000330e-01,9.973999999999999533e-01,1.017409999999999926e+00,1.016040000000000054e+00,1.016650000000000054e+00,1.016550000000000065e+00,1.019889999999999963e+00,9.810799999999999521e-01,9.887599999999999723e-01,9.848099999999999632e-01,9.880900000000000238e-01,1.001419999999999977e+00,1.009169999999999900e+00,1.012280000000000069e+00,1.004780000000000006e+00,9.994499999999999496e-01,9.971999999999999753e-01,1.017079999999999984e+00,1.015749999999999931e+00,1.016350000000000087e+00,1.016219999999999901e+00,1.019589999999999996e+00,9.520999999999999464e-01,9.576599999999999557e-01,1.011149999999999993e+00,1.004070000000000018e+00,1.003749999999999920e+00,9.542100000000000026e-01,9.599699999999999900e-01,1.009409999999999918e+00,1.002809999999999979e+00,1.006010000000000071e+00
WingId,1,1,1,1,1,1,1,1,1,1,1,1,1,1,1,2,2,2,2,2,2,2,2,2,2,2,2,2,2,2,3,3,3,3,3,4,4,4,4,4
Xavg,2.392879999999999896e+00,2.382319999999999993e+00,2.371750000000000025e+00,2.361190000000000122e+00,2.350620000000000154e+00,2.337899999999999867e+00,2.323770000000000113e+00,2.309619999999999784e+00,2.295469999999999899e+00,2.281299999999999883e+00,2.284749999999999837e+00,2.305000000000000160e+00,2.325239999999999974e+00,2.345470000000000166e+00,2.365699999999999914e+00,2.392879999999999896e+00,2.382319999999999993e+00,2.371750000000000025e+00,2.361190000000000122e+00,2.350620000000000154e+00,2.337899999999999867e+00,2.323770000000000113e+00,2.309619999999999784e+00,2.295469999999999899e+00,2.281299999999999883e+00,2.284749999999999837e+00,2.305000000000000160e+00,2.325239999999999974e+00,2.345470000000000166e+00,2.365699999999999914e+00,5.722059999999999924e+00,5.820210000000000328e+00,5.918350000000000222e+00,6.016490000000000116e+00,6.114630000000000010e+00,5.722059999999999924e+00,5.820210000000000328e+00,5.918350000000000222e+00,6.016490000000000116e+00,6.114630000000000010e+00
Yavg,1.718899999999999872e-01,5.195499999999999563e-01,8.671900000000000164e-01,1.214800000000000102e+00,1.562359999999999971e+00,2.228590000000000071e+00,3.216559999999999864e+00,4.204550000000000232e+00,5.192569999999999908e+00,6.180620000000000225e+00,6.716649999999999565e+00,6.791660000000000252e+00,6.866660000000000430e+00,6.941650000000000098e+00,7.016610000000000014e+00,-1.718899999999999872e-01,-5.195499999999999563e-01,-8.671900000000000164e-01,-1.214800000000000102e+00,-1.562359999999999971e+00,-2.228590000000000071e+00,-3.216559999999999864e+00,-4.204550000000000232e+00,-5.192569999999999908e+00,-6.180620000000000225e+00,-6.716649999999999565e+00,-6.791660000000000252e+00,-6.866660000000000430e+00,-6.941650000000000098e+00,-7.016610000000000014e+00,1.078800000000000037e-01,3.257399999999999740e-01,5.435900000000000176e-01,7.614400000000000057e-01,9.792699999999999738e-01,-1.078800000000000037e-01,-3.257399999999999740e-01,-5.435900000000000176e-01,-7.614400000000000057e-01,-9.792699999999999738e-01
Zavg,1.119259999999999922e+00,1.109900000000000109e+00,1.100540000000000074e+00,1.091180000000000039e+00,1.081830000000000069e+00,1.094910000000000050e+00,1.130849999999999911e+00,1.166740000000000110e+00,1.202599999999999891e+00,1.238469999999999960e+00,1.270329999999999959e+00,1.298289999999999944e+00,1.326240000000000085e+00,1.354190000000000005e+00,1.382130000000000081e+00,1.119259999999999922e+00,1.109900000000000109e+00,1.100540000000000074e+00,1.091180000000000039e+00,1.081830000000000069e+00,1.094910000000000050e+00,1.130849999999999911e+00,1.166740000000000110e+00,1.202599999999999891e+00,1.238469999999999960e+00,1.270329999999999959e+00,1.298289999999999944e+00,1.326240000000000085e+00,1.354190000000000005e+00,1.382130000000000081e+00,3.777900000000000147e-01,5.956799999999999873e-01,8.135799999999999699e-01,1.031470000000000109e+00,1.249349999999999961e+00,3.777900000000000147e-01,5.956799999999999873e-01,8.135799999999999699e-01,1.031470000000000109e+00,1.249349999999999961e+00
cd,1.242100000000000010e-01,1.072000000000000036e-01,3.492600000000000149e-01,3.653799999999999826e-01,3.663299999999999890e-01,3.422299999999999787e-01,1.190000000000000085e-02,1.818000000000000171e-02,2.538999999999999937e-02,2.842000000000000082e-02,4.524000000000000243e-02,1.064000000000000015e-02,-1.702000000000000041e-02,-2.134000000000000133e-02,-2.084000000000000088e-02,1.236799999999999983e-01,1.067599999999999938e-01,3.476000000000000201e-01,3.631300000000000083e-01,3.637900000000000023e-01,3.381000000000000116e-01,8.000000000000000167e-03,1.520999999999999956e-02,2.310999999999999860e-02,2.883000000000000146e-02,4.537000000000000061e-02,1.093000000000000048e-02,-1.652999999999999955e-02,-2.086999999999999966e-02,-2.055999999999999842e-02,-2.435000000000000012e-02,-1.209000000000000005e-02,-9.275999999999999523e-02,-8.000000000000000167e-02,-4.959000000000000213e-02,-2.511999999999999997e-02,-8.800000000000000530e-03,-8.466999999999999527e-02,-8.548000000000000043e-02,-5.251000000000000112e-02
cd*c/cref,1.805502501725327891e-01,1.449868741080223011e-01,4.370664309835374239e-01,4.203056131781542915e-01,3.843811662043458699e-01,3.338185398198958986e-01,1.105217274049059839e-02,1.603663540975698229e-02,2.121234664683377055e-02,2.241845129215327970e-02,3.315544835072062324e-02,7.103367571877491730e-03,-1.025197642163661743e-02,-1.146163339966632493e-02,-9.833396316173860854e-03,1.797798481711525009e-01,1.443917787292206822e-01,4.349890952581962345e-01,4.177173827614625301e-01,3.817160059331176081e-01,3.297900485436893736e-01,7.430032094447460746e-03,1.341678903093529614e-02,1.930749629808304127e-02,2.274187018834549628e-02,3.325072262759051073e-02,7.296974394795205550e-03,-9.956825514080685016e-03,-1.120919817483768434e-02,-9.701277747626416842e-03,-1.882166391954277415e-02,-8.774741954612154046e-03,-6.296230979517176973e-02,-5.055512003591362130e-02,-2.902776186456009280e-02,-1.941684589975008202e-02,-6.386908949593626990e-03,-5.747109498013360657e-02,-5.401814575837370763e-02,-3.073699890115044048e-02
cl,1.976169999999999982e+00,2.154030000000000111e+00,2.431859999999999911e+00,2.669500000000000206e+00,2.866420000000000190e+00,2.889730000000000132e+00,2.172109999999999985e+00,1.827760000000000051e+00,1.540529999999999955e+00,1.186309999999999976e+00,1.001970000000000027e+00,9.440600000000000103e-01,9.026999999999999469e-01,8.328600000000000447e-01,6.830500000000000460e-01,1.972820000000000018e+00,2.148320000000000007e+00,2.424420000000000019e+00,2.659390000000000143e+00,2.852599999999999802e+00,2.870460000000000012e+00,2.138710000000000111e+00,1.795819999999999972e+00,1.514210000000000056e+00,1.178730000000000055e+00,9.957399999999999585e-01,9.381399999999999739e-01,8.969700000000000450e-01,8.274599999999999733e-01,6.784299999999999775e-01,-1.833400000000000030e-01,-1.247299999999999937e-01,-5.208099999999999952e-01,-3.804699999999999749e-01,-2.172399999999999887e-01,-2.028999999999999970e-01,-1.197399999999999992e-01,-5.413999999999999924e-01,-4.105300000000000060e-01,-2.322099999999999997e-01
cl*c/cref,2.872538345410627691e+00,2.913302951818127262e+00,3.043246781342338725e+00,3.070791598826107194e+00,3.007664844351980893e+00,2.818705107891616102e+00,2.017355876583784013e+00,1.612272867796337827e+00,1.287052240246035151e+00,9.357928554677816813e-01,7.343228245793886888e-01,6.302636456679195920e-01,5.437402535729360942e-01,4.473259603208105117e-01,3.222985294511782617e-01,2.867668823326432026e+00,2.905580236788679382e+00,3.033936312790207257e+00,3.059161816820438418e+00,2.993163854214825115e+00,2.799908733341373690e+00,1.986335492589466067e+00,1.584098492934531421e+00,1.265062915167474156e+00,9.298135500211061055e-01,7.297569880801625386e-01,6.263113960414614656e-01,5.402887950009046536e-01,4.444256407163962863e-01,3.201185730701454624e-01,-1.417151483781918797e-01,-9.052717650941057015e-02,-3.535079836613131410e-01,-2.404338315008006655e-01,-1.271625526811259177e-01,-1.568343166026787971e-01,-8.690550882094782992e-02,-3.674837701930357414e-01,-2.594299178542952555e-01,-1.359253192693990475e-01
cmx,1.790299999999999947e-01,6.634299999999999642e-01,1.390179999999999971e+00,2.351010000000000044e+00,3.569469999999999921e+00,5.604110000000000369e+00,6.253730000000000011e+00,7.231550000000000367e+00,7.953079999999999927e+00,7.734750000000000014e+00,7.819399999999999906e+00,8.101630000000000109e+00,8.610979999999999634e+00,8.964470000000000383e+00,8.445230000000000459e+00,-1.787600000000000022e-01,-6.617699999999999694e-01,-1.386069999999999913e+00,-2.342229999999999812e+00,-3.552350000000000119e+00,-5.566169999999999618e+00,-6.155280000000000307e+00,-7.103110000000000035e+00,-7.815369999999999706e+00,-7.686119999999999841e+00,-7.771189999999999820e+00,-8.051220000000000709e+00,-8.556850000000000733e+00,-8.906850000000000378e+00,-8.388550000000000395e+00,5.616999999999999771e-02,1.072000000000000036e-02,-4.155200000000000005e-01,-5.361200000000000410e-01,-4.771900000000000031e-01,-6.205000000000000099e-02,-2.154000000000000012e-02,4.313299999999999912e-01,5.727700000000000014e-01,5.069700000000000317e-01
cmx*c/cref,2.602359817115251772e-01,8.972821071780338054e-01,1.739681071478823782e+00,2.704424707531809524e+00,3.745358123362613867e+00,5.466370035327344112e+00,5.808176826251114200e+00,6.378973091167662091e+00,6.644485619141422994e+00,6.101376359323805509e+00,5.730674465818409224e+00,5.408727050878744613e+00,5.186813391726467160e+00,4.814782978552332615e+00,3.984898923763962042e+00,-2.598435127674257883e-01,-8.950369746125550474e-01,-1.734537788448009099e+00,-2.694324857283563190e+00,-3.727394523424257144e+00,-5.429362539196767479e+00,-5.716740993788820724e+00,-6.265675761573097802e+00,-6.529434328998237724e+00,-6.063015722929104179e+00,-5.695342366680738344e+00,-5.375072844177772424e+00,-5.154208251673400909e+00,-4.783835494180787684e+00,-3.958154350673715793e+00,4.341736601070708690e-02,7.780416356777691660e-03,-2.820407391773369077e-01,-3.387951369206751440e-01,-2.793256237981333046e-01,-4.796239204138107171e-02,-1.563341122434621852e-02,2.927720254845994075e-01,3.619557012871280621e-01,2.967575001507568033e-01
cmy,-5.782699999999999507e-01,-6.705799999999999539e-01,-7.650799999999999823e-01,-9.116300000000000514e-01,-1.063420000000000032e+00,-1.132230000000000070e+00,-8.796699999999999520e-01,-7.409499999999999975e-01,-6.139099999999999557e-01,-4.317599999999999771e-01,-3.951700000000000212e-01,-4.645900000000000030e-01,-5.656999999999999806e-01,-6.513099999999999445e-01,-6.817499999999999671e-01,-5.774799999999999933e-01,-6.686100000000000376e-01,-7.626500000000000501e-01,-9.079300000000000148e-01,-1.057560000000000056e+00,-1.123539999999999983e+00,-8.607799999999999896e-01,-7.226900000000000546e-01,-5.974099999999999966e-01,-4.283000000000000140e-01,-3.922399999999999776e-01,-4.611299999999999844e-01,-5.614599999999999591e-01,-6.463600000000000456e-01,-6.764900000000000357e-01,7.526599999999999957e-01,5.245400000000000063e-01,2.711720000000000130e+00,2.112389999999999990e+00,1.310359999999999969e+00,8.307499999999999885e-01,4.837000000000000188e-01,2.779069999999999929e+00,2.272040000000000060e+00,1.395510000000000028e+00
cmy*c/cref,-8.405667270531399504e-01,-9.069524070835595086e-01,-9.574265161108767019e-01,-1.048670442119439494e+00,-1.115820762058868931e+00,-1.104401616866670821e+00,-8.169970415653245999e-01,-6.535943348107500217e-01,-5.128976656147191671e-01,-3.405837624876881797e-01,-2.896118153128706685e-01,-3.101648064115191672e-01,-3.407487110293674348e-01,-3.498161410279603256e-01,-3.216851218114936684e-01,-8.394183919944788741e-01,-9.042880027739251814e-01,-9.543855969466724654e-01,-1.044414240989768539e+00,-1.109672006472492090e+00,-1.095925203019156191e+00,-7.994528782823105972e-01,-6.374871311483648606e-01,-4.991125644066547462e-01,-3.378544225344563556e-01,-2.874644796880339581e-01,-3.078548767311905521e-01,-3.381947521558222314e-01,-3.471575147239140957e-01,-3.192031801309239136e-01,5.817787911984830806e-01,3.807033205022546940e-01,1.840622625245398769e+00,1.334901625158294580e+00,7.670259737214147888e-01,6.421395195548319501e-01,3.510622566952769641e-01,1.886337497654894335e+00,1.435790686579964781e+00,8.168689647028081202e-01
cmz,4.583000000000000268e-02,1.318900000000000072e-01,1.179800000000000015e-01,1.420899999999999941e-01,2.130100000000000049e-01,2.610299999999999843e-01,1.028610000000000024e+00,1.178080000000000016e+00,1.248299999999999965e+00,1.140819999999999945e+00,8.373199999999999532e-01,1.163129999999999997e+00,1.520690000000000097e+00,1.675689999999999902e+00,1.624419999999999975e+00,-4.571000000000000063e-02,-1.312699999999999978e-01,-1.173300000000000037e-01,-1.415599999999999914e-01,-2.122199999999999920e-01,-2.634400000000000075e-01,-1.025020000000000042e+00,-1.168649999999999967e+00,-1.236900000000000110e+00,-1.129829999999999890e+00,-8.295299999999999896e-01,-1.153370000000000006e+00,-1.507959999999999967e+00,-1.661790000000000100e+00,-1.612030000000000074e+00,7.518099999999999783e-01,1.252490000000000103e+00,3.488960000000000061e+00,2.167400000000000215e+00,1.413950000000000040e+00,-8.287600000000000522e-01,-1.462839999999999918e+00,-3.776879999999999793e+00,-2.272740000000000204e+00,-1.468769999999999909e+00
cmz*c/cref,6.661796928916494109e-02,1.783798397957748194e-01,1.476410053468411587e-01,1.634496266256607877e-01,2.235062162891046644e-01,2.546143045588856180e-01,9.553256640837002323e-01,1.039188088202777971e+00,1.042905565941023793e+00,8.999091345219669691e-01,6.136542885284126392e-01,7.765169101388972317e-01,9.159857828800580526e-01,9.000067699853262493e-01,7.664858754279818553e-01,-6.644353864734299508e-02,-1.775412963074634864e-01,-1.468275907555930959e-01,-1.628399545719511898e-01,-2.226772884882108339e-01,-2.569650706546865448e-01,-9.519914371813169573e-01,-1.030869855424229709e+00,-1.033381314197270306e+00,-8.912399304508633602e-01,-6.079451607067479779e-01,-7.700010391331149062e-01,-9.083178827715130410e-01,-8.925411324850751615e-01,-7.606396287697575476e-01,5.811217721294230643e-01,9.090385898041503099e-01,2.368186506931462709e+00,1.369664589572989977e+00,8.276629136599060743e-01,-6.406013219696209404e-01,-1.061707487252675053e+00,-2.563616738024884878e+00,-1.436233043880279059e+00,-8.597520829564412326e-01
cs,9.267999999999999849e-02,1.318499999999999950e-01,1.795100000000000029e-01,1.541700000000000015e-01,1.498200000000000087e-01,-1.253599999999999992e-01,-8.914999999999999314e-02,-6.292999999999999983e-02,-5.442000000000000309e-02,-7.496999999999999498e-02,-3.131999999999999784e-01,-2.394900000000000084e-01,-1.891500000000000126e-01,-1.336400000000000088e-01,-9.858000000000000096e-02,-9.231999999999999929e-02,-1.309500000000000108e-01,-1.779999999999999916e-01,-1.524399999999999922e-01,-1.480100000000000027e-01,1.238900000000000001e-01,8.662000000000000255e-02,6.142000000000000237e-02,5.333999999999999853e-02,7.427000000000000268e-02,3.109999999999999987e-01,2.378300000000000136e-01,1.878700000000000092e-01,1.327500000000000069e-01,9.800000000000000377e-02,1.843899999999999983e-01,2.732200000000000184e-01,6.837900000000000089e-01,3.975799999999999890e-01,2.363500000000000045e-01,-2.033800000000000052e-01,-3.206600000000000006e-01,-7.490799999999999681e-01,-4.193600000000000105e-01,-2.469600000000000128e-01
cs*c/cref,1.347185990338164163e-01,1.783257402158837379e-01,2.246400819614464972e-01,1.773455481517216270e-01,1.572024849745723707e-01,-1.222788538463084745e-01,-8.279842015249887222e-02,-5.551075172365273896e-02,-4.546577016623450096e-02,-5.913832840861122514e-02,-2.295377193511427549e-01,-1.598858552433214675e-01,-1.139342738044985953e-01,-7.177753924702004462e-02,-4.651517316930993406e-02,-1.341953071083505922e-01,-1.771084996683350843e-01,-2.227504572956240381e-01,-1.753554865424430398e-01,-1.553032959623979192e-01,1.208449840700315664e-01,8.044867250262988101e-02,5.417877595529559109e-02,4.456347263261573044e-02,5.858614980535623018e-02,2.279253854348831376e-01,1.587776230845511227e-01,1.131632673521075910e-01,7.129952360851474213e-02,4.624149899160452659e-02,1.425267601693836483e-01,1.982990071827239742e-01,4.641332235321313782e-01,2.512463077984817272e-01,1.383486895884004364e-01,-1.572053391357950414e-01,-2.327302527018968725e-01,-5.084498385227174122e-01,-2.650099392282592170e-01,-1.445593077247784020e-01
cx,-2.208400000000000085e-01,-2.684799999999999964e-01,-7.834000000000000685e-02,-1.037200000000000066e-01,-1.369799999999999907e-01,-1.647699999999999998e-01,-3.654600000000000071e-01,-2.994800000000000240e-01,-2.425100000000000033e-01,-1.780100000000000016e-01,-1.294399999999999995e-01,-1.534600000000000131e-01,-1.735200000000000076e-01,-1.656400000000000095e-01,-1.391300000000000037e-01,-2.207699999999999940e-01,-2.679199999999999915e-01,-7.867000000000000381e-02,-1.041900000000000048e-01,-1.370800000000000074e-01,-1.654899999999999982e-01,-3.634999999999999898e-01,-2.968700000000000228e-01,-2.401800000000000046e-01,-1.762900000000000023e-01,-1.282300000000000106e-01,-1.521399999999999975e-01,-1.720299999999999885e-01,-1.642399999999999971e-01,-1.380500000000000060e-01,7.860000000000000667e-03,9.749999999999999986e-03,-9.100000000000000016e-04,-1.272000000000000040e-02,-1.111000000000000008e-02,1.050000000000000065e-02,1.213000000000000016e-02,1.063000000000000056e-02,-1.289000000000000042e-02,-1.137999999999999949e-02
cx*c/cref,-3.210105244996549478e-01,-3.631163802287483700e-01,-9.803522935134376115e-02,-1.193116705863434407e-01,-1.437297850208044403e-01,-1.607202197531608645e-01,-3.394224411545961329e-01,-2.641722537136425020e-01,-2.026075693313768578e-01,-1.404190188077482360e-01,-9.486386460029348766e-02,-1.024513898101804543e-01,-1.045195622022553339e-01,-8.896461838428913749e-02,-6.564877300716262520e-02,-3.209087732919254643e-01,-3.623589861102736176e-01,-9.844819368228509282e-02,-1.198523231622746210e-01,-1.438347125905378443e-01,-1.614225233170516194e-01,-3.376020832914564673e-01,-2.618699644716477315e-01,-2.006609459486622948e-01,-1.390622370968930821e-01,-9.397708094635069676e-02,-1.015701449610377366e-01,-1.036220625037689164e-01,-8.821268367203360938e-02,-6.513917281419392968e-02,6.075493979778488762e-03,7.076404802106575284e-03,-6.176768209746260089e-04,-8.038264085710266835e-03,-6.503295711136572455e-03,8.116117911917828526e-03,8.803773358928488474e-03,7.215279787868434345e-03,-8.145693715786581773e-03,-6.661341601506227082e-03
cy,9.267999999999999849e-02,1.318499999999999950e-01,1.795100000000000029e-01,1.541700000000000015e-01,1.498200000000000087e-01,-1.253599999999999992e-01,-8.914999999999999314e-02,-6.292999999999999983e-02,-5.442000000000000309e-02,-7.496999999999999498e-02,-3.131999999999999784e-01,-2.394900000000000084e-01,-1.891500000000000126e-01,-1.336400000000000088e-01,-9.858000000000000096e-02,-9.231999999999999929e-02,-1.309500000000000108e-01,-1.779999999999999916e-01,-1.524399999999999922e-01,-1.480100000000000027e-01,1.238900000000000001e-01,8.662000000000000255e-02,6.142000000000000237e-02,5.333999999999999853e-02,7.427000000000000268e-02,3.109999999999999987e-01,2.378300000000000136e-01,1.878700000000000092e-01,1.327500000000000069e-01,9.800000000000000377e-02,1.843899999999999983e-01,2.732200000000000184e-01,6.837900000000000089e-01,3.975799999999999890e-01,2.363500000000000045e-01,-2.033800000000000052e-01,-3.206600000000000006e-01,-7.490799999999999681e-01,-4.193600000000000105e-01,-2.469600000000000128e-01
cy*c/cref,1.347185990338164163e-01,1.783257402158837379e-01,2.246400819614464972e-01,1.773455481517216270e-01,1.572024849745723707e-01,-1.222788538463084745e-01,-8.279842015249887222e-02,-5.551075172365273896e-02,-4.546577016623450096e-02,-5.913832840861122514e-02,-2.295377193511427549e-01,-1.598858552433214675e-01,-1.139342738044985953e-01,-7.177753924702004462e-02,-4.651517316930993406e-02,-1.341953071083505922e-01,-1.771084996683350843e-01,-2.227504572956240381e-01,-1.753554865424430398e-01,-1.553032959623979192e-01,1.208449840700315664e-01,8.044867250262988101e-02,5.417877595529559109e-02,4.456347263261573044e-02,5.858614980535623018e-02,2.279253854348831376e-01,1.587776230845511227e-01,1.131632673521075910e-01,7.129952360851474213e-02,4.624149899160452659e-02,1.425267601693836483e-01,1.982990071827239742e-01,4.641332235321313782e-01,2.512463077984817272e-01,1.383486895884004364e-01,-1.572053391357950414e-01,-2.327302527018968725e-01,-5.084498385227174122e-01,-2.650099392282592170e-01,-1.445593077247784020e-01
cz,1.967719999999999914e+00,2.139920000000000044e+00,2.455569999999999808e+00,2.692390000000000061e+00,2.886489999999999778e+00,2.905260000000000176e+00,2.141169999999999796e+00,1.803150000000000031e+00,1.521530000000000049e+00,1.173219999999999930e+00,9.946099999999999941e-01,9.315700000000000092e-01,8.860299999999999843e-01,8.165099999999999580e-01,6.690500000000000336e-01,1.964329999999999909e+00,2.134220000000000006e+00,2.447950000000000070e+00,2.682040000000000202e+00,2.872430000000000039e+00,2.885559999999999903e+00,2.107600000000000140e+00,1.771169999999999911e+00,1.495219999999999994e+00,1.165829999999999922e+00,9.884899999999999798e-01,9.257800000000000473e-01,8.804699999999999749e-01,8.112599999999999811e-01,6.645499999999999741e-01,-1.847799999999999998e-01,-1.249299999999999994e-01,-5.290099999999999802e-01,-3.885799999999999810e-01,-2.225499999999999978e-01,-2.041800000000000004e-01,-1.194400000000000045e-01,-5.478800000000000336e-01,-4.191400000000000126e-01,-2.378000000000000114e-01
cz*c/cref,2.860255521048999050e+00,2.894219325011558208e+00,3.072917642816941353e+00,3.097122529598584695e+00,3.028723807597472728e+00,2.833853405596092667e+00,1.988620227458508305e+00,1.590564309081589744e+00,1.271178487339779117e+00,9.254671155869129695e-01,7.289288347504473409e-01,6.219252000877739661e-01,5.336990992281251955e-01,4.385444370741120035e-01,3.156926010238061964e-01,2.855327855417529204e+00,2.886510134877083189e+00,3.063381920993387020e+00,3.085216669681802859e+00,3.013970991292957535e+00,2.814637599750748898e+00,1.957441955282183566e+00,1.562354650093469299e+00,1.249197516868010727e+00,9.196376871896922989e-01,7.244436149470342423e-01,6.180597397267617588e-01,5.303500399505517438e-01,4.357246819031538321e-01,3.135692668864365484e-01,-1.428282159775406124e-01,-9.067233353099225790e-02,-3.590738627074581135e-01,-2.455588567944414213e-01,-1.302707885250624642e-01,-1.578237100243221058e-01,-8.668777328857532605e-02,-3.718821721709649752e-01,-2.648709126481604281e-01,-1.391974545552004394e-01
Results_Name,VSPAERO_Comp_Load
Results_Timestamp,1758915291
Results_Date,9,26,2025
Results_Time,15,34,51
AoA,1.000000000000000000e+01,1.000000000000000000e+01,1.000000000000000000e+01,1.000000000000000000e+01,1.000000000000000000e+01,1.000000000000000000e+01,1.000000000000000000e+01,1.000000000000000000e+01,1.000000000000000000e+01
Beta,0.000000000000000000e+00,0.000000000000000000e+00,0.000000000000000000e+00,0.000000000000000000e+00,0.000000000000000000e+00,0.000000000000000000e+00,0.000000000000000000e+00,0.000000000000000000e+00,0.000000000000000000e+00
CDi,0.000000000000000000e+00,7.134999999999999676e-02,7.025000000000000688e-02,-3.830000000000000071e-03,-3.779999999999999940e-03,0.000000000000000000e+00,0.000000000000000000e+00,0.000000000000000000e+00,0.000000000000000000e+00
CFx,0.000000000000000000e+00,-1.117699999999999944e-01,-1.112599999999999978e-01,-5.000000000000000240e-05,2.000000000000000096e-04,0.000000000000000000e+00,0.000000000000000000e+00,0.000000000000000000e+00,0.000000000000000000e+00
CFy,0.000000000000000000e+00,-7.669999999999999735e-03,7.349999999999999763e-03,2.682999999999999968e-02,-2.937000000000000027e-02,0.000000000000000000e+00,0.000000000000000000e+00,0.000000000000000000e+00,0.000000000000000000e+00
CFz,0.000000000000000000e+00,1.044750000000000068e+00,1.035519999999999996e+00,-2.176000000000000156e-02,-2.292999999999999899e-02,0.000000000000000000e+00,0.000000000000000000e+00,0.000000000000000000e+00,0.000000000000000000e+00
CL,0.000000000000000000e+00,1.048280000000000101e+00,1.039109999999999978e+00,-2.142000000000000154e-02,-2.262000000000000122e-02,0.000000000000000000e+00,0.000000000000000000e+00,0.000000000000000000e+00,0.000000000000000000e+00
Cmx,0.000000000000000000e+00,1.973499999999999976e-01,-1.950600000000000112e-01,-1.010000000000000047e-03,1.049999999999999935e-03,0.000000000000000000e+00,-0.000000000000000000e+00,-1.000000000000000082e-05,0.000000000000000000e+00
Cmy,0.000000000000000000e+00,-3.939300000000000024e-01,-3.894799999999999929e-01,7.344000000000000528e-02,7.679999999999999327e-02,1.587999999999999828e-02,1.587999999999999828e-02,-1.000000000000000082e-05,1.600000000000000131e-04
Cmz,0.000000000000000000e+00,2.577000000000000124e-02,-2.561000000000000082e-02,7.700000000000000247e-03,-8.359999999999999376e-03,-2.000000000000000164e-05,2.000000000000000164e-05,1.000000000000000082e-05,3.000000000000000076e-05
Comp_ID,0,1,2,3,4,5,6,7,8
Comp_Name,NONE,main_wing,main_wing,horizontal_tail,horizontal_tail,fuselage,fuselage,fuselage,fuselage
Cs,0.000000000000000000e+00,-7.669999999999999735e-03,7.349999999999999763e-03,2.682999999999999968e-02,-2.937000000000000027e-02,0.000000000000000000e+00,0.000000000000000000e+00,0.000000000000000000e+00,0.000000000000000000e+00
Mach,1.499999999999999944e-01,1.499999999999999944e-01,1.499999999999999944e-01,1.499999999999999944e-01,1.499999999999999944e-01,1.499999999999999944e-01,1.499999999999999944e-01,1.499999999999999944e-01,1.499999999999999944e-01
Results_Name,VSPAERO_Load
Results_Timestamp,1758915291
Results_Date,9,26,2025
Results_Time,15,34,51
AnalysisMethod,0
Chord,1.735549999999999926e+00,1.614840000000000053e+00,1.494150000000000089e+00,1.373459999999999903e+00,1.252809999999999979e+00,1.164630000000000054e+00,1.108910000000000062e+00,1.053209999999999980e+00,9.975199999999999623e-01,9.418400000000000105e-01,8.750400000000000400e-01,7.971099999999999852e-01,7.191899999999999959e-01,6.412799999999999612e-01,5.633799999999999919e-01,1.735549999999999926e+00,1.614840000000000053e+00,1.494150000000000089e+00,1.373459999999999903e+00,1.252809999999999979e+00,1.164630000000000054e+00,1.108910000000000062e+00,1.053209999999999980e+00,9.975199999999999623e-01,9.418400000000000105e-01,8.750400000000000400e-01,7.971099999999999852e-01,7.191899999999999959e-01,6.412799999999999612e-01,5.633799999999999919e-01,9.229000000000000536e-01,8.665699999999999514e-01,8.104299999999999837e-01,7.545199999999999685e-01,6.988999999999999657e-01,9.229000000000000536e-01,8.665699999999999514e-01,8.104299999999999837e-01,7.545199999999999685e-01,6.988999999999999657e-01
FC_AoA_,1.100000000000000000e+01
FC_Beta_,0.000000000000000000e+00
FC_Bref_,1.417173599999999922e+01
FC_Cref_,1.193975999999999926e+00
FC_Mach_,1.499999999999999944e-01
FC_Pitch_Rate,0.000000000000000000e+00
FC_Rho_,2.377000000000000206e-03
FC_Roll__Rate,0.000000000000000000e+00
FC_Sref_,1.619368700000000061e+01
FC_Vinf_,5.100000000000000000e+01
FC_Xcg_,1.774861999999999940e+00
FC_Yaw___Rate,0.000000000000000000e+00
FC_Ycg_,0.000000000000000000e+00
FC_Zcg_,7.545150000000000468e-01
S,3.314000000000000279e-02,8.981999999999999706e-02,1.368900000000000117e-01,1.839600000000000124e-01,2.310300000000000131e-01,2.997400000000000064e-01,4.117600000000000149e-01,5.454599999999999449e-01,6.791599999999999859e-01,8.128699999999999815e-01,9.157600000000000184e-01,9.578200000000000047e-01,9.698700000000000099e-01,9.819200000000000150e-01,9.939700000000000202e-01,3.314000000000000279e-02,8.981999999999999706e-02,1.368900000000000117e-01,1.839600000000000124e-01,2.310300000000000131e-01,2.997400000000000064e-01,4.117600000000000149e-01,5.454599999999999449e-01,6.791599999999999859e-01,8.128699999999999815e-01,9.157600000000000184e-01,9.578200000000000047e-01,9.698700000000000099e-01,9.819200000000000150e-01,9.939700000000000202e-01,1.020299999999999957e-01,3.035599999999999965e-01,5.025399999999999867e-01,7.015200000000000324e-01,9.005100000000000326e-01,1.020299999999999957e-01,3.035599999999999965e-01,5.025399999999999867e-01,7.015200000000000324e-01,9.005100000000000326e-01
V/Vref,9.809900000000000286e-01,9.890400000000000302e-01,9.865800000000000125e-01,9.900799999999999601e-01,1.003689999999999971e+00,1.012110000000000065e+00,1.011200000000000099e+00,1.003470000000000084e+00,9.972900000000000098e-01,9.961600000000000454e-01,1.017320000000000002e+00,1.016110000000000069e+00,1.016880000000000006e+00,1.016850000000000032e+00,1.020310000000000050e+00,9.810900000000000176e-01,9.889599999999999502e-01,9.858200000000000296e-01,9.892800000000000482e-01,1.002590000000000092e+00,1.011069999999999913e+00,1.010189999999999921e+00,1.002439999999999998e+00,9.962100000000000399e-01,9.956800000000000095e-01,1.016629999999999923e+00,1.015509999999999913e+00,1.016259999999999941e+00,1.016170000000000018e+00,1.019760000000000000e+00,9.873199999999999754e-01,9.830900000000000194e-01,1.056939999999999991e+00,1.019570000000000087e+00,1.019069999999999920e+00,9.679299999999999571e-01,9.820699999999999985e-01,1.084419999999999940e+00,9.885800000000000143e-01,1.005260000000000042e+00
WingId,1,1,1,1,1,1,1,1,1,1,1,1,1,1,1,2,2,2,2,2,2,2,2,2,2,2,2,2,2,2,3,3,3,3,3,4,4,4,4,4
Xavg,2.392879999999999896e+00,2.382319999999999993e+00,2.371750000000000025e+00,2.361190000000000122e+00,2.350620000000000154e+00,2.337899999999999867e+00,2.323770000000000113e+00,2.309619999999999784e+00,2.295469999999999899e+00,2.281299999999999883e+00,2.284749999999999837e+00,2.305000000000000160e+00,2.325239999999999974e+00,2.345470000000000166e+00,2.365699999999999914e+00,2.392879999999999896e+00,2.382319999999999993e+00,2.371750000000000025e+00,2.361190000000000122e+00,2.350620000000000154e+00,2.337899999999999867e+00,2.323770000000000113e+00,2.309619999999999784e+00,2.295469999999999899e+00,2.281299999999999883e+00,2.284749999999999837e+00,2.305000000000000160e+00,2.325239999999999974e+00,2.345470000000000166e+00,2.365699999999999914e+00,5.722059999999999924e+00,5.820210000000000328e+00,5.918350000000000222e+00,6.016490000000000116e+00,6.114630000000000010e+00,5.722059999999999924e+00,5.820210000000000328e+00,5.918350000000000222e+00,6.016490000000000116e+00,6.114630000000000010e+00
Yavg,1.718899999999999872e-01,5.195499999999999563e-01,8.671900000000000164e-01,1.214800000000000102e+00,1.562359999999999971e+00,2.228590000000000071e+00,3.216559999999999864e+00,4.204550000000000232e+00,5.192569999999999908e+00,6.180620000000000225e+00,6.716649999999999565e+00,6.791660000000000252e+00,6.866660000000000430e+00,6.941650000000000098e+00,7.016610000000000014e+00,-1.718899999999999872e-01,-5.195499999999999563e-01,-8.671900000000000164e-01,-1.214800000000000102e+00,-1.562359999999999971e+00,-2.228590000000000071e+00,-3.216559999999999864e+00,-4.204550000000000232e+00,-5.192569999999999908e+00,-6.180620000000000225e+00,-6.716649999999999565e+00,-6.791660000000000252e+00,-6.866660000000000430e+00,-6.941650000000000098e+00,-7.016610000000000014e+00,1.078800000000000037e-01,3.257399999999999740e-01,5.435900000000000176e-01,7.614400000000000057e-01,9.792699999999999738e-01,-1.078800000000000037e-01,-3.257399999999999740e-01,-5.435900000000000176e-01,-7.614400000000000057e-01,-9.792699999999999738e-01
Zavg,1.119259999999999922e+00,1.109900000000000109e+00,1.100540000000000074e+00,1.091180000000000039e+00,1.081830000000000069e+00,1.094910000000000050e+00,1.130849999999999911e+00,1.166740000000000110e+00,1.202599999999999891e+00,1.238469999999999960e+00,1.270329999999999959e+00,1.298289999999999944e+00,1.326240000000000085e+00,1.354190000000000005e+00,1.382130000000000081e+00,1.119259999999999922e+00,1.109900000000000109e+00,1.100540000000000074e+00,1.091180000000000039e+00,1.081830000000000069e+00,1.094910000000000050e+00,1.130849999999999911e+00,1.166740000000000110e+00,1.202599999999999891e+00,1.238469999999999960e+00,1.270329999999999959e+00,1.298289999999999944e+00,1.326240000000000085e+00,1.354190000000000005e+00,1.382130000000000081e+00,3.777900000000000147e-01,5.956799999999999873e-01,8.135799999999999699e-01,1.031470000000000109e+00,1.249349999999999961e+00,3.777900000000000147e-01,5.956799999999999873e-01,8.135799999999999699e-01,1.031470000000000109e+00,1.249349999999999961e+00
cd,1.429300000000000015e-01,1.234100000000000058e-01,3.636900000000000133e-01,3.773699999999999832e-01,3.770100000000000118e-01,3.541500000000000203e-01,1.720999999999999960e-02,2.271000000000000102e-02,3.056000000000000036e-02,3.423999999999999960e-02,5.344999999999999751e-02,1.421000000000000041e-02,-1.711999999999999980e-02,-2.139999999999999888e-02,-2.026000000000000023e-02,1.411600000000000077e-01,1.213000000000000050e-01,3.602600000000000247e-01,3.738699999999999801e-01,3.736499999999999821e-01,3.506600000000000272e-01,1.549000000000000030e-02,2.059000000000000066e-02,2.827999999999999958e-02,3.416999999999999899e-02,5.330000000000000016e-02,1.420000000000000082e-02,-1.692000000000000101e-02,-2.120999999999999969e-02,-2.014000000000000165e-02,-1.071000000000000077e-02,1.568999999999999909e-02,-7.699999999999999900e-02,-7.434999999999999942e-02,-3.660000000000000059e-02,-8.099999999999999561e-04,6.686000000000000276e-02,5.296300000000000452e-01,-4.338000000000000189e-02,-5.599999999999999509e-04
cd*c/cref,2.077614302967563664e-01,1.669107288588715654e-01,4.551242349092444739e-01,4.340980054875474559e-01,3.955874306518724626e-01,3.454455654887536031e-01,1.598385654318009927e-02,2.003256271482843978e-02,2.553167835869397592e-02,2.700942196493062025e-02,3.917238537458039849e-02,9.486734322967966745e-03,-1.031221130072966334e-02,-1.149385917304870421e-02,-9.559722138468444708e-03,2.051885783298826871e-01,1.640569760196184945e-01,4.508319086815816279e-01,4.300718692838046420e-01,3.920618643088303323e-01,3.420413440471165578e-01,1.438639964287389585e-02,1.816250402018131094e-02,2.362682800994324664e-02,2.695420410460511867e-02,3.906245351665360577e-02,9.480058225625975776e-03,-1.019174154254356979e-02,-1.139181089067116924e-02,-9.503099894805256895e-03,-8.278440270156185374e-03,1.138756834308227335e-02,-5.226496177477604754e-02,-4.698466468337721830e-02,-2.142399847233110097e-02,-6.261005246336610441e-04,4.852599231475340086e-02,3.594946974646057170e-01,-2.741351383947416079e-02,-3.277988837296561529e-04
cl,2.042139999999999844e+00,2.225979999999999848e+00,2.503829999999999778e+00,2.747209999999999930e+00,2.950930000000000053e+00,2.980100000000000193e+00,2.264460000000000139e+00,1.921620000000000106e+00,1.631059999999999954e+00,1.266350000000000087e+00,1.074310000000000098e+00,1.014170000000000016e+00,9.731600000000000250e-01,9.019700000000000495e-01,7.443199999999999816e-01,2.038850000000000051e+00,2.219489999999999963e+00,2.495400000000000063e+00,2.736679999999999779e+00,2.937790000000000123e+00,2.964010000000000034e+00,2.243630000000000013e+00,1.899170000000000025e+00,1.609990000000000032e+00,1.258899999999999908e+00,1.068179999999999907e+00,1.008320000000000105e+00,9.675399999999999556e-01,8.965899999999999981e-01,7.399099999999999566e-01,-8.112999999999999379e-02,1.039100000000000024e-01,-7.346999999999999365e-02,-3.032400000000000095e-01,-1.542300000000000060e-01,8.359999999999999376e-03,5.626799999999999580e-01,4.633099999999999996e-01,-1.956900000000000028e-01,1.169000000000000074e-02
cl*c/cref,2.968431590752242499e+00,3.010614571147158802e+00,3.133310547699451387e+00,3.160183325795493214e+00,3.096339133533672960e+00,2.906853959376068275e+00,2.103126309574061992e+00,1.695067070192365799e+00,1.362686495540948783e+00,9.989305346171113431e-01,7.873392952622164653e-01,6.770697641326124394e-01,5.861817493818971547e-01,4.844446802950813646e-01,3.512089033615415912e-01,2.963649283988957883e+00,3.001836914309835791e+00,3.122761186154495938e+00,3.148070407445375363e+00,3.082551650870704929e+00,2.891159425566343089e+00,2.083780363508144440e+00,1.675263854298578936e+00,1.345083339028590119e+00,9.930537766253257903e-01,7.828467466682748066e-01,6.731642471875481926e-01,5.827965491768678508e-01,4.815551026151279612e-01,3.491280359069193762e-01,-6.271053773275174492e-02,7.541633056275838520e-02,-4.986891872198435938e-02,-1.916291824961305901e-01,-9.027932471004442017e-02,6.461975785107908384e-03,4.083847645178797503e-01,3.144789537645648059e-01,-1.236641429978492107e-01,6.842801697856573662e-03
cmx,1.846899999999999931e-01,6.848300000000000498e-01,1.431070000000000064e+00,2.417510000000000048e+00,3.670440000000000147e+00,5.773740000000000094e+00,6.500750000000000028e+00,7.582230000000000025e+00,8.399219999999999686e+00,8.239020000000000010e+00,8.366310000000000358e+00,8.673849999999999838e+00,9.241939999999999600e+00,9.662399999999999878e+00,9.160840000000000316e+00,-1.844000000000000083e-01,-6.828100000000000280e-01,-1.426220000000000043e+00,-2.408079999999999998e+00,-3.653869999999999951e+00,-5.742119999999999891e+00,-6.439829999999999721e+00,-7.492070000000000007e+00,-8.288650000000000517e+00,-8.190730000000000288e+00,-8.318509999999999849e+00,-8.623590000000000089e+00,-9.188459999999999184e+00,-9.604340000000000543e+00,-9.106370000000000076e+00,2.653000000000000150e-02,9.543999999999999706e-02,-9.417999999999999983e-02,-3.969199999999999950e-01,-3.331799999999999762e-01,-8.599999999999999789e-04,-2.557200000000000029e-01,-4.340100000000000069e-01,1.984000000000000000e-02,-2.289000000000000062e-02
cmx*c/cref,2.684632936507936329e-01,9.262253824197472785e-01,1.790851106303644524e+00,2.780921295402922766e+00,3.851303490522423267e+00,5.631830804136766844e+00,6.037597642247416019e+00,6.688309026563348247e+00,7.017218046593900915e+00,6.499157936842951955e+00,6.131493348610023375e+00,5.790746692982103205e+00,5.566871384851957316e+00,5.189638545498401534e+00,4.322560955329085353e+00,-2.680417529330572646e-01,-9.234933536352490924e-01,-1.784781782045870457e+00,-2.770073734145409805e+00,-3.833916992217599518e+00,-5.600987972622565536e+00,-5.981017947848198624e+00,-6.608778605851374444e+00,-6.924841159286284409e+00,-6.461065501484117846e+00,-6.096461729884018688e+00,-5.757192627741261504e+00,-5.534657771512994984e+00,-5.158454738788719851e+00,-4.296859175226303229e+00,2.050672459077904769e-02,6.926893069877451681e-02,-6.392615714218712053e-02,-2.508292280581854161e-01,-1.950286287161550891e-01,-6.647487051666030062e-04,-1.855977677943275450e-01,-2.945911176606565429e-01,1.253766976890657858e-02,-1.339877937244969737e-02
cmy,-5.882800000000000251e-01,-6.834500000000000020e-01,-7.802999999999999936e-01,-9.318100000000000271e-01,-1.089530000000000109e+00,-1.166120000000000045e+00,-9.124299999999999633e-01,-7.769099999999999895e-01,-6.511700000000000266e-01,-4.660199999999999898e-01,-4.285900000000000265e-01,-5.058799999999999963e-01,-6.193600000000000216e-01,-7.172800000000000287e-01,-7.555100000000000149e-01,-5.869100000000000428e-01,-6.805900000000000283e-01,-7.769000000000000350e-01,-9.274499999999999966e-01,-1.083700000000000108e+00,-1.158919999999999950e+00,-9.016800000000000370e-01,-7.644199999999999884e-01,-6.384699999999999820e-01,-4.625799999999999912e-01,-4.257000000000000228e-01,-5.024899999999999922e-01,-6.152800000000000491e-01,-7.124000000000000332e-01,-7.505699999999999594e-01,3.216100000000000070e-01,-5.314400000000000235e-01,1.988199999999999967e-01,1.654150000000000009e+00,9.184999999999999831e-01,-5.863999999999999768e-02,-2.780440000000000023e+00,-2.828129999999999811e+00,1.153380000000000072e+00,-9.549000000000000543e-02
cmy*c/cref,-8.551171497584540981e-01,-9.243589469135058412e-01,-9.764729316167160000e-01,-1.071883993145590797e+00,-1.143217350516258612e+00,-1.137458655450360956e+00,-8.474230229920869384e-01,-6.853147643671230194e-01,-5.440269305245666320e-01,-3.676089609841404204e-01,-3.141046332589600421e-01,-3.377304123365963973e-01,-3.730707471506965467e-01,-3.852483788618866756e-01,-3.564889275831339965e-01,-8.531257332643202851e-01,-9.204908269512955821e-01,-9.722181476009569279e-01,-1.066868577760357040e+00,-1.137100073200801642e+00,-1.130435619811453574e+00,-8.374389173651732854e-01,-6.742972959255463250e-01,-5.334165798977533735e-01,-3.648953975624300572e-01,-3.119866127962371838e-01,-3.354672153376617172e-01,-3.706131640837002084e-01,-3.826273492934531562e-01,-3.541579785523327195e-01,2.485928268239897820e-01,-3.857112377468224218e-01,1.349522038968957727e-01,1.045321897592581539e+00,5.376487048315878869e-01,-4.532658612903442408e-02,-2.018001945432739141e+00,-1.919637744728537321e+00,7.288658043377757023e-01,-5.589556322740155819e-02
cmz,4.843000000000000083e-02,1.424499999999999933e-01,1.412700000000000067e-01,1.853400000000000047e-01,2.825099999999999834e-01,3.677799999999999958e-01,1.172700000000000076e+00,1.357089999999999907e+00,1.449510000000000076e+00,1.335110000000000019e+00,1.003400000000000070e+00,1.376929999999999987e+00,1.790790000000000104e+00,1.970059999999999922e+00,1.904989999999999961e+00,-4.832999999999999796e-02,-1.421499999999999986e-01,-1.414199999999999902e-01,-1.858700000000000074e-01,-2.828300000000000258e-01,-3.689600000000000102e-01,-1.167049999999999921e+00,-1.348989999999999911e+00,-1.440779999999999950e+00,-1.326549999999999896e+00,-9.971900000000000208e-01,-1.369089999999999918e+00,-1.780210000000000070e+00,-1.958560000000000079e+00,-1.894320000000000004e+00,3.296200000000000241e-01,7.981200000000000516e-01,1.424579999999999957e+00,1.255190000000000028e+00,9.364400000000000501e-01,3.980000000000000204e-02,-1.099059999999999926e+00,4.102820000000000356e+00,3.008760000000000101e+00,7.750999999999999557e-02
cmz*c/cref,7.039729986197378053e-02,1.926621288870128124e-01,1.767862758547910917e-01,2.132011668576252739e-01,2.964308772538141734e-01,3.587405621218517360e-01,1.089149829644817213e+00,1.197093374489939466e+00,1.211008609218275689e+00,1.053170249988274465e+00,7.353708416249574720e-01,9.192518713106461181e-01,1.078680191310378289e+00,1.058111785161510721e+00,8.988733996328234221e-01,-7.025194099378881396e-02,-1.922563820378299093e-01,-1.769739869143098498e-01,-2.138108389113348995e-01,-2.967666454769610773e-01,-3.598915596293393304e-01,-1.083902369478113581e+00,-1.189948338911335002e+00,-1.203715037488190642e+00,-1.046417894497041701e+00,-7.308196627067882201e-01,-9.140178109945258367e-01,-1.072307341102333833e+00,-1.051935178596554721e+00,-8.938387384671049318e-01,2.547842653453671335e-01,5.792636103238256728e-01,9.669560940923436210e-01,7.932035139734802121e-01,5.481499762139272480e-01,3.076395170422186603e-02,-7.976813806977695043e-01,2.784853642451774913e+00,1.901352786990693433e+00,4.537087763908152077e-02
cs,9.735000000000000597e-02,1.366700000000000137e-01,1.844800000000000051e-01,1.604399999999999993e-01,1.577600000000000113e-01,-1.282300000000000106e-01,-9.186999999999999333e-02,-6.558999999999999553e-02,-5.723999999999999921e-02,-8.182000000000000384e-02,-3.274799999999999933e-01,-2.454800000000000038e-01,-1.903799999999999937e-01,-1.296899999999999997e-01,-9.539000000000000257e-02,-9.697000000000000064e-02,-1.356999999999999873e-01,-1.830499999999999905e-01,-1.591100000000000014e-01,-1.564500000000000057e-01,1.273700000000000110e-01,9.056999999999999773e-02,6.454000000000000015e-02,5.634000000000000119e-02,8.107999999999999929e-02,3.251399999999999846e-01,2.435900000000000010e-01,1.888799999999999923e-01,1.284200000000000064e-01,9.458999999999999353e-02,8.316999999999999393e-02,1.791300000000000114e-01,3.287100000000000022e-01,2.399999999999999911e-01,1.597899999999999876e-01,3.789999999999999966e-03,-2.143700000000000050e-01,7.225800000000000001e-01,5.121400000000000396e-01,9.350000000000000672e-03
cs*c/cref,1.415068581780538348e-01,1.848447395927556580e-01,2.308595750668355484e-01,1.845580835795694319e-01,1.655337340114039490e-01,-1.250783138857062549e-01,-8.532463106461100899e-02,-5.785714612354016934e-02,-4.782176928179460856e-02,-6.454179045474951748e-02,-2.400032322257734108e-01,-1.638848375511735567e-01,-1.146751628173430654e-01,-6.965600916601338843e-02,-4.500996519193015827e-02,-1.409544944789510035e-01,-1.835328247803975910e-01,-2.290700629660897825e-01,-1.830281518221471837e-01,-1.641591828478964621e-01,1.242394512955034419e-01,8.411725084926330309e-02,5.693093780779513724e-02,4.706985467044563776e-02,6.395805878845135795e-02,2.382882952421154499e-01,1.626230551535374214e-01,1.137716396309473577e-01,6.897389696275302295e-02,4.463248356750889462e-02,6.428738349849578981e-02,1.300098863796257387e-01,2.231170855193069513e-01,1.516653601077408708e-01,9.353389934136029094e-02,2.929532084397006627e-03,-1.555865535823165724e-01,4.904625464833464732e-01,3.236412396899100430e-01,5.473070647986224592e-03
cx,-2.493599999999999983e-01,-3.035900000000000265e-01,-1.207499999999999962e-01,-1.537499999999999978e-01,-1.929800000000000126e-01,-2.209800000000000098e-01,-4.151799999999999935e-01,-3.443700000000000094e-01,-2.812200000000000255e-01,-2.080200000000000105e-01,-1.525199999999999889e-01,-1.795700000000000074e-01,-2.024900000000000033e-01,-1.931100000000000039e-01,-1.619099999999999984e-01,-2.504600000000000160e-01,-3.044299999999999784e-01,-1.225099999999999939e-01,-1.551800000000000124e-01,-1.937699999999999978e-01,-2.213400000000000090e-01,-4.128999999999999893e-01,-3.421699999999999742e-01,-2.794400000000000217e-01,-2.066600000000000104e-01,-1.514999999999999958e-01,-1.784499999999999975e-01,-2.012200000000000100e-01,-1.918999999999999873e-01,-1.609500000000000097e-01,4.969999999999999592e-03,-4.429999999999999910e-03,-6.155999999999999667e-02,-1.512999999999999935e-02,-6.499999999999999702e-03,-2.390000000000000197e-03,-4.173000000000000320e-02,4.314999999999999947e-01,-5.239999999999999866e-03,-2.779999999999999919e-03
cx*c/cref,-3.624668737060041113e-01,-4.106022864781202486e-01,-1.511074029126213691e-01,-1.768624118072724960e-01,-2.024892240715056579e-01,-2.155486688174636789e-01,-3.856000906215870661e-01,-3.037698644696376071e-01,-2.349482522261754081e-01,-1.640917043558664801e-01,-1.117787131399626266e-01,-1.198826799701166596e-01,-1.219696066755110719e-01,-1.037186516311885687e-01,-7.639756226255804694e-02,-3.640658212560386464e-01,-4.117383776558322661e-01,-1.533098793443084251e-01,-1.785073760276588428e-01,-2.033181518723994607e-01,-2.158998205994090702e-01,-3.834825314746695413e-01,-3.018292375223622370e-01,-2.334611322170629943e-01,-1.630189002123995923e-01,-1.110311765060604389e-01,-1.191349570678137543e-01,-1.212046237110293856e-01,-1.030687652013105721e-01,-7.594458431325253056e-02,3.841629144974438321e-03,-3.215228028034064316e-03,-4.178481879032744373e-02,-9.561237076792163114e-03,-3.804808471862080894e-03,-1.847383029474629519e-03,-3.028701255301614534e-02,2.928874156599463041e-01,-3.311360362352341880e-03,-1.627287315657936035e-03
cy,9.735000000000000597e-02,1.366700000000000137e-01,1.844800000000000051e-01,1.604399999999999993e-01,1.577600000000000113e-01,-1.282300000000000106e-01,-9.186999999999999333e-02,-6.558999999999999553e-02,-5.723999999999999921e-02,-8.182000000000000384e-02,-3.274799999999999933e-01,-2.454800000000000038e-01,-1.903799999999999937e-01,-1.296899999999999997e-01,-9.539000000000000257e-02,-9.697000000000000064e-02,-1.356999999999999873e-01,-1.830499999999999905e-01,-1.591100000000000014e-01,-1.564500000000000057e-01,1.273700000000000110e-01,9.056999999999999773e-02,6.454000000000000015e-02,5.634000000000000119e-02,8.107999999999999929e-02,3.251399999999999846e-01,2.435900000000000010e-01,1.888799999999999923e-01,1.284200000000000064e-01,9.458999999999999353e-02,8.316999999999999393e-02,1.791300000000000114e-01,3.287100000000000022e-01,2.399999999999999911e-01,1.597899999999999876e-01,3.789999999999999966e-03,-2.143700000000000050e-01,7.225800000000000001e-01,5.121400000000000396e-01,9.350000000000000672e-03
cy*c/cref,1.415068581780538348e-01,1.848447395927556580e-01,2.308595750668355484e-01,1.845580835795694319e-01,1.655337340114039490e-01,-1.250783138857062549e-01,-8.532463106461100899e-02,-5.785714612354016934e-02,-4.782176928179460856e-02,-6.454179045474951748e-02,-2.400032322257734108e-01,-1.638848375511735567e-01,-1.146751628173430654e-01,-6.965600916601338843e-02,-4.500996519193015827e-02,-1.409544944789510035e-01,-1.835328247803975910e-01,-2.290700629660897825e-01,-1.830281518221471837e-01,-1.641591828478964621e-01,1.242394512955034419e-01,8.411725084926330309e-02,5.693093780779513724e-02,4.706985467044563776e-02,6.395805878845135795e-02,2.382882952421154499e-01,1.626230551535374214e-01,1.137716396309473577e-01,6.897389696275302295e-02,4.463248356750889462e-02,6.428738349849578981e-02,1.300098863796257387e-01,2.231170855193069513e-01,1.516653601077408708e-01,9.353389934136029094e-02,2.929532084397006627e-03,-1.555865535823165724e-01,4.904625464833464732e-01,3.236412396899100430e-01,5.473070647986224592e-03
cz,2.031890000000000196e+00,2.208629999999999871e+00,2.527229999999999865e+00,2.768740000000000201e+00,2.968640000000000168e+00,2.992919999999999803e+00,2.226140000000000008e+00,1.890649999999999942e+00,1.606919999999999904e+00,1.249619999999999953e+00,1.064780000000000060e+00,9.982499999999999707e-01,9.520100000000000229e-01,8.813199999999999923e-01,7.267799999999999816e-01,2.028329999999999966e+00,2.201849999999999863e+00,2.518289999999999917e+00,2.757740000000000080e+00,2.955119999999999969e+00,2.976459999999999884e+00,2.205360000000000209e+00,1.868200000000000083e+00,1.585809999999999942e+00,1.242289999999999894e+00,1.058729999999999949e+00,9.925000000000000488e-01,9.465400000000000480e-01,8.760700000000000154e-01,7.224699999999999456e-01,-8.168999999999999873e-02,1.049900000000000000e-01,-8.680999999999999828e-02,-3.118600000000000261e-01,-1.583799999999999930e-01,8.059999999999999457e-03,5.651000000000000467e-01,5.558499999999999552e-01,-2.003699999999999926e-01,1.136999999999999990e-02
cz*c/cref,2.953532306763285042e+00,2.987148878369414451e+00,3.162593472984381648e+00,3.184949815071659973e+00,3.114921806133457149e+00,2.919358864499788986e+00,2.067536455841658682e+00,1.667748335393676395e+00,1.342518474743210843e+00,9.857334659993165493e-01,7.803549578886009863e-01,6.664414171641640516e-01,5.734420724537176994e-01,4.733536432893123425e-01,3.429326187461054221e-01,2.948357531055900260e+00,2.977978999577881147e+00,3.151405893837062155e+00,3.172296244145611066e+00,3.100735598705501861e+00,2.903303424691953794e+00,2.048236947476331782e+00,1.647945119499889755e+00,1.324881899803681096e+00,9.799513671966605388e-01,7.759210396188869208e-01,6.626026611925197596e-01,5.701472245673280259e-01,4.705338881183541710e-01,3.408989364945358980e-01,-6.314339735472070114e-02,7.620017847929941301e-02,-5.892365365802998411e-02,-1.970764966800002960e-01,-9.270854858054097813e-02,6.230086701910256611e-03,4.101411644790180500e-01,3.772919350975229014e-01,-1.266216175199501581e-01,6.655488050011055395e-03
Results_Name,VSPAERO_Comp_Load
Results_Timestamp,1758915291
Results_Date,9,26,2025
Results_Time,15,34,51
AoA,1.100000000000000000e+01,1.100000000000000000e+01,1.100000000000000000e+01,1.100000000000000000e+01,1.100000000000000000e+01,1.100000000000000000e+01,1.100000000000000000e+01,1.100000000000000000e+01,1.100000000000000000e+01
Beta,0.000000000000000000e+00,0.000000000000000000e+00,0.000000000000000000e+00,0.000000000000000000e+00,0.000000000000000000e+00,0.000000000000000000e+00,0.000000000000000000e+00,0.000000000000000000e+00,0.000000000000000000e+00
CDi,0.000000000000000000e+00,7.599999999999999811e-02,7.489999999999999436e-02,-2.650000000000000012e-03,8.519999999999999796e-03,0.000000000000000000e+00,0.000000000000000000e+00,0.000000000000000000e+00,0.000000000000000000e+00
CFx,0.000000000000000000e+00,-1.335300000000000098e-01,-1.332399999999999973e-01,-1.229999999999999974e-03,5.749999999999999903e-03,0.000000000000000000e+00,0.000000000000000000e+00,0.000000000000000000e+00,0.000000000000000000e+00
CFy,0.000000000000000000e+00,-7.939999999999999142e-03,7.769999999999999997e-03,1.489000000000000046e-02,1.502000000000000036e-02,0.000000000000000000e+00,0.000000000000000000e+00,0.000000000000000000e+00,0.000000000000000000e+00
CFz,0.000000000000000000e+00,1.085250000000000048e+00,1.077990000000000004e+00,-7.570000000000000340e-03,1.507000000000000006e-02,0.000000000000000000e+00,0.000000000000000000e+00,0.000000000000000000e+00,0.000000000000000000e+00
CL,0.000000000000000000e+00,1.090789999999999926e+00,1.083609999999999962e+00,-7.199999999999999803e-03,1.370000000000000037e-02,0.000000000000000000e+00,0.000000000000000000e+00,0.000000000000000000e+00,0.000000000000000000e+00
Cmx,0.000000000000000000e+00,2.064999999999999891e-01,-2.047400000000000053e-01,-4.800000000000000122e-04,-6.300000000000000261e-04,1.000000000000000082e-05,-1.000000000000000082e-05,1.000000000000000082e-05,3.000000000000000076e-05
Cmy,0.000000000000000000e+00,-4.077399999999999913e-01,-4.043100000000000027e-01,2.211000000000000118e-02,-5.313999999999999974e-02,1.846000000000000071e-02,1.841999999999999887e-02,6.999999999999999387e-05,1.770000000000000089e-03
Cmz,0.000000000000000000e+00,3.030000000000000054e-02,-3.015999999999999931e-02,3.969999999999999571e-03,4.859999999999999737e-03,-3.000000000000000076e-05,4.000000000000000327e-05,3.000000000000000076e-05,2.400000000000000061e-04
Comp_ID,0,1,2,3,4,5,6,7,8
Comp_Name,NONE,main_wing,main_wing,horizontal_tail,horizontal_tail,fuselage,fuselage,fuselage,fuselage
Cs,0.000000000000000000e+00,-7.939999999999999142e-03,7.769999999999999997e-03,1.489000000000000046e-02,1.502000000000000036e-02,0.000000000000000000e+00,0.000000000000000000e+00,0.000000000000000000e+00,0.000000000000000000e+00
Mach,1.499999999999999944e-01,1.499999999999999944e-01,1.499999999999999944e-01,1.499999999999999944e-01,1.499999999999999944e-01,1.499999999999999944e-01,1.499999999999999944e-01,1.499999999999999944e-01,1.499999999999999944e-01
Results_Name,VSPAERO_Load
Results_Timestamp,1758915291
Results_Date,9,26,2025
Results_Time,15,34,51
AnalysisMethod,0
Chord,1.735549999999999926e+00,1.614840000000000053e+00,1.494150000000000089e+00,1.373459999999999903e+00,1.252809999999999979e+00,1.164630000000000054e+00,1.108910000000000062e+00,1.053209999999999980e+00,9.975199999999999623e-01,9.418400000000000105e-01,8.750400000000000400e-01,7.971099999999999852e-01,7.191899999999999959e-01,6.412799999999999612e-01,5.633799999999999919e-01,1.735549999999999926e+00,1.614840000000000053e+00,1.494150000000000089e+00,1.373459999999999903e+00,1.252809999999999979e+00,1.164630000000000054e+00,1.108910000000000062e+00,1.053209999999999980e+00,9.975199999999999623e-01,9.418400000000000105e-01,8.750400000000000400e-01,7.971099999999999852e-01,7.191899999999999959e-01,6.412799999999999612e-01,5.633799999999999919e-01,9.229000000000000536e-01,8.665699999999999514e-01,8.104299999999999837e-01,7.545199999999999685e-01,6.988999999999999657e-01,9.229000000000000536e-01,8.665699999999999514e-01,8.104299999999999837e-01,7.545199999999999685e-01,6.988999999999999657e-01
FC_AoA_,1.200000000000000000e+01
FC_Beta_,0.000000000000000000e+00
FC_Bref_,1.417173599999999922e+01
FC_Cref_,1.193975999999999926e+00
FC_Mach_,1.499999999999999944e-01
FC_Pitch_Rate,0.000000000000000000e+00
FC_Rho_,2.377000000000000206e-03
FC_Roll__Rate,0.000000000000000000e+00
FC_Sref_,1.619368700000000061e+01
FC_Vinf_,5.100000000000000000e+01
FC_Xcg_,1.774861999999999940e+00
FC_Yaw___Rate,0.000000000000000000e+00
FC_Ycg_,0.000000000000000000e+00
FC_Zcg_,7.545150000000000468e-01
S,3.314000000000000279e-02,8.981999999999999706e-02,1.368900000000000117e-01,1.839600000000000124e-01,2.310300000000000131e-01,2.997400000000000064e-01,4.117600000000000149e-01,5.454599999999999449e-01,6.791599999999999859e-01,8.128699999999999815e-01,9.157600000000000184e-01,9.578200000000000047e-01,9.698700000000000099e-01,9.819200000000000150e-01,9.939700000000000202e-01,3.314000000000000279e-02,8.981999999999999706e-02,1.368900000000000117e-01,1.839600000000000124e-01,2.310300000000000131e-01,2.997400000000000064e-01,4.117600000000000149e-01,5.454599999999999449e-01,6.791599999999999859e-01,8.128699999999999815e-01,9.157600000000000184e-01,9.578200000000000047e-01,9.698700000000000099e-01,9.819200000000000150e-01,9.939700000000000202e-01,1.020299999999999957e-01,3.035599999999999965e-01,5.025399999999999867e-01,7.015200000000000324e-01,9.005100000000000326e-01,1.020299999999999957e-01,3.035599999999999965e-01,5.025399999999999867e-01,7.015200000000000324e-01,9.005100000000000326e-01
V/Vref,9.796099999999999808e-01,9.878500000000000059e-01,9.856099999999999861e-01,9.891799999999999482e-01,1.002990000000000048e+00,1.011479999999999935e+00,1.009940000000000060e+00,1.002350000000000074e+00,9.948599999999999666e-01,9.928799999999999848e-01,1.013840000000000074e+00,1.011749999999999927e+00,1.011479999999999935e+00,1.010550000000000059e+00,1.014389999999999903e+00,9.802100000000000257e-01,9.883300000000000418e-01,9.859900000000000331e-01,9.896000000000000352e-01,1.003300000000000081e+00,1.011980000000000102e+00,1.009770000000000056e+00,1.002250000000000085e+00,9.950499999999999901e-01,9.926599999999999868e-01,1.014250000000000096e+00,1.012550000000000061e+00,1.012799999999999923e+00,1.012669999999999959e+00,1.015479999999999938e+00,9.693300000000000249e-01,9.791100000000000358e-01,1.045039999999999969e+00,1.014100000000000001e+00,1.013120000000000021e+00,9.722399999999999931e-01,9.779400000000000315e-01,1.022299999999999986e+00,1.012049999999999894e+00,1.013209999999999944e+00
WingId,1,1,1,1,1,1,1,1,1,1,1,1,1,1,1,2,2,2,2,2,2,2,2,2,2,2,2,2,2,2,3,3,3,3,3,4,4,4,4,4
Xavg,2.392879999999999896e+00,2.382319999999999993e+00,2.371750000000000025e+00,2.361190000000000122e+00,2.350620000000000154e+00,2.337899999999999867e+00,2.323770000000000113e+00,2.309619999999999784e+00,2.295469999999999899e+00,2.281299999999999883e+00,2.284749999999999837e+00,2.305000000000000160e+00,2.325239999999999974e+00,2.345470000000000166e+00,2.365699999999999914e+00,2.392879999999999896e+00,2.382319999999999993e+00,2.371750000000000025e+00,2.361190000000000122e+00,2.350620000000000154e+00,2.337899999999999867e+00,2.323770000000000113e+00,2.309619999999999784e+00,2.295469999999999899e+00,2.281299999999999883e+00,2.284749999999999837e+00,2.305000000000000160e+00,2.325239999999999974e+00,2.345470000000000166e+00,2.365699999999999914e+00,5.722059999999999924e+00,5.820210000000000328e+00,5.918350000000000222e+00,6.016490000000000116e+00,6.114630000000000010e+00,5.722059999999999924e+00,5.820210000000000328e+00,5.918350000000000222e+00,6.016490000000000116e+00,6.114630000000000010e+00
Yavg,1.718899999999999872e-01,5.195499999999999563e-01,8.671900000000000164e-01,1.214800000000000102e+00,1.562359999999999971e+00,2.228590000000000071e+00,3.216559999999999864e+00,4.204550000000000232e+00,5.192569999999999908e+00,6.180620000000000225e+00,6.716649999999999565e+00,6.791660000000000252e+00,6.866660000000000430e+00,6.941650000000000098e+00,7.016610000000000014e+00,-1.718899999999999872e-01,-5.195499999999999563e-01,-8.671900000000000164e-01,-1.214800000000000102e+00,-1.562359999999999971e+00,-2.228590000000000071e+00,-3.216559999999999864e+00,-4.204550000000000232e+00,-5.192569999999999908e+00,-6.180620000000000225e+00,-6.716649999999999565e+00,-6.791660000000000252e+00,-6.866660000000000430e+00,-6.941650000000000098e+00,-7.016610000000000014e+00,1.078800000000000037e-01,3.257399999999999740e-01,5.435900000000000176e-01,7.614400000000000057e-01,9.792699999999999738e-01,-1.078800000000000037e-01,-3.257399999999999740e-01,-5.435900000000000176e-01,-7.614400000000000057e-01,-9.792699999999999738e-01
Zavg,1.119259999999999922e+00,1.109900000000000109e+00,1.100540000000000074e+00,1.091180000000000039e+00,1.081830000000000069e+00,1.094910000000000050e+00,1.130849999999999911e+00,1.166740000000000110e+00,1.202599999999999891e+00,1.238469999999999960e+00,1.270329999999999959e+00,1.298289999999999944e+00,1.326240000000000085e+00,1.354190000000000005e+00,1.382130000000000081e+00,1.119259999999999922e+00,1.109900000000000109e+00,1.100540000000000074e+00,1.091180000000000039e+00,1.081830000000000069e+00,1.094910000000000050e+00,1.130849999999999911e+00,1.166740000000000110e+00,1.202599999999999891e+00,1.238469999999999960e+00,1.270329999999999959e+00,1.298289999999999944e+00,1.326240000000000085e+00,1.354190000000000005e+00,1.382130000000000081e+00,3.777900000000000147e-01,5.956799999999999873e-01,8.135799999999999699e-01,1.031470000000000109e+00,1.249349999999999961e+00,3.777900000000000147e-01,5.956799999999999873e-01,8.135799999999999699e-01,1.031470000000000109e+00,1.249349999999999961e+00
cd,1.615000000000000047e-01,1.388500000000000012e-01,3.764500000000000068e-01,3.880100000000000215e-01,3.857900000000000218e-01,3.628299999999999859e-01,2.441000000000000114e-02,2.915999999999999842e-02,3.647000000000000242e-02,4.039999999999999841e-02,6.090999999999999887e-02,1.587999999999999828e-02,-2.094999999999999987e-02,-2.952000000000000110e-02,-3.592999999999999666e-02,1.606299999999999950e-01,1.375200000000000033e-01,3.738799999999999901e-01,3.851800000000000224e-01,3.828199999999999936e-01,3.587400000000000033e-01,2.216999999999999874e-02,2.770999999999999852e-02,3.610000000000000014e-02,4.080000000000000293e-02,6.169000000000000178e-02,1.722999999999999879e-02,-1.875999999999999890e-02,-2.521999999999999936e-02,-2.767999999999999974e-02,-7.559999999999999880e-03,1.311000000000000013e-02,1.958600000000000063e-01,-4.309000000000000330e-02,-2.100000000000000130e-02,-9.100000000000000450e-03,1.516999999999999946e-02,8.802000000000000102e-02,-5.575000000000000094e-02,-2.462999999999999912e-02
cd*c/cref,2.347545721187025425e-01,1.877931666968180313e-01,4.710921890389757061e-01,4.463374595469255524e-01,4.048000712744645457e-01,3.539122251201029523e-01,2.267088542818281385e-02,2.572212808297654266e-02,3.046925097321889417e-02,3.186859367357467582e-02,4.463966310880621013e-02,1.060164257908031461e-02,-1.261920716999336695e-02,-1.585508050413073772e-02,-1.695364345681990223e-02,2.334899499654934374e-01,1.859943556654405361e-01,4.678760728858871731e-01,4.430820408450421022e-01,4.016837224533826856e-01,3.499227507085569955e-01,2.059047644173752148e-02,2.444307850409053670e-02,3.016013052188653773e-02,3.218412430400611340e-02,4.521130877002553505e-02,1.150291572024898269e-02,-1.130006331785563499e-02,-1.354556674506020124e-02,-1.306086420497564425e-02,-5.843604896580836122e-03,9.515042764678688023e-03,1.329430573143849104e-01,-2.723025152934397536e-02,-1.229245813986210890e-02,-7.033968856995451852e-03,1.101016008696992232e-02,5.974496020020503978e-02,-3.523059927502730782e-02,-1.441729733260969926e-02
cl,2.096299999999999830e+00,2.284400000000000208e+00,2.560820000000000096e+00,2.809159999999999879e+00,3.018450000000000077e+00,3.052020000000000177e+00,2.352399999999999824e+00,2.010229999999999961e+00,1.712990000000000013e+00,1.337360000000000104e+00,1.134079999999999977e+00,1.067409999999999970e+00,1.018869999999999942e+00,9.329699999999999660e-01,7.507200000000000539e-01,2.092600000000000016e+00,2.278129999999999988e+00,2.553380000000000205e+00,2.799739999999999895e+00,3.006380000000000052e+00,3.036470000000000002e+00,2.330970000000000208e+00,1.992979999999999974e+00,1.703699999999999992e+00,1.335919999999999996e+00,1.135199999999999987e+00,1.070689999999999920e+00,1.025910000000000100e+00,9.471600000000000019e-01,7.751200000000000312e-01,-5.070999999999999813e-02,9.618999999999999773e-02,1.581700000000000050e-01,-1.868599999999999983e-01,-9.600000000000000200e-02,-6.165999999999999953e-02,9.815999999999999726e-02,1.256899999999999962e-01,-2.334100000000000064e-01,-1.040800000000000058e-01
cl*c/cref,3.047157953761214344e+00,3.089627007578042317e+00,3.204628236245955275e+00,3.231445936601740510e+00,3.167186228617661303e+00,2.977006282035820295e+00,2.184800937372275431e+00,1.773230231009668589e+00,1.431135788994083669e+00,1.054945109784451329e+00,8.311434762507790008e-01,7.126133063813677726e-01,6.137151126153289615e-01,5.010946632093107311e-01,3.542287563569117559e-01,3.041779675638371039e+00,3.081146898430119574e+00,3.195317767693823807e+00,3.220609878590523945e+00,3.154521470950840456e+00,2.961838475899013279e+00,2.164897738899274948e+00,1.758013951536714359e+00,1.423374359283603674e+00,1.053809199514898154e+00,8.319643007899657494e-01,7.148030663095404913e-01,6.179556481034795823e-01,5.087160586142435159e-01,3.657419459017601793e-01,-3.919698469650981232e-02,6.981326952970579036e-02,1.073603766742380200e-01,-1.180841216238852354e-01,-5.619409435365534805e-02,-4.766093623322412154e-02,7.124306619228527870e-02,8.531406552560520662e-02,-1.475008820947824872e-01,-6.092376396175467473e-02
cmx,1.892399999999999916e-01,7.018100000000000449e-01,1.462970000000000104e+00,2.469370000000000065e+00,3.748930000000000096e+00,5.904799999999999827e+00,6.733319999999999972e+00,7.909939999999999749e+00,8.797380000000000422e+00,8.680720000000000880e+00,8.811120000000000729e+00,9.091720000000000468e+00,9.617290000000000560e+00,9.909969999999999501e+00,9.129599999999999937e+00,-1.889500000000000068e-01,-6.999499999999999611e-01,-1.458749999999999991e+00,-2.461009999999999920e+00,-3.733769999999999811e+00,-5.873999999999999666e+00,-6.670420000000000016e+00,-7.840950000000000308e+00,-8.749510000000000787e+00,-8.671799999999999287e+00,-8.820719999999999672e+00,-9.122640000000000526e+00,-9.690699999999999648e+00,-1.007953000000000010e+01,-9.462529999999999220e+00,1.601999999999999952e-02,4.864000000000000268e-02,1.527799999999999991e-01,-2.001300000000000023e-01,-2.076399999999999912e-01,-1.957000000000000059e-02,-7.256999999999999562e-02,-1.123699999999999977e-01,2.517900000000000138e-01,2.244500000000000106e-01
cmx*c/cref,2.750771221532090638e-01,9.491906540834993411e-01,1.830770991627972855e+00,2.840577130696094521e+00,3.933661140006164736e+00,5.759669561197210186e+00,6.253597962773121743e+00,6.977383052423165033e+00,7.349865070654686861e+00,6.847582635496862302e+00,6.457485280106133985e+00,6.069720772611844950e+00,5.792963003527709986e+00,5.322607457436330236e+00,4.307820297895434969e+00,-2.746555814354727509e-01,-9.466750236185652589e-01,-1.825490053820177483e+00,-2.830960416792297263e+00,-3.917754120434581822e+00,-5.729626575408550693e+00,-6.195179335430528234e+00,-6.916526755562927065e+00,-7.309871567937714865e+00,-6.840546302438239579e+00,-6.464520919013447831e+00,-6.090363265593278896e+00,-5.837181428269914818e+00,-5.413677493014935393e+00,-4.464913994418648002e+00,1.238287704275462843e-02,3.530218764866295544e-02,1.037018293500037019e-01,-1.264699521598424137e-01,-1.215431432457603766e-01,-1.512689786059351511e-02,-5.267022528091017120e-02,-7.627290590430628459e-02,1.591159209230336435e-01,1.313829633091452564e-01
cmy,-5.948999999999999844e-01,-6.921599999999999975e-01,-7.904400000000000315e-01,-9.462800000000000100e-01,-1.108899999999999997e+00,-1.191359999999999975e+00,-9.451899999999999746e-01,-8.124599999999999600e-01,-6.857999999999999652e-01,-4.973299999999999943e-01,-4.562999999999999834e-01,-5.369800000000000129e-01,-6.531900000000000484e-01,-7.452600000000000335e-01,-7.628500000000000281e-01,-5.936700000000000310e-01,-6.896099999999999453e-01,-7.876800000000000468e-01,-9.425499999999999989e-01,-1.103639999999999954e+00,-1.184339999999999948e+00,-9.333500000000000130e-01,-8.026100000000000456e-01,-6.801599999999999868e-01,-4.967099999999999849e-01,-4.571700000000000208e-01,-5.394499999999999851e-01,-6.595100000000000406e-01,-7.605199999999999738e-01,-7.939399999999999791e-01,1.952899999999999914e-01,-4.946900000000000186e-01,-1.063609999999999944e+00,1.036019999999999941e+00,5.632700000000000484e-01,2.409499999999999975e-01,-5.129099999999999770e-01,-9.063999999999999835e-01,1.276499999999999968e+00,6.148400000000000531e-01
cmy*c/cref,-8.647399068322980664e-01,-9.361391304347826958e-01,-9.891621992401858909e-01,-1.088529190536493108e+00,-1.163541820773617008e+00,-1.162078297051197140e+00,-8.778490044188493879e-01,-7.166735316287764501e-01,-5.729589338479165184e-01,-3.923071210811607812e-01,-3.344127118133028431e-01,-3.584930750701856850e-01,-3.934482067478743961e-01,-4.002763311825363601e-01,-3.599523214871990784e-01,-8.629519927536232204e-01,-9.326902822167280060e-01,-9.857083157450402533e-01,-1.084238479667932964e+00,-1.158022630605640479e+00,-1.155230837303262481e+00,-8.668525569190671520e-01,-7.079848155239302221e-01,-5.682469356167962893e-01,-3.918180486039920529e-01,-3.350503165892782520e-01,-3.601420711136572028e-01,-3.972550511065549572e-01,-4.084724195461215124e-01,-3.746222011162703702e-01,1.509520635255650056e-01,-3.590386350311899344e-01,-7.219420258866174889e-01,6.547014432450903865e-01,3.297129950685775968e-01,1.862455819882476715e-01,-3.722624396972803451e-01,-6.152332643202208518e-01,8.066701340730466629e-01,3.598997601291818449e-01
cmz,5.084000000000000324e-02,1.528599999999999959e-01,1.648499999999999965e-01,2.291499999999999926e-01,3.533800000000000274e-01,4.795599999999999863e-01,1.317549999999999999e+00,1.536669999999999980e+00,1.653650000000000064e+00,1.532650000000000068e+00,1.175740000000000007e+00,1.601290000000000102e+00,2.079649999999999999e+00,2.312940000000000218e+00,2.301029999999999909e+00,-5.066999999999999976e-02,-1.522900000000000087e-01,-1.645500000000000018e-01,-2.291199999999999903e-01,-3.532100000000000239e-01,-4.815800000000000081e-01,-1.312049999999999939e+00,-1.528399999999999981e+00,-1.645629999999999926e+00,-1.528480000000000061e+00,-1.171880000000000033e+00,-1.594670000000000032e+00,-2.069199999999999928e+00,-2.287300000000000111e+00,-2.245929999999999982e+00,1.932999999999999996e-01,2.658800000000000052e-01,-1.588719999999999910e+00,1.104900000000000049e-01,5.707999999999999741e-01,-2.394399999999999862e-01,-8.860700000000000243e-01,6.540000000000000258e-01,-9.435000000000000331e-02,-6.161600000000000410e-01
cmz*c/cref,7.390044858523119042e-02,2.067415445536593954e-01,2.062944544111439682e-01,2.635968888821885736e-01,3.707930459238712451e-01,4.677731904158877740e-01,1.223679848254906499e+00,1.355501459577077128e+00,1.381559552285808179e+00,1.208995051826837530e+00,8.616752175923135804e-01,1.069036791275536524e+00,1.252674663058553906e+00,1.242271338117349133e+00,1.085745677802568920e+00,-7.365333850931676807e-02,-2.059706255402118935e-01,-2.059190322921063965e-01,-2.635623791432993301e-01,-3.706146690553244749e-01,-4.697435420812479112e-01,-1.218571701189973711e+00,-1.348206466461637554e+00,-1.374859157638009366e+00,-1.205705645004589766e+00,-8.588463044483307662e-01,-1.064617214835139158e+00,-1.246380118193330500e+00,-1.228500190958612404e+00,-1.059746630920554544e+00,1.494138659403539127e-01,1.929717444906765556e-01,-1.078368702218470032e+00,6.982294015960120726e-02,3.341207193444424295e-01,-1.850784069361528228e-01,-6.430964105643665052e-01,4.439127922169290308e-01,-5.962344469235562883e-02,-3.606724289265446082e-01
cs,1.015500000000000014e-01,1.408600000000000130e-01,1.887800000000000034e-01,1.663199999999999956e-01,1.652299999999999880e-01,-1.303700000000000137e-01,-9.435999999999999943e-02,-6.811000000000000387e-02,-5.961000000000000326e-02,-8.851000000000000534e-02,-3.375900000000000012e-01,-2.443400000000000016e-01,-1.793099999999999972e-01,-1.037099999999999966e-01,-6.622999999999999721e-02,-1.010999999999999954e-01,-1.398099999999999898e-01,-1.872900000000000120e-01,-1.648699999999999888e-01,-1.637699999999999989e-01,1.294700000000000017e-01,9.302000000000000546e-02,6.746000000000000607e-02,5.931000000000000161e-02,8.795999999999999652e-02,3.375699999999999812e-01,2.460499999999999909e-01,1.835400000000000087e-01,1.139099999999999974e-01,7.917000000000000426e-02,5.040000000000000036e-02,5.700000000000000205e-02,-2.654599999999999738e-01,3.307999999999999829e-02,9.947999999999999898e-02,-6.158000000000000279e-02,-1.904399999999999982e-01,7.195999999999999619e-02,-3.393999999999999795e-02,-1.066300000000000026e-01
cs*c/cref,1.476119306418219312e-01,1.905116705863434678e-01,2.362406254397073635e-01,1.913219924018573215e-01,1.733718234704885175e-01,-1.271657161450481521e-01,-8.763722855400779554e-02,-6.008004608132827551e-02,-4.980181109168023423e-02,-6.981904024871522785e-02,-2.474126394500392456e-01,-1.631237624541866937e-01,-1.080071617017427515e-01,-5.570224929144304560e-02,-3.125075998177517800e-02,-1.469578157349896441e-01,-1.890915566142032933e-01,-2.343760289151541054e-01,-1.896540216888781549e-01,-1.718398809523809800e-01,1.262878366901847293e-01,8.639269817818784336e-02,5.950667902872420340e-02,4.955117288789724628e-02,6.938518563187200117e-02,2.473979818689823196e-01,1.642653750996669881e-01,1.105550970873786509e-01,6.118063076644756487e-02,3.735652525678908459e-02,3.895736597720557415e-02,4.136975115077690113e-02,-1.801851526328837327e-01,2.090454213485028190e-02,5.823113027397535529e-02,-4.759909914437141648e-02,-1.382185159500693428e-01,4.884398245860888804e-02,-2.144800967523635346e-02,-6.241641959302364484e-02
cx,-2.778800000000000159e-01,-3.391399999999999970e-01,-1.642000000000000126e-01,-2.045299999999999896e-01,-2.502099999999999880e-01,-2.796500000000000097e-01,-4.652200000000000224e-01,-3.894299999999999984e-01,-3.204699999999999771e-01,-2.385299999999999920e-01,-1.762100000000000055e-01,-2.063899999999999901e-01,-2.323300000000000087e-01,-2.228499999999999925e-01,-1.912200000000000011e-01,-2.779599999999999849e-01,-3.391299999999999870e-01,-1.651700000000000113e-01,-2.053399999999999948e-01,-2.506099999999999994e-01,-2.804099999999999926e-01,-4.629499999999999726e-01,-3.872599999999999931e-01,-3.189100000000000268e-01,-2.378399999999999959e-01,-1.756800000000000028e-01,-2.057499999999999885e-01,-2.316400000000000126e-01,-2.215900000000000092e-01,-1.882300000000000084e-01,3.150000000000000022e-03,-7.170000000000000158e-03,1.586899999999999977e-01,-3.299999999999999982e-03,-5.800000000000000034e-04,3.919999999999999873e-03,-5.559999999999999838e-03,5.997000000000000247e-02,-6.009999999999999717e-03,-2.449999999999999921e-03
cx*c/cref,-4.039232229123533302e-01,-4.586832881062936074e-01,-2.054810398198959054e-01,-2.352758965004321523e-01,-2.625392722299275672e-01,-2.727766550583931582e-01,-4.320749413723559695e-01,-3.435174327624676005e-01,-2.677400838877833089e-01,-1.881588031920239656e-01,-1.291406179018673994e-01,-1.377879730413341663e-01,-1.399436945968763335e-01,-1.196918933043880223e-01,-9.022754527729201501e-02,-4.040395100069013035e-01,-4.586697632113208578e-01,-2.066949046714507132e-01,-2.362076594504411986e-01,-2.629589825088611832e-01,-2.735179754869444535e-01,-4.299666697655564196e-01,-3.416032689099278707e-01,-2.664367652281118271e-01,-1.876145128545297358e-01,-1.287521920038594003e-01,-1.373607028114467998e-01,-1.395280739311343110e-01,-1.190151520633580678e-01,-8.881670770601754472e-02,2.434835373575348384e-03,-5.203879223702989089e-03,1.077133348576520960e-01,-2.085398701481436766e-03,-3.395059867200010445e-04,3.030017353782655815e-03,-4.035365199970518402e-03,4.070558126796518933e-02,-3.797953392698010574e-03,-1.434120116317245865e-03
cy,1.015500000000000014e-01,1.408600000000000130e-01,1.887800000000000034e-01,1.663199999999999956e-01,1.652299999999999880e-01,-1.303700000000000137e-01,-9.435999999999999943e-02,-6.811000000000000387e-02,-5.961000000000000326e-02,-8.851000000000000534e-02,-3.375900000000000012e-01,-2.443400000000000016e-01,-1.793099999999999972e-01,-1.037099999999999966e-01,-6.622999999999999721e-02,-1.010999999999999954e-01,-1.398099999999999898e-01,-1.872900000000000120e-01,-1.648699999999999888e-01,-1.637699999999999989e-01,1.294700000000000017e-01,9.302000000000000546e-02,6.746000000000000607e-02,5.931000000000000161e-02,8.795999999999999652e-02,3.375699999999999812e-01,2.460499999999999909e-01,1.835400000000000087e-01,1.139099999999999974e-01,7.917000000000000426e-02,5.040000000000000036e-02,5.700000000000000205e-02,-2.654599999999999738e-01,3.307999999999999829e-02,9.947999999999999898e-02,-6.158000000000000279e-02,-1.904399999999999982e-01,7.195999999999999619e-02,-3.393999999999999795e-02,-1.066300000000000026e-01
cy*c/cref,1.476119306418219312e-01,1.905116705863434678e-01,2.362406254397073635e-01,1.913219924018573215e-01,1.733718234704885175e-01,-1.271657161450481521e-01,-8.763722855400779554e-02,-6.008004608132827551e-02,-4.980181109168023423e-02,-6.981904024871522785e-02,-2.474126394500392456e-01,-1.631237624541866937e-01,-1.080071617017427515e-01,-5.570224929144304560e-02,-3.125075998177517800e-02,-1.469578157349896441e-01,-1.890915566142032933e-01,-2.343760289151541054e-01,-1.896540216888781549e-01,-1.718398809523809800e-01,1.262878366901847293e-01,8.639269817818784336e-02,5.950667902872420340e-02,4.955117288789724628e-02,6.938518563187200117e-02,2.473979818689823196e-01,1.642653750996669881e-01,1.105550970873786509e-01,6.118063076644756487e-02,3.735652525678908459e-02,3.895736597720557415e-02,4.136975115077690113e-02,-1.801851526328837327e-01,2.090454213485028190e-02,5.823113027397535529e-02,-4.759909914437141648e-02,-1.382185159500693428e-01,4.884398245860888804e-02,-2.144800967523635346e-02,-6.241641959302364484e-02
cz,2.084070000000000089e+00,2.263349999999999973e+00,2.583130000000000148e+00,2.828440000000000065e+00,3.032700000000000173e+00,3.060770000000000213e+00,2.306070000000000064e+00,1.972369999999999957e+00,1.683140000000000081e+00,1.316540000000000044e+00,1.121969999999999912e+00,1.047390000000000043e+00,9.922499999999999654e-01,9.064499999999999780e-01,7.268400000000000416e-01,2.080270000000000064e+00,2.256940000000000168e+00,2.575309999999999988e+00,2.818639999999999812e+00,3.020280000000000076e+00,3.044700000000000184e+00,2.284640000000000004e+00,1.955189999999999984e+00,1.673969999999999958e+00,1.315209999999999990e+00,1.123220000000000107e+00,1.050880000000000036e+00,9.995899999999999785e-01,9.212200000000000388e-01,7.524199999999999777e-01,-5.117000000000000021e-02,9.680999999999999328e-02,1.954299999999999926e-01,-1.917300000000000115e-01,-9.826999999999999624e-02,-6.221000000000000141e-02,9.916999999999999427e-02,1.412499999999999867e-01,-2.399000000000000021e-01,-1.069299999999999973e-01
cz*c/cref,3.029380564182194480e+00,3.061157103660375522e+00,3.232547127831715716e+00,3.253624195461215063e+00,3.182138407304670125e+00,2.985541221180325611e+00,2.141771764005306888e+00,1.739833805453375959e+00,1.406197287717676048e+00,1.038521740470495391e+00,8.222683109208225316e-01,6.992477595027035697e-01,5.976805878007598327e-01,4.868508713742989991e-01,3.429609298679370810e-01,3.023856927191166388e+00,3.052487645982834508e+00,3.222761124595469706e+00,3.242351014090735006e+00,3.169106403143782114e+00,2.969866195802930875e+00,2.121868565532305517e+00,1.724679273201471519e+00,1.398536113288709304e+00,1.037472601124310723e+00,8.231844097368793411e-01,7.015777174750581491e-01,6.021018279261894923e-01,4.947837825885947893e-01,3.550309048088068908e-01,-3.955254795741288548e-02,7.026325629660896965e-02,1.326511880473309479e-01,-1.211616645560714828e-01,-5.752285054305948664e-02,-4.808606621908648876e-02,7.197610915127272690e-02,9.587566039853397115e-02,-1.516021662076959819e-01,-6.259202613787881453e-02
Results_Name,VSPAERO_Comp_Load
Results_Timestamp,1758915291
Results_Date,9,26,2025
Results_Time,15,34,51
AoA,1.200000000000000000e+01,1.200000000000000000e+01,1.200000000000000000e+01,1.200000000000000000e+01,1.200000000000000000e+01,1.200000000000000000e+01,1.200000000000000000e+01,1.200000000000000000e+01,1.200000000000000000e+01
Beta,0.000000000000000000e+00,0.000000000000000000e+00,0.000000000000000000e+00,0.000000000000000000e+00,0.000000000000000000e+00,0.000000000000000000e+00,0.000000000000000000e+00,0.000000000000000000e+00,0.000000000000000000e+00
CDi,0.000000000000000000e+00,8.046000000000000374e-02,7.964000000000000246e-02,2.170000000000000054e-03,3.099999999999999999e-04,0.000000000000000000e+00,0.000000000000000000e+00,0.000000000000000000e+00,0.000000000000000000e+00
CFx,0.000000000000000000e+00,-1.557000000000000051e-01,-1.553700000000000081e-01,2.299999999999999961e-03,7.699999999999999597e-04,0.000000000000000000e+00,0.000000000000000000e+00,0.000000000000000000e+00,0.000000000000000000e+00
CFy,0.000000000000000000e+00,-7.960000000000000062e-03,7.990000000000000574e-03,-4.600000000000000139e-04,-4.950000000000000407e-03,0.000000000000000000e+00,0.000000000000000000e+00,0.000000000000000000e+00,0.000000000000000000e+00
CFz,0.000000000000000000e+00,1.119510000000000005e+00,1.114009999999999945e+00,-3.699999999999999947e-04,-2.150000000000000001e-03,0.000000000000000000e+00,0.000000000000000000e+00,0.000000000000000000e+00,0.000000000000000000e+00
CL,0.000000000000000000e+00,1.127420000000000089e+00,1.121969999999999912e+00,-8.400000000000000348e-04,-2.259999999999999856e-03,0.000000000000000000e+00,0.000000000000000000e+00,0.000000000000000000e+00,0.000000000000000000e+00
Cmx,0.000000000000000000e+00,2.143700000000000050e-01,-2.132699999999999874e-01,-9.000000000000000567e-05,1.499999999999999869e-04,1.000000000000000082e-05,-1.000000000000000082e-05,-0.000000000000000000e+00,0.000000000000000000e+00
Cmy,0.000000000000000000e+00,-4.194100000000000050e-01,-4.167799999999999838e-01,-5.199999999999999544e-04,4.060000000000000241e-03,2.112999999999999948e-02,2.094000000000000028e-02,1.000000000000000082e-05,2.900000000000000017e-04
Cmz,0.000000000000000000e+00,3.491999999999999965e-02,-3.479999999999999760e-02,-4.499999999999999877e-04,-1.049999999999999935e-03,-3.000000000000000076e-05,3.000000000000000076e-05,0.000000000000000000e+00,4.000000000000000327e-05
Comp_ID,0,1,2,3,4,5,6,7,8
Comp_Name,NONE,main_wing,main_wing,horizontal_tail,horizontal_tail,fuselage,fuselage,fuselage,fuselage
Cs,0.000000000000000000e+00,-7.960000000000000062e-03,7.990000000000000574e-03,-4.600000000000000139e-04,-4.950000000000000407e-03,0.000000000000000000e+00,0.000000000000000000e+00,0.000000000000000000e+00,0.000000000000000000e+00
Mach,1.499999999999999944e-01,1.499999999999999944e-01,1.499999999999999944e-01,1.499999999999999944e-01,1.499999999999999944e-01,1.499999999999999944e-01,1.499999999999999944e-01,1.499999999999999944e-01,1.499999999999999944e-01
Results_Name,VSPAERO_Load
Results_Timestamp,1758915291
Results_Date,9,26,2025
Results_Time,15,34,51
AnalysisMethod,0
Chord,1.735549999999999926e+00,1.614840000000000053e+00,1.494150000000000089e+00,1.373459999999999903e+00,1.252809999999999979e+00,1.164630000000000054e+00,1.108910000000000062e+00,1.053209999999999980e+00,9.975199999999999623e-01,9.418400000000000105e-01,8.750400000000000400e-01,7.971099999999999852e-01,7.191899999999999959e-01,6.412799999999999612e-01,5.633799999999999919e-01,1.735549999999999926e+00,1.614840000000000053e+00,1.494150000000000089e+00,1.373459999999999903e+00,1.252809999999999979e+00,1.164630000000000054e+00,1.108910000000000062e+00,1.053209999999999980e+00,9.975199999999999623e-01,9.418400000000000105e-01,8.750400000000000400e-01,7.971099999999999852e-01,7.191899999999999959e-01,6.412799999999999612e-01,5.633799999999999919e-01,9.229000000000000536e-01,8.665699999999999514e-01,8.104299999999999837e-01,7.545199999999999685e-01,6.988999999999999657e-01,9.229000000000000536e-01,8.665699999999999514e-01,8.104299999999999837e-01,7.545199999999999685e-01,6.988999999999999657e-01
FC_AoA_,1.300000000000000000e+01
FC_Beta_,0.000000000000000000e+00
FC_Bref_,1.417173599999999922e+01
FC_Cref_,1.193975999999999926e+00
FC_Mach_,1.499999999999999944e-01
FC_Pitch_Rate,0.000000000000000000e+00
FC_Rho_,2.377000000000000206e-03
FC_Roll__Rate,0.000000000000000000e+00
FC_Sref_,1.619368700000000061e+01
FC_Vinf_,5.100000000000000000e+01
FC_Xcg_,1.774861999999999940e+00
FC_Yaw___Rate,0.000000000000000000e+00
FC_Ycg_,0.000000000000000000e+00
FC_Zcg_,7.545150000000000468e-01
S,3.314000000000000279e-02,8.981999999999999706e-02,1.368900000000000117e-01,1.839600000000000124e-01,2.310300000000000131e-01,2.997400000000000064e-01,4.117600000000000149e-01,5.454599999999999449e-01,6.791599999999999859e-01,8.128699999999999815e-01,9.157600000000000184e-01,9.578200000000000047e-01,9.698700000000000099e-01,9.819200000000000150e-01,9.939700000000000202e-01,3.314000000000000279e-02,8.981999999999999706e-02,1.368900000000000117e-01,1.839600000000000124e-01,2.310300000000000131e-01,2.997400000000000064e-01,4.117600000000000149e-01,5.454599999999999449e-01,6.791599999999999859e-01,8.128699999999999815e-01,9.157600000000000184e-01,9.578200000000000047e-01,9.698700000000000099e-01,9.819200000000000150e-01,9.939700000000000202e-01,1.020299999999999957e-01,3.035599999999999965e-01,5.025399999999999867e-01,7.015200000000000324e-01,9.005100000000000326e-01,1.020299999999999957e-01,3.035599999999999965e-01,5.025399999999999867e-01,7.015200000000000324e-01,9.005100000000000326e-01
V/Vref,9.783300000000000329e-01,9.868500000000000050e-01,9.856200000000000516e-01,9.893600000000000172e-01,1.003260000000000041e+00,1.011730000000000018e+00,1.007670000000000066e+00,1.001400000000000068e+00,9.938299999999999912e-01,9.902400000000000091e-01,1.014110000000000067e+00,1.012259999999999938e+00,1.012229999999999963e+00,1.010780000000000012e+00,1.016369999999999996e+00,9.786599999999999744e-01,9.870799999999999574e-01,9.856800000000000006e-01,9.894399999999999862e-01,1.003309999999999924e+00,1.011900000000000022e+00,1.008170000000000011e+00,1.000399999999999956e+00,9.923100000000000254e-01,9.910499999999999865e-01,1.015099999999999891e+00,1.013789999999999969e+00,1.014100000000000001e+00,1.011160000000000059e+00,1.012569999999999970e+00,9.723399999999999821e-01,9.785500000000000309e-01,1.164169999999999927e+00,1.010539999999999994e+00,1.011460000000000026e+00,9.720299999999999496e-01,9.783500000000000529e-01,1.142600000000000060e+00,1.008469999999999978e+00,1.010930000000000106e+00
WingId,1,1,1,1,1,1,1,1,1,1,1,1,1,1,1,2,2,2,2,2,2,2,2,2,2,2,2,2,2,2,3,3,3,3,3,4,4,4,4,4
Xavg,2.392879999999999896e+00,2.382319999999999993e+00,2.371750000000000025e+00,2.361190000000000122e+00,2.350620000000000154e+00,2.337899999999999867e+00,2.323770000000000113e+00,2.309619999999999784e+00,2.295469999999999899e+00,2.281299999999999883e+00,2.284749999999999837e+00,2.305000000000000160e+00,2.325239999999999974e+00,2.345470000000000166e+00,2.365699999999999914e+00,2.392879999999999896e+00,2.382319999999999993e+00,2.371750000000000025e+00,2.361190000000000122e+00,2.350620000000000154e+00,2.337899999999999867e+00,2.323770000000000113e+00,2.309619999999999784e+00,2.295469999999999899e+00,2.281299999999999883e+00,2.284749999999999837e+00,2.305000000000000160e+00,2.325239999999999974e+00,2.345470000000000166e+00,2.365699999999999914e+00,5.722059999999999924e+00,5.820210000000000328e+00,5.918350000000000222e+00,6.016490000000000116e+00,6.114630000000000010e+00,5.722059999999999924e+00,5.820210000000000328e+00,5.918350000000000222e+00,6.016490000000000116e+00,6.114630000000000010e+00
Yavg,1.718899999999999872e-01,5.195499999999999563e-01,8.671900000000000164e-01,1.214800000000000102e+00,1.562359999999999971e+00,2.228590000000000071e+00,3.216559999999999864e+00,4.204550000000000232e+00,5.192569999999999908e+00,6.180620000000000225e+00,6.716649999999999565e+00,6.791660000000000252e+00,6.866660000000000430e+00,6.941650000000000098e+00,7.016610000000000014e+00,-1.718899999999999872e-01,-5.195499999999999563e-01,-8.671900000000000164e-01,-1.214800000000000102e+00,-1.562359999999999971e+00,-2.228590000000000071e+00,-3.216559999999999864e+00,-4.204550000000000232e+00,-5.192569999999999908e+00,-6.180620000000000225e+00,-6.716649999999999565e+00,-6.791660000000000252e+00,-6.866660000000000430e+00,-6.941650000000000098e+00,-7.016610000000000014e+00,1.078800000000000037e-01,3.257399999999999740e-01,5.435900000000000176e-01,7.614400000000000057e-01,9.792699999999999738e-01,-1.078800000000000037e-01,-3.257399999999999740e-01,-5.435900000000000176e-01,-7.614400000000000057e-01,-9.792699999999999738e-01
Zavg,1.119259999999999922e+00,1.109900000000000109e+00,1.100540000000000074e+00,1.091180000000000039e+00,1.081830000000000069e+00,1.094910000000000050e+00,1.130849999999999911e+00,1.166740000000000110e+00,1.202599999999999891e+00,1.238469999999999960e+00,1.270329999999999959e+00,1.298289999999999944e+00,1.326240000000000085e+00,1.354190000000000005e+00,1.382130000000000081e+00,1.119259999999999922e+00,1.109900000000000109e+00,1.100540000000000074e+00,1.091180000000000039e+00,1.081830000000000069e+00,1.094910000000000050e+00,1.130849999999999911e+00,1.166740000000000110e+00,1.202599999999999891e+00,1.238469999999999960e+00,1.270329999999999959e+00,1.298289999999999944e+00,1.326240000000000085e+00,1.354190000000000005e+00,1.382130000000000081e+00,3.777900000000000147e-01,5.956799999999999873e-01,8.135799999999999699e-01,1.031470000000000109e+00,1.249349999999999961e+00,3.777900000000000147e-01,5.956799999999999873e-01,8.135799999999999699e-01,1.031470000000000109e+00,1.249349999999999961e+00
cd,1.828100000000000003e-01,1.562500000000000000e-01,3.910799999999999832e-01,3.999400000000000177e-01,3.961000000000000076e-01,3.723199999999999843e-01,2.934000000000000150e-02,3.549999999999999684e-02,4.447999999999999871e-02,4.819999999999999979e-02,7.022000000000000464e-02,1.915000000000000036e-02,-2.290999999999999981e-02,-3.565000000000000113e-02,-5.244000000000000050e-02,1.823200000000000098e-01,1.553200000000000136e-01,3.891700000000000159e-01,3.978800000000000114e-01,3.940899999999999959e-01,3.699200000000000266e-01,2.892000000000000126e-02,3.343999999999999750e-02,4.175000000000000239e-02,4.834000000000000102e-02,7.016999999999999627e-02,1.940000000000000058e-02,-2.205000000000000016e-02,-3.384999999999999815e-02,-5.172000000000000208e-02,-4.279999999999999950e-03,-1.030000000000000100e-03,-4.530000000000000172e-03,-2.680000000000000090e-02,-2.009000000000000022e-02,-4.250000000000000305e-03,-1.229999999999999974e-03,-3.170000000000000075e-03,-2.506999999999999854e-02,-1.887000000000000136e-02
cd*c/cref,2.657305469289165112e-01,2.113264839494261305e-01,4.894002743773744335e-01,4.600608323785402853e-01,4.156181037139775603e-01,3.631689762608293903e-01,2.724964270638606176e-02,3.131466210376088188e-02,3.716129101422473852e-02,3.802144096698761161e-02,5.146276709079580791e-02,1.278472640991108744e-02,-1.379981080021708967e-02,-1.914748035136384571e-02,-2.474392048081368659e-02,2.650182884748102374e-01,2.100686687169591726e-01,4.870100868861686472e-01,4.576911636414802143e-01,4.135090595623363008e-01,3.608279643811936332e-01,2.685956602142756944e-02,2.949752959858489496e-02,3.488048335979952730e-02,3.813187668763861476e-02,5.142612313815353442e-02,1.295162884346084085e-02,-1.328179084001688583e-02,-1.818070714989246037e-02,-2.440418701883454930e-02,-3.308284253619838550e-03,-7.475586611456178001e-04,-3.074808790126435255e-03,-1.693596521203106359e-02,-1.175978495380141688e-02,-3.285095345300073719e-03,-8.927156827272910225e-04,-2.151687387351170020e-03,-1.584271074125442880e-02,-1.104565167139038087e-02
cl,2.155759999999999899e+00,2.348879999999999857e+00,2.624390000000000001e+00,2.877670000000000172e+00,3.092729999999999979e+00,3.129389999999999894e+00,2.439210000000000100e+00,2.107880000000000198e+00,1.813309999999999977e+00,1.421740000000000004e+00,1.204649999999999999e+00,1.132139999999999924e+00,1.078500000000000014e+00,9.768499999999999961e-01,7.532900000000000151e-01,2.153129999999999988e+00,2.344339999999999868e+00,2.618770000000000042e+00,2.870449999999999946e+00,3.083509999999999973e+00,3.117410000000000014e+00,2.423039999999999861e+00,2.085179999999999811e+00,1.790720000000000089e+00,1.414740000000000109e+00,1.199310000000000098e+00,1.127780000000000005e+00,1.076140000000000096e+00,9.784800000000000164e-01,7.508500000000000174e-01,-2.742999999999999952e-02,-6.729999999999999871e-03,-8.600000000000000006e-03,-1.326600000000000001e-01,-9.095999999999999919e-02,-2.708999999999999950e-02,-8.229999999999999469e-03,-7.159999999999999698e-03,-1.199400000000000049e-01,-8.507000000000000672e-02
cl*c/cref,3.133588336783988737e+00,3.176835530362419391e+00,3.284180183270015707e+00,3.310254676978431565e+00,3.245126427415626846e+00,3.052474652505578145e+00,2.265426073137148943e+00,1.859367604373957539e+00,1.514949204339115729e+00,1.121506296273962144e+00,8.828627510100707232e-01,7.558276844760698499e-01,6.496331710185130337e-01,5.246624454762909284e-01,3.554414160753650020e-01,3.129765398550724331e+00,3.170695228044785097e+00,3.277147275573378593e+00,3.301949333152424781e+00,3.235452105486207763e+00,3.040789101539729700e+00,2.250408120766246522e+00,1.839343862690707265e+00,1.496076147594256556e+00,1.115984510241412098e+00,8.789491768678769912e-01,7.529169060349621967e-01,6.482116278719171065e-01,5.255379123198455904e-01,3.542900971208801653e-01,-2.120239184037200214e-02,-4.884533776223307783e-03,-5.837385341078883509e-03,-8.383302779955376094e-02,-5.324390440008844316e-02,-2.093958421274799697e-02,-5.973211438085857493e-03,-4.859962679316837814e-03,-7.579476371384349931e-02,-4.979616256943188157e-02
cmx,1.942399999999999960e-01,7.205500000000000238e-01,1.498250000000000082e+00,2.526209999999999845e+00,3.834560000000000191e+00,6.044130000000000003e+00,6.957849999999999646e+00,8.268710000000000448e+00,9.287200000000000344e+00,9.205840000000000245e+00,9.338509999999999422e+00,9.606009999999999494e+00,1.012509000000000015e+01,1.030291000000000068e+01,9.043189999999999173e+00,-1.940300000000000080e-01,-7.191999999999999504e-01,-1.495060000000000056e+00,-2.519820000000000171e+00,-3.823030000000000150e+00,-6.020620000000000083e+00,-6.911570000000000213e+00,-8.177989999999999426e+00,-9.168620000000000658e+00,-9.161170000000000258e+00,-9.297010000000000218e+00,-9.568659999999999499e+00,-1.010355000000000025e+01,-1.032544000000000040e+01,-9.015439999999999898e+00,8.070000000000000784e-03,-2.909999999999999826e-03,-4.440000000000000370e-03,-1.749100000000000099e-01,-1.964899999999999980e-01,-7.979999999999999247e-03,3.139999999999999996e-03,2.670000000000000064e-03,1.590499999999999969e-01,1.839800000000000046e-01
cmx*c/cref,2.823450655624568650e-01,9.745363072624576573e-01,1.874920632826790889e+00,2.905961582644876806e+00,4.023510617968870662e+00,5.895575055026232469e+00,6.462131101043907755e+00,7.293855202365877588e+00,7.759090420577968494e+00,7.261811247127246460e+00,6.843998363786207406e+00,6.413065782813054838e+00,6.098835719562202939e+00,5.533654047317534186e+00,4.267047563937633292e+00,-2.820398119392684699e-01,-9.727104464411344686e-01,-1.870928644294358012e+00,-2.898611008261472666e+00,-4.011412469178610607e+00,-5.872642892821966498e+00,-6.419148365377528975e+00,-7.213830803885505460e+00,-7.660021493229344891e+00,-7.226574363973815807e+00,-6.813583883093128790e+00,-6.388130559240721595e+00,-6.085861126605560223e+00,-5.545754825222617868e+00,-4.253953670090520944e+00,6.237816338016845610e-03,-2.112034664013346958e-03,-3.013719873766307344e-03,-1.105324505685206515e-01,-1.150164333286431140e-01,-6.168249613057548951e-03,2.278965238832271652e-03,1.812304518683792789e-03,1.005098980214007703e-01,1.076936404081824117e-01
cmy,-6.031300000000000550e-01,-7.031100000000000128e-01,-8.033700000000000285e-01,-9.637099999999999556e-01,-1.131510000000000016e+00,-1.219680000000000097e+00,-9.763199999999999656e-01,-8.527299999999999880e-01,-7.309999999999999831e-01,-5.361500000000000155e-01,-4.892199999999999882e-01,-5.749900000000000011e-01,-6.978600000000000358e-01,-7.838899999999999757e-01,-7.568500000000000227e-01,-6.021499999999999631e-01,-7.012199999999999545e-01,-8.012099999999999778e-01,-9.607400000000000384e-01,-1.127399999999999958e+00,-1.214029999999999943e+00,-9.680400000000000116e-01,-8.398099999999999454e-01,-7.170499999999999652e-01,-5.327800000000000313e-01,-4.867099999999999760e-01,-5.726900000000000324e-01,-6.970699999999999674e-01,-7.877100000000000213e-01,-7.544300000000000450e-01,1.057099999999999984e-01,3.601000000000000034e-02,7.081999999999999407e-02,7.187900000000000400e-01,5.431399999999999562e-01,1.054299999999999959e-01,4.426000000000000073e-02,5.714999999999999941e-02,6.479800000000000004e-01,5.081400000000000361e-01
cmy*c/cref,-8.767029416839200451e-01,-9.509488904299584489e-01,-1.005342892570705082e+00,-1.108579348831132183e+00,-1.187265944290337716e+00,-1.189702237230899184e+00,-9.067611168063680616e-01,-7.521958257954933780e-01,-6.107217565512204072e-01,-4.229293687645312994e-01,-3.585390902329695373e-01,-3.838689210670901408e-01,-4.203551272387385240e-01,-4.210243582785583305e-01,-3.571212093040396218e-01,-8.752784247757072755e-01,-9.483926852801061180e-01,-1.002639853313634477e+00,-1.105162884681099023e+00,-1.182953421174295139e+00,-1.184191105097589958e+00,-8.990710335886149540e-01,-7.407990529960400972e-01,-5.990670800753113978e-01,-4.202710232031465210e-01,-3.566995638103278576e-01,-3.823334186784324018e-01,-4.198792716939033776e-01,-4.230760658505698935e-01,-3.559793273901653010e-01,8.170998328274606259e-02,2.613552173578028576e-02,4.807018951804726409e-02,4.542314341326794125e-01,3.179297959087954428e-01,8.149355347176158448e-02,3.212324887602430873e-02,3.879146188868118350e-02,4.094838335108913485e-01,2.974423656756919887e-01
cmz,5.340000000000000302e-02,1.638799999999999979e-01,1.894899999999999918e-01,2.749400000000000177e-01,4.271199999999999997e-01,5.969499999999999806e-01,1.476860000000000062e+00,1.736439999999999984e+00,1.882819999999999938e+00,1.754559999999999897e+00,1.364659999999999984e+00,1.844100000000000072e+00,2.386029999999999873e+00,2.659009999999999874e+00,2.692590000000000039e+00,-5.326999999999999791e-02,-1.634500000000000119e-01,-1.892099999999999893e-01,-2.747200000000000197e-01,-4.264999999999999902e-01,-5.967200000000000282e-01,-1.468239999999999990e+00,-1.724679999999999991e+00,-1.870889999999999942e+00,-1.743840000000000057e+00,-1.357960000000000056e+00,-1.836310000000000109e+00,-2.375350000000000072e+00,-2.643499999999999961e+00,-2.677090000000000192e+00,9.909999999999999365e-02,-3.200000000000000262e-04,-1.305999999999999939e-01,5.368699999999999584e-01,5.431399999999999562e-01,-9.962000000000000022e-02,-1.271000000000000081e-02,1.239100000000000062e-01,-4.870999999999999774e-01,-5.097699999999999454e-01
cmz*c/cref,7.762163561076604323e-02,2.216459788136445064e-01,2.371291244547629185e-01,3.162702536734406933e-01,4.481666358452766619e-01,5.822779339785724151e-01,1.371639649875709521e+00,1.531719207421254891e+00,1.573022076155634608e+00,1.384043557324435403e+00,1.000130728255844481e+00,1.231139110836398709e+00,1.437222285623831697e+00,1.428144228024683882e+00,1.270504058875555398e+00,-7.743266908212559363e-02,-2.210644083298157203e-01,-2.367787304769945200e-01,-3.160171822549197040e-01,-4.475160849129296015e-01,-5.820535870067741202e-01,-1.363633790293942383e+00,-1.521345674284910299e+00,-1.563055030251864208e+00,-1.375587336428873098e+00,-9.952204386017811100e-01,-1.225938431006988516e+00,-1.430789200536694228e+00,-1.419813865605338732e+00,-1.263190352402393524e+00,7.660069381629111551e-02,-2.322512345306773727e-04,-8.864680529591885405e-02,3.392690911710117829e-01,3.179297959087954428e-01,-7.700263489383371573e-02,-9.224728721515342011e-03,8.410586251314935979e-02,-3.078174871186690198e-01,-2.983964945694050352e-01
cs,1.063400000000000040e-01,1.457600000000000007e-01,1.937599999999999878e-01,1.726600000000000079e-01,1.732599999999999973e-01,-1.324799999999999867e-01,-9.647000000000000020e-02,-7.087000000000000244e-02,-6.237999999999999795e-02,-9.657000000000000306e-02,-3.522799999999999820e-01,-2.484000000000000097e-01,-1.761000000000000065e-01,-9.160000000000000087e-02,-4.062000000000000333e-02,-1.060299999999999992e-01,-1.450200000000000100e-01,-1.926599999999999979e-01,-1.715599999999999903e-01,-1.721799999999999997e-01,1.317899999999999905e-01,9.547999999999999543e-02,6.993000000000000604e-02,6.140999999999999931e-02,9.564999999999999891e-02,3.496799999999999908e-01,2.458899999999999975e-01,1.742299999999999960e-01,9.229999999999999316e-02,4.086000000000000049e-02,2.602000000000000146e-02,-9.100000000000000016e-04,-3.221999999999999864e-02,1.036200000000000038e-01,9.365999999999999326e-02,-2.588999999999999982e-02,-1.600000000000000077e-03,2.908000000000000168e-02,-9.457000000000000128e-02,-8.784999999999999754e-02
cs*c/cref,1.545746204278813096e-01,1.971388691229974677e-01,2.424726326157309875e-01,1.986150505537799815e-01,1.817975073200801539e-01,-1.292238557558945955e-01,-8.959689951891830484e-02,-6.251465079700095628e-02,-5.211603717327651514e-02,-7.617698245190858419e-02,-2.581786327363364553e-01,-1.658342579750346768e-01,-1.060736220828559506e-01,-4.919801403043277260e-02,-1.916662947998954911e-02,-1.541240079365079341e-01,-1.961380268950130012e-01,-2.410960848459265671e-01,-1.973496934611750631e-01,-1.806642895669594850e-01,1.285508148404992945e-01,8.867743304723042785e-02,6.168547382861968437e-02,5.130564031437817585e-02,7.545126200191629162e-02,2.562731471989386778e-01,1.641585575421951604e-01,1.049472298438159645e-01,4.957398138656052972e-02,1.927987396731592820e-02,2.011251314934303994e-02,-6.604644481966136498e-04,-2.186983205692576843e-02,6.548151922651712642e-02,5.482436330378499811e-02,-2.001202787995738641e-02,-1.161256172653386863e-03,1.973850764169464422e-02,-5.976247127245438995e-02,-5.142344988508981696e-02
cx,-3.068100000000000271e-01,-3.761399999999999744e-01,-2.093000000000000138e-01,-2.576399999999999801e-01,-3.097599999999999798e-01,-3.411799999999999833e-01,-5.201099999999999612e-01,-4.395800000000000263e-01,-3.645599999999999952e-01,-2.728499999999999814e-01,-2.025599999999999901e-01,-2.360200000000000076e-01,-2.649400000000000088e-01,-2.544799999999999840e-01,-2.205499999999999960e-01,-3.066999999999999726e-01,-3.760200000000000209e-01,-2.099000000000000032e-01,-2.580299999999999816e-01,-3.096499999999999808e-01,-3.408300000000000218e-01,-5.168899999999999606e-01,-4.364799999999999791e-01,-3.621500000000000274e-01,-2.711500000000000021e-01,-2.014100000000000057e-01,-2.347899999999999987e-01,-2.635600000000000165e-01,-2.530899999999999817e-01,-2.192999999999999949e-01,2.000000000000000042e-03,5.100000000000000366e-04,-2.480000000000000000e-03,3.729999999999999809e-03,8.800000000000000313e-04,1.959999999999999937e-03,6.599999999999999964e-04,-1.479999999999999979e-03,2.550000000000000183e-03,7.500000000000000156e-04
cx*c/cref,-4.459755434782609052e-01,-5.087253995055177613e-01,-2.619194983818770583e-01,-2.963696375806548211e-01,-3.250236400061642938e-01,-3.327943471225552341e-01,-4.830542490803835243e-01,-3.877549061287664522e-01,-3.045755452370901839e-01,-2.152313312830408665e-01,-1.484519809443406169e-01,-1.575692494656509013e-01,-1.595862886691190030e-01,-1.366802468391324354e-01,-1.040669653326364991e-01,-4.458156487232573517e-01,-5.085631007658446556e-01,-2.626703426199522018e-01,-2.968182641862147642e-01,-3.249082196794575439e-01,-3.324529495567750681e-01,-4.800636611623684269e-01,-3.850203863394239256e-01,-3.025620850000335094e-01,-2.138903261037072845e-01,-1.476091700335685486e-01,-1.567480894925861179e-01,-1.587550473376349580e-01,-1.359336830891073045e-01,-1.034771502944782789e-01,1.545927221317681521e-03,3.701504050332670424e-04,-1.683339028590189520e-03,2.357132471674472547e-03,5.151125315751740397e-04,1.515008676891327908e-03,4.790181712195220134e-04,-1.004573291255435709e-03,1.611444451144746848e-03,4.390163621379324066e-04
cy,1.063400000000000040e-01,1.457600000000000007e-01,1.937599999999999878e-01,1.726600000000000079e-01,1.732599999999999973e-01,-1.324799999999999867e-01,-9.647000000000000020e-02,-7.087000000000000244e-02,-6.237999999999999795e-02,-9.657000000000000306e-02,-3.522799999999999820e-01,-2.484000000000000097e-01,-1.761000000000000065e-01,-9.160000000000000087e-02,-4.062000000000000333e-02,-1.060299999999999992e-01,-1.450200000000000100e-01,-1.926599999999999979e-01,-1.715599999999999903e-01,-1.721799999999999997e-01,1.317899999999999905e-01,9.547999999999999543e-02,6.993000000000000604e-02,6.140999999999999931e-02,9.564999999999999891e-02,3.496799999999999908e-01,2.458899999999999975e-01,1.742299999999999960e-01,9.229999999999999316e-02,4.086000000000000049e-02,2.602000000000000146e-02,-9.100000000000000016e-04,-3.221999999999999864e-02,1.036200000000000038e-01,9.365999999999999326e-02,-2.588999999999999982e-02,-1.600000000000000077e-03,2.908000000000000168e-02,-9.457000000000000128e-02,-8.784999999999999754e-02
cy*c/cref,1.545746204278813096e-01,1.971388691229974677e-01,2.424726326157309875e-01,1.986150505537799815e-01,1.817975073200801539e-01,-1.292238557558945955e-01,-8.959689951891830484e-02,-6.251465079700095628e-02,-5.211603717327651514e-02,-7.617698245190858419e-02,-2.581786327363364553e-01,-1.658342579750346768e-01,-1.060736220828559506e-01,-4.919801403043277260e-02,-1.916662947998954911e-02,-1.541240079365079341e-01,-1.961380268950130012e-01,-2.410960848459265671e-01,-1.973496934611750631e-01,-1.806642895669594850e-01,1.285508148404992945e-01,8.867743304723042785e-02,6.168547382861968437e-02,5.130564031437817585e-02,7.545126200191629162e-02,2.562731471989386778e-01,1.641585575421951604e-01,1.049472298438159645e-01,4.957398138656052972e-02,1.927987396731592820e-02,2.011251314934303994e-02,-6.604644481966136498e-04,-2.186983205692576843e-02,6.548151922651712642e-02,5.482436330378499811e-02,-2.001202787995738641e-02,-1.161256172653386863e-03,1.973850764169464422e-02,-5.976247127245438995e-02,-5.142344988508981696e-02
cz,2.141630000000000145e+00,2.323830000000000062e+00,2.645099999999999785e+00,2.893879999999999786e+00,3.102559999999999985e+00,3.132940000000000058e+00,2.383290000000000131e+00,2.061840000000000117e+00,1.776839999999999975e+00,1.396139999999999937e+00,1.189570000000000016e+00,1.107429999999999914e+00,1.045700000000000074e+00,9.437900000000000178e-01,7.221800000000000441e-01,2.138959999999999972e+00,2.319199999999999928e+00,2.639190000000000147e+00,2.886379999999999946e+00,3.093129999999999935e+00,3.120719999999999938e+00,2.367440000000000211e+00,2.039260000000000073e+00,1.754219999999999891e+00,1.389350000000000085e+00,1.184360000000000079e+00,1.103239999999999998e+00,1.043590000000000018e+00,9.457900000000000196e-01,7.199699999999999989e-01,-2.768999999999999934e-02,-6.779999999999999569e-03,-9.400000000000000369e-03,-1.352899999999999936e-01,-9.314000000000000057e-02,-2.734999999999999931e-02,-8.290000000000000493e-03,-7.689999999999999787e-03,-1.224999999999999978e-01,-8.712999999999999912e-02
cz*c/cref,3.113049128709454827e+00,3.142955668455647888e+00,3.310096823554242285e+00,3.328901439224908554e+00,3.255440807520419533e+00,3.055937399244206265e+00,2.213490148796961154e+00,1.818755574986432144e+00,1.484479953365896776e+00,1.101312335926350361e+00,8.718109348931638580e-01,7.393310479440121652e-01,6.298761306759935730e-01,5.069060443425998930e-01,3.407620994056832497e-01,3.109168046928916240e+00,3.136693642083258293e+00,3.302701007809202949e+00,3.320274004502602683e+00,3.245546137694560240e+00,3.044017747090393744e+00,2.198769397709837037e+00,1.798837685682124432e+00,1.465581832800659123e+00,1.095956203474776958e+00,8.679926350278399649e-01,7.365337631577184574e-01,6.286051747271302892e-01,5.079802367886792069e-01,3.397193064182194577e-01,-2.140336237914330225e-02,-4.920823031618726251e-03,-6.380397930946686384e-03,-8.549502737073441661e-02,-5.451997862603603223e-02,-2.114055475151929361e-02,-6.016758544560360002e-03,-5.219708520104257392e-03,-7.741252755499272720e-02,-5.100199417743739999e-02
Results_Name,VSPAERO_Comp_Load
Results_Timestamp,1758915291
Results_Date,9,26,2025
Results_Time,15,34,51
AoA,1.300000000000000000e+01,1.300000000000000000e+01,1.300000000000000000e+01,1.300000000000000000e+01,1.300000000000000000e+01,1.300000000000000000e+01,1.300000000000000000e+01,1.300000000000000000e+01,1.300000000000000000e+01
Beta,0.000000000000000000e+00,0.000000000000000000e+00,0.000000000000000000e+00,0.000000000000000000e+00,0.000000000000000000e+00,0.000000000000000000e+00,0.000000000000000000e+00,0.000000000000000000e+00,0.000000000000000000e+00
CDi,0.000000000000000000e+00,8.538999999999999369e-02,8.466999999999999527e-02,-8.099999999999999561e-04,-7.500000000000000156e-04,0.000000000000000000e+00,0.000000000000000000e+00,0.000000000000000000e+00,0.000000000000000000e+00
CFx,0.000000000000000000e+00,-1.795499999999999874e-01,-1.788599999999999912e-01,6.999999999999999387e-05,6.999999999999999387e-05,0.000000000000000000e+00,0.000000000000000000e+00,0.000000000000000000e+00,0.000000000000000000e+00
CFy,0.000000000000000000e+00,-8.099999999999999561e-03,7.919999999999999957e-03,2.660000000000000038e-03,-2.540000000000000157e-03,0.000000000000000000e+00,0.000000000000000000e+00,0.000000000000000000e+00,0.000000000000000000e+00
CFz,0.000000000000000000e+00,1.157299999999999995e+00,1.151089999999999947e+00,-3.889999999999999795e-03,-3.619999999999999954e-03,0.000000000000000000e+00,0.000000000000000000e+00,0.000000000000000000e+00,0.000000000000000000e+00
CL,0.000000000000000000e+00,1.168029999999999902e+00,1.161820000000000075e+00,-3.810000000000000019e-03,-3.550000000000000204e-03,0.000000000000000000e+00,0.000000000000000000e+00,0.000000000000000000e+00,0.000000000000000000e+00
Cmx,0.000000000000000000e+00,2.232399999999999940e-01,-2.216500000000000137e-01,-2.599999999999999772e-04,2.400000000000000061e-04,2.000000000000000164e-05,-2.000000000000000164e-05,-0.000000000000000000e+00,0.000000000000000000e+00
Cmy,0.000000000000000000e+00,-4.329100000000000170e-01,-4.299100000000000144e-01,1.324999999999999963e-02,1.230000000000000017e-02,2.352999999999999883e-02,2.340000000000000066e-02,0.000000000000000000e+00,0.000000000000000000e+00
Cmz,0.000000000000000000e+00,3.998999999999999777e-02,-3.978000000000000286e-02,7.600000000000000418e-04,-7.200000000000000453e-04,-4.000000000000000327e-05,4.000000000000000327e-05,1.000000000000000082e-05,2.000000000000000164e-05
Comp_ID,0,1,2,3,4,5,6,7,8
Comp_Name,NONE,main_wing,main_wing,horizontal_tail,horizontal_tail,fuselage,fuselage,fuselage,fuselage
Cs,0.000000000000000000e+00,-8.099999999999999561e-03,7.919999999999999957e-03,2.660000000000000038e-03,-2.540000000000000157e-03,0.000000000000000000e+00,0.000000000000000000e+00,0.000000000000000000e+00,0.000000000000000000e+00
Mach,1.499999999999999944e-01,1.499999999999999944e-01,1.499999999999999944e-01,1.499999999999999944e-01,1.499999999999999944e-01,1.499999999999999944e-01,1.499999999999999944e-01,1.499999999999999944e-01,1.499999999999999944e-01
Results_Name,VSPAERO_Load
Results_Timestamp,1758915291
Results_Date,9,26,2025
Results_Time,15,34,51
AnalysisMethod,0
Chord,1.735549999999999926e+00,1.614840000000000053e+00,1.494150000000000089e+00,1.373459999999999903e+00,1.252809999999999979e+00,1.164630000000000054e+00,1.108910000000000062e+00,1.053209999999999980e+00,9.975199999999999623e-01,9.418400000000000105e-01,8.750400000000000400e-01,7.971099999999999852e-01,7.191899999999999959e-01,6.412799999999999612e-01,5.633799999999999919e-01,1.735549999999999926e+00,1.614840000000000053e+00,1.494150000000000089e+00,1.373459999999999903e+00,1.252809999999999979e+00,1.164630000000000054e+00,1.108910000000000062e+00,1.053209999999999980e+00,9.975199999999999623e-01,9.418400000000000105e-01,8.750400000000000400e-01,7.971099999999999852e-01,7.191899999999999959e-01,6.412799999999999612e-01,5.633799999999999919e-01,9.229000000000000536e-01,8.665699999999999514e-01,8.104299999999999837e-01,7.545199999999999685e-01,6.988999999999999657e-01,9.229000000000000536e-01,8.665699999999999514e-01,8.104299999999999837e-01,7.545199999999999685e-01,6.988999999999999657e-01
FC_AoA_,1.400000000000000000e+01
FC_Beta_,0.000000000000000000e+00
FC_Bref_,1.417173599999999922e+01
FC_Cref_,1.193975999999999926e+00
FC_Mach_,1.499999999999999944e-01
FC_Pitch_Rate,0.000000000000000000e+00
FC_Rho_,2.377000000000000206e-03
FC_Roll__Rate,0.000000000000000000e+00
FC_Sref_,1.619368700000000061e+01
FC_Vinf_,5.100000000000000000e+01
FC_Xcg_,1.774861999999999940e+00
FC_Yaw___Rate,0.000000000000000000e+00
FC_Ycg_,0.000000000000000000e+00
FC_Zcg_,7.545150000000000468e-01
S,3.314000000000000279e-02,8.981999999999999706e-02,1.368900000000000117e-01,1.839600000000000124e-01,2.310300000000000131e-01,2.997400000000000064e-01,4.117600000000000149e-01,5.454599999999999449e-01,6.791599999999999859e-01,8.128699999999999815e-01,9.157600000000000184e-01,9.578200000000000047e-01,9.698700000000000099e-01,9.819200000000000150e-01,9.939700000000000202e-01,3.314000000000000279e-02,8.981999999999999706e-02,1.368900000000000117e-01,1.839600000000000124e-01,2.310300000000000131e-01,2.997400000000000064e-01,4.117600000000000149e-01,5.454599999999999449e-01,6.791599999999999859e-01,8.128699999999999815e-01,9.157600000000000184e-01,9.578200000000000047e-01,9.698700000000000099e-01,9.819200000000000150e-01,9.939700000000000202e-01,1.020299999999999957e-01,3.035599999999999965e-01,5.025399999999999867e-01,7.015200000000000324e-01,9.005100000000000326e-01,1.020299999999999957e-01,3.035599999999999965e-01,5.025399999999999867e-01,7.015200000000000324e-01,9.005100000000000326e-01
V/Vref,9.765800000000000036e-01,9.854000000000000536e-01,9.847000000000000197e-01,9.884699999999999598e-01,1.002720000000000056e+00,1.010599999999999943e+00,1.008229999999999960e+00,9.988700000000000356e-01,9.897899999999999476e-01,9.889700000000000157e-01,1.013840000000000074e+00,1.012429999999999941e+00,1.013030000000000097e+00,1.012580000000000036e+00,1.018899999999999917e+00,9.769999999999999796e-01,9.857099999999999751e-01,9.848599999999999577e-01,9.886700000000000488e-01,1.002790000000000070e+00,1.010690000000000088e+00,1.007959999999999967e+00,9.987200000000000522e-01,9.893199999999999772e-01,9.887899999999999467e-01,1.013330000000000064e+00,1.011910000000000087e+00,1.012380000000000058e+00,1.011810000000000098e+00,1.018499999999999961e+00,9.723199999999999621e-01,9.778299999999999770e-01,1.300119999999999942e+00,1.011949999999999905e+00,1.010969999999999924e+00,9.721199999999999841e-01,9.774899999999999700e-01,1.156700000000000061e+00,1.011900000000000022e+00,1.011169999999999902e+00
WingId,1,1,1,1,1,1,1,1,1,1,1,1,1,1,1,2,2,2,2,2,2,2,2,2,2,2,2,2,2,2,3,3,3,3,3,4,4,4,4,4
Xavg,2.392879999999999896e+00,2.382319999999999993e+00,2.371750000000000025e+00,2.361190000000000122e+00,2.350620000000000154e+00,2.337899999999999867e+00,2.323770000000000113e+00,2.309619999999999784e+00,2.295469999999999899e+00,2.281299999999999883e+00,2.284749999999999837e+00,2.305000000000000160e+00,2.325239999999999974e+00,2.345470000000000166e+00,2.365699999999999914e+00,2.392879999999999896e+00,2.382319999999999993e+00,2.371750000000000025e+00,2.361190000000000122e+00,2.350620000000000154e+00,2.337899999999999867e+00,2.323770000000000113e+00,2.309619999999999784e+00,2.295469999999999899e+00,2.281299999999999883e+00,2.284749999999999837e+00,2.305000000000000160e+00,2.325239999999999974e+00,2.345470000000000166e+00,2.365699999999999914e+00,5.722059999999999924e+00,5.820210000000000328e+00,5.918350000000000222e+00,6.016490000000000116e+00,6.114630000000000010e+00,5.722059999999999924e+00,5.820210000000000328e+00,5.918350000000000222e+00,6.016490000000000116e+00,6.114630000000000010e+00
Yavg,1.718899999999999872e-01,5.195499999999999563e-01,8.671900000000000164e-01,1.214800000000000102e+00,1.562359999999999971e+00,2.228590000000000071e+00,3.216559999999999864e+00,4.204550000000000232e+00,5.192569999999999908e+00,6.180620000000000225e+00,6.716649999999999565e+00,6.791660000000000252e+00,6.866660000000000430e+00,6.941650000000000098e+00,7.016610000000000014e+00,-1.718899999999999872e-01,-5.195499999999999563e-01,-8.671900000000000164e-01,-1.214800000000000102e+00,-1.562359999999999971e+00,-2.228590000000000071e+00,-3.216559999999999864e+00,-4.204550000000000232e+00,-5.192569999999999908e+00,-6.180620000000000225e+00,-6.716649999999999565e+00,-6.791660000000000252e+00,-6.866660000000000430e+00,-6.941650000000000098e+00,-7.016610000000000014e+00,1.078800000000000037e-01,3.257399999999999740e-01,5.435900000000000176e-01,7.614400000000000057e-01,9.792699999999999738e-01,-1.078800000000000037e-01,-3.257399999999999740e-01,-5.435900000000000176e-01,-7.614400000000000057e-01,-9.792699999999999738e-01
Zavg,1.119259999999999922e+00,1.109900000000000109e+00,1.100540000000000074e+00,1.091180000000000039e+00,1.081830000000000069e+00,1.094910000000000050e+00,1.130849999999999911e+00,1.166740000000000110e+00,1.202599999999999891e+00,1.238469999999999960e+00,1.270329999999999959e+00,1.298289999999999944e+00,1.326240000000000085e+00,1.354190000000000005e+00,1.382130000000000081e+00,1.119259999999999922e+00,1.109900000000000109e+00,1.100540000000000074e+00,1.091180000000000039e+00,1.081830000000000069e+00,1.094910000000000050e+00,1.130849999999999911e+00,1.166740000000000110e+00,1.202599999999999891e+00,1.238469999999999960e+00,1.270329999999999959e+00,1.298289999999999944e+00,1.326240000000000085e+00,1.354190000000000005e+00,1.382130000000000081e+00,3.777900000000000147e-01,5.956799999999999873e-01,8.135799999999999699e-01,1.031470000000000109e+00,1.249349999999999961e+00,3.777900000000000147e-01,5.956799999999999873e-01,8.135799999999999699e-01,1.031470000000000109e+00,1.249349999999999961e+00
cd,2.032200000000000117e-01,1.730200000000000071e-01,4.048599999999999977e-01,4.109200000000000075e-01,4.045300000000000007e-01,3.787400000000000211e-01,3.851999999999999869e-02,4.172000000000000014e-02,5.022000000000000075e-02,5.564999999999999808e-02,8.085000000000000520e-02,2.460000000000000034e-02,-2.116000000000000172e-02,-3.305999999999999911e-02,-4.633999999999999925e-02,2.025399999999999978e-01,1.718000000000000083e-01,4.026500000000000079e-01,4.083899999999999753e-01,4.015900000000000025e-01,3.750000000000000000e-01,3.586000000000000298e-02,3.973999999999999755e-02,4.862999999999999962e-02,5.589000000000000218e-02,8.079999999999999682e-02,2.463999999999999871e-02,-2.111000000000000029e-02,-3.332999999999999852e-02,-4.717999999999999972e-02,-8.300000000000000086e-04,1.830000000000000029e-03,5.643999999999999712e-02,-2.316000000000000003e-02,-1.770000000000000046e-02,-8.999999999999999754e-04,1.270000000000000078e-03,3.862000000000000155e-02,-2.171999999999999972e-02,-1.688999999999999876e-02
cd*c/cref,2.953982919254658501e-01,2.340077328187501471e-01,5.066446637118334761e-01,4.726913968119961784e-01,4.244634978425027572e-01,3.694311830388550821e-01,3.577560453476451990e-02,3.680134374560292687e-02,4.195683531327262794e-02,4.389819895877303951e-02,5.925327142254117191e-02,1.642319946129570593e-02,-1.274570041608876804e-02,-1.775640113369112913e-02,-2.186562309460156686e-02,2.944098516218081052e-01,2.323576956320730358e-01,5.038790541015900626e-01,4.697810754990049409e-01,4.213786272923409348e-01,3.657831061930893468e-01,3.330511886336074562e-02,3.505477949305513957e-02,4.062845283322277790e-02,4.408751733703190206e-02,5.921662746989889842e-02,1.644990385066366287e-02,-1.271558297654224248e-02,-1.790141711391183763e-02,-2.226197880024389023e-02,-6.415597968468378506e-04,1.328186747472311123e-03,3.830953821517350810e-02,-1.463570725039699261e-02,-1.036078614645520590e-02,-6.956672495929567277e-04,9.217470870436257754e-04,2.621393277586819490e-02,-1.372571508975054845e-02,-9.886648475346237683e-03
cl,2.211860000000000159e+00,2.410600000000000076e+00,2.685799999999999965e+00,2.944669999999999899e+00,3.166189999999999838e+00,3.205779999999999852e+00,2.537529999999999841e+00,2.193709999999999827e+00,1.890679999999999916e+00,1.494450000000000056e+00,1.272049999999999903e+00,1.198439999999999950e+00,1.147129999999999983e+00,1.047809999999999908e+00,8.309600000000000319e-01,2.208689999999999820e+00,2.405229999999999979e+00,2.679289999999999949e+00,2.936230000000000118e+00,3.155120000000000147e+00,3.191250000000000142e+00,2.516309999999999825e+00,2.173830000000000151e+00,1.874929999999999986e+00,1.489740000000000064e+00,1.267949999999999910e+00,1.194369999999999932e+00,1.142730000000000024e+00,1.042720000000000091e+00,8.251199999999999646e-01,-2.909999999999999826e-03,1.564000000000000112e-02,-2.630000000000000046e-02,-1.085699999999999998e-01,-7.781000000000000416e-02,-3.779999999999999940e-03,1.131000000000000061e-02,-8.999999999999999320e-03,-1.001500000000000029e-01,-7.424000000000000044e-02
cl*c/cref,3.215134661835748808e+00,3.260311182134314478e+00,3.361029091037006200e+00,3.387326427164364606e+00,3.322206220141778577e+00,3.126987109791151465e+00,2.356741167577907969e+00,1.935078518412430393e+00,1.579588797094748864e+00,1.178861876620635796e+00,9.322587991718427336e-01,8.000902098534643514e-01,6.909723685400711579e-01,5.627747934631851523e-01,3.920901632863642572e-01,3.210526785714285403e+00,3.253048313533940750e+00,3.352882431053890944e+00,3.377617687290196624e+00,3.310590738172292102e+00,3.112814233703190325e+00,2.337033007447385735e+00,1.917542307634324539e+00,1.566430291396141872e+00,1.175146503447305646e+00,9.292539950551770289e-01,7.973730382352743895e-01,6.883220338599771448e-01,5.600409736879133904e-01,3.893345474280889840e-01,-2.249324107017226706e-03,1.135127908768685662e-02,-1.785153889190402646e-02,-6.860961727873927940e-02,-4.554648418393669740e-02,-2.921802448290418061e-03,8.208629570443628370e-03,-6.108891636012784079e-03,-6.328869089495936517e-02,-4.345676630016013370e-02
cmx,1.988600000000000090e-01,7.381600000000000383e-01,1.531679999999999930e+00,2.580550000000000122e+00,3.917019999999999946e+00,6.176879999999999704e+00,7.215110000000000134e+00,8.576470000000000482e+00,9.651759999999999451e+00,9.650930000000000675e+00,9.837279999999999802e+00,1.012972000000000072e+01,1.071712999999999916e+01,1.100005999999999950e+01,9.952049999999999841e+00,-1.986100000000000088e-01,-7.365500000000000380e-01,-1.527979999999999894e+00,-2.573049999999999837e+00,-3.903030000000000221e+00,-6.148039999999999949e+00,-7.152829999999999799e+00,-8.497130000000000294e+00,-9.569760000000000488e+00,-9.621270000000000877e+00,-9.805809999999999249e+00,-1.009542000000000073e+01,-1.067559999999999931e+01,-1.094429000000000052e+01,-9.876970000000000027e+00,8.400000000000000348e-04,1.160000000000000007e-03,-4.170000000000000095e-03,-1.382500000000000118e-01,-1.679799999999999904e-01,-1.090000000000000040e-03,-2.200000000000000078e-04,-4.309999999999999595e-03,1.298999999999999877e-01,1.603300000000000003e-01
cmx*c/cref,2.890606452726017794e-01,9.983536473094938302e-01,1.916755170958210241e+00,2.968470223019558318e+00,4.110033891971028197e+00,6.025062274618585789e+00,6.701062358121101958e+00,7.565331270226538507e+00,8.063665965815058456e+00,7.612910067874062214e+00,7.209536448973850042e+00,6.762699676710419716e+00,6.455450297744678601e+00,5.908090679209632157e+00,4.695895000402018127e+00,-2.886972481021394255e-01,-9.961761392188789310e-01,-1.912124964823413542e+00,-2.959842788297252003e+00,-4.095354524965326704e+00,-5.996931115198295359e+00,-6.643219558265828439e+00,-7.495345205682527379e+00,-7.995158190114374896e+00,-7.589513471627571839e+00,-7.186472745180807919e+00,-6.739800662827393651e+00,-6.430434752457335534e+00,-5.878136822850710708e+00,-4.660468349950082967e+00,6.492894329534263081e-04,8.419107251737053405e-04,-2.830453124685923614e-03,-8.736556681206322783e-02,-9.832795801590650531e-02,-8.425303356181364440e-04,-1.596727237398406802e-04,-2.925480327912788770e-03,8.208887615831472750e-02,9.384999112209960193e-02
cmy,-6.106800000000000006e-01,-7.133599999999999941e-01,-8.155299999999999772e-01,-9.804500000000000437e-01,-1.153759999999999897e+00,-1.246529999999999916e+00,-1.015819999999999945e+00,-8.874100000000000321e-01,-7.642900000000000249e-01,-5.699499999999999567e-01,-5.228300000000000169e-01,-6.170200000000000129e-01,-7.538399999999999546e-01,-8.561800000000000521e-01,-8.582300000000000484e-01,-6.094699999999999562e-01,-7.110999999999999543e-01,-8.130100000000000104e-01,-9.769400000000000306e-01,-1.148700000000000054e+00,-1.239530000000000021e+00,-1.003919999999999924e+00,-8.759599999999999609e-01,-7.544699999999999740e-01,-5.676799999999999624e-01,-5.208099999999999952e-01,-6.145100000000000007e-01,-7.502999999999999670e-01,-8.510199999999999987e-01,-8.507099999999999662e-01,6.510000000000000162e-03,-6.232000000000000040e-02,9.518000000000000071e-02,5.859299999999999509e-01,4.667499999999999982e-01,1.098000000000000018e-02,-4.112999999999999989e-02,3.248999999999999805e-02,5.397100000000000231e-01,4.459400000000000031e-01
cmy*c/cref,-8.876775362318840568e-01,-9.648119077770408447e-01,-1.020560002462361116e+00,-1.127835783131319269e+00,-1.210612328556017969e+00,-1.215892307634324210e+00,-9.434469002727022824e-01,-7.827871633098153481e-01,-6.385342425643396602e-01,-4.495917070359873313e-01,-3.831711551990995557e-01,-4.119285581954746367e-01,-4.540746125550262358e-01,-4.598510442420953304e-01,-4.049575681588239995e-01,-8.859186939268459682e-01,-9.617552815131962252e-01,-1.017406456662445668e+00,-1.123798143681280060e+00,-1.205302993527508360e+00,-1.209064356318720002e+00,-9.323947275322117534e-01,-7.726870821524051136e-01,-6.303300186938430860e-01,-4.478010707082889508e-01,-3.816907395123520508e-01,-4.102528577626350925e-01,-4.519422978351323450e-01,-4.570796277312106914e-01,-4.014092408892641073e-01,5.031993105389053617e-03,-4.523092792484941643e-02,6.460492287952186719e-02,3.702720185330358182e-01,2.732145160371732828e-01,8.487140445034072750e-03,-2.985154148827112372e-02,2.205309880600615086e-02,3.410637979322867497e-01,2.610332753757194646e-01
cmz,5.605000000000000260e-02,1.755200000000000093e-01,2.156000000000000139e-01,3.234400000000000053e-01,5.061799999999999633e-01,7.255700000000000482e-01,1.640490000000000004e+00,1.938460000000000072e+00,2.112200000000000077e+00,1.979489999999999972e+00,1.559460000000000068e+00,2.092080000000000162e+00,2.695800000000000196e+00,2.990390000000000104e+00,2.996680000000000010e+00,-5.589000000000000218e-02,-1.750200000000000089e-01,-2.152199999999999946e-01,-3.231399999999999828e-01,-5.057899999999999618e-01,-7.264699999999999491e-01,-1.634269999999999889e+00,-1.927459999999999951e+00,-2.100670000000000037e+00,-1.970699999999999896e+00,-1.553299999999999903e+00,-2.084519999999999929e+00,-2.686459999999999848e+00,-2.982169999999999987e+00,-2.992140000000000022e+00,2.099999999999999870e-03,-9.248000000000000664e-02,-3.686400000000000232e-01,3.576900000000000079e-01,4.617600000000000038e-01,-7.139999999999999646e-03,6.902999999999999414e-02,3.091200000000000059e-01,-3.576199999999999934e-01,-4.414899999999999936e-01
cmz*c/cref,8.147364561766735902e-02,2.373889565619409781e-01,2.698033628816660090e-01,3.720609982110192893e-01,5.311223724764987386e-01,7.077366622947195429e-01,1.523611668827514309e+00,1.709921687370600685e+00,1.764660046768109281e+00,1.561474319081790574e+00,1.142895567750105812e+00,1.396692972723069914e+00,1.623811870590363915e+00,1.606127174415566294e+00,1.413989542838381963e+00,-8.124107142857142638e-02,-2.367127118133028063e-01,-2.693278281975517441e-01,-3.717159008221270211e-01,-5.307131549545384130e-01,-7.086145417495829379e-01,-1.517834818874081337e+00,-1.700218552634223945e+00,-1.755027185136049717e+00,-1.554540533478059983e+00,-1.138381032784578695e+00,-1.391645843132525151e+00,-1.618185932883072997e+00,-1.601712243462180219e+00,-1.411847334619791505e+00,1.623223582383565445e-03,-6.712060677936575182e-02,-2.502202014110836981e-01,2.260382610705742867e-01,2.702935938410822025e-01,-5.518960180104123293e-03,5.010094599891454920e-02,2.098200647249191253e-01,-2.259940253405428590e-01,-2.584284449603677092e-01
cs,1.111000000000000043e-01,1.507600000000000051e-01,1.990599999999999870e-01,1.795700000000000074e-01,1.819199999999999984e-01,-1.335399999999999920e-01,-9.830999999999999461e-02,-7.317999999999999505e-02,-6.471999999999999975e-02,-1.032799999999999968e-01,-3.620300000000000185e-01,-2.497800000000000020e-01,-1.734199999999999908e-01,-8.581999999999999351e-02,-4.134999999999999787e-02,-1.107100000000000029e-01,-1.498700000000000032e-01,-1.977800000000000114e-01,-1.782400000000000095e-01,-1.805900000000000005e-01,1.325399999999999912e-01,9.686000000000000165e-02,7.237000000000000377e-02,6.417000000000000481e-02,1.028000000000000025e-01,3.606199999999999961e-01,2.486399999999999999e-01,1.723200000000000010e-01,8.420999999999999319e-02,3.951999999999999957e-02,2.000000000000000042e-03,-2.194000000000000117e-02,-7.549000000000000155e-02,7.105000000000000204e-02,7.965999999999999470e-02,-3.000000000000000062e-03,1.716000000000000164e-02,6.506000000000000671e-02,-7.058999999999999997e-02,-7.606000000000000261e-02
cs*c/cref,1.614937025534851633e-01,2.039013166093791019e-01,2.491050900520613565e-01,2.065637937445978789e-01,1.908842348589921689e-01,-1.302578026694004021e-01,-9.130580690064121763e-02,-6.455230909164003106e-02,-5.407101516278384201e-02,-8.147000877739586644e-02,-2.653242035015779821e-01,-1.667555594082293091e-01,-1.044593273231622793e-01,-4.609359786126353969e-02,-1.951108146227394785e-02,-1.609268029675638423e-01,-2.026976009568031700e-01,-2.475032890108344319e-01,-2.050338619871756307e-01,-1.894886981815380178e-01,1.292823810528854755e-01,8.995911358352262632e-02,6.383780553377958744e-02,5.361151178918169280e-02,8.109137202087815521e-02,2.642908440370660972e-01,1.659944843112424462e-01,1.037967436531387622e-01,4.522887294216968584e-02,1.864759224641031332e-02,1.545927221317681521e-03,-1.592372526750956627e-02,-5.124002551140056927e-02,4.489926598189578760e-02,4.662939121054358871e-02,-2.318890831976522498e-03,1.245447245170757354e-02,4.416049887099909171e-02,-4.460857404168928203e-02,-4.452211267228151775e-02
cx,-3.379099999999999882e-01,-4.153000000000000025e-01,-2.569199999999999817e-01,-3.136599999999999944e-01,-3.734600000000000142e-01,-4.080500000000000238e-01,-5.765099999999999669e-01,-4.902199999999999891e-01,-4.086699999999999777e-01,-3.075399999999999801e-01,-2.292899999999999938e-01,-2.660600000000000187e-01,-2.980499999999999816e-01,-2.855599999999999805e-01,-2.459899999999999864e-01,-3.378099999999999992e-01,-4.151799999999999935e-01,-2.574899999999999967e-01,-3.140800000000000258e-01,-3.736300000000000177e-01,-4.081699999999999773e-01,-5.739600000000000257e-01,-4.873399999999999954e-01,-4.063999999999999835e-01,-3.061699999999999977e-01,-2.283499999999999974e-01,-2.650399999999999978e-01,-2.969300000000000272e-01,-2.846000000000000196e-01,-2.453899999999999970e-01,-1.000000000000000048e-04,-2.000000000000000042e-03,6.112000000000000072e-02,3.789999999999999966e-03,1.649999999999999991e-03,4.000000000000000327e-05,-1.500000000000000031e-03,3.964999999999999775e-02,3.150000000000000022e-03,1.569999999999999998e-03
cx*c/cref,-4.911821514837818592e-01,-5.616888882188587617e-01,-3.215115027437737694e-01,-3.608108233331323023e-01,-3.918625019263369258e-01,-3.980207906189069389e-01,-5.354359753462381022e-01,-4.324246100424129491e-01,-3.414277157999825452e-01,-2.425957252072068471e-01,-1.680418380268950407e-01,-1.776242458809892399e-01,-1.795300571368268761e-01,-1.533731974512050344e-01,-1.160708809892326138e-01,-4.910367926155969620e-01,-5.615265894791855450e-01,-3.222248047699451390e-01,-3.612939596775814888e-01,-3.920408787948836959e-01,-3.981378412128886990e-01,-5.330676526161330919e-01,-4.298841529477979706e-01,-3.395312200580246076e-01,-2.415150327979792011e-01,-1.673529317172204600e-01,-1.769432839521062339e-01,-1.788554264909847646e-01,-1.528575850770869937e-01,-1.157877697709166764e-01,-7.729636106588408688e-05,-1.451570215816733525e-03,4.148616186590015770e-02,2.395048811701407793e-03,9.658359967034512838e-04,3.091854442635363340e-05,-1.088677661862550144e-03,2.691306148532298867e-02,1.990607851414098652e-03,9.190075847420718256e-04
cy,1.111000000000000043e-01,1.507600000000000051e-01,1.990599999999999870e-01,1.795700000000000074e-01,1.819199999999999984e-01,-1.335399999999999920e-01,-9.830999999999999461e-02,-7.317999999999999505e-02,-6.471999999999999975e-02,-1.032799999999999968e-01,-3.620300000000000185e-01,-2.497800000000000020e-01,-1.734199999999999908e-01,-8.581999999999999351e-02,-4.134999999999999787e-02,-1.107100000000000029e-01,-1.498700000000000032e-01,-1.977800000000000114e-01,-1.782400000000000095e-01,-1.805900000000000005e-01,1.325399999999999912e-01,9.686000000000000165e-02,7.237000000000000377e-02,6.417000000000000481e-02,1.028000000000000025e-01,3.606199999999999961e-01,2.486399999999999999e-01,1.723200000000000010e-01,8.420999999999999319e-02,3.951999999999999957e-02,2.000000000000000042e-03,-2.194000000000000117e-02,-7.549000000000000155e-02,7.105000000000000204e-02,7.965999999999999470e-02,-3.000000000000000062e-03,1.716000000000000164e-02,6.506000000000000671e-02,-7.058999999999999997e-02,-7.606000000000000261e-02
cy*c/cref,1.614937025534851633e-01,2.039013166093791019e-01,2.491050900520613565e-01,2.065637937445978789e-01,1.908842348589921689e-01,-1.302578026694004021e-01,-9.130580690064121763e-02,-6.455230909164003106e-02,-5.407101516278384201e-02,-8.147000877739586644e-02,-2.653242035015779821e-01,-1.667555594082293091e-01,-1.044593273231622793e-01,-4.609359786126353969e-02,-1.951108146227394785e-02,-1.609268029675638423e-01,-2.026976009568031700e-01,-2.475032890108344319e-01,-2.050338619871756307e-01,-1.894886981815380178e-01,1.292823810528854755e-01,8.995911358352262632e-02,6.383780553377958744e-02,5.361151178918169280e-02,8.109137202087815521e-02,2.642908440370660972e-01,1.659944843112424462e-01,1.037967436531387622e-01,4.522887294216968584e-02,1.864759224641031332e-02,1.545927221317681521e-03,-1.592372526750956627e-02,-5.124002551140056927e-02,4.489926598189578760e-02,4.662939121054358871e-02,-2.318890831976522498e-03,1.245447245170757354e-02,4.416049887099909171e-02,-4.460857404168928203e-02,-4.452211267228151775e-02
cz,2.195320000000000160e+00,2.380850000000000133e+00,2.703959999999999919e+00,2.956609999999999960e+00,3.169999999999999929e+00,3.202179999999999804e+00,2.471470000000000056e+00,2.138640000000000096e+00,1.846670000000000034e+00,1.463519999999999932e+00,1.253819999999999935e+00,1.168789999999999996e+00,1.107939999999999925e+00,1.008690000000000087e+00,7.950700000000000545e-01,2.192079999999999806e+00,2.375350000000000072e+00,2.697119999999999962e+00,2.947810000000000041e+00,3.158549999999999969e+00,3.187180000000000124e+00,2.450239999999999974e+00,2.118869999999999809e+00,1.830999999999999961e+00,1.459009999999999918e+00,1.249829999999999997e+00,1.164849999999999941e+00,1.103679999999999994e+00,1.003679999999999906e+00,7.892000000000000126e-01,-3.020000000000000115e-03,1.562000000000000020e-02,-1.186000000000000075e-02,-1.109499999999999931e-01,-7.978000000000000369e-02,-3.889999999999999795e-03,1.128000000000000010e-02,6.099999999999999737e-04,-1.024299999999999933e-01,-7.611999999999999322e-02
cz*c/cref,3.191092305037957377e+00,3.220074619590343801e+00,3.383754643309413446e+00,3.401061303242276068e+00,3.326203960548621108e+00,3.123475591971697884e+00,2.295387677558008210e+00,1.886501097509498015e+00,1.542820172599784323e+00,1.154463470622525190e+00,9.188984140384732768e-01,7.802955812344636310e-01,6.673663194235059937e-01,5.417635892178738199e-01,3.751553939107654112e-01,3.186382677708764266e+00,3.212635927355324217e+00,3.375195018995357010e+00,3.390938446501436943e+00,3.314189753814147377e+00,3.108844267723974486e+00,2.275670229887368112e+00,1.869061918078755324e+00,1.529728503755519275e+00,1.150905862764410648e+00,9.159742266176206238e-01,7.776651988817194772e-01,6.648003135741422653e-01,5.390727371404450130e-01,3.723856224915743640e-01,-2.334350104189699196e-03,1.133676338552868854e-02,-8.050161644790181439e-03,-7.011363209980769895e-02,-4.669963382848566630e-02,-3.006828445462890551e-03,8.186856017206376249e-03,4.140470997741998224e-04,-6.472951181598289583e-02,-4.455723398125254614e-02
Results_Name,VSPAERO_Comp_Load
Results_Timestamp,1758915291
Results_Date,9,26,2025
Results_Time,15,34,51
AoA,1.400000000000000000e+01,1.400000000000000000e+01,1.400000000000000000e+01,1.400000000000000000e+01,1.400000000000000000e+01,1.400000000000000000e+01,1.400000000000000000e+01,1.400000000000000000e+01,1.400000000000000000e+01
Beta,0.000000000000000000e+00,0.000000000000000000e+00,0.000000000000000000e+00,0.000000000000000000e+00,0.000000000000000000e+00,0.000000000000000000e+00,0.000000000000000000e+00,0.000000000000000000e+00,0.000000000000000000e+00
CDi,0.000000000000000000e+00,9.016000000000000403e-02,8.919000000000000539e-02,3.099999999999999999e-04,6.000000000000000152e-05,0.000000000000000000e+00,0.000000000000000000e+00,0.000000000000000000e+00,0.000000000000000000e+00
CFx,0.000000000000000000e+00,-2.043899999999999884e-01,-2.038300000000000112e-01,9.700000000000000505e-04,6.499999999999999702e-04,0.000000000000000000e+00,0.000000000000000000e+00,0.000000000000000000e+00,0.000000000000000000e+00
CFy,0.000000000000000000e+00,-8.019999999999999352e-03,7.870000000000000259e-03,5.999999999999999474e-04,-8.000000000000000383e-04,0.000000000000000000e+00,0.000000000000000000e+00,0.000000000000000000e+00,0.000000000000000000e+00
CFz,0.000000000000000000e+00,1.192450000000000010e+00,1.186190000000000078e+00,-2.619999999999999933e-03,-2.340000000000000066e-03,0.000000000000000000e+00,0.000000000000000000e+00,0.000000000000000000e+00,0.000000000000000000e+00
CL,0.000000000000000000e+00,1.206469999999999931e+00,1.200269999999999948e+00,-2.779999999999999919e-03,-2.429999999999999868e-03,0.000000000000000000e+00,0.000000000000000000e+00,0.000000000000000000e+00,0.000000000000000000e+00
Cmx,0.000000000000000000e+00,2.313000000000000056e-01,-2.298300000000000065e-01,-2.200000000000000078e-04,2.000000000000000096e-04,3.000000000000000076e-05,-3.000000000000000076e-05,-0.000000000000000000e+00,0.000000000000000000e+00
Cmy,0.000000000000000000e+00,-4.457900000000000196e-01,-4.426899999999999724e-01,9.239999999999999949e-03,8.319999999999999271e-03,2.599999999999999881e-02,2.586000000000000104e-02,0.000000000000000000e+00,0.000000000000000000e+00
Cmz,0.000000000000000000e+00,4.519000000000000100e-02,-4.501000000000000140e-02,1.600000000000000131e-04,-2.300000000000000070e-04,-4.000000000000000327e-05,4.000000000000000327e-05,1.000000000000000082e-05,3.000000000000000076e-05
Comp_ID,0,1,2,3,4,5,6,7,8
Comp_Name,NONE,main_wing,main_wing,horizontal_tail,horizontal_tail,fuselage,fuselage,fuselage,fuselage
Cs,0.000000000000000000e+00,-8.019999999999999352e-03,7.870000000000000259e-03,5.999999999999999474e-04,-8.000000000000000383e-04,0.000000000000000000e+00,0.000000000000000000e+00,0.000000000000000000e+00,0.000000000000000000e+00
Mach,1.499999999999999944e-01,1.499999999999999944e-01,1.499999999999999944e-01,1.499999999999999944e-01,1.499999999999999944e-01,1.499999999999999944e-01,1.499999999999999944e-01,1.499999999999999944e-01,1.499999999999999944e-01
Results_Name,VSPAERO_Load
Results_Timestamp,1758915291
Results_Date,9,26,2025
Results_Time,15,34,51
AnalysisMethod,0
Chord,1.735549999999999926e+00,1.614840000000000053e+00,1.494150000000000089e+00,1.373459999999999903e+00,1.252809999999999979e+00,1.164630000000000054e+00,1.108910000000000062e+00,1.053209999999999980e+00,9.975199999999999623e-01,9.418400000000000105e-01,8.750400000000000400e-01,7.971099999999999852e-01,7.191899999999999959e-01,6.412799999999999612e-01,5.633799999999999919e-01,1.735549999999999926e+00,1.614840000000000053e+00,1.494150000000000089e+00,1.373459999999999903e+00,1.252809999999999979e+00,1.164630000000000054e+00,1.108910000000000062e+00,1.053209999999999980e+00,9.975199999999999623e-01,9.418400000000000105e-01,8.750400000000000400e-01,7.971099999999999852e-01,7.191899999999999959e-01,6.412799999999999612e-01,5.633799999999999919e-01,9.229000000000000536e-01,8.665699999999999514e-01,8.104299999999999837e-01,7.545199999999999685e-01,6.988999999999999657e-01,9.229000000000000536e-01,8.665699999999999514e-01,8.104299999999999837e-01,7.545199999999999685e-01,6.988999999999999657e-01
FC_AoA_,1.500000000000000000e+01
FC_Beta_,0.000000000000000000e+00
FC_Bref_,1.417173599999999922e+01
FC_Cref_,1.193975999999999926e+00
FC_Mach_,1.499999999999999944e-01
FC_Pitch_Rate,0.000000000000000000e+00
FC_Rho_,2.377000000000000206e-03
FC_Roll__Rate,0.000000000000000000e+00
FC_Sref_,1.619368700000000061e+01
FC_Vinf_,5.100000000000000000e+01
FC_Xcg_,1.774861999999999940e+00
FC_Yaw___Rate,0.000000000000000000e+00
FC_Ycg_,0.000000000000000000e+00
FC_Zcg_,7.545150000000000468e-01
S,3.314000000000000279e-02,8.981999999999999706e-02,1.368900000000000117e-01,1.839600000000000124e-01,2.310300000000000131e-01,2.997400000000000064e-01,4.117600000000000149e-01,5.454599999999999449e-01,6.791599999999999859e-01,8.128699999999999815e-01,9.157600000000000184e-01,9.578200000000000047e-01,9.698700000000000099e-01,9.819200000000000150e-01,9.939700000000000202e-01,3.314000000000000279e-02,8.981999999999999706e-02,1.368900000000000117e-01,1.839600000000000124e-01,2.310300000000000131e-01,2.997400000000000064e-01,4.117600000000000149e-01,5.454599999999999449e-01,6.791599999999999859e-01,8.128699999999999815e-01,9.157600000000000184e-01,9.578200000000000047e-01,9.698700000000000099e-01,9.819200000000000150e-01,9.939700000000000202e-01,1.020299999999999957e-01,3.035599999999999965e-01,5.025399999999999867e-01,7.015200000000000324e-01,9.005100000000000326e-01,1.020299999999999957e-01,3.035599999999999965e-01,5.025399999999999867e-01,7.015200000000000324e-01,9.005100000000000326e-01
V/Vref,9.749799999999999578e-01,9.840600000000000458e-01,9.843399999999999928e-01,9.882499999999999618e-01,1.002559999999999896e+00,1.010639999999999983e+00,1.006440000000000001e+00,9.968700000000000339e-01,9.885199999999999543e-01,9.850999999999999757e-01,1.012720000000000065e+00,1.011589999999999989e+00,1.012880000000000003e+00,1.013190000000000035e+00,1.016019999999999923e+00,9.751999999999999558e-01,9.841999999999999638e-01,9.842699999999999783e-01,9.881900000000000128e-01,1.002480000000000038e+00,1.010590000000000099e+00,1.006399999999999961e+00,9.962900000000000089e-01,9.881600000000000383e-01,9.852600000000000247e-01,1.012459999999999916e+00,1.011239999999999917e+00,1.012250000000000094e+00,1.012219999999999898e+00,1.018469999999999986e+00,9.712399999999999922e-01,9.774699999999999500e-01,1.061809999999999921e+00,1.011819999999999942e+00,1.010709999999999997e+00,9.710299999999999487e-01,9.773600000000000065e-01,1.057139999999999969e+00,1.010780000000000012e+00,1.010490000000000110e+00
WingId,1,1,1,1,1,1,1,1,1,1,1,1,1,1,1,2,2,2,2,2,2,2,2,2,2,2,2,2,2,2,3,3,3,3,3,4,4,4,4,4
Xavg,2.392879999999999896e+00,2.382319999999999993e+00,2.371750000000000025e+00,2.361190000000000122e+00,2.350620000000000154e+00,2.337899999999999867e+00,2.323770000000000113e+00,2.309619999999999784e+00,2.295469999999999899e+00,2.281299999999999883e+00,2.284749999999999837e+00,2.305000000000000160e+00,2.325239999999999974e+00,2.345470000000000166e+00,2.365699999999999914e+00,2.392879999999999896e+00,2.382319999999999993e+00,2.371750000000000025e+00,2.361190000000000122e+00,2.350620000000000154e+00,2.337899999999999867e+00,2.323770000000000113e+00,2.309619999999999784e+00,2.295469999999999899e+00,2.281299999999999883e+00,2.284749999999999837e+00,2.305000000000000160e+00,2.325239999999999974e+00,2.345470000000000166e+00,2.365699999999999914e+00,5.722059999999999924e+00,5.820210000000000328e+00,5.918350000000000222e+00,6.016490000000000116e+00,6.114630000000000010e+00,5.722059999999999924e+00,5.820210000000000328e+00,5.918350000000000222e+00,6.016490000000000116e+00,6.114630000000000010e+00
Yavg,1.718899999999999872e-01,5.195499999999999563e-01,8.671900000000000164e-01,1.214800000000000102e+00,1.562359999999999971e+00,2.228590000000000071e+00,3.216559999999999864e+00,4.204550000000000232e+00,5.192569999999999908e+00,6.180620000000000225e+00,6.716649999999999565e+00,6.791660000000000252e+00,6.866660000000000430e+00,6.941650000000000098e+00,7.016610000000000014e+00,-1.718899999999999872e-01,-5.195499999999999563e-01,-8.671900000000000164e-01,-1.214800000000000102e+00,-1.562359999999999971e+00,-2.228590000000000071e+00,-3.216559999999999864e+00,-4.204550000000000232e+00,-5.192569999999999908e+00,-6.180620000000000225e+00,-6.716649999999999565e+00,-6.791660000000000252e+00,-6.866660000000000430e+00,-6.941650000000000098e+00,-7.016610000000000014e+00,1.078800000000000037e-01,3.257399999999999740e-01,5.435900000000000176e-01,7.614400000000000057e-01,9.792699999999999738e-01,-1.078800000000000037e-01,-3.257399999999999740e-01,-5.435900000000000176e-01,-7.614400000000000057e-01,-9.792699999999999738e-01
Zavg,1.119259999999999922e+00,1.109900000000000109e+00,1.100540000000000074e+00,1.091180000000000039e+00,1.081830000000000069e+00,1.094910000000000050e+00,1.130849999999999911e+00,1.166740000000000110e+00,1.202599999999999891e+00,1.238469999999999960e+00,1.270329999999999959e+00,1.298289999999999944e+00,1.326240000000000085e+00,1.354190000000000005e+00,1.382130000000000081e+00,1.119259999999999922e+00,1.109900000000000109e+00,1.100540000000000074e+00,1.091180000000000039e+00,1.081830000000000069e+00,1.094910000000000050e+00,1.130849999999999911e+00,1.166740000000000110e+00,1.202599999999999891e+00,1.238469999999999960e+00,1.270329999999999959e+00,1.298289999999999944e+00,1.326240000000000085e+00,1.354190000000000005e+00,1.382130000000000081e+00,3.777900000000000147e-01,5.956799999999999873e-01,8.135799999999999699e-01,1.031470000000000109e+00,1.249349999999999961e+00,3.777900000000000147e-01,5.956799999999999873e-01,8.135799999999999699e-01,1.031470000000000109e+00,1.249349999999999961e+00
cd,2.258600000000000052e-01,1.911700000000000066e-01,4.193399999999999905e-01,4.224800000000000222e-01,4.143800000000000261e-01,3.882599999999999940e-01,4.522999999999999937e-02,4.864999999999999880e-02,5.895999999999999852e-02,6.403999999999999970e-02,9.243999999999999440e-02,3.045000000000000137e-02,-1.955000000000000140e-02,-2.728999999999999829e-02,-3.828999999999999765e-02,2.244299999999999906e-01,1.901899999999999979e-01,4.180900000000000172e-01,4.208000000000000074e-01,4.116900000000000004e-01,3.845500000000000029e-01,4.333999999999999658e-02,4.671000000000000152e-02,5.664999999999999897e-02,6.436999999999999666e-02,9.273000000000000687e-02,3.090000000000000038e-02,-1.896000000000000116e-02,-3.019000000000000156e-02,-4.186999999999999750e-02,2.390000000000000197e-03,1.610000000000000103e-03,1.805999999999999966e-02,-1.879000000000000115e-02,-1.564000000000000112e-02,2.190000000000000106e-03,1.559999999999999972e-03,1.735000000000000084e-02,-1.815999999999999906e-02,-1.502999999999999996e-02
cd*c/cref,3.283075396825396730e-01,2.585554171943155177e-01,5.247650379907133900e-01,4.859891495306438158e-01,4.347988634612421910e-01,3.787171968280769740e-01,4.200754395398232505e-02,4.291431862952019283e-02,4.925876165015041774e-02,5.051645393207233881e-02,6.774733964501800099e-02,2.032871640635992849e-02,-1.177591886269070860e-02,-1.465735592675229508e-02,-1.806721424886262306e-02,3.262289078674948106e-01,2.572299774869846734e-01,5.232007791613902947e-01,4.840566041528472918e-01,4.319763118354138509e-01,3.750983826308066926e-01,4.025219887166911481e-02,4.120303850328650014e-02,4.732884748102138966e-02,5.077676670217826788e-02,6.795987457034313728e-02,2.062914078674948221e-02,-1.142053307604173028e-02,-1.621493497356731039e-02,-1.975644451814776922e-02,1.847383029474629519e-03,1.168514023732470470e-03,1.225850921626565546e-02,-1.187413381843521222e-02,-9.154954538449684015e-03,1.692790307342861454e-03,1.132224768337052002e-03,1.177658554275798006e-02,-1.147601224815239171e-02,-8.797887897244165145e-03
cl,2.267949999999999910e+00,2.472109999999999808e+00,2.746760000000000090e+00,3.010819999999999830e+00,3.238129999999999953e+00,3.281470000000000109e+00,2.623429999999999929e+00,2.284089999999999954e+00,1.985309999999999908e+00,1.576060000000000016e+00,1.347429999999999906e+00,1.272699999999999942e+00,1.224909999999999943e+00,1.143429999999999946e+00,9.224700000000000122e-01,2.266059999999999963e+00,2.468589999999999840e+00,2.742329999999999934e+00,3.004830000000000112e+00,3.229890000000000150e+00,3.270360000000000156e+00,2.608429999999999804e+00,2.266880000000000006e+00,1.967610000000000081e+00,1.570850000000000080e+00,1.343050000000000077e+00,1.268219999999999903e+00,1.219419999999999948e+00,1.121329999999999938e+00,9.021599999999999620e-01,1.568999999999999909e-02,1.222999999999999955e-02,1.801000000000000170e-02,-7.674999999999999878e-02,-6.460000000000000464e-02,1.439000000000000001e-02,1.171999999999999952e-02,1.780999999999999944e-02,-7.471999999999999476e-02,-6.217000000000000304e-02
cl*c/cref,3.296666451000689779e+00,3.343502811111781270e+00,3.437314865625440419e+00,3.463420401415103544e+00,3.397691113807983054e+00,3.200816771945165229e+00,2.436521137192037667e+00,2.014803001819132078e+00,1.658648441174696897e+00,1.243238013494408767e+00,9.875032221753201611e-01,8.496669087150829913e-01,7.378230574986431867e-01,6.141319343102373818e-01,4.352693425998512833e-01,3.293919168391994390e+00,3.338742048081368541e+00,3.431771132334318519e+00,3.456529956883555244e+00,3.389045082061951319e+00,3.189979837785684502e+00,2.422589827014948405e+00,1.999622006472492108e+00,1.643860787151500524e+00,1.239128227033039265e+00,9.842932119238579913e-01,8.466760171058713702e-01,7.345161626364349328e-01,6.022621077810609291e-01,4.256860278598564862e-01,1.212779905123721053e-02,8.876351869719323676e-03,1.222457092939891778e-02,-4.850131828445462812e-02,-3.781394265881391631e-02,1.112294635738071864e-02,8.506201464686056687e-03,1.208881778193196532e-02,-4.721848211354331970e-02,-3.639152964548700991e-02
cmx,2.034600000000000020e-01,7.555899999999999839e-01,1.564459999999999962e+00,2.633350000000000080e+00,3.996500000000000163e+00,6.307909999999999684e+00,7.431169999999999831e+00,8.897980000000000445e+00,1.010270000000000046e+01,1.014802000000000071e+01,1.039337000000000089e+01,1.071298999999999957e+01,1.138174000000000063e+01,1.193953999999999915e+01,1.100389000000000017e+01,-2.033000000000000085e-01,-7.545199999999999685e-01,-1.561970000000000081e+00,-2.628060000000000063e+00,-3.985939999999999817e+00,-6.285389999999999588e+00,-7.387260000000000382e+00,-8.829179999999999140e+00,-1.001012000000000057e+01,-1.011579000000000050e+01,-1.036103999999999914e+01,-1.067750999999999983e+01,-1.133468000000000053e+01,-1.171387000000000000e+01,-1.076348999999999911e+01,-4.230000000000000253e-03,8.099999999999999561e-04,1.967999999999999958e-02,-1.014599999999999946e-01,-1.399299999999999988e-01,3.919999999999999873e-03,-6.199999999999999999e-04,-1.952999999999999875e-02,9.829000000000000237e-02,1.344100000000000017e-01
cmx*c/cref,2.957471532091097144e-01,1.021927539247020178e+00,1.957776294498382086e+00,3.029207363464592184e+00,4.193430324395130526e+00,6.152871769030533677e+00,6.901728949911891675e+00,7.848936256507669462e+00,8.440408604528064629e+00,8.005027870576963522e+00,7.617083161470584507e+00,7.152096406376677429e+00,6.855777327684979383e+00,6.412681838830931014e+00,5.192207840191092494e+00,-2.955145790200138234e-01,-1.020480375484934310e+00,-1.954660290910370302e+00,-3.023122146173792490e+00,-4.182349973031284307e+00,-6.130905274226617685e+00,-6.860947361253493249e+00,-7.788247559247421847e+00,-8.363061654840633352e+00,-7.979603990029951355e+00,-7.593389181692094425e+00,-7.128409613007296919e+00,-6.827430793583791235e+00,-6.291475334177571099e+00,-5.078774612052503024e+00,-3.269636073086896588e-03,5.878859374057770386e-04,1.335810971074795524e-02,-6.411653098554744024e-02,-8.190874607194784107e-02,3.030017353782655815e-03,-4.499867669031873689e-04,-1.325629485014774220e-02,6.211328435412437343e-02,7.867758564661266052e-02
cmy,-6.185599999999999987e-01,-7.240400000000000169e-01,-8.282599999999999962e-01,-9.976500000000000368e-01,-1.175890000000000102e+00,-1.274850000000000039e+00,-1.048440000000000039e+00,-9.254000000000000004e-01,-8.088100000000000289e-01,-6.096899999999999542e-01,-5.619600000000000151e-01,-6.656600000000000295e-01,-8.193599999999999772e-01,-9.622300000000000297e-01,-9.821299999999999475e-01,-6.182400000000000118e-01,-7.227599999999999580e-01,-8.265900000000000469e-01,-9.951299999999999590e-01,-1.172069999999999945e+00,-1.269269999999999898e+00,-1.039900000000000047e+00,-9.154099999999999460e-01,-7.971700000000000452e-01,-6.068799999999999750e-01,-5.595999999999999863e-01,-6.625799999999999468e-01,-8.142500000000000293e-01,-9.324999999999999956e-01,-9.508600000000000385e-01,-7.174999999999999434e-02,-4.281999999999999695e-02,-8.663999999999999480e-02,4.079099999999999948e-01,3.872499999999999831e-01,-6.555999999999999328e-02,-3.871999999999999748e-02,-8.394999999999999685e-02,3.947599999999999998e-01,3.731099999999999972e-01
cmy*c/cref,-8.991318150448585067e-01,-9.792564956079520266e-01,-1.036490414380188740e+00,-1.147621366761141015e+00,-1.233832799738018515e+00,-1.243516247814026476e+00,-9.737428561378119740e-01,-8.162982622766287166e-01,-6.757289520057354615e-01,-4.809396751693501559e-01,-4.118487125369355017e-01,-4.444010956669146029e-01,-4.935405053367907247e-01,-5.168100986954511367e-01,-4.634200347410667997e-01,-8.986666666666666137e-01,-9.775253090514381960e-01,-1.034400564584212923e+00,-1.144722548694446118e+00,-1.229824566574202471e+00,-1.238073395193873161e+00,-9.658112968769893003e-01,-8.074860517296830187e-01,-6.660041896989554733e-01,-4.787230724905693346e-01,-4.101191179722206148e-01,-4.423448576855815717e-01,-4.904625030151360532e-01,-5.008422279844820801e-01,-4.486652217465008086e-01,-5.546013906477181843e-02,-3.107811832063625893e-02,-5.880826348268307358e-02,2.577742376731190777e-01,2.266787816505524134e-01,-5.067549431479359545e-02,-2.810239937821195841e-02,-5.698238364925258675e-02,2.494642398172157716e-01,2.184018598363786090e-01
cmz,5.872000000000000136e-02,1.873400000000000065e-01,2.423599999999999921e-01,3.730999999999999872e-01,5.859199999999999964e-01,8.522600000000000176e-01,1.811280000000000001e+00,2.153540000000000010e+00,2.362979999999999858e+00,2.229760000000000186e+00,1.778589999999999893e+00,2.372599999999999820e+00,3.053729999999999833e+00,3.403449999999999864e+00,3.379649999999999821e+00,-5.868999999999999911e-02,-1.870699999999999863e-01,-2.419399999999999884e-01,-3.726499999999999813e-01,-5.859999999999999654e-01,-8.541800000000000503e-01,-1.806210000000000093e+00,-2.143720000000000070e+00,-2.350880000000000081e+00,-2.218690000000000051e+00,-1.768250000000000099e+00,-2.358610000000000095e+00,-3.031870000000000065e+00,-3.351890000000000036e+00,-3.337470000000000159e+00,-7.174999999999999434e-02,-5.772000000000000047e-02,-2.710400000000000031e-01,2.776199999999999779e-01,3.828099999999999836e-01,6.587999999999999412e-02,5.344999999999999751e-02,2.696799999999999753e-01,-2.590999999999999970e-01,-3.667799999999999949e-01
cmz*c/cref,8.535472739820565424e-02,2.533753824197471638e-01,3.032910158998171068e-01,4.291861193189812629e-01,6.147916165819079515e-01,8.313128268909928398e-01,1.682233566503849476e+00,1.899644434561498896e+00,1.974176875917103668e+00,1.758893946276977260e+00,1.303491354600092578e+00,1.583970855360576691e+00,1.839410573328107201e+00,1.827980140304327650e+00,1.594694714969145055e+00,-8.531111973775017121e-02,-2.530102102554825372e-01,-3.027654249331644953e-01,-4.286684732356428884e-01,-6.148755586376946081e-01,-8.331856363947015565e-01,-1.677524783663993491e+00,-1.890982181551388086e+00,-1.964067801697856552e+00,-1.750161636079787364e+00,-1.295913385193672607e+00,-1.574630995179132631e+00,-1.826243228758367199e+00,-1.800287459044402905e+00,-1.574791996321534215e+00,-5.546013906477181843e-02,-4.189231642847092429e-02,-1.839726654472116918e-01,1.754389053046292168e-01,2.240798047866958687e-01,5.092284267020442956e-02,3.879321401770220029e-02,1.830495440444364075e-01,-1.637353950163152327e-01,-2.146965617399344550e-01
cs,1.160599999999999965e-01,1.558700000000000085e-01,2.043500000000000039e-01,1.864200000000000024e-01,1.905199999999999949e-01,-1.350899999999999879e-01,-9.997999999999999943e-02,-7.559000000000000441e-02,-6.708999999999999686e-02,-1.103599999999999998e-01,-3.730800000000000227e-01,-2.502499999999999725e-01,-1.666300000000000003e-01,-6.260999999999999899e-02,-2.384000000000000008e-02,-1.157699999999999979e-01,-1.552800000000000014e-01,-2.034999999999999865e-01,-1.854200000000000015e-01,-1.894699999999999995e-01,1.342800000000000105e-01,9.886000000000000343e-02,7.488000000000000211e-02,6.672999999999999765e-02,1.101899999999999963e-01,3.724100000000000188e-01,2.508500000000000174e-01,1.693399999999999905e-01,7.796999999999999764e-02,3.712000000000000022e-02,-1.572000000000000133e-02,-1.535000000000000080e-02,-5.668000000000000121e-02,5.625999999999999751e-02,6.635000000000000620e-02,1.447000000000000022e-02,1.477999999999999974e-02,5.648000000000000242e-02,-5.330000000000000016e-02,-6.353000000000000314e-02
cs*c/cref,1.687035024154589224e-01,2.108125379404611477e-01,2.557250334177571527e-01,2.144435174576373171e-01,1.999080058560641360e-01,-1.317697061749985021e-01,-9.285682610035712881e-02,-6.667817770206437011e-02,-5.605105697266946074e-02,-8.705490093603221458e-02,-2.734225170355183421e-01,-1.670693359833028413e-01,-1.003693790327443852e-01,-3.362759452451305475e-02,-1.124895240775358914e-02,-1.682819616977225541e-01,-2.100145691370680912e-01,-2.546613374138173569e-01,-2.132931928279965250e-01,-1.988062663738634772e-01,1.309796146656214411e-01,9.181662160713449650e-02,6.605188445998914915e-02,5.575029112812987520e-02,8.692080041809885360e-02,2.729314880701120272e-01,1.674699018238222648e-01,1.020017442561659549e-01,4.187739251040221988e-02,1.751514737314652931e-02,-1.215098795955697752e-02,-1.114080140639342985e-02,-3.847244199213385035e-02,3.555288816525625090e-02,3.883831417046908902e-02,1.118478344623342544e-02,1.072710389488566035e-02,3.833668884466689963e-02,-3.368234872392745355e-02,-3.718761264883046341e-02
cx,-3.688199999999999812e-01,-4.551700000000000190e-01,-3.058699999999999752e-01,-3.711699999999999999e-01,-4.378299999999999970e-01,-4.742700000000000249e-01,-6.353100000000000414e-01,-5.441700000000000426e-01,-4.568900000000000183e-01,-3.460599999999999787e-01,-2.594500000000000139e-01,-2.999899999999999789e-01,-3.359199999999999964e-01,-3.222999999999999754e-01,-2.757399999999999851e-01,-3.697099999999999831e-01,-4.552100000000000035e-01,-3.059299999999999797e-01,-3.712500000000000244e-01,-4.383000000000000229e-01,-4.749800000000000133e-01,-6.332499999999999796e-01,-5.415999999999999703e-01,-4.545299999999999896e-01,-3.443899999999999739e-01,-2.580299999999999816e-01,-2.983999999999999986e-01,-3.339199999999999946e-01,-3.193799999999999972e-01,-2.739400000000000168e-01,-1.750000000000000036e-03,-1.610000000000000103e-03,1.278999999999999929e-02,1.709999999999999932e-03,1.610000000000000103e-03,-1.600000000000000077e-03,-1.520000000000000084e-03,1.214999999999999934e-02,1.799999999999999951e-03,1.580000000000000024e-03
cx*c/cref,-5.361125776397515086e-01,-6.156126444752658688e-01,-3.827678785000703798e-01,-4.269659927837745061e-01,-4.594043785637232924e-01,-4.626132100645239387e-01,-5.900467112404270686e-01,-4.800140754085510109e-01,-3.817136297547019663e-01,-2.729813249177537871e-01,-1.901454702607087988e-01,-2.002762441623616996e-01,-2.023410058493638197e-01,-1.731061126856821009e-01,-1.301084788973982664e-01,-5.374062715665975931e-01,-6.156667440551569781e-01,-3.828429629238778720e-01,-4.270580187541458406e-01,-4.598975381414702746e-01,-4.633057594122495515e-01,-5.881334779761067111e-01,-4.777470702928702240e-01,-3.797419425516090907e-01,-2.716639845357025629e-01,-1.891047820056684647e-01,-1.992147446849852899e-01,-2.011363082675028668e-01,-1.715377917144063069e-01,-1.292591452424504406e-01,-1.352686318652971493e-03,-1.168514023732470470e-03,8.681413780511501588e-03,1.080615690767653628e-03,9.424217907227616089e-04,-1.236741777054145390e-03,-1.103193364020717358e-03,8.247003708617259635e-03,1.137490200808056497e-03,9.248611362372442714e-04
cy,1.160599999999999965e-01,1.558700000000000085e-01,2.043500000000000039e-01,1.864200000000000024e-01,1.905199999999999949e-01,-1.350899999999999879e-01,-9.997999999999999943e-02,-7.559000000000000441e-02,-6.708999999999999686e-02,-1.103599999999999998e-01,-3.730800000000000227e-01,-2.502499999999999725e-01,-1.666300000000000003e-01,-6.260999999999999899e-02,-2.384000000000000008e-02,-1.157699999999999979e-01,-1.552800000000000014e-01,-2.034999999999999865e-01,-1.854200000000000015e-01,-1.894699999999999995e-01,1.342800000000000105e-01,9.886000000000000343e-02,7.488000000000000211e-02,6.672999999999999765e-02,1.101899999999999963e-01,3.724100000000000188e-01,2.508500000000000174e-01,1.693399999999999905e-01,7.796999999999999764e-02,3.712000000000000022e-02,-1.572000000000000133e-02,-1.535000000000000080e-02,-5.668000000000000121e-02,5.625999999999999751e-02,6.635000000000000620e-02,1.447000000000000022e-02,1.477999999999999974e-02,5.648000000000000242e-02,-5.330000000000000016e-02,-6.353000000000000314e-02
cy*c/cref,1.687035024154589224e-01,2.108125379404611477e-01,2.557250334177571527e-01,2.144435174576373171e-01,1.999080058560641360e-01,-1.317697061749985021e-01,-9.285682610035712881e-02,-6.667817770206437011e-02,-5.605105697266946074e-02,-8.705490093603221458e-02,-2.734225170355183421e-01,-1.670693359833028413e-01,-1.003693790327443852e-01,-3.362759452451305475e-02,-1.124895240775358914e-02,-1.682819616977225541e-01,-2.100145691370680912e-01,-2.546613374138173569e-01,-2.132931928279965250e-01,-1.988062663738634772e-01,1.309796146656214411e-01,9.181662160713449650e-02,6.605188445998914915e-02,5.575029112812987520e-02,8.692080041809885360e-02,2.729314880701120272e-01,1.674699018238222648e-01,1.020017442561659549e-01,4.187739251040221988e-02,1.751514737314652931e-02,-1.215098795955697752e-02,-1.114080140639342985e-02,-3.847244199213385035e-02,3.555288816525625090e-02,3.883831417046908902e-02,1.118478344623342544e-02,1.072710389488566035e-02,3.833668884466689963e-02,-3.368234872392745355e-02,-3.718761264883046341e-02
cz,2.249130000000000074e+00,2.437359999999999971e+00,2.761699999999999822e+00,3.017570000000000086e+00,3.235040000000000138e+00,3.270140000000000047e+00,2.545749999999999957e+00,2.218850000000000211e+00,1.932919999999999972e+00,1.538929999999999909e+00,1.325439999999999952e+00,1.237219999999999986e+00,1.178120000000000056e+00,1.097409999999999997e+00,8.811299999999999688e-01,2.246929999999999872e+00,2.433699999999999974e+00,2.757089999999999819e+00,3.011350000000000193e+00,3.226389999999999869e+00,3.258459999999999912e+00,2.530769999999999964e+00,2.201729999999999965e+00,1.915229999999999988e+00,1.533979999999999899e+00,1.321280000000000010e+00,1.233000000000000096e+00,1.172960000000000003e+00,1.075309999999999988e+00,8.605800000000000116e-01,1.577999999999999889e-02,1.222999999999999955e-02,2.206999999999999934e-02,-7.900000000000000078e-02,-6.644999999999999518e-02,1.447000000000000022e-02,1.171999999999999952e-02,2.169000000000000095e-02,-7.686999999999999389e-02,-6.393999999999999684e-02
cz*c/cref,3.269309912008281582e+00,3.296503801081429152e+00,3.456010887153510680e+00,3.471185092665179273e+00,3.394448851903221431e+00,3.189765245030051322e+00,2.364375525554952784e+00,1.957254591800840604e+00,1.614878656187394013e+00,1.213948882724610989e+00,9.713872118032523817e-01,8.259801153457020373e-01,7.096391575710064847e-01,5.894147661259523385e-01,4.157629796578825587e-01,3.266112016908212290e+00,3.291553689521397708e+00,3.450241900590966804e+00,3.464030073468813420e+00,3.385372617121282346e+00,3.178372320549156971e+00,2.350462790458099693e+00,1.942152985738407001e+00,1.600099356770990244e+00,1.210044191173021977e+00,9.683384349434160931e-01,8.231628022673823653e-01,7.065310378098053068e-01,5.775449395967757749e-01,4.060664204305614589e-01,1.219736577619650632e-02,8.876351869719323676e-03,1.498035982297801771e-02,-4.992318103546470459e-02,-3.889684968542080762e-02,1.118478344623342544e-02,8.506201464686056687e-03,1.472242884279081204e-02,-4.857715096450849340e-02,-3.742760826013252773e-02
Results_Name,VSPAERO_Comp_Load
Results_Timestamp,1758915291
Results_Date,9,26,2025
Results_Time,15,34,51
AoA,1.500000000000000000e+01,1.500000000000000000e+01,1.500000000000000000e+01,1.500000000000000000e+01,1.500000000000000000e+01,1.500000000000000000e+01,1.500000000000000000e+01,1.500000000000000000e+01,1.500000000000000000e+01
Beta,0.000000000000000000e+00,0.000000000000000000e+00,0.000000000000000000e+00,0.000000000000000000e+00,0.000000000000000000e+00,0.000000000000000000e+00,0.000000000000000000e+00,0.000000000000000000e+00,0.000000000000000000e+00
CDi,0.000000000000000000e+00,9.550999999999999768e-02,9.458999999999999353e-02,-1.299999999999999886e-04,-1.299999999999999886e-04,0.000000000000000000e+00,0.000000000000000000e+00,0.000000000000000000e+00,0.000000000000000000e+00
CFx,0.000000000000000000e+00,-2.302299999999999902e-01,-2.297599999999999920e-01,1.800000000000000113e-04,1.800000000000000113e-04,0.000000000000000000e+00,0.000000000000000000e+00,0.000000000000000000e+00,0.000000000000000000e+00
CFy,0.000000000000000000e+00,-7.870000000000000259e-03,7.870000000000000259e-03,2.999999999999999737e-04,-2.500000000000000052e-04,0.000000000000000000e+00,0.000000000000000000e+00,0.000000000000000000e+00,0.000000000000000000e+00
CFz,0.000000000000000000e+00,1.228269999999999973e+00,1.222939999999999916e+00,-1.199999999999999895e-03,-1.170000000000000033e-03,0.000000000000000000e+00,0.000000000000000000e+00,0.000000000000000000e+00,0.000000000000000000e+00
CL,0.000000000000000000e+00,1.245999999999999996e+00,1.240730000000000111e+00,-1.209999999999999921e-03,-1.180000000000000059e-03,0.000000000000000000e+00,0.000000000000000000e+00,0.000000000000000000e+00,0.000000000000000000e+00
Cmx,0.000000000000000000e+00,2.398399999999999976e-01,-2.384699999999999875e-01,-1.600000000000000131e-04,1.499999999999999869e-04,4.000000000000000327e-05,-4.000000000000000327e-05,-0.000000000000000000e+00,0.000000000000000000e+00
Cmy,0.000000000000000000e+00,-4.595799999999999885e-01,-4.568900000000000183e-01,4.329999999999999648e-03,4.259999999999999898e-03,2.841000000000000122e-02,2.827999999999999958e-02,-0.000000000000000000e+00,0.000000000000000000e+00
Cmz,0.000000000000000000e+00,5.070999999999999813e-02,-5.052999999999999853e-02,9.000000000000000567e-05,-6.999999999999999387e-05,-4.000000000000000327e-05,4.000000000000000327e-05,0.000000000000000000e+00,2.000000000000000164e-05
Comp_ID,0,1,2,3,4,5,6,7,8
Comp_Name,NONE,main_wing,main_wing,horizontal_tail,horizontal_tail,fuselage,fuselage,fuselage,fuselage
Cs,0.000000000000000000e+00,-7.870000000000000259e-03,7.870000000000000259e-03,2.999999999999999737e-04,-2.500000000000000052e-04,0.000000000000000000e+00,0.000000000000000000e+00,0.000000000000000000e+00,0.000000000000000000e+00
Mach,1.499999999999999944e-01,1.499999999999999944e-01,1.499999999999999944e-01,1.499999999999999944e-01,1.499999999999999944e-01,1.499999999999999944e-01,1.499999999999999944e-01,1.499999999999999944e-01,1.499999999999999944e-01
