Results_Name,VSPAERO_History
Results_Timestamp,1758045781
Results_Date,9,16,2025
Results_Time,14,3,1
Alpha,-5.000000000000000000e+00,-5.000000000000000000e+00,-5.000000000000000000e+00,-5.000000000000000000e+00,-5.000000000000000000e+00
AnalysisMethod,0
Beta,0.000000000000000000e+00,0.000000000000000000e+00,0.000000000000000000e+00,0.000000000000000000e+00,0.000000000000000000e+00
CDi,2.803692963999999954e-02,2.848464138100000043e-02,2.904050406400000145e-02,2.937090330200000168e-02,2.967117497799999851e-02
CDo,1.224591971499999939e-02,1.255932071100000075e-02,1.263513610399999952e-02,1.266682247800000015e-02,1.268572166600000044e-02
CDt,2.387338336200000091e-02,2.499460819200000072e-02,2.588951348699999877e-02,2.631501343900000123e-02,2.712094447900000038e-02
CDtot,4.028284935499999719e-02,4.104396209100000248e-02,4.167564016800000271e-02,4.203772578000000010e-02,4.235689664299999851e-02
CDtott,3.611930307700000203e-02,3.755392890300000147e-02,3.852464959100000003e-02,3.898183591700000311e-02,3.980666614399999692e-02
CFx,8.229596096900000657e-02,8.611893543099999326e-02,8.706653378600000270e-02,8.734667209900000284e-02,8.758018627199999628e-02
CFxi,7.006291314000000214e-02,7.357587602199999743e-02,7.444828584099999480e-02,7.469695111299999579e-02,7.491156595600000079e-02
CFxo,1.223304782899999922e-02,1.254305940899999930e-02,1.261824794499999923e-02,1.264972098600000011e-02,1.266862031600000070e-02
CFy,7.264707830000000175e-04,4.124953929999999750e-04,5.993293339999999740e-04,3.984427780000000265e-04,4.042788029999999839e-04
CFyi,7.160554239999999872e-04,4.103361739999999785e-04,5.987187840000000481e-04,3.983970799999999928e-04,4.018494559999999881e-04
CFyo,1.041535899999999977e-05,2.159218999999999901e-06,6.105500000000000243e-07,4.569800000000000329e-08,2.429347000000000002e-06
CFz,4.784532759560000126e-01,5.134172847319999899e-01,5.170006903670000264e-01,5.160482194659999911e-01,5.150552237140000322e-01
CFzi,4.791350706859999753e-01,5.141515040440000073e-01,5.177453848719999474e-01,5.167967358270000311e-01,5.158045636050000438e-01
CFzo,-6.817947310000000045e-04,-7.342193119999999851e-04,-7.446945049999999970e-04,-7.485163610000000354e-04,-7.493398900000000380e-04
CL,4.838051823949999775e-01,5.189693367409999869e-01,5.226216950740000255e-01,5.216972642749999611e-01,5.207283992729999644e-01
CLi,4.834182023210000234e-01,5.186075624670000161e-01,5.222638030189999947e-01,5.213404364770000132e-01,5.203707446859999752e-01
CLo,3.869800740000000142e-04,3.617742729999999757e-04,3.578920540000000094e-04,3.568277980000000003e-04,3.576545869999999869e-04
CMx,5.027414699999999820e-03,1.303897226000000006e-03,7.277531809999999643e-04,5.055549650000000115e-04,3.272699320000000030e-04
CMxi,5.033871916999999897e-03,1.306187434000000104e-03,7.289524479999999950e-04,5.064041550000000433e-04,3.277572839999999760e-04
CMxo,-6.457216999999999607e-06,-2.290207999999999910e-06,-1.199267000000000041e-06,-8.491899999999999960e-07,-4.873520000000000351e-07
CMy,-2.237606839880000031e-01,-2.353375138680000034e-01,-2.288606516009999980e-01,-2.210261679230000054e-01,-2.154349318169999916e-01
CMyi,-2.270308528849999952e-01,-2.387286066129999940e-01,-2.322663204390000014e-01,-2.244370441640000102e-01,-2.188418713520000058e-01
CMyo,3.270168897999999828e-03,3.391092745000000123e-03,3.405668838999999833e-03,3.410876241000000090e-03,3.406939534999999918e-03
CMz,-2.927132799999999867e-05,-8.923801000000000248e-06,1.260555800000000119e-04,8.673816999999999357e-05,9.223894300000000650e-05
CMzi,1.542311200000000095e-05,3.865624999999999941e-06,1.336418980000000066e-04,9.207149799999999544e-05,9.502514199999999409e-05
CMzo,-4.469443999999999961e-05,-1.278942599999999934e-05,-7.586317999999999759e-06,-5.333328000000000176e-06,-2.786198999999999868e-06
CS,7.264707830000000175e-04,4.124953929999999750e-04,5.993293339999999740e-04,3.984427780000000265e-04,4.042788029999999839e-04
CSi,7.160554239999999872e-04,4.103361739999999785e-04,5.987187840000000481e-04,3.983970799999999928e-04,4.018494559999999881e-04
CSo,1.041535899999999977e-05,2.159218999999999901e-06,6.105500000000000243e-07,4.569800000000000329e-08,2.429347000000000002e-06
E,2.139268999860000076e-01,2.423353590079999897e-01,2.410602235769999935e-01,2.375064293270000015e-01,2.342291011510000132e-01
FC_AoA_,-5.000000000000000000e+00
FC_Beta_,0.000000000000000000e+00
FC_Bref_,1.417173599999999922e+01
FC_Cref_,1.193991999999999942e+00
FC_Mach_,1.499999999999999944e-01
FC_Pitch_Rate,0.000000000000000000e+00
FC_ReCref_,3.870000000000000000e+06
FC_Rho_,2.377000000000000206e-03
FC_Roll__Rate,0.000000000000000000e+00
FC_Sref_,1.619368700000000061e+01
FC_Vinf_,5.100000000000000000e+01
FC_Xcg_,1.774861999999999940e+00
FC_Yaw___Rate,0.000000000000000000e+00
FC_Ycg_,0.000000000000000000e+00
FC_Zcg_,7.545150000000000468e-01
L/D,1.200059603667700081e+01,1.263541666167800059e+01,1.253163240946200041e+01,1.240172789564000055e+01,1.228538410330999930e+01
Mach,1.499999999999999944e-01,1.499999999999999944e-01,1.499999999999999944e-01,1.499999999999999944e-01,1.499999999999999944e-01
T/QS,0.000000000000000000e+00,0.000000000000000000e+00,0.000000000000000000e+00,0.000000000000000000e+00,0.000000000000000000e+00
WakeIter,1,2,3,4,5
Results_Name,VSPAERO_History
Results_Timestamp,1758045781
Results_Date,9,16,2025
Results_Time,14,3,1
Alpha,-4.000000000000000000e+00,-4.000000000000000000e+00,-4.000000000000000000e+00,-4.000000000000000000e+00,-4.000000000000000000e+00
AnalysisMethod,0
Beta,0.000000000000000000e+00,0.000000000000000000e+00,0.000000000000000000e+00,0.000000000000000000e+00,0.000000000000000000e+00
CDi,3.061135812899999989e-02,3.083984129200000035e-02,3.068602442700000058e-02,3.041838671600000099e-02,3.035497197100000058e-02
CDo,1.293721692499999985e-02,1.319066688199999927e-02,1.327596407599999917e-02,1.334267736099999969e-02,1.338594000400000067e-02
CDt,3.078004042499999857e-02,2.980009544200000124e-02,2.809690316299999838e-02,2.812613225800000144e-02,2.933244114100000063e-02
CDtot,4.354857505499999670e-02,4.403050817399999789e-02,4.396198850300000321e-02,4.376106407699999895e-02,4.374091197499999778e-02
CDtott,4.371725735100000232e-02,4.299076232400000225e-02,4.137286723800000232e-02,4.146880961899999940e-02,4.271838114499999783e-02
CFx,8.355323557499999554e-02,8.599868553200000487e-02,8.646764322599999331e-02,8.641828662200000399e-02,8.624622174599999580e-02
CFxi,7.063606837800000260e-02,7.282918506900000477e-02,7.321360398199999731e-02,7.309827641199999337e-02,7.288275293099999441e-02
CFxo,1.291716719699999988e-02,1.316950046400000053e-02,1.325403924399999947e-02,1.332001021000000021e-02,1.336346881499999965e-02
CFy,-1.466810500000000040e-04,4.342814799999999910e-04,8.740205149999999857e-04,5.330484469999999990e-04,-4.156110789999999848e-04
CFyi,-1.606610270000000129e-04,4.330102670000000203e-04,8.745080910000000395e-04,5.345053540000000011e-04,-4.169492239999999812e-04
CFyo,1.397997700000000041e-05,1.271212999999999936e-06,-4.875759999999999715e-07,-1.456906999999999958e-06,1.338144999999999916e-06
CFz,5.705725490609999673e-01,5.986353185730000082e-01,6.063239957570000227e-01,6.084985330190000319e-01,6.063267828770000367e-01
CFzi,5.713110511000000225e-01,5.993986407000000405e-01,6.071011423309999877e-01,6.092886249390000453e-01,6.071155831760000066e-01
CFzo,-7.385020389999999912e-04,-7.633221270000000152e-04,-7.771465740000000266e-04,-7.900919210000000416e-04,-7.888002989999999808e-04
CL,5.750110420920000465e-01,6.031760380730000204e-01,6.108786988609999913e-01,6.130444961169999596e-01,6.108660336110000033e-01
CLi,5.748466891429999670e-01,6.030188428730000050e-01,6.107293973049999769e-01,6.129035064710000036e-01,6.107207239699999901e-01
CLo,1.643529489999999904e-04,1.571951999999999887e-04,1.493015570000000096e-04,1.409896459999999952e-04,1.453096410000000009e-04
CMx,5.084553196000000420e-03,7.280089079999999902e-04,2.849151409999999842e-04,4.801029259999999780e-04,4.141214570000000049e-04
CMxi,5.091573400000000416e-03,7.294875160000000155e-04,2.855308439999999738e-04,4.809150589999999803e-04,4.147600320000000007e-04
CMxo,-7.020204000000000252e-06,-1.478608999999999949e-06,-6.157029999999999646e-07,-8.121329999999999838e-07,-6.385749999999999593e-07
CMy,-2.416388080940000127e-01,-2.586266334069999839e-01,-2.616617488080000276e-01,-2.538249928840000114e-01,-2.403643009089999893e-01
CMyi,-2.450854308919999947e-01,-2.621301762750000153e-01,-2.652121754319999858e-01,-2.574075055569999826e-01,-2.439341220419999900e-01
CMyo,3.446622799000000157e-03,3.503542868000000116e-03,3.550426623999999864e-03,3.582512672999999849e-03,3.569821132999999834e-03
CMz,-2.083375500000000057e-04,5.037898199999999734e-05,2.359495909999999969e-04,1.221947559999999905e-04,-1.538780620000000025e-04
CMzi,-1.585885179999999971e-04,5.869858499999999968e-05,2.398722950000000103e-04,1.282844069999999935e-04,-1.497248410000000056e-04
CMzo,-4.974903099999999901e-05,-8.319604000000000043e-06,-3.922703999999999839e-06,-6.089650999999999609e-06,-4.153221000000000262e-06
CS,-1.466810500000000040e-04,4.342814799999999910e-04,8.740205149999999857e-04,5.330484469999999990e-04,-4.156110789999999848e-04
CSi,-1.606610270000000129e-04,4.330102670000000203e-04,8.745080910000000395e-04,5.345053540000000011e-04,-4.169492239999999812e-04
CSo,1.397997700000000041e-05,1.271212999999999936e-06,-4.875759999999999715e-07,-1.456906999999999958e-06,1.338144999999999916e-06
E,2.770584000790000112e-01,3.026212934199999927e-01,3.119657205499999919e-01,3.169552039549999867e-01,3.153590729349999844e-01
FC_AoA_,-4.000000000000000000e+00
FC_Beta_,0.000000000000000000e+00
FC_Bref_,1.417173599999999922e+01
FC_Cref_,1.193991999999999942e+00
FC_Mach_,1.499999999999999944e-01
FC_Pitch_Rate,0.000000000000000000e+00
FC_ReCref_,3.870000000000000000e+06
FC_Rho_,2.377000000000000206e-03
FC_Roll__Rate,0.000000000000000000e+00
FC_Sref_,1.619368700000000061e+01
FC_Vinf_,5.100000000000000000e+01
FC_Xcg_,1.774861999999999940e+00
FC_Yaw___Rate,0.000000000000000000e+00
FC_Ycg_,0.000000000000000000e+00
FC_Zcg_,7.545150000000000468e-01
L/D,1.320012625953600072e+01,1.369547770119299912e+01,1.389221502724499935e+01,1.400568106368399945e+01,1.396223115610500010e+01
Mach,1.499999999999999944e-01,1.499999999999999944e-01,1.499999999999999944e-01,1.499999999999999944e-01,1.499999999999999944e-01
T/QS,0.000000000000000000e+00,0.000000000000000000e+00,0.000000000000000000e+00,0.000000000000000000e+00,0.000000000000000000e+00
WakeIter,1,2,3,4,5
Results_Name,VSPAERO_History
Results_Timestamp,1758045781
Results_Date,9,16,2025
Results_Time,14,3,1
Alpha,-3.000000000000000000e+00,-3.000000000000000000e+00,-3.000000000000000000e+00,-3.000000000000000000e+00,-3.000000000000000000e+00
AnalysisMethod,0
Beta,0.000000000000000000e+00,0.000000000000000000e+00,0.000000000000000000e+00,0.000000000000000000e+00,0.000000000000000000e+00
CDi,3.149644122100000304e-02,3.274238171499999767e-02,3.355396201599999961e-02,3.372289909600000024e-02,3.380362953499999740e-02
CDo,1.368815053800000008e-02,1.400652793500000055e-02,1.409998574099999985e-02,1.414678632400000018e-02,1.417251416000000000e-02
CDt,3.234906854499999818e-02,3.089715536600000020e-02,3.005919355999999917e-02,3.067475914699999834e-02,3.205924190599999946e-02
CDtot,4.518459175899999791e-02,4.674890965000000342e-02,4.765394775699999946e-02,4.786968542000000215e-02,4.797614369500000087e-02
CDtott,4.603721908299999999e-02,4.490368330100000249e-02,4.415917930200000119e-02,4.482154547100000025e-02,4.623175606600000292e-02
CFx,7.986358141400000388e-02,8.298244039200000643e-02,8.435316910800000345e-02,8.475468943399999677e-02,8.481322660199999697e-02
CFxi,6.619825651499999797e-02,6.899908777100000057e-02,7.027687072600000140e-02,7.063237353699999832e-02,7.066541031199999323e-02
CFxo,1.366532489900000071e-02,1.398335262100000066e-02,1.407629838200000032e-02,1.412231589700000019e-02,1.414781629000000027e-02
CFy,-2.242823384999999888e-03,-1.510842677999999981e-03,-8.470928150000000233e-04,4.186444370000000142e-04,3.477817490000000120e-04
CFyi,-2.257345292000000146e-03,-1.511175360000000098e-03,-8.517635899999999836e-04,4.177305510000000211e-04,3.477398790000000238e-04
CFyo,1.452190699999999981e-05,3.326810000000000128e-07,4.670775999999999578e-06,9.138870000000000094e-07,4.186900000000000255e-08
CFz,6.605313416289999573e-01,6.901527894810000063e-01,6.990149963880000206e-01,7.025542914910000158e-01,7.016371145899999995e-01
CFzi,6.613253176000000177e-01,6.909617746670000393e-01,6.998361992570000245e-01,7.033916616830000468e-01,7.024794983580000540e-01
CFzo,-7.939759719999999518e-04,-8.089851860000000366e-04,-8.212028690000000401e-04,-8.373701930000000291e-04,-8.423837690000000053e-04
CL,6.638058432840000522e-01,6.935499244380000095e-01,7.024717243970000080e-01,7.060271829690000223e-01,7.051143266249999542e-01
CLi,6.638835432930000335e-01,6.936259688070000040e-01,7.025551052999999824e-01,7.061243006680000267e-01,7.052151164419999674e-01
CLo,-7.770000899999999599e-05,-7.604436899999999502e-05,-8.338090300000000144e-05,-9.711769899999999744e-05,-1.007898170000000017e-04
CMx,5.308017695999999765e-03,8.877217890000000527e-04,7.145680940000000104e-04,5.390601230000000021e-04,3.748740359999999943e-04
CMxi,5.315507706000000346e-03,8.893069050000000425e-04,7.158996529999999770e-04,5.401317490000000525e-04,3.756220699999999807e-04
CMxo,-7.490008999999999899e-06,-1.585116000000000097e-06,-1.331559000000000019e-06,-1.071625999999999911e-06,-7.480349999999999878e-07
CMy,-2.609415627689999906e-01,-2.751880195759999759e-01,-2.800665480469999857e-01,-2.817696601140000090e-01,-2.756454410399999944e-01
CMyi,-2.646225295629999752e-01,-2.788956292459999764e-01,-2.837974119900000258e-01,-2.855467839410000264e-01,-2.794318832939999830e-01
CMyo,3.680966792999999793e-03,3.707609671000000086e-03,3.730863942000000200e-03,3.777123826000000021e-03,3.786442253999999959e-03
CMz,-7.201101060000000527e-04,-5.166139749999999753e-04,-2.659049400000000054e-04,9.941861799999999973e-05,9.355597100000000415e-05
CMzi,-6.617563049999999718e-04,-5.059162660000000476e-04,-2.590715419999999893e-04,1.058014980000000012e-04,9.831345100000000591e-05
CMzo,-5.835379999999999685e-05,-1.069770999999999994e-05,-6.833396999999999789e-06,-6.382879999999999779e-06,-4.757480000000000061e-06
CS,-2.242823384999999888e-03,-1.510842677999999981e-03,-8.470928150000000233e-04,4.186444370000000142e-04,3.477817490000000120e-04
CSi,-2.257345292000000146e-03,-1.511175360000000098e-03,-8.517635899999999836e-04,4.177305510000000211e-04,3.477398790000000238e-04
CSo,1.452190699999999981e-05,3.326810000000000128e-07,4.670775999999999578e-06,9.138870000000000094e-07,4.186900000000000255e-08
E,3.591469415429999756e-01,3.771292983710000102e-01,3.775433552319999997e-01,3.794785773430000009e-01,3.775980509429999743e-01
FC_AoA_,-3.000000000000000000e+00
FC_Beta_,0.000000000000000000e+00
FC_Bref_,1.417173599999999922e+01
FC_Cref_,1.193991999999999942e+00
FC_Mach_,1.499999999999999944e-01
FC_Pitch_Rate,0.000000000000000000e+00
FC_ReCref_,3.870000000000000000e+06
FC_Rho_,2.377000000000000206e-03
FC_Roll__Rate,0.000000000000000000e+00
FC_Sref_,1.619368700000000061e+01
FC_Vinf_,5.100000000000000000e+01
FC_Xcg_,1.774861999999999940e+00
FC_Yaw___Rate,0.000000000000000000e+00
FC_Ycg_,0.000000000000000000e+00
FC_Zcg_,7.545150000000000468e-01
L/D,1.469269760878700026e+01,1.483726516824100017e+01,1.474285213224099955e+01,1.475097014891099967e+01,1.469928723181899954e+01
Mach,1.499999999999999944e-01,1.499999999999999944e-01,1.499999999999999944e-01,1.499999999999999944e-01,1.499999999999999944e-01
T/QS,0.000000000000000000e+00,0.000000000000000000e+00,0.000000000000000000e+00,0.000000000000000000e+00,0.000000000000000000e+00
WakeIter,1,2,3,4,5
Results_Name,VSPAERO_History
Results_Timestamp,1758045781
Results_Date,9,16,2025
Results_Time,14,3,1
Alpha,-2.000000000000000000e+00,-2.000000000000000000e+00,-2.000000000000000000e+00,-2.000000000000000000e+00,-2.000000000000000000e+00
AnalysisMethod,0
Beta,0.000000000000000000e+00,0.000000000000000000e+00,0.000000000000000000e+00,0.000000000000000000e+00,0.000000000000000000e+00
CDi,2.781462417500000020e-02,4.071444373900000302e-02,3.631739958900000176e-02,3.788254373299999866e-02,3.616140873399999872e-02
CDo,1.522123412900000007e-02,1.475644665700000073e-02,1.485523087200000050e-02,1.498735544199999992e-02,1.500769054400000017e-02
CDt,3.534547872800000018e-02,3.993449207000000084e-02,3.471706634499999861e-02,3.650374786499999830e-02,3.353978380099999906e-02
CDtot,4.303585830500000070e-02,5.547089039599999855e-02,5.117263046099999879e-02,5.286989917499999858e-02,5.116909927800000063e-02
CDtott,5.056671285699999852e-02,5.469093872700000331e-02,4.957229721700000258e-02,5.149110330699999821e-02,4.854747434500000097e-02
CFx,7.258153732199999764e-02,8.245967874100000594e-02,7.820357865200000536e-02,8.094037265200000608e-02,7.895804101099999917e-02
CFxi,5.738501664500000182e-02,6.772610629299999352e-02,6.336845892200000663e-02,6.597495504000000510e-02,6.397210540799999623e-02
CFxo,1.519652067699999928e-02,1.473357244800000028e-02,1.483511973000000046e-02,1.496541761199999925e-02,1.498593560299999947e-02
CFy,3.166065431400000296e-02,-3.248379280000000206e-03,-2.222692596999999853e-03,-1.489127675200000063e-02,7.552823999999999737e-06
CFyi,3.160993663899999695e-02,-3.290678372999999816e-03,-2.199090637999999952e-03,-1.491261511899999968e-02,-6.766329999999999683e-07
CFyo,5.071767599999999827e-05,4.229909200000000108e-05,-2.360195899999999986e-05,2.133836699999999857e-05,8.229455999999999360e-06
CFz,8.453263540419999611e-01,7.718895308409999823e-01,7.731718573000000427e-01,8.029103407359999833e-01,7.948780139909999987e-01
CFzi,8.462997423550000509e-01,7.728021372409999978e-01,7.740070640670000390e-01,8.038001632519999884e-01,7.957629541970000497e-01
CFzo,-9.733883129999999946e-04,-9.126063999999999704e-04,-8.352067679999999796e-04,-8.898225159999999636e-04,-8.849402060000000113e-04
CL,8.473444631900000079e-01,7.742971178809999744e-01,7.754301274299999491e-01,8.052460077190000121e-01,7.971493916740000074e-01
CLi,8.477869076170000406e-01,7.746949740830000319e-01,7.757470871999999629e-01,8.056130026369999753e-01,7.975107911879999456e-01
CLo,-4.424444279999999782e-04,-3.978562019999999861e-04,-3.169597700000000256e-04,-3.669949180000000081e-04,-3.613995139999999929e-04
CMx,1.948652973999999947e-03,2.943328044000000088e-03,2.505016223000000077e-03,2.407197515999999916e-03,1.279869218000000098e-03
CMxi,1.951596715000000065e-03,2.948729881000000143e-03,2.506154877999999982e-03,2.411286662999999851e-03,1.282303365000000105e-03
CMxo,-2.943740000000000127e-06,-5.401835999999999826e-06,-1.138655000000000027e-06,-4.089146999999999764e-06,-2.434146999999999939e-06
CMy,-5.642489172760000171e-01,-2.912580900710000087e-01,-2.768218057740000071e-01,-3.426733738309999944e-01,-3.107897572550000209e-01
CMyi,-5.686635945089999478e-01,-2.953946666730000170e-01,-2.806955950669999811e-01,-3.467066683569999808e-01,-3.147879228750000147e-01
CMyo,4.414677233000000034e-03,4.136576601999999644e-03,3.873789292000000013e-03,4.033294526000000269e-03,3.998165619999999830e-03
CMz,8.930780198999999780e-03,-6.906559789999999711e-04,-8.412106259999999969e-04,-4.519293066000000351e-03,-7.656235999999999790e-06
CMzi,8.944102885999999711e-03,-6.649299960000000075e-04,-7.997432789999999727e-04,-4.502281331000000317e-03,6.165654000000000108e-06
CMzo,-1.332268699999999979e-05,-2.572598300000000085e-05,-4.146734699999999707e-05,-1.701173500000000086e-05,-1.382189099999999929e-05
CS,3.166065431400000296e-02,-3.248379280000000206e-03,-2.222692596999999853e-03,-1.489127675200000063e-02,7.552823999999999737e-06
CSi,3.160993663899999695e-02,-3.290678372999999816e-03,-2.199090637999999952e-03,-1.491261511899999968e-02,-6.766329999999999683e-07
CSo,5.071767599999999827e-05,4.229909200000000108e-05,-2.360195899999999986e-05,2.133836699999999857e-05,8.229455999999999360e-06
E,6.632084733659999731e-01,3.783230679180000222e-01,4.252804455079999824e-01,4.397072764580000070e-01,4.514167265790000050e-01
FC_AoA_,-2.000000000000000000e+00
FC_Beta_,0.000000000000000000e+00
FC_Bref_,1.417173599999999922e+01
FC_Cref_,1.193991999999999942e+00
FC_Mach_,1.499999999999999944e-01
FC_Pitch_Rate,0.000000000000000000e+00
FC_ReCref_,3.870000000000000000e+06
FC_Rho_,2.377000000000000206e-03
FC_Roll__Rate,0.000000000000000000e+00
FC_Sref_,1.619368700000000061e+01
FC_Vinf_,5.100000000000000000e+01
FC_Xcg_,1.774861999999999940e+00
FC_Yaw___Rate,0.000000000000000000e+00
FC_Ycg_,0.000000000000000000e+00
FC_Zcg_,7.545150000000000468e-01
L/D,1.969954686658400078e+01,1.396579302316800053e+01,1.515941393301599938e+01,1.523764968750599991e+01,1.558578912753099921e+01
Mach,1.499999999999999944e-01,1.499999999999999944e-01,1.499999999999999944e-01,1.499999999999999944e-01,1.499999999999999944e-01
T/QS,0.000000000000000000e+00,0.000000000000000000e+00,0.000000000000000000e+00,0.000000000000000000e+00,0.000000000000000000e+00
WakeIter,1,2,3,4,5
Results_Name,VSPAERO_History
Results_Timestamp,1758045781
Results_Date,9,16,2025
Results_Time,14,3,1
Alpha,-1.000000000000000000e+00,-1.000000000000000000e+00,-1.000000000000000000e+00,-1.000000000000000000e+00,-1.000000000000000000e+00
AnalysisMethod,0
Beta,0.000000000000000000e+00,0.000000000000000000e+00,0.000000000000000000e+00,0.000000000000000000e+00,0.000000000000000000e+00
CDi,3.610332231800000152e-02,3.812764205199999784e-02,3.888980487399999741e-02,3.896156656299999688e-02,3.842894106199999660e-02
CDo,1.563056183000000043e-02,1.571338375099999921e-02,1.589734501500000147e-02,1.594430641699999887e-02,1.602960599699999877e-02
CDt,3.986590371599999655e-02,3.674838727699999974e-02,3.876333946600000330e-02,3.591623153100000077e-02,3.672991249500000277e-02
CDtot,5.173388414800000196e-02,5.384102580300000052e-02,5.478714988800000019e-02,5.490587297999999922e-02,5.445854705799999668e-02
CDtott,5.549646554599999698e-02,5.246177102800000241e-02,5.466068447999999913e-02,5.186053794800000311e-02,5.275951849200000154e-02
CFx,6.686960901800000079e-02,6.903461995000000073e-02,7.030110684099999396e-02,7.027248166499999726e-02,6.990102796600000667e-02
CFxi,5.125274731599999828e-02,5.333557273899999784e-02,5.441772337200000142e-02,5.434175750600000326e-02,5.388540926700000067e-02
CFxo,1.561686170100000035e-02,1.569904721099999942e-02,1.588338346899999948e-02,1.593072415900000094e-02,1.601561869899999907e-02
CFy,8.182011400000000455e-05,-2.885316969999999993e-04,1.751590904999999988e-03,-7.098917310000000223e-03,-6.044599450000000262e-03
CFyi,6.559362800000000495e-05,-2.879154490000000190e-04,1.766748016999999992e-03,-7.103161987000000156e-03,-6.034292963000000183e-03
CFyo,1.622648599999999960e-05,-6.162470000000000521e-07,-1.515711200000000044e-05,4.244676999999999780e-06,-1.030648699999999977e-05
CFz,8.666736222549999979e-01,8.699705621759999952e-01,8.883158783250000301e-01,8.798732656609999925e-01,8.842238861240000469e-01
CFzi,8.675949079379999818e-01,8.709290306279999783e-01,8.892544687769999845e-01,8.807905365720000157e-01,8.851651061330000347e-01
CFzo,-9.212856829999999672e-04,-9.584684510000000129e-04,-9.385904520000000343e-04,-9.172709110000000238e-04,-9.412200089999999547e-04
CL,8.677086592599999593e-01,8.710428816919999484e-01,8.894075070029999752e-01,8.809656806119999795e-01,8.853091556940000384e-01
CLi,8.683572528090000020e-01,8.717272180109999491e-01,8.900687512399999557e-01,8.816047823449999488e-01,8.859707212640000051e-01
CLo,-6.485935490000000175e-04,-6.843363190000000418e-04,-6.612442359999999922e-04,-6.391017329999999904e-04,-6.615655700000000255e-04
CMx,3.431912927999999832e-03,2.455350419999999863e-03,1.878092511999999948e-03,1.935434799000000042e-03,9.877111010000000878e-04
CMxi,3.436752639999999994e-03,2.459421144000000121e-03,1.881141383000000007e-03,1.939457609000000068e-03,9.892063220000000840e-04
CMxo,-4.839711999999999920e-06,-4.070723000000000260e-06,-3.048870000000000169e-06,-4.022809999999999690e-06,-1.495221000000000045e-06
CMy,-3.583209696649999887e-01,-3.298283988290000024e-01,-3.591767620749999890e-01,-3.218191680770000063e-01,-3.196093233319999838e-01
CMyi,-3.625846854029999844e-01,-3.341946167170000148e-01,-3.634719870740000247e-01,-3.260210672150000155e-01,-3.238760327090000057e-01
CMyo,4.263715738000000040e-03,4.366217888000000283e-03,4.295224999000000175e-03,4.201899137999999707e-03,4.266709377000000268e-03
CMz,2.995227099999999849e-05,-4.885513099999999728e-05,5.284326680000000533e-04,-1.996170552000000199e-03,-1.802447957000000069e-03
CMzi,7.244864200000000450e-05,-1.247657400000000066e-05,5.608151959999999655e-04,-1.972770946000000115e-03,-1.786985034999999909e-03
CMzo,-4.249637100000000262e-05,-3.637855700000000001e-05,-3.238252800000000032e-05,-2.339960599999999844e-05,-1.546292300000000022e-05
CS,8.182011400000000455e-05,-2.885316969999999993e-04,1.751590904999999988e-03,-7.098917310000000223e-03,-6.044599450000000262e-03
CSi,6.559362800000000495e-05,-2.879154490000000190e-04,1.766748016999999992e-03,-7.103161987000000156e-03,-6.034292963000000183e-03
CSo,1.622648599999999960e-05,-6.162470000000000521e-07,-1.515711200000000044e-05,4.244676999999999780e-06,-1.030648699999999977e-05
E,5.360429085150000272e-01,5.115300083160000399e-01,5.228308378320000172e-01,5.119898079820000003e-01,5.242400231989999826e-01
FC_AoA_,-1.000000000000000000e+00
FC_Beta_,0.000000000000000000e+00
FC_Bref_,1.417173599999999922e+01
FC_Cref_,1.193991999999999942e+00
FC_Mach_,1.499999999999999944e-01
FC_Pitch_Rate,0.000000000000000000e+00
FC_ReCref_,3.870000000000000000e+06
FC_Rho_,2.377000000000000206e-03
FC_Roll__Rate,0.000000000000000000e+00
FC_Sref_,1.619368700000000061e+01
FC_Vinf_,5.100000000000000000e+01
FC_Xcg_,1.774861999999999940e+00
FC_Yaw___Rate,0.000000000000000000e+00
FC_Ycg_,0.000000000000000000e+00
FC_Zcg_,7.545150000000000468e-01
L/D,1.678507746145999846e+01,1.619076169166299906e+01,1.624594002525000036e+01,1.605665722982099908e+01,1.626871756815100056e+01
Mach,1.499999999999999944e-01,1.499999999999999944e-01,1.499999999999999944e-01,1.499999999999999944e-01,1.499999999999999944e-01
T/QS,0.000000000000000000e+00,0.000000000000000000e+00,0.000000000000000000e+00,0.000000000000000000e+00,0.000000000000000000e+00
WakeIter,1,2,3,4,5
Results_Name,VSPAERO_History
Results_Timestamp,1758045781
Results_Date,9,16,2025
Results_Time,14,3,1
Alpha,0.000000000000000000e+00,0.000000000000000000e+00,0.000000000000000000e+00,0.000000000000000000e+00,0.000000000000000000e+00
AnalysisMethod,0
Beta,0.000000000000000000e+00,0.000000000000000000e+00,0.000000000000000000e+00,0.000000000000000000e+00,0.000000000000000000e+00
CDi,3.978425700899999862e-02,4.176144232699999931e-02,4.256999949600000221e-02,4.301232831599999945e-02,4.239031978099999654e-02
CDo,1.662600830999999904e-02,1.679047011500000089e-02,1.698010957400000048e-02,1.704357550800000148e-02,1.706500955499999986e-02
CDt,4.312937993399999781e-02,3.961529478399999915e-02,4.029369302900000227e-02,3.864185540799999763e-02,3.918745319200000327e-02
CDtot,5.641026531900000113e-02,5.855191244300000236e-02,5.955010907000000270e-02,6.005590382400000093e-02,5.945532933599999986e-02
CDtott,5.975538824400000032e-02,5.640576489899999657e-02,5.727380260300000275e-02,5.568543091599999911e-02,5.625246274699999965e-02
CFx,5.641026531900000113e-02,5.855191244300000236e-02,5.955010907000000270e-02,6.005590382400000093e-02,5.945532933599999986e-02
CFxi,3.978425700899999862e-02,4.176144232699999931e-02,4.256999949600000221e-02,4.301232831599999945e-02,4.239031978099999654e-02
CFxo,1.662600830999999904e-02,1.679047011500000089e-02,1.698010957400000048e-02,1.704357550800000148e-02,1.706500955499999986e-02
CFy,-9.132774949999999644e-04,2.267099019999999879e-04,7.228126900000000389e-04,3.270341510000000199e-04,1.480694523999999922e-03
CFyi,-9.311741389999999858e-04,2.229041049999999928e-04,7.151853740000000412e-04,3.021575999999999884e-04,1.423256595999999917e-03
CFyo,1.789664299999999832e-05,3.805797000000000181e-06,7.627316000000000243e-06,2.487655200000000034e-05,5.743792799999999763e-05
CFz,9.397440806339999453e-01,9.597063532999999813e-01,9.796877382899999986e-01,9.737958458440000298e-01,9.765216164079999484e-01
CFzi,9.406906784640000074e-01,9.607042251480000239e-01,9.806724113470000059e-01,9.747627886030000299e-01,9.775100465149999529e-01
CFzo,-9.465978310000000171e-04,-9.978718480000000821e-04,-9.846730569999999176e-04,-9.669427590000000431e-04,-9.884301070000000005e-04
CL,9.397440806339999453e-01,9.597063532999999813e-01,9.796877382899999986e-01,9.737958458440000298e-01,9.765216164079999484e-01
CLi,9.406906784640000074e-01,9.607042251480000239e-01,9.806724113470000059e-01,9.747627886030000299e-01,9.775100465149999529e-01
CLo,-9.465978310000000171e-04,-9.978718480000000821e-04,-9.846730569999999176e-04,-9.669427590000000431e-04,-9.884301070000000005e-04
CMx,3.726973925999999947e-03,3.196830296000000016e-03,2.023397425000000166e-03,1.441303735999999993e-03,1.152890856999999993e-03
CMxi,3.732713701000000151e-03,3.202711786999999904e-03,2.027224152000000040e-03,1.443572368000000002e-03,1.155237928999999905e-03
CMxo,-5.739774999999999607e-06,-5.881490999999999895e-06,-3.826726999999999826e-06,-2.268631999999999797e-06,-2.347072000000000015e-06
CMy,-3.300937797130000240e-01,-3.484125422150000095e-01,-3.809408607170000072e-01,-3.467287893020000178e-01,-3.511425836450000060e-01
CMyi,-3.345674818170000231e-01,-3.530046694919999895e-01,-3.854756309089999999e-01,-3.511858493000000192e-01,-3.556627744160000271e-01
CMyo,4.473702103999999992e-03,4.592127278000000291e-03,4.534770191000000138e-03,4.457059997999999676e-03,4.520190771000000274e-03
CMz,-1.862991770000000107e-04,7.301838399999999488e-05,1.899584709999999879e-04,1.239265309999999982e-04,4.751557590000000031e-04
CMzi,-1.359029760000000041e-04,1.194987420000000032e-04,2.207564430000000038e-04,1.395484340000000001e-04,4.776558680000000078e-04
CMzo,-5.039620099999999979e-05,-4.648035800000000151e-05,-3.079797200000000234e-05,-1.562190400000000126e-05,-2.500109000000000037e-06
CS,-9.132774949999999644e-04,2.267099019999999879e-04,7.228126900000000389e-04,3.270341510000000199e-04,1.480694523999999922e-03
CSi,-9.311741389999999858e-04,2.229041049999999928e-04,7.151853740000000412e-04,3.021575999999999884e-04,1.423256595999999917e-03
CSo,1.789664299999999832e-05,3.805797000000000181e-06,7.627316000000000243e-06,2.487655200000000034e-05,5.743792799999999763e-05
E,5.708635064520000135e-01,5.672229097450000035e-01,5.798212421539999939e-01,5.669630849569999853e-01,5.785296450719999983e-01
FC_AoA_,0.000000000000000000e+00
FC_Beta_,0.000000000000000000e+00
FC_Bref_,1.417173599999999922e+01
FC_Cref_,1.193991999999999942e+00
FC_Mach_,1.499999999999999944e-01
FC_Pitch_Rate,0.000000000000000000e+00
FC_ReCref_,3.870000000000000000e+06
FC_Rho_,2.377000000000000206e-03
FC_Roll__Rate,0.000000000000000000e+00
FC_Sref_,1.619368700000000061e+01
FC_Vinf_,5.100000000000000000e+01
FC_Xcg_,1.774861999999999940e+00
FC_Yaw___Rate,0.000000000000000000e+00
FC_Ycg_,0.000000000000000000e+00
FC_Zcg_,7.545150000000000468e-01
L/D,1.667587757567400075e+01,1.640773435172799921e+01,1.646802040612400120e+01,1.623092363175700115e+01,1.644108370812899977e+01
Mach,1.499999999999999944e-01,1.499999999999999944e-01,1.499999999999999944e-01,1.499999999999999944e-01,1.499999999999999944e-01
T/QS,0.000000000000000000e+00,0.000000000000000000e+00,0.000000000000000000e+00,0.000000000000000000e+00,0.000000000000000000e+00
WakeIter,1,2,3,4,5
Results_Name,VSPAERO_History
Results_Timestamp,1758045781
Results_Date,9,16,2025
Results_Time,14,3,1
Alpha,1.000000000000000000e+00,1.000000000000000000e+00,1.000000000000000000e+00,1.000000000000000000e+00,1.000000000000000000e+00
AnalysisMethod,0
Beta,0.000000000000000000e+00,0.000000000000000000e+00,0.000000000000000000e+00,0.000000000000000000e+00,0.000000000000000000e+00
CDi,4.346905214900000092e-02,4.502787789099999688e-02,4.658150198600000125e-02,4.798747448400000198e-02,4.505841178199999908e-02
CDo,1.775761788700000107e-02,1.785542835899999944e-02,1.801260571899999940e-02,1.808891493300000125e-02,1.823132107399999882e-02
CDt,4.670499306099999692e-02,4.637398368299999740e-02,4.490222634800000029e-02,4.431862366699999833e-02,4.801098355800000050e-02
CDtot,6.122667003499999983e-02,6.288330625000000673e-02,6.459410770600000629e-02,6.607638941799999499e-02,6.328973285700000007e-02
CDtott,6.446261094800000147e-02,6.422941204200000032e-02,6.291483206799999839e-02,6.240753859999999958e-02,6.624230463199999586e-02
CFx,4.303672433099999667e-02,4.444552932999999706e-02,4.610323838000000146e-02,4.766896727799999761e-02,4.491921826499999798e-02
CFxi,2.525711602000000125e-02,2.656927178599999967e-02,2.806763219500000087e-02,2.955729416300000023e-02,2.666637394900000027e-02
CFxo,1.777960831099999889e-02,1.787625754499999955e-02,1.803560618399999843e-02,1.811167311500000085e-02,1.825284431600000118e-02
CFy,-1.453171268000000077e-03,2.178015049999999959e-03,4.725690849999999803e-04,-2.016536830999999912e-03,6.059280137999999670e-03
CFyi,-1.471239216000000058e-03,2.169230092999999918e-03,4.816734470000000106e-04,-1.981339925000000137e-03,6.061702080999999652e-03
CFyo,1.806794800000000159e-05,8.784957999999999857e-06,-9.104361999999999823e-06,-3.519690599999999813e-05,-2.421941999999999943e-06
CFz,1.042635608542000103e+00,1.056848306603000109e+00,1.059904898437000087e+00,1.055137148033999939e+00,1.052998397239000017e+00
CFzi,1.043740470718000024e+00,1.057885787870000094e+00,1.061065400554999982e+00,1.056283103811999968e+00,1.054072360606999936e+00
CFzo,-1.104862176000000022e-03,-1.037481268000000050e-03,-1.160502119000000063e-03,-1.145955778000000078e-03,-1.073963368000000092e-03
CL,1.041725715684000075e+00,1.055911662044000110e+00,1.058938857333000083e+00,1.054144507344999981e+00,1.052054072028999920e+00
CLi,1.043140706535000017e+00,1.057260969010999974e+00,1.060413947430999926e+00,1.055606380868000072e+00,1.053446427884999981e+00
CLo,-1.414990850999999937e-03,-1.349306967000000025e-03,-1.475090097999999907e-03,-1.461873523999999893e-03,-1.392355855999999900e-03
CMx,3.643032108000000043e-03,2.310929573000000074e-03,2.077509990999999896e-03,1.885976396000000081e-03,1.218963188000000107e-03
CMxi,3.648707451000000098e-03,2.314787434000000008e-03,2.081590382000000124e-03,1.890373373999999903e-03,1.222781695000000083e-03
CMxo,-5.675342999999999814e-06,-3.857860999999999925e-06,-4.080390000000000078e-06,-4.396978000000000239e-06,-3.818506999999999929e-06
CMy,-3.830559848960000124e-01,-4.143059702560000224e-01,-3.843101196509999817e-01,-3.522365619769999845e-01,-3.272999119889999919e-01
CMyi,-3.881276212299999973e-01,-4.191527370049999979e-01,-3.895716162399999738e-01,-3.574367647949999727e-01,-3.322450494520000075e-01
CMyo,5.071636334000000426e-03,4.846766748999999791e-03,5.261496588999999870e-03,5.200202816999999894e-03,4.945137462999999942e-03
CMz,-3.156287490000000235e-04,6.818123749999999757e-04,1.394900499999999978e-04,-4.523445190000000178e-04,1.967710474999999955e-03
CMzi,-2.616839250000000121e-04,7.184057210000000231e-04,1.773798909999999875e-04,-4.113049400000000160e-04,1.996319189999999980e-03
CMzo,-5.394482500000000066e-05,-3.659334599999999996e-05,-3.788984100000000320e-05,-4.103957799999999903e-05,-2.860871400000000102e-05
CS,-1.453171268000000077e-03,2.178015049999999959e-03,4.725690849999999803e-04,-2.016536830999999912e-03,6.059280137999999670e-03
CSi,-1.471239216000000058e-03,2.169230092999999918e-03,4.816734470000000106e-04,-1.981339925000000137e-03,6.061702080999999652e-03
CSo,1.806794800000000159e-05,8.784957999999999857e-06,-9.104361999999999823e-06,-3.519690599999999813e-05,-2.421941999999999943e-06
E,6.424738676240000501e-01,6.371369190669999849e-01,6.195654997020000332e-01,5.959721573970000463e-01,6.321190541110000005e-01
FC_AoA_,1.000000000000000000e+00
FC_Beta_,0.000000000000000000e+00
FC_Bref_,1.417173599999999922e+01
FC_Cref_,1.193991999999999942e+00
FC_Mach_,1.499999999999999944e-01
FC_Pitch_Rate,0.000000000000000000e+00
FC_ReCref_,3.870000000000000000e+06
FC_Rho_,2.377000000000000206e-03
FC_Roll__Rate,0.000000000000000000e+00
FC_Sref_,1.619368700000000061e+01
FC_Vinf_,5.100000000000000000e+01
FC_Xcg_,1.774861999999999940e+00
FC_Yaw___Rate,0.000000000000000000e+00
FC_Ycg_,0.000000000000000000e+00
FC_Zcg_,7.545150000000000468e-01
L/D,1.703735816323300156e+01,1.681306267208299943e+01,1.641657397398099860e+01,1.597554573081499996e+01,1.664482342296100015e+01
Mach,1.499999999999999944e-01,1.499999999999999944e-01,1.499999999999999944e-01,1.499999999999999944e-01,1.499999999999999944e-01
T/QS,0.000000000000000000e+00,0.000000000000000000e+00,0.000000000000000000e+00,0.000000000000000000e+00,0.000000000000000000e+00
WakeIter,1,2,3,4,5
Results_Name,VSPAERO_History
Results_Timestamp,1758045781
Results_Date,9,16,2025
Results_Time,14,3,1
Alpha,2.000000000000000000e+00,2.000000000000000000e+00,2.000000000000000000e+00,2.000000000000000000e+00,2.000000000000000000e+00
AnalysisMethod,0
Beta,0.000000000000000000e+00,0.000000000000000000e+00,0.000000000000000000e+00,0.000000000000000000e+00,0.000000000000000000e+00
CDi,5.024993725699999914e-02,4.992852811500000237e-02,5.110944420199999699e-02,4.866933724900000119e-02,2.482586229500000075e-02
CDo,1.896610379300000052e-02,1.910825596200000157e-02,1.921178541099999998e-02,1.943484886499999981e-02,1.947631804900000138e-02
CDt,4.345261844000000012e-02,5.137795222000000189e-02,4.784104980699999815e-02,4.881850879900000162e-02,5.785220273899999849e-02
CDtot,6.921604104999999618e-02,6.903678407699999353e-02,7.032122961299999697e-02,6.810418611400000100e-02,4.430218034399999866e-02
CDtott,6.241872223299999717e-02,7.048620818299999868e-02,6.705283521799999813e-02,6.825335766300000273e-02,7.732852078799999640e-02
CFx,2.951468031700000064e-02,2.918651937800000040e-02,3.032060200100000075e-02,2.754367110899999874e-02,4.245533761000000114e-03
CFxi,1.049421839400000063e-02,1.002793249199999959e-02,1.105669017099999984e-02,8.059417690000000856e-03,-1.529312103300000010e-02
CFxo,1.902046192199999958e-02,1.915858688600000082e-02,1.926391183000000090e-02,1.948425341900000135e-02,1.953865479400000021e-02
CFy,-1.285249313000000077e-03,-2.244167402000000165e-03,3.725145989999999966e-04,2.027781800000000013e-05,-1.145152399000000029e-02
CFyi,-1.301796780999999945e-03,-2.261908838000000095e-03,3.718774870000000096e-04,4.443855599999999798e-05,-1.163537047600000061e-02
CFyo,1.654746899999999890e-05,1.774143700000000047e-05,6.371120000000000209e-07,-2.416073800000000124e-05,1.838464859999999973e-04
CFz,1.138106392132000044e+00,1.142367314861999938e+00,1.146695565424999952e+00,1.162689943948999938e+00,1.147845574655000034e+00
CFzi,1.139331950722000109e+00,1.143475068095000102e+00,1.147852927793999944e+00,1.163765468728999997e+00,1.149290705075000085e+00
CFzo,-1.225558591000000096e-03,-1.107753233000000103e-03,-1.157362368999999931e-03,-1.075524779999999930e-03,-1.445130420000000039e-03
CL,1.136383040979999981e+00,1.140652820723000005e+00,1.144938855719999982e+00,1.161020404390999960e+00,1.146998171152999957e+00
CLi,1.138271657540999904e+00,1.142428524182000027e+00,1.146767813882000109e+00,1.162775264628999938e+00,1.149124310458000009e+00
CLo,-1.888616562000000002e-03,-1.775703458999999904e-03,-1.828958162000000106e-03,-1.754860236999999934e-03,-2.126139304000000067e-03
CMx,3.723922844999999829e-03,2.784830939000000009e-03,1.936011855999999901e-03,1.376689870999999940e-03,1.233933886999999917e-03
CMxi,3.729977045000000026e-03,2.790867819000000024e-03,1.940014658000000078e-03,1.379234375000000035e-03,1.235167895000000016e-03
CMxo,-6.054199000000000173e-06,-6.036880000000000043e-06,-4.002801999999999661e-06,-2.544504000000000058e-06,-1.234007999999999968e-06
CMy,-4.187849332119999990e-01,-4.120666900070000249e-01,-3.974934056889999900e-01,-4.215085909499999839e-01,-3.686491251399999780e-01
CMyi,-4.244616785370000089e-01,-4.172675513090000066e-01,-4.028702570459999910e-01,-4.265913243280000100e-01,-3.750012479070000126e-01
CMyo,5.676745323999999975e-03,5.200861301999999860e-03,5.376851357000000074e-03,5.082733378000000093e-03,6.352122766999999948e-03
CMz,-2.315372170000000028e-04,-5.217194830000000455e-04,1.252677029999999881e-04,-6.277519999999999953e-07,-3.288370246999999975e-03
CMzi,-1.715073389999999969e-04,-4.784254909999999771e-04,1.605830320000000116e-04,3.145754999999999835e-05,-3.326983493000000135e-03
CMzo,-6.002987900000000192e-05,-4.329399200000000065e-05,-3.531532900000000321e-05,-3.208530200000000142e-05,3.861324500000000133e-05
CS,-1.285249313000000077e-03,-2.244167402000000165e-03,3.725145989999999966e-04,2.027781800000000013e-05,-1.145152399000000029e-02
CSi,-1.301796780999999945e-03,-2.261908838000000095e-03,3.718774870000000096e-04,4.443855599999999798e-05,-1.163537047600000061e-02
CSo,1.654746899999999890e-05,1.774143700000000047e-05,6.371120000000000209e-07,-2.416073800000000124e-05,1.838464859999999973e-04
E,6.617686237359999835e-01,6.709021201810000390e-01,6.603887765839999702e-01,7.129941858739999860e-01,1.365147362949000076e+00
FC_AoA_,2.000000000000000000e+00
FC_Beta_,0.000000000000000000e+00
FC_Bref_,1.417173599999999922e+01
FC_Cref_,1.193991999999999942e+00
FC_Mach_,1.499999999999999944e-01
FC_Pitch_Rate,0.000000000000000000e+00
FC_ReCref_,3.870000000000000000e+06
FC_Rho_,2.377000000000000206e-03
FC_Roll__Rate,0.000000000000000000e+00
FC_Sref_,1.619368700000000061e+01
FC_Vinf_,5.100000000000000000e+01
FC_Xcg_,1.774861999999999940e+00
FC_Yaw___Rate,0.000000000000000000e+00
FC_Ycg_,0.000000000000000000e+00
FC_Zcg_,7.545150000000000468e-01
L/D,1.644520027828300002e+01,1.654811329142500043e+01,1.630756202907799945e+01,1.707347713817900114e+01,2.593832406289899950e+01
Mach,1.499999999999999944e-01,1.499999999999999944e-01,1.499999999999999944e-01,1.499999999999999944e-01,1.499999999999999944e-01
T/QS,0.000000000000000000e+00,0.000000000000000000e+00,0.000000000000000000e+00,0.000000000000000000e+00,0.000000000000000000e+00
WakeIter,1,2,3,4,5
Results_Name,VSPAERO_History
Results_Timestamp,1758045781
Results_Date,9,16,2025
Results_Time,14,3,1
Alpha,3.000000000000000000e+00,3.000000000000000000e+00,3.000000000000000000e+00,3.000000000000000000e+00,3.000000000000000000e+00
AnalysisMethod,0
Beta,0.000000000000000000e+00,0.000000000000000000e+00,0.000000000000000000e+00,0.000000000000000000e+00,0.000000000000000000e+00
CDi,5.869247704899999835e-02,5.524336403700000342e-02,5.604602818099999745e-02,6.173294151199999746e-02,6.653638794299999992e-02
CDo,2.018439341399999934e-02,2.011206781100000063e-02,2.027937728000000009e-02,2.055447037999999851e-02,2.084249973900000052e-02
CDt,5.989696703900000002e-02,5.950414357600000009e-02,5.684604681699999967e-02,5.516591261599999851e-02,6.846308582400000009e-02
CDtot,7.887687046300000115e-02,7.535543184800000405e-02,7.632540546100000101e-02,8.228741189200000639e-02,8.737888768300000608e-02
CDtott,8.008136045300000283e-02,7.961621138699999378e-02,7.712542409599999760e-02,7.572038299599999356e-02,8.930558556300000062e-02
CFx,1.463565602299999983e-02,1.144793474400000038e-02,1.235820337499999970e-02,1.756467789900000021e-02,2.401857824399999952e-02
CFxi,-5.645213589999999865e-03,-8.753534130999999358e-03,-8.010581233000000495e-03,-3.094068804999999985e-03,3.098334562999999816e-03
CFxo,2.028086961400000013e-02,2.020146887599999844e-02,2.036878460699999976e-02,2.065874670399999932e-02,2.092024368100000101e-02
CFy,-1.096211739000000013e-03,-2.650902730999999801e-03,-7.264050050000000428e-04,-1.942380990000000009e-03,-5.896440158900000117e-02
CFyi,-1.116986304000000020e-03,-2.672365801000000166e-03,-7.329617319999999665e-04,-1.645572184000000009e-03,-5.930553402500000210e-02
CFyo,2.077456500000000021e-05,2.146306999999999913e-05,6.556726999999999946e-06,-2.968088059999999997e-04,3.411324360000000055e-04
CFz,1.227860857258000093e+00,1.221400939033999933e+00,1.222565577614999954e+00,1.237138105827999990e+00,1.211274821671999957e+00
CFzi,1.229173185862000084e+00,1.222580159929999910e+00,1.223740536873999973e+00,1.238589578880000097e+00,1.212212484394999956e+00
CFzo,-1.312328603999999947e-03,-1.179220897000000023e-03,-1.174959258999999992e-03,-1.451473052000000008e-03,-9.376627229999999523e-04
CL,1.225412145573999911e+00,1.219127912884000020e+00,1.220243315590000099e+00,1.234523386835999936e+00,1.208357776366000058e+00
CLi,1.227784094380999891e+00,1.221362780890999922e+00,1.222482684427999899e+00,1.237054065958999916e+00,1.210389035012999992e+00
CLo,-2.371948807999999832e-03,-2.234868007000000070e-03,-2.239368837999999948e-03,-2.530679122000000034e-03,-2.031258647000000212e-03
CMx,3.868325619999999840e-03,2.500013116000000118e-03,2.049232247000000104e-03,1.850666733000000050e-03,2.666801434999999890e-03
CMxi,3.875015064000000061e-03,2.505597657000000009e-03,2.053427885999999959e-03,1.843627761000000021e-03,2.677329909999999827e-03
CMxo,-6.689444000000000221e-06,-5.584539999999999898e-06,-4.195639000000000132e-06,7.038970999999999695e-06,-1.052847499999999918e-05
CMy,-4.450034254999999939e-01,-4.437235280569999940e-01,-4.090857713689999842e-01,-4.240205153089999790e-01,-3.314606024080000157e-01
CMyi,-4.510059756229999883e-01,-4.493474843379999806e-01,-4.146953026999999903e-01,-4.305781511510000104e-01,-3.362386322690000262e-01
CMyo,6.002550124000000098e-03,5.623956280999999578e-03,5.609531331000000044e-03,6.557635842000000131e-03,4.778029861000000073e-03
CMz,-1.846693080000000060e-04,-5.456031579999999926e-04,-1.111924340000000025e-04,-3.843146429999999992e-04,-1.513307524599999919e-02
CMzi,-1.187535659999999944e-04,-5.072461460000000011e-04,-7.475507000000000321e-05,-2.701116829999999978e-04,-1.522880207000000020e-02
CMzo,-6.591574199999999798e-05,-3.835701199999999833e-05,-3.643736399999999932e-05,-1.142029609999999974e-04,9.572682399999999866e-05
CS,-1.096211739000000013e-03,-2.650902730999999801e-03,-7.264050050000000428e-04,-1.942380990000000009e-03,-5.896440158900000117e-02
CSi,-1.116986304000000020e-03,-2.672365801000000166e-03,-7.329617319999999665e-04,-1.645572184000000009e-03,-5.930553402500000210e-02
CSo,2.077456500000000021e-05,2.146306999999999913e-05,6.556726999999999946e-06,-2.968088059999999997e-04,3.411324360000000055e-04
E,6.591912266339999826e-01,6.930412702389999735e-01,6.843691804079999885e-01,6.362242853039999924e-01,5.651198891430000426e-01
FC_AoA_,3.000000000000000000e+00
FC_Beta_,0.000000000000000000e+00
FC_Bref_,1.417173599999999922e+01
FC_Cref_,1.193991999999999942e+00
FC_Mach_,1.499999999999999944e-01
FC_Pitch_Rate,0.000000000000000000e+00
FC_ReCref_,3.870000000000000000e+06
FC_Rho_,2.377000000000000206e-03
FC_Roll__Rate,0.000000000000000000e+00
FC_Sref_,1.619368700000000061e+01
FC_Vinf_,5.100000000000000000e+01
FC_Xcg_,1.774861999999999940e+00
FC_Yaw___Rate,0.000000000000000000e+00
FC_Ycg_,0.000000000000000000e+00
FC_Zcg_,7.545150000000000468e-01
L/D,1.556583174731099994e+01,1.620802576455499988e+01,1.601672047533400089e+01,1.503333301561299962e+01,1.385219092522100048e+01
Mach,1.499999999999999944e-01,1.499999999999999944e-01,1.499999999999999944e-01,1.499999999999999944e-01,1.499999999999999944e-01
T/QS,0.000000000000000000e+00,0.000000000000000000e+00,0.000000000000000000e+00,0.000000000000000000e+00,0.000000000000000000e+00
WakeIter,1,2,3,4,5
Results_Name,VSPAERO_History
Results_Timestamp,1758045781
Results_Date,9,16,2025
Results_Time,14,3,1
Alpha,4.000000000000000000e+00,4.000000000000000000e+00,4.000000000000000000e+00,4.000000000000000000e+00,4.000000000000000000e+00
AnalysisMethod,0
Beta,0.000000000000000000e+00,0.000000000000000000e+00,0.000000000000000000e+00,0.000000000000000000e+00,0.000000000000000000e+00
CDi,6.356133869400000524e-02,6.197883797200000322e-02,6.109309384799999770e-02,6.060998851899999929e-02,5.775070547700000140e-02
CDo,2.147137213100000150e-02,2.153485079099999935e-02,2.164048849400000002e-02,2.179241040399999829e-02,2.186427484899999829e-02
CDt,6.614403521900000249e-02,6.431230457999999317e-02,6.311159322499999835e-02,5.976628439099999912e-02,6.041378903399999972e-02
CDtot,8.503271082600000197e-02,8.351368876299999910e-02,8.273358234100000597e-02,8.240239892299999758e-02,7.961498032600000663e-02
CDtott,8.761540734999999358e-02,8.584715537100000293e-02,8.475208171900000531e-02,8.155869479499999741e-02,8.227806388300000495e-02
CFx,-7.121826912000000197e-03,-8.382810286000000680e-03,-9.137451924999999767e-03,-1.020065453699999999e-02,-1.315501138399999964e-02
CFxi,-2.873688818299999920e-02,-3.006135772999999831e-02,-3.091653448000000054e-02,-3.214106515299999800e-02,-3.517059911200000333e-02
CFxo,2.161506127100000160e-02,2.167854744399999936e-02,2.177908255600000120e-02,2.194041061600000148e-02,2.201558772800000022e-02
CFy,-1.337978119000000042e-03,-8.405047400000000262e-04,-2.479972693999999821e-03,8.082244929999999467e-04,3.037973820000000103e-04
CFyi,-1.361117406999999904e-03,-8.503527470000000164e-04,-2.496010249000000202e-03,7.931695510000000022e-04,2.953090139999999995e-04
CFyo,2.313928800000000105e-05,9.848007000000000391e-06,1.603755500000000065e-05,1.505494200000000037e-05,8.488368000000000719e-06
CFz,1.320840695925000086e+00,1.317097525332999952e+00,1.316706120052000051e+00,1.327162917059999891e+00,1.329452906450999894e+00
CFzi,1.322145749521000058e+00,1.318400469656000107e+00,1.317932404970000082e+00,1.328518410954999895e+00,1.330853264139999936e+00
CFzo,-1.305053596000000033e-03,-1.302944322999999901e-03,-1.226284917000000033e-03,-1.355493895000000042e-03,-1.400357688999999926e-03
CL,1.318119987907000024e+00,1.314473897243999989e+00,1.314136086546999982e+00,1.324641576587999969e+00,1.327132073195000039e+00
CLi,1.320929652912000041e+00,1.317285886685999996e+00,1.316878616296000004e+00,1.327524254245000090e+00,1.330064749451000061e+00
CLo,-2.809665004999999799e-03,-2.811989440999999954e-03,-2.742529750000000099e-03,-2.882677657000000133e-03,-2.932676255999999790e-03
CMx,4.031529104999999856e-03,2.474377714000000009e-03,2.257284394000000187e-03,1.921534510000000046e-03,1.665367343999999989e-03
CMxi,4.038828409000000050e-03,2.479884514000000022e-03,2.262454946999999800e-03,1.925530693999999996e-03,1.669244396000000002e-03
CMxo,-7.299303999999999833e-06,-5.506800000000000368e-06,-5.170552999999999858e-06,-3.996184000000000362e-06,-3.877052000000000060e-06
CMy,-4.863183729309999981e-01,-4.670048605009999854e-01,-4.451266737740000035e-01,-4.533110177649999906e-01,-4.471351125379999791e-01
CMyi,-4.925223517849999788e-01,-4.732145946610000209e-01,-4.510882368349999894e-01,-4.597161487259999735e-01,-4.536706072830000158e-01
CMyo,6.203978853999999807e-03,6.209734159999999968e-03,5.961563060999999775e-03,6.405130961000000261e-03,6.535494745000000258e-03
CMz,-1.885215560000000074e-04,-7.381485499999999378e-05,-5.355688379999999508e-04,2.715576719999999869e-04,1.516435899999999987e-04
CMzi,-1.153824419999999965e-04,-2.753409899999999843e-05,-4.984559370000000208e-04,3.066920380000000214e-04,1.830631130000000013e-04
CMzo,-7.313911399999999737e-05,-4.628075599999999874e-05,-3.711290000000000173e-05,-3.513436600000000059e-05,-3.141952300000000258e-05
CS,-1.337978119000000042e-03,-8.405047400000000262e-04,-2.479972693999999821e-03,8.082244929999999467e-04,3.037973820000000103e-04
CSi,-1.361117406999999904e-03,-8.503527470000000164e-04,-2.496010249000000202e-03,7.931695510000000022e-04,2.953090139999999995e-04
CSo,2.313928800000000105e-05,9.848007000000000391e-06,1.603755500000000065e-05,1.505494200000000037e-05,8.488368000000000719e-06
E,7.045570990380000120e-01,7.185657281380000150e-01,7.285329917959999513e-01,7.462607131790000015e-01,7.862092059209999650e-01
FC_AoA_,4.000000000000000000e+00
FC_Beta_,0.000000000000000000e+00
FC_Bref_,1.417173599999999922e+01
FC_Cref_,1.193991999999999942e+00
FC_Mach_,1.499999999999999944e-01
FC_Pitch_Rate,0.000000000000000000e+00
FC_ReCref_,3.870000000000000000e+06
FC_Rho_,2.377000000000000206e-03
FC_Roll__Rate,0.000000000000000000e+00
FC_Sref_,1.619368700000000061e+01
FC_Vinf_,5.100000000000000000e+01
FC_Xcg_,1.774861999999999940e+00
FC_Yaw___Rate,0.000000000000000000e+00
FC_Ycg_,0.000000000000000000e+00
FC_Zcg_,7.545150000000000468e-01
L/D,1.553437071552800042e+01,1.577329305171599927e+01,1.591709894619699917e+01,1.611026222050699985e+01,1.670621212250300047e+01
Mach,1.499999999999999944e-01,1.499999999999999944e-01,1.499999999999999944e-01,1.499999999999999944e-01,1.499999999999999944e-01
T/QS,0.000000000000000000e+00,0.000000000000000000e+00,0.000000000000000000e+00,0.000000000000000000e+00,0.000000000000000000e+00
WakeIter,1,2,3,4,5
Results_Name,VSPAERO_History
Results_Timestamp,1758045781
Results_Date,9,16,2025
Results_Time,14,3,1
Alpha,5.000000000000000000e+00,5.000000000000000000e+00,5.000000000000000000e+00,5.000000000000000000e+00,5.000000000000000000e+00
AnalysisMethod,0
Beta,0.000000000000000000e+00,0.000000000000000000e+00,0.000000000000000000e+00,0.000000000000000000e+00,0.000000000000000000e+00
CDi,7.063203762000000441e-02,6.833747218499999776e-02,6.653692661900000027e-02,6.682542151100000216e-02,6.235934329699999862e-02
CDo,2.281905508300000052e-02,2.278839954299999998e-02,2.291965170199999902e-02,2.309081263299999839e-02,2.329569689900000060e-02
CDt,7.413639156100000627e-02,7.056485869499999619e-02,6.866203617699999373e-02,6.765940874600000210e-02,6.799630669499999447e-02
CDtot,9.345109270300000492e-02,9.112587172800000468e-02,8.945657832099999929e-02,8.991623414400000402e-02,8.565504019599999574e-02
CDtott,9.695544664400000678e-02,9.335325823800000311e-02,9.158168787800000099e-02,9.075022137900000396e-02,9.129200359300000678e-02
CFx,-2.952477593099999895e-02,-3.083086219799999889e-02,-3.304576819800000148e-02,-3.327753461400000112e-02,-3.887256357399999918e-02
CFxi,-5.255054124099999696e-02,-5.382615408599999984e-02,-5.616503966599999814e-02,-5.657261779899999676e-02,-6.239350003599999916e-02
CFxo,2.302576531000000148e-02,2.299529188800000096e-02,2.311927146800000013e-02,2.329508318499999911e-02,2.352093646199999999e-02
CFy,-1.366275170000000099e-03,-1.007954468000000006e-03,-2.684681159000000192e-03,1.628408830000000016e-04,5.560223900000000512e-04
CFyi,-1.391187083999999990e-03,-1.020363669999999967e-03,-2.703410046000000091e-03,1.582144769999999914e-04,5.570169929999999568e-04
CFyo,2.491191399999999941e-05,1.240920200000000019e-05,1.872888800000000004e-05,4.626406000000000035e-06,-9.946030000000000554e-07
CFz,1.409700773294999987e+00,1.397950488930000068e+00,1.404113986488999988e+00,1.412037047849999949e+00,1.427096804048999967e+00
CFzi,1.411067180542999955e+00,1.399320316242999906e+00,1.405394957248000010e+00,1.413363704285000022e+00,1.428654191941999940e+00
CFzo,-1.366407247999999915e-03,-1.369827312999999944e-03,-1.280970758999999985e-03,-1.326656435000000056e-03,-1.557387893000000039e-03
CL,1.406909690028000037e+00,1.395317951960999947e+00,1.401651037329000093e+00,1.409564148822999963e+00,1.425054237007999935e+00
CLi,1.410277725362000023e+00,1.398686738412000086e+00,1.404942110883999895e+00,1.412916057207999954e+00,1.428655683257999964e+00
CLo,-3.368035334000000092e-03,-3.368786450999999849e-03,-3.291073555000000213e-03,-3.351908384999999994e-03,-3.601446249000000207e-03
CMx,4.217257343999999790e-03,2.391592764000000093e-03,2.315189351999999944e-03,2.265464011999999971e-03,1.772908510000000036e-03
CMxi,4.225451994999999787e-03,2.396988049999999870e-03,2.320280222000000066e-03,2.270750008000000167e-03,1.778847373000000094e-03
CMxo,-8.194652000000000023e-06,-5.395285999999999863e-06,-5.090870000000000269e-06,-5.285995999999999763e-06,-5.938862999999999622e-06
CMy,-5.162863890829999525e-01,-4.875722073570000203e-01,-4.857084855189999772e-01,-4.800133456139999977e-01,-5.026908649269999918e-01
CMyi,-5.228453073319999644e-01,-4.942080360710000009e-01,-4.920681341250000007e-01,-4.865288519129999933e-01,-5.099722693489999736e-01
CMyo,6.558918248999999825e-03,6.635828713999999615e-03,6.359648606000000044e-03,6.515506299000000008e-03,7.281404422000000050e-03
CMz,-1.549232990000000052e-04,-1.134633980000000032e-04,-5.834193010000000498e-04,1.482091900000000032e-04,2.946826750000000085e-04
CMzi,-7.371138699999999812e-05,-6.723997299999999943e-05,-5.434673209999999702e-04,1.949652660000000088e-04,3.330333119999999945e-04
CMzo,-8.121191199999999353e-05,-4.622342499999999697e-05,-3.995197999999999827e-05,-4.675607599999999879e-05,-3.835063800000000238e-05
CS,-1.366275170000000099e-03,-1.007954468000000006e-03,-2.684681159000000192e-03,1.628408830000000016e-04,5.560223900000000512e-04
CSi,-1.391187083999999990e-03,-1.020363669999999967e-03,-2.703410046000000091e-03,1.582144769999999914e-04,5.570169929999999568e-04
CSo,2.491191399999999941e-05,1.240920200000000019e-05,1.872888800000000004e-05,4.626406000000000035e-06,-9.946030000000000554e-07
E,7.226989261780000229e-01,7.347369070729999896e-01,7.613844009229999710e-01,7.667271927430000522e-01,8.400467673070000085e-01
FC_AoA_,5.000000000000000000e+00
FC_Beta_,0.000000000000000000e+00
FC_Bref_,1.417173599999999922e+01
FC_Cref_,1.193991999999999942e+00
FC_Mach_,1.499999999999999944e-01
FC_Pitch_Rate,0.000000000000000000e+00
FC_ReCref_,3.870000000000000000e+06
FC_Rho_,2.377000000000000206e-03
FC_Roll__Rate,0.000000000000000000e+00
FC_Sref_,1.619368700000000061e+01
FC_Vinf_,5.100000000000000000e+01
FC_Xcg_,1.774861999999999940e+00
FC_Yaw___Rate,0.000000000000000000e+00
FC_Ycg_,0.000000000000000000e+00
FC_Zcg_,7.545150000000000468e-01
L/D,1.509107795921999973e+01,1.534895317751199961e+01,1.570529677359400011e+01,1.571369253457299919e+01,1.667917824786799841e+01
Mach,1.499999999999999944e-01,1.499999999999999944e-01,1.499999999999999944e-01,1.499999999999999944e-01,1.499999999999999944e-01
T/QS,0.000000000000000000e+00,0.000000000000000000e+00,0.000000000000000000e+00,0.000000000000000000e+00,0.000000000000000000e+00
WakeIter,1,2,3,4,5
Results_Name,VSPAERO_History
Results_Timestamp,1758045781
Results_Date,9,16,2025
Results_Time,14,3,1
Alpha,6.000000000000000000e+00,6.000000000000000000e+00,6.000000000000000000e+00,6.000000000000000000e+00,6.000000000000000000e+00
AnalysisMethod,0
Beta,0.000000000000000000e+00,0.000000000000000000e+00,0.000000000000000000e+00,0.000000000000000000e+00,0.000000000000000000e+00
CDi,7.585262820900000313e-02,7.511801838800000186e-02,7.404489965499999604e-02,7.405188701199999501e-02,7.300994156300000260e-02
CDo,2.422243014500000124e-02,2.429489135200000108e-02,2.439954884000000018e-02,2.456401873399999963e-02,2.474696142699999921e-02
CDt,7.977767892300000052e-02,7.690863185299999516e-02,7.452227817699999535e-02,7.387426615500000682e-02,7.403239453000000359e-02
CDtot,1.000750583540000044e-01,9.941290973999999947e-02,9.844444849500000316e-02,9.861590574499999595e-02,9.775690299000000527e-02
CDtott,1.040001090680000018e-01,1.012035232059999984e-01,9.892182701700000247e-02,9.843828488899999951e-02,9.877935595700000626e-02
CFx,-5.625431750499999828e-02,-5.662510662100000286e-02,-5.825478739300000292e-02,-5.873037102099999685e-02,-6.100737595900000004e-02
CFxi,-8.075589858300000201e-02,-8.120235310899999448e-02,-8.293321828199999579e-02,-8.357329914300000440e-02,-8.605311543400000207e-02
CFxo,2.450158107800000026e-02,2.457724648799999856e-02,2.467843088899999981e-02,2.484292812200000061e-02,2.504573947499999856e-02
CFy,-1.531112815000000051e-03,-1.006777158999999948e-03,-1.490578725999999916e-03,-6.751419950000000147e-04,-6.103306420000000022e-04
CFyi,-1.557794621000000053e-03,-1.020577180000000091e-03,-1.504206845999999992e-03,-6.822642569999999747e-04,-6.298982260000000107e-04
CFyo,2.668180599999999897e-05,1.380002100000000080e-05,1.362812000000000057e-05,7.122261999999999776e-06,1.956758299999999896e-05
CFz,1.492619368389999979e+00,1.489812566209000044e+00,1.496052894871999994e+00,1.502218063288000005e+00,1.515664434427999918e+00
CFzi,1.494005868332000109e+00,1.491225754570999928e+00,1.497427554149999951e+00,1.503584363187000061e+00,1.517210184372999926e+00
CFzo,-1.386499941999999944e-03,-1.413188361999999972e-03,-1.374659277000000058e-03,-1.366299898999999950e-03,-1.545749945000000035e-03
CL,1.490322820675999971e+00,1.487570152466999973e+00,1.493946643983999900e+00,1.500127750986999908e+00,1.513738473327000067e+00
CLi,1.494262837843999936e+00,1.491544621042000029e+00,1.497893371189999989e+00,1.504083359251999985e+00,1.517893748150999977e+00
CLo,-3.940017167999999848e-03,-3.974468574999999969e-03,-3.946727205999999745e-03,-3.955608264999999589e-03,-4.155274823999999777e-03
CMx,4.416661355999999990e-03,2.919996883000000164e-03,2.377780831000000060e-03,1.897110365000000088e-03,1.388711798000000002e-03
CMxi,4.425411833999999892e-03,2.926776429999999873e-03,2.383686827000000043e-03,1.901974537000000092e-03,1.393591889999999927e-03
CMxo,-8.750478000000000146e-06,-6.779547000000000297e-06,-5.905995000000000363e-06,-4.864173000000000261e-06,-4.880093000000000102e-06
CMy,-5.321536238390000007e-01,-5.160356475949999799e-01,-5.208449028210000442e-01,-5.119781504210000334e-01,-5.325671521379999884e-01
CMyi,-5.390373851949999962e-01,-5.230205219310000153e-01,-5.277259029790000167e-01,-5.188278208469999653e-01,-5.400154893780000354e-01
CMyo,6.883761355999999838e-03,6.984874335999999816e-03,6.881000158000000200e-03,6.849670425999999576e-03,7.448337240999999657e-03
CMz,-1.145688059999999962e-04,-5.255470399999999771e-05,-2.471182940000000191e-04,-7.273090300000000007e-05,-1.337586950000000036e-04
CMzi,-2.514633499999999918e-05,7.450398999999999612e-06,-1.994561490000000103e-04,-3.295711700000000316e-05,-1.078968030000000016e-04
CMzo,-8.942247100000000044e-05,-6.000510300000000072e-05,-4.766214500000000206e-05,-3.977378599999999690e-05,-2.586189300000000138e-05
CS,-1.531112815000000051e-03,-1.006777158999999948e-03,-1.490578725999999916e-03,-6.751419950000000147e-04,-6.103306420000000022e-04
CSi,-1.557794621000000053e-03,-1.020577180000000091e-03,-1.504206845999999992e-03,-6.822642569999999747e-04,-6.298982260000000107e-04
CSo,2.668180599999999897e-05,1.380002100000000080e-05,1.362812000000000057e-05,7.122261999999999776e-06,1.956758299999999896e-05
E,7.554978100879999880e-01,7.601131209529999877e-01,7.777078816810000239e-01,7.840748695910000343e-01,8.099357990679999508e-01
FC_AoA_,6.000000000000000000e+00
FC_Beta_,0.000000000000000000e+00
FC_Bref_,1.417173599999999922e+01
FC_Cref_,1.193991999999999942e+00
FC_Mach_,1.499999999999999944e-01
FC_Pitch_Rate,0.000000000000000000e+00
FC_ReCref_,3.870000000000000000e+06
FC_Rho_,2.377000000000000206e-03
FC_Roll__Rate,0.000000000000000000e+00
FC_Sref_,1.619368700000000061e+01
FC_Vinf_,5.100000000000000000e+01
FC_Xcg_,1.774861999999999940e+00
FC_Yaw___Rate,0.000000000000000000e+00
FC_Ycg_,0.000000000000000000e+00
FC_Zcg_,7.545150000000000468e-01
L/D,1.493142109958700026e+01,1.500353047649499949e+01,1.521562052591399983e+01,1.525193474507499936e+01,1.552722827474000056e+01
Mach,1.499999999999999944e-01,1.499999999999999944e-01,1.499999999999999944e-01,1.499999999999999944e-01,1.499999999999999944e-01
T/QS,0.000000000000000000e+00,0.000000000000000000e+00,0.000000000000000000e+00,0.000000000000000000e+00,0.000000000000000000e+00
WakeIter,1,2,3,4,5
Results_Name,VSPAERO_History
Results_Timestamp,1758045781
Results_Date,9,16,2025
Results_Time,14,3,1
Alpha,7.000000000000000000e+00,7.000000000000000000e+00,7.000000000000000000e+00,7.000000000000000000e+00,7.000000000000000000e+00
AnalysisMethod,0
Beta,0.000000000000000000e+00,0.000000000000000000e+00,0.000000000000000000e+00,0.000000000000000000e+00,0.000000000000000000e+00
CDi,8.268138062100000019e-02,8.207551834800000390e-02,8.174968196800000420e-02,8.133714169599999544e-02,8.164304123299999383e-02
CDo,2.569311843699999959e-02,2.582466181500000027e-02,2.600229975599999827e-02,2.614030688400000024e-02,2.627904612400000159e-02
CDt,8.736447150999999967e-02,8.058478253999999674e-02,7.788744693099999838e-02,7.627798587600000124e-02,7.856346765100000185e-02
CDtot,1.083744990580000067e-01,1.079001801619999951e-01,1.077519817250000012e-01,1.074774485799999957e-01,1.079220873559999933e-01
CDtott,1.130575899470000062e-01,1.064094443549999935e-01,1.038897466870000036e-01,1.024182927600000015e-01,1.048425137750000069e-01
CFx,-8.465594726200000031e-02,-8.520863852399999938e-02,-8.623641093999999396e-02,-8.734948979399999314e-02,-8.813360534500000454e-02
CFxi,-1.107168456720000055e-01,-1.114056127740000041e-01,-1.126118993260000062e-01,-1.138623864280000064e-01,-1.147935991140000000e-01
CFxo,2.606089841100000040e-02,2.619697424899999905e-02,2.637548838599999834e-02,2.651289663399999941e-02,2.665999376899999898e-02
CFy,-1.732957924000000025e-03,-7.682240779999999821e-04,-6.471954360000000328e-04,-7.782386480000000111e-04,-3.148831500000000245e-05
CFyi,-1.761237451000000065e-03,-7.754663870000000174e-04,-6.530870889999999731e-04,-7.847590609999999722e-04,-3.155459299999999857e-05
CFyo,2.827952699999999972e-05,7.242308999999999712e-06,5.891652000000000220e-06,6.520413000000000009e-06,6.627800000000000625e-08
CFz,1.578735294292000102e+00,1.579344575416000040e+00,1.586499066398000091e+00,1.593311681981000039e+00,1.603346278172999906e+00
CFzi,1.580159163363000108e+00,1.580797312881000005e+00,1.587948075094999911e+00,1.594747372318999989e+00,1.604841552447999975e+00
CFzo,-1.423869071000000066e-03,-1.452737466000000041e-03,-1.449008696999999927e-03,-1.435690337000000054e-03,-1.495274274999999981e-03
CL,1.577284605518000093e+00,1.577956701273999895e+00,1.585183117714999979e+00,1.592080603284000029e+00,1.602135962763999943e+00
CLi,1.581873885862999929e+00,1.582591218306000025e+00,1.589835689172000022e+00,1.596736701506999978e+00,1.606869127428000033e+00
CLo,-4.589280345000000191e-03,-4.634517032000000196e-03,-4.652571456999999785e-03,-4.656098223999999980e-03,-4.733164663000000161e-03
CMx,4.574527907999999948e-03,2.275563592000000215e-03,1.648203829999999931e-03,1.554376016000000044e-03,1.177219240000000090e-03
CMxi,4.584058608000000402e-03,2.281649291999999878e-03,1.652928788000000010e-03,1.558762687000000069e-03,1.180580545000000075e-03
CMxo,-9.530700999999999469e-06,-6.085700000000000026e-06,-4.724957000000000373e-06,-4.386670999999999695e-06,-3.361304999999999830e-06
CMy,-5.600421646000000031e-01,-5.515229008419999523e-01,-5.486224295820000263e-01,-5.469623545389999952e-01,-5.577472475250000450e-01
CMyi,-5.672741279970000550e-01,-5.588804179609999645e-01,-5.560033362780000266e-01,-5.542910653889999706e-01,-5.652494525329999631e-01
CMyo,7.231963396999999821e-03,7.357517119000000008e-03,7.380906696000000267e-03,7.328710849999999638e-03,7.502205009000000036e-03
CMz,-1.100975529999999992e-04,-5.157331900000000169e-05,-6.220804300000000236e-05,-1.023363260000000025e-04,8.446229200000000424e-05
CMzi,-1.266975800000000034e-05,-1.771736000000000057e-06,-2.590389500000000078e-05,-6.880372899999999924e-05,1.121621630000000004e-04
CMzo,-9.742779499999999543e-05,-4.980158199999999843e-05,-3.630414800000000158e-05,-3.353259600000000051e-05,-2.769987099999999953e-05
CS,-1.732957924000000025e-03,-7.682240779999999821e-04,-6.471954360000000328e-04,-7.782386480000000111e-04,-3.148831500000000245e-05
CSi,-1.761237451000000065e-03,-7.754663870000000174e-04,-6.530870889999999731e-04,-7.847590609999999722e-04,-3.155459299999999857e-05
CSo,2.827952699999999972e-05,7.242308999999999712e-06,5.891652000000000220e-06,6.520413000000000009e-06,6.627800000000000625e-08
E,7.767581968440000484e-01,7.832018784449999993e-01,7.935389777169999936e-01,8.045028011110000321e-01,8.116927953720000088e-01
FC_AoA_,7.000000000000000000e+00
FC_Beta_,0.000000000000000000e+00
FC_Bref_,1.417173599999999922e+01
FC_Cref_,1.193991999999999942e+00
FC_Mach_,1.499999999999999944e-01
FC_Pitch_Rate,0.000000000000000000e+00
FC_ReCref_,3.870000000000000000e+06
FC_Rho_,2.377000000000000206e-03
FC_Roll__Rate,0.000000000000000000e+00
FC_Sref_,1.619368700000000061e+01
FC_Vinf_,5.100000000000000000e+01
FC_Xcg_,1.774861999999999940e+00
FC_Yaw___Rate,0.000000000000000000e+00
FC_Ycg_,0.000000000000000000e+00
FC_Zcg_,7.545150000000000468e-01
L/D,1.459636630036299998e+01,1.466717864533499949e+01,1.475458421948600041e+01,1.485648126749400078e+01,1.488915908492800000e+01
Mach,1.499999999999999944e-01,1.499999999999999944e-01,1.499999999999999944e-01,1.499999999999999944e-01,1.499999999999999944e-01
T/QS,0.000000000000000000e+00,0.000000000000000000e+00,0.000000000000000000e+00,0.000000000000000000e+00,0.000000000000000000e+00
WakeIter,1,2,3,4,5
Results_Name,VSPAERO_History
Results_Timestamp,1758045781
Results_Date,9,16,2025
Results_Time,14,3,1
Alpha,8.000000000000000000e+00,8.000000000000000000e+00,8.000000000000000000e+00,8.000000000000000000e+00,8.000000000000000000e+00
AnalysisMethod,0
Beta,0.000000000000000000e+00,0.000000000000000000e+00,0.000000000000000000e+00,0.000000000000000000e+00,0.000000000000000000e+00
CDi,9.088296962899999887e-02,9.028595637300000643e-02,8.907326110900000427e-02,8.913223284299999494e-02,8.977853448900000033e-02
CDo,2.719526675600000137e-02,2.722440933000000104e-02,2.739944618900000059e-02,2.763302162299999948e-02,2.775948949800000065e-02
CDt,9.842287586799999821e-02,9.039651089599999578e-02,8.354616430599999533e-02,8.198509709000000034e-02,8.532639066100000669e-02
CDtot,1.180782363849999933e-01,1.175103657040000027e-01,1.164727072979999944e-01,1.167652544660000014e-01,1.175380239880000066e-01
CDtott,1.256181426240000065e-01,1.176209202260000003e-01,1.109456104949999994e-01,1.096181187139999985e-01,1.130858801589999935e-01
CFx,-1.143115789940000043e-01,-1.152603387159999992e-01,-1.165950914640000030e-01,-1.176929087520000028e-01,-1.179793736789999936e-01
CFxi,-1.419823379980000022e-01,-1.429622926430000052e-01,-1.444732782110000058e-01,-1.458081928030000030e-01,-1.462261728750000045e-01
CFxo,2.767075900400000135e-02,2.770195392699999898e-02,2.787818674699999930e-02,2.811528405000000147e-02,2.824679919699999917e-02
CFy,-1.794155319999999991e-03,-9.331690710000000106e-04,-1.211965522000000043e-03,-5.198971829999999867e-04,-1.011874490000000003e-04
CFyi,-1.821402735000000059e-03,-9.419247270000000389e-04,-1.220867594000000058e-03,-5.260234310000000413e-04,-1.039501859999999946e-04
CFyo,2.724741500000000041e-05,8.755655999999999506e-06,8.902070999999999696e-06,6.126248999999999763e-06,2.762737000000000210e-06
CFz,1.661796290767999951e+00,1.664466747731000007e+00,1.666508123672999941e+00,1.676421537723000066e+00,1.684012419747999978e+00
CFzi,1.663277915607999979e+00,1.665960937946000087e+00,1.667998583823999903e+00,1.677920724088999949e+00,1.685538675821000032e+00
CFzo,-1.481624841000000071e-03,-1.494190215000000066e-03,-1.490460150999999922e-03,-1.499186365000000068e-03,-1.526256073000000065e-03
CL,1.661532900424999903e+00,1.664309410516999987e+00,1.666516681607999928e+00,1.676486405629999954e+00,1.684043281924999969e+00
CLi,1.666851131530999952e+00,1.669644426207000043e+00,1.671872530401999901e+00,1.681883893281999942e+00,1.689485879215000041e+00
CLo,-5.318231106000000097e-03,-5.335015690000000088e-03,-5.355848794000000156e-03,-5.397487652000000288e-03,-5.442597290000000115e-03
CMx,4.771061551999999581e-03,2.003238703999999856e-03,1.865558296999999914e-03,1.710479024999999893e-03,1.330308971999999900e-03
CMxi,4.781810578000000346e-03,2.009051729000000102e-03,1.870306788000000069e-03,1.715489453000000088e-03,1.334256502999999969e-03
CMxo,-1.074902599999999936e-05,-5.813025000000000134e-06,-4.748490999999999900e-06,-5.010428000000000269e-06,-3.947531999999999934e-06
CMy,-5.828201685570000290e-01,-5.991883194810000424e-01,-5.794932007319999467e-01,-5.760856545300000464e-01,-5.805963552730000199e-01
CMyi,-5.904187132370000146e-01,-6.069533828390000219e-01,-5.872860388839999946e-01,-5.838979835130000406e-01,-5.884649521579999876e-01
CMyo,7.598544680000000363e-03,7.765063358000000304e-03,7.792838152000000108e-03,7.812328983000000303e-03,7.868596885000000637e-03
CMz,-1.049792540000000005e-04,-8.475053299999999801e-05,-1.659030599999999911e-04,-2.289204000000000148e-06,7.690522900000000290e-05
CMzi,2.418942999999999957e-06,-4.028781699999999720e-05,-1.247906129999999929e-04,3.675653799999999675e-05,1.087218860000000017e-04
CMzo,-1.073981959999999934e-04,-4.446271600000000081e-05,-4.111244600000000214e-05,-3.904574199999999944e-05,-3.181665600000000284e-05
CS,-1.794155319999999991e-03,-9.331690710000000106e-04,-1.211965522000000043e-03,-5.198971829999999867e-04,-1.011874490000000003e-04
CSi,-1.821402735000000059e-03,-9.419247270000000389e-04,-1.220867594000000058e-03,-5.260234310000000413e-04,-1.039501859999999946e-04
CSo,2.724741500000000041e-05,8.755655999999999506e-06,8.902070999999999696e-06,6.126248999999999763e-06,2.762737000000000210e-06
E,7.846228843879999859e-01,7.924605158130000326e-01,8.053948034469999850e-01,8.145300075460000233e-01,8.159930734139999586e-01
FC_AoA_,8.000000000000000000e+00
FC_Beta_,0.000000000000000000e+00
FC_Bref_,1.417173599999999922e+01
FC_Cref_,1.193991999999999942e+00
FC_Mach_,1.499999999999999944e-01
FC_Pitch_Rate,0.000000000000000000e+00
FC_ReCref_,3.870000000000000000e+06
FC_Rho_,2.377000000000000206e-03
FC_Roll__Rate,0.000000000000000000e+00
FC_Sref_,1.619368700000000061e+01
FC_Vinf_,5.100000000000000000e+01
FC_Xcg_,1.774861999999999940e+00
FC_Yaw___Rate,0.000000000000000000e+00
FC_Ycg_,0.000000000000000000e+00
FC_Zcg_,7.545150000000000468e-01
L/D,1.411649752371300082e+01,1.420848634255199983e+01,1.435419995964199913e+01,1.440397574577700013e+01,1.437395169577500020e+01
Mach,1.499999999999999944e-01,1.499999999999999944e-01,1.499999999999999944e-01,1.499999999999999944e-01,1.499999999999999944e-01
T/QS,0.000000000000000000e+00,0.000000000000000000e+00,0.000000000000000000e+00,0.000000000000000000e+00,0.000000000000000000e+00
WakeIter,1,2,3,4,5
Results_Name,VSPAERO_History
Results_Timestamp,1758045781
Results_Date,9,16,2025
Results_Time,14,3,1
Alpha,9.000000000000000000e+00,9.000000000000000000e+00,9.000000000000000000e+00,9.000000000000000000e+00,9.000000000000000000e+00
AnalysisMethod,0
Beta,0.000000000000000000e+00,0.000000000000000000e+00,0.000000000000000000e+00,0.000000000000000000e+00,0.000000000000000000e+00
CDi,9.795176523899999654e-02,9.752425727600000371e-02,9.660753933900000090e-02,9.675270387100000369e-02,9.751198655699999662e-02
CDo,2.875475390499999950e-02,2.884745438699999956e-02,2.897041016600000046e-02,2.919829405599999941e-02,2.934428801300000000e-02
CDt,1.041990967109999999e-01,9.870902802700000367e-02,9.171022271800000070e-02,8.930974631499999372e-02,9.316895152599999341e-02
CDtot,1.267065191439999960e-01,1.263717116620000080e-01,1.255779495050000083e-01,1.259509979279999914e-01,1.268562745700000105e-01
CDtott,1.329538506169999912e-01,1.275564824129999941e-01,1.206806328839999942e-01,1.185080403710000035e-01,1.225132395389999934e-01
CFx,-1.478341063989999926e-01,-1.494135008190000113e-01,-1.503667588879999961e-01,-1.514160171670000110e-01,-1.516755294509999907e-01
CFxi,-1.771898593039999970e-01,-1.788670991509999919e-01,-1.799424054650000104e-01,-1.812235447340000138e-01,-1.816350078410000068e-01
CFxo,2.935575290500000087e-02,2.945359833200000138e-02,2.957564657700000044e-02,2.980752756699999936e-02,2.995947838999999877e-02
CFy,-1.766018871000000047e-03,-6.519277100000000439e-04,-1.066786316999999941e-03,-7.412423969999999609e-04,-1.605320420000000089e-04
CFyi,-1.794746364999999901e-03,-6.614082430000000528e-04,-1.074404927999999919e-03,-7.467111660000000416e-04,-1.638088850000000019e-04
CFyo,2.872749399999999923e-05,9.480533000000000392e-06,7.618611000000000298e-06,5.468769000000000257e-06,3.276842999999999824e-06
CFz,1.743353309688999930e+00,1.751184972427999975e+00,1.752129519548000003e+00,1.761138970191000075e+00,1.768564404849999994e+00
CFzi,1.744884819819999988e+00,1.752741670785999961e+00,1.753670811124999895e+00,1.762687563610999986e+00,1.770139118474000073e+00
CFzo,-1.531510130999999943e-03,-1.556698357999999893e-03,-1.541291577000000051e-03,-1.548593420000000075e-03,-1.574713624000000046e-03
CL,1.745016086866999938e+00,1.752998400562999937e+00,1.754080441156999903e+00,1.763143110669000091e+00,1.770517722571000041e+00
CLi,1.751120993068000065e+00,1.759143491279999916e+00,1.760229407326999951e+00,1.769335562963000097e+00,1.776759743831999971e+00
CLo,-6.104906202000000282e-03,-6.145090716000000362e-03,-6.148966171000000251e-03,-6.192452293999999892e-03,-6.242021260999999765e-03
CMx,4.977551480000000014e-03,2.200931293999999847e-03,1.748412220999999954e-03,1.402629581999999915e-03,1.238120695999999927e-03
CMxi,4.989171958999999781e-03,2.208190105000000080e-03,1.753882885999999940e-03,1.406632912999999929e-03,1.241956576000000090e-03
CMxo,-1.162047899999999916e-05,-7.258810999999999948e-06,-5.470666000000000317e-06,-4.003331000000000076e-06,-3.835880000000000279e-06
CMy,-6.037771962479999699e-01,-6.250028509630000118e-01,-6.125822119660000453e-01,-6.088414154369999887e-01,-6.113423768989999507e-01
CMyi,-6.118487692409999568e-01,-6.332515777499999610e-01,-6.208332568509999927e-01,-6.171174678769999478e-01,-6.196651139109999873e-01
CMyo,8.071572993000000751e-03,8.248726786999999519e-03,8.251044884999999413e-03,8.276052440999999427e-03,8.322737012000000142e-03
CMz,-5.549807500000000142e-05,4.547639599999999955e-05,-1.366022519999999867e-04,-9.749059599999999361e-05,4.841404099999999978e-05
CMzi,6.187624899999999623e-05,9.755501399999999513e-05,-9.623721800000000339e-05,-6.415173399999999737e-05,7.906247499999999556e-05
CMzo,-1.173743239999999977e-04,-5.207861800000000235e-05,-4.036503399999999690e-05,-3.333886200000000301e-05,-3.064843400000000255e-05
CS,-1.766018871000000047e-03,-6.519277100000000439e-04,-1.066786316999999941e-03,-7.412423969999999609e-04,-1.605320420000000089e-04
CSi,-1.794746364999999901e-03,-6.614082430000000528e-04,-1.074404927999999919e-03,-7.467111660000000416e-04,-1.638088850000000019e-04
CSo,2.872749399999999923e-05,9.480533000000000392e-06,7.618611000000000298e-06,5.468769000000000257e-06,3.276842999999999824e-06
E,8.034704216250000419e-01,8.144036879310000421e-01,8.231469543489999818e-01,8.304378861850000293e-01,8.309009566980000150e-01
FC_AoA_,9.000000000000000000e+00
FC_Beta_,0.000000000000000000e+00
FC_Bref_,1.417173599999999922e+01
FC_Cref_,1.193991999999999942e+00
FC_Mach_,1.499999999999999944e-01
FC_Pitch_Rate,0.000000000000000000e+00
FC_ReCref_,3.870000000000000000e+06
FC_Rho_,2.377000000000000206e-03
FC_Roll__Rate,0.000000000000000000e+00
FC_Sref_,1.619368700000000061e+01
FC_Vinf_,5.100000000000000000e+01
FC_Xcg_,1.774861999999999940e+00
FC_Yaw___Rate,0.000000000000000000e+00
FC_Ycg_,0.000000000000000000e+00
FC_Zcg_,7.545150000000000468e-01
L/D,1.382029121228899982e+01,1.392038984151700021e+01,1.401702619183400067e+01,1.404780900569000046e+01,1.400608483781000047e+01
Mach,1.499999999999999944e-01,1.499999999999999944e-01,1.499999999999999944e-01,1.499999999999999944e-01,1.499999999999999944e-01
T/QS,0.000000000000000000e+00,0.000000000000000000e+00,0.000000000000000000e+00,0.000000000000000000e+00,0.000000000000000000e+00
WakeIter,1,2,3,4,5
Results_Name,VSPAERO_History
Results_Timestamp,1758045781
Results_Date,9,16,2025
Results_Time,14,3,1
Alpha,1.000000000000000000e+01,1.000000000000000000e+01,1.000000000000000000e+01,1.000000000000000000e+01,1.000000000000000000e+01
AnalysisMethod,0
Beta,0.000000000000000000e+00,0.000000000000000000e+00,0.000000000000000000e+00,0.000000000000000000e+00,0.000000000000000000e+00
CDi,1.064149755049999951e-01,1.047037367850000011e-01,1.038187136790000020e-01,1.043981650409999962e-01,1.053511571369999955e-01
CDo,3.059231926800000043e-02,3.047147671800000054e-02,3.063204916800000080e-02,3.090611793000000093e-02,3.108344344099999920e-02
CDt,1.127315497229999935e-01,1.067988040509999931e-01,9.632122897599999789e-02,9.337636442600000253e-02,9.812502857799999811e-02
CDtot,1.370072947740000047e-01,1.351752135029999913e-01,1.344507628459999937e-01,1.353042829699999949e-01,1.364346005790000038e-01
CDtott,1.433238689909999974e-01,1.372702807679999915e-01,1.269532781440000091e-01,1.242824823550000013e-01,1.292084720189999869e-01
CFx,-1.845176482829999909e-01,-1.852691296679999933e-01,-1.868940526300000016e-01,-1.883267026100000074e-01,-1.887044582819999983e-01
CFxi,-2.158695204290000114e-01,-2.164947681970000037e-01,-2.182786629790000044e-01,-2.199930688429999892e-01,-2.205559660950000000e-01
CFxo,3.135187214599999966e-02,3.122563852800000136e-02,3.138461035000000149e-02,3.166636623300000258e-02,3.185150781300000178e-02
CFy,-8.410585110000000147e-04,-1.581053430000000032e-04,-5.934877279999999826e-04,-8.510739399999999724e-04,-4.591005989999999838e-04
CFyi,-8.550824990000000219e-04,-1.658222540000000005e-04,-6.017058140000000133e-04,-8.583600950000000148e-04,-4.643099779999999843e-04
CFyo,1.402398800000000041e-05,7.716909999999999609e-06,8.218086000000000179e-06,7.286155000000000038e-06,5.209378999999999679e-06
CFz,1.835445149225999995e+00,1.829156476395999986e+00,1.834199927390000040e+00,1.847240115675000016e+00,1.855891714228000033e+00
CFzi,1.837076306524999980e+00,1.830767631787999949e+00,1.835787956898000006e+00,1.848847763101999941e+00,1.857528174812000055e+00
CFzo,-1.631157298999999939e-03,-1.611155391999999917e-03,-1.588029508000000055e-03,-1.607647427000000054e-03,-1.636460584000000006e-03
CL,1.839601766558000007e+00,1.833539126171999989e+00,1.838788120723999997e+00,1.851878976305999958e+00,1.860464734220999894e+00
CLi,1.846652338376999936e+00,1.840548079720000008e+00,1.845801904888999978e+00,1.858961006746000066e+00,1.867607289578999907e+00
CLo,-7.050571819000000032e-03,-7.008953547999999603e-03,-7.013784165999999674e-03,-7.082030440000000419e-03,-7.142555358000000389e-03
CMx,3.430349478999999892e-03,1.780160023999999936e-03,1.585070124999999990e-03,1.751539180000000022e-03,1.441749900000000072e-03
CMxi,3.439656285999999862e-03,1.785193721999999957e-03,1.590002729999999984e-03,1.756759962999999937e-03,1.446234480000000051e-03
CMxo,-9.306806999999999542e-06,-5.033698000000000133e-06,-4.932605000000000354e-06,-5.220783000000000223e-06,-4.484579000000000283e-06
CMy,-6.324494916599999739e-01,-6.413965419639999777e-01,-6.382151482550000310e-01,-6.403140677930000413e-01,-6.428451720040000428e-01
CMyi,-6.411089668749999637e-01,-6.500817090029999967e-01,-6.469366804239999880e-01,-6.491105808060000371e-01,-6.516945321460000384e-01
CMyo,8.659475213999999824e-03,8.685167038999999992e-03,8.721532170000000778e-03,8.796513012999999243e-03,8.849360142000000859e-03
CMz,5.755070799999999963e-05,1.402484049999999974e-04,-7.425634999999999590e-06,-7.994341599999999469e-05,-1.526567000000000067e-06
CMzi,1.421049559999999952e-04,1.847832529999999878e-04,3.081040699999999810e-05,-3.691646799999999710e-05,3.487860500000000214e-05
CMzo,-8.455424800000000231e-05,-4.453484799999999716e-05,-3.823604199999999938e-05,-4.302694799999999759e-05,-3.640517300000000117e-05
CS,-8.410585110000000147e-04,-1.581053430000000032e-04,-5.934877279999999826e-04,-8.510739399999999724e-04,-4.591005989999999838e-04
CSi,-8.550824990000000219e-04,-1.658222540000000005e-04,-6.017058140000000133e-04,-8.583600950000000148e-04,-4.643099779999999843e-04
CSo,1.402398800000000041e-05,7.716909999999999609e-06,8.218086000000000179e-06,7.286155000000000038e-06,5.209378999999999679e-06
E,8.224649188510000375e-01,8.303897955260000074e-01,8.422565316929999657e-01,8.495668277619999875e-01,8.497313907279999690e-01
FC_AoA_,1.000000000000000000e+01
FC_Beta_,0.000000000000000000e+00
FC_Bref_,1.417173599999999922e+01
FC_Cref_,1.193991999999999942e+00
FC_Mach_,1.499999999999999944e-01
FC_Pitch_Rate,0.000000000000000000e+00
FC_ReCref_,3.870000000000000000e+06
FC_Rho_,2.377000000000000206e-03
FC_Roll__Rate,0.000000000000000000e+00
FC_Sref_,1.619368700000000061e+01
FC_Vinf_,5.100000000000000000e+01
FC_Xcg_,1.774861999999999940e+00
FC_Yaw___Rate,0.000000000000000000e+00
FC_Ycg_,0.000000000000000000e+00
FC_Zcg_,7.545150000000000468e-01
L/D,1.347849646567899917e+01,1.361601755254000068e+01,1.372845988978600040e+01,1.373911428325700079e+01,1.368866315187199945e+01
Mach,1.499999999999999944e-01,1.499999999999999944e-01,1.499999999999999944e-01,1.499999999999999944e-01,1.499999999999999944e-01
T/QS,0.000000000000000000e+00,0.000000000000000000e+00,0.000000000000000000e+00,0.000000000000000000e+00,0.000000000000000000e+00
WakeIter,1,2,3,4,5
Results_Name,VSPAERO_History
Results_Timestamp,1758045781
Results_Date,9,16,2025
Results_Time,14,3,1
Alpha,1.100000000000000000e+01,1.100000000000000000e+01,1.100000000000000000e+01,1.100000000000000000e+01,1.100000000000000000e+01
AnalysisMethod,0
Beta,0.000000000000000000e+00,0.000000000000000000e+00,0.000000000000000000e+00,0.000000000000000000e+00,0.000000000000000000e+00
CDi,1.146823333140000040e-01,1.133521456419999962e-01,1.142968090800000058e-01,1.142099985680000013e-01,1.147802627339999937e-01
CDo,3.225819348299999861e-02,3.220049874900000192e-02,3.241328892599999734e-02,3.259913501799999863e-02,3.273853587100000045e-02
CDt,1.236667506200000016e-01,1.145957511070000018e-01,1.082540279279999990e-01,1.045855345129999975e-01,1.090359273039999966e-01
CDtot,1.469405267970000095e-01,1.455526443909999912e-01,1.467100980059999893e-01,1.468091335860000068e-01,1.475187986050000011e-01
CDtott,1.559249441030000072e-01,1.467962498560000106e-01,1.406673168539999963e-01,1.371846695310000031e-01,1.417744631750000039e-01
CFx,-2.230735647690000045e-01,-2.236425346289999949e-01,-2.248097922600000020e-01,-2.259074176470000084e-01,-2.263911971149999980e-01
CFxi,-2.562634968520000056e-01,-2.567626786500000202e-01,-2.581528149539999983e-01,-2.594411327410000023e-01,-2.600717546920000012e-01
CFxo,3.318993208300000108e-02,3.312014402099999755e-02,3.334302269299999760e-02,3.353371509400000089e-02,3.368055757599999755e-02
CFy,-8.702696109999999560e-04,-3.876296490000000206e-04,-1.452227640999999986e-03,-9.243754750000000115e-04,-4.868217620000000112e-04
CFyi,-8.853817960000000438e-04,-3.964927340000000194e-04,-1.459557837999999903e-03,-9.318557969999999475e-04,-4.917920480000000354e-04
CFyo,1.511218499999999971e-05,8.863085000000000540e-06,7.330196999999999844e-06,7.480322000000000376e-06,4.970285999999999697e-06
CFz,1.917706244199000043e+00,1.913359666495000111e+00,1.925430719176999927e+00,1.931596542204000011e+00,1.937804614802999925e+00
CFzi,1.919393513009999941e+00,1.914990275894999927e+00,1.927092740026000062e+00,1.933265600202999979e+00,1.939498533891000021e+00
CFzo,-1.687268811000000026e-03,-1.630609399000000018e-03,-1.662020848000000028e-03,-1.669057998999999961e-03,-1.693919087999999976e-03
CL,1.925037021962000106e+00,1.920878867699999937e+00,1.932950864401999924e+00,1.939212840689999995e+00,1.945399162985000041e+00
CLi,1.933026228489999943e+00,1.928799139619000069e+00,1.940944497909000033e+00,1.947249767880999904e+00,1.953488513363000001e+00
CLo,-7.989206528000000057e-03,-7.920271919000000660e-03,-7.993633506999999264e-03,-8.036927190999999804e-03,-8.089350377999999717e-03
CMx,3.578752653000000141e-03,2.149174898000000104e-03,1.725383945999999944e-03,1.492906363000000075e-03,1.163977477999999892e-03
CMxi,3.588480999000000140e-03,2.154941806999999872e-03,1.730660246000000069e-03,1.497665012999999969e-03,1.167876364000000047e-03
CMxo,-9.728346000000000522e-06,-5.766909000000000252e-06,-5.276299999999999780e-06,-4.758649999999999747e-06,-3.898886000000000096e-06
CMy,-6.627768340609999642e-01,-6.702505301979999608e-01,-6.857686009700000307e-01,-6.761833636480000242e-01,-6.768286883190000047e-01
CMyi,-6.719592721830000004e-01,-6.793482755419999464e-01,-6.950230260020000550e-01,-6.854885873199999535e-01,-6.861854846410000430e-01
CMyo,9.182438121999999744e-03,9.097745343999999457e-03,9.254425032000000023e-03,9.305223672000000404e-03,9.356796322000000138e-03
CMz,1.067624010000000023e-04,1.275853420000000080e-04,-2.764964899999999837e-04,-1.080482899999999995e-04,-7.317538999999999838e-06
CMzi,1.985027339999999990e-04,1.830967220000000119e-04,-2.347000989999999967e-04,-7.055768600000000552e-05,2.268854100000000019e-05
CMzo,-9.174033200000000071e-05,-5.551137999999999705e-05,-4.179639100000000055e-05,-3.749060400000000078e-05,-3.000608099999999858e-05
CS,-8.702696109999999560e-04,-3.876296490000000206e-04,-1.452227640999999986e-03,-9.243754750000000115e-04,-4.868217620000000112e-04
CSi,-8.853817960000000438e-04,-3.964927340000000194e-04,-1.459557837999999903e-03,-9.318557969999999475e-04,-4.917920480000000354e-04
CSo,1.511218499999999971e-05,8.863085000000000540e-06,7.330196999999999844e-06,7.480322000000000376e-06,4.970285999999999697e-06
E,8.362359321410000046e-01,8.423529740590000037e-01,8.459447101420000115e-01,8.520970209470000167e-01,8.533051383209999674e-01
FC_AoA_,1.100000000000000000e+01
FC_Beta_,0.000000000000000000e+00
FC_Bref_,1.417173599999999922e+01
FC_Cref_,1.193991999999999942e+00
FC_Mach_,1.499999999999999944e-01
FC_Pitch_Rate,0.000000000000000000e+00
FC_ReCref_,3.870000000000000000e+06
FC_Rho_,2.377000000000000206e-03
FC_Roll__Rate,0.000000000000000000e+00
FC_Sref_,1.619368700000000061e+01
FC_Vinf_,5.100000000000000000e+01
FC_Xcg_,1.774861999999999940e+00
FC_Yaw___Rate,0.000000000000000000e+00
FC_Ycg_,0.000000000000000000e+00
FC_Zcg_,7.545150000000000468e-01
L/D,1.315516059880999933e+01,1.325155683488799951e+01,1.322979484231099967e+01,1.326381894856099919e+01,1.324230221393900031e+01
Mach,1.499999999999999944e-01,1.499999999999999944e-01,1.499999999999999944e-01,1.499999999999999944e-01,1.499999999999999944e-01
T/QS,0.000000000000000000e+00,0.000000000000000000e+00,0.000000000000000000e+00,0.000000000000000000e+00,0.000000000000000000e+00
WakeIter,1,2,3,4,5
Results_Name,VSPAERO_History
Results_Timestamp,1758045781
Results_Date,9,16,2025
Results_Time,14,3,1
Alpha,1.200000000000000000e+01,1.200000000000000000e+01,1.200000000000000000e+01,1.200000000000000000e+01,1.200000000000000000e+01
AnalysisMethod,0
Beta,0.000000000000000000e+00,0.000000000000000000e+00,0.000000000000000000e+00,0.000000000000000000e+00,0.000000000000000000e+00
CDi,1.235962955269999941e-01,1.222759781949999958e-01,1.246391265979999996e-01,1.235106061400000066e-01,1.241777749230000005e-01
CDo,3.395195348800000151e-02,3.393339688600000015e-02,3.414232514900000098e-02,3.430739510800000225e-02,3.444150897300000264e-02
CDt,1.299327291450000088e-01,1.247630748879999946e-01,1.182575494989999976e-01,1.129321778669999943e-01,1.184149107920000055e-01
CDtot,1.575482490139999969e-01,1.562093750809999959e-01,1.587814517470000075e-01,1.578180012479999950e-01,1.586192838959999962e-01
CDtott,1.638846826320000116e-01,1.586964717749999865e-01,1.523998746480000055e-01,1.472395729750000104e-01,1.528564197660000068e-01
CFx,-2.635888316409999987e-01,-2.643619124900000172e-01,-2.655050205839999955e-01,-2.666252798429999959e-01,-2.667356396539999897e-01
CFxi,-2.986694693529999833e-01,-2.994086419679999889e-01,-3.007766023139999967e-01,-3.020643678139999788e-01,-3.023179082940000151e-01
CFxo,3.508063771199999847e-02,3.504672947700000069e-02,3.527158172900000249e-02,3.543908797099999675e-02,3.558226863999999767e-02
CFy,-8.671873499999999601e-04,-3.440314470000000163e-04,1.189525429999999941e-04,-1.061041699000000007e-03,-7.410749120000000283e-04
CFyi,-8.832092710000000353e-04,-3.519917330000000102e-04,1.127316429999999941e-04,-1.069683185999999999e-03,-7.465500599999999902e-04
CFyo,1.602192100000000065e-05,7.960286000000000716e-06,6.220900000000000019e-06,8.641486999999999617e-06,5.475146999999999707e-06
CFz,1.997853178098000004e+00,1.995050609598000069e+00,2.012799515834000186e+00,2.013435980316999885e+00,2.017809139084000059e+00
CFzi,1.999594725779000104e+00,1.996721883898000094e+00,2.014523747365999817e+00,2.015154324108999973e+00,2.019556042897999948e+00
CFzo,-1.741547682000000067e-03,-1.671274300000000039e-03,-1.724231532999999936e-03,-1.718343792000000085e-03,-1.746903813999999954e-03
CL,2.008998492442000128e+00,2.006417899334000055e+00,2.024016614920999935e+00,2.024872086124999804e+00,2.029172625974999811e+00
CLi,2.017995657829999789e+00,2.015339277064000179e+00,2.033036542052999884e+00,2.033921080683999794e+00,2.038279325386000096e+00
CLo,-8.997165387999999861e-03,-8.921377730000000852e-03,-9.019927131999999972e-03,-9.048994557999999813e-03,-9.106699411000000743e-03
CMx,3.713354930000000061e-03,2.031620593999999835e-03,1.537387287000000023e-03,1.515320147999999964e-03,1.106099468000000009e-03
CMxi,3.724041820000000176e-03,2.037567478999999931e-03,1.542149846999999905e-03,1.520571892999999977e-03,1.109989033999999892e-03
CMxo,-1.068689000000000027e-05,-5.946885000000000407e-06,-4.762559999999999680e-06,-5.251746000000000048e-06,-3.889566000000000327e-06
CMy,-6.914586963300000111e-01,-6.965765692190000191e-01,-7.361650836280000387e-01,-7.114555842140000141e-01,-7.068377543910000504e-01
CMyi,-7.011542458120000321e-01,-7.061536969139999842e-01,-7.459981596550000482e-01,-7.212793769669999522e-01,-7.167123461100000092e-01
CMyo,9.695549483000000593e-03,9.577127694999999774e-03,9.833076027999999510e-03,9.823792753000000488e-03,9.874591719000000434e-03
CMz,1.448433890000000131e-04,1.726716519999999975e-04,2.162622179999999935e-04,-1.160656700000000003e-04,-8.778074099999999677e-05
CMzi,2.437270239999999916e-04,2.276200220000000130e-04,2.578340680000000247e-04,-7.719742199999999395e-05,-5.807271499999999817e-05
CMzo,-9.888363600000000153e-05,-5.494837099999999792e-05,-4.157184900000000137e-05,-3.886824699999999683e-05,-2.970802599999999860e-05
CS,-8.671873499999999601e-04,-3.440314470000000163e-04,1.189525429999999941e-04,-1.061041699000000007e-03,-7.410749120000000283e-04
CSi,-8.832092710000000353e-04,-3.519917330000000102e-04,1.127316429999999941e-04,-1.069683185999999999e-03,-7.465500599999999902e-04
CSo,1.602192100000000065e-05,7.960286000000000716e-06,6.220900000000000019e-06,8.641486999999999617e-06,5.475146999999999707e-06
E,8.456387046300000154e-01,8.525209175079999646e-01,8.511102563939999532e-01,8.596344146050000079e-01,8.586840117330000188e-01
FC_AoA_,1.200000000000000000e+01
FC_Beta_,0.000000000000000000e+00
FC_Bref_,1.417173599999999922e+01
FC_Cref_,1.193991999999999942e+00
FC_Mach_,1.499999999999999944e-01
FC_Pitch_Rate,0.000000000000000000e+00
FC_ReCref_,3.870000000000000000e+06
FC_Rho_,2.377000000000000206e-03
FC_Roll__Rate,0.000000000000000000e+00
FC_Sref_,1.619368700000000061e+01
FC_Vinf_,5.100000000000000000e+01
FC_Xcg_,1.774861999999999940e+00
FC_Yaw___Rate,0.000000000000000000e+00
FC_Ycg_,0.000000000000000000e+00
FC_Zcg_,7.545150000000000468e-01
L/D,1.280874697405999996e+01,1.290152576322799938e+01,1.280399265586700075e+01,1.288776352890399934e+01,1.285013571689199985e+01
Mach,1.499999999999999944e-01,1.499999999999999944e-01,1.499999999999999944e-01,1.499999999999999944e-01,1.499999999999999944e-01
T/QS,0.000000000000000000e+00,0.000000000000000000e+00,0.000000000000000000e+00,0.000000000000000000e+00,0.000000000000000000e+00
WakeIter,1,2,3,4,5
Results_Name,VSPAERO_History
Results_Timestamp,1758045781
Results_Date,9,16,2025
Results_Time,14,3,1
Alpha,1.300000000000000000e+01,1.300000000000000000e+01,1.300000000000000000e+01,1.300000000000000000e+01,1.300000000000000000e+01
AnalysisMethod,0
Beta,0.000000000000000000e+00,0.000000000000000000e+00,0.000000000000000000e+00,0.000000000000000000e+00,0.000000000000000000e+00
CDi,1.327763332680000075e-01,1.308855067470000022e-01,1.326877403120000076e-01,1.327524608469999867e-01,1.334666186210000105e-01
CDo,3.568663134299999984e-02,3.559800689999999962e-02,3.582816159300000053e-02,3.607921841199999979e-02,3.625194048299999749e-02
CDt,1.416770992620000058e-01,1.350632223480000005e-01,1.247894167089999978e-01,1.214571741020000067e-01,1.263244455889999951e-01
CDtot,1.684629646109999934e-01,1.664835136470000088e-01,1.685159019049999873e-01,1.688316792590000004e-01,1.697185591039999941e-01
CDtott,1.773637306039999861e-01,1.706612292480000070e-01,1.606175783019999914e-01,1.575363925140000065e-01,1.625763860720000065e-01
CFx,-3.065820540170000053e-01,-3.071602947150000040e-01,-3.086337500319999982e-01,-3.101761622409999752e-01,-3.104377061360000245e-01
CFxi,-3.436202369390000122e-01,-3.440943552479999723e-01,-3.458113213469999891e-01,-3.476125035409999842e-01,-3.480589654380000231e-01
CFxo,3.703818292200000001e-02,3.693406053300000297e-02,3.717757131499999784e-02,3.743634129900000329e-02,3.762125930299999726e-02
CFy,-1.023712987999999928e-03,-1.312277089999999951e-04,9.741298999999999989e-06,-1.048358698999999911e-03,-2.950392770000000099e-04
CFyi,-1.040617497999999936e-03,-1.394716980000000096e-04,2.501762000000000138e-06,-1.058208838000000056e-03,-2.999162020000000124e-04
CFyo,1.690451000000000123e-05,8.243988999999999243e-06,7.239537000000000275e-06,9.850139000000000797e-06,4.876924999999999898e-06
CFz,2.076839967734999792e+00,2.070545129324000033e+00,2.085962167581000060e+00,2.094046849129000076e+00,2.099122266044000096e+00
CFzi,2.078628202742000219e+00,2.072276332832000190e+00,2.087724999848000085e+00,2.095814486476999861e+00,2.100923050585000063e+00
CFzo,-1.788235006999999970e-03,-1.731203508000000090e-03,-1.762832267000000001e-03,-1.767637347999999982e-03,-1.800784539999999946e-03
CL,2.092576650204999833e+00,2.086573223948999800e+00,2.101926579840999842e+00,2.110151018777000065e+00,2.115155187661000191e+00
CLi,2.102650831163999978e+00,2.096568412681000027e+00,2.112007364695999811e+00,2.120294696140999857e+00,2.125372760155999963e+00
CLo,-1.007418095899999949e-02,-9.995188731999999146e-03,-1.008078485500000024e-02,-1.014367736300000010e-02,-1.021757249500000048e-02
CMx,3.833205905999999968e-03,2.160629395000000005e-03,1.791455989999999904e-03,1.849475606999999907e-03,1.130028367999999983e-03
CMxi,3.845069979999999991e-03,2.165521509999999809e-03,1.796578125999999994e-03,1.855896192999999987e-03,1.133969321000000098e-03
CMxo,-1.186407500000000042e-05,-4.892115999999999732e-06,-5.122135999999999776e-06,-6.420586000000000025e-06,-3.940952999999999806e-06
CMy,-7.203222689229999975e-01,-7.247065246480000056e-01,-7.527613145199999467e-01,-7.425940548220000270e-01,-7.390509428670000158e-01
CMyi,-7.305405843429999546e-01,-7.348221692480000344e-01,-7.630946890809999772e-01,-7.529539599040000475e-01,-7.494738201299999680e-01
CMyo,1.021831542099999914e-02,1.011564459900000067e-02,1.033337456099999926e-02,1.035990508099999922e-02,1.042287726300000078e-02
CMz,1.677589599999999880e-04,2.702510110000000084e-04,2.399375050000000049e-04,-3.933926799999999701e-05,8.216639699999999833e-05
CMzi,2.735602759999999846e-04,3.309645289999999982e-04,2.899784729999999879e-04,1.000966799999999918e-05,1.138473799999999955e-04
CMzo,-1.058013159999999966e-04,-6.071351800000000332e-05,-5.004096800000000332e-05,-4.934893500000000019e-05,-3.168098399999999998e-05
CS,-1.023712987999999928e-03,-1.312277089999999951e-04,9.741298999999999989e-06,-1.048358698999999911e-03,-2.950392770000000099e-04
CSi,-1.040617497999999936e-03,-1.394716980000000096e-04,2.501762000000000138e-06,-1.058208838000000056e-03,-2.999162020000000124e-04
CSo,1.690451000000000123e-05,8.243988999999999243e-06,7.239537000000000275e-06,9.850139000000000797e-06,4.876924999999999898e-06
E,8.546012011150000420e-01,8.619386781910000073e-01,8.627995502440000131e-01,8.691599877160000043e-01,8.686551805890000422e-01
FC_AoA_,1.300000000000000000e+01
FC_Beta_,0.000000000000000000e+00
FC_Bref_,1.417173599999999922e+01
FC_Cref_,1.193991999999999942e+00
FC_Mach_,1.499999999999999944e-01
FC_Pitch_Rate,0.000000000000000000e+00
FC_ReCref_,3.870000000000000000e+06
FC_Rho_,2.377000000000000206e-03
FC_Roll__Rate,0.000000000000000000e+00
FC_Sref_,1.619368700000000061e+01
FC_Vinf_,5.100000000000000000e+01
FC_Xcg_,1.774861999999999940e+00
FC_Yaw___Rate,0.000000000000000000e+00
FC_Ycg_,0.000000000000000000e+00
FC_Zcg_,7.545150000000000468e-01
L/D,1.248138328814800069e+01,1.259324942605699960e+01,1.253298555697000083e+01,1.255863061628899935e+01,1.252292484319699994e+01
Mach,1.499999999999999944e-01,1.499999999999999944e-01,1.499999999999999944e-01,1.499999999999999944e-01,1.499999999999999944e-01
T/QS,0.000000000000000000e+00,0.000000000000000000e+00,0.000000000000000000e+00,0.000000000000000000e+00,0.000000000000000000e+00
WakeIter,1,2,3,4,5
Results_Name,VSPAERO_History
Results_Timestamp,1758045781
Results_Date,9,16,2025
Results_Time,14,3,1
Alpha,1.400000000000000000e+01,1.400000000000000000e+01,1.400000000000000000e+01,1.400000000000000000e+01,1.400000000000000000e+01
AnalysisMethod,0
Beta,0.000000000000000000e+00,0.000000000000000000e+00,0.000000000000000000e+00,0.000000000000000000e+00,0.000000000000000000e+00
CDi,1.431242115290000116e-01,1.401342544410000002e-01,1.414377857050000131e-01,1.417375362030000030e-01,1.430314738790000040e-01
CDo,3.744357246499999820e-02,3.726157764799999800e-02,3.751113677799999824e-02,3.777547376200000168e-02,3.802114838799999785e-02
CDt,1.572793463159999905e-01,1.467013115970000059e-01,1.344837061739999895e-01,1.297859746839999939e-01,1.359934048339999924e-01
CDtot,1.805677839940000029e-01,1.773958320900000107e-01,1.789489224839999892e-01,1.795130099649999977e-01,1.810526222670000018e-01
CDtott,1.947229187810000095e-01,1.839628892450000108e-01,1.719948429519999877e-01,1.675614484459999887e-01,1.740145532229999958e-01
CFx,-3.514211206689999978e-01,-3.521544276840000154e-01,-3.538100230830000248e-01,-3.553813508149999967e-01,-3.559499671740000148e-01
CFxi,-3.904721542140000001e-01,-3.910008991539999923e-01,-3.929149525039999924e-01,-3.947614952549999834e-01,-3.955953423920000045e-01
CFxo,3.905103354500000234e-02,3.884647146999999773e-02,3.910492941999999666e-02,3.938014444000000058e-02,3.964537521900000222e-02
CFy,-1.042113841999999999e-03,-4.019221280000000087e-04,6.481682000000000058e-05,4.699541859999999821e-04,-1.522879900000000022e-04
CFyi,-1.060254910000000108e-03,-4.128808000000000196e-04,5.510199700000000043e-05,4.633326949999999893e-04,-1.569745590000000076e-04
CFyo,1.814106800000000064e-05,1.095867200000000071e-05,9.714823000000000143e-06,6.621490999999999586e-06,4.686569000000000360e-06
CFz,2.155861891743999781e+00,2.145691554598000206e+00,2.158751585921999894e+00,2.167385529776999942e+00,2.176030213714999828e+00
CFzi,2.157711573393000126e+00,2.147473070070000212e+00,2.160538150603999785e+00,2.169183267376999957e+00,2.177876221706999793e+00
CFzo,-1.849681648999999947e-03,-1.781515472000000074e-03,-1.786564681999999911e-03,-1.797737599999999977e-03,-1.846007991999999926e-03
CL,2.176840043667000124e+00,2.167149212022000171e+00,2.180221829378000020e+00,2.188979446784999894e+00,2.197504907412000108e+00
CLi,2.188082081925999844e+00,2.178275620887000219e+00,2.191415664107000172e+00,2.200250703087000215e+00,2.208887165401999919e+00
CLo,-1.124203825899999960e-02,-1.112640886400000084e-02,-1.119383472900000072e-02,-1.127125630199999999e-02,-1.138225799000000017e-02
CMx,3.984005042999999927e-03,2.129652632000000184e-03,1.545916738999999910e-03,1.598110874999999998e-03,1.012699467000000020e-03
CMxi,3.996721600000000159e-03,2.136433317000000116e-03,1.551292997000000042e-03,1.603588316000000014e-03,1.016598170000000039e-03
CMxo,-1.271655700000000023e-05,-6.780684999999999946e-06,-5.376257999999999780e-06,-5.477439999999999687e-06,-3.898703000000000338e-06
CMy,-7.538833026260000070e-01,-7.582533121079999550e-01,-7.755713708949999452e-01,-7.684429619820000168e-01,-7.693424693960000393e-01
CMyi,-7.646462960269999609e-01,-7.689277160719999449e-01,-7.863754804949999455e-01,-7.793053102760000295e-01,-7.803011186939999844e-01
CMyo,1.076299340100000078e-02,1.067440396299999990e-02,1.080410960100000074e-02,1.086234829400000053e-02,1.095864929800000054e-02
CMz,2.244439280000000111e-04,1.856723299999999896e-04,2.110234589999999977e-04,3.921013520000000085e-04,1.092918190000000014e-04
CMzi,3.382405329999999986e-04,2.465265690000000075e-04,2.550473750000000189e-04,4.403954440000000157e-04,1.391744549999999905e-04
CMzo,-1.137966050000000011e-04,-6.085423800000000152e-05,-4.402391600000000088e-05,-4.829409300000000321e-05,-2.988263599999999929e-05
CS,-1.042113841999999999e-03,-4.019221280000000087e-04,6.481682000000000058e-05,4.699541859999999821e-04,-1.522879900000000022e-04
CSi,-1.060254910000000108e-03,-4.128808000000000196e-04,5.510199700000000043e-05,4.633326949999999893e-04,-1.569745590000000076e-04
CSo,1.814106800000000064e-05,1.095867200000000071e-05,9.714823000000000143e-06,6.621490999999999586e-06,4.686569000000000360e-06
E,8.585467802749999766e-01,8.690228704129999704e-01,8.714328478809999501e-01,8.766158306000000344e-01,8.755184473760000419e-01
FC_AoA_,1.400000000000000000e+01
FC_Beta_,0.000000000000000000e+00
FC_Bref_,1.417173599999999922e+01
FC_Cref_,1.193991999999999942e+00
FC_Mach_,1.499999999999999944e-01
FC_Pitch_Rate,0.000000000000000000e+00
FC_ReCref_,3.870000000000000000e+06
FC_Rho_,2.377000000000000206e-03
FC_Roll__Rate,0.000000000000000000e+00
FC_Sref_,1.619368700000000061e+01
FC_Vinf_,5.100000000000000000e+01
FC_Xcg_,1.774861999999999940e+00
FC_Yaw___Rate,0.000000000000000000e+00
FC_Ycg_,0.000000000000000000e+00
FC_Zcg_,7.545150000000000468e-01
L/D,1.211778775554300047e+01,1.227918150741299996e+01,1.224604000790500002e+01,1.225677572627700052e+01,1.220024950614799941e+01
Mach,1.499999999999999944e-01,1.499999999999999944e-01,1.499999999999999944e-01,1.499999999999999944e-01,1.499999999999999944e-01
T/QS,0.000000000000000000e+00,0.000000000000000000e+00,0.000000000000000000e+00,0.000000000000000000e+00,0.000000000000000000e+00
WakeIter,1,2,3,4,5
Results_Name,VSPAERO_History
Results_Timestamp,1758045781
Results_Date,9,16,2025
Results_Time,14,3,1
Alpha,1.500000000000000000e+01,1.500000000000000000e+01,1.500000000000000000e+01,1.500000000000000000e+01,1.500000000000000000e+01
AnalysisMethod,0
Beta,0.000000000000000000e+00,0.000000000000000000e+00,0.000000000000000000e+00,0.000000000000000000e+00,0.000000000000000000e+00
CDi,1.519510333000000102e-01,1.503485140989999913e-01,1.514091689879999980e-01,1.569535161060000017e-01,1.535790586680000069e-01
CDo,3.922906621000000343e-02,3.917378440100000025e-02,3.943299870300000232e-02,3.971639878000000207e-02,3.977781733900000172e-02
CDt,1.611292739169999932e-01,1.549714940380000072e-01,1.432517618159999950e-01,1.429259923919999897e-01,1.460681203059999989e-01
CDtot,1.911800995100000067e-01,1.895222984999999916e-01,1.908421676909999865e-01,1.966699148870000025e-01,1.933568760069999948e-01
CDtott,2.003583401269999897e-01,1.941452784400000131e-01,1.826847605190000112e-01,1.826423911720000126e-01,1.858459376459999923e-01
CFx,-4.004819732350000105e-01,-4.005909853779999752e-01,-4.026844268409999761e-01,-4.027117159299999916e-01,-4.037646077329999916e-01
CFxi,-4.415929777490000263e-01,-4.416410426849999848e-01,-4.439894964189999849e-01,-4.443287445729999785e-01,-4.454504537039999934e-01
CFxo,4.111100451300000319e-02,4.105005730800000141e-02,4.130506957700000314e-02,4.161702864300000082e-02,4.168584597000000308e-02
CFy,-9.904975369999999280e-04,-5.606061369999999463e-04,-1.515978389999999871e-04,6.387688770000000266e-04,-1.798160032999999904e-03
CFyi,-1.009902878999999979e-03,-5.760927549999999642e-04,-1.472744909999999894e-04,6.331462479999999974e-04,-1.808469669999999974e-03
CFyo,1.940534200000000026e-05,1.548661800000000101e-05,-4.323348000000000234e-06,5.622629000000000339e-06,1.030963699999999990e-05
CFz,2.233282253985000132e+00,2.227283841600999903e+00,2.240196254459000169e+00,2.262814784828000025e+00,2.253943631260999947e+00
CFzi,2.235141138807999805e+00,2.229128860858999861e+00,2.241991465308999842e+00,2.264679268945999802e+00,2.255827642053000126e+00
CFzo,-1.858884822000000069e-03,-1.845019258000000096e-03,-1.795210850000000065e-03,-1.864484117999999982e-03,-1.884010792000000069e-03
CL,2.260837368410999915e+00,2.255071561390999957e+00,2.268085816970999868e+00,2.289940702542000217e+00,2.281644334655000161e+00
CLi,2.273273224199999998e+00,2.267478249775999988e+00,2.280510396161000042e+00,2.302512935518000070e+00,2.294253240184000120e+00
CLo,-1.243585578899999988e-02,-1.240668838499999968e-02,-1.242457918999999994e-02,-1.257223297600000046e-02,-1.260890552900000017e-02
CMx,4.149388874999999921e-03,2.546334422999999968e-03,1.276736610000000051e-03,1.270581911000000057e-03,1.309153317999999996e-03
CMxi,4.163058952999999958e-03,2.555070150999999828e-03,1.281212343000000036e-03,1.276014453999999932e-03,1.314427718999999902e-03
CMxo,-1.367007799999999960e-05,-8.735727999999999991e-06,-4.475733999999999862e-06,-5.432543000000000208e-06,-5.274401000000000088e-06
CMy,-7.884760077800000433e-01,-7.900745293740000230e-01,-8.086768769569999682e-01,-8.531328588719999662e-01,-8.074089835490000366e-01
CMyi,-7.997707374489999577e-01,-8.013638221650000171e-01,-8.198952126790000072e-01,-8.646586395909999778e-01,-8.189297720989999751e-01
CMyo,1.129472966899999938e-02,1.128929279099999926e-02,1.121833572199999914e-02,1.152578071899999952e-02,1.152078855099999966e-02
CMz,2.888786610000000231e-04,2.117479020000000048e-04,1.243051150000000114e-04,3.904762730000000000e-04,-3.401296090000000016e-04
CMzi,4.114136800000000064e-04,2.870537349999999948e-04,1.658471760000000011e-04,4.305769370000000020e-04,-3.049574220000000088e-04
CMzo,-1.225350179999999873e-04,-7.530583300000000355e-05,-4.154206100000000328e-05,-4.010066400000000201e-05,-3.517218699999999956e-05
CS,-9.904975369999999280e-04,-5.606061369999999463e-04,-1.515978389999999871e-04,6.387688770000000266e-04,-1.798160032999999904e-03
CSi,-1.009902878999999979e-03,-5.760927549999999642e-04,-1.472744909999999894e-04,6.331462479999999974e-04,-1.808469669999999974e-03
CSo,1.940534200000000026e-05,1.548661800000000101e-05,-4.323348000000000234e-06,5.622629000000000339e-06,1.030963699999999990e-05
E,8.728697985219999733e-01,8.776815540619999911e-01,8.815801208829999736e-01,8.669278597449999735e-01,8.796310633909999455e-01
FC_AoA_,1.500000000000000000e+01
FC_Beta_,0.000000000000000000e+00
FC_Bref_,1.417173599999999922e+01
FC_Cref_,1.193991999999999942e+00
FC_Mach_,1.499999999999999944e-01
FC_Pitch_Rate,0.000000000000000000e+00
FC_ReCref_,3.870000000000000000e+06
FC_Rho_,2.377000000000000206e-03
FC_Roll__Rate,0.000000000000000000e+00
FC_Sref_,1.619368700000000061e+01
FC_Vinf_,5.100000000000000000e+01
FC_Xcg_,1.774861999999999940e+00
FC_Yaw___Rate,0.000000000000000000e+00
FC_Ycg_,0.000000000000000000e+00
FC_Zcg_,7.545150000000000468e-01
L/D,1.189074192362400062e+01,1.196417660464400079e+01,1.194971962303599966e+01,1.170749952702299979e+01,1.186538222774199980e+01
Mach,1.499999999999999944e-01,1.499999999999999944e-01,1.499999999999999944e-01,1.499999999999999944e-01,1.499999999999999944e-01
T/QS,0.000000000000000000e+00,0.000000000000000000e+00,0.000000000000000000e+00,0.000000000000000000e+00,0.000000000000000000e+00
WakeIter,1,2,3,4,5
Results_Name,VSPAERO_Polar
Results_Timestamp,1758045781
Results_Date,9,16,2025
Results_Time,14,3,1
Alpha,-5.000000000000000000e+00,-4.000000000000000000e+00,-3.000000000000000000e+00,-2.000000000000000000e+00,-1.000000000000000000e+00,0.000000000000000000e+00,1.000000000000000000e+00,2.000000000000000000e+00,3.000000000000000000e+00,4.000000000000000000e+00,5.000000000000000000e+00,6.000000000000000000e+00,7.000000000000000000e+00,8.000000000000000000e+00,9.000000000000000000e+00,1.000000000000000000e+01,1.100000000000000000e+01,1.200000000000000000e+01,1.300000000000000000e+01,1.400000000000000000e+01,1.500000000000000000e+01
Beta,0.000000000000000000e+00,0.000000000000000000e+00,0.000000000000000000e+00,0.000000000000000000e+00,0.000000000000000000e+00,0.000000000000000000e+00,0.000000000000000000e+00,0.000000000000000000e+00,0.000000000000000000e+00,0.000000000000000000e+00,0.000000000000000000e+00,0.000000000000000000e+00,0.000000000000000000e+00,0.000000000000000000e+00,0.000000000000000000e+00,0.000000000000000000e+00,0.000000000000000000e+00,0.000000000000000000e+00,0.000000000000000000e+00,0.000000000000000000e+00,0.000000000000000000e+00
CDi,2.967117497799999851e-02,3.035497197100000058e-02,3.380362953499999740e-02,3.616140873399999872e-02,3.842894106199999660e-02,4.239031978099999654e-02,4.505841178199999908e-02,2.482586229500000075e-02,6.653638794299999992e-02,5.775070547700000140e-02,6.235934329699999862e-02,7.300994156300000260e-02,8.164304123299999383e-02,8.977853448900000033e-02,9.751198655699999662e-02,1.053511571369999955e-01,1.147802627339999937e-01,1.241777749230000005e-01,1.334666186210000105e-01,1.430314738790000040e-01,1.535790586680000069e-01
CDo,1.268572166600000044e-02,1.338594000400000067e-02,1.417251416000000000e-02,1.500769054400000017e-02,1.602960599699999877e-02,1.706500955499999986e-02,1.823132107399999882e-02,1.947631804900000138e-02,2.084249973900000052e-02,2.186427484899999829e-02,2.329569689900000060e-02,2.474696142699999921e-02,2.627904612400000159e-02,2.775948949800000065e-02,2.934428801300000000e-02,3.108344344099999920e-02,3.273853587100000045e-02,3.444150897300000264e-02,3.625194048299999749e-02,3.802114838799999785e-02,3.977781733900000172e-02
CDt,2.712094447900000038e-02,2.933244114100000063e-02,3.205924190599999946e-02,3.353978380099999906e-02,3.672991249500000277e-02,3.918745319200000327e-02,4.801098355800000050e-02,5.785220273899999849e-02,6.846308582400000009e-02,6.041378903399999972e-02,6.799630669499999447e-02,7.403239453000000359e-02,7.856346765100000185e-02,8.532639066100000669e-02,9.316895152599999341e-02,9.812502857799999811e-02,1.090359273039999966e-01,1.184149107920000055e-01,1.263244455889999951e-01,1.359934048339999924e-01,1.460681203059999989e-01
CDtot,4.235689664299999851e-02,4.374091197499999778e-02,4.797614369500000087e-02,5.116909927800000063e-02,5.445854705799999668e-02,5.945532933599999986e-02,6.328973285700000007e-02,4.430218034399999866e-02,8.737888768300000608e-02,7.961498032600000663e-02,8.565504019599999574e-02,9.775690299000000527e-02,1.079220873559999933e-01,1.175380239880000066e-01,1.268562745700000105e-01,1.364346005790000038e-01,1.475187986050000011e-01,1.586192838959999962e-01,1.697185591039999941e-01,1.810526222670000018e-01,1.933568760069999948e-01
CDtott,3.980666614399999692e-02,4.271838114499999783e-02,4.623175606600000292e-02,4.854747434500000097e-02,5.275951849200000154e-02,5.625246274699999965e-02,6.624230463199999586e-02,7.732852078799999640e-02,8.930558556300000062e-02,8.227806388300000495e-02,9.129200359300000678e-02,9.877935595700000626e-02,1.048425137750000069e-01,1.130858801589999935e-01,1.225132395389999934e-01,1.292084720189999869e-01,1.417744631750000039e-01,1.528564197660000068e-01,1.625763860720000065e-01,1.740145532229999958e-01,1.858459376459999923e-01
CFx,8.758018627199999628e-02,8.624622174599999580e-02,8.481322660199999697e-02,7.895804101099999917e-02,6.990102796600000667e-02,5.945532933599999986e-02,4.491921826499999798e-02,4.245533761000000114e-03,2.401857824399999952e-02,-1.315501138399999964e-02,-3.887256357399999918e-02,-6.100737595900000004e-02,-8.813360534500000454e-02,-1.179793736789999936e-01,-1.516755294509999907e-01,-1.887044582819999983e-01,-2.263911971149999980e-01,-2.667356396539999897e-01,-3.104377061360000245e-01,-3.559499671740000148e-01,-4.037646077329999916e-01
CFy,4.042788029999999839e-04,-4.156110789999999848e-04,3.477817490000000120e-04,7.552823999999999737e-06,-6.044599450000000262e-03,1.480694523999999922e-03,6.059280137999999670e-03,-1.145152399000000029e-02,-5.896440158900000117e-02,3.037973820000000103e-04,5.560223900000000512e-04,-6.103306420000000022e-04,-3.148831500000000245e-05,-1.011874490000000003e-04,-1.605320420000000089e-04,-4.591005989999999838e-04,-4.868217620000000112e-04,-7.410749120000000283e-04,-2.950392770000000099e-04,-1.522879900000000022e-04,-1.798160032999999904e-03
CFz,5.150552237140000322e-01,6.063267828770000367e-01,7.016371145899999995e-01,7.948780139909999987e-01,8.842238861240000469e-01,9.765216164079999484e-01,1.052998397239000017e+00,1.147845574655000034e+00,1.211274821671999957e+00,1.329452906450999894e+00,1.427096804048999967e+00,1.515664434427999918e+00,1.603346278172999906e+00,1.684012419747999978e+00,1.768564404849999994e+00,1.855891714228000033e+00,1.937804614802999925e+00,2.017809139084000059e+00,2.099122266044000096e+00,2.176030213714999828e+00,2.253943631260999947e+00
CL,5.207283992729999644e-01,6.108660336110000033e-01,7.051143266249999542e-01,7.971493916740000074e-01,8.853091556940000384e-01,9.765216164079999484e-01,1.052054072028999920e+00,1.146998171152999957e+00,1.208357776366000058e+00,1.327132073195000039e+00,1.425054237007999935e+00,1.513738473327000067e+00,1.602135962763999943e+00,1.684043281924999969e+00,1.770517722571000041e+00,1.860464734220999894e+00,1.945399162985000041e+00,2.029172625974999811e+00,2.115155187661000191e+00,2.197504907412000108e+00,2.281644334655000161e+00
CMl,-3.272699320000000030e-04,-4.141214570000000049e-04,-3.748740359999999943e-04,-1.279869218000000098e-03,-9.877111010000000878e-04,-1.152890856999999993e-03,-1.218963188000000107e-03,-1.233933886999999917e-03,-2.666801434999999890e-03,-1.665367343999999989e-03,-1.772908510000000036e-03,-1.388711798000000002e-03,-1.177219240000000090e-03,-1.330308971999999900e-03,-1.238120695999999927e-03,-1.441749900000000072e-03,-1.163977477999999892e-03,-1.106099468000000009e-03,-1.130028367999999983e-03,-1.012699467000000020e-03,-1.309153317999999996e-03
CMm,-2.154349318169999916e-01,-2.403643009089999893e-01,-2.756454410399999944e-01,-3.107897572550000209e-01,-3.196093233319999838e-01,-3.511425836450000060e-01,-3.272999119889999919e-01,-3.686491251399999780e-01,-3.314606024080000157e-01,-4.471351125379999791e-01,-5.026908649269999918e-01,-5.325671521379999884e-01,-5.577472475250000450e-01,-5.805963552730000199e-01,-6.113423768989999507e-01,-6.428451720040000428e-01,-6.768286883190000047e-01,-7.068377543910000504e-01,-7.390509428670000158e-01,-7.693424693960000393e-01,-8.074089835490000366e-01
CMn,-9.223894300000000650e-05,1.538780620000000025e-04,-9.355597100000000415e-05,7.656235999999999790e-06,1.802447957000000069e-03,-4.751557590000000031e-04,-1.967710474999999955e-03,3.288370246999999975e-03,1.513307524599999919e-02,-1.516435899999999987e-04,-2.946826750000000085e-04,1.337586950000000036e-04,-8.446229200000000424e-05,-7.690522900000000290e-05,-4.841404099999999978e-05,1.526567000000000067e-06,7.317538999999999838e-06,8.778074099999999677e-05,-8.216639699999999833e-05,-1.092918190000000014e-04,3.401296090000000016e-04
CMx,3.272699320000000030e-04,4.141214570000000049e-04,3.748740359999999943e-04,1.279869218000000098e-03,9.877111010000000878e-04,1.152890856999999993e-03,1.218963188000000107e-03,1.233933886999999917e-03,2.666801434999999890e-03,1.665367343999999989e-03,1.772908510000000036e-03,1.388711798000000002e-03,1.177219240000000090e-03,1.330308971999999900e-03,1.238120695999999927e-03,1.441749900000000072e-03,1.163977477999999892e-03,1.106099468000000009e-03,1.130028367999999983e-03,1.012699467000000020e-03,1.309153317999999996e-03
CMy,-2.154349318169999916e-01,-2.403643009089999893e-01,-2.756454410399999944e-01,-3.107897572550000209e-01,-3.196093233319999838e-01,-3.511425836450000060e-01,-3.272999119889999919e-01,-3.686491251399999780e-01,-3.314606024080000157e-01,-4.471351125379999791e-01,-5.026908649269999918e-01,-5.325671521379999884e-01,-5.577472475250000450e-01,-5.805963552730000199e-01,-6.113423768989999507e-01,-6.428451720040000428e-01,-6.768286883190000047e-01,-7.068377543910000504e-01,-7.390509428670000158e-01,-7.693424693960000393e-01,-8.074089835490000366e-01
CMz,9.223894300000000650e-05,-1.538780620000000025e-04,9.355597100000000415e-05,-7.656235999999999790e-06,-1.802447957000000069e-03,4.751557590000000031e-04,1.967710474999999955e-03,-3.288370246999999975e-03,-1.513307524599999919e-02,1.516435899999999987e-04,2.946826750000000085e-04,-1.337586950000000036e-04,8.446229200000000424e-05,7.690522900000000290e-05,4.841404099999999978e-05,-1.526567000000000067e-06,-7.317538999999999838e-06,-8.778074099999999677e-05,8.216639699999999833e-05,1.092918190000000014e-04,-3.401296090000000016e-04
CS,4.042788029999999839e-04,-4.156110789999999848e-04,3.477817490000000120e-04,7.552823999999999737e-06,-6.044599450000000262e-03,1.480694523999999922e-03,6.059280137999999670e-03,-1.145152399000000029e-02,-5.896440158900000117e-02,3.037973820000000103e-04,5.560223900000000512e-04,-6.103306420000000022e-04,-3.148831500000000245e-05,-1.011874490000000003e-04,-1.605320420000000089e-04,-4.591005989999999838e-04,-4.868217620000000112e-04,-7.410749120000000283e-04,-2.950392770000000099e-04,-1.522879900000000022e-04,-1.798160032999999904e-03
E,1.643040413240000053e-01,2.189545491550000111e-01,2.659766995350000274e-01,3.187289539170000130e-01,3.693802854209999875e-01,4.116449435430000192e-01,4.488411974539999738e-01,7.621671067370000552e-01,4.288786451659999943e-01,5.677842607240000117e-01,6.084987855660000111e-01,6.015948578959999793e-01,6.104333507110000223e-01,6.192670386969999496e-01,6.342178412300000234e-01,6.511307598800000207e-01,6.584456518789999491e-01,6.662417689159999545e-01,6.765579305659999987e-01,6.845493138429999957e-01,6.910128521609999463e-01
Fopt,0.000000000000000000e+00,0.000000000000000000e+00,0.000000000000000000e+00,0.000000000000000000e+00,0.000000000000000000e+00,0.000000000000000000e+00,0.000000000000000000e+00,0.000000000000000000e+00,0.000000000000000000e+00,0.000000000000000000e+00,0.000000000000000000e+00,0.000000000000000000e+00,0.000000000000000000e+00,0.000000000000000000e+00,0.000000000000000000e+00,0.000000000000000000e+00,0.000000000000000000e+00,0.000000000000000000e+00,0.000000000000000000e+00,0.000000000000000000e+00,0.000000000000000000e+00
L_D,1.229382793691599929e+01,1.396555320939799927e+01,1.469718639984700026e+01,1.557872628063899967e+01,1.625656951049399979e+01,1.642445895610600104e+01,1.662282371159000149e+01,2.589033230972000155e+01,1.382894436417100081e+01,1.666937638827500123e+01,1.663713231290400074e+01,1.548472207112200039e+01,1.484530184699699973e+01,1.432764670352299952e+01,1.395687937846700066e+01,1.363631165651800004e+01,1.318746614928699934e+01,1.279272340744799941e+01,1.246272180736499990e+01,1.213738238029499961e+01,1.180017169171400049e+01
Mach,1.499999999999999944e-01,1.499999999999999944e-01,1.499999999999999944e-01,1.499999999999999944e-01,1.499999999999999944e-01,1.499999999999999944e-01,1.499999999999999944e-01,1.499999999999999944e-01,1.499999999999999944e-01,1.499999999999999944e-01,1.499999999999999944e-01,1.499999999999999944e-01,1.499999999999999944e-01,1.499999999999999944e-01,1.499999999999999944e-01,1.499999999999999944e-01,1.499999999999999944e-01,1.499999999999999944e-01,1.499999999999999944e-01,1.499999999999999944e-01,1.499999999999999944e-01
Re_1e6,3.870000000000000107e+00,3.870000000000000107e+00,3.870000000000000107e+00,3.870000000000000107e+00,3.870000000000000107e+00,3.870000000000000107e+00,3.870000000000000107e+00,3.870000000000000107e+00,3.870000000000000107e+00,3.870000000000000107e+00,3.870000000000000107e+00,3.870000000000000107e+00,3.870000000000000107e+00,3.870000000000000107e+00,3.870000000000000107e+00,3.870000000000000107e+00,3.870000000000000107e+00,3.870000000000000107e+00,3.870000000000000107e+00,3.870000000000000107e+00,3.870000000000000107e+00
Results_Name,VSPAERO_Load
Results_Timestamp,1758045781
Results_Date,9,16,2025
Results_Time,14,3,1
AnalysisMethod,0
Chord,1.735630000000000006e+00,1.614889999999999937e+00,1.494180000000000064e+00,1.373480000000000034e+00,1.252809999999999979e+00,1.164630000000000054e+00,1.108910000000000062e+00,1.053209999999999980e+00,9.975199999999999623e-01,9.418400000000000105e-01,8.750400000000000400e-01,7.971099999999999852e-01,7.191899999999999959e-01,6.412799999999999612e-01,5.633799999999999919e-01,1.735630000000000006e+00,1.614889999999999937e+00,1.494180000000000064e+00,1.373480000000000034e+00,1.252809999999999979e+00,1.164630000000000054e+00,1.108910000000000062e+00,1.053209999999999980e+00,9.975199999999999623e-01,9.418400000000000105e-01,8.750400000000000400e-01,7.971099999999999852e-01,7.191899999999999959e-01,6.412799999999999612e-01,5.633799999999999919e-01,9.229000000000000536e-01,8.665699999999999514e-01,8.104299999999999837e-01,7.545199999999999685e-01,6.988999999999999657e-01,9.229000000000000536e-01,8.665699999999999514e-01,8.104299999999999837e-01,7.545199999999999685e-01,6.988999999999999657e-01
FC_AoA_,-5.000000000000000000e+00
FC_Beta_,0.000000000000000000e+00
FC_Bref_,1.417173599999999922e+01
FC_Cref_,1.193991999999999942e+00
FC_Mach_,1.499999999999999944e-01
FC_Pitch_Rate,0.000000000000000000e+00
FC_Rho_,2.377000000000000206e-03
FC_Roll__Rate,0.000000000000000000e+00
FC_Sref_,1.619368700000000061e+01
FC_Vinf_,5.100000000000000000e+01
FC_Xcg_,1.774861999999999940e+00
FC_Yaw___Rate,0.000000000000000000e+00
FC_Ycg_,0.000000000000000000e+00
FC_Zcg_,7.545150000000000468e-01
S,3.314000000000000279e-02,8.981999999999999706e-02,1.368900000000000117e-01,1.839600000000000124e-01,2.310300000000000131e-01,2.997400000000000064e-01,4.117600000000000149e-01,5.454599999999999449e-01,6.791700000000000514e-01,8.128699999999999815e-01,9.157600000000000184e-01,9.578200000000000047e-01,9.698700000000000099e-01,9.819200000000000150e-01,9.939700000000000202e-01,3.314000000000000279e-02,8.981999999999999706e-02,1.368900000000000117e-01,1.839600000000000124e-01,2.310300000000000131e-01,2.997400000000000064e-01,4.117600000000000149e-01,5.454599999999999449e-01,6.791700000000000514e-01,8.128699999999999815e-01,9.157600000000000184e-01,9.578200000000000047e-01,9.698700000000000099e-01,9.819200000000000150e-01,9.939700000000000202e-01,1.020299999999999957e-01,3.035599999999999965e-01,5.025399999999999867e-01,7.015200000000000324e-01,9.005100000000000326e-01,1.020299999999999957e-01,3.035599999999999965e-01,5.025399999999999867e-01,7.015200000000000324e-01,9.005100000000000326e-01
V/Vref,1.003390000000000004e+00,1.001230000000000064e+00,9.947599999999999776e-01,9.828200000000000269e-01,9.693800000000000194e-01,9.639400000000000190e-01,9.809400000000000341e-01,9.867099999999999760e-01,9.928099999999999703e-01,9.967099999999999849e-01,9.989900000000000446e-01,9.986199999999999521e-01,9.988500000000000156e-01,9.987000000000000322e-01,9.985300000000000287e-01,1.003689999999999971e+00,1.001339999999999897e+00,9.949000000000000066e-01,9.829900000000000304e-01,9.694899999999999629e-01,9.641399999999999970e-01,9.808599999999999541e-01,9.865599999999999925e-01,9.927300000000000013e-01,9.966399999999999704e-01,9.989299999999999846e-01,9.985800000000000232e-01,9.988000000000000211e-01,9.986599999999999921e-01,9.985000000000000542e-01,9.831999999999999629e-01,9.956500000000000350e-01,9.955300000000000260e-01,9.881999999999999673e-01,9.915899999999999714e-01,9.828000000000000069e-01,9.954199999999999715e-01,9.942299999999999471e-01,9.888400000000000523e-01,9.919799999999999729e-01
WingId,1,1,1,1,1,1,1,1,1,1,1,1,1,1,1,2,2,2,2,2,2,2,2,2,2,2,2,2,2,2,3,3,3,3,3,4,4,4,4,4
Xavg,2.391020000000000145e+00,2.380209999999999937e+00,2.369699999999999918e+00,2.359579999999999789e+00,2.349930000000000074e+00,2.337899999999999867e+00,2.323770000000000113e+00,2.309619999999999784e+00,2.295469999999999899e+00,2.281299999999999883e+00,2.284749999999999837e+00,2.305000000000000160e+00,2.325239999999999974e+00,2.345470000000000166e+00,2.365699999999999914e+00,2.391020000000000145e+00,2.380209999999999937e+00,2.369699999999999918e+00,2.359579999999999789e+00,2.349930000000000074e+00,2.337899999999999867e+00,2.323770000000000113e+00,2.309619999999999784e+00,2.295469999999999899e+00,2.281299999999999883e+00,2.284749999999999837e+00,2.305000000000000160e+00,2.325239999999999974e+00,2.345470000000000166e+00,2.365699999999999914e+00,5.722059999999999924e+00,5.820210000000000328e+00,5.918350000000000222e+00,6.016490000000000116e+00,6.114630000000000010e+00,5.722059999999999924e+00,5.820210000000000328e+00,5.918350000000000222e+00,6.016490000000000116e+00,6.114630000000000010e+00
Yavg,1.719199999999999895e-01,5.196100000000000163e-01,8.672999999999999599e-01,1.214979999999999949e+00,1.562650000000000095e+00,2.228590000000000071e+00,3.216559999999999864e+00,4.204550000000000232e+00,5.192569999999999908e+00,6.180620000000000225e+00,6.716649999999999565e+00,6.791660000000000252e+00,6.866660000000000430e+00,6.941650000000000098e+00,7.016610000000000014e+00,-1.719199999999999895e-01,-5.196100000000000163e-01,-8.672999999999999599e-01,-1.214979999999999949e+00,-1.562650000000000095e+00,-2.228590000000000071e+00,-3.216559999999999864e+00,-4.204550000000000232e+00,-5.192569999999999908e+00,-6.180620000000000225e+00,-6.716649999999999565e+00,-6.791660000000000252e+00,-6.866660000000000430e+00,-6.941650000000000098e+00,-7.016610000000000014e+00,1.078800000000000037e-01,3.257399999999999740e-01,5.435900000000000176e-01,7.614400000000000057e-01,9.792699999999999738e-01,-1.078800000000000037e-01,-3.257399999999999740e-01,-5.435900000000000176e-01,-7.614400000000000057e-01,-9.792699999999999738e-01
Zavg,1.033530000000000060e+00,1.043199999999999905e+00,1.052899999999999947e+00,1.062580000000000080e+00,1.072189999999999976e+00,1.094910000000000050e+00,1.130849999999999911e+00,1.166740000000000110e+00,1.202599999999999891e+00,1.238469999999999960e+00,1.270329999999999959e+00,1.298289999999999944e+00,1.326240000000000085e+00,1.354190000000000005e+00,1.382130000000000081e+00,1.033530000000000060e+00,1.043199999999999905e+00,1.052899999999999947e+00,1.062580000000000080e+00,1.072189999999999976e+00,1.094910000000000050e+00,1.130849999999999911e+00,1.166740000000000110e+00,1.202599999999999891e+00,1.238469999999999960e+00,1.270329999999999959e+00,1.298289999999999944e+00,1.326240000000000085e+00,1.354190000000000005e+00,1.382130000000000081e+00,3.777900000000000147e-01,5.956799999999999873e-01,8.135799999999999699e-01,1.031470000000000109e+00,1.249349999999999961e+00,3.777900000000000147e-01,5.956799999999999873e-01,8.135799999999999699e-01,1.031470000000000109e+00,1.249349999999999961e+00
cd,-3.531999999999999723e-02,-4.318000000000000310e-02,7.366999999999999937e-02,9.890999999999999792e-02,1.392799999999999871e-01,1.400299999999999878e-01,-1.446000000000000063e-02,-6.709999999999999819e-03,-2.809999999999999998e-03,1.420000000000000038e-03,6.499999999999999702e-04,1.670000000000000043e-03,2.150000000000000001e-03,2.560000000000000209e-03,1.840000000000000056e-03,-3.513000000000000150e-02,-4.299000000000000044e-02,7.327999999999999792e-02,9.819999999999999563e-02,1.381199999999999928e-01,1.383699999999999930e-01,-1.456999999999999962e-02,-6.570000000000000319e-03,-2.769999999999999893e-03,1.430000000000000064e-03,6.599999999999999964e-04,1.680000000000000070e-03,2.150000000000000001e-03,2.560000000000000209e-03,1.840000000000000056e-03,1.967999999999999958e-02,2.162999999999999992e-02,1.180999999999999932e-02,-4.055999999999999883e-02,-2.854999999999999899e-02,1.998000000000000123e-02,2.213000000000000037e-02,9.490000000000000172e-03,-4.087999999999999967e-02,-2.838999999999999857e-02
cd*c/cref,-5.134243077005540973e-02,-5.840152212075123278e-02,9.219177398173522553e-02,1.137787412310970192e-01,1.461411607447956063e-01,1.365864586194882324e-01,-1.342960304591655704e-02,-5.918832873252081496e-03,-2.347613049333664020e-03,1.120118727763670316e-03,4.763650007705244561e-04,1.114893315868113180e-03,1.295032546281717125e-03,1.374947905848615363e-03,8.681961018164276915e-04,-5.106623989105454897e-02,-5.814454460331392599e-02,9.170372196798638742e-02,1.129620097957105135e-01,1.449240172463467091e-01,1.349672804340397714e-01,-1.353176461818839799e-02,-5.795340086030727200e-03,-2.314195069983718267e-03,1.128006887818343990e-03,4.836936930900710046e-04,1.121569323747562824e-03,1.295032546281717125e-03,1.374947905848615363e-03,8.681961018164276915e-04,1.521172001152436629e-02,1.569852151438200574e-02,8.016115937125206301e-03,-2.563110238594563245e-02,-1.671166557229864305e-02,1.544360598730980076e-02,1.606140920542181022e-02,6.441400528646758217e-03,-2.583332015624895117e-02,-1.661801000341710938e-02
cl,3.881499999999999950e-01,5.410800000000000054e-01,8.780000000000000027e-01,1.070009999999999906e+00,1.236450000000000049e+00,1.278759999999999897e+00,6.021400000000000086e-01,3.227499999999999813e-01,1.053800000000000014e-01,-7.828000000000000236e-02,-9.311999999999999444e-02,-1.050100000000000061e-01,-1.126500000000000001e-01,-1.145400000000000029e-01,-9.514999999999999847e-02,3.852099999999999969e-01,5.376699999999999813e-01,8.739999999999999991e-01,1.065029999999999921e+00,1.230229999999999935e+00,1.270839999999999970e+00,5.947099999999999609e-01,3.204699999999999771e-01,1.042600000000000054e-01,-7.890999999999999404e-02,-9.361999999999999489e-02,-1.054800000000000043e-01,-1.130800000000000000e-01,-1.149199999999999944e-01,-9.543000000000000094e-02,-1.993000000000000049e-01,-1.977299999999999891e-01,-3.256600000000000050e-01,-4.071699999999999764e-01,-3.323300000000000143e-01,-2.002200000000000091e-01,-1.961400000000000088e-01,-3.115899999999999781e-01,-4.063700000000000090e-01,-3.328300000000000147e-01
cl*c/cref,5.642288930746605091e-01,7.318178691314514150e-01,1.098742738644814976e+00,1.230860286166071349e+00,1.297359550566502984e+00,1.247313431580781007e+00,5.592324466160577545e-01,2.846949791120878537e-01,8.803966659743113488e-02,-6.174851690798599524e-02,-6.824478287961728562e-02,-7.010475874210213287e-02,-6.785368201796997123e-02,-6.151817700621109442e-02,-4.489611906947450770e-02,5.599552026311733766e-01,7.272057989500766428e-01,1.093737076965339838e+00,1.225131662858712556e+00,1.290833143186888909e+00,1.239588195900810152e+00,5.523318967798779289e-01,2.826838108630543300e-01,8.710396317563266766e-02,-6.224547099143042800e-02,-6.861121749559460914e-02,-7.041853111243627505e-02,-6.811268852722630884e-02,-6.172227083598549185e-02,-4.502823586757700308e-02,-1.540495832467889403e-01,-1.435075662986016465e-01,-2.210438878987464051e-01,-2.573031547950069831e-01,-1.945284700400002897e-01,-1.547607002391976072e-01,-1.423535834410950829e-01,-2.114937819516378437e-01,-2.567976103692486967e-01,-1.948211436927550777e-01
cmx,4.098000000000000254e-02,1.753500000000000059e-01,4.942599999999999771e-01,9.316900000000000182e-01,1.520759999999999890e+00,2.438019999999999854e+00,1.759560000000000013e+00,1.290980000000000016e+00,5.489600000000000035e-01,-5.151900000000000368e-01,-7.351600000000000357e-01,-9.223500000000000032e-01,-1.110479999999999912e+00,-1.282999999999999918e+00,-1.227349999999999941e+00,-4.068000000000000088e-02,-1.742599999999999982e-01,-4.920300000000000229e-01,-9.274200000000000221e-01,-1.513260000000000050e+00,-2.423119999999999941e+00,-1.737910000000000066e+00,-1.281819999999999959e+00,-5.431399999999999562e-01,5.193699999999999983e-01,7.391299999999999537e-01,9.264299999999999757e-01,1.114670000000000050e+00,1.287199999999999900e+00,1.231000000000000094e+00,6.321999999999999842e-02,-3.219999999999999946e-02,-2.383099999999999941e-01,-5.717999999999999750e-01,-7.232100000000000195e-01,-6.339999999999999802e-02,3.289000000000000257e-02,2.264700000000000046e-01,5.701399999999999801e-01,7.242399999999999949e-01
cmx*c/cref,5.957001169187063627e-02,2.371631983296370594e-01,6.185245854243579533e-01,1.071747198641196830e+00,1.595675126466508997e+00,2.378065541980180608e+00,1.634176510060369125e+00,1.138762274621605508e+00,4.586283485986505926e-01,-4.063901178567361216e-01,-5.387761445637827551e-01,-6.157615867610504168e-01,-6.688873218581028457e-01,-6.890852200014739859e-01,-5.791198291110828400e-01,-5.913392083029032215e-02,-2.356889588874967190e-01,-6.157339290380505759e-01,-1.066835306769224667e+00,-1.587805664192055044e+00,-2.363531954652962508e+00,-1.614069255154138682e+00,-1.130682317971979600e+00,-4.537660326032334490e-01,4.096873687595897207e-01,5.416856354146426522e-01,6.184853979758658804e-01,6.714111294715543465e-01,6.913409939095068735e-01,5.808420659434905264e-01,4.886610463051679204e-02,-2.336996730296350341e-02,-1.617544952562496308e-01,-3.613378783107424330e-01,-4.233290248175867743e-01,-4.900523621598805446e-02,2.387075231659843699e-02,1.537180166198768572e-01,3.602888736272939485e-01,4.239319325422616358e-01
cmy,-1.551200000000000079e-01,-2.449099999999999888e-01,-3.796300000000000230e-01,-4.833799999999999764e-01,-5.879199999999999982e-01,-6.504600000000000382e-01,-3.990400000000000058e-01,-2.711100000000000176e-01,-1.493200000000000083e-01,-2.369999999999999885e-02,3.099999999999999891e-03,1.864999999999999991e-02,3.506999999999999701e-02,5.124999999999999695e-02,5.564000000000000196e-02,-1.540700000000000125e-01,-2.437000000000000000e-01,-3.782200000000000006e-01,-4.814700000000000091e-01,-5.854300000000000059e-01,-6.469899999999999540e-01,-3.950799999999999867e-01,-2.703300000000000147e-01,-1.489999999999999936e-01,-2.357000000000000067e-02,3.229999999999999798e-03,1.880000000000000074e-02,3.525999999999999968e-02,5.145000000000000268e-02,5.582000000000000156e-02,8.064000000000000057e-01,8.874400000000000066e-01,1.582349999999999923e+00,2.117609999999999992e+00,1.900339999999999918e+00,8.103200000000000403e-01,8.811799999999999633e-01,1.516170000000000018e+00,2.113490000000000091e+00,1.903450000000000086e+00
cmy*c/cref,-2.254880481611267196e-01,-3.312440199766832349e-01,-4.750748358447963171e-01,-5.560445651227143848e-01,-6.168819013862739675e-01,-6.344642424739864728e-01,-3.706050345395949241e-01,-2.391437824541537971e-01,-1.247493169133461616e-01,-1.869493932957674853e-02,2.271894619059424379e-03,1.245075469517383827e-02,2.112408902237200917e-02,2.752581256825840927e-02,2.625349516579675996e-02,-2.239617301455956444e-01,-3.296074789445825326e-01,-4.733103401027812795e-01,-5.538474425289281466e-01,-6.142692399111552293e-01,-6.310795748212718603e-01,-3.669272179378086363e-01,-2.384557512110634103e-01,-1.244819730785465817e-01,-1.859239324886599251e-02,2.367167619213529292e-03,1.255089481336558489e-02,2.123853375902015964e-02,2.763323037340283811e-02,2.633842739314836562e-02,6.233095029112424301e-01,6.440821050727307817e-01,1.074030571812876422e+00,1.338182414287532929e+00,1.112358898552084030e+00,6.263394796615053828e-01,6.395387511809124126e-01,1.029110457272745638e+00,1.335578860494877729e+00,1.114179328672219027e+00
cmz,-4.279999999999999950e-03,3.500000000000000073e-03,-4.343000000000000332e-02,-1.406499999999999972e-01,-2.863800000000000234e-01,-5.221700000000000230e-01,-1.328600000000000059e-01,-9.452000000000000679e-02,-3.823000000000000009e-02,3.474000000000000005e-02,6.011999999999999983e-02,7.327999999999999792e-02,9.006999999999999729e-02,1.051399999999999973e-01,1.071799999999999975e-01,4.279999999999999950e-03,-3.480000000000000020e-03,4.327000000000000290e-02,1.399799999999999933e-01,2.846799999999999886e-01,5.174900000000000055e-01,1.303900000000000059e-01,9.425000000000000044e-02,3.792999999999999844e-02,-3.502999999999999864e-02,-6.047999999999999904e-02,-7.367999999999999550e-02,-9.052000000000000324e-02,-1.055999999999999994e-01,-1.076099999999999973e-01,8.181599999999999984e-01,9.850600000000000467e-01,1.713400000000000034e+00,2.463729999999999976e+00,2.290700000000000180e+00,-8.217299999999999605e-01,-9.635200000000000431e-01,-1.615220000000000100e+00,-2.441180000000000128e+00,-2.293449999999999989e+00
cmz*c/cref,-6.221562958545786073e-03,4.733796373845050587e-03,-5.434897168490241542e-02,-1.617933470241006699e-01,-3.004875474877554131e-01,-5.093290801780916421e-01,-1.233926044730618149e-01,-8.337527320116047691e-02,-3.193923376371030770e-02,2.740346802993655351e-02,4.406009822511373908e-02,4.892178574060798008e-02,5.425282857841593614e-02,5.646954016442320978e-02,5.057242293080690954e-02,6.221562958545786073e-03,-4.706746108851650283e-03,5.414874521772340688e-02,1.610226286273274687e-01,2.987038027055457512e-01,5.047641681853815010e-01,1.210986128047759208e-01,8.313710854009072337e-02,3.168859891858571975e-02,-2.763222467152208831e-02,-4.432393114861741396e-02,-4.918882605578597106e-02,-5.452388190205630092e-02,-5.671660111625538570e-02,-5.077531658503574991e-02,6.323994331620312881e-01,7.149322978713424925e-01,1.162981629692661389e+00,1.556906210091859810e+00,1.340855072730805730e+00,-6.351588762738779037e-01,-6.992990961413476647e-01,-1.096341302621793190e+00,-1.542656176590798012e+00,-1.342464777820957078e+00
cs,-1.179999999999999973e-02,5.199999999999999544e-04,5.559999999999999665e-02,2.733000000000000013e-02,1.471000000000000085e-02,-6.926000000000000212e-02,-3.039999999999999994e-02,-8.049999999999999864e-03,-1.209999999999999921e-03,3.860000000000000150e-03,3.780000000000000027e-02,4.308000000000000024e-02,4.635999999999999843e-02,4.816999999999999754e-02,4.023000000000000187e-02,1.179000000000000013e-02,-4.699999999999999859e-04,-5.526999999999999968e-02,-2.692999999999999908e-02,-1.422000000000000000e-02,6.890999999999999903e-02,3.002000000000000154e-02,7.950000000000000469e-03,1.160000000000000007e-03,-3.889999999999999795e-03,-3.801000000000000212e-02,-4.327999999999999903e-02,-4.653999999999999804e-02,-4.834000000000000102e-02,-4.036000000000000004e-02,2.036300000000000054e-01,2.201599999999999946e-01,3.511799999999999922e-01,4.499000000000000221e-01,3.753900000000000015e-01,-2.044900000000000051e-01,-2.154300000000000104e-01,-3.305199999999999805e-01,-4.457699999999999996e-01,-3.758699999999999819e-01
cs*c/cref,-1.715290722215894251e-02,7.033068898284074687e-04,6.957869734470582823e-02,3.143840863255364937e-02,1.543463867429597722e-02,-6.755679585792870312e-02,-2.823374360967242924e-02,-7.100835265227907131e-03,-1.010893875335847980e-03,3.044829781104061404e-03,2.770245696788588632e-02,2.876024194466964695e-02,2.792451574214902671e-02,2.587157836903429542e-02,1.898235281308417732e-02,1.713837086010626398e-02,-6.356812273449068173e-04,-6.916573025614912440e-02,-3.097827824642040984e-02,-1.492050047236497499e-02,6.721540286702089306e-02,2.788082181455152353e-02,7.012626131498368720e-03,9.691214011484164392e-04,-3.068494261268082425e-03,-2.785635950659636276e-02,-2.889376210225864244e-02,-2.803293707160517054e-02,-2.596288350340705819e-02,-1.904369275506033812e-02,1.573964708306253568e-01,1.597867081186473415e-01,2.383657573920093253e-01,2.843055464358220097e-01,2.197335250152429864e-01,-1.580612106278769247e-01,-1.563537905614107992e-01,-2.243426451768520957e-01,-2.816956733378447875e-01,-2.200144917218875840e-01
cx,-1.360000000000000098e-03,4.150000000000000043e-03,1.499099999999999877e-01,1.917899999999999883e-01,2.465100000000000069e-01,2.509500000000000064e-01,3.808000000000000274e-02,2.145000000000000032e-02,6.389999999999999847e-03,-5.409999999999999878e-03,-7.470000000000000077e-03,-7.479999999999999670e-03,-7.680000000000000195e-03,-7.429999999999999973e-03,-6.459999999999999597e-03,-1.420000000000000038e-03,4.040000000000000188e-03,1.491699999999999970e-01,1.906499999999999861e-01,2.448200000000000098e-01,2.485999999999999877e-01,3.731999999999999901e-02,2.138999999999999929e-02,6.329999999999999689e-03,-5.459999999999999576e-03,-7.499999999999999722e-03,-7.519999999999999775e-03,-7.720000000000000299e-03,-7.470000000000000077e-03,-6.490000000000000109e-03,2.239999999999999804e-03,4.309999999999999595e-03,-1.661999999999999936e-02,-7.588999999999999913e-02,-5.739999999999999963e-02,2.449999999999999921e-03,4.950000000000000407e-03,-1.771000000000000005e-02,-7.613999999999999935e-02,-5.729000000000000065e-02
cx*c/cref,-1.976945239164081686e-03,5.612929986130560031e-03,1.875996855925332885e-01,2.206210168912354497e-01,2.586534860367573629e-01,2.447787744809010735e-01,3.536647883737915193e-02,1.892085918498616348e-02,5.338522201153775987e-03,-4.267494589578490344e-03,-5.474533162701258025e-03,-4.993653893828434685e-03,-4.625976723462134343e-03,-3.990571461115316985e-03,-3.048123270507675092e-03,-2.064163411480144164e-03,5.464153528666858793e-03,1.866736381818303592e-01,2.193096452907556948e-01,2.568802338709137434e-01,2.424865643990914421e-01,3.466063524713733357e-02,1.886793370474844009e-02,5.288395232128858224e-03,-4.306935389851858711e-03,-5.496519239659897887e-03,-5.020357925346233263e-03,-4.650070352230166112e-03,-4.012055022144201885e-03,-3.062278641732943136e-03,1.731415285864562094e-03,3.128091896763126809e-03,-1.128093538315164644e-02,-4.795720808849640582e-02,-3.359893533625016304e-02,1.893735468914364709e-03,3.592588141294079159e-03,-1.202078012247988215e-02,-4.811519072154587379e-02,-3.353454713264410886e-02
cy,-1.179999999999999973e-02,5.199999999999999544e-04,5.559999999999999665e-02,2.733000000000000013e-02,1.471000000000000085e-02,-6.926000000000000212e-02,-3.039999999999999994e-02,-8.049999999999999864e-03,-1.209999999999999921e-03,3.860000000000000150e-03,3.780000000000000027e-02,4.308000000000000024e-02,4.635999999999999843e-02,4.816999999999999754e-02,4.023000000000000187e-02,1.179000000000000013e-02,-4.699999999999999859e-04,-5.526999999999999968e-02,-2.692999999999999908e-02,-1.422000000000000000e-02,6.890999999999999903e-02,3.002000000000000154e-02,7.950000000000000469e-03,1.160000000000000007e-03,-3.889999999999999795e-03,-3.801000000000000212e-02,-4.327999999999999903e-02,-4.653999999999999804e-02,-4.834000000000000102e-02,-4.036000000000000004e-02,2.036300000000000054e-01,2.201599999999999946e-01,3.511799999999999922e-01,4.499000000000000221e-01,3.753900000000000015e-01,-2.044900000000000051e-01,-2.154300000000000104e-01,-3.305199999999999805e-01,-4.457699999999999996e-01,-3.758699999999999819e-01
cy*c/cref,-1.715290722215894251e-02,7.033068898284074687e-04,6.957869734470582823e-02,3.143840863255364937e-02,1.543463867429597722e-02,-6.755679585792870312e-02,-2.823374360967242924e-02,-7.100835265227907131e-03,-1.010893875335847980e-03,3.044829781104061404e-03,2.770245696788588632e-02,2.876024194466964695e-02,2.792451574214902671e-02,2.587157836903429542e-02,1.898235281308417732e-02,1.713837086010626398e-02,-6.356812273449068173e-04,-6.916573025614912440e-02,-3.097827824642040984e-02,-1.492050047236497499e-02,6.721540286702089306e-02,2.788082181455152353e-02,7.012626131498368720e-03,9.691214011484164392e-04,-3.068494261268082425e-03,-2.785635950659636276e-02,-2.889376210225864244e-02,-2.803293707160517054e-02,-2.596288350340705819e-02,-1.904369275506033812e-02,1.573964708306253568e-01,1.597867081186473415e-01,2.383657573920093253e-01,2.843055464358220097e-01,2.197335250152429864e-01,-1.580612106278769247e-01,-1.563537905614107992e-01,-2.243426451768520957e-01,-2.816956733378447875e-01,-2.200144917218875840e-01
cz,3.897499999999999853e-01,5.427800000000000402e-01,8.682400000000000118e-01,1.057320000000000038e+00,1.219610000000000083e+00,1.261689999999999978e+00,6.011100000000000332e-01,3.221100000000000074e-01,1.052199999999999941e-01,-7.810000000000000275e-02,-9.281999999999999973e-02,-1.047600000000000059e-01,-1.124099999999999960e-01,-1.143300000000000011e-01,-9.495000000000000662e-02,3.868099999999999872e-01,5.393700000000000161e-01,8.642900000000000027e-01,1.052419999999999911e+00,1.213510000000000089e+00,1.253940000000000055e+00,5.937200000000000255e-01,3.198300000000000032e-01,1.041099999999999942e-01,-7.874000000000000443e-02,-9.332000000000000017e-02,-1.052199999999999941e-01,-1.128299999999999997e-01,-1.146999999999999964e-01,-9.522999999999999521e-02,-2.002500000000000113e-01,-1.988600000000000090e-01,-3.254500000000000171e-01,-4.020900000000000030e-01,-3.285799999999999832e-01,-2.011999999999999900e-01,-1.973199999999999954e-01,-3.112300000000000066e-01,-4.012600000000000056e-01,-3.290899999999999936e-01
cz*c/cref,5.665547110030887401e-01,7.341171416558904816e-01,1.086528924146895614e+00,1.216262649665994511e+00,1.279689984606262154e+00,1.230663207709934426e+00,5.582758428029669373e-01,2.841304406562187856e-01,8.790599468003135186e-02,-6.160653002700186565e-02,-6.802492211003088873e-02,-6.993785854511588851e-02,-6.770912024536178409e-02,-6.140538831080945281e-02,-4.480174992797272132e-02,5.622810205596017186e-01,7.295050714745157094e-01,1.081585833238413619e+00,1.210626052435862077e+00,1.273289488623039478e+00,1.223103791482690106e+00,5.514124426294314540e-01,2.821192724071853175e-01,8.697864575307036328e-02,-6.211137227050098769e-02,-6.839135672600822613e-02,-7.024495490757057259e-02,-6.796210334742611159e-02,-6.160411125032663054e-02,-4.493386672607521670e-02,-1.547838888367761567e-01,-1.443276924803516270e-01,-2.209013490040134531e-01,-2.540929476914418061e-01,-1.923334176443393384e-01,-1.555181944267633454e-01,-1.432099983919490060e-01,-2.112494295606670847e-01,-2.535684453497175639e-01,-1.926319447701492216e-01
Results_Name,VSPAERO_Comp_Load
Results_Timestamp,1758045781
Results_Date,9,16,2025
Results_Time,14,3,1
AoA,-5.000000000000000000e+00,-5.000000000000000000e+00,-5.000000000000000000e+00,-5.000000000000000000e+00,-5.000000000000000000e+00,-5.000000000000000000e+00,-5.000000000000000000e+00,-5.000000000000000000e+00,-5.000000000000000000e+00
Beta,0.000000000000000000e+00,0.000000000000000000e+00,0.000000000000000000e+00,0.000000000000000000e+00,0.000000000000000000e+00,0.000000000000000000e+00,0.000000000000000000e+00,0.000000000000000000e+00,0.000000000000000000e+00
CDi,0.000000000000000000e+00,1.502000000000000036e-02,1.485000000000000035e-02,-9.000000000000000567e-05,-1.100000000000000039e-04,0.000000000000000000e+00,0.000000000000000000e+00,0.000000000000000000e+00,0.000000000000000000e+00
CFx,0.000000000000000000e+00,3.962000000000000244e-02,3.926999999999999935e-02,-1.990000000000000015e-03,-1.990000000000000015e-03,0.000000000000000000e+00,0.000000000000000000e+00,0.000000000000000000e+00,0.000000000000000000e+00
CFy,0.000000000000000000e+00,-4.129999999999999991e-03,4.109999999999999938e-03,2.382000000000000089e-02,-2.339000000000000107e-02,0.000000000000000000e+00,0.000000000000000000e+00,0.000000000000000000e+00,0.000000000000000000e+00
CFz,0.000000000000000000e+00,2.805099999999999816e-01,2.785099999999999798e-01,-2.171999999999999972e-02,-2.148999999999999869e-02,0.000000000000000000e+00,0.000000000000000000e+00,0.000000000000000000e+00,0.000000000000000000e+00
CL,0.000000000000000000e+00,2.828999999999999848e-01,2.808700000000000085e-01,-2.180999999999999953e-02,-2.159000000000000155e-02,0.000000000000000000e+00,0.000000000000000000e+00,0.000000000000000000e+00,0.000000000000000000e+00
Cmx,0.000000000000000000e+00,3.864999999999999686e-02,-3.831999999999999990e-02,-1.080000000000000014e-03,1.069999999999999988e-03,-2.000000000000000164e-05,2.000000000000000164e-05,-0.000000000000000000e+00,0.000000000000000000e+00
Cmy,0.000000000000000000e+00,-1.643199999999999938e-01,-1.634400000000000019e-01,7.137999999999999901e-02,7.066000000000000059e-02,-1.651999999999999996e-02,-1.660000000000000017e-02,-0.000000000000000000e+00,0.000000000000000000e+00
Cmz,0.000000000000000000e+00,-5.499999999999999681e-03,5.449999999999999983e-03,6.760000000000000384e-03,-6.640000000000000069e-03,-6.000000000000000152e-05,6.000000000000000152e-05,1.000000000000000082e-05,2.000000000000000164e-05
Comp_ID,0,1,2,3,4,5,6,7,8
Comp_Name,NONE,main_wing,main_wing,horizontal_tail,horizontal_tail,fuselage,fuselage,fuselage,fuselage
Cs,0.000000000000000000e+00,-4.129999999999999991e-03,4.109999999999999938e-03,2.382000000000000089e-02,-2.339000000000000107e-02,0.000000000000000000e+00,0.000000000000000000e+00,0.000000000000000000e+00,0.000000000000000000e+00
Mach,1.499999999999999944e-01,1.499999999999999944e-01,1.499999999999999944e-01,1.499999999999999944e-01,1.499999999999999944e-01,1.499999999999999944e-01,1.499999999999999944e-01,1.499999999999999944e-01,1.499999999999999944e-01
Results_Name,VSPAERO_Load
Results_Timestamp,1758045781
Results_Date,9,16,2025
Results_Time,14,3,1
AnalysisMethod,0
Chord,1.735630000000000006e+00,1.614889999999999937e+00,1.494180000000000064e+00,1.373480000000000034e+00,1.252809999999999979e+00,1.164630000000000054e+00,1.108910000000000062e+00,1.053209999999999980e+00,9.975199999999999623e-01,9.418400000000000105e-01,8.750400000000000400e-01,7.971099999999999852e-01,7.191899999999999959e-01,6.412799999999999612e-01,5.633799999999999919e-01,1.735630000000000006e+00,1.614889999999999937e+00,1.494180000000000064e+00,1.373480000000000034e+00,1.252809999999999979e+00,1.164630000000000054e+00,1.108910000000000062e+00,1.053209999999999980e+00,9.975199999999999623e-01,9.418400000000000105e-01,8.750400000000000400e-01,7.971099999999999852e-01,7.191899999999999959e-01,6.412799999999999612e-01,5.633799999999999919e-01,9.229000000000000536e-01,8.665699999999999514e-01,8.104299999999999837e-01,7.545199999999999685e-01,6.988999999999999657e-01,9.229000000000000536e-01,8.665699999999999514e-01,8.104299999999999837e-01,7.545199999999999685e-01,6.988999999999999657e-01
FC_AoA_,-4.000000000000000000e+00
FC_Beta_,0.000000000000000000e+00
FC_Bref_,1.417173599999999922e+01
FC_Cref_,1.193991999999999942e+00
FC_Mach_,1.499999999999999944e-01
FC_Pitch_Rate,0.000000000000000000e+00
FC_Rho_,2.377000000000000206e-03
FC_Roll__Rate,0.000000000000000000e+00
FC_Sref_,1.619368700000000061e+01
FC_Vinf_,5.100000000000000000e+01
FC_Xcg_,1.774861999999999940e+00
FC_Yaw___Rate,0.000000000000000000e+00
FC_Ycg_,0.000000000000000000e+00
FC_Zcg_,7.545150000000000468e-01
S,3.314000000000000279e-02,8.981999999999999706e-02,1.368900000000000117e-01,1.839600000000000124e-01,2.310300000000000131e-01,2.997400000000000064e-01,4.117600000000000149e-01,5.454599999999999449e-01,6.791700000000000514e-01,8.128699999999999815e-01,9.157600000000000184e-01,9.578200000000000047e-01,9.698700000000000099e-01,9.819200000000000150e-01,9.939700000000000202e-01,3.314000000000000279e-02,8.981999999999999706e-02,1.368900000000000117e-01,1.839600000000000124e-01,2.310300000000000131e-01,2.997400000000000064e-01,4.117600000000000149e-01,5.454599999999999449e-01,6.791700000000000514e-01,8.128699999999999815e-01,9.157600000000000184e-01,9.578200000000000047e-01,9.698700000000000099e-01,9.819200000000000150e-01,9.939700000000000202e-01,1.020299999999999957e-01,3.035599999999999965e-01,5.025399999999999867e-01,7.015200000000000324e-01,9.005100000000000326e-01,1.020299999999999957e-01,3.035599999999999965e-01,5.025399999999999867e-01,7.015200000000000324e-01,9.005100000000000326e-01
V/Vref,1.005209999999999937e+00,1.003039999999999932e+00,9.971100000000000518e-01,9.854399999999999826e-01,9.724199999999999511e-01,9.669600000000000417e-01,9.847900000000000542e-01,9.900900000000000256e-01,9.950400000000000356e-01,9.984899999999999887e-01,1.001360000000000028e+00,1.000729999999999897e+00,1.000830000000000108e+00,1.000510000000000010e+00,1.000359999999999916e+00,1.005430000000000046e+00,1.003190000000000026e+00,9.972400000000000153e-01,9.855899999999999661e-01,9.725099999999999856e-01,9.671600000000000197e-01,9.848599999999999577e-01,9.899599999999999511e-01,9.949700000000000211e-01,9.984300000000000397e-01,1.001300000000000079e+00,1.000699999999999923e+00,1.000799999999999912e+00,1.000480000000000036e+00,1.000340000000000007e+00,9.856800000000000006e-01,9.977300000000000058e-01,9.953499999999999570e-01,9.914899999999999824e-01,9.938500000000000112e-01,9.861499999999999710e-01,9.978000000000000203e-01,9.954800000000000315e-01,9.923399999999999999e-01,9.943499999999999561e-01
WingId,1,1,1,1,1,1,1,1,1,1,1,1,1,1,1,2,2,2,2,2,2,2,2,2,2,2,2,2,2,2,3,3,3,3,3,4,4,4,4,4
Xavg,2.391020000000000145e+00,2.380209999999999937e+00,2.369699999999999918e+00,2.359579999999999789e+00,2.349930000000000074e+00,2.337899999999999867e+00,2.323770000000000113e+00,2.309619999999999784e+00,2.295469999999999899e+00,2.281299999999999883e+00,2.284749999999999837e+00,2.305000000000000160e+00,2.325239999999999974e+00,2.345470000000000166e+00,2.365699999999999914e+00,2.391020000000000145e+00,2.380209999999999937e+00,2.369699999999999918e+00,2.359579999999999789e+00,2.349930000000000074e+00,2.337899999999999867e+00,2.323770000000000113e+00,2.309619999999999784e+00,2.295469999999999899e+00,2.281299999999999883e+00,2.284749999999999837e+00,2.305000000000000160e+00,2.325239999999999974e+00,2.345470000000000166e+00,2.365699999999999914e+00,5.722059999999999924e+00,5.820210000000000328e+00,5.918350000000000222e+00,6.016490000000000116e+00,6.114630000000000010e+00,5.722059999999999924e+00,5.820210000000000328e+00,5.918350000000000222e+00,6.016490000000000116e+00,6.114630000000000010e+00
Yavg,1.719199999999999895e-01,5.196100000000000163e-01,8.672999999999999599e-01,1.214979999999999949e+00,1.562650000000000095e+00,2.228590000000000071e+00,3.216559999999999864e+00,4.204550000000000232e+00,5.192569999999999908e+00,6.180620000000000225e+00,6.716649999999999565e+00,6.791660000000000252e+00,6.866660000000000430e+00,6.941650000000000098e+00,7.016610000000000014e+00,-1.719199999999999895e-01,-5.196100000000000163e-01,-8.672999999999999599e-01,-1.214979999999999949e+00,-1.562650000000000095e+00,-2.228590000000000071e+00,-3.216559999999999864e+00,-4.204550000000000232e+00,-5.192569999999999908e+00,-6.180620000000000225e+00,-6.716649999999999565e+00,-6.791660000000000252e+00,-6.866660000000000430e+00,-6.941650000000000098e+00,-7.016610000000000014e+00,1.078800000000000037e-01,3.257399999999999740e-01,5.435900000000000176e-01,7.614400000000000057e-01,9.792699999999999738e-01,-1.078800000000000037e-01,-3.257399999999999740e-01,-5.435900000000000176e-01,-7.614400000000000057e-01,-9.792699999999999738e-01
Zavg,1.033530000000000060e+00,1.043199999999999905e+00,1.052899999999999947e+00,1.062580000000000080e+00,1.072189999999999976e+00,1.094910000000000050e+00,1.130849999999999911e+00,1.166740000000000110e+00,1.202599999999999891e+00,1.238469999999999960e+00,1.270329999999999959e+00,1.298289999999999944e+00,1.326240000000000085e+00,1.354190000000000005e+00,1.382130000000000081e+00,1.033530000000000060e+00,1.043199999999999905e+00,1.052899999999999947e+00,1.062580000000000080e+00,1.072189999999999976e+00,1.094910000000000050e+00,1.130849999999999911e+00,1.166740000000000110e+00,1.202599999999999891e+00,1.238469999999999960e+00,1.270329999999999959e+00,1.298289999999999944e+00,1.326240000000000085e+00,1.354190000000000005e+00,1.382130000000000081e+00,3.777900000000000147e-01,5.956799999999999873e-01,8.135799999999999699e-01,1.031470000000000109e+00,1.249349999999999961e+00,3.777900000000000147e-01,5.956799999999999873e-01,8.135799999999999699e-01,1.031470000000000109e+00,1.249349999999999961e+00
cd,-3.651999999999999691e-02,-4.304999999999999799e-02,8.090999999999999581e-02,1.068800000000000028e-01,1.479900000000000104e-01,1.481300000000000117e-01,-1.412000000000000061e-02,-6.989999999999999686e-03,-3.769999999999999914e-03,-5.800000000000000034e-04,-6.499999999999999702e-04,1.000000000000000048e-04,6.899999999999999667e-04,1.090000000000000040e-03,9.499999999999999981e-04,-3.633999999999999730e-02,-4.286999999999999839e-02,8.037999999999999312e-02,1.060099999999999931e-01,1.465799999999999881e-01,1.459499999999999964e-01,-1.452999999999999951e-02,-6.839999999999999726e-03,-3.720000000000000216e-03,-5.599999999999999509e-04,-6.499999999999999702e-04,1.100000000000000039e-04,6.999999999999999929e-04,1.100000000000000066e-03,9.600000000000000243e-04,1.461999999999999932e-02,1.941000000000000017e-02,-6.629999999999999609e-03,-5.306999999999999912e-02,-3.157000000000000084e-02,1.549000000000000030e-02,2.137000000000000011e-02,-1.838000000000000050e-02,-5.460999999999999882e-02,-3.157999999999999696e-02
cd*c/cref,-5.308679421637665236e-02,-5.822569539829412083e-02,1.012520216215854058e-01,1.229468391748018419e-01,1.552802295995283077e-01,1.444872678376404596e-01,-1.311383091343995728e-02,-6.165818447694791822e-03,-3.149644553732352994e-03,-4.575132831710765889e-04,-4.763650007705244561e-04,6.676007879449780006e-05,4.156150962485510511e-04,5.854270380371058178e-04,4.482534221334816727e-04,-5.282513969942846666e-02,-5.798224301335352243e-02,1.005887714490549256e-01,1.219460555849620348e-01,1.538007706919309325e-01,1.423608772085575014e-01,-1.349461495554409203e-02,-6.033504747100482471e-03,-3.107872079544921669e-03,-4.417369630617290792e-04,-4.763650007705244561e-04,7.343608667394756651e-05,4.216385034405590476e-04,5.907979282943269343e-04,4.529718792085709483e-04,1.130057655327674007e-02,1.408730016616526783e-02,-4.500156533712118719e-03,-3.353655334374099767e-02,-1.847941443493758898e-02,1.197304588305449398e-02,1.550981991504130596e-02,-1.247554707234219476e-02,-3.450972636332571425e-02,-1.848526790799268418e-02
cl,4.592700000000000116e-01,6.168900000000000494e-01,9.568100000000000493e-01,1.152989999999999959e+00,1.322969999999999979e+00,1.366689999999999960e+00,6.978900000000000103e-01,4.178200000000000247e-01,1.968499999999999972e-01,3.289999999999999956e-03,-2.468000000000000055e-02,-3.862999999999999767e-02,-4.909999999999999781e-02,-5.571999999999999870e-02,-4.963000000000000050e-02,4.565199999999999814e-01,6.134500000000000508e-01,9.523099999999999898e-01,1.147329999999999961e+00,1.315770000000000106e+00,1.357099999999999973e+00,6.879100000000000215e-01,4.155599999999999850e-01,1.956700000000000106e-01,2.589999999999999854e-03,-2.523999999999999855e-02,-3.914999999999999730e-02,-4.957999999999999907e-02,-5.614999999999999852e-02,-4.995999999999999747e-02,-1.568400000000000072e-01,-1.618199999999999916e-01,-2.825900000000000079e-01,-3.902900000000000258e-01,-3.206499999999999906e-01,-1.616599999999999981e-01,-1.663999999999999924e-01,-2.764599999999999835e-01,-3.948200000000000043e-01,-3.271600000000000064e-01
cl*c/cref,6.676114999932998284e-01,8.343518985889353257e-01,1.197366787884676098e+00,1.326314334769412184e+00,1.388141667364605425e+00,1.333081104982277942e+00,6.481594515708648530e-01,3.685554025487607910e-01,1.644582308759187650e-01,2.595204657987658543e-03,-1.808721264464083558e-02,-2.578941843831449379e-02,-2.957492931275921416e-02,-2.992660051323626710e-02,-2.341770246366809902e-02,6.636140004288135774e-01,8.296992530100705254e-01,1.191735418495266430e+00,1.319803489805626784e+00,1.380586983581129745e+00,1.323726937031403983e+00,6.388906107411105317e-01,3.665618761264731740e-01,1.634724004850953705e-01,2.043033454160497059e-03,-1.849761941453544056e-02,-2.613657084804588138e-02,-2.986405285797559886e-02,-3.015754879429677696e-02,-2.357341154714604620e-02,-1.212299881406240787e-01,-1.174449723281227875e-01,-1.918098393456572626e-01,-2.466361674115069569e-01,-1.876916135116483142e-01,-1.249556228182433504e-01,-1.207690235780474186e-01,-1.876490611327379099e-01,-2.494988127223632945e-01,-1.915022244705157362e-01
cmx,4.828000000000000347e-02,2.000800000000000078e-01,5.414600000000000524e-01,1.007949999999999902e+00,1.633620000000000072e+00,2.614240000000000119e+00,2.039919999999999956e+00,1.672919999999999963e+00,1.026999999999999913e+00,2.139999999999999888e-02,-1.943400000000000127e-01,-3.389199999999999990e-01,-4.836300000000000043e-01,-6.236099999999999977e-01,-6.397300000000000209e-01,-4.800000000000000100e-02,-1.989700000000000080e-01,-5.389599999999999946e-01,-1.003109999999999946e+00,-1.624910000000000077e+00,-2.596130000000000049e+00,-2.010860000000000092e+00,-1.663829999999999920e+00,-1.020799999999999930e+00,-1.677999999999999978e-02,1.987700000000000022e-01,3.435099999999999820e-01,4.883899999999999908e-01,6.284100000000000241e-01,6.439300000000000024e-01,4.900999999999999801e-02,-2.887999999999999942e-02,-1.998099999999999876e-01,-5.503900000000000459e-01,-6.989100000000000312e-01,-5.029000000000000137e-02,3.042999999999999872e-02,1.934200000000000086e-01,5.579300000000000370e-01,7.125399999999999512e-01
cmx*c/cref,7.018155599032489811e-02,2.706108509939765261e-01,6.775913932421658847e-01,1.159471056757499063e+00,1.714094794772494490e+00,2.549952035859536892e+00,1.894558495534308662e+00,1.475668239988207509e+00,8.580066198098478258e-01,1.688066251700178974e-02,-1.424258065380672733e-01,-2.262632590503119157e-01,-2.913100420270822721e-01,-3.349340873305683419e-01,-3.018538544646865440e-01,-6.977453785284994103e-02,-2.691095612868428244e-01,-6.744628546924937851e-01,-1.153903479085286898e+00,-1.704955725917761677e+00,-2.532287387101421317e+00,-1.867569265623220565e+00,-1.467650029732192385e+00,-8.528268330106063555e-01,-1.323633257174252481e-02,1.456724172356263780e-01,2.293275466669793539e-01,2.941771838504780856e-01,3.375121146540345229e-01,3.038356064362240372e-01,3.788243891081347764e-02,-2.096039303445918975e-02,-1.356223645552064039e-01,-3.478082456163860692e-01,-4.091050852937038740e-01,-3.887181907416465548e-02,2.208534487668258744e-02,1.312851096154748209e-01,3.525730018291580170e-01,4.170833690677994698e-01
cmy,-1.618100000000000094e-01,-2.528799999999999937e-01,-3.889900000000000024e-01,-4.959799999999999764e-01,-6.044399999999999773e-01,-6.702799999999999869e-01,-4.222799999999999887e-01,-2.937000000000000166e-01,-1.705800000000000094e-01,-4.188999999999999668e-02,-1.489000000000000046e-02,-3.409999999999999837e-03,8.569999999999999493e-03,2.041000000000000106e-02,2.628000000000000128e-02,-1.608199999999999907e-01,-2.516599999999999948e-01,-3.873099999999999876e-01,-4.937500000000000222e-01,-6.014500000000000401e-01,-6.658699999999999619e-01,-4.164100000000000024e-01,-2.929399999999999782e-01,-1.702299999999999924e-01,-4.175999999999999851e-02,-1.476000000000000055e-02,-3.239999999999999825e-03,8.779999999999999610e-03,2.065000000000000169e-02,2.650999999999999884e-02,6.344100000000000295e-01,7.358400000000000496e-01,1.364379999999999926e+00,2.026040000000000063e+00,1.838419999999999943e+00,6.547600000000000087e-01,7.570700000000000207e-01,1.327860000000000040e+00,2.047890000000000210e+00,1.876970000000000027e+00
cmy*c/cref,-2.352128743743676920e-01,-3.420235505765532591e-01,-4.867880841747683762e-01,-5.705386722859114856e-01,-6.342157036228048828e-01,-6.537968398448230634e-01,-3.921889885359365890e-01,-2.590702257636567363e-01,-1.425109729378421231e-01,-3.304350246902826999e-02,-1.091242286380478439e-02,-2.276518686892374521e-03,5.162059963550844240e-03,1.096198701498837455e-02,1.240010519333463110e-02,-2.337737745311526116e-01,-3.403734844119558622e-01,-4.846857062693887275e-01,-5.679734453832187002e-01,-6.310784113293892439e-01,-6.494952881593846206e-01,-3.867372755428847286e-01,-2.583998363473121729e-01,-1.422185656185301073e-01,-3.294095638831751049e-02,-1.081714986365067861e-02,-2.163026552941728180e-03,5.288551514583012328e-03,1.109088838116168395e-02,1.250862970606168335e-02,4.903692729934540084e-01,5.340545571494617061e-01,9.260819866464766736e-01,1.280316535454173899e+00,1.076114193394930751e+00,5.060988716842325097e-01,5.494627685110118342e-01,9.012937940957729266e-01,1.294124217582697467e+00,1.098679332022325150e+00
cmz,-4.449999999999999963e-03,4.009999999999999676e-03,-4.266999999999999960e-02,-1.378099999999999881e-01,-2.797000000000000042e-01,-5.081099999999999506e-01,-1.231199999999999933e-01,-9.808000000000000052e-02,-5.766999999999999904e-02,6.400000000000000524e-04,1.248999999999999937e-02,2.120000000000000009e-02,3.026999999999999830e-02,3.969000000000000306e-02,4.308000000000000024e-02,4.449999999999999963e-03,-4.000000000000000083e-03,4.247999999999999693e-02,1.370999999999999996e-01,2.777999999999999914e-01,5.024100000000000232e-01,1.194999999999999951e-01,9.804000000000000214e-02,5.747000000000000025e-02,-8.599999999999999789e-04,-1.280000000000000061e-02,-2.153000000000000053e-02,-3.064000000000000057e-02,-4.007000000000000145e-02,-4.342000000000000026e-02,6.398000000000000353e-01,8.614600000000000035e-01,1.536990000000000078e+00,2.356009999999999938e+00,2.211510000000000087e+00,-6.588899999999999757e-01,-8.892799999999999594e-01,-1.552489999999999926e+00,-2.388320000000000221e+00,-2.250939999999999941e+00
cmz*c/cref,-6.468681113441295850e-03,5.423578131176757904e-03,-5.339789596580211961e-02,-1.585264212825546470e-01,-2.934784797553082747e-01,-4.956148360290520971e-01,-1.143466616191733259e-01,-8.651551836193206724e-02,-4.818037172778377036e-02,5.048422434991190096e-04,9.153536707113616236e-03,1.415313670443353079e-02,1.823285357020817607e-02,2.131706343091075914e-02,2.032711307948462109e-02,6.468681113441295850e-03,-5.410052998680058185e-03,5.316012703602703698e-02,1.577096898471681552e-01,2.914848826457798747e-01,4.900550073199820833e-01,1.109846171498636569e-01,8.648023470844025395e-02,4.801328183103404507e-02,-6.783817647019411284e-04,-9.380726169019559454e-03,-1.437344496445537405e-02,-1.845571963631247037e-02,-2.152115726068516352e-02,-2.048754062003765516e-02,4.945354910250656100e-01,6.252264606463024954e-01,1.043242170550556569e+00,1.488834653163505273e+00,1.294501419607501758e+00,-5.092911686175451980e-01,-6.454175317757572250e-01,-1.053762898495132161e+00,-1.509252328658818643e+00,-1.317581663863744534e+00
cs,-1.301000000000000073e-02,-1.160000000000000007e-03,5.426000000000000267e-02,2.484000000000000097e-02,1.216000000000000067e-02,-7.384999999999999898e-02,-3.393000000000000183e-02,-1.191000000000000045e-02,-5.009999999999999697e-03,4.600000000000000139e-04,9.400000000000000369e-03,1.510000000000000057e-02,1.933999999999999955e-02,2.231999999999999956e-02,1.993999999999999939e-02,1.298000000000000022e-02,1.190000000000000085e-03,-5.387999999999999734e-02,-2.433000000000000093e-02,-1.157000000000000042e-02,7.340000000000000691e-02,3.337999999999999995e-02,1.182000000000000065e-02,4.959999999999999999e-03,-5.000000000000000104e-04,-9.620000000000000079e-03,-1.532000000000000028e-02,-1.953999999999999834e-02,-2.249999999999999917e-02,-2.007000000000000103e-02,1.590000000000000024e-01,1.901599999999999957e-01,3.147499999999999742e-01,4.297199999999999909e-01,3.627000000000000224e-01,-1.635500000000000009e-01,-1.962399999999999978e-01,-3.165899999999999825e-01,-4.356400000000000272e-01,-3.692400000000000126e-01
cs*c/cref,-1.891180703053287060e-02,-1.568915369617216761e-03,6.790180068208162556e-02,2.857409697887423189e-02,1.275902150098158147e-02,-7.203392108154828277e-02,-3.151220133803241813e-02,-1.050570782718812136e-02,-4.185601913580660506e-03,3.628553625149918017e-04,6.888970780373739056e-03,1.008077189796916656e-02,1.164926950934344618e-02,1.198782705411761441e-02,9.408603407728024712e-03,1.886819794437483849e-02,1.609490767107317434e-03,-6.742626282253147418e-02,-2.798743073655434940e-02,-1.213995713539119288e-02,7.159498723609539206e-02,3.100139347667321341e-02,1.042631960683153627e-02,4.143829439393228314e-03,-3.944080027336867127e-04,-7.050202011403761820e-03,-1.022764407131706091e-02,-1.176973765318360503e-02,-1.208450307874759516e-02,-9.469943349704187247e-03,1.228995671662791861e-01,1.380134466562590034e-01,2.136386529390481570e-01,2.715531882960689480e-01,2.123054677083263675e-01,-1.264165044656915815e-01,-1.424261609793030237e-01,-2.148875651595655578e-01,-2.752942170466803895e-01,-2.161336390863590473e-01
cx,-4.400000000000000265e-03,8.000000000000000654e-05,1.474499999999999977e-01,1.870499999999999940e-01,2.399199999999999944e-01,2.431000000000000105e-01,3.459000000000000269e-02,2.216999999999999874e-02,9.979999999999999288e-03,-3.499999999999999964e-04,-2.370000000000000145e-03,-2.589999999999999854e-03,-2.729999999999999788e-03,-2.799999999999999972e-03,-2.510000000000000078e-03,-4.409999999999999858e-03,3.000000000000000076e-05,1.466099999999999903e-01,1.857800000000000007e-01,2.380099999999999993e-01,2.402700000000000113e-01,3.348999999999999894e-02,2.215999999999999914e-02,9.939999999999999183e-03,-3.800000000000000209e-04,-2.399999999999999790e-03,-2.619999999999999933e-03,-2.759999999999999867e-03,-2.820000000000000024e-03,-2.530000000000000131e-03,3.640000000000000006e-03,8.070000000000000784e-03,-2.631999999999999965e-02,-8.015999999999999515e-02,-5.385999999999999815e-02,4.170000000000000095e-03,9.709999999999999881e-03,-3.762000000000000066e-02,-8.201999999999999569e-02,-5.433000000000000329e-02
cx*c/cref,-6.395999303177911030e-03,1.082010599736011751e-04,1.845212036596560190e-01,2.151684718155565390e-01,2.517388518516037177e-01,2.371218173991115619e-01,3.212517077166346380e-02,1.955596494783884420e-02,8.337785847811375259e-03,-2.760856019135806880e-04,-1.736900079732527861e-03,-1.729086040777492615e-03,-1.644390163418180161e-03,-1.503849272021923027e-03,-1.184332725847409484e-03,-6.410535665230587821e-03,4.057539749010043558e-05,1.834700147069661946e-01,2.137075578395835063e-01,2.497347621257093864e-01,2.343614112154855655e-01,3.110355504894505435e-02,1.954714403446589088e-02,8.304367868461429505e-03,-2.997500820776019255e-04,-1.758886156691167072e-03,-1.749114064415841982e-03,-1.662460384994204204e-03,-1.514591052536365260e-03,-1.193769639997588035e-03,2.813549839529913294e-03,5.857007333382468345e-03,-1.786487480653136881e-02,-5.065555146098130873e-02,-3.152680587474623181e-02,3.223215063417511021e-03,7.047278959993031819e-03,-2.553482485644795186e-02,-5.183094225086935097e-02,-3.180191910833574109e-02
cy,-1.301000000000000073e-02,-1.160000000000000007e-03,5.426000000000000267e-02,2.484000000000000097e-02,1.216000000000000067e-02,-7.384999999999999898e-02,-3.393000000000000183e-02,-1.191000000000000045e-02,-5.009999999999999697e-03,4.600000000000000139e-04,9.400000000000000369e-03,1.510000000000000057e-02,1.933999999999999955e-02,2.231999999999999956e-02,1.993999999999999939e-02,1.298000000000000022e-02,1.190000000000000085e-03,-5.387999999999999734e-02,-2.433000000000000093e-02,-1.157000000000000042e-02,7.340000000000000691e-02,3.337999999999999995e-02,1.182000000000000065e-02,4.959999999999999999e-03,-5.000000000000000104e-04,-9.620000000000000079e-03,-1.532000000000000028e-02,-1.953999999999999834e-02,-2.249999999999999917e-02,-2.007000000000000103e-02,1.590000000000000024e-01,1.901599999999999957e-01,3.147499999999999742e-01,4.297199999999999909e-01,3.627000000000000224e-01,-1.635500000000000009e-01,-1.962399999999999978e-01,-3.165899999999999825e-01,-4.356400000000000272e-01,-3.692400000000000126e-01
cy*c/cref,-1.891180703053287060e-02,-1.568915369617216761e-03,6.790180068208162556e-02,2.857409697887423189e-02,1.275902150098158147e-02,-7.203392108154828277e-02,-3.151220133803241813e-02,-1.050570782718812136e-02,-4.185601913580660506e-03,3.628553625149918017e-04,6.888970780373739056e-03,1.008077189796916656e-02,1.164926950934344618e-02,1.198782705411761441e-02,9.408603407728024712e-03,1.886819794437483849e-02,1.609490767107317434e-03,-6.742626282253147418e-02,-2.798743073655434940e-02,-1.213995713539119288e-02,7.159498723609539206e-02,3.100139347667321341e-02,1.042631960683153627e-02,4.143829439393228314e-03,-3.944080027336867127e-04,-7.050202011403761820e-03,-1.022764407131706091e-02,-1.176973765318360503e-02,-1.208450307874759516e-02,-9.469943349704187247e-03,1.228995671662791861e-01,1.380134466562590034e-01,2.136386529390481570e-01,2.715531882960689480e-01,2.123054677083263675e-01,-1.264165044656915815e-01,-1.424261609793030237e-01,-2.148875651595655578e-01,-2.752942170466803895e-01,-2.161336390863590473e-01
cz,4.606999999999999984e-01,6.183899999999999952e-01,9.488299999999999512e-01,1.142719999999999958e+00,1.309420000000000028e+00,1.353029999999999955e+00,6.971699999999999564e-01,4.172899999999999943e-01,1.966400000000000092e-01,3.320000000000000034e-03,-2.457000000000000156e-02,-3.853999999999999787e-02,-4.902000000000000107e-02,-5.566000000000000114e-02,-4.957999999999999907e-02,4.579400000000000137e-01,6.149499999999999966e-01,9.443899999999999517e-01,1.137140000000000040e+00,1.302340000000000053e+00,1.343620000000000037e+00,6.872399999999999620e-01,4.150300000000000100e-01,1.954500000000000126e-01,2.619999999999999933e-03,-2.512999999999999956e-02,-3.907000000000000056e-02,-4.950999999999999845e-02,-5.609000000000000097e-02,-4.989999999999999991e-02,-1.574800000000000089e-01,-1.627800000000000080e-01,-2.814400000000000235e-01,-3.856399999999999828e-01,-3.176599999999999979e-01,-1.623499999999999943e-01,-1.674900000000000000e-01,-2.745000000000000218e-01,-3.900500000000000078e-01,-3.241600000000000037e-01
cz*c/cref,6.696901997668326390e-01,8.363806684634402799e-01,1.187380492834122725e+00,1.314500487105441096e+00,1.373924172188758508e+00,1.319757024251418720e+00,6.474907576432673562e-01,3.680878941399942095e-01,1.642827864843315611e-01,2.618869138151679564e-03,-1.800659702912582594e-02,-2.572933436739944721e-02,-2.952674205522315062e-02,-2.989437517169294192e-02,-2.339411017829265416e-02,6.656781638402937684e-01,8.317280228845753687e-01,1.181824208369905316e+00,1.308081668218882498e+00,1.366495399801673782e+00,1.310578429838725967e+00,6.382683538918183519e-01,3.660943677177066480e-01,1.632886015986706740e-01,2.066697934324518079e-03,-1.841700379902043092e-02,-2.608316278501028596e-02,-2.982188900763154196e-02,-3.012532345275345178e-02,-2.354510080469551098e-02,-1.217246782222996676e-01,-1.181417166949192271e-01,-1.910292692078339183e-01,-2.436976904367868235e-01,-1.859414250681746816e-01,-1.254889605625498505e-01,-1.215601187445141951e-01,-1.863186981152302746e-01,-2.464845040837794488e-01,-1.897461825539869806e-01
Results_Name,VSPAERO_Comp_Load
Results_Timestamp,1758045781
Results_Date,9,16,2025
Results_Time,14,3,1
AoA,-4.000000000000000000e+00,-4.000000000000000000e+00,-4.000000000000000000e+00,-4.000000000000000000e+00,-4.000000000000000000e+00,-4.000000000000000000e+00,-4.000000000000000000e+00,-4.000000000000000000e+00,-4.000000000000000000e+00
Beta,0.000000000000000000e+00,0.000000000000000000e+00,0.000000000000000000e+00,0.000000000000000000e+00,0.000000000000000000e+00,0.000000000000000000e+00,0.000000000000000000e+00,0.000000000000000000e+00,0.000000000000000000e+00
CDi,0.000000000000000000e+00,1.608000000000000054e-02,1.583999999999999991e-02,-7.100000000000000191e-04,-8.599999999999999789e-04,0.000000000000000000e+00,0.000000000000000000e+00,0.000000000000000000e+00,0.000000000000000000e+00
CFx,0.000000000000000000e+00,3.878999999999999809e-02,3.839000000000000051e-02,-2.060000000000000199e-03,-2.230000000000000211e-03,0.000000000000000000e+00,0.000000000000000000e+00,0.000000000000000000e+00,0.000000000000000000e+00
CFy,0.000000000000000000e+00,-6.150000000000000085e-03,6.109999999999999980e-03,2.155999999999999930e-02,-2.193000000000000158e-02,0.000000000000000000e+00,0.000000000000000000e+00,0.000000000000000000e+00,0.000000000000000000e+00
CFz,0.000000000000000000e+00,3.241899999999999782e-01,3.218300000000000050e-01,-1.934999999999999915e-02,-1.956000000000000100e-02,0.000000000000000000e+00,0.000000000000000000e+00,0.000000000000000000e+00,0.000000000000000000e+00
CL,0.000000000000000000e+00,3.261100000000000110e-01,3.237200000000000077e-01,-1.944999999999999854e-02,-1.966000000000000039e-02,0.000000000000000000e+00,0.000000000000000000e+00,0.000000000000000000e+00,0.000000000000000000e+00
Cmx,0.000000000000000000e+00,4.850000000000000144e-02,-4.809000000000000080e-02,-1.020000000000000073e-03,1.030000000000000100e-03,-3.000000000000000076e-05,3.000000000000000076e-05,-0.000000000000000000e+00,0.000000000000000000e+00
Cmy,0.000000000000000000e+00,-1.726999999999999924e-01,-1.716000000000000025e-01,6.374000000000000499e-02,6.438000000000000667e-02,-1.387000000000000038e-02,-1.389999999999999916e-02,-0.000000000000000000e+00,1.000000000000000082e-05
Cmz,0.000000000000000000e+00,-5.619999999999999996e-03,5.550000000000000246e-03,6.150000000000000085e-03,-6.259999999999999939e-03,-6.000000000000000152e-05,6.000000000000000152e-05,1.000000000000000082e-05,2.000000000000000164e-05
Comp_ID,0,1,2,3,4,5,6,7,8
Comp_Name,NONE,main_wing,main_wing,horizontal_tail,horizontal_tail,fuselage,fuselage,fuselage,fuselage
Cs,0.000000000000000000e+00,-6.150000000000000085e-03,6.109999999999999980e-03,2.155999999999999930e-02,-2.193000000000000158e-02,0.000000000000000000e+00,0.000000000000000000e+00,0.000000000000000000e+00,0.000000000000000000e+00
Mach,1.499999999999999944e-01,1.499999999999999944e-01,1.499999999999999944e-01,1.499999999999999944e-01,1.499999999999999944e-01,1.499999999999999944e-01,1.499999999999999944e-01,1.499999999999999944e-01,1.499999999999999944e-01
Results_Name,VSPAERO_Load
Results_Timestamp,1758045781
Results_Date,9,16,2025
Results_Time,14,3,1
AnalysisMethod,0
Chord,1.735630000000000006e+00,1.614889999999999937e+00,1.494180000000000064e+00,1.373480000000000034e+00,1.252809999999999979e+00,1.164630000000000054e+00,1.108910000000000062e+00,1.053209999999999980e+00,9.975199999999999623e-01,9.418400000000000105e-01,8.750400000000000400e-01,7.971099999999999852e-01,7.191899999999999959e-01,6.412799999999999612e-01,5.633799999999999919e-01,1.735630000000000006e+00,1.614889999999999937e+00,1.494180000000000064e+00,1.373480000000000034e+00,1.252809999999999979e+00,1.164630000000000054e+00,1.108910000000000062e+00,1.053209999999999980e+00,9.975199999999999623e-01,9.418400000000000105e-01,8.750400000000000400e-01,7.971099999999999852e-01,7.191899999999999959e-01,6.412799999999999612e-01,5.633799999999999919e-01,9.229000000000000536e-01,8.665699999999999514e-01,8.104299999999999837e-01,7.545199999999999685e-01,6.988999999999999657e-01,9.229000000000000536e-01,8.665699999999999514e-01,8.104299999999999837e-01,7.545199999999999685e-01,6.988999999999999657e-01
FC_AoA_,-3.000000000000000000e+00
FC_Beta_,0.000000000000000000e+00
FC_Bref_,1.417173599999999922e+01
FC_Cref_,1.193991999999999942e+00
FC_Mach_,1.499999999999999944e-01
FC_Pitch_Rate,0.000000000000000000e+00
FC_Rho_,2.377000000000000206e-03
FC_Roll__Rate,0.000000000000000000e+00
FC_Sref_,1.619368700000000061e+01
FC_Vinf_,5.100000000000000000e+01
FC_Xcg_,1.774861999999999940e+00
FC_Yaw___Rate,0.000000000000000000e+00
FC_Ycg_,0.000000000000000000e+00
FC_Zcg_,7.545150000000000468e-01
S,3.314000000000000279e-02,8.981999999999999706e-02,1.368900000000000117e-01,1.839600000000000124e-01,2.310300000000000131e-01,2.997400000000000064e-01,4.117600000000000149e-01,5.454599999999999449e-01,6.791700000000000514e-01,8.128699999999999815e-01,9.157600000000000184e-01,9.578200000000000047e-01,9.698700000000000099e-01,9.819200000000000150e-01,9.939700000000000202e-01,3.314000000000000279e-02,8.981999999999999706e-02,1.368900000000000117e-01,1.839600000000000124e-01,2.310300000000000131e-01,2.997400000000000064e-01,4.117600000000000149e-01,5.454599999999999449e-01,6.791700000000000514e-01,8.128699999999999815e-01,9.157600000000000184e-01,9.578200000000000047e-01,9.698700000000000099e-01,9.819200000000000150e-01,9.939700000000000202e-01,1.020299999999999957e-01,3.035599999999999965e-01,5.025399999999999867e-01,7.015200000000000324e-01,9.005100000000000326e-01,1.020299999999999957e-01,3.035599999999999965e-01,5.025399999999999867e-01,7.015200000000000324e-01,9.005100000000000326e-01
V/Vref,1.007069999999999910e+00,1.005819999999999936e+00,9.994800000000000351e-01,9.885899999999999688e-01,9.761100000000000332e-01,9.717999999999999972e-01,9.872400000000000064e-01,9.918900000000000494e-01,9.967000000000000304e-01,9.996199999999999530e-01,1.003290000000000015e+00,1.002539999999999987e+00,1.002580000000000027e+00,1.002129999999999965e+00,1.002029999999999976e+00,1.007460000000000022e+00,1.005940000000000056e+00,9.996599999999999930e-01,9.888099999999999667e-01,9.762600000000000167e-01,9.720100000000000406e-01,9.871799999999999464e-01,9.917799999999999949e-01,9.966399999999999704e-01,9.995600000000000041e-01,1.003230000000000066e+00,1.002510000000000012e+00,1.002550000000000052e+00,1.002119999999999900e+00,1.001989999999999936e+00,9.857000000000000206e-01,9.944600000000000106e-01,9.960400000000000365e-01,9.910700000000000065e-01,9.944399999999999906e-01,9.853199999999999736e-01,9.935599999999999987e-01,9.951799999999999535e-01,9.909400000000000430e-01,9.947000000000000286e-01
WingId,1,1,1,1,1,1,1,1,1,1,1,1,1,1,1,2,2,2,2,2,2,2,2,2,2,2,2,2,2,2,3,3,3,3,3,4,4,4,4,4
Xavg,2.391020000000000145e+00,2.380209999999999937e+00,2.369699999999999918e+00,2.359579999999999789e+00,2.349930000000000074e+00,2.337899999999999867e+00,2.323770000000000113e+00,2.309619999999999784e+00,2.295469999999999899e+00,2.281299999999999883e+00,2.284749999999999837e+00,2.305000000000000160e+00,2.325239999999999974e+00,2.345470000000000166e+00,2.365699999999999914e+00,2.391020000000000145e+00,2.380209999999999937e+00,2.369699999999999918e+00,2.359579999999999789e+00,2.349930000000000074e+00,2.337899999999999867e+00,2.323770000000000113e+00,2.309619999999999784e+00,2.295469999999999899e+00,2.281299999999999883e+00,2.284749999999999837e+00,2.305000000000000160e+00,2.325239999999999974e+00,2.345470000000000166e+00,2.365699999999999914e+00,5.722059999999999924e+00,5.820210000000000328e+00,5.918350000000000222e+00,6.016490000000000116e+00,6.114630000000000010e+00,5.722059999999999924e+00,5.820210000000000328e+00,5.918350000000000222e+00,6.016490000000000116e+00,6.114630000000000010e+00
Yavg,1.719199999999999895e-01,5.196100000000000163e-01,8.672999999999999599e-01,1.214979999999999949e+00,1.562650000000000095e+00,2.228590000000000071e+00,3.216559999999999864e+00,4.204550000000000232e+00,5.192569999999999908e+00,6.180620000000000225e+00,6.716649999999999565e+00,6.791660000000000252e+00,6.866660000000000430e+00,6.941650000000000098e+00,7.016610000000000014e+00,-1.719199999999999895e-01,-5.196100000000000163e-01,-8.672999999999999599e-01,-1.214979999999999949e+00,-1.562650000000000095e+00,-2.228590000000000071e+00,-3.216559999999999864e+00,-4.204550000000000232e+00,-5.192569999999999908e+00,-6.180620000000000225e+00,-6.716649999999999565e+00,-6.791660000000000252e+00,-6.866660000000000430e+00,-6.941650000000000098e+00,-7.016610000000000014e+00,1.078800000000000037e-01,3.257399999999999740e-01,5.435900000000000176e-01,7.614400000000000057e-01,9.792699999999999738e-01,-1.078800000000000037e-01,-3.257399999999999740e-01,-5.435900000000000176e-01,-7.614400000000000057e-01,-9.792699999999999738e-01
Zavg,1.033530000000000060e+00,1.043199999999999905e+00,1.052899999999999947e+00,1.062580000000000080e+00,1.072189999999999976e+00,1.094910000000000050e+00,1.130849999999999911e+00,1.166740000000000110e+00,1.202599999999999891e+00,1.238469999999999960e+00,1.270329999999999959e+00,1.298289999999999944e+00,1.326240000000000085e+00,1.354190000000000005e+00,1.382130000000000081e+00,1.033530000000000060e+00,1.043199999999999905e+00,1.052899999999999947e+00,1.062580000000000080e+00,1.072189999999999976e+00,1.094910000000000050e+00,1.130849999999999911e+00,1.166740000000000110e+00,1.202599999999999891e+00,1.238469999999999960e+00,1.270329999999999959e+00,1.298289999999999944e+00,1.326240000000000085e+00,1.354190000000000005e+00,1.382130000000000081e+00,3.777900000000000147e-01,5.956799999999999873e-01,8.135799999999999699e-01,1.031470000000000109e+00,1.249349999999999961e+00,3.777900000000000147e-01,5.956799999999999873e-01,8.135799999999999699e-01,1.031470000000000109e+00,1.249349999999999961e+00
cd,-3.670000000000000345e-02,-4.222000000000000058e-02,8.835999999999999410e-02,1.150700000000000056e-01,1.570100000000000107e-01,1.577999999999999958e-01,-1.295999999999999930e-02,-6.870000000000000238e-03,-4.290000000000000410e-03,-2.010000000000000068e-03,-1.389999999999999960e-03,-1.139999999999999954e-03,-6.999999999999999929e-04,-3.600000000000000227e-04,-9.000000000000000567e-05,-3.658999999999999753e-02,-4.211000000000000160e-02,8.752000000000000057e-02,1.139199999999999935e-01,1.555199999999999916e-01,1.558700000000000085e-01,-1.320999999999999952e-02,-6.709999999999999819e-03,-4.230000000000000253e-03,-1.990000000000000015e-03,-1.389999999999999960e-03,-1.129999999999999928e-03,-6.899999999999999667e-04,-3.600000000000000227e-04,-9.000000000000000567e-05,1.030000000000000013e-02,1.128999999999999969e-02,1.389999999999999960e-03,-3.438999999999999696e-02,-2.809000000000000039e-02,1.051999999999999984e-02,1.165000000000000063e-02,-1.319999999999999993e-03,-3.207000000000000128e-02,-2.733999999999999972e-02
cd*c/cref,-5.334844873332485193e-02,-5.710310940106801125e-02,1.105750664996080351e-01,1.323680088308799574e-01,1.647445695616051309e-01,1.539194684721505724e-01,-1.203649069675508804e-02,-6.059967487219345035e-03,-3.584078285281643884e-03,-1.585520170989420524e-03,-1.018688232416967631e-03,-7.610648982572747580e-04,-4.216385034405590476e-04,-1.933520492599615490e-04,-4.246611367580352810e-05,-5.318854875074539162e-02,-5.695433294360431609e-02,1.095238775469182385e-01,1.310451339707468521e-01,1.631811697230802216e-01,1.520369299794303575e-01,-1.226867608828199896e-02,-5.918832873252081496e-03,-3.533951316256725688e-03,-1.569743850880073177e-03,-1.018688232416967631e-03,-7.543888903778250051e-04,-4.156150962485510511e-04,-1.933520492599615490e-04,-4.246611367580352810e-05,7.961418501966513114e-03,8.194004063678818686e-03,9.434717318038981669e-04,-2.173209100228477159e-02,-1.644240581176423591e-02,8.131468217542497240e-03,8.455283201227478326e-03,-8.959587668929104793e-04,-2.026601216758571258e-02,-1.600339533263204703e-02
cl,5.319099999999999939e-01,6.947299999999999587e-01,1.034510000000000041e+00,1.236099999999999977e+00,1.410469999999999891e+00,1.459310000000000107e+00,7.935499999999999776e-01,5.129700000000000371e-01,2.892899999999999916e-01,8.580000000000000127e-02,4.408999999999999725e-02,2.762999999999999831e-02,1.413000000000000020e-02,2.480000000000000000e-03,-4.499999999999999660e-03,5.283200000000000118e-01,6.905200000000000227e-01,1.029209999999999958e+00,1.229850000000000110e+00,1.403259999999999952e+00,1.450560000000000072e+00,7.853499999999999925e-01,5.104999999999999538e-01,2.880599999999999827e-01,8.507000000000000672e-02,4.352999999999999925e-02,2.713000000000000134e-02,1.369000000000000078e-02,2.139999999999999975e-03,-4.749999999999999882e-03,-1.383800000000000030e-01,-1.260600000000000054e-01,-2.060599999999999932e-01,-3.423300000000000232e-01,-2.838399999999999812e-01,-1.394299999999999984e-01,-1.240200000000000052e-01,-1.881099999999999994e-01,-3.471699999999999786e-01,-2.871699999999999808e-01
cl*c/cref,7.732036339439459782e-01,9.396315299432491663e-01,1.294601766008482535e+00,1.421917925748246159e+00,1.479952060566569916e+00,1.423423444461939580e+00,7.370028697847221810e-01,4.524863932924174104e-01,2.416871811536425718e-01,6.768041326910063937e-02,3.231220443688064686e-02,1.844580977091973828e-02,8.511074362307285285e-03,1.331980783790845998e-03,-2.123305683790176202e-03,7.679850799670350225e-01,9.339374491621384999e-01,1.287969264283177706e+00,1.414728388464914444e+00,1.472386884166728027e+00,1.414888619689244287e+00,7.293871889426395416e-01,4.503076276892977181e-01,2.406595782886317425e-01,6.710457758510945947e-02,3.190179766698604535e-02,1.811200937694725302e-02,8.246044445858934091e-03,1.149370515045326953e-03,-2.241267110667408309e-03,-1.069612710972937947e-01,-9.149124466495588137e-02,-1.398645935651160188e-01,-2.163287790872970850e-01,-1.661449791958405087e-01,-1.077728720125428058e-01,-9.001066288551347327e-02,-1.276809118486555983e-01,-2.193873228631347538e-01,-1.680941857231874337e-01
cmx,5.571999999999999870e-02,2.253799999999999970e-01,5.882100000000000106e-01,1.084410000000000096e+00,1.747779999999999889e+00,2.800069999999999837e+00,2.319679999999999964e+00,2.055379999999999985e+00,1.510610000000000008e+00,5.648400000000000087e-01,3.492799999999999794e-01,2.433700000000000030e-01,1.396499999999999964e-01,2.810999999999999957e-02,-5.763000000000000067e-02,-5.535999999999999949e-02,-2.240399999999999892e-01,-5.852500000000000480e-01,-1.079020000000000090e+00,-1.738979999999999970e+00,-2.783450000000000202e+00,-2.295749999999999957e+00,-2.045450000000000212e+00,-1.504159999999999942e+00,-5.600100000000000078e-01,-3.448599999999999999e-01,-2.389499999999999957e-01,-1.353100000000000136e-01,-2.436999999999999930e-02,6.087000000000000050e-02,4.372999999999999804e-02,-2.106999999999999845e-02,-1.495199999999999863e-01,-4.743100000000000094e-01,-6.186500000000000332e-01,-4.402999999999999969e-02,2.083000000000000129e-02,1.360800000000000065e-01,4.786799999999999944e-01,6.252400000000000180e-01
cmx*c/cref,8.099660935751662461e-02,3.048294362106278577e-01,7.360950641210326495e-01,1.247424980066868194e+00,1.833878503206051613e+00,2.731212205860675812e+00,2.154383236068583507e+00,1.813032892850203304e+00,1.262038344645525223e+00,4.455548325281912247e-01,2.559765653371212091e-01,1.624740037621692779e-01,8.411688143639153847e-02,1.509757251304866266e-02,-2.719246812373952646e-02,-8.047330032362025320e-02,-3.030170684560700156e-01,-7.323908744782210434e-01,-1.241224723113722783e+00,-1.824645000804025585e+00,-2.715000915835282136e+00,-2.132158450391627547e+00,-1.804273725870860323e+00,-1.256649695475346551e+00,-4.417448512217838075e-01,-2.527372833318816681e-01,-1.595232082794524608e-01,-8.150272271506008026e-02,-1.308885955684795099e-02,2.872124821606845263e-02,3.380124573698986556e-02,-1.529208730041742119e-02,-1.014876930498696678e-01,-2.997309707267720169e-01,-3.621251105535046033e-01,-3.403313171277529831e-02,1.511790120871831650e-02,9.236520378696005951e-02,3.024925071524767195e-01,3.659825492968127314e-01
cmy,-1.694299999999999973e-01,-2.624500000000000166e-01,-3.978099999999999969e-01,-5.092900000000000205e-01,-6.224199999999999733e-01,-6.942899999999999627e-01,-4.460100000000000176e-01,-3.168099999999999805e-01,-1.932500000000000051e-01,-6.149000000000000299e-02,-3.359000000000000180e-02,-2.619000000000000147e-02,-1.884999999999999870e-02,-1.125999999999999918e-02,-4.239999999999999845e-03,-1.681100000000000094e-01,-2.609000000000000208e-01,-3.957700000000000107e-01,-5.067500000000000338e-01,-6.194399999999999906e-01,-6.903599999999999737e-01,-4.415899999999999825e-01,-3.159600000000000186e-01,-1.928700000000000137e-01,-6.133000000000000257e-02,-3.345000000000000057e-02,-2.602000000000000146e-02,-1.866999999999999910e-02,-1.111999999999999968e-02,-4.100000000000000346e-03,5.534400000000000430e-01,5.635999999999999899e-01,1.008089999999999931e+00,1.795709999999999917e+00,1.633580000000000032e+00,5.570399999999999796e-01,5.523700000000000276e-01,9.180500000000000327e-01,1.824480000000000102e+00,1.654369999999999896e+00
cmy*c/cref,-2.462895822585075833e-01,-3.549671023758953492e-01,-4.978255681780112685e-01,-5.858495108844951060e-01,-6.530814278487627744e-01,-6.772163990210989803e-01,-4.142280258996710596e-01,-2.794553565685531926e-01,-1.614506127344236819e-01,-4.850429617618879502e-02,-2.461707750135679745e-02,-1.748446463627897213e-02,-1.135412255693505484e-02,-6.047622429631018155e-03,-2.000625799837855035e-03,-2.443707824675542262e-01,-3.528707068389068113e-01,-4.952726807214788973e-01,-5.829276829325490406e-01,-6.499546281717130114e-01,-6.733830434374770135e-01,-4.101229881774752228e-01,-2.787055789318521604e-01,-1.611331419305992163e-01,-4.837808561531401624e-02,-2.451447580888314534e-02,-1.737097250232832665e-02,-1.124570122747891102e-02,-5.972429966029922307e-03,-1.934567400786605176e-03,4.277832481289657873e-01,4.090470053400692696e-01,6.842477828159652109e-01,1.134763975973038352e+00,9.562116513343473789e-01,4.305658798383908969e-01,4.008965477993152171e-01,6.231325348076034443e-01,1.152944617384371151e+00,9.683810218158915850e-01
cmz,-4.530000000000000172e-03,5.029999999999999749e-03,-4.066000000000000170e-02,-1.326799999999999924e-01,-2.696299999999999808e-01,-4.921300000000000119e-01,-1.062899999999999956e-01,-9.002999999999999892e-02,-6.299000000000000432e-02,-1.890999999999999973e-02,-2.131999999999999867e-02,-1.354999999999999954e-02,-8.000000000000000167e-03,-1.959999999999999937e-03,2.419999999999999842e-03,4.550000000000000225e-03,-4.939999999999999947e-03,4.043000000000000066e-02,1.317599999999999882e-01,2.676899999999999835e-01,4.873100000000000209e-01,1.040299999999999975e-01,9.013999999999999790e-02,6.293999999999999595e-02,1.876999999999999849e-02,2.108000000000000151e-02,1.333999999999999943e-02,7.810000000000000102e-03,1.799999999999999951e-03,-2.579999999999999828e-03,5.610600000000000032e-01,5.977299999999999836e-01,9.632399999999999851e-01,1.948129999999999917e+00,1.933070000000000066e+00,-5.642200000000000548e-01,-5.787799999999999612e-01,-8.487400000000000500e-01,-1.941629999999999967e+00,-1.947990000000000110e+00
cmz*c/cref,-6.584972009862712777e-03,6.803141645840172537e-03,-5.088255097186580866e-02,-1.526252490803958473e-01,-2.829124150748078548e-01,-4.800278074727469257e-01,-9.871594106158165793e-02,-7.941468309670415837e-02,-5.262496298132651046e-02,-1.491651066338803115e-02,-1.562477202527320225e-02,-9.045990676654449766e-03,-4.818725753606389363e-03,-1.052694490415345989e-03,1.141866612171605786e-03,6.614044733968067226e-03,-6.681415453369871603e-03,5.059472542529598604e-02,1.515669491922893852e-01,2.808768474998157294e-01,4.753263382836736550e-01,9.661698512217838097e-02,7.951171314380665878e-02,5.258319050713906873e-02,1.480607642262259799e-02,1.544888340960408682e-02,8.905794511186004847e-03,4.704281016958238026e-03,9.667602462998075826e-04,-1.217361925373034413e-03,4.336731519139157554e-01,4.338177191304464220e-01,6.538055474408538403e-01,1.231082827690637593e+00,1.131517315861412909e+00,-4.361156841921889904e-01,-4.200642756400377320e-01,-5.760879119793097525e-01,-1.226975279231351523e+00,-1.140250697659615842e+00
cs,-1.401999999999999948e-02,-2.690000000000000117e-03,5.294999999999999707e-02,2.255000000000000060e-02,1.000000000000000021e-02,-7.889999999999999791e-02,-3.781999999999999945e-02,-1.577999999999999889e-02,-8.810000000000000123e-03,-3.210000000000000180e-03,-1.822999999999999968e-02,-1.140000000000000041e-02,-5.839999999999999705e-03,-1.240000000000000000e-03,1.539999999999999919e-03,1.404999999999999999e-02,2.830000000000000050e-03,-5.240999999999999825e-02,-2.207999999999999893e-02,-9.530000000000000276e-03,7.846000000000000196e-02,3.740000000000000269e-02,1.567999999999999949e-02,8.760000000000000425e-03,3.170000000000000075e-03,1.799999999999999864e-02,1.119999999999999989e-02,5.660000000000000100e-03,1.110000000000000092e-03,-1.639999999999999965e-03,1.407400000000000040e-01,1.340699999999999947e-01,1.973000000000000032e-01,3.579100000000000059e-01,3.182499999999999774e-01,-1.416900000000000104e-01,-1.303799999999999959e-01,-1.742100000000000037e-01,-3.570499999999999785e-01,-3.208599999999999786e-01
cs*c/cref,-2.037997959785325247e-02,-3.638260641612339145e-03,6.626244648205348309e-02,2.593985051826143071e-02,1.049261636593880158e-02,-7.695973423607528618e-02,-3.512500603019116235e-02,-1.391940130252128892e-02,-7.360309951825472381e-03,-2.532099377550268721e-03,-1.336020609853332507e-02,-7.610648982572748231e-03,-3.517669800132664296e-03,-6.659903918954229989e-04,7.266423895637492058e-04,2.042358868401128458e-02,3.827612496566141272e-03,-6.558668215532433010e-02,-2.539919731455487009e-02,-9.999463396739677670e-03,7.653055447607690076e-02,3.473493457242594895e-02,1.383119216879175051e-02,7.318537477638041057e-03,2.500546737331573593e-03,1.319164617518375424e-02,7.477128824983752739e-03,3.409248470676520468e-03,5.961688185515481592e-04,-7.738269603146420705e-04,1.087854407734725332e-01,9.730470547541356097e-02,1.339186853848267078e-01,2.261742567789399028e-01,1.862867799784253264e-01,-1.095197463634597496e-01,-9.462659431553979705e-02,-1.182461945306166329e-01,-2.256307965212497046e-01,-1.878145364458053412e-01
cx,-8.810000000000000123e-03,-5.799999999999999600e-03,1.423800000000000066e-01,1.796099999999999919e-01,2.306199999999999917e-01,2.339600000000000013e-01,2.859000000000000083e-02,1.999000000000000082e-02,1.085999999999999986e-02,2.480000000000000000e-03,9.100000000000000016e-04,3.099999999999999999e-04,4.000000000000000327e-05,-2.300000000000000070e-04,-3.299999999999999982e-04,-8.890000000000000333e-03,-5.910000000000000323e-03,1.412599999999999967e-01,1.781300000000000106e-01,2.287500000000000089e-01,2.315699999999999981e-01,2.791000000000000078e-02,2.001999999999999960e-02,1.085000000000000027e-02,2.459999999999999947e-03,8.899999999999999491e-04,2.900000000000000017e-04,2.000000000000000164e-05,-2.400000000000000061e-04,-3.299999999999999982e-04,3.040000000000000167e-03,4.680000000000000132e-03,-9.400000000000000369e-03,-5.226000000000000090e-02,-4.290000000000000063e-02,3.210000000000000180e-03,5.139999999999999604e-03,-1.115999999999999978e-02,-5.018999999999999850e-02,-4.232999999999999957e-02
cx*c/cref,-1.280653496840849885e-02,-7.844576848086082937e-03,1.781765274809211652e-01,2.066100466334782615e-01,2.419807186312806224e-01,2.282065832936904237e-01,2.655272137501759125e-02,1.763300583253489193e-02,9.072981393510173159e-03,1.956263693559086216e-03,6.669110010787342819e-04,2.069562442629431531e-04,2.409362876803194858e-05,-1.235304759160865467e-04,-1.557090834779462584e-04,-1.292282586482991491e-02,-7.993353305549786778e-03,1.767749422106680846e-01,2.049075642047853141e-01,2.400185993708500720e-01,2.258753568700627989e-01,2.592117711006439174e-02,1.765946857265375189e-02,9.064626898672687588e-03,1.940487373449738435e-03,6.522536164396411850e-04,1.936042285040435931e-04,1.204681438401597429e-05,-1.289013661733076903e-04,-1.557090834779462584e-04,2.349777887959048680e-03,3.396628788132583562e-03,-6.380312430904059792e-03,-3.302468961266072367e-02,-2.511139940636118381e-02,2.481179940904127204e-03,3.730485463889204791e-03,-7.574924120094607242e-03,-3.171659341101112917e-02,-2.477775144222071901e-02
cy,-1.401999999999999948e-02,-2.690000000000000117e-03,5.294999999999999707e-02,2.255000000000000060e-02,1.000000000000000021e-02,-7.889999999999999791e-02,-3.781999999999999945e-02,-1.577999999999999889e-02,-8.810000000000000123e-03,-3.210000000000000180e-03,-1.822999999999999968e-02,-1.140000000000000041e-02,-5.839999999999999705e-03,-1.240000000000000000e-03,1.539999999999999919e-03,1.404999999999999999e-02,2.830000000000000050e-03,-5.240999999999999825e-02,-2.207999999999999893e-02,-9.530000000000000276e-03,7.846000000000000196e-02,3.740000000000000269e-02,1.567999999999999949e-02,8.760000000000000425e-03,3.170000000000000075e-03,1.799999999999999864e-02,1.119999999999999989e-02,5.660000000000000100e-03,1.110000000000000092e-03,-1.639999999999999965e-03,1.407400000000000040e-01,1.340699999999999947e-01,1.973000000000000032e-01,3.579100000000000059e-01,3.182499999999999774e-01,-1.416900000000000104e-01,-1.303799999999999959e-01,-1.742100000000000037e-01,-3.570499999999999785e-01,-3.208599999999999786e-01
cy*c/cref,-2.037997959785325247e-02,-3.638260641612339145e-03,6.626244648205348309e-02,2.593985051826143071e-02,1.049261636593880158e-02,-7.695973423607528618e-02,-3.512500603019116235e-02,-1.391940130252128892e-02,-7.360309951825472381e-03,-2.532099377550268721e-03,-1.336020609853332507e-02,-7.610648982572748231e-03,-3.517669800132664296e-03,-6.659903918954229989e-04,7.266423895637492058e-04,2.042358868401128458e-02,3.827612496566141272e-03,-6.558668215532433010e-02,-2.539919731455487009e-02,-9.999463396739677670e-03,7.653055447607690076e-02,3.473493457242594895e-02,1.383119216879175051e-02,7.318537477638041057e-03,2.500546737331573593e-03,1.319164617518375424e-02,7.477128824983752739e-03,3.409248470676520468e-03,5.961688185515481592e-04,-7.738269603146420705e-04,1.087854407734725332e-01,9.730470547541356097e-02,1.339186853848267078e-01,2.261742567789399028e-01,1.862867799784253264e-01,-1.095197463634597496e-01,-9.462659431553979705e-02,-1.182461945306166329e-01,-2.256307965212497046e-01,-1.878145364458053412e-01
cz,5.331000000000000183e-01,6.959899999999999975e-01,1.028469999999999995e+00,1.228390000000000093e+00,1.400320000000000009e+00,1.449049999999999949e+00,7.931399999999999562e-01,5.126199999999999646e-01,2.891199999999999881e-01,8.579000000000000514e-02,4.411000000000000337e-02,2.765000000000000097e-02,1.413999999999999979e-02,2.490000000000000026e-03,-4.490000000000000067e-03,5.295100000000000362e-01,6.917699999999999960e-01,1.023220000000000018e+00,1.222199999999999953e+00,1.393199999999999994e+00,1.440420000000000034e+00,7.849699999999999456e-01,5.101499999999999924e-01,2.878899999999999793e-01,8.505999999999999672e-02,4.354999999999999843e-02,2.715000000000000052e-02,1.370000000000000037e-02,2.160000000000000028e-03,-4.740000000000000289e-03,-1.387299999999999922e-01,-1.264800000000000091e-01,-2.058500000000000052e-01,-3.400599999999999734e-01,-2.819800000000000084e-01,-1.397899999999999976e-01,-1.244500000000000051e-01,-1.877800000000000025e-01,-3.450199999999999934e-01,-2.853399999999999825e-01
cz*c/cref,7.749334610282145874e-01,9.413356966378334523e-01,1.287043216872474805e+00,1.413048912555528114e+00,1.469302054955142101e+00,1.413415752785613266e+00,7.366220857426181157e-01,4.521776613243639331e-01,2.415451547414052824e-01,6.767252510904596396e-02,3.232686182151974646e-02,1.845916178667864060e-02,8.517097769499293661e-03,1.337351674048067223e-03,-2.118587226715087143e-03,7.697149070513036317e-01,9.356280907242259248e-01,1.280473285918163784e+00,1.405928394830116002e+00,1.461831312102593650e+00,1.404997977038372259e+00,7.290342671475186220e-01,4.499988957212443519e-01,2.405175518763944531e-01,6.709668942505478406e-02,3.191645505162513802e-02,1.812536139270615188e-02,8.252067853050942467e-03,1.160112295559769186e-03,-2.236548653592319250e-03,-1.072318047357101317e-01,-9.179607032542931588e-02,-1.397220546703830668e-01,-2.148942967792078773e-01,-1.650562332075926897e-01,-1.080511351834853306e-01,-9.032274629980770186e-02,-1.274569221569323840e-01,-2.180286722189093418e-01,-1.670230001541048725e-01
Results_Name,VSPAERO_Comp_Load
Results_Timestamp,1758045781
Results_Date,9,16,2025
Results_Time,14,3,1
AoA,-3.000000000000000000e+00,-3.000000000000000000e+00,-3.000000000000000000e+00,-3.000000000000000000e+00,-3.000000000000000000e+00,-3.000000000000000000e+00,-3.000000000000000000e+00,-3.000000000000000000e+00,-3.000000000000000000e+00
Beta,0.000000000000000000e+00,0.000000000000000000e+00,0.000000000000000000e+00,0.000000000000000000e+00,0.000000000000000000e+00,0.000000000000000000e+00,0.000000000000000000e+00,0.000000000000000000e+00,0.000000000000000000e+00
CDi,0.000000000000000000e+00,1.750000000000000167e-02,1.726000000000000104e-02,-4.800000000000000122e-04,-4.699999999999999859e-04,0.000000000000000000e+00,0.000000000000000000e+00,0.000000000000000000e+00,0.000000000000000000e+00
CFx,0.000000000000000000e+00,3.683000000000000163e-02,3.647000000000000242e-02,-1.330000000000000019e-03,-1.309999999999999967e-03,0.000000000000000000e+00,0.000000000000000000e+00,0.000000000000000000e+00,0.000000000000000000e+00
CFy,0.000000000000000000e+00,-8.179999999999999771e-03,8.149999999999999259e-03,1.693000000000000060e-02,-1.655999999999999833e-02,0.000000000000000000e+00,0.000000000000000000e+00,0.000000000000000000e+00,0.000000000000000000e+00
CFz,0.000000000000000000e+00,3.684700000000000197e-01,3.661699999999999955e-01,-1.617000000000000035e-02,-1.599000000000000074e-02,0.000000000000000000e+00,0.000000000000000000e+00,0.000000000000000000e+00,0.000000000000000000e+00
CL,0.000000000000000000e+00,3.698899999999999966e-01,3.675700000000000078e-01,-1.620999999999999872e-02,-1.603999999999999870e-02,0.000000000000000000e+00,0.000000000000000000e+00,0.000000000000000000e+00,0.000000000000000000e+00
Cmx,0.000000000000000000e+00,5.845000000000000195e-02,-5.806999999999999662e-02,-8.700000000000000051e-04,8.599999999999999789e-04,-4.000000000000000327e-05,4.000000000000000327e-05,0.000000000000000000e+00,0.000000000000000000e+00
Cmy,0.000000000000000000e+00,-1.817499999999999949e-01,-1.807100000000000095e-01,5.328999999999999709e-02,5.269000000000000072e-02,-1.144000000000000052e-02,-1.150999999999999940e-02,-0.000000000000000000e+00,0.000000000000000000e+00
Cmz,0.000000000000000000e+00,-5.470000000000000036e-03,5.429999999999999931e-03,4.799999999999999580e-03,-4.689999999999999725e-03,-5.000000000000000240e-05,5.000000000000000240e-05,1.000000000000000082e-05,2.000000000000000164e-05
Comp_ID,0,1,2,3,4,5,6,7,8
Comp_Name,NONE,main_wing,main_wing,horizontal_tail,horizontal_tail,fuselage,fuselage,fuselage,fuselage
Cs,0.000000000000000000e+00,-8.179999999999999771e-03,8.149999999999999259e-03,1.693000000000000060e-02,-1.655999999999999833e-02,0.000000000000000000e+00,0.000000000000000000e+00,0.000000000000000000e+00,0.000000000000000000e+00
Mach,1.499999999999999944e-01,1.499999999999999944e-01,1.499999999999999944e-01,1.499999999999999944e-01,1.499999999999999944e-01,1.499999999999999944e-01,1.499999999999999944e-01,1.499999999999999944e-01,1.499999999999999944e-01
Results_Name,VSPAERO_Load
Results_Timestamp,1758045781
Results_Date,9,16,2025
Results_Time,14,3,1
AnalysisMethod,0
Chord,1.735630000000000006e+00,1.614889999999999937e+00,1.494180000000000064e+00,1.373480000000000034e+00,1.252809999999999979e+00,1.164630000000000054e+00,1.108910000000000062e+00,1.053209999999999980e+00,9.975199999999999623e-01,9.418400000000000105e-01,8.750400000000000400e-01,7.971099999999999852e-01,7.191899999999999959e-01,6.412799999999999612e-01,5.633799999999999919e-01,1.735630000000000006e+00,1.614889999999999937e+00,1.494180000000000064e+00,1.373480000000000034e+00,1.252809999999999979e+00,1.164630000000000054e+00,1.108910000000000062e+00,1.053209999999999980e+00,9.975199999999999623e-01,9.418400000000000105e-01,8.750400000000000400e-01,7.971099999999999852e-01,7.191899999999999959e-01,6.412799999999999612e-01,5.633799999999999919e-01,9.229000000000000536e-01,8.665699999999999514e-01,8.104299999999999837e-01,7.545199999999999685e-01,6.988999999999999657e-01,9.229000000000000536e-01,8.665699999999999514e-01,8.104299999999999837e-01,7.545199999999999685e-01,6.988999999999999657e-01
FC_AoA_,-2.000000000000000000e+00
FC_Beta_,0.000000000000000000e+00
FC_Bref_,1.417173599999999922e+01
FC_Cref_,1.193991999999999942e+00
FC_Mach_,1.499999999999999944e-01
FC_Pitch_Rate,0.000000000000000000e+00
FC_Rho_,2.377000000000000206e-03
FC_Roll__Rate,0.000000000000000000e+00
FC_Sref_,1.619368700000000061e+01
FC_Vinf_,5.100000000000000000e+01
FC_Xcg_,1.774861999999999940e+00
FC_Yaw___Rate,0.000000000000000000e+00
FC_Ycg_,0.000000000000000000e+00
FC_Zcg_,7.545150000000000468e-01
S,3.314000000000000279e-02,8.981999999999999706e-02,1.368900000000000117e-01,1.839600000000000124e-01,2.310300000000000131e-01,2.997400000000000064e-01,4.117600000000000149e-01,5.454599999999999449e-01,6.791700000000000514e-01,8.128699999999999815e-01,9.157600000000000184e-01,9.578200000000000047e-01,9.698700000000000099e-01,9.819200000000000150e-01,9.939700000000000202e-01,3.314000000000000279e-02,8.981999999999999706e-02,1.368900000000000117e-01,1.839600000000000124e-01,2.310300000000000131e-01,2.997400000000000064e-01,4.117600000000000149e-01,5.454599999999999449e-01,6.791700000000000514e-01,8.128699999999999815e-01,9.157600000000000184e-01,9.578200000000000047e-01,9.698700000000000099e-01,9.819200000000000150e-01,9.939700000000000202e-01,1.020299999999999957e-01,3.035599999999999965e-01,5.025399999999999867e-01,7.015200000000000324e-01,9.005100000000000326e-01,1.020299999999999957e-01,3.035599999999999965e-01,5.025399999999999867e-01,7.015200000000000324e-01,9.005100000000000326e-01
V/Vref,1.007770000000000055e+00,1.006610000000000005e+00,1.001870000000000038e+00,9.913699999999999735e-01,9.792999999999999483e-01,9.754099999999999993e-01,9.902499999999999636e-01,9.943899999999999961e-01,9.982499999999999707e-01,1.000699999999999923e+00,1.005190000000000028e+00,1.004289999999999905e+00,1.004250000000000087e+00,1.003689999999999971e+00,1.003649999999999931e+00,1.008969999999999922e+00,1.007330000000000059e+00,1.002269999999999994e+00,9.917500000000000204e-01,9.794899999999999718e-01,9.758499999999999952e-01,9.902199999999999891e-01,9.941100000000000492e-01,9.981299999999999617e-01,1.000590000000000090e+00,1.005069999999999908e+00,1.004210000000000047e+00,1.004170000000000007e+00,1.003619999999999957e+00,1.003579999999999917e+00,9.902300000000000546e-01,9.984399999999999942e-01,1.001670000000000060e+00,9.903100000000000236e-01,9.942199999999999926e-01,9.932800000000000518e-01,9.966000000000000414e-01,9.918500000000000094e-01,9.940400000000000347e-01,9.976899999999999658e-01
WingId,1,1,1,1,1,1,1,1,1,1,1,1,1,1,1,2,2,2,2,2,2,2,2,2,2,2,2,2,2,2,3,3,3,3,3,4,4,4,4,4
Xavg,2.391020000000000145e+00,2.380209999999999937e+00,2.369699999999999918e+00,2.359579999999999789e+00,2.349930000000000074e+00,2.337899999999999867e+00,2.323770000000000113e+00,2.309619999999999784e+00,2.295469999999999899e+00,2.281299999999999883e+00,2.284749999999999837e+00,2.305000000000000160e+00,2.325239999999999974e+00,2.345470000000000166e+00,2.365699999999999914e+00,2.391020000000000145e+00,2.380209999999999937e+00,2.369699999999999918e+00,2.359579999999999789e+00,2.349930000000000074e+00,2.337899999999999867e+00,2.323770000000000113e+00,2.309619999999999784e+00,2.295469999999999899e+00,2.281299999999999883e+00,2.284749999999999837e+00,2.305000000000000160e+00,2.325239999999999974e+00,2.345470000000000166e+00,2.365699999999999914e+00,5.722059999999999924e+00,5.820210000000000328e+00,5.918350000000000222e+00,6.016490000000000116e+00,6.114630000000000010e+00,5.722059999999999924e+00,5.820210000000000328e+00,5.918350000000000222e+00,6.016490000000000116e+00,6.114630000000000010e+00
Yavg,1.719199999999999895e-01,5.196100000000000163e-01,8.672999999999999599e-01,1.214979999999999949e+00,1.562650000000000095e+00,2.228590000000000071e+00,3.216559999999999864e+00,4.204550000000000232e+00,5.192569999999999908e+00,6.180620000000000225e+00,6.716649999999999565e+00,6.791660000000000252e+00,6.866660000000000430e+00,6.941650000000000098e+00,7.016610000000000014e+00,-1.719199999999999895e-01,-5.196100000000000163e-01,-8.672999999999999599e-01,-1.214979999999999949e+00,-1.562650000000000095e+00,-2.228590000000000071e+00,-3.216559999999999864e+00,-4.204550000000000232e+00,-5.192569999999999908e+00,-6.180620000000000225e+00,-6.716649999999999565e+00,-6.791660000000000252e+00,-6.866660000000000430e+00,-6.941650000000000098e+00,-7.016610000000000014e+00,1.078800000000000037e-01,3.257399999999999740e-01,5.435900000000000176e-01,7.614400000000000057e-01,9.792699999999999738e-01,-1.078800000000000037e-01,-3.257399999999999740e-01,-5.435900000000000176e-01,-7.614400000000000057e-01,-9.792699999999999738e-01
Zavg,1.033530000000000060e+00,1.043199999999999905e+00,1.052899999999999947e+00,1.062580000000000080e+00,1.072189999999999976e+00,1.094910000000000050e+00,1.130849999999999911e+00,1.166740000000000110e+00,1.202599999999999891e+00,1.238469999999999960e+00,1.270329999999999959e+00,1.298289999999999944e+00,1.326240000000000085e+00,1.354190000000000005e+00,1.382130000000000081e+00,1.033530000000000060e+00,1.043199999999999905e+00,1.052899999999999947e+00,1.062580000000000080e+00,1.072189999999999976e+00,1.094910000000000050e+00,1.130849999999999911e+00,1.166740000000000110e+00,1.202599999999999891e+00,1.238469999999999960e+00,1.270329999999999959e+00,1.298289999999999944e+00,1.326240000000000085e+00,1.354190000000000005e+00,1.382130000000000081e+00,3.777900000000000147e-01,5.956799999999999873e-01,8.135799999999999699e-01,1.031470000000000109e+00,1.249349999999999961e+00,3.777900000000000147e-01,5.956799999999999873e-01,8.135799999999999699e-01,1.031470000000000109e+00,1.249349999999999961e+00
cd,-3.574000000000000093e-02,-4.055999999999999883e-02,9.654999999999999694e-02,1.235399999999999970e-01,1.660399999999999932e-01,1.666700000000000126e-01,-1.191000000000000045e-02,-6.499999999999999702e-03,-4.429999999999999910e-03,-2.899999999999999800e-03,-1.610000000000000103e-03,-2.119999999999999923e-03,-2.119999999999999923e-03,-1.889999999999999970e-03,-1.360000000000000098e-03,-3.568999999999999950e-02,-4.039999999999999841e-02,9.427000000000000657e-02,1.205299999999999983e-01,1.621499999999999886e-01,1.613199999999999912e-01,-1.352000000000000077e-02,-5.910000000000000323e-03,-4.210000000000000200e-03,-2.840000000000000076e-03,-1.590000000000000050e-03,-2.069999999999999792e-03,-2.060000000000000199e-03,-1.840000000000000056e-03,-1.319999999999999993e-03,4.649999999999999620e-03,4.780000000000000394e-03,1.940000000000000101e-03,-3.216000000000000109e-02,-2.708999999999999950e-02,5.449999999999999983e-03,5.769999999999999955e-03,-1.779999999999999898e-03,-2.458000000000000115e-02,-2.607999999999999902e-02
cd*c/cref,-5.195295797626785228e-02,-5.485793740661578516e-02,1.208241587883335938e-01,1.421112697572513017e-01,1.742194021400478299e-01,1.625713422702999844e-01,-1.106131205234205973e-02,-5.733593692420049619e-03,-3.701041213006452286e-03,-2.287566415855382673e-03,-1.179919463446991480e-03,-1.415313670443353036e-03,-1.276962324705693081e-03,-1.015098258614798065e-03,-6.417101622121422445e-04,-5.188027616600446312e-02,-5.464153528666858273e-02,1.179709316310327133e-01,1.386487886015986548e-01,1.701377743736976478e-01,1.573529065521377113e-01,-1.255658597377536968e-02,-5.213159803415768137e-03,-3.517242326581752811e-03,-2.240237455527340632e-03,-1.165262078807898383e-03,-1.381933631046104163e-03,-1.240821881553645428e-03,-9.882438073286923738e-04,-6.228363339117850336e-04,3.594232624674202278e-03,3.469206326340545151e-03,1.316787884675944299e-03,-2.032288591548352119e-02,-1.585705850625464958e-02,4.212595226768689298e-03,4.187723954599360462e-03,-1.208186822022257970e-03,-1.553285248142366112e-02,-1.526585772768996804e-02
cl,6.054300000000000237e-01,7.724999999999999645e-01,1.115730000000000111e+00,1.321199999999999930e+00,1.499679999999999902e+00,1.551670000000000105e+00,8.925999999999999490e-01,6.117700000000000360e-01,3.840399999999999925e-01,1.695200000000000040e-01,1.134300000000000030e-01,9.396999999999999797e-02,7.704999999999999349e-02,5.976999999999999674e-02,3.948000000000000120e-02,5.938400000000000345e-01,7.601099999999999524e-01,1.100279999999999925e+00,1.303630000000000067e+00,1.479149999999999965e+00,1.526140000000000052e+00,8.617099999999999760e-01,6.038099999999999579e-01,3.803099999999999814e-01,1.674599999999999977e-01,1.118299999999999988e-01,9.249999999999999889e-02,7.570999999999999952e-02,5.859999999999999931e-02,3.860999999999999849e-02,-7.431000000000000105e-02,-6.081000000000000294e-02,-1.431900000000000117e-01,-2.983100000000000196e-01,-2.411999999999999977e-01,-8.433999999999999830e-02,-5.949000000000000121e-02,-9.177000000000000435e-02,-3.532500000000000084e-01,-2.707999999999999852e-01
cl*c/cref,8.800749677552278660e-01,1.044816485370086090e+00,1.396241726410227368e+00,1.519810665398092953e+00,1.573556691167109944e+00,1.513512177719783969e+00,8.289947219076845286e-01,5.396370174172021583e-01,3.208460197388257051e-01,1.337200892468291546e-01,8.312935698061629797e-02,6.273444604318957618e-02,4.641035241442153375e-02,3.210181106741083479e-02,1.862846853245248013e-02,8.632273241361752003e-01,1.028058846206674648e+00,1.376907358173254048e+00,1.499599438187190659e+00,1.552015349767837726e+00,1.488609997554422693e+00,8.003058949306193215e-01,5.326155703723307600e-01,3.177297931644432749e-01,1.320951282755663536e-01,8.195676620948884328e-02,6.175307288491045654e-02,4.560321585069247036e-02,3.147341690731596253e-02,1.821796276691971250e-02,-5.743815620205161565e-02,-4.413440098426120450e-02,-9.719116350863322984e-02,-1.885111970599468167e-01,-1.411857700889118383e-01,-6.519087732581123340e-02,-4.317637747991611569e-02,-6.228949699830484826e-02,-2.232294604988978026e-01,-1.585120503319955299e-01
cmx,6.318999999999999617e-02,2.506499999999999839e-01,6.367599999999999927e-01,1.162579999999999947e+00,1.864020000000000010e+00,2.985269999999999868e+00,2.609420000000000073e+00,2.452589999999999826e+00,2.006510000000000016e+00,1.116649999999999920e+00,8.973100000000000520e-01,8.257600000000000495e-01,7.591599999999999460e-01,6.682000000000000162e-01,5.081200000000000161e-01,-6.205999999999999711e-02,-2.467300000000000049e-01,-6.281299999999999661e-01,-1.147350000000000092e+00,-1.838840000000000030e+00,-2.936479999999999979e+00,-2.519239999999999924e+00,-2.420549999999999979e+00,-1.986969999999999903e+00,-1.103019999999999889e+00,-8.846699999999999564e-01,-8.128699999999999815e-01,-7.459000000000000075e-01,-6.551299999999999901e-01,-4.970100000000000073e-01,2.350000000000000006e-02,-1.063000000000000056e-02,-1.028799999999999992e-01,-4.020599999999999730e-01,-5.271299999999999875e-01,-2.650999999999999884e-02,1.055999999999999994e-02,6.406000000000000583e-02,4.698100000000000054e-01,5.888900000000000245e-01
cmx*c/cref,9.185527181086640403e-02,3.390074460297891057e-01,7.968512827556634148e-01,1.337345960776956666e+00,1.955844675843724234e+00,2.911857868478180844e+00,2.423476817432612673e+00,2.163408392937305802e+00,1.676337743636473254e+00,8.808313925051424187e-01,6.576108905252296966e-01,5.512780266534449414e-01,4.572729803884783006e-01,3.588828869875174687e-01,2.397542408994365326e-01,-9.021266289891388679e-02,-3.337055940910826912e-01,-7.860515676821955289e-01,-1.319826496324933540e+00,-1.929424267834290330e+00,-2.864267685545631714e+00,-2.339722903001025145e+00,-2.135146186490361586e+00,-1.660013060724024880e+00,-8.700798303506220854e-01,-6.483474234333228559e-01,-5.426726524968341625e-01,-4.492859424518757527e-01,-3.518631334213294104e-01,-2.345120350890123329e-01,1.816440143652554157e-02,-7.714992311506275145e-03,-6.983048328632017465e-02,-2.540739897754758503e-01,-3.085541251532673557e-01,-2.049099072690604637e-02,7.664188034760701859e-03,4.348115045996958639e-02,2.968872833318816351e-01,3.447051747415393330e-01
cmy,-1.769399999999999862e-01,-2.711000000000000076e-01,-4.087899999999999867e-01,-5.234699999999999909e-01,-6.410799999999999832e-01,-7.177499999999999991e-01,-4.717799999999999772e-01,-3.424499999999999766e-01,-2.178700000000000081e-01,-8.257000000000000450e-02,-5.303999999999999687e-02,-4.970000000000000112e-02,-4.707000000000000073e-02,-4.325999999999999984e-02,-3.468999999999999861e-02,-1.730500000000000094e-01,-2.670399999999999996e-01,-4.030000000000000249e-01,-5.165800000000000392e-01,-6.326300000000000257e-01,-7.062199999999999589e-01,-4.538699999999999957e-01,-3.395699999999999830e-01,-2.167199999999999960e-01,-8.214000000000000468e-02,-5.267000000000000154e-02,-4.920999999999999680e-02,-4.646000000000000130e-02,-4.259999999999999898e-02,-3.409000000000000224e-02,2.966099999999999848e-01,2.849999999999999756e-01,7.380100000000000549e-01,1.574840000000000018e+00,1.390930000000000000e+00,3.348200000000000065e-01,2.703200000000000047e-01,4.758700000000000152e-01,1.884190000000000031e+00,1.567120000000000068e+00
cmy*c/cref,-2.572063901600680769e-01,-3.666663419855409334e-01,-5.115661094881708282e-01,-6.021611330729184086e-01,-6.726606499876045531e-01,-7.000994834973769398e-01,-4.381616960582650488e-01,-3.020721784568070611e-01,-1.820193790243150866e-01,-6.513253757144102374e-02,-3.887138406287479753e-02,-3.317975916086540050e-02,-2.835217765278159538e-02,-2.323447125273871150e-02,-1.636832759348471472e-02,-2.515517453215767030e-01,-3.611751381918806847e-01,-5.043204142071303631e-01,-5.942353871717733771e-01,-6.637943891583863998e-01,-6.888530229683280659e-01,-4.215279346092771218e-01,-2.995317554053963383e-01,-1.810586121180041419e-01,-6.479334668909005057e-02,-3.860022244705157979e-02,-3.285263477477236294e-02,-2.798474981406910700e-02,-2.287999249576211369e-02,-1.608522016897935905e-02,2.292656642590570337e-01,2.068459838926893779e-01,5.009291890565431560e-01,9.951894793264945971e-01,8.141771276524466527e-01,2.588002080415949813e-01,1.961916012837607026e-01,3.229999230313100878e-01,1.190677189461905927e+00,9.173094694101804336e-01
cmz,-4.470000000000000015e-03,6.709999999999999819e-03,-3.731000000000000288e-02,-1.252000000000000057e-01,-2.557699999999999974e-01,-4.680300000000000016e-01,-7.969999999999999307e-02,-7.023999999999999688e-02,-5.394999999999999796e-02,-2.355000000000000149e-02,-4.096000000000000335e-02,-3.040999999999999953e-02,-2.395999999999999866e-02,-1.864999999999999991e-02,-1.324999999999999963e-02,4.599999999999999922e-03,-6.349999999999999742e-03,3.683000000000000163e-02,1.229699999999999960e-01,2.510499999999999954e-01,4.552499999999999880e-01,7.069000000000000283e-02,7.141000000000000125e-02,5.435999999999999860e-02,2.347000000000000128e-02,4.055000000000000271e-02,3.020000000000000115e-02,2.384000000000000008e-02,1.854000000000000092e-02,1.315999999999999982e-02,3.052099999999999813e-01,3.014299999999999757e-01,4.899499999999999966e-01,1.523819999999999952e+00,1.645049999999999901e+00,-3.411699999999999733e-01,-2.644299999999999984e-01,-1.304500000000000104e-01,-1.715149999999999952e+00,-1.815110000000000001e+00
cmz*c/cref,-6.497753837546650299e-03,9.075363905285797200e-03,-4.669030931530530198e-02,-1.440208108597042513e-01,-2.683696487916166773e-01,-4.565204615273804611e-01,-7.402070281877935753e-02,-6.195809553162835021e-02,-4.507249964823884653e-02,-1.857661692875664516e-02,-3.001832374086258956e-02,-2.030173996140677631e-02,-1.443208363205113545e-02,-1.001671032971745111e-02,-6.251955624493296497e-03,6.686726544231452046e-03,-8.588459135404591729e-03,4.608962991376826940e-02,1.414555839570114382e-01,2.634171338668935825e-01,4.440547403165180373e-01,6.565274130814947873e-02,6.299014239626396505e-02,4.541503393657578963e-02,1.851351164831925578e-02,2.971784735576118303e-02,2.016154379593833312e-02,1.435980274574704015e-02,9.957630536888018719e-03,6.209489510817493667e-03,2.359130622315727677e-01,2.187704734202574053e-01,3.325568165448344882e-01,9.629483835737592257e-01,9.629255849285421887e-01,-2.637084611957199454e-01,-1.919167842833117699e-01,-8.854380389483347547e-02,-1.083855652299177796e+00,-1.062469747703502332e+00
cs,-1.473000000000000004e-02,-3.779999999999999940e-03,5.226999999999999702e-02,2.071999999999999884e-02,8.290000000000000493e-03,-8.376999999999999724e-02,-4.159000000000000197e-02,-1.973000000000000101e-02,-1.265999999999999938e-02,-7.210000000000000263e-03,-4.512000000000000038e-02,-3.640000000000000180e-02,-2.902000000000000066e-02,-2.217999999999999833e-02,-1.447999999999999982e-02,1.497000000000000067e-02,4.340000000000000108e-03,-5.079000000000000181e-02,-1.955000000000000140e-02,-7.029999999999999791e-03,8.237999999999999490e-02,3.998999999999999777e-02,1.943999999999999895e-02,1.250000000000000069e-02,7.089999999999999948e-03,4.449000000000000177e-02,3.584999999999999992e-02,2.853999999999999940e-02,2.177000000000000116e-02,1.417999999999999990e-02,7.649999999999999856e-02,6.446000000000000341e-02,9.539999999999999869e-02,2.800300000000000011e-01,2.710899999999999976e-01,-8.602999999999999536e-02,-5.859999999999999931e-02,-2.509000000000000119e-02,-3.159000000000000141e-01,-2.998700000000000254e-01
cs*c/cref,-2.141206130359332369e-02,-5.112500083752654842e-03,6.541148399654268808e-02,2.383475400170185360e-02,8.698378967363265546e-03,-8.170997385242112498e-02,-3.862636173441698351e-02,-1.740366208483808824e-02,-1.057679046425771645e-02,-5.687363399419762856e-03,-3.306705974579394330e-02,-2.430066868119719684e-02,-1.747992767120717938e-02,-1.191263459051651770e-02,-6.832325844729278050e-03,2.176093399285757360e-02,5.869907503567863352e-03,-6.355938917513685726e-02,-2.248887262226212727e-02,-7.376309305254976842e-03,8.035415597424437617e-02,3.714037522864475221e-02,1.714785559702242460e-02,1.044311854685793517e-02,5.592705478763677039e-03,3.260535212966251400e-02,2.393348824782745923e-02,1.719080412599079469e-02,1.169242808997045246e-02,6.690772132476600215e-03,5.913092382528526564e-02,4.678348112885178517e-02,6.475338360726035081e-02,1.769595069313697200e-01,1.586818010505933185e-01,-6.649716832273583345e-02,-4.253043738986525546e-02,-1.703000413738115643e-02,-1.996268551213073450e-01,-1.755280965031591756e-01
cx,-1.459000000000000054e-02,-1.357000000000000046e-02,1.354299999999999948e-01,1.695699999999999985e-01,2.182800000000000018e-01,2.207199999999999995e-01,1.924000000000000016e-02,1.485999999999999995e-02,8.980000000000000135e-03,3.020000000000000115e-03,2.350000000000000092e-03,1.160000000000000007e-03,5.699999999999999772e-04,1.900000000000000105e-04,2.000000000000000164e-05,-1.494999999999999975e-02,-1.384999999999999946e-02,1.326100000000000056e-01,1.659599999999999964e-01,2.136699999999999988e-01,2.144800000000000040e-01,1.655999999999999833e-02,1.516999999999999946e-02,9.060000000000000345e-03,3.010000000000000089e-03,2.320000000000000014e-03,1.160000000000000007e-03,5.800000000000000034e-04,2.100000000000000087e-04,3.000000000000000076e-05,2.050000000000000173e-03,2.650000000000000012e-03,-3.050000000000000194e-03,-4.256000000000000061e-02,-3.549000000000000071e-02,2.510000000000000078e-03,3.690000000000000138e-03,-4.980000000000000052e-03,-3.688999999999999918e-02,-3.550999999999999990e-02
cx*c/cref,-2.120855223485584515e-02,-1.835360479802209885e-02,1.694791903128329280e-01,1.950607739415339548e-01,2.290328300357121483e-01,2.152921741519206178e-01,1.786898773191110401e-02,1.310787727220952791e-02,7.502336364062740966e-03,2.382224336511467623e-03,1.722242695093434764e-03,7.744169140161743722e-04,3.433342099444552562e-04,1.020469148872019317e-04,9.436914150178561423e-06,-2.173186126875222002e-02,-1.873230850792970137e-02,1.659501988288028806e-01,1.909080972066814486e-01,2.241957338910143538e-01,2.092056248283070685e-01,1.537996033474261191e-02,1.338132558677109993e-02,7.569172322762631605e-03,2.374336176456793950e-03,1.700256618134795119e-03,7.744169140161743722e-04,3.493576171364632527e-04,1.127886954016442324e-04,1.415537122526784213e-05,1.584554167867121633e-03,1.923304762510971494e-03,-2.070207756835891824e-03,-2.689496345034137620e-02,-2.077397587253516226e-02,1.940112664071451387e-03,2.678111159873767817e-03,-3.380208075095980647e-03,-2.331191733277944780e-02,-2.078568281864535267e-02
cy,-1.473000000000000004e-02,-3.779999999999999940e-03,5.226999999999999702e-02,2.071999999999999884e-02,8.290000000000000493e-03,-8.376999999999999724e-02,-4.159000000000000197e-02,-1.973000000000000101e-02,-1.265999999999999938e-02,-7.210000000000000263e-03,-4.512000000000000038e-02,-3.640000000000000180e-02,-2.902000000000000066e-02,-2.217999999999999833e-02,-1.447999999999999982e-02,1.497000000000000067e-02,4.340000000000000108e-03,-5.079000000000000181e-02,-1.955000000000000140e-02,-7.029999999999999791e-03,8.237999999999999490e-02,3.998999999999999777e-02,1.943999999999999895e-02,1.250000000000000069e-02,7.089999999999999948e-03,4.449000000000000177e-02,3.584999999999999992e-02,2.853999999999999940e-02,2.177000000000000116e-02,1.417999999999999990e-02,7.649999999999999856e-02,6.446000000000000341e-02,9.539999999999999869e-02,2.800300000000000011e-01,2.710899999999999976e-01,-8.602999999999999536e-02,-5.859999999999999931e-02,-2.509000000000000119e-02,-3.159000000000000141e-01,-2.998700000000000254e-01
cy*c/cref,-2.141206130359332369e-02,-5.112500083752654842e-03,6.541148399654268808e-02,2.383475400170185360e-02,8.698378967363265546e-03,-8.170997385242112498e-02,-3.862636173441698351e-02,-1.740366208483808824e-02,-1.057679046425771645e-02,-5.687363399419762856e-03,-3.306705974579394330e-02,-2.430066868119719684e-02,-1.747992767120717938e-02,-1.191263459051651770e-02,-6.832325844729278050e-03,2.176093399285757360e-02,5.869907503567863352e-03,-6.355938917513685726e-02,-2.248887262226212727e-02,-7.376309305254976842e-03,8.035415597424437617e-02,3.714037522864475221e-02,1.714785559702242460e-02,1.044311854685793517e-02,5.592705478763677039e-03,3.260535212966251400e-02,2.393348824782745923e-02,1.719080412599079469e-02,1.169242808997045246e-02,6.690772132476600215e-03,5.913092382528526564e-02,4.678348112885178517e-02,6.475338360726035081e-02,1.769595069313697200e-01,1.586818010505933185e-01,-6.649716832273583345e-02,-4.253043738986525546e-02,-1.703000413738115643e-02,-1.996268551213073450e-01,-1.755280965031591756e-01
cz,6.063100000000000156e-01,7.734499999999999709e-01,1.111680000000000001e+00,1.316079999999999917e+00,1.492969999999999908e+00,1.544910000000000005e+00,8.924699999999999855e-01,6.116300000000000070e-01,3.839600000000000235e-01,1.695200000000000040e-01,1.134200000000000069e-01,9.399000000000000410e-02,7.707999999999999574e-02,5.979999999999999899e-02,3.950000000000000039e-02,5.947200000000000264e-01,7.610500000000000043e-01,1.096319999999999961e+00,1.298629999999999951e+00,1.472590000000000066e+00,1.519579999999999931e+00,8.616599999999999815e-01,6.036399999999999544e-01,3.802300000000000124e-01,1.674499999999999877e-01,1.118200000000000027e-01,9.252000000000000501e-02,7.573000000000000564e-02,5.863000000000000156e-02,3.864000000000000073e-02,-7.442000000000000004e-02,-6.094000000000000111e-02,-1.431699999999999917e-01,-2.970099999999999962e-01,-2.401099999999999901e-01,-8.447999999999999954e-02,-5.965999999999999776e-02,-9.164999999999999536e-02,-3.521799999999999931e-01,-2.697200000000000153e-01
cz*c/cref,8.813541676158634930e-01,1.046101372957272790e+00,1.391173493959758645e+00,1.513920996455587531e+00,1.566516145585564956e+00,1.506918415952535728e+00,8.288739855040905269e-01,5.395135246299808118e-01,3.207791837801258206e-01,1.337200892468291546e-01,8.312202828829674817e-02,6.274779805894847851e-02,4.642842263599755714e-02,3.211792373818250085e-02,1.863790544660265738e-02,8.645065239968107162e-01,1.029330208661364487e+00,1.371951753110573602e+00,1.493847808360524887e+00,1.545132193431781875e+00,1.482211317496264558e+00,8.002594578523140045e-01,5.324656148449905535e-01,3.176629572057434459e-01,1.320872401155116782e-01,8.194943751716930735e-02,6.176642490066935887e-02,4.561526266507649058e-02,3.148952957808762165e-02,1.823211813814498011e-02,-5.752318105983960511e-02,-4.422875178393154832e-02,-9.717758837580151021e-02,-1.876896873680895528e-01,-1.405477415259063778e-01,-6.529909078117776544e-02,-4.329975929486964276e-02,-6.220804620131457907e-02,-2.225532948294460800e-01,-1.578798752420451923e-01
Results_Name,VSPAERO_Comp_Load
Results_Timestamp,1758045781
Results_Date,9,16,2025
Results_Time,14,3,1
AoA,-2.000000000000000000e+00,-2.000000000000000000e+00,-2.000000000000000000e+00,-2.000000000000000000e+00,-2.000000000000000000e+00,-2.000000000000000000e+00,-2.000000000000000000e+00,-2.000000000000000000e+00,-2.000000000000000000e+00
Beta,0.000000000000000000e+00,0.000000000000000000e+00,0.000000000000000000e+00,0.000000000000000000e+00,0.000000000000000000e+00,0.000000000000000000e+00,0.000000000000000000e+00,0.000000000000000000e+00,0.000000000000000000e+00
CDi,0.000000000000000000e+00,1.901999999999999871e-02,1.830999999999999989e-02,-6.300000000000000261e-04,-5.400000000000000069e-04,0.000000000000000000e+00,0.000000000000000000e+00,0.000000000000000000e+00,0.000000000000000000e+00
CFx,0.000000000000000000e+00,3.346999999999999975e-02,3.250999999999999723e-02,-1.049999999999999935e-03,-9.700000000000000505e-04,0.000000000000000000e+00,0.000000000000000000e+00,0.000000000000000000e+00,0.000000000000000000e+00
CFy,0.000000000000000000e+00,-1.010999999999999920e-02,1.000000000000000021e-02,1.140000000000000041e-02,-1.128999999999999969e-02,0.000000000000000000e+00,0.000000000000000000e+00,0.000000000000000000e+00,0.000000000000000000e+00
CFz,0.000000000000000000e+00,4.136699999999999822e-01,4.063800000000000190e-01,-1.187000000000000034e-02,-1.242000000000000048e-02,0.000000000000000000e+00,0.000000000000000000e+00,0.000000000000000000e+00,0.000000000000000000e+00
CL,0.000000000000000000e+00,4.145900000000000141e-01,4.072700000000000209e-01,-1.190000000000000085e-02,-1.243999999999999967e-02,0.000000000000000000e+00,0.000000000000000000e+00,0.000000000000000000e+00,0.000000000000000000e+00
Cmx,0.000000000000000000e+00,6.862000000000000044e-02,-6.739000000000000545e-02,-7.200000000000000453e-04,7.799999999999999859e-04,-4.000000000000000327e-05,4.000000000000000327e-05,-0.000000000000000000e+00,0.000000000000000000e+00
Cmy,0.000000000000000000e+00,-1.912999999999999978e-01,-1.879800000000000082e-01,3.991999999999999715e-02,4.170000000000000095e-02,-8.630000000000000518e-03,-8.909999999999999518e-03,-4.000000000000000327e-05,4.499999999999999877e-04
Cmz,0.000000000000000000e+00,-5.009999999999999697e-03,4.879999999999999789e-03,3.299999999999999982e-03,-3.249999999999999851e-03,-5.000000000000000240e-05,6.000000000000000152e-05,1.000000000000000082e-05,8.000000000000000654e-05
Comp_ID,0,1,2,3,4,5,6,7,8
Comp_Name,NONE,main_wing,main_wing,horizontal_tail,horizontal_tail,fuselage,fuselage,fuselage,fuselage
Cs,0.000000000000000000e+00,-1.010999999999999920e-02,1.000000000000000021e-02,1.140000000000000041e-02,-1.128999999999999969e-02,0.000000000000000000e+00,0.000000000000000000e+00,0.000000000000000000e+00,0.000000000000000000e+00
Mach,1.499999999999999944e-01,1.499999999999999944e-01,1.499999999999999944e-01,1.499999999999999944e-01,1.499999999999999944e-01,1.499999999999999944e-01,1.499999999999999944e-01,1.499999999999999944e-01,1.499999999999999944e-01
Results_Name,VSPAERO_Load
Results_Timestamp,1758045781
Results_Date,9,16,2025
Results_Time,14,3,1
AnalysisMethod,0
Chord,1.735630000000000006e+00,1.614889999999999937e+00,1.494180000000000064e+00,1.373480000000000034e+00,1.252809999999999979e+00,1.164630000000000054e+00,1.108910000000000062e+00,1.053209999999999980e+00,9.975199999999999623e-01,9.418400000000000105e-01,8.750400000000000400e-01,7.971099999999999852e-01,7.191899999999999959e-01,6.412799999999999612e-01,5.633799999999999919e-01,1.735630000000000006e+00,1.614889999999999937e+00,1.494180000000000064e+00,1.373480000000000034e+00,1.252809999999999979e+00,1.164630000000000054e+00,1.108910000000000062e+00,1.053209999999999980e+00,9.975199999999999623e-01,9.418400000000000105e-01,8.750400000000000400e-01,7.971099999999999852e-01,7.191899999999999959e-01,6.412799999999999612e-01,5.633799999999999919e-01,9.229000000000000536e-01,8.665699999999999514e-01,8.104299999999999837e-01,7.545199999999999685e-01,6.988999999999999657e-01,9.229000000000000536e-01,8.665699999999999514e-01,8.104299999999999837e-01,7.545199999999999685e-01,6.988999999999999657e-01
FC_AoA_,-1.000000000000000000e+00
FC_Beta_,0.000000000000000000e+00
FC_Bref_,1.417173599999999922e+01
FC_Cref_,1.193991999999999942e+00
FC_Mach_,1.499999999999999944e-01
FC_Pitch_Rate,0.000000000000000000e+00
FC_Rho_,2.377000000000000206e-03
FC_Roll__Rate,0.000000000000000000e+00
FC_Sref_,1.619368700000000061e+01
FC_Vinf_,5.100000000000000000e+01
FC_Xcg_,1.774861999999999940e+00
FC_Yaw___Rate,0.000000000000000000e+00
FC_Ycg_,0.000000000000000000e+00
FC_Zcg_,7.545150000000000468e-01
S,3.314000000000000279e-02,8.981999999999999706e-02,1.368900000000000117e-01,1.839600000000000124e-01,2.310300000000000131e-01,2.997400000000000064e-01,4.117600000000000149e-01,5.454599999999999449e-01,6.791700000000000514e-01,8.128699999999999815e-01,9.157600000000000184e-01,9.578200000000000047e-01,9.698700000000000099e-01,9.819200000000000150e-01,9.939700000000000202e-01,3.314000000000000279e-02,8.981999999999999706e-02,1.368900000000000117e-01,1.839600000000000124e-01,2.310300000000000131e-01,2.997400000000000064e-01,4.117600000000000149e-01,5.454599999999999449e-01,6.791700000000000514e-01,8.128699999999999815e-01,9.157600000000000184e-01,9.578200000000000047e-01,9.698700000000000099e-01,9.819200000000000150e-01,9.939700000000000202e-01,1.020299999999999957e-01,3.035599999999999965e-01,5.025399999999999867e-01,7.015200000000000324e-01,9.005100000000000326e-01,1.020299999999999957e-01,3.035599999999999965e-01,5.025399999999999867e-01,7.015200000000000324e-01,9.005100000000000326e-01
V/Vref,1.008739999999999970e+00,1.007700000000000040e+00,1.003849999999999909e+00,9.936599999999999877e-01,9.820600000000000440e-01,9.785099999999999909e-01,9.932100000000000373e-01,9.963800000000000434e-01,9.995399999999999840e-01,1.001640000000000086e+00,1.006999999999999895e+00,1.005589999999999984e+00,1.005630000000000024e+00,1.004920000000000035e+00,1.004879999999999995e+00,1.009619999999999962e+00,1.008180000000000076e+00,1.004250000000000087e+00,9.940700000000000092e-01,9.823600000000000110e-01,9.790400000000000214e-01,9.932499999999999662e-01,9.963199999999999834e-01,9.995600000000000041e-01,1.001619999999999955e+00,1.006979999999999986e+00,1.005600000000000049e+00,1.005640000000000089e+00,1.004930000000000101e+00,1.004899999999999904e+00,9.872600000000000264e-01,9.970400000000000373e-01,1.007770000000000055e+00,9.940400000000000347e-01,9.969400000000000484e-01,9.925100000000000033e-01,9.974800000000000333e-01,1.046389999999999931e+00,1.002210000000000045e+00,1.000480000000000036e+00
WingId,1,1,1,1,1,1,1,1,1,1,1,1,1,1,1,2,2,2,2,2,2,2,2,2,2,2,2,2,2,2,3,3,3,3,3,4,4,4,4,4
Xavg,2.391020000000000145e+00,2.380209999999999937e+00,2.369699999999999918e+00,2.359579999999999789e+00,2.349930000000000074e+00,2.337899999999999867e+00,2.323770000000000113e+00,2.309619999999999784e+00,2.295469999999999899e+00,2.281299999999999883e+00,2.284749999999999837e+00,2.305000000000000160e+00,2.325239999999999974e+00,2.345470000000000166e+00,2.365699999999999914e+00,2.391020000000000145e+00,2.380209999999999937e+00,2.369699999999999918e+00,2.359579999999999789e+00,2.349930000000000074e+00,2.337899999999999867e+00,2.323770000000000113e+00,2.309619999999999784e+00,2.295469999999999899e+00,2.281299999999999883e+00,2.284749999999999837e+00,2.305000000000000160e+00,2.325239999999999974e+00,2.345470000000000166e+00,2.365699999999999914e+00,5.722059999999999924e+00,5.820210000000000328e+00,5.918350000000000222e+00,6.016490000000000116e+00,6.114630000000000010e+00,5.722059999999999924e+00,5.820210000000000328e+00,5.918350000000000222e+00,6.016490000000000116e+00,6.114630000000000010e+00
Yavg,1.719199999999999895e-01,5.196100000000000163e-01,8.672999999999999599e-01,1.214979999999999949e+00,1.562650000000000095e+00,2.228590000000000071e+00,3.216559999999999864e+00,4.204550000000000232e+00,5.192569999999999908e+00,6.180620000000000225e+00,6.716649999999999565e+00,6.791660000000000252e+00,6.866660000000000430e+00,6.941650000000000098e+00,7.016610000000000014e+00,-1.719199999999999895e-01,-5.196100000000000163e-01,-8.672999999999999599e-01,-1.214979999999999949e+00,-1.562650000000000095e+00,-2.228590000000000071e+00,-3.216559999999999864e+00,-4.204550000000000232e+00,-5.192569999999999908e+00,-6.180620000000000225e+00,-6.716649999999999565e+00,-6.791660000000000252e+00,-6.866660000000000430e+00,-6.941650000000000098e+00,-7.016610000000000014e+00,1.078800000000000037e-01,3.257399999999999740e-01,5.435900000000000176e-01,7.614400000000000057e-01,9.792699999999999738e-01,-1.078800000000000037e-01,-3.257399999999999740e-01,-5.435900000000000176e-01,-7.614400000000000057e-01,-9.792699999999999738e-01
Zavg,1.033530000000000060e+00,1.043199999999999905e+00,1.052899999999999947e+00,1.062580000000000080e+00,1.072189999999999976e+00,1.094910000000000050e+00,1.130849999999999911e+00,1.166740000000000110e+00,1.202599999999999891e+00,1.238469999999999960e+00,1.270329999999999959e+00,1.298289999999999944e+00,1.326240000000000085e+00,1.354190000000000005e+00,1.382130000000000081e+00,1.033530000000000060e+00,1.043199999999999905e+00,1.052899999999999947e+00,1.062580000000000080e+00,1.072189999999999976e+00,1.094910000000000050e+00,1.130849999999999911e+00,1.166740000000000110e+00,1.202599999999999891e+00,1.238469999999999960e+00,1.270329999999999959e+00,1.298289999999999944e+00,1.326240000000000085e+00,1.354190000000000005e+00,1.382130000000000081e+00,3.777900000000000147e-01,5.956799999999999873e-01,8.135799999999999699e-01,1.031470000000000109e+00,1.249349999999999961e+00,3.777900000000000147e-01,5.956799999999999873e-01,8.135799999999999699e-01,1.031470000000000109e+00,1.249349999999999961e+00
cd,-3.400999999999999857e-02,-3.826000000000000234e-02,1.052099999999999980e-01,1.320099999999999885e-01,1.747299999999999964e-01,1.751800000000000024e-01,-1.038000000000000034e-02,-5.640000000000000048e-03,-4.069999999999999833e-03,-3.200000000000000153e-03,-1.250000000000000026e-03,-2.840000000000000076e-03,-3.579999999999999849e-03,-3.559999999999999797e-03,-2.919999999999999853e-03,-3.395000000000000101e-02,-3.817000000000000254e-02,1.034500000000000003e-01,1.296200000000000130e-01,1.714600000000000013e-01,1.706100000000000116e-01,-1.165000000000000063e-02,-5.179999999999999709e-03,-3.889999999999999795e-03,-3.139999999999999996e-03,-1.229999999999999974e-03,-2.789999999999999945e-03,-3.530000000000000152e-03,-3.510000000000000099e-03,-2.880000000000000181e-03,4.080000000000000293e-03,4.460000000000000422e-03,-5.309999999999999616e-03,-3.031000000000000014e-02,-2.809000000000000039e-02,6.060000000000000282e-03,7.400000000000000328e-03,-5.573000000000000176e-02,-4.184999999999999831e-02,-3.189000000000000168e-02
cd*c/cref,-4.943816734115471373e-02,-5.174715693237475628e-02,1.316614163243974844e-01,1.518545306836226461e-01,1.833374857620486686e-01,1.708720689920870672e-01,-9.640337456197361696e-03,-4.974995142346011999e-03,-3.400279398856943542e-03,-2.524211217495595048e-03,-9.160865399433162784e-04,-1.895986237763737196e-03,-2.156379774738859372e-03,-1.912036931570730699e-03,-1.377789465926070002e-03,-4.935094916883865646e-02,-5.162543073990445708e-02,1.294589251854283696e-01,1.491052516264765870e-01,1.799064002103866744e-01,1.664144519393764843e-01,-1.081983924515407362e-02,-4.569233127190131492e-03,-3.249898491782189387e-03,-2.476882257167552573e-03,-9.014291553042231816e-04,-1.862606198366488323e-03,-2.126262738778819227e-03,-1.885182480284625008e-03,-1.358915637625712899e-03,3.153649270681881112e-03,3.236958204075069193e-03,-3.604197766819207914e-03,-1.915381443091745961e-02,-1.644240581176423591e-02,4.684096710865735640e-03,5.370737827389128125e-03,-3.782710763556204614e-02,-2.644629277248088453e-02,-1.866672557270065633e-02
cl,6.806699999999999973e-01,8.511199999999999877e-01,1.196039999999999992e+00,1.405210000000000070e+00,1.587050000000000072e+00,1.641499999999999959e+00,9.906899999999999595e-01,7.087299999999999711e-01,4.774200000000000110e-01,2.525000000000000022e-01,1.838100000000000012e-01,1.606799999999999895e-01,1.396600000000000064e-01,1.162099999999999939e-01,8.226999999999999591e-02,6.724700000000000122e-01,8.420400000000000107e-01,1.184839999999999893e+00,1.392009999999999970e+00,1.571290000000000076e+00,1.621660000000000101e+00,9.687000000000000055e-01,7.032599999999999962e-01,4.749200000000000088e-01,2.510999999999999899e-01,1.827199999999999935e-01,1.596799999999999886e-01,1.387500000000000122e-01,1.154099999999999987e-01,8.168999999999999873e-02,-7.399999999999999634e-02,-5.244999999999999662e-02,-1.300800000000000012e-01,-3.166100000000000025e-01,-2.481800000000000117e-01,-9.699000000000000676e-02,-7.301000000000000545e-02,-2.053699999999999970e-01,-3.331799999999999762e-01,-2.667999999999999816e-01
cl*c/cref,9.894465558395700855e-01,1.151151077059142658e+00,1.496742898779891418e+00,1.616449549745726966e+00,1.665230680356317494e+00,1.601133127357637242e+00,9.200949821271834361e-01,6.251645934813633287e-01,3.988602925312732528e-01,1.991760413805117869e-01,1.347086935255847884e-01,1.072700946069990446e-01,8.412290484358354858e-02,6.241511567916702141e-02,3.881874635675951202e-02,9.775267389563749854e-01,1.138870256752138932e+00,1.482727046077360500e+00,1.601265247003329950e+00,1.648694316963597917e+00,1.581781021815891641e+00,8.996719550884764161e-01,6.203395538663575293e-01,3.967716688219016796e-01,1.980716989728574517e-01,1.339098660627542070e-01,1.066024938190540672e-01,8.357477478911082280e-02,6.198544445858933383e-02,3.854507584640433360e-02,-5.719854069373999511e-02,-3.806691879007564200e-02,-8.829266393744682195e-02,-2.000755257991678193e-01,-1.452714942813687349e-01,-7.496873597143030588e-02,-5.298886064563246984e-02,-1.393962514824219900e-01,-2.105466147176865421e-01,-1.561706611099571984e-01
cmx,7.081999999999999407e-02,2.761299999999999866e-01,6.848499999999999588e-01,1.239789999999999948e+00,1.977910000000000057e+00,3.165470000000000006e+00,2.896030000000000104e+00,2.842119999999999980e+00,2.495140000000000136e+00,1.663669999999999982e+00,1.453359999999999985e+00,1.410449999999999982e+00,1.374049999999999994e+00,1.296389999999999931e+00,1.056510000000000060e+00,-7.001000000000000278e-02,-2.732499999999999929e-01,-6.785700000000000065e-01,-1.228329999999999922e+00,-1.958550000000000013e+00,-3.127439999999999998e+00,-2.831719999999999793e+00,-2.820139999999999869e+00,-2.482070000000000221e+00,-1.654460000000000042e+00,-1.444720000000000004e+00,-1.401699999999999946e+00,-1.365050000000000097e+00,-1.287549999999999972e+00,-1.049060000000000104e+00,2.298000000000000043e-02,-9.429999999999999147e-03,-9.257999999999999563e-02,-4.213399999999999923e-01,-5.412000000000000144e-01,-2.925000000000000169e-02,6.810000000000000081e-03,1.498599999999999932e-01,4.649300000000000099e-01,5.823399999999999688e-01
cmx*c/cref,1.029465160570589982e-01,3.734694836313811050e-01,8.570318502971544516e-01,1.426162628560325274e+00,2.075345083635401267e+00,3.087626488368431232e+00,2.689663437694725268e+00,2.507009431553980150e+00,2.084563424880568672e+00,1.312329523815905175e+00,1.065122826953614599e+00,9.416175313569941085e-01,8.276462652178574464e-01,6.962768420558931304e-01,4.985097084402576040e-01,-1.017690707307921660e-01,-3.695742454723314752e-01,-8.491729614603783505e-01,-1.412979892997607845e+00,-2.055031378350943960e+00,-3.050531701384934014e+00,-2.629936067578342307e+00,-2.487621063960227197e+00,-2.073644100127974177e+00,-1.305064528405550650e+00,-1.058790836789526235e+00,-9.357760244624755419e-01,-8.222251987450502897e-01,-6.915289750685096326e-01,-4.949944579193161220e-01,1.776246574516412297e-02,-6.844061853010739542e-03,-6.283928987798913235e-02,-2.662576104362507912e-01,-3.167899617417872515e-01,-2.260888263907966447e-02,4.942530351962157002e-03,1.017184703080087627e-01,2.938034623347560159e-01,3.408711498904515302e-01
cmy,-1.860199999999999909e-01,-2.807499999999999996e-01,-4.195800000000000085e-01,-5.376600000000000268e-01,-6.594999999999999751e-01,-7.407599999999999740e-01,-4.983400000000000052e-01,-3.684100000000000152e-01,-2.432400000000000118e-01,-1.046500000000000069e-01,-7.469000000000000639e-02,-7.510000000000000009e-02,-7.674999999999999878e-02,-7.621999999999999609e-02,-6.547000000000000042e-02,-1.829900000000000138e-01,-2.775699999999999834e-01,-4.153399999999999870e-01,-5.323999999999999844e-01,-6.529300000000000104e-01,-7.316799999999999971e-01,-4.855800000000000116e-01,-3.664299999999999780e-01,-2.424900000000000111e-01,-1.043599999999999944e-01,-7.444000000000000616e-02,-7.475999999999999313e-02,-7.632999999999999508e-02,-7.575999999999999401e-02,-6.506000000000000671e-02,2.939700000000000091e-01,2.421599999999999864e-01,6.810300000000000242e-01,1.679459999999999953e+00,1.438730000000000064e+00,3.915299999999999891e-01,3.318699999999999983e-01,1.017020000000000035e+00,1.755910000000000082e+00,1.546629999999999949e+00
cmy*c/cref,-2.704054069038988595e-01,-3.797180948448565796e-01,-5.250688818685552706e-01,-6.184842585209950894e-01,-6.919880493336638683e-01,-7.225436341282018837e-01,-4.628290720540841341e-01,-3.249712695729954914e-01,-2.032147324270179300e-01,-8.254959497216063369e-02,-5.473800293469303913e-02,-5.013681917466784183e-02,-4.622965019866129982e-02,-4.093692554053963290e-02,-3.089173847060952202e-02,-2.660008892019377069e-01,-3.754171027109058922e-01,-5.197628804883114295e-01,-6.124335439433429285e-01,-6.850944003812421412e-01,-7.136869245355078606e-01,-4.509783296705506261e-01,-3.232247287251505674e-01,-2.025881453142064637e-01,-8.232083833057508848e-02,-5.455478562670437737e-02,-4.990983490676654394e-02,-4.597666709659695844e-02,-4.068986458870745698e-02,-3.069828173053086237e-02,2.272250676721452589e-01,1.757537665243988079e-01,4.622536356189991258e-01,1.061302051605035768e+00,8.421567288558048370e-01,3.026343869975678391e-01,2.408630760507607937e-01,6.903090796253241734e-01,1.109613140791563035e+00,9.053157031202889726e-01
cmz,-4.380000000000000213e-03,8.899999999999999925e-03,-3.268000000000000071e-02,-1.152600000000000013e-01,-2.376999999999999946e-01,-4.368400000000000061e-01,-4.442999999999999727e-02,-3.842999999999999888e-02,-3.007999999999999910e-02,-1.301000000000000073e-02,-4.734000000000000014e-02,-2.988000000000000031e-02,-1.779000000000000026e-02,-1.030000000000000013e-02,-3.650000000000000033e-03,4.420000000000000318e-03,-8.689999999999999808e-03,3.241000000000000131e-02,1.137399999999999939e-01,2.341300000000000048e-01,4.268199999999999772e-01,3.876999999999999891e-02,3.987000000000000266e-02,3.075999999999999915e-02,1.318000000000000074e-02,4.721999999999999809e-02,3.002000000000000154e-02,1.805000000000000007e-02,1.058000000000000086e-02,3.930000000000000333e-03,2.976400000000000157e-01,2.483200000000000129e-01,3.662500000000000200e-01,1.520299999999999985e+00,1.670129999999999892e+00,-3.895600000000000174e-01,-6.173600000000000199e-01,-1.400369999999999893e+00,-1.886589999999999989e+00,-1.810780000000000056e+00
cmz*c/cref,-6.366926579072556582e-03,1.203736792206312918e-02,-4.089625592131270609e-02,-1.325865707642932267e-01,-2.494094910183652924e-01,-4.260974689947671368e-01,-4.126398778216269769e-02,-3.389877009226192200e-02,-2.513032047115893591e-02,-1.026249623113052907e-02,-3.469402944073327749e-02,-1.994791154379594103e-02,-1.071564139458220863e-02,-5.532016964937788370e-03,-1.722236832407587556e-03,6.425072027283265479e-03,-1.175334013963242642e-02,4.055837375794812960e-02,1.308380752969869054e-01,2.456636269757251356e-01,4.163238753693492278e-01,3.600731051799341970e-02,3.516898161796729039e-02,2.569842612010800678e-02,1.039659495205998152e-02,3.460608513289871457e-02,2.004137565410823649e-02,1.087224998157441599e-02,5.682401892139980933e-03,1.854353630510087491e-03,2.300618061092536970e-01,1.802245428780092362e-01,2.485946199807033963e-01,9.607239881004226989e-01,9.776060953507226259e-01,-3.011116690899102166e-01,-4.480646898806692202e-01,-9.505104381771402045e-01,-1.192193822739180842e+00,-1.059935193870645831e+00
cs,-1.542999999999999927e-02,-4.799999999999999580e-03,5.179999999999999882e-02,1.898000000000000034e-02,6.740000000000000331e-03,-8.849999999999999534e-02,-4.524999999999999856e-02,-2.356000000000000108e-02,-1.637999999999999873e-02,-1.146999999999999929e-02,-7.156999999999999473e-02,-5.999999999999999778e-02,-5.020999999999999769e-02,-4.039999999999999841e-02,-2.800000000000000058e-02,1.552000000000000081e-02,5.100000000000000366e-03,-5.066999999999999976e-02,-1.797999999999999945e-02,-5.629999999999999588e-03,8.745999999999999608e-02,4.411999999999999950e-02,2.336999999999999841e-02,1.627999999999999933e-02,1.137999999999999949e-02,7.113999999999999491e-02,5.965000000000000163e-02,4.991000000000000297e-02,4.014999999999999819e-02,2.783000000000000057e-02,7.491000000000000436e-02,5.380000000000000060e-02,6.815999999999999837e-02,2.808899999999999730e-01,2.759400000000000186e-01,-9.657000000000000306e-02,-1.317300000000000137e-01,-2.709300000000000042e-01,-3.464400000000000257e-01,-2.986099999999999866e-01
cs*c/cref,-2.242960664728071637e-02,-6.492063598416069475e-03,6.482331874920435610e-02,2.183318682202225677e-02,7.072023430642751692e-03,-8.632365627240383421e-02,-4.202555586637096718e-02,-2.078207190667944251e-02,-1.368466254380263682e-02,-9.047719582710772937e-03,-5.245145093099451428e-02,-4.005604727669867526e-02,-3.024352751107210052e-02,-2.169839663917345896e-02,-1.321167981024998564e-02,2.256043390575481269e-02,6.897817573317074902e-03,-6.340921932475260259e-02,-2.068286085668915794e-02,-5.907343014023544274e-03,8.530923138513490933e-02,4.097607789666932870e-02,2.061447455259331554e-02,1.360111759542777417e-02,8.976726142218708140e-03,5.213631716125401161e-02,3.982238700091793315e-02,3.006282529531186312e-02,2.156412438274293158e-02,1.313146603997346860e-02,5.790192815362248113e-02,3.904671555588311999e-02,4.626405269047028507e-02,1.775029671890598626e-01,1.615207354823147978e-01,-7.464409560533069588e-02,-9.560639108134728892e-02,-1.838955369047698962e-01,-2.189260135746303182e-01,-1.747905588982170688e-01
cx,-2.213000000000000037e-02,-2.340000000000000066e-02,1.260699999999999876e-01,1.565100000000000102e-01,2.023999999999999966e-01,2.038000000000000089e-01,6.919999999999999936e-03,6.729999999999999871e-03,4.259999999999999898e-03,1.209999999999999921e-03,1.949999999999999910e-03,-3.000000000000000076e-05,-1.149999999999999981e-03,-1.529999999999999893e-03,-1.490000000000000005e-03,-2.221000000000000058e-02,-2.346000000000000169e-02,1.241199999999999942e-01,1.539000000000000090e-01,1.988499999999999990e-01,1.988900000000000112e-01,5.259999999999999919e-03,7.089999999999999948e-03,4.400000000000000265e-03,1.240000000000000000e-03,1.959999999999999937e-03,0.000000000000000000e+00,-1.100000000000000066e-03,-1.490000000000000005e-03,-1.459999999999999926e-03,2.789999999999999945e-03,3.540000000000000178e-03,-7.579999999999999932e-03,-3.583000000000000074e-02,-3.241999999999999743e-02,4.360000000000000160e-03,6.130000000000000032e-03,-5.929999999999999855e-02,-4.764999999999999791e-02,-3.654000000000000303e-02
cx*c/cref,-3.216896922257435343e-02,-3.164881004227833999e-02,1.577659419828608411e-01,1.800375168342836507e-01,2.123705552466013113e-01,1.987882615628915606e-01,6.426891637464907797e-03,5.936474699997989872e-03,3.559014800769184136e-03,9.544673666155217623e-04,1.429095002311573260e-03,-2.002802363834933663e-05,-6.926918270809184546e-04,-8.217462093548364615e-04,-7.030501041883028277e-04,-3.228526011899577469e-02,-3.172996083725854177e-02,1.553256819141166645e-01,1.770351660647642711e-01,2.086456764366930450e-01,1.939990056047276867e-01,4.885180637726215837e-03,6.254027581424331100e-03,3.675977728493993405e-03,9.781318467795431081e-04,1.436423694631119808e-03,0.000000000000000000e+00,-6.625747911208786350e-04,-8.002626483259518871e-04,-6.888947329630350008e-04,2.156539574804521540e-03,2.569244852561826300e-03,-5.144975343218380348e-03,-2.264207096864970584e-02,-1.897695964462073337e-02,3.370076181414951265e-03,4.449003092148020970e-03,-4.025026884602241756e-02,-3.011148985922853377e-02,-2.138859054332022808e-02
cy,-1.542999999999999927e-02,-4.799999999999999580e-03,5.179999999999999882e-02,1.898000000000000034e-02,6.740000000000000331e-03,-8.849999999999999534e-02,-4.524999999999999856e-02,-2.356000000000000108e-02,-1.637999999999999873e-02,-1.146999999999999929e-02,-7.156999999999999473e-02,-5.999999999999999778e-02,-5.020999999999999769e-02,-4.039999999999999841e-02,-2.800000000000000058e-02,1.552000000000000081e-02,5.100000000000000366e-03,-5.066999999999999976e-02,-1.797999999999999945e-02,-5.629999999999999588e-03,8.745999999999999608e-02,4.411999999999999950e-02,2.336999999999999841e-02,1.627999999999999933e-02,1.137999999999999949e-02,7.113999999999999491e-02,5.965000000000000163e-02,4.991000000000000297e-02,4.014999999999999819e-02,2.783000000000000057e-02,7.491000000000000436e-02,5.380000000000000060e-02,6.815999999999999837e-02,2.808899999999999730e-01,2.759400000000000186e-01,-9.657000000000000306e-02,-1.317300000000000137e-01,-2.709300000000000042e-01,-3.464400000000000257e-01,-2.986099999999999866e-01
cy*c/cref,-2.242960664728071637e-02,-6.492063598416069475e-03,6.482331874920435610e-02,2.183318682202225677e-02,7.072023430642751692e-03,-8.632365627240383421e-02,-4.202555586637096718e-02,-2.078207190667944251e-02,-1.368466254380263682e-02,-9.047719582710772937e-03,-5.245145093099451428e-02,-4.005604727669867526e-02,-3.024352751107210052e-02,-2.169839663917345896e-02,-1.321167981024998564e-02,2.256043390575481269e-02,6.897817573317074902e-03,-6.340921932475260259e-02,-2.068286085668915794e-02,-5.907343014023544274e-03,8.530923138513490933e-02,4.097607789666932870e-02,2.061447455259331554e-02,1.360111759542777417e-02,8.976726142218708140e-03,5.213631716125401161e-02,3.982238700091793315e-02,3.006282529531186312e-02,2.156412438274293158e-02,1.313146603997346860e-02,5.790192815362248113e-02,3.904671555588311999e-02,4.626405269047028507e-02,1.775029671890598626e-01,1.615207354823147978e-01,-7.464409560533069588e-02,-9.560639108134728892e-02,-1.838955369047698962e-01,-2.189260135746303182e-01,-1.747905588982170688e-01
cz,6.811599999999999877e-01,8.516599999999999726e-01,1.194020000000000081e+00,1.402689999999999992e+00,1.583760000000000057e+00,1.638200000000000101e+00,9.907200000000000450e-01,7.087200000000000166e-01,4.774200000000000110e-01,2.525200000000000222e-01,1.838100000000000012e-01,1.607000000000000095e-01,1.396999999999999909e-01,1.162500000000000061e-01,8.230999999999999428e-02,6.729600000000000026e-01,8.425799999999999956e-01,1.182849999999999957e+00,1.389539999999999997e+00,1.568049999999999944e+00,1.618440000000000101e+00,9.687500000000000000e-01,7.032500000000000417e-01,4.749200000000000088e-01,2.511200000000000099e-01,1.827199999999999935e-01,1.597000000000000086e-01,1.387899999999999967e-01,1.154499999999999971e-01,8.172999999999999710e-02,-7.406000000000000083e-02,-5.251999999999999724e-02,-1.299700000000000022e-01,-3.160299999999999776e-01,-2.476500000000000090e-01,-9.707999999999999963e-02,-7.313000000000000056e-02,-2.043699999999999961e-01,-3.323999999999999733e-01,-2.661999999999999922e-01
cz*c/cref,9.901588375801512187e-01,1.151881434213964495e+00,1.494215039631756392e+00,1.613550728313087435e+00,1.661778609571923582e+00,1.597914279157649498e+00,9.201228443741668039e-01,6.251557725679903754e-01,3.988602925312732528e-01,1.991918177006211377e-01,1.347086935255847884e-01,1.072834466227579608e-01,8.414699847235157515e-02,6.243659924019591412e-02,3.883762018505986652e-02,9.782390206969561186e-01,1.139600613906960769e+00,1.480236729391821715e+00,1.598423941868957199e+00,1.645294709261033494e+00,1.578640206299539939e+00,8.997183921667817330e-01,6.203307329529845759e-01,3.967716688219016796e-01,1.980874752929668303e-01,1.339098660627542070e-01,1.066158458348129834e-01,8.359886841787884937e-02,6.200692801961821959e-02,3.856394967470468810e-02,-5.724491788889708721e-02,-3.811772306682121442e-02,-8.821800070687241258e-02,-1.997090060904930520e-01,-1.449612602094486613e-01,-7.503830176416594055e-02,-5.307595369148201958e-02,-1.387174948408364528e-01,-2.100537089025721893e-01,-1.558194527266514307e-01
Results_Name,VSPAERO_Comp_Load
Results_Timestamp,1758045781
Results_Date,9,16,2025
Results_Time,14,3,1
AoA,-1.000000000000000000e+00,-1.000000000000000000e+00,-1.000000000000000000e+00,-1.000000000000000000e+00,-1.000000000000000000e+00,-1.000000000000000000e+00,-1.000000000000000000e+00,-1.000000000000000000e+00,-1.000000000000000000e+00
Beta,0.000000000000000000e+00,0.000000000000000000e+00,0.000000000000000000e+00,0.000000000000000000e+00,0.000000000000000000e+00,0.000000000000000000e+00,0.000000000000000000e+00,0.000000000000000000e+00,0.000000000000000000e+00
CDi,0.000000000000000000e+00,2.069999999999999965e-02,2.010999999999999940e-02,-7.399999999999999894e-04,-1.639999999999999965e-03,0.000000000000000000e+00,0.000000000000000000e+00,0.000000000000000000e+00,0.000000000000000000e+00
CFx,0.000000000000000000e+00,2.869999999999999982e-02,2.801999999999999977e-02,-9.499999999999999981e-04,-1.889999999999999970e-03,0.000000000000000000e+00,0.000000000000000000e+00,0.000000000000000000e+00,0.000000000000000000e+00
CFy,0.000000000000000000e+00,-1.197999999999999933e-02,1.190000000000000085e-02,1.086999999999999945e-02,-1.683000000000000121e-02,0.000000000000000000e+00,0.000000000000000000e+00,0.000000000000000000e+00,0.000000000000000000e+00
CFz,0.000000000000000000e+00,4.583300000000000152e-01,4.529699999999999838e-01,-1.190000000000000085e-02,-1.423999999999999919e-02,0.000000000000000000e+00,0.000000000000000000e+00,0.000000000000000000e+00,0.000000000000000000e+00
CL,0.000000000000000000e+00,4.587600000000000011e-01,4.533900000000000152e-01,-1.191000000000000045e-02,-1.426999999999999970e-02,0.000000000000000000e+00,0.000000000000000000e+00,0.000000000000000000e+00,0.000000000000000000e+00
Cmx,0.000000000000000000e+00,7.864999999999999769e-02,-7.775999999999999579e-02,-7.399999999999999894e-04,8.400000000000000348e-04,-5.000000000000000240e-05,4.000000000000000327e-05,-0.000000000000000000e+00,-0.000000000000000000e+00
Cmy,0.000000000000000000e+00,-2.011100000000000110e-01,-1.986199999999999910e-01,4.010999999999999982e-02,4.746000000000000218e-02,-6.199999999999999782e-03,-6.309999999999999637e-03,-2.000000000000000164e-05,8.099999999999999561e-04
Cmz,0.000000000000000000e+00,-4.239999999999999845e-03,4.150000000000000043e-03,3.150000000000000022e-03,-4.890000000000000249e-03,-4.000000000000000327e-05,4.000000000000000327e-05,1.000000000000000082e-05,3.000000000000000076e-05
Comp_ID,0,1,2,3,4,5,6,7,8
Comp_Name,NONE,main_wing,main_wing,horizontal_tail,horizontal_tail,fuselage,fuselage,fuselage,fuselage
Cs,0.000000000000000000e+00,-1.197999999999999933e-02,1.190000000000000085e-02,1.086999999999999945e-02,-1.683000000000000121e-02,0.000000000000000000e+00,0.000000000000000000e+00,0.000000000000000000e+00,0.000000000000000000e+00
Mach,1.499999999999999944e-01,1.499999999999999944e-01,1.499999999999999944e-01,1.499999999999999944e-01,1.499999999999999944e-01,1.499999999999999944e-01,1.499999999999999944e-01,1.499999999999999944e-01,1.499999999999999944e-01
Results_Name,VSPAERO_Load
Results_Timestamp,1758045781
Results_Date,9,16,2025
Results_Time,14,3,1
AnalysisMethod,0
Chord,1.735630000000000006e+00,1.614889999999999937e+00,1.494180000000000064e+00,1.373480000000000034e+00,1.252809999999999979e+00,1.164630000000000054e+00,1.108910000000000062e+00,1.053209999999999980e+00,9.975199999999999623e-01,9.418400000000000105e-01,8.750400000000000400e-01,7.971099999999999852e-01,7.191899999999999959e-01,6.412799999999999612e-01,5.633799999999999919e-01,1.735630000000000006e+00,1.614889999999999937e+00,1.494180000000000064e+00,1.373480000000000034e+00,1.252809999999999979e+00,1.164630000000000054e+00,1.108910000000000062e+00,1.053209999999999980e+00,9.975199999999999623e-01,9.418400000000000105e-01,8.750400000000000400e-01,7.971099999999999852e-01,7.191899999999999959e-01,6.412799999999999612e-01,5.633799999999999919e-01,9.229000000000000536e-01,8.665699999999999514e-01,8.104299999999999837e-01,7.545199999999999685e-01,6.988999999999999657e-01,9.229000000000000536e-01,8.665699999999999514e-01,8.104299999999999837e-01,7.545199999999999685e-01,6.988999999999999657e-01
FC_AoA_,0.000000000000000000e+00
FC_Beta_,0.000000000000000000e+00
FC_Bref_,1.417173599999999922e+01
FC_Cref_,1.193991999999999942e+00
FC_Mach_,1.499999999999999944e-01
FC_Pitch_Rate,0.000000000000000000e+00
FC_Rho_,2.377000000000000206e-03
FC_Roll__Rate,0.000000000000000000e+00
FC_Sref_,1.619368700000000061e+01
FC_Vinf_,5.100000000000000000e+01
FC_Xcg_,1.774861999999999940e+00
FC_Yaw___Rate,0.000000000000000000e+00
FC_Ycg_,0.000000000000000000e+00
FC_Zcg_,7.545150000000000468e-01
S,3.314000000000000279e-02,8.981999999999999706e-02,1.368900000000000117e-01,1.839600000000000124e-01,2.310300000000000131e-01,2.997400000000000064e-01,4.117600000000000149e-01,5.454599999999999449e-01,6.791700000000000514e-01,8.128699999999999815e-01,9.157600000000000184e-01,9.578200000000000047e-01,9.698700000000000099e-01,9.819200000000000150e-01,9.939700000000000202e-01,3.314000000000000279e-02,8.981999999999999706e-02,1.368900000000000117e-01,1.839600000000000124e-01,2.310300000000000131e-01,2.997400000000000064e-01,4.117600000000000149e-01,5.454599999999999449e-01,6.791700000000000514e-01,8.128699999999999815e-01,9.157600000000000184e-01,9.578200000000000047e-01,9.698700000000000099e-01,9.819200000000000150e-01,9.939700000000000202e-01,1.020299999999999957e-01,3.035599999999999965e-01,5.025399999999999867e-01,7.015200000000000324e-01,9.005100000000000326e-01,1.020299999999999957e-01,3.035599999999999965e-01,5.025399999999999867e-01,7.015200000000000324e-01,9.005100000000000326e-01
V/Vref,1.009160000000000057e+00,1.008790000000000076e+00,1.006019999999999914e+00,9.963400000000000034e-01,9.851900000000000102e-01,9.822499999999999565e-01,9.954600000000000115e-01,9.981700000000000017e-01,1.000580000000000025e+00,1.002350000000000074e+00,1.008529999999999927e+00,1.007330000000000059e+00,1.007220000000000004e+00,1.006469999999999976e+00,1.006720000000000059e+00,1.010350000000000081e+00,1.009540000000000104e+00,1.006180000000000074e+00,9.965000000000000524e-01,9.852199999999999847e-01,9.824800000000000200e-01,9.952699999999999880e-01,9.978399999999999492e-01,1.000420000000000087e+00,1.002229999999999954e+00,1.008399999999999963e+00,1.007239999999999913e+00,1.007130000000000081e+00,1.006389999999999896e+00,1.006629999999999914e+00,9.924500000000000544e-01,9.998000000000000220e-01,1.120649999999999924e+00,9.995399999999999840e-01,1.000750000000000028e+00,9.914699999999999624e-01,9.971400000000000263e-01,1.007309999999999928e+00,9.969299999999999828e-01,9.991600000000000481e-01
WingId,1,1,1,1,1,1,1,1,1,1,1,1,1,1,1,2,2,2,2,2,2,2,2,2,2,2,2,2,2,2,3,3,3,3,3,4,4,4,4,4
Xavg,2.391020000000000145e+00,2.380209999999999937e+00,2.369699999999999918e+00,2.359579999999999789e+00,2.349930000000000074e+00,2.337899999999999867e+00,2.323770000000000113e+00,2.309619999999999784e+00,2.295469999999999899e+00,2.281299999999999883e+00,2.284749999999999837e+00,2.305000000000000160e+00,2.325239999999999974e+00,2.345470000000000166e+00,2.365699999999999914e+00,2.391020000000000145e+00,2.380209999999999937e+00,2.369699999999999918e+00,2.359579999999999789e+00,2.349930000000000074e+00,2.337899999999999867e+00,2.323770000000000113e+00,2.309619999999999784e+00,2.295469999999999899e+00,2.281299999999999883e+00,2.284749999999999837e+00,2.305000000000000160e+00,2.325239999999999974e+00,2.345470000000000166e+00,2.365699999999999914e+00,5.722059999999999924e+00,5.820210000000000328e+00,5.918350000000000222e+00,6.016490000000000116e+00,6.114630000000000010e+00,5.722059999999999924e+00,5.820210000000000328e+00,5.918350000000000222e+00,6.016490000000000116e+00,6.114630000000000010e+00
Yavg,1.719199999999999895e-01,5.196100000000000163e-01,8.672999999999999599e-01,1.214979999999999949e+00,1.562650000000000095e+00,2.228590000000000071e+00,3.216559999999999864e+00,4.204550000000000232e+00,5.192569999999999908e+00,6.180620000000000225e+00,6.716649999999999565e+00,6.791660000000000252e+00,6.866660000000000430e+00,6.941650000000000098e+00,7.016610000000000014e+00,-1.719199999999999895e-01,-5.196100000000000163e-01,-8.672999999999999599e-01,-1.214979999999999949e+00,-1.562650000000000095e+00,-2.228590000000000071e+00,-3.216559999999999864e+00,-4.204550000000000232e+00,-5.192569999999999908e+00,-6.180620000000000225e+00,-6.716649999999999565e+00,-6.791660000000000252e+00,-6.866660000000000430e+00,-6.941650000000000098e+00,-7.016610000000000014e+00,1.078800000000000037e-01,3.257399999999999740e-01,5.435900000000000176e-01,7.614400000000000057e-01,9.792699999999999738e-01,-1.078800000000000037e-01,-3.257399999999999740e-01,-5.435900000000000176e-01,-7.614400000000000057e-01,-9.792699999999999738e-01
Zavg,1.033530000000000060e+00,1.043199999999999905e+00,1.052899999999999947e+00,1.062580000000000080e+00,1.072189999999999976e+00,1.094910000000000050e+00,1.130849999999999911e+00,1.166740000000000110e+00,1.202599999999999891e+00,1.238469999999999960e+00,1.270329999999999959e+00,1.298289999999999944e+00,1.326240000000000085e+00,1.354190000000000005e+00,1.382130000000000081e+00,1.033530000000000060e+00,1.043199999999999905e+00,1.052899999999999947e+00,1.062580000000000080e+00,1.072189999999999976e+00,1.094910000000000050e+00,1.130849999999999911e+00,1.166740000000000110e+00,1.202599999999999891e+00,1.238469999999999960e+00,1.270329999999999959e+00,1.298289999999999944e+00,1.326240000000000085e+00,1.354190000000000005e+00,1.382130000000000081e+00,3.777900000000000147e-01,5.956799999999999873e-01,8.135799999999999699e-01,1.031470000000000109e+00,1.249349999999999961e+00,3.777900000000000147e-01,5.956799999999999873e-01,8.135799999999999699e-01,1.031470000000000109e+00,1.249349999999999961e+00
cd,-3.073999999999999996e-02,-3.470999999999999780e-02,1.145199999999999968e-01,1.412899999999999989e-01,1.843400000000000039e-01,1.849899999999999878e-01,-8.380000000000000296e-03,-4.349999999999999700e-03,-3.220000000000000206e-03,-2.939999999999999905e-03,-2.100000000000000087e-04,-3.150000000000000022e-03,-4.980000000000000052e-03,-5.309999999999999616e-03,-4.749999999999999882e-03,-3.091999999999999957e-02,-3.482999999999999985e-02,1.116400000000000031e-01,1.378800000000000026e-01,1.798700000000000021e-01,1.791300000000000114e-01,-1.026999999999999962e-02,-3.749999999999999861e-03,-2.969999999999999984e-03,-2.860000000000000129e-03,-1.800000000000000113e-04,-3.069999999999999812e-03,-4.890000000000000249e-03,-5.219999999999999814e-03,-4.680000000000000132e-03,2.569999999999999802e-03,2.259999999999999856e-03,-5.412999999999999756e-02,-2.870999999999999941e-02,-2.819999999999999937e-02,1.990000000000000015e-03,7.500000000000000156e-04,-4.740000000000000289e-03,-2.943000000000000130e-02,-2.768999999999999934e-02
cd*c/cref,-4.468477694992931126e-02,-4.694573489604619843e-02,1.433120938833760960e-01,1.625295556419138476e-01,1.934208900897158578e-01,1.804408268229602819e-01,-7.782854323982070846e-03,-3.837097317234956003e-03,-2.690147337670604089e-03,-2.319119056074077801e-03,-1.539025387104771378e-04,-2.102942482026680295e-03,-2.999656781619977359e-03,-2.851942726584432482e-03,-2.241267110667408309e-03,-4.494643146687749696e-02,-4.710803648600660198e-02,1.397080174741539282e-01,1.586069441001279889e-01,1.887306905741412133e-01,1.747249327466181001e-01,-9.538175883925520751e-03,-3.307842514857720767e-03,-2.481284966733445299e-03,-2.256013775636687979e-03,-1.319164617518375467e-04,-2.049534418991081838e-03,-2.945446116891905879e-03,-2.803604714269442109e-03,-2.208237911141783597e-03,1.986489859228537849e-03,1.640252363499922683e-03,-3.674109700902518372e-02,-1.814272557940086600e-02,-1.650679401537028662e-02,1.538176972710035171e-03,5.443315365597088847e-04,-3.217306481115451804e-03,-1.859771556258333486e-02,-1.620826688956039999e-02
cl,7.513999999999999568e-01,9.272399999999999531e-01,1.274820000000000064e+00,1.488949999999999996e+00,1.675529999999999964e+00,1.733819999999999917e+00,1.087679999999999980e+00,8.047199999999999909e-01,5.694799999999999862e-01,3.346199999999999730e-01,2.581899999999999751e-01,2.326300000000000034e-01,2.094499999999999973e-01,1.811899999999999900e-01,1.353900000000000103e-01,7.400700000000000056e-01,9.152599999999999625e-01,1.259050000000000002e+00,1.471209999999999907e+00,1.654660000000000020e+00,1.708190000000000097e+00,1.059169999999999945e+00,7.973200000000000287e-01,5.659699999999999731e-01,3.326600000000000112e-01,2.565700000000000203e-01,2.311199999999999921e-01,2.080500000000000127e-01,1.799399999999999888e-01,1.344299999999999939e-01,-5.301000000000000156e-02,-2.700999999999999929e-02,-1.472700000000000120e-01,-2.980700000000000016e-01,-2.280800000000000050e-01,-5.294000000000000095e-02,-1.349999999999999985e-02,-8.665000000000000480e-02,-3.171900000000000275e-01,-2.199699999999999989e-01
cl*c/cref,1.092262244638154911e+00,1.254104385624024154e+00,1.595329405557156299e+00,1.712777846082720767e+00,1.758069349962143813e+00,1.691182844273663388e+00,1.010173626623964038e+00,7.098365409483480271e-01,4.757717720051725663e-01,2.639536117494924450e-01,1.892195069983718392e-01,1.553039712996402144e-01,1.261602636366072894e-01,9.731516057059007296e-02,6.388319033963377191e-02,1.075792546432472019e+00,1.237901276892977354e+00,1.575594584385825003e+00,1.692371063457711600e+00,1.736171259606429595e+00,1.666183123253757392e+00,9.836952045742349826e-01,7.033090650523621257e-01,4.728393443172148047e-01,2.624075323787764535e-01,1.880322588426053543e-01,1.542958941098432901e-01,1.253169866297261792e-01,9.664379928843742917e-02,6.343021846042519452e-02,-4.097425192128591187e-02,-1.960319306997031566e-02,-9.996049060630222971e-02,-1.883595337322193086e-01,-1.335060134406260701e-01,-4.092014519360264585e-02,-9.797967658074760791e-03,-5.881426299338689268e-02,-2.004420455078426144e-01,-1.287588467929433322e-01
cmx,7.793999999999999539e-02,3.006800000000000028e-01,7.319299999999999695e-01,1.316540000000000044e+00,2.092880000000000074e+00,3.350299999999999834e+00,3.178760000000000030e+00,3.227209999999999912e+00,2.976480000000000015e+00,2.204940000000000122e+00,2.040420000000000122e+00,2.040319999999999911e+00,2.058089999999999975e+00,2.017949999999999910e+00,1.735400000000000054e+00,-7.684000000000000552e-02,-2.968899999999999872e-01,-7.231100000000000305e-01,-1.301060000000000105e+00,-2.067089999999999872e+00,-3.300899999999999945e+00,-3.095330000000000137e+00,-3.197529999999999983e+00,-2.958140000000000214e+00,-2.191969999999999974e+00,-2.027590000000000003e+00,-2.027099999999999902e+00,-2.044290000000000163e+00,-2.004059999999999953e+00,-1.723139999999999894e+00,1.581000000000000114e-02,-2.660000000000000038e-03,-1.052499999999999963e-01,-3.948699999999999988e-01,-4.977500000000000258e-01,-1.658000000000000099e-02,2.210000000000000159e-03,7.514999999999999458e-02,4.077000000000000068e-01,4.804999999999999827e-01
cmx*c/cref,1.132964058385650813e-01,4.066736839107799595e-01,9.159484882645779757e-01,1.514450146399640929e+00,2.195978693994599773e+00,3.267911249824119402e+00,2.952246540680339759e+00,2.846693984633062779e+00,2.486698679388136490e+00,1.739291963095230376e+00,1.495361038264913178e+00,1.362119239659897341e+00,1.239671410779971783e+00,1.083818799455942727e+00,8.188410408109938476e-01,-1.116974060127706170e-01,-4.015476586945305737e-01,-9.049110042613351945e-01,-1.496643100456284570e+00,-2.168918236386843557e+00,-3.219726067678845727e+00,-2.874761631819978902e+00,-2.820513513742135547e+00,-2.471376535856186774e+00,-1.729061019504318564e+00,-1.485958326018934850e+00,-1.353293557243264722e+00,-1.231359108855000883e+00,-1.076358632888662514e+00,-8.130562124369342669e-01,1.222039092389229017e-02,-1.930562516331767739e-03,-7.143913652687790272e-02,-2.495304092489731840e-01,-2.913566213173958142e-01,-1.281556492840823375e-02,1.603963594395942322e-03,5.100856161515320009e-02,2.576380779770718887e-01,2.812593802973554213e-01
cmy,-1.930800000000000016e-01,-2.897799999999999820e-01,-4.304799999999999738e-01,-5.526299999999999546e-01,-6.795700000000000074e-01,-7.662400000000000322e-01,-5.250099999999999767e-01,-3.950500000000000123e-01,-2.692599999999999993e-01,-1.275999999999999912e-01,-1.011399999999999938e-01,-1.069599999999999995e-01,-1.157900000000000040e-01,-1.212899999999999950e-01,-1.123600000000000015e-01,-1.886099999999999999e-01,-2.855800000000000005e-01,-4.241599999999999815e-01,-5.453799999999999759e-01,-6.706600000000000339e-01,-7.542799999999999505e-01,-5.084499999999999575e-01,-3.923099999999999921e-01,-2.680899999999999950e-01,-1.271400000000000030e-01,-1.006699999999999956e-01,-1.063400000000000040e-01,-1.150199999999999972e-01,-1.204500000000000015e-01,-1.115400000000000003e-01,2.121300000000000130e-01,1.320199999999999985e-01,7.704800000000000537e-01,1.585439999999999960e+00,1.326330000000000009e+00,2.091000000000000081e-01,6.696000000000000563e-02,4.890700000000000047e-01,1.693449999999999900e+00,1.276440000000000019e+00
cmy*c/cref,-2.806680785130888922e-01,-3.919312894893767774e-01,-5.387093099451252254e-01,-6.357046382220316039e-01,-7.130467303801030221e-01,-7.473970438662905780e-01,-4.875986096221750499e-01,-3.484701827985446920e-01,-2.249531279941573980e-01,-1.006529222976368376e-01,-7.412239411989360316e-02,-7.140658027859483892e-02,-6.974503187626047984e-02,-6.514352792983536811e-02,-5.301658369570316082e-02,-2.741703246755421985e-01,-3.862507338407627500e-01,-5.308003644915544328e-01,-6.273647749733666235e-01,-7.036978091980515826e-01,-7.357311576626979210e-01,-4.722186492874324015e-01,-3.460532525343553156e-01,-2.239756520981714960e-01,-1.002900669351218521e-01,-7.377794558087491517e-02,-7.099266779006895012e-02,-6.928122952247586785e-02,-6.469237314822880169e-02,-5.262967021554583458e-02,1.639665734778792683e-01,9.581686594215035879e-02,5.229684172088255867e-01,1.001887942967792045e+00,7.763636917165274154e-01,1.616245251224464052e-01,4.859791958405081796e-02,3.319595107002392131e-01,1.070142759750484007e+00,7.471607146446542780e-01
cmz,-4.089999999999999886e-03,1.170999999999999992e-02,-2.671000000000000110e-02,-1.031200000000000033e-01,-2.166099999999999970e-01,-4.021199999999999775e-01,-5.400000000000000069e-04,5.190000000000000169e-03,8.200000000000000691e-03,1.286999999999999950e-02,-4.197000000000000036e-02,-1.554999999999999959e-02,5.539999999999999786e-03,1.660999999999999976e-02,2.305000000000000104e-02,4.190000000000000148e-03,-1.131000000000000061e-02,2.629000000000000087e-02,1.010699999999999932e-01,2.120700000000000085e-01,3.900299999999999878e-01,-6.060000000000000282e-03,-2.830000000000000050e-03,-6.930000000000000396e-03,-1.240999999999999916e-02,4.195000000000000118e-02,1.595999999999999849e-02,-4.859999999999999737e-03,-1.590000000000000094e-02,-2.237000000000000099e-02,2.122499999999999942e-01,2.340000000000000135e-01,6.535600000000000298e-01,1.349709999999999965e+00,1.532440000000000024e+00,-2.155799999999999939e-01,-7.187000000000000333e-02,-1.708199999999999996e-01,-1.524690000000000101e+00,-1.475859999999999950e+00
cmz*c/cref,-5.945372079544920980e-03,1.583793015363587145e-02,-3.342530586469591447e-02,-1.186216135451493847e-01,-2.272805631026003637e-01,-3.922312842967122237e-01,-5.015204456981286682e-04,4.578054040563085680e-03,6.850685766738805714e-03,1.015206199036509591e-02,-3.075852166513678640e-02,-1.038119225254440642e-02,3.336967584372424727e-03,8.921048717244335971e-03,1.087604355808079182e-02,6.090735700071692356e-03,-1.529692485376786537e-02,3.289971138835101616e-02,1.162634453162165182e-01,2.225169152724641441e-01,3.804385949822109425e-01,-5.628173890612333218e-03,-2.496318484545960188e-03,-5.789664922378039320e-03,-9.789206627850103454e-03,3.074386428049769721e-02,1.065490857560184683e-02,-2.927375895315881618e-03,-8.539715508981634423e-03,-1.055518847697472194e-02,1.640593278681934386e-01,1.698314394066292032e-01,4.436081906746444092e-01,8.529229586127879958e-01,8.970096248551079343e-01,-1.666332621994117413e-01,-5.216147671006170911e-02,-1.159452095156416479e-01,-9.634981631367715016e-01,-8.638906743093756058e-01
cs,-1.568999999999999909e-02,-5.290000000000000431e-03,5.179999999999999882e-02,1.802000000000000129e-02,5.969999999999999613e-03,-9.328000000000000180e-02,-4.887999999999999984e-02,-2.727999999999999869e-02,-2.002999999999999919e-02,-1.584999999999999951e-02,-9.872000000000000219e-02,-8.475000000000000588e-02,-7.280999999999999972e-02,-6.019000000000000045e-02,-4.386000000000000315e-02,1.590000000000000094e-02,5.879999999999999810e-03,-5.013999999999999707e-02,-1.677999999999999978e-02,-4.629999999999999567e-03,9.185999999999999721e-02,4.741000000000000075e-02,2.701999999999999888e-02,1.989000000000000143e-02,1.572000000000000133e-02,9.808999999999999664e-02,8.422000000000000319e-02,7.235999999999999377e-02,5.981999999999999817e-02,4.358999999999999680e-02,5.301999999999999769e-02,4.734000000000000014e-02,1.147900000000000031e-01,2.494399999999999951e-01,2.534500000000000086e-01,-5.448000000000000065e-02,-1.476000000000000055e-02,-2.580999999999999961e-02,-2.820900000000000074e-01,-2.444199999999999984e-01
cs*c/cref,-2.280755206065031987e-02,-7.154795090754377355e-03,6.482331874920435610e-02,2.072887389530248328e-02,6.264091970465463476e-03,-9.098610911965909764e-02,-4.539688775134172183e-02,-2.406345168141829985e-02,-1.673405315948515298e-02,-1.250273368665786797e-02,-7.234885057856334234e-02,-5.657916677833688124e-02,-4.385642776501014889e-02,-3.232738845821412493e-02,-2.069515273134158589e-02,2.311281566375654115e-02,7.952777908059685888e-03,-6.274596915222212246e-02,-1.930246969828943587e-02,-4.858081377429664116e-03,8.960102898511883296e-02,4.403163764916348533e-02,2.383410793372149616e-02,1.661709023176034805e-02,1.240018760594711021e-02,7.188714296243191304e-02,5.622533836072603902e-02,4.358537444136979105e-02,3.212866551869694026e-02,2.056775439031417393e-02,4.098198145381209273e-02,3.435820658764882768e-02,7.791447488760394613e-02,1.576287519514368574e-01,1.483562745814042405e-01,-4.211049320263453299e-02,-1.071244463949507127e-02,-1.751870891932274382e-02,-1.782612838276973477e-01,-1.430705884126526883e-01
cx,-3.073999999999999996e-02,-3.470999999999999780e-02,1.145199999999999968e-01,1.412899999999999989e-01,1.843400000000000039e-01,1.849899999999999878e-01,-8.380000000000000296e-03,-4.349999999999999700e-03,-3.220000000000000206e-03,-2.939999999999999905e-03,-2.100000000000000087e-04,-3.150000000000000022e-03,-4.980000000000000052e-03,-5.309999999999999616e-03,-4.749999999999999882e-03,-3.091999999999999957e-02,-3.482999999999999985e-02,1.116400000000000031e-01,1.378800000000000026e-01,1.798700000000000021e-01,1.791300000000000114e-01,-1.026999999999999962e-02,-3.749999999999999861e-03,-2.969999999999999984e-03,-2.860000000000000129e-03,-1.800000000000000113e-04,-3.069999999999999812e-03,-4.890000000000000249e-03,-5.219999999999999814e-03,-4.680000000000000132e-03,2.569999999999999802e-03,2.259999999999999856e-03,-5.412999999999999756e-02,-2.870999999999999941e-02,-2.819999999999999937e-02,1.990000000000000015e-03,7.500000000000000156e-04,-4.740000000000000289e-03,-2.943000000000000130e-02,-2.768999999999999934e-02
cx*c/cref,-4.468477694992931126e-02,-4.694573489604619843e-02,1.433120938833760960e-01,1.625295556419138476e-01,1.934208900897158578e-01,1.804408268229602819e-01,-7.782854323982070846e-03,-3.837097317234956003e-03,-2.690147337670604089e-03,-2.319119056074077801e-03,-1.539025387104771378e-04,-2.102942482026680295e-03,-2.999656781619977359e-03,-2.851942726584432482e-03,-2.241267110667408309e-03,-4.494643146687749696e-02,-4.710803648600660198e-02,1.397080174741539282e-01,1.586069441001279889e-01,1.887306905741412133e-01,1.747249327466181001e-01,-9.538175883925520751e-03,-3.307842514857720767e-03,-2.481284966733445299e-03,-2.256013775636687979e-03,-1.319164617518375467e-04,-2.049534418991081838e-03,-2.945446116891905879e-03,-2.803604714269442109e-03,-2.208237911141783597e-03,1.986489859228537849e-03,1.640252363499922683e-03,-3.674109700902518372e-02,-1.814272557940086600e-02,-1.650679401537028662e-02,1.538176972710035171e-03,5.443315365597088847e-04,-3.217306481115451804e-03,-1.859771556258333486e-02,-1.620826688956039999e-02
cy,-1.568999999999999909e-02,-5.290000000000000431e-03,5.179999999999999882e-02,1.802000000000000129e-02,5.969999999999999613e-03,-9.328000000000000180e-02,-4.887999999999999984e-02,-2.727999999999999869e-02,-2.002999999999999919e-02,-1.584999999999999951e-02,-9.872000000000000219e-02,-8.475000000000000588e-02,-7.280999999999999972e-02,-6.019000000000000045e-02,-4.386000000000000315e-02,1.590000000000000094e-02,5.879999999999999810e-03,-5.013999999999999707e-02,-1.677999999999999978e-02,-4.629999999999999567e-03,9.185999999999999721e-02,4.741000000000000075e-02,2.701999999999999888e-02,1.989000000000000143e-02,1.572000000000000133e-02,9.808999999999999664e-02,8.422000000000000319e-02,7.235999999999999377e-02,5.981999999999999817e-02,4.358999999999999680e-02,5.301999999999999769e-02,4.734000000000000014e-02,1.147900000000000031e-01,2.494399999999999951e-01,2.534500000000000086e-01,-5.448000000000000065e-02,-1.476000000000000055e-02,-2.580999999999999961e-02,-2.820900000000000074e-01,-2.444199999999999984e-01
cy*c/cref,-2.280755206065031987e-02,-7.154795090754377355e-03,6.482331874920435610e-02,2.072887389530248328e-02,6.264091970465463476e-03,-9.098610911965909764e-02,-4.539688775134172183e-02,-2.406345168141829985e-02,-1.673405315948515298e-02,-1.250273368665786797e-02,-7.234885057856334234e-02,-5.657916677833688124e-02,-4.385642776501014889e-02,-3.232738845821412493e-02,-2.069515273134158589e-02,2.311281566375654115e-02,7.952777908059685888e-03,-6.274596915222212246e-02,-1.930246969828943587e-02,-4.858081377429664116e-03,8.960102898511883296e-02,4.403163764916348533e-02,2.383410793372149616e-02,1.661709023176034805e-02,1.240018760594711021e-02,7.188714296243191304e-02,5.622533836072603902e-02,4.358537444136979105e-02,3.212866551869694026e-02,2.056775439031417393e-02,4.098198145381209273e-02,3.435820658764882768e-02,7.791447488760394613e-02,1.576287519514368574e-01,1.483562745814042405e-01,-4.211049320263453299e-02,-1.071244463949507127e-02,-1.751870891932274382e-02,-1.782612838276973477e-01,-1.430705884126526883e-01
cz,7.513999999999999568e-01,9.272399999999999531e-01,1.274820000000000064e+00,1.488949999999999996e+00,1.675529999999999964e+00,1.733819999999999917e+00,1.087679999999999980e+00,8.047199999999999909e-01,5.694799999999999862e-01,3.346199999999999730e-01,2.581899999999999751e-01,2.326300000000000034e-01,2.094499999999999973e-01,1.811899999999999900e-01,1.353900000000000103e-01,7.400700000000000056e-01,9.152599999999999625e-01,1.259050000000000002e+00,1.471209999999999907e+00,1.654660000000000020e+00,1.708190000000000097e+00,1.059169999999999945e+00,7.973200000000000287e-01,5.659699999999999731e-01,3.326600000000000112e-01,2.565700000000000203e-01,2.311199999999999921e-01,2.080500000000000127e-01,1.799399999999999888e-01,1.344299999999999939e-01,-5.301000000000000156e-02,-2.700999999999999929e-02,-1.472700000000000120e-01,-2.980700000000000016e-01,-2.280800000000000050e-01,-5.294000000000000095e-02,-1.349999999999999985e-02,-8.665000000000000480e-02,-3.171900000000000275e-01,-2.199699999999999989e-01
cz*c/cref,1.092262244638154911e+00,1.254104385624024154e+00,1.595329405557156299e+00,1.712777846082720767e+00,1.758069349962143813e+00,1.691182844273663388e+00,1.010173626623964038e+00,7.098365409483480271e-01,4.757717720051725663e-01,2.639536117494924450e-01,1.892195069983718392e-01,1.553039712996402144e-01,1.261602636366072894e-01,9.731516057059007296e-02,6.388319033963377191e-02,1.075792546432472019e+00,1.237901276892977354e+00,1.575594584385825003e+00,1.692371063457711600e+00,1.736171259606429595e+00,1.666183123253757392e+00,9.836952045742349826e-01,7.033090650523621257e-01,4.728393443172148047e-01,2.624075323787764535e-01,1.880322588426053543e-01,1.542958941098432901e-01,1.253169866297261792e-01,9.664379928843742917e-02,6.343021846042519452e-02,-4.097425192128591187e-02,-1.960319306997031566e-02,-9.996049060630222971e-02,-1.883595337322193086e-01,-1.335060134406260701e-01,-4.092014519360264585e-02,-9.797967658074760791e-03,-5.881426299338689268e-02,-2.004420455078426144e-01,-1.287588467929433322e-01
Results_Name,VSPAERO_Comp_Load
Results_Timestamp,1758045781
Results_Date,9,16,2025
Results_Time,14,3,1
AoA,0.000000000000000000e+00,0.000000000000000000e+00,0.000000000000000000e+00,0.000000000000000000e+00,0.000000000000000000e+00,0.000000000000000000e+00,0.000000000000000000e+00,0.000000000000000000e+00,0.000000000000000000e+00
Beta,0.000000000000000000e+00,0.000000000000000000e+00,0.000000000000000000e+00,0.000000000000000000e+00,0.000000000000000000e+00,0.000000000000000000e+00,0.000000000000000000e+00,0.000000000000000000e+00,0.000000000000000000e+00
CDi,0.000000000000000000e+00,2.278000000000000164e-02,2.195000000000000076e-02,-1.529999999999999893e-03,-8.099999999999999561e-04,0.000000000000000000e+00,0.000000000000000000e+00,0.000000000000000000e+00,0.000000000000000000e+00
CFx,0.000000000000000000e+00,2.278000000000000164e-02,2.195000000000000076e-02,-1.529999999999999893e-03,-8.099999999999999561e-04,0.000000000000000000e+00,0.000000000000000000e+00,0.000000000000000000e+00,0.000000000000000000e+00
CFy,0.000000000000000000e+00,-1.376999999999999925e-02,1.367999999999999945e-02,1.034999999999999983e-02,-8.829999999999999308e-03,0.000000000000000000e+00,0.000000000000000000e+00,0.000000000000000000e+00,0.000000000000000000e+00
CFz,0.000000000000000000e+00,5.026899999999999702e-01,4.955800000000000205e-01,-1.086999999999999945e-02,-9.889999999999999486e-03,0.000000000000000000e+00,0.000000000000000000e+00,0.000000000000000000e+00,0.000000000000000000e+00
CL,0.000000000000000000e+00,5.026899999999999702e-01,4.955800000000000205e-01,-1.086999999999999945e-02,-9.889999999999999486e-03,0.000000000000000000e+00,0.000000000000000000e+00,0.000000000000000000e+00,0.000000000000000000e+00
Cmx,0.000000000000000000e+00,8.866000000000000270e-02,-8.748000000000000220e-02,-6.999999999999999929e-04,6.700000000000000226e-04,-5.000000000000000240e-05,5.000000000000000240e-05,-0.000000000000000000e+00,0.000000000000000000e+00
Cmy,0.000000000000000000e+00,-2.112400000000000111e-01,-2.078899999999999915e-01,3.692000000000000143e-02,3.379000000000000059e-02,-3.439999999999999915e-03,-3.820000000000000045e-03,-0.000000000000000000e+00,1.000000000000000082e-05
Cmz,0.000000000000000000e+00,-3.190000000000000127e-03,3.079999999999999839e-03,3.069999999999999812e-03,-2.579999999999999828e-03,-4.000000000000000327e-05,4.000000000000000327e-05,2.000000000000000164e-05,8.000000000000000654e-05
Comp_ID,0,1,2,3,4,5,6,7,8
Comp_Name,NONE,main_wing,main_wing,horizontal_tail,horizontal_tail,fuselage,fuselage,fuselage,fuselage
Cs,0.000000000000000000e+00,-1.376999999999999925e-02,1.367999999999999945e-02,1.034999999999999983e-02,-8.829999999999999308e-03,0.000000000000000000e+00,0.000000000000000000e+00,0.000000000000000000e+00,0.000000000000000000e+00
Mach,1.499999999999999944e-01,1.499999999999999944e-01,1.499999999999999944e-01,1.499999999999999944e-01,1.499999999999999944e-01,1.499999999999999944e-01,1.499999999999999944e-01,1.499999999999999944e-01,1.499999999999999944e-01
Results_Name,VSPAERO_Load
Results_Timestamp,1758045781
Results_Date,9,16,2025
Results_Time,14,3,1
AnalysisMethod,0
Chord,1.735630000000000006e+00,1.614889999999999937e+00,1.494180000000000064e+00,1.373480000000000034e+00,1.252809999999999979e+00,1.164630000000000054e+00,1.108910000000000062e+00,1.053209999999999980e+00,9.975199999999999623e-01,9.418400000000000105e-01,8.750400000000000400e-01,7.971099999999999852e-01,7.191899999999999959e-01,6.412799999999999612e-01,5.633799999999999919e-01,1.735630000000000006e+00,1.614889999999999937e+00,1.494180000000000064e+00,1.373480000000000034e+00,1.252809999999999979e+00,1.164630000000000054e+00,1.108910000000000062e+00,1.053209999999999980e+00,9.975199999999999623e-01,9.418400000000000105e-01,8.750400000000000400e-01,7.971099999999999852e-01,7.191899999999999959e-01,6.412799999999999612e-01,5.633799999999999919e-01,9.229000000000000536e-01,8.665699999999999514e-01,8.104299999999999837e-01,7.545199999999999685e-01,6.988999999999999657e-01,9.229000000000000536e-01,8.665699999999999514e-01,8.104299999999999837e-01,7.545199999999999685e-01,6.988999999999999657e-01
FC_AoA_,1.000000000000000000e+00
FC_Beta_,0.000000000000000000e+00
FC_Bref_,1.417173599999999922e+01
FC_Cref_,1.193991999999999942e+00
FC_Mach_,1.499999999999999944e-01
FC_Pitch_Rate,0.000000000000000000e+00
FC_Rho_,2.377000000000000206e-03
FC_Roll__Rate,0.000000000000000000e+00
FC_Sref_,1.619368700000000061e+01
FC_Vinf_,5.100000000000000000e+01
FC_Xcg_,1.774861999999999940e+00
FC_Yaw___Rate,0.000000000000000000e+00
FC_Ycg_,0.000000000000000000e+00
FC_Zcg_,7.545150000000000468e-01
S,3.314000000000000279e-02,8.981999999999999706e-02,1.368900000000000117e-01,1.839600000000000124e-01,2.310300000000000131e-01,2.997400000000000064e-01,4.117600000000000149e-01,5.454599999999999449e-01,6.791700000000000514e-01,8.128699999999999815e-01,9.157600000000000184e-01,9.578200000000000047e-01,9.698700000000000099e-01,9.819200000000000150e-01,9.939700000000000202e-01,3.314000000000000279e-02,8.981999999999999706e-02,1.368900000000000117e-01,1.839600000000000124e-01,2.310300000000000131e-01,2.997400000000000064e-01,4.117600000000000149e-01,5.454599999999999449e-01,6.791700000000000514e-01,8.128699999999999815e-01,9.157600000000000184e-01,9.578200000000000047e-01,9.698700000000000099e-01,9.819200000000000150e-01,9.939700000000000202e-01,1.020299999999999957e-01,3.035599999999999965e-01,5.025399999999999867e-01,7.015200000000000324e-01,9.005100000000000326e-01,1.020299999999999957e-01,3.035599999999999965e-01,5.025399999999999867e-01,7.015200000000000324e-01,9.005100000000000326e-01
V/Vref,1.009470000000000089e+00,1.009339999999999904e+00,1.007530000000000037e+00,9.982100000000000417e-01,9.874500000000000499e-01,9.849099999999999522e-01,9.973400000000000043e-01,9.996199999999999530e-01,1.001730000000000009e+00,1.002999999999999892e+00,1.010510000000000019e+00,1.009300000000000086e+00,1.009279999999999955e+00,1.008590000000000098e+00,1.009200000000000097e+00,1.010720000000000063e+00,1.009900000000000020e+00,1.007810000000000095e+00,9.984600000000000142e-01,9.875099999999999989e-01,9.852499999999999591e-01,9.971299999999999608e-01,9.991700000000000026e-01,1.001500000000000057e+00,1.002850000000000019e+00,1.010340000000000016e+00,1.009179999999999966e+00,1.009169999999999900e+00,1.008480000000000043e+00,1.009079999999999977e+00,9.936500000000000332e-01,9.958000000000000185e-01,1.102659999999999973e+00,1.007630000000000026e+00,1.002520000000000078e+00,9.877099999999999769e-01,9.923899999999999944e-01,1.145250000000000101e+00,1.004850000000000021e+00,9.992600000000000371e-01
WingId,1,1,1,1,1,1,1,1,1,1,1,1,1,1,1,2,2,2,2,2,2,2,2,2,2,2,2,2,2,2,3,3,3,3,3,4,4,4,4,4
Xavg,2.391020000000000145e+00,2.380209999999999937e+00,2.369699999999999918e+00,2.359579999999999789e+00,2.349930000000000074e+00,2.337899999999999867e+00,2.323770000000000113e+00,2.309619999999999784e+00,2.295469999999999899e+00,2.281299999999999883e+00,2.284749999999999837e+00,2.305000000000000160e+00,2.325239999999999974e+00,2.345470000000000166e+00,2.365699999999999914e+00,2.391020000000000145e+00,2.380209999999999937e+00,2.369699999999999918e+00,2.359579999999999789e+00,2.349930000000000074e+00,2.337899999999999867e+00,2.323770000000000113e+00,2.309619999999999784e+00,2.295469999999999899e+00,2.281299999999999883e+00,2.284749999999999837e+00,2.305000000000000160e+00,2.325239999999999974e+00,2.345470000000000166e+00,2.365699999999999914e+00,5.722059999999999924e+00,5.820210000000000328e+00,5.918350000000000222e+00,6.016490000000000116e+00,6.114630000000000010e+00,5.722059999999999924e+00,5.820210000000000328e+00,5.918350000000000222e+00,6.016490000000000116e+00,6.114630000000000010e+00
Yavg,1.719199999999999895e-01,5.196100000000000163e-01,8.672999999999999599e-01,1.214979999999999949e+00,1.562650000000000095e+00,2.228590000000000071e+00,3.216559999999999864e+00,4.204550000000000232e+00,5.192569999999999908e+00,6.180620000000000225e+00,6.716649999999999565e+00,6.791660000000000252e+00,6.866660000000000430e+00,6.941650000000000098e+00,7.016610000000000014e+00,-1.719199999999999895e-01,-5.196100000000000163e-01,-8.672999999999999599e-01,-1.214979999999999949e+00,-1.562650000000000095e+00,-2.228590000000000071e+00,-3.216559999999999864e+00,-4.204550000000000232e+00,-5.192569999999999908e+00,-6.180620000000000225e+00,-6.716649999999999565e+00,-6.791660000000000252e+00,-6.866660000000000430e+00,-6.941650000000000098e+00,-7.016610000000000014e+00,1.078800000000000037e-01,3.257399999999999740e-01,5.435900000000000176e-01,7.614400000000000057e-01,9.792699999999999738e-01,-1.078800000000000037e-01,-3.257399999999999740e-01,-5.435900000000000176e-01,-7.614400000000000057e-01,-9.792699999999999738e-01
Zavg,1.033530000000000060e+00,1.043199999999999905e+00,1.052899999999999947e+00,1.062580000000000080e+00,1.072189999999999976e+00,1.094910000000000050e+00,1.130849999999999911e+00,1.166740000000000110e+00,1.202599999999999891e+00,1.238469999999999960e+00,1.270329999999999959e+00,1.298289999999999944e+00,1.326240000000000085e+00,1.354190000000000005e+00,1.382130000000000081e+00,1.033530000000000060e+00,1.043199999999999905e+00,1.052899999999999947e+00,1.062580000000000080e+00,1.072189999999999976e+00,1.094910000000000050e+00,1.130849999999999911e+00,1.166740000000000110e+00,1.202599999999999891e+00,1.238469999999999960e+00,1.270329999999999959e+00,1.298289999999999944e+00,1.326240000000000085e+00,1.354190000000000005e+00,1.382130000000000081e+00,3.777900000000000147e-01,5.956799999999999873e-01,8.135799999999999699e-01,1.031470000000000109e+00,1.249349999999999961e+00,3.777900000000000147e-01,5.956799999999999873e-01,8.135799999999999699e-01,1.031470000000000109e+00,1.249349999999999961e+00
cd,-2.634999999999999842e-02,-3.037000000000000116e-02,1.239699999999999969e-01,1.503599999999999937e-01,1.936299999999999966e-01,1.942599999999999882e-01,-5.989999999999999665e-03,-2.660000000000000038e-03,-1.860000000000000108e-03,-2.050000000000000173e-03,1.520000000000000084e-03,-3.059999999999999786e-03,-6.219999999999999835e-03,-6.890000000000000291e-03,-6.400000000000000307e-03,-2.653000000000000150e-02,-3.048999999999999974e-02,1.210100000000000064e-01,1.465500000000000136e-01,1.885199999999999931e-01,1.868700000000000083e-01,-8.949999999999999623e-03,-1.809999999999999977e-03,-1.500000000000000031e-03,-1.940000000000000101e-03,1.559999999999999972e-03,-2.939999999999999905e-03,-6.069999999999999875e-03,-6.749999999999999924e-03,-6.300000000000000044e-03,2.340000000000000066e-03,-1.018999999999999941e-02,-2.208999999999999853e-02,1.639999999999999965e-03,-2.450000000000000094e-02,2.340000000000000066e-03,-5.020000000000000157e-03,-1.700399999999999967e-01,-1.392999999999999967e-02,-2.488999999999999893e-02
cd*c/cref,-3.830331400880407355e-02,-4.107582739247834375e-02,1.551379696011363496e-01,1.729630121474850790e-01,2.031685306936729940e-01,1.894828640392900443e-01,-5.563161980984797361e-03,-2.346362957205743328e-03,-1.553936039772460835e-03,-1.617072811208115652e-03,1.113961232571072761e-03,-2.042858411111632411e-03,-3.746559273428967836e-03,-3.700543387225375177e-03,-3.019812528057139872e-03,-3.856496852575226619e-02,-4.123812898243874037e-02,1.514337799583246880e-01,1.685802702195659808e-01,1.978068037306782712e-01,1.822745948884079703e-01,-8.312237016663429415e-03,-1.596585320504659896e-03,-1.253174225622952307e-03,-1.530303050606704593e-03,1.143276001849258738e-03,-1.962746316558234942e-03,-3.656208165548847835e-03,-3.625350923624278462e-03,-2.972627957306246682e-03,1.808710611126373080e-03,-7.395651143391244672e-03,-1.499373421262453938e-02,1.036366072804507802e-03,-1.434100898498482518e-02,1.808710611126373080e-03,-3.643392418039652011e-03,-1.154157793352049294e-01,-8.802792313516338146e-03,-1.456929443413356243e-02
cl,8.206299999999999706e-01,1.000450000000000061e+00,1.350160000000000027e+00,1.568659999999999943e+00,1.759349999999999969e+00,1.821020000000000083e+00,1.182940000000000103e+00,9.011900000000000466e-01,6.639599999999999946e-01,4.183600000000000096e-01,3.304699999999999860e-01,3.019800000000000262e-01,2.762800000000000256e-01,2.434000000000000052e-01,1.864000000000000101e-01,8.087199999999999944e-01,9.865800000000000125e-01,1.332810000000000050e+00,1.548159999999999981e+00,1.734359999999999902e+00,1.788720000000000088e+00,1.144130000000000091e+00,8.911200000000000232e-01,6.593099999999999516e-01,4.158999999999999919e-01,3.284299999999999997e-01,3.000800000000000134e-01,2.744900000000000118e-01,2.417799999999999949e-01,1.851200000000000068e-01,-3.198000000000000148e-02,2.286100000000000076e-01,-5.609399999999999942e-01,-6.629399999999999737e-01,-2.327200000000000102e-01,-3.844000000000000195e-02,5.081999999999999712e-02,-2.269799999999999873e-01,-3.711900000000000199e-01,-2.110799999999999899e-01
cl*c/cref,1.192897479128838256e+00,1.353121880632366159e+00,1.689611043290072390e+00,1.804470328779422150e+00,1.846018460341442902e+00,1.776238469436981271e+00,1.098645548211378387e+00,7.949318922572345958e-01,5.547050392297435684e-01,3.300090640473303250e-01,2.421912950840541812e-01,2.016020859436244428e-01,1.664146939007966619e-01,1.307274688607628910e-01,8.795203987966419834e-02,1.175584671924099878e+00,1.334362521859443040e+00,1.667898985755348562e+00,1.780888646490093707e+00,1.819797412042961637e+00,1.744732773418917526e+00,1.062601088030740826e+00,7.860492324906699357e-01,5.508201991303123268e-01,3.280685766738806186e-01,2.406962418508666879e-01,2.003336444465289856e-01,1.653365040134272268e-01,1.298573846390930486e-01,8.734807737405277106e-02,-2.471904501872709825e-02,1.659195100972200854e-01,-3.807417505309918515e-01,-4.189320270152563364e-01,-1.362220249381905501e-01,-2.971232303064007610e-02,3.688390491728587434e-02,-1.540641825070854787e-01,-2.345662942465276124e-01,-1.235551092469631268e-01
cmx,8.486000000000000487e-02,3.242300000000000182e-01,7.769800000000000040e-01,1.389550000000000063e+00,2.201709999999999834e+00,3.524770000000000181e+00,3.455690000000000150e+00,3.613420000000000076e+00,3.469749999999999890e+00,2.756229999999999958e+00,2.610120000000000218e+00,2.645540000000000003e+00,2.710519999999999818e+00,2.705680000000000085e+00,2.384090000000000042e+00,-8.369999999999999662e-02,-3.198199999999999932e-01,-7.672299999999999676e-01,-1.371650000000000036e+00,-2.170790000000000219e+00,-3.462330000000000130e+00,-3.342000000000000082e+00,-3.573109999999999786e+00,-3.445479999999999876e+00,-2.740029999999999966e+00,-2.593999999999999861e+00,-2.628940000000000055e+00,-2.693049999999999944e+00,-2.687790000000000123e+00,-2.367840000000000167e+00,9.769999999999999171e-03,1.370599999999999874e-01,-4.320499999999999896e-01,-6.674299999999999677e-01,-5.028399999999999537e-01,-1.034000000000000023e-02,-2.791000000000000078e-02,1.753300000000000136e-01,4.307400000000000118e-01,4.590000000000000191e-01
cmx*c/cref,1.233555683790176216e-01,4.385253709405088074e-01,9.723247529296679126e-01,1.598435445128610688e+00,2.310169837905111656e+00,3.438090778748936760e+00,3.209442942582530378e+00,3.187366480009916181e+00,2.898800846236825546e+00,2.174158338749338615e+00,1.912876639709479187e+00,1.766164588539956837e+00,1.632656566208148696e+00,1.453191035115813046e+00,1.124922632814960410e+00,-1.216693503809070653e-01,-4.325607875094640287e-01,-9.601234525859470015e-01,-1.577844610349148136e+00,-2.277726668101629048e+00,-3.377186269170982857e+00,-3.103854313931751818e+00,-3.151809378203538792e+00,-2.878524487266246101e+00,-2.161379519460767007e+00,-1.901062787690369849e+00,-1.755082415460070155e+00,-1.622133673843710877e+00,-1.443582512445644506e+00,-1.117255140067940244e+00,7.551753278078915388e-03,9.947477386783160069e-02,-2.932568069970318270e-01,-4.217693951048248069e-01,-2.943360391024395506e-01,-7.992336632071238289e-03,-2.025639091384196996e-02,1.190064019691924324e-01,2.721977574389108367e-01,2.686744132288994003e-01
cmy,-2.001600000000000046e-01,-2.980700000000000016e-01,-4.407499999999999751e-01,-5.667299999999999560e-01,-6.982800000000000118e-01,-7.901099999999999790e-01,-5.519500000000000517e-01,-4.230300000000000171e-01,-2.976800000000000002e-01,-1.524500000000000022e-01,-1.258100000000000052e-01,-1.368000000000000049e-01,-1.525100000000000067e-01,-1.641400000000000081e-01,-1.574500000000000066e-01,-1.956600000000000006e-01,-2.929499999999999882e-01,-4.339899999999999869e-01,-5.584400000000000475e-01,-6.876200000000000090e-01,-7.750099999999999767e-01,-5.292299999999999782e-01,-4.191799999999999971e-01,-2.960900000000000198e-01,-1.518700000000000050e-01,-1.252199999999999980e-01,-1.360000000000000098e-01,-1.515100000000000058e-01,-1.630000000000000060e-01,-1.563100000000000045e-01,1.342299999999999882e-01,-1.016389999999999905e+00,3.284370000000000012e+00,3.660210000000000186e+00,1.372949999999999893e+00,1.641199999999999881e-01,-1.979200000000000126e-01,1.333839999999999915e+00,2.001700000000000035e+00,1.237170000000000103e+00
cmy*c/cref,-2.909598228463842196e-01,-4.031436243291412480e-01,-5.515613463071779021e-01,-6.519242343332283252e-01,-7.326784156007746240e-01,-7.706800458462033099e-01,-5.126189074131151102e-01,-3.731510984160698041e-01,-2.486966023222936251e-01,-1.202550000335010777e-01,-9.220227807221489935e-02,-9.132778779087298571e-02,-9.186298308531380685e-02,-8.815779268202801611e-02,-7.429210664728072566e-02,-2.844184599226795562e-01,-3.962187564908307147e-01,-5.431017780688648378e-01,-6.423880320806170108e-01,-7.214932865546838103e-01,-7.559513768098948816e-01,-4.915178990311492857e-01,-3.697550467674824981e-01,-2.473682376431332874e-01,-1.197974867503300012e-01,-9.176988522536165538e-02,-9.079370716051700374e-02,-9.126064236611301783e-02,-8.754551119270480297e-02,-7.375420254072054260e-02,1.037535150989286475e-01,-7.376708405918966927e-01,2.229287950924294215e+00,2.312998453255968201e+00,8.036525830993842545e-01,1.268570878196838836e-01,-1.436454636211967895e-01,9.053527588124543612e-01,1.264935346300477770e+00,7.241741259572929135e-01
cmz,-3.700000000000000164e-03,1.501000000000000077e-02,-1.943999999999999895e-02,-8.834999999999999798e-02,-1.913799999999999946e-01,-3.600499999999999812e-01,5.202999999999999986e-02,6.063000000000000334e-02,6.079999999999999988e-02,5.344999999999999751e-02,-2.126000000000000112e-02,1.784000000000000169e-02,5.194000000000000006e-02,6.772000000000000242e-02,7.230000000000000315e-02,3.799999999999999992e-03,-1.459000000000000054e-02,1.918999999999999873e-02,8.649999999999999356e-02,1.868799999999999906e-01,3.459599999999999898e-01,-6.015999999999999820e-02,-5.661000000000000060e-02,-5.854999999999999788e-02,-5.249000000000000193e-02,2.154999999999999971e-02,-1.684000000000000080e-02,-5.050000000000000322e-02,-6.626999999999999558e-02,-7.098999999999999755e-02,1.473399999999999987e-01,1.602090000000000014e+00,2.544309999999999850e+00,2.845999999999999919e-02,1.508960000000000079e+00,-1.653499999999999970e-01,-3.111800000000000122e-01,-1.136759999999999993e+00,-8.156499999999999861e-01,-1.392630000000000035e+00
cmz*c/cref,-5.378453959490515739e-03,2.030122387754691726e-02,-2.432751576224966364e-02,-1.016312990371794761e-01,-2.008076920113367470e-01,-3.511958467895932023e-01,4.832242368458080500e-02,5.348119778021963311e-02,5.079532861191699694e-02,4.216221549223110598e-02,-1.558079987135592426e-02,1.190999805693840688e-02,3.128557695528948190e-02,3.637166882190165373e-02,3.411444465289550226e-02,5.523817580017286247e-03,-1.973316831268551175e-02,2.401466190728246061e-02,9.950319600131322939e-02,1.960860146466643084e-01,3.374523403841901970e-01,-5.587309261703596319e-02,-4.993519060429215534e-02,-4.891556727348257000e-02,-4.140495212698243332e-02,1.579333194862277134e-02,-1.124239726899342769e-02,-3.041820631964033475e-02,-3.559288973460458111e-02,-3.349632677605880043e-02,1.138869322407520396e-01,1.162757481875925425e+00,1.726967310752500762e+00,1.798474294635139803e-02,8.832656701217429518e-01,-1.278078203204041641e-01,-2.258467833955336290e-01,-7.715833998887764444e-01,-5.154341385871932246e-01,-8.151722180718129485e-01
cs,-1.575000000000000011e-02,-5.619999999999999996e-03,5.185000000000000026e-02,1.726000000000000104e-02,5.539999999999999786e-03,-9.767000000000000681e-02,-5.231999999999999845e-02,-3.092999999999999916e-02,-2.364000000000000129e-02,-2.054999999999999882e-02,-1.241199999999999942e-01,-1.069100000000000050e-01,-9.260000000000000175e-02,-7.724999999999999922e-02,-5.734000000000000208e-02,1.595999999999999849e-02,6.179999999999999730e-03,-5.007999999999999952e-02,-1.565000000000000072e-02,-3.729999999999999809e-03,9.597999999999999587e-02,5.031999999999999668e-02,3.057999999999999954e-02,2.344999999999999862e-02,2.036999999999999922e-02,1.233299999999999952e-01,1.062700000000000033e-01,9.206999999999999906e-02,7.679999999999999327e-02,5.700999999999999818e-02,3.516999999999999987e-02,3.222700000000000009e-01,4.121299999999999963e-01,5.029999999999999749e-03,2.493100000000000038e-01,-3.878999999999999809e-02,-5.807999999999999968e-02,-1.644500000000000128e-01,-1.490900000000000003e-01,-2.306499999999999939e-01
cs*c/cref,-2.289477023296638408e-02,-7.601124463145481937e-03,6.488588952019778977e-02,1.985462616164932609e-02,5.812909466730095329e-03,-9.526815263418851598e-02,-4.859175873875202362e-02,-2.728308506254648047e-02,-1.975002579581772860e-02,-1.621016891235452229e-02,-9.096372907021152421e-02,-7.137320023919759004e-02,-5.577675059799395985e-02,-4.149012723703340844e-02,-2.705563286856193725e-02,2.320003383607260189e-02,8.358531882960689580e-03,-6.267088422703000206e-02,-1.800260135746303142e-02,-3.913745904495172061e-03,9.361971219237649744e-02,4.673427560653672930e-02,2.697435309449309343e-02,1.959129039390548541e-02,1.606818203137039616e-02,9.038476237696735360e-02,7.094593573491279892e-02,5.545751001681753500e-02,4.124843717545845917e-02,2.689992378508399007e-02,2.718476589457886200e-02,2.338956323827965367e-01,2.797359746966479044e-01,3.178610576955289216e-03,1.459329367365945485e-01,-2.998285666905641314e-02,-4.215303419118385936e-02,-1.116215297087417846e-01,-9.421452304538054101e-02,-1.350103560157857041e-01
cx,-4.066000000000000170e-02,-4.782000000000000139e-02,1.003899999999999931e-01,1.229599999999999999e-01,1.628999999999999893e-01,1.624500000000000111e-01,-2.664000000000000049e-02,-1.838000000000000050e-02,-1.344000000000000056e-02,-9.350000000000000672e-03,-4.250000000000000305e-03,-8.330000000000000598e-03,-1.103999999999999947e-02,-1.112999999999999927e-02,-9.660000000000000184e-03,-4.064000000000000251e-02,-4.771000000000000241e-02,9.772999999999999743e-02,1.195100000000000051e-01,1.582199999999999995e-01,1.556299999999999906e-01,-2.892000000000000126e-02,-1.736000000000000043e-02,-1.301000000000000073e-02,-9.190000000000000252e-03,-4.170000000000000095e-03,-8.170000000000000179e-03,-1.085999999999999986e-02,-1.097000000000000058e-02,-9.530000000000000276e-03,2.899999999999999800e-03,-1.417999999999999990e-02,-1.229000000000000058e-02,1.320999999999999952e-02,-2.043999999999999984e-02,3.010000000000000089e-03,-5.910000000000000323e-03,-1.660600000000000132e-01,-7.450000000000000025e-03,-2.120000000000000009e-02
cx*c/cref,-5.910484810618496510e-02,-6.467718359922008942e-02,1.256295940006298129e-01,1.414440806973581155e-01,1.709247206011430542e-01,1.584551182084972254e-01,-2.474167532110768328e-02,-1.621283877948931015e-02,-1.122844106158165170e-02,-7.375429651119942004e-03,-3.114694235807275498e-03,-5.561114563581666392e-03,-6.649841539976816818e-03,-5.977800856287143749e-03,-4.558029534536245028e-03,-5.907577538207961498e-02,-6.452840714175639425e-02,1.223008289837787810e-01,1.374754561169589107e-01,1.660141761418837125e-01,1.518028319285221195e-01,-2.685920609183311408e-02,-1.531310561544800899e-02,-1.086919778356973919e-02,-7.249219090245161493e-03,-3.056064697250903111e-03,-5.454298437510469479e-03,-6.541420210520673857e-03,-5.891866612171605885e-03,-4.496689592560084228e-03,2.241564432592513170e-03,-1.029149491788889682e-02,-8.341919125086265721e-03,8.347802330333871021e-03,-1.196449892461591037e-02,2.326589290380505232e-03,-4.289332508090506167e-03,-1.127143279016944999e-01,-4.707882464874136620e-03,-1.240936287680319619e-02
cy,-1.575000000000000011e-02,-5.619999999999999996e-03,5.185000000000000026e-02,1.726000000000000104e-02,5.539999999999999786e-03,-9.767000000000000681e-02,-5.231999999999999845e-02,-3.092999999999999916e-02,-2.364000000000000129e-02,-2.054999999999999882e-02,-1.241199999999999942e-01,-1.069100000000000050e-01,-9.260000000000000175e-02,-7.724999999999999922e-02,-5.734000000000000208e-02,1.595999999999999849e-02,6.179999999999999730e-03,-5.007999999999999952e-02,-1.565000000000000072e-02,-3.729999999999999809e-03,9.597999999999999587e-02,5.031999999999999668e-02,3.057999999999999954e-02,2.344999999999999862e-02,2.036999999999999922e-02,1.233299999999999952e-01,1.062700000000000033e-01,9.206999999999999906e-02,7.679999999999999327e-02,5.700999999999999818e-02,3.516999999999999987e-02,3.222700000000000009e-01,4.121299999999999963e-01,5.029999999999999749e-03,2.493100000000000038e-01,-3.878999999999999809e-02,-5.807999999999999968e-02,-1.644500000000000128e-01,-1.490900000000000003e-01,-2.306499999999999939e-01
cy*c/cref,-2.289477023296638408e-02,-7.601124463145481937e-03,6.488588952019778977e-02,1.985462616164932609e-02,5.812909466730095329e-03,-9.526815263418851598e-02,-4.859175873875202362e-02,-2.728308506254648047e-02,-1.975002579581772860e-02,-1.621016891235452229e-02,-9.096372907021152421e-02,-7.137320023919759004e-02,-5.577675059799395985e-02,-4.149012723703340844e-02,-2.705563286856193725e-02,2.320003383607260189e-02,8.358531882960689580e-03,-6.267088422703000206e-02,-1.800260135746303142e-02,-3.913745904495172061e-03,9.361971219237649744e-02,4.673427560653672930e-02,2.697435309449309343e-02,1.959129039390548541e-02,1.606818203137039616e-02,9.038476237696735360e-02,7.094593573491279892e-02,5.545751001681753500e-02,4.124843717545845917e-02,2.689992378508399007e-02,2.718476589457886200e-02,2.338956323827965367e-01,2.797359746966479044e-01,3.178610576955289216e-03,1.459329367365945485e-01,-2.998285666905641314e-02,-4.215303419118385936e-02,-1.116215297087417846e-01,-9.421452304538054101e-02,-1.350103560157857041e-01
cz,8.200399999999999912e-01,9.997700000000000475e-01,1.352119999999999989e+00,1.571050000000000058e+00,1.762459999999999916e+00,1.824130000000000029e+00,1.182649999999999979e+00,9.010099999999999776e-01,6.638300000000000312e-01,4.182600000000000207e-01,3.304500000000000215e-01,3.018799999999999817e-01,2.761299999999999866e-01,2.432400000000000118e-01,1.862600000000000089e-01,8.081399999999999695e-01,9.858999999999999986e-01,1.334719999999999906e+00,1.550480000000000080e+00,1.737389999999999990e+00,1.791709999999999914e+00,1.143799999999999928e+00,8.909599999999999742e-01,6.591799999999999882e-01,4.158000000000000029e-01,3.284099999999999797e-01,2.999800000000000244e-01,2.743399999999999728e-01,2.416200000000000014e-01,1.849800000000000055e-01,-3.193000000000000005e-02,2.283999999999999919e-01,-5.612399999999999611e-01,-6.628100000000000103e-01,-2.331100000000000116e-01,-3.839000000000000051e-02,5.072000000000000119e-02,-2.299100000000000033e-01,-3.713699999999999779e-01,-2.114800000000000013e-01
cz*c/cref,1.192039833767730483e+00,1.352202171622590487e+00,1.692063817513015156e+00,1.807219607836568542e+00,1.849281664031249717e+00,1.779271990013333582e+00,1.098376213157207237e+00,7.947731158165213250e-01,5.545964307968562768e-01,3.299301824467836264e-01,2.421766376994151093e-01,2.015353258648299173e-01,1.663243427929165241e-01,1.306415346166473479e-01,8.788598148061294024e-02,1.174741562925044613e+00,1.333442812849667369e+00,1.670289189207297742e+00,1.783557402729666563e+00,1.822976674801841224e+00,1.747649244969815552e+00,1.062294603313925112e+00,7.859080978767026826e-01,5.507115906974250352e-01,3.279896950733338645e-01,2.406815844662275883e-01,2.002668843677344879e-01,1.652461529055470890e-01,1.297714503949775056e-01,8.728201897500151296e-02,-2.468039735609619048e-02,1.657670972669833542e-01,-3.809453775234674655e-01,-4.188498760460706571e-01,-1.364503103873392909e-01,-2.967367536800917180e-02,3.681132737907791969e-02,-1.560529394669311065e-01,-2.346800417423232088e-01,-1.237892481691669766e-01
Results_Name,VSPAERO_Comp_Load
Results_Timestamp,1758045781
Results_Date,9,16,2025
Results_Time,14,3,1
AoA,1.000000000000000000e+00,1.000000000000000000e+00,1.000000000000000000e+00,1.000000000000000000e+00,1.000000000000000000e+00,1.000000000000000000e+00,1.000000000000000000e+00,1.000000000000000000e+00,1.000000000000000000e+00
Beta,0.000000000000000000e+00,0.000000000000000000e+00,0.000000000000000000e+00,0.000000000000000000e+00,0.000000000000000000e+00,0.000000000000000000e+00,0.000000000000000000e+00,0.000000000000000000e+00,0.000000000000000000e+00
CDi,0.000000000000000000e+00,2.500000000000000139e-02,2.398000000000000131e-02,-7.600000000000000418e-04,-3.160000000000000048e-03,0.000000000000000000e+00,0.000000000000000000e+00,0.000000000000000000e+00,0.000000000000000000e+00
CFx,0.000000000000000000e+00,1.546999999999999938e-02,1.460999999999999972e-02,-4.499999999999999877e-04,-2.959999999999999958e-03,0.000000000000000000e+00,0.000000000000000000e+00,0.000000000000000000e+00,0.000000000000000000e+00
CFy,0.000000000000000000e+00,-1.545999999999999978e-02,1.532000000000000028e-02,1.549000000000000030e-02,-9.299999999999999239e-03,0.000000000000000000e+00,0.000000000000000000e+00,0.000000000000000000e+00,0.000000000000000000e+00
CFz,0.000000000000000000e+00,5.461899999999999533e-01,5.372599999999999598e-01,-1.793000000000000149e-02,-1.144000000000000052e-02,0.000000000000000000e+00,0.000000000000000000e+00,0.000000000000000000e+00,0.000000000000000000e+00
CL,0.000000000000000000e+00,5.458300000000000374e-01,5.369199999999999529e-01,-1.791999999999999843e-02,-1.139000000000000082e-02,0.000000000000000000e+00,0.000000000000000000e+00,0.000000000000000000e+00,0.000000000000000000e+00
Cmx,0.000000000000000000e+00,9.861000000000000321e-02,-9.707000000000000350e-02,-1.059999999999999961e-03,7.399999999999999894e-04,-5.000000000000000240e-05,5.000000000000000240e-05,-0.000000000000000000e+00,1.000000000000000082e-05
Cmy,0.000000000000000000e+00,-2.214099999999999957e-01,-2.172099999999999864e-01,6.740999999999999770e-02,4.127999999999999725e-02,-8.599999999999999789e-04,-1.389999999999999960e-03,-1.000000000000000082e-05,-6.000000000000000152e-05
Cmz,0.000000000000000000e+00,-1.830000000000000029e-03,1.719999999999999958e-03,4.980000000000000052e-03,-3.010000000000000089e-03,-2.000000000000000164e-05,3.000000000000000076e-05,2.000000000000000164e-05,1.100000000000000039e-04
Comp_ID,0,1,2,3,4,5,6,7,8
Comp_Name,NONE,main_wing,main_wing,horizontal_tail,horizontal_tail,fuselage,fuselage,fuselage,fuselage
Cs,0.000000000000000000e+00,-1.545999999999999978e-02,1.532000000000000028e-02,1.549000000000000030e-02,-9.299999999999999239e-03,0.000000000000000000e+00,0.000000000000000000e+00,0.000000000000000000e+00,0.000000000000000000e+00
Mach,1.499999999999999944e-01,1.499999999999999944e-01,1.499999999999999944e-01,1.499999999999999944e-01,1.499999999999999944e-01,1.499999999999999944e-01,1.499999999999999944e-01,1.499999999999999944e-01,1.499999999999999944e-01
Results_Name,VSPAERO_Load
Results_Timestamp,1758045781
Results_Date,9,16,2025
Results_Time,14,3,1
AnalysisMethod,0
Chord,1.735630000000000006e+00,1.614889999999999937e+00,1.494180000000000064e+00,1.373480000000000034e+00,1.252809999999999979e+00,1.164630000000000054e+00,1.108910000000000062e+00,1.053209999999999980e+00,9.975199999999999623e-01,9.418400000000000105e-01,8.750400000000000400e-01,7.971099999999999852e-01,7.191899999999999959e-01,6.412799999999999612e-01,5.633799999999999919e-01,1.735630000000000006e+00,1.614889999999999937e+00,1.494180000000000064e+00,1.373480000000000034e+00,1.252809999999999979e+00,1.164630000000000054e+00,1.108910000000000062e+00,1.053209999999999980e+00,9.975199999999999623e-01,9.418400000000000105e-01,8.750400000000000400e-01,7.971099999999999852e-01,7.191899999999999959e-01,6.412799999999999612e-01,5.633799999999999919e-01,9.229000000000000536e-01,8.665699999999999514e-01,8.104299999999999837e-01,7.545199999999999685e-01,6.988999999999999657e-01,9.229000000000000536e-01,8.665699999999999514e-01,8.104299999999999837e-01,7.545199999999999685e-01,6.988999999999999657e-01
FC_AoA_,2.000000000000000000e+00
FC_Beta_,0.000000000000000000e+00
FC_Bref_,1.417173599999999922e+01
FC_Cref_,1.193991999999999942e+00
FC_Mach_,1.499999999999999944e-01
FC_Pitch_Rate,0.000000000000000000e+00
FC_Rho_,2.377000000000000206e-03
FC_Roll__Rate,0.000000000000000000e+00
FC_Sref_,1.619368700000000061e+01
FC_Vinf_,5.100000000000000000e+01
FC_Xcg_,1.774861999999999940e+00
FC_Yaw___Rate,0.000000000000000000e+00
FC_Ycg_,0.000000000000000000e+00
FC_Zcg_,7.545150000000000468e-01
S,3.314000000000000279e-02,8.981999999999999706e-02,1.368900000000000117e-01,1.839600000000000124e-01,2.310300000000000131e-01,2.997400000000000064e-01,4.117600000000000149e-01,5.454599999999999449e-01,6.791700000000000514e-01,8.128699999999999815e-01,9.157600000000000184e-01,9.578200000000000047e-01,9.698700000000000099e-01,9.819200000000000150e-01,9.939700000000000202e-01,3.314000000000000279e-02,8.981999999999999706e-02,1.368900000000000117e-01,1.839600000000000124e-01,2.310300000000000131e-01,2.997400000000000064e-01,4.117600000000000149e-01,5.454599999999999449e-01,6.791700000000000514e-01,8.128699999999999815e-01,9.157600000000000184e-01,9.578200000000000047e-01,9.698700000000000099e-01,9.819200000000000150e-01,9.939700000000000202e-01,1.020299999999999957e-01,3.035599999999999965e-01,5.025399999999999867e-01,7.015200000000000324e-01,9.005100000000000326e-01,1.020299999999999957e-01,3.035599999999999965e-01,5.025399999999999867e-01,7.015200000000000324e-01,9.005100000000000326e-01
V/Vref,1.009849999999999914e+00,1.009880000000000111e+00,1.008459999999999912e+00,9.996300000000000185e-01,9.894500000000000517e-01,9.874500000000000499e-01,9.989000000000000101e-01,1.001179999999999959e+00,1.002010000000000067e+00,1.003060000000000063e+00,1.011679999999999913e+00,1.010440000000000005e+00,1.010459999999999914e+00,1.009779999999999900e+00,1.010690000000000088e+00,1.010869999999999935e+00,1.010459999999999914e+00,1.008950000000000014e+00,1.000129999999999963e+00,9.898700000000000276e-01,9.880499999999999838e-01,9.990599999999999481e-01,1.001149999999999984e+00,1.002040000000000042e+00,1.003100000000000103e+00,1.011689999999999978e+00,1.010459999999999914e+00,1.010490000000000110e+00,1.009800000000000031e+00,1.010709999999999997e+00,9.707900000000000418e-01,9.786200000000000454e-01,1.383890000000000065e+00,1.004569999999999963e+00,1.000159999999999938e+00,9.846000000000000307e-01,9.815300000000000136e-01,1.417929999999999913e+00,1.012939999999999952e+00,1.006380000000000052e+00
WingId,1,1,1,1,1,1,1,1,1,1,1,1,1,1,1,2,2,2,2,2,2,2,2,2,2,2,2,2,2,2,3,3,3,3,3,4,4,4,4,4
Xavg,2.391020000000000145e+00,2.380209999999999937e+00,2.369699999999999918e+00,2.359579999999999789e+00,2.349930000000000074e+00,2.337899999999999867e+00,2.323770000000000113e+00,2.309619999999999784e+00,2.295469999999999899e+00,2.281299999999999883e+00,2.284749999999999837e+00,2.305000000000000160e+00,2.325239999999999974e+00,2.345470000000000166e+00,2.365699999999999914e+00,2.391020000000000145e+00,2.380209999999999937e+00,2.369699999999999918e+00,2.359579999999999789e+00,2.349930000000000074e+00,2.337899999999999867e+00,2.323770000000000113e+00,2.309619999999999784e+00,2.295469999999999899e+00,2.281299999999999883e+00,2.284749999999999837e+00,2.305000000000000160e+00,2.325239999999999974e+00,2.345470000000000166e+00,2.365699999999999914e+00,5.722059999999999924e+00,5.820210000000000328e+00,5.918350000000000222e+00,6.016490000000000116e+00,6.114630000000000010e+00,5.722059999999999924e+00,5.820210000000000328e+00,5.918350000000000222e+00,6.016490000000000116e+00,6.114630000000000010e+00
Yavg,1.719199999999999895e-01,5.196100000000000163e-01,8.672999999999999599e-01,1.214979999999999949e+00,1.562650000000000095e+00,2.228590000000000071e+00,3.216559999999999864e+00,4.204550000000000232e+00,5.192569999999999908e+00,6.180620000000000225e+00,6.716649999999999565e+00,6.791660000000000252e+00,6.866660000000000430e+00,6.941650000000000098e+00,7.016610000000000014e+00,-1.719199999999999895e-01,-5.196100000000000163e-01,-8.672999999999999599e-01,-1.214979999999999949e+00,-1.562650000000000095e+00,-2.228590000000000071e+00,-3.216559999999999864e+00,-4.204550000000000232e+00,-5.192569999999999908e+00,-6.180620000000000225e+00,-6.716649999999999565e+00,-6.791660000000000252e+00,-6.866660000000000430e+00,-6.941650000000000098e+00,-7.016610000000000014e+00,1.078800000000000037e-01,3.257399999999999740e-01,5.435900000000000176e-01,7.614400000000000057e-01,9.792699999999999738e-01,-1.078800000000000037e-01,-3.257399999999999740e-01,-5.435900000000000176e-01,-7.614400000000000057e-01,-9.792699999999999738e-01
Zavg,1.033530000000000060e+00,1.043199999999999905e+00,1.052899999999999947e+00,1.062580000000000080e+00,1.072189999999999976e+00,1.094910000000000050e+00,1.130849999999999911e+00,1.166740000000000110e+00,1.202599999999999891e+00,1.238469999999999960e+00,1.270329999999999959e+00,1.298289999999999944e+00,1.326240000000000085e+00,1.354190000000000005e+00,1.382130000000000081e+00,1.033530000000000060e+00,1.043199999999999905e+00,1.052899999999999947e+00,1.062580000000000080e+00,1.072189999999999976e+00,1.094910000000000050e+00,1.130849999999999911e+00,1.166740000000000110e+00,1.202599999999999891e+00,1.238469999999999960e+00,1.270329999999999959e+00,1.298289999999999944e+00,1.326240000000000085e+00,1.354190000000000005e+00,1.382130000000000081e+00,3.777900000000000147e-01,5.956799999999999873e-01,8.135799999999999699e-01,1.031470000000000109e+00,1.249349999999999961e+00,3.777900000000000147e-01,5.956799999999999873e-01,8.135799999999999699e-01,1.031470000000000109e+00,1.249349999999999961e+00
cd,-2.079999999999999905e-02,-2.551000000000000142e-02,1.336799999999999933e-01,1.592200000000000004e-01,2.025599999999999901e-01,2.032599999999999962e-01,-3.409999999999999837e-03,-3.899999999999999929e-04,2.000000000000000164e-05,-5.699999999999999772e-04,3.830000000000000071e-03,-2.680000000000000090e-03,-7.450000000000000025e-03,-8.529999999999999388e-03,-8.250000000000000389e-03,-2.080999999999999864e-02,-2.528999999999999998e-02,1.327899999999999914e-01,1.577699999999999936e-01,2.000800000000000078e-01,1.991100000000000092e-01,-5.329999999999999669e-03,1.299999999999999886e-04,2.599999999999999772e-04,-4.899999999999999842e-04,3.850000000000000124e-03,-2.579999999999999828e-03,-7.329999999999999710e-03,-8.420000000000000401e-03,-8.160000000000000586e-03,-2.799999999999999755e-04,-4.769999999999999934e-03,-7.824400000000000244e-01,-5.818999999999999867e-02,-3.878000000000000197e-02,2.799999999999999755e-04,-5.199999999999999761e-03,-9.343799999999999883e-01,-7.548000000000000542e-02,-5.036999999999999811e-02
cd*c/cref,-3.023563306956830385e-02,-3.450261299908206902e-02,1.672892133280624860e-01,1.831549002003363402e-01,2.125384371084563240e-01,1.982615409483480806e-01,-3.167008740427071454e-03,-3.440156215452029793e-04,1.670898967497269711e-05,-4.496251231164028069e-04,2.806889158386321331e-03,-1.789170111692540933e-03,-4.487438358045950371e-03,-4.581369389409643486e-03,-3.892727086948656948e-03,-3.025016943162097890e-02,-3.420506008415466481e-02,1.661754536043792418e-01,1.814869275506033330e-01,2.099362682497035171e-01,1.942135954847268864e-01,-4.950192547353750826e-03,1.146718738484009750e-04,2.172168657746450387e-04,-3.865198426790129307e-04,2.821546543025414428e-03,-1.722410032898042970e-03,-4.415157471741854196e-03,-4.522289596580211964e-03,-3.850260973272853250e-03,-2.164269107330702617e-04,-3.461948572519748905e-03,-5.310863466421885670e-01,-3.677203766859409029e-02,-2.269976850766169604e-02,2.164269107330702617e-04,-3.774031986813981832e-03,-6.342166307646952550e-01,-4.769811657029528196e-02,-2.948394377851778006e-02
cl,8.953299999999999592e-01,1.078600000000000003e+00,1.427450000000000108e+00,1.649629999999999930e+00,1.843739999999999934e+00,1.907890000000000086e+00,1.276690000000000103e+00,9.960700000000000109e-01,7.548799999999999955e-01,5.000999999999999890e-01,4.009599999999999831e-01,3.692400000000000126e-01,3.409300000000000108e-01,3.029700000000000171e-01,2.346999999999999920e-01,8.880900000000000460e-01,1.071250000000000036e+00,1.419030000000000014e+00,1.639429999999999943e+00,1.830659999999999954e+00,1.890069999999999917e+00,1.253740000000000077e+00,9.897500000000000187e-01,7.517399999999999638e-01,4.982599999999999807e-01,3.994699999999999918e-01,3.678799999999999848e-01,3.396500000000000075e-01,3.018299999999999872e-01,2.337899999999999978e-01,-6.019999999999999657e-02,5.782999999999999946e-02,-4.392000000000000071e-02,-3.190200000000000258e-01,-2.272500000000000075e-01,-1.163700000000000012e-01,1.158399999999999985e-01,-2.860099999999999865e-01,-4.757600000000000162e-01,-2.982600000000000251e-01
cl*c/cref,1.301484103662336134e+00,1.458820791094077585e+00,1.786332941091732796e+00,1.897612222192443410e+00,1.934565649853600355e+00,1.860972209780300313e+00,1.185715070033970253e+00,8.786247183398213645e-01,6.306641062921694019e-01,3.944868843342334563e-01,2.938512472445376500e-01,2.465049149408036488e-01,2.053560213971283022e-01,1.627218621230293039e-01,1.107421875523454113e-01,1.290959777536198061e+00,1.448879818709003064e+00,1.775796023256437373e+00,1.885878897346045857e+00,1.920841307646952378e+00,1.843590429500365113e+00,1.164400451091799793e+00,8.730499010881145328e-01,6.280407949131987522e-01,3.930354628841734588e-01,2.927592720889252154e-01,2.455969778691984573e-01,2.045850252765512856e-01,1.621095806337060630e-01,1.103128079585122961e-01,-4.653178580761010291e-02,4.197159034566395885e-02,-2.981099169843684157e-02,-2.015984783817647008e-01,-1.330201751770531127e-01,-8.994857000716924289e-02,8.407382026010223885e-02,-1.941311870598798062e-01,-3.006472699984589769e-01,-1.745856873412887367e-01
cmx,9.229999999999999316e-02,3.492799999999999794e-01,8.231500000000000483e-01,1.463549999999999907e+00,2.310950000000000060e+00,3.698100000000000165e+00,3.727209999999999912e+00,3.992309999999999803e+00,3.943350000000000133e+00,3.293639999999999901e+00,3.164509999999999934e+00,3.230360000000000120e+00,3.338309999999999889e+00,3.359690000000000065e+00,2.993729999999999780e+00,-9.159000000000000474e-02,-3.469300000000000161e-01,-8.183799999999999963e-01,-1.454639999999999933e+00,-2.294750000000000068e+00,-3.663569999999999993e+00,-3.659899999999999931e+00,-3.967049999999999965e+00,-3.926969999999999850e+00,-3.281530000000000058e+00,-3.152759999999999785e+00,-3.218459999999999877e+00,-3.325870000000000104e+00,-3.347129999999999939e+00,-2.982190000000000119e+00,1.857999999999999929e-02,5.630000000000000282e-02,-1.035800000000000054e-01,-4.532100000000000017e-01,-5.004999999999999449e-01,-3.525999999999999968e-02,-1.114300000000000013e-01,3.094700000000000228e-01,6.415699999999999736e-01,6.506600000000000161e-01
cmx*c/cref,1.341706217462093342e-01,4.724058278447426651e-01,1.030102602865010875e+00,1.683559566563259891e+00,2.424791179086627224e+00,3.607158341931939738e+00,3.461614852612077797e+00,3.521582066797767308e+00,3.294469721740179047e+00,2.598075948247559719e+00,2.319172013212818850e+00,2.156590881345938904e+00,2.010800046315218026e+00,1.804452628828333793e+00,1.412578649940703146e+00,-1.331385400404692942e-01,-4.692274217080181775e-01,-1.024133351312236595e+00,-1.673310162212142016e+00,-2.407793140573806223e+00,-3.573477484857520370e+00,-3.399101257797372266e+00,-3.499300439617685665e+00,-3.280785059196376530e+00,-2.588523386421349937e+00,-2.310560799737351623e+00,-2.148646431969393422e+00,-2.003306927768360168e+00,-1.797706790665263954e+00,-1.407133550476050265e+00,1.436147143364444739e-02,4.086115401108215278e-02,-7.030561293543005630e-02,-2.863972364973969564e-01,-2.929663264075471063e-01,-2.725433168731448974e-02,-8.087315082513114872e-02,2.100548178714765346e-01,4.054276715421878396e-01,3.808620778028664056e-01
cmy,-2.090200000000000113e-01,-3.084500000000000020e-01,-4.513900000000000134e-01,-5.813199999999999479e-01,-7.175300000000000011e-01,-8.145299999999999763e-01,-5.789600000000000302e-01,-4.515700000000000269e-01,-3.255399999999999960e-01,-1.776099999999999901e-01,-1.504900000000000126e-01,-1.665300000000000114e-01,-1.891599999999999948e-01,-2.062299999999999967e-01,-2.010899999999999910e-01,-2.065599999999999936e-01,-3.061499999999999777e-01,-4.485500000000000043e-01,-5.775200000000000333e-01,-7.121499999999999497e-01,-8.062000000000000277e-01,-5.653700000000000392e-01,-4.491700000000000137e-01,-3.244699999999999807e-01,-1.771300000000000097e-01,-1.500400000000000067e-01,-1.659400000000000042e-01,-1.884200000000000041e-01,-2.054100000000000092e-01,-2.002500000000000113e-01,2.437799999999999967e-01,-2.856099999999999750e-01,3.144899999999999918e-01,1.705109999999999904e+00,1.330959999999999921e+00,4.795599999999999863e-01,-6.048000000000000043e-01,1.423000000000000043e+00,2.549539999999999917e+00,1.751270000000000104e+00
cmy*c/cref,-3.038390396250561509e-01,-4.171827118607159823e-01,-5.648764063745821407e-01,-6.687074901674382454e-01,-7.528767021052067410e-01,-7.944995225261141103e-01,-5.377042171136825477e-01,-3.983259851824803022e-01,-2.719722249395305491e-01,-1.401016107310601722e-01,-1.102894907168557453e-01,-1.111755592164771766e-01,-1.139387704440230770e-01,-1.107638697746718554e-01,-9.488345332297033752e-02,-3.002630945600975321e-01,-4.140719313864749118e-01,-5.613223865821547198e-01,-6.643362514991725254e-01,-7.472316745003316774e-01,-7.863743693425082615e-01,-5.250826192302796569e-01,-3.962089659729713387e-01,-2.710782939919195167e-01,-1.397229790484358636e-01,-1.099596995624761431e-01,-1.107816747515896344e-01,-1.134930383118144953e-01,-1.103234567735797284e-01,-9.448710292866284444e-02,1.884305439232423773e-01,-2.072887068757579276e-01,2.134621762122359268e-01,1.077511069755911155e+00,7.790738497410367724e-01,3.706774618255399001e-01,-4.389489510817493056e-01,9.658707009762209639e-01,1.611132169059759089e+00,1.025101175719770552e+00
cmz,-3.220000000000000206e-03,1.888000000000000095e-02,-1.094999999999999966e-02,-7.127000000000000002e-02,-1.622699999999999976e-01,-3.116599999999999926e-01,1.135899999999999965e-01,1.269599999999999895e-01,1.272099999999999898e-01,1.087999999999999939e-01,1.422999999999999959e-02,6.963999999999999357e-02,1.211900000000000061e-01,1.444900000000000073e-01,1.476500000000000035e-01,3.259999999999999877e-03,-1.863000000000000073e-02,1.108999999999999916e-02,7.087000000000000244e-02,1.605000000000000038e-01,3.043699999999999739e-01,-1.177399999999999974e-01,-1.240600000000000036e-01,-1.254099999999999937e-01,-1.079100000000000059e-01,-1.386000000000000079e-02,-6.866999999999999493e-02,-1.198199999999999960e-01,-1.430899999999999950e-01,-1.463700000000000001e-01,2.478299999999999947e-01,5.996200000000000419e-01,3.808739999999999792e+00,1.962579999999999991e+00,1.563090000000000090e+00,-4.791300000000000003e-01,-1.076009999999999911e+00,-5.908059999999999867e+00,-2.457399999999999807e+00,-2.005739999999999856e+00
cmz*c/cref,-4.680708580962016779e-03,2.553545015376987651e-02,-1.370299884756346828e-02,-8.198373154929011752e-02,-1.702636857700889073e-01,-3.039958272752246171e-01,1.054957544941674680e-01,1.119903161830229921e-01,1.062775288276638225e-01,8.582318139485022035e-02,1.042872917071471263e-02,4.649171887248825658e-02,7.299767175994480162e-02,7.760399332658844684e-02,6.966801871369322774e-02,4.738854029172724809e-03,-2.519732184135237141e-02,1.387819700634509990e-02,8.152360116315687799e-02,1.684064926733177536e-01,2.968850989788875960e-01,-1.093500319935142018e-01,-1.094322513048663625e-01,-1.047737197569162809e-01,-8.512113514998427555e-02,-1.015756755489149142e-02,-4.584414610818163260e-02,-7.217246497463969401e-02,-7.685206869057747969e-02,-6.906405620808180046e-02,1.915610045963457297e-01,4.351894346025769189e-01,2.585207571072503097e+00,1.240214223880897082e+00,9.149505197689767888e-01,-3.703450919269141162e-01,-7.809415688714831383e-01,-4.010134963885855441e+00,-1.552906089823047120e+00,-1.174054504552794365e+00
cs,-1.555999999999999918e-02,-5.870000000000000218e-03,5.195999999999999924e-02,1.628999999999999893e-02,5.069999999999999854e-03,-1.021600000000000008e-01,-5.557999999999999746e-02,-3.448999999999999982e-02,-2.716000000000000011e-02,-2.540999999999999856e-02,-1.477600000000000025e-01,-1.265999999999999903e-01,-1.095000000000000001e-01,-9.074000000000000121e-02,-6.769000000000000017e-02,1.566999999999999990e-02,6.060000000000000282e-03,-5.124999999999999695e-02,-1.548000000000000070e-02,-3.989999999999999623e-03,1.012500000000000067e-01,5.442000000000000309e-02,3.427999999999999797e-02,2.702999999999999847e-02,2.527000000000000079e-02,1.471699999999999953e-01,1.261500000000000121e-01,1.091300000000000048e-01,9.045000000000000262e-02,6.747999999999999832e-02,6.108999999999999847e-02,1.262800000000000034e-01,6.735999999999999766e-01,3.574499999999999900e-01,2.573199999999999932e-01,-1.160800000000000026e-01,-2.350899999999999934e-01,-1.101669999999999927e+00,-4.513499999999999734e-01,-3.301200000000000245e-01
cs*c/cref,-2.261857935396551986e-02,-7.939252775562986170e-03,6.502354521638335771e-02,1.873880997527621606e-02,5.319756497530971420e-03,-9.964773700326301498e-02,-5.161945624426294427e-02,-3.042333022331807774e-02,-2.269080797861292020e-02,-2.004381469892595538e-02,-1.082887577136195378e-01,-8.451825975383420175e-02,-6.595630875248745251e-02,-4.873545819402474999e-02,-3.193923594127934251e-02,2.277847933654496976e-02,8.196230293000287756e-03,-6.413504026827650251e-02,-1.780704594335640392e-02,-4.186553930009580607e-03,9.876011522690270050e-02,5.054211602757808369e-02,3.023809104248604412e-02,2.258219954572559737e-02,1.993338045816052742e-02,1.078563648667662800e-01,8.421783939925897577e-02,6.573344268638316168e-02,4.857970237656533685e-02,3.184014834270246230e-02,4.721971420244022027e-02,9.165091524901339270e-02,4.572104737720185663e-01,2.258835687341288478e-01,1.506215686537263343e-01,-8.972441356390999101e-02,-1.706225345730959519e-01,-7.477658293355399222e-01,-2.852218457075089142e-01,-1.932348524948241109e-01
cx,-5.202999999999999986e-02,-6.313000000000000556e-02,8.377999999999999337e-02,1.015500000000000014e-01,1.380899999999999905e-01,1.365500000000000047e-01,-4.796000000000000263e-02,-3.515000000000000069e-02,-2.631999999999999965e-02,-1.803000000000000089e-02,-1.017000000000000022e-02,-1.555999999999999918e-02,-1.933999999999999955e-02,-1.909999999999999892e-02,-1.643000000000000016e-02,-5.179000000000000270e-02,-6.265999999999999348e-02,8.318000000000000393e-02,1.004599999999999937e-01,1.360699999999999965e-01,1.330199999999999994e-01,-4.909000000000000169e-02,-3.441000000000000308e-02,-2.597000000000000003e-02,-1.788000000000000006e-02,-1.009000000000000001e-02,-1.541999999999999968e-02,-1.917999999999999913e-02,-1.895000000000000157e-02,-1.631000000000000158e-02,1.820000000000000003e-03,-6.790000000000000029e-03,-7.804299999999999571e-01,-4.701999999999999930e-02,-3.082999999999999977e-02,4.340000000000000108e-03,-9.239999999999999949e-03,-9.238199999999999745e-01,-5.883000000000000035e-02,-3.993000000000000022e-02
cx*c/cref,-7.563269176007879346e-02,-8.538416145166802251e-02,1.048435838766088868e-01,1.168156017795764084e-01,1.448925393972488873e-01,1.331920368813191424e-01,-4.454244551052268658e-02,-3.100551050593303853e-02,-2.198903041226406632e-02,-1.422235257857674268e-02,-7.453280088978821334e-03,-1.038786826042385585e-02,-1.164926950934344618e-02,-1.025840039129240211e-02,-7.752424974371688315e-03,-7.528381907081455049e-02,-8.474848022432310279e-02,1.040927346246876134e-01,1.155617464773633224e-01,1.427730308913292556e-01,1.297488447158774982e-01,-4.559192348022432506e-02,-3.035276291633445117e-02,-2.169662309295204705e-02,-1.410403017775663584e-02,-7.394650550422448947e-03,-1.029440415011155865e-02,-1.155289499427131737e-02,-1.017783703743408742e-02,-7.695803489470617875e-03,1.406774919764956647e-03,-4.928014844320564511e-03,-5.297220457926016257e-01,-2.971337362394387699e-02,-1.804625742886049530e-02,3.354617116362589111e-03,-6.706164530415613910e-03,-6.270489606295519547e-01,-3.717647320920072773e-02,-2.337291790899771737e-02
cy,-1.555999999999999918e-02,-5.870000000000000218e-03,5.195999999999999924e-02,1.628999999999999893e-02,5.069999999999999854e-03,-1.021600000000000008e-01,-5.557999999999999746e-02,-3.448999999999999982e-02,-2.716000000000000011e-02,-2.540999999999999856e-02,-1.477600000000000025e-01,-1.265999999999999903e-01,-1.095000000000000001e-01,-9.074000000000000121e-02,-6.769000000000000017e-02,1.566999999999999990e-02,6.060000000000000282e-03,-5.124999999999999695e-02,-1.548000000000000070e-02,-3.989999999999999623e-03,1.012500000000000067e-01,5.442000000000000309e-02,3.427999999999999797e-02,2.702999999999999847e-02,2.527000000000000079e-02,1.471699999999999953e-01,1.261500000000000121e-01,1.091300000000000048e-01,9.045000000000000262e-02,6.747999999999999832e-02,6.108999999999999847e-02,1.262800000000000034e-01,6.735999999999999766e-01,3.574499999999999900e-01,2.573199999999999932e-01,-1.160800000000000026e-01,-2.350899999999999934e-01,-1.101669999999999927e+00,-4.513499999999999734e-01,-3.301200000000000245e-01
cy*c/cref,-2.261857935396551986e-02,-7.939252775562986170e-03,6.502354521638335771e-02,1.873880997527621606e-02,5.319756497530971420e-03,-9.964773700326301498e-02,-5.161945624426294427e-02,-3.042333022331807774e-02,-2.269080797861292020e-02,-2.004381469892595538e-02,-1.082887577136195378e-01,-8.451825975383420175e-02,-6.595630875248745251e-02,-4.873545819402474999e-02,-3.193923594127934251e-02,2.277847933654496976e-02,8.196230293000287756e-03,-6.413504026827650251e-02,-1.780704594335640392e-02,-4.186553930009580607e-03,9.876011522690270050e-02,5.054211602757808369e-02,3.023809104248604412e-02,2.258219954572559737e-02,1.993338045816052742e-02,1.078563648667662800e-01,8.421783939925897577e-02,6.573344268638316168e-02,4.857970237656533685e-02,3.184014834270246230e-02,4.721971420244022027e-02,9.165091524901339270e-02,4.572104737720185663e-01,2.258835687341288478e-01,1.506215686537263343e-01,-8.972441356390999101e-02,-1.706225345730959519e-01,-7.477658293355399222e-01,-2.852218457075089142e-01,-1.932348524948241109e-01
cz,8.940500000000000114e-01,1.077059999999999906e+00,1.431249999999999911e+00,1.654179999999999984e+00,1.849690000000000056e+00,1.913820000000000077e+00,1.275800000000000045e+00,9.954399999999999915e-01,7.544199999999999795e-01,4.997800000000000020e-01,4.008499999999999841e-01,3.689200000000000257e-01,3.404599999999999849e-01,3.024800000000000266e-01,2.342700000000000060e-01,8.868200000000000527e-01,1.069720000000000004e+00,1.422800000000000065e+00,1.643939999999999957e+00,1.836519999999999930e+00,1.895869999999999944e+00,1.252790000000000070e+00,9.891499999999999737e-01,7.512900000000000134e-01,4.979399999999999937e-01,3.993599999999999928e-01,3.675700000000000078e-01,3.391899999999999915e-01,3.013500000000000068e-01,2.333600000000000119e-01,-6.017999999999999738e-02,5.763000000000000067e-02,-7.119999999999999940e-02,-3.208599999999999786e-01,-2.284700000000000064e-01,-1.162900000000000045e-01,1.155899999999999983e-01,-3.184400000000000008e-01,-4.781000000000000250e-01,-2.998399999999999954e-01
cz*c/cref,1.299623449319593504e+00,1.456737920689585630e+00,1.791088319687234032e+00,1.902846205334709051e+00,1.940808756591334117e+00,1.866756382454823893e+00,1.184888490040134412e+00,8.780690007973251943e-01,6.302797995296450795e-01,3.942344632124838988e-01,2.937706316290226716e-01,2.462912826886612672e-01,2.050729212591038964e-01,1.624586885004254688e-01,1.105392938981165779e-01,1.289113659555507940e+00,1.446810473437007971e+00,1.780513859389342812e+00,1.891066867449697986e+00,1.926989980837392480e+00,1.849247799063980402e+00,1.163518146603997439e+00,8.725206462857372225e-01,6.276648426455118113e-01,3.927830417624239012e-01,2.926786564734102369e-01,2.453900216249355337e-01,2.043079485457189037e-01,1.618517779013594615e-01,1.101099143042834627e-01,-4.651632674255774119e-02,4.182643526924803568e-02,-4.832747288089032228e-02,-2.027612305610087540e-01,-1.337342988897748108e-01,-8.988673374695979601e-02,8.389237641458233141e-02,-2.161432649464987976e-01,-3.021259874438019799e-01,-1.755105360839938622e-01
Results_Name,VSPAERO_Comp_Load
Results_Timestamp,1758045781
Results_Date,9,16,2025
Results_Time,14,3,1
AoA,2.000000000000000000e+00,2.000000000000000000e+00,2.000000000000000000e+00,2.000000000000000000e+00,2.000000000000000000e+00,2.000000000000000000e+00,2.000000000000000000e+00,2.000000000000000000e+00,2.000000000000000000e+00
Beta,0.000000000000000000e+00,0.000000000000000000e+00,0.000000000000000000e+00,0.000000000000000000e+00,0.000000000000000000e+00,0.000000000000000000e+00,0.000000000000000000e+00,0.000000000000000000e+00,0.000000000000000000e+00
CDi,0.000000000000000000e+00,2.736999999999999850e-02,2.685999999999999846e-02,-1.335000000000000075e-02,-1.606000000000000136e-02,0.000000000000000000e+00,0.000000000000000000e+00,0.000000000000000000e+00,0.000000000000000000e+00
CFx,0.000000000000000000e+00,6.810000000000000081e-03,6.470000000000000057e-03,-1.305000000000000084e-02,-1.552000000000000081e-02,0.000000000000000000e+00,0.000000000000000000e+00,0.000000000000000000e+00,0.000000000000000000e+00
CFy,0.000000000000000000e+00,-1.708000000000000143e-02,1.699000000000000163e-02,2.187000000000000055e-02,-3.341000000000000220e-02,0.000000000000000000e+00,0.000000000000000000e+00,0.000000000000000000e+00,0.000000000000000000e+00
CFz,0.000000000000000000e+00,5.894599999999999840e-01,5.843899999999999650e-01,-8.789999999999999203e-03,-1.576999999999999930e-02,0.000000000000000000e+00,0.000000000000000000e+00,0.000000000000000000e+00,0.000000000000000000e+00
CL,0.000000000000000000e+00,5.888700000000000045e-01,5.837999999999999856e-01,-8.330000000000000598e-03,-1.521999999999999915e-02,0.000000000000000000e+00,0.000000000000000000e+00,0.000000000000000000e+00,0.000000000000000000e+00
Cmx,0.000000000000000000e+00,1.083500000000000019e-01,-1.074399999999999938e-01,-6.800000000000000488e-04,1.030000000000000100e-03,-5.000000000000000240e-05,5.000000000000000240e-05,-1.000000000000000082e-05,-1.000000000000000082e-05
Cmy,0.000000000000000000e+00,-2.318800000000000028e-01,-2.295599999999999863e-01,2.881999999999999840e-02,5.054000000000000159e-02,1.340000000000000045e-03,1.309999999999999967e-03,-1.100000000000000039e-04,4.550000000000000225e-03
Cmz,0.000000000000000000e+00,-1.700000000000000122e-04,1.299999999999999886e-04,6.700000000000000226e-03,-9.929999999999999591e-03,-2.000000000000000164e-05,2.000000000000000164e-05,0.000000000000000000e+00,-6.000000000000000152e-05
Comp_ID,0,1,2,3,4,5,6,7,8
Comp_Name,NONE,main_wing,main_wing,horizontal_tail,horizontal_tail,fuselage,fuselage,fuselage,fuselage
Cs,0.000000000000000000e+00,-1.708000000000000143e-02,1.699000000000000163e-02,2.187000000000000055e-02,-3.341000000000000220e-02,0.000000000000000000e+00,0.000000000000000000e+00,0.000000000000000000e+00,0.000000000000000000e+00
Mach,1.499999999999999944e-01,1.499999999999999944e-01,1.499999999999999944e-01,1.499999999999999944e-01,1.499999999999999944e-01,1.499999999999999944e-01,1.499999999999999944e-01,1.499999999999999944e-01,1.499999999999999944e-01
Results_Name,VSPAERO_Load
Results_Timestamp,1758045781
Results_Date,9,16,2025
Results_Time,14,3,1
AnalysisMethod,0
Chord,1.735630000000000006e+00,1.614889999999999937e+00,1.494180000000000064e+00,1.373480000000000034e+00,1.252809999999999979e+00,1.164630000000000054e+00,1.108910000000000062e+00,1.053209999999999980e+00,9.975199999999999623e-01,9.418400000000000105e-01,8.750400000000000400e-01,7.971099999999999852e-01,7.191899999999999959e-01,6.412799999999999612e-01,5.633799999999999919e-01,1.735630000000000006e+00,1.614889999999999937e+00,1.494180000000000064e+00,1.373480000000000034e+00,1.252809999999999979e+00,1.164630000000000054e+00,1.108910000000000062e+00,1.053209999999999980e+00,9.975199999999999623e-01,9.418400000000000105e-01,8.750400000000000400e-01,7.971099999999999852e-01,7.191899999999999959e-01,6.412799999999999612e-01,5.633799999999999919e-01,9.229000000000000536e-01,8.665699999999999514e-01,8.104299999999999837e-01,7.545199999999999685e-01,6.988999999999999657e-01,9.229000000000000536e-01,8.665699999999999514e-01,8.104299999999999837e-01,7.545199999999999685e-01,6.988999999999999657e-01
FC_AoA_,3.000000000000000000e+00
FC_Beta_,0.000000000000000000e+00
FC_Bref_,1.417173599999999922e+01
FC_Cref_,1.193991999999999942e+00
FC_Mach_,1.499999999999999944e-01
FC_Pitch_Rate,0.000000000000000000e+00
FC_Rho_,2.377000000000000206e-03
FC_Roll__Rate,0.000000000000000000e+00
FC_Sref_,1.619368700000000061e+01
FC_Vinf_,5.100000000000000000e+01
FC_Xcg_,1.774861999999999940e+00
FC_Yaw___Rate,0.000000000000000000e+00
FC_Ycg_,0.000000000000000000e+00
FC_Zcg_,7.545150000000000468e-01
S,3.314000000000000279e-02,8.981999999999999706e-02,1.368900000000000117e-01,1.839600000000000124e-01,2.310300000000000131e-01,2.997400000000000064e-01,4.117600000000000149e-01,5.454599999999999449e-01,6.791700000000000514e-01,8.128699999999999815e-01,9.157600000000000184e-01,9.578200000000000047e-01,9.698700000000000099e-01,9.819200000000000150e-01,9.939700000000000202e-01,3.314000000000000279e-02,8.981999999999999706e-02,1.368900000000000117e-01,1.839600000000000124e-01,2.310300000000000131e-01,2.997400000000000064e-01,4.117600000000000149e-01,5.454599999999999449e-01,6.791700000000000514e-01,8.128699999999999815e-01,9.157600000000000184e-01,9.578200000000000047e-01,9.698700000000000099e-01,9.819200000000000150e-01,9.939700000000000202e-01,1.020299999999999957e-01,3.035599999999999965e-01,5.025399999999999867e-01,7.015200000000000324e-01,9.005100000000000326e-01,1.020299999999999957e-01,3.035599999999999965e-01,5.025399999999999867e-01,7.015200000000000324e-01,9.005100000000000326e-01
V/Vref,1.009009999999999962e+00,1.008869999999999933e+00,1.008180000000000076e+00,9.997899999999999565e-01,9.901999999999999691e-01,9.887799999999999923e-01,9.999400000000000510e-01,1.001360000000000028e+00,1.001949999999999896e+00,1.002860000000000085e+00,1.012539999999999996e+00,1.011209999999999942e+00,1.011260000000000048e+00,1.010599999999999943e+00,1.011819999999999942e+00,1.010920000000000041e+00,1.010369999999999990e+00,1.010129999999999972e+00,1.001789999999999958e+00,9.922199999999999909e-01,9.910799999999999610e-01,1.001449999999999951e+00,1.002490000000000103e+00,1.002729999999999899e+00,1.003500000000000059e+00,1.013079999999999981e+00,1.011710000000000109e+00,1.011770000000000058e+00,1.011079999999999979e+00,1.012299999999999978e+00,9.499400000000000066e-01,9.694000000000000394e-01,1.083949999999999969e+00,9.835800000000000098e-01,9.894500000000000517e-01,9.782899999999999929e-01,9.685599999999999765e-01,1.829960000000000031e+00,1.028790000000000093e+00,1.010780000000000012e+00
WingId,1,1,1,1,1,1,1,1,1,1,1,1,1,1,1,2,2,2,2,2,2,2,2,2,2,2,2,2,2,2,3,3,3,3,3,4,4,4,4,4
Xavg,2.391020000000000145e+00,2.380209999999999937e+00,2.369699999999999918e+00,2.359579999999999789e+00,2.349930000000000074e+00,2.337899999999999867e+00,2.323770000000000113e+00,2.309619999999999784e+00,2.295469999999999899e+00,2.281299999999999883e+00,2.284749999999999837e+00,2.305000000000000160e+00,2.325239999999999974e+00,2.345470000000000166e+00,2.365699999999999914e+00,2.391020000000000145e+00,2.380209999999999937e+00,2.369699999999999918e+00,2.359579999999999789e+00,2.349930000000000074e+00,2.337899999999999867e+00,2.323770000000000113e+00,2.309619999999999784e+00,2.295469999999999899e+00,2.281299999999999883e+00,2.284749999999999837e+00,2.305000000000000160e+00,2.325239999999999974e+00,2.345470000000000166e+00,2.365699999999999914e+00,5.722059999999999924e+00,5.820210000000000328e+00,5.918350000000000222e+00,6.016490000000000116e+00,6.114630000000000010e+00,5.722059999999999924e+00,5.820210000000000328e+00,5.918350000000000222e+00,6.016490000000000116e+00,6.114630000000000010e+00
Yavg,1.719199999999999895e-01,5.196100000000000163e-01,8.672999999999999599e-01,1.214979999999999949e+00,1.562650000000000095e+00,2.228590000000000071e+00,3.216559999999999864e+00,4.204550000000000232e+00,5.192569999999999908e+00,6.180620000000000225e+00,6.716649999999999565e+00,6.791660000000000252e+00,6.866660000000000430e+00,6.941650000000000098e+00,7.016610000000000014e+00,-1.719199999999999895e-01,-5.196100000000000163e-01,-8.672999999999999599e-01,-1.214979999999999949e+00,-1.562650000000000095e+00,-2.228590000000000071e+00,-3.216559999999999864e+00,-4.204550000000000232e+00,-5.192569999999999908e+00,-6.180620000000000225e+00,-6.716649999999999565e+00,-6.791660000000000252e+00,-6.866660000000000430e+00,-6.941650000000000098e+00,-7.016610000000000014e+00,1.078800000000000037e-01,3.257399999999999740e-01,5.435900000000000176e-01,7.614400000000000057e-01,9.792699999999999738e-01,-1.078800000000000037e-01,-3.257399999999999740e-01,-5.435900000000000176e-01,-7.614400000000000057e-01,-9.792699999999999738e-01
Zavg,1.033530000000000060e+00,1.043199999999999905e+00,1.052899999999999947e+00,1.062580000000000080e+00,1.072189999999999976e+00,1.094910000000000050e+00,1.130849999999999911e+00,1.166740000000000110e+00,1.202599999999999891e+00,1.238469999999999960e+00,1.270329999999999959e+00,1.298289999999999944e+00,1.326240000000000085e+00,1.354190000000000005e+00,1.382130000000000081e+00,1.033530000000000060e+00,1.043199999999999905e+00,1.052899999999999947e+00,1.062580000000000080e+00,1.072189999999999976e+00,1.094910000000000050e+00,1.130849999999999911e+00,1.166740000000000110e+00,1.202599999999999891e+00,1.238469999999999960e+00,1.270329999999999959e+00,1.298289999999999944e+00,1.326240000000000085e+00,1.354190000000000005e+00,1.382130000000000081e+00,3.777900000000000147e-01,5.956799999999999873e-01,8.135799999999999699e-01,1.031470000000000109e+00,1.249349999999999961e+00,3.777900000000000147e-01,5.956799999999999873e-01,8.135799999999999699e-01,1.031470000000000109e+00,1.249349999999999961e+00
cd,-1.455000000000000043e-02,-1.970999999999999835e-02,1.436099999999999877e-01,1.684100000000000041e-01,2.118899999999999950e-01,2.127199999999999924e-01,3.400000000000000244e-04,2.550000000000000183e-03,2.579999999999999828e-03,1.529999999999999893e-03,6.859999999999999779e-03,-1.799999999999999951e-03,-8.420000000000000401e-03,-9.969999999999999696e-03,-9.939999999999999183e-03,-1.401999999999999948e-02,-1.896000000000000116e-02,1.427400000000000058e-01,1.669899999999999995e-01,2.092299999999999993e-01,2.073200000000000043e-01,-2.190000000000000106e-03,3.510000000000000099e-03,3.050000000000000194e-03,1.699999999999999905e-03,6.890000000000000291e-03,-1.649999999999999991e-03,-8.219999999999999876e-03,-9.790000000000000091e-03,-9.799999999999999684e-03,-1.299999999999999940e-03,-1.499999999999999869e-04,-8.125999999999999890e-02,-3.000999999999999848e-02,-2.698000000000000051e-02,-8.349999999999999784e-03,-4.440999999999999809e-02,9.787599999999999634e-01,-2.585799999999999765e-01,-1.037300000000000028e-01
cd*c/cref,-2.115040678664513799e-02,-2.665803615099598262e-02,1.797157684473597861e-01,1.937263958217475546e-01,2.223280481778772411e-01,2.074889057883134991e-01,3.157721324765995399e-04,2.249332910103250295e-03,2.155459668071477673e-03,1.206888488365081159e-03,5.027482931208919655e-03,-1.201681418300960293e-03,-5.071708855670725540e-03,-5.354777586449490333e-03,-4.690146332638744746e-03,-2.037997959785325247e-02,-2.564365121374347772e-02,1.786270370320739431e-01,1.920929329509745431e-01,2.195370122245375311e-01,2.022216996428786995e-01,-2.033944029775744140e-03,3.096140593906826759e-03,2.548120925433336372e-03,1.340987209294534693e-03,5.049469008167559517e-03,-1.101541300109213457e-03,-4.951240711830564960e-03,-5.258101561819509585e-03,-4.624087933587495321e-03,-1.004839228403540431e-03,-1.088663073119417742e-04,-5.515576469524084008e-02,-1.896423527125809874e-02,-1.579267030264859539e-02,-6.454159659361202034e-03,-3.223168471815556629e-02,6.643398505182613878e-01,-1.634045970157253780e-01,-6.071807600050922044e-02
cl,9.598400000000000265e-01,1.145450000000000079e+00,1.495130000000000070e+00,1.721459999999999990e+00,1.919280000000000097e+00,1.986620000000000053e+00,1.364570000000000061e+00,1.084610000000000074e+00,8.424500000000000322e-01,5.788299999999999557e-01,4.696000000000000174e-01,4.348000000000000198e-01,4.042200000000000237e-01,3.617699999999999805e-01,2.830699999999999883e-01,9.500999999999999446e-01,1.136640000000000095e+00,1.485190000000000010e+00,1.709160000000000013e+00,1.903620000000000090e+00,1.964180000000000037e+00,1.335630000000000095e+00,1.078089999999999993e+00,8.393000000000000460e-01,5.768400000000000194e-01,4.677999999999999936e-01,4.333400000000000030e-01,4.028900000000000259e-01,3.606500000000000261e-01,2.821299999999999919e-01,-7.210999999999999355e-02,1.528000000000000018e-02,9.088000000000000245e-02,-2.796600000000000197e-01,-1.716300000000000048e-01,-2.018600000000000116e-01,7.870500000000000274e-01,-1.136360000000000037e+00,-1.436169999999999947e+00,-4.586299999999999821e-01
cl*c/cref,1.395258175264155964e+00,1.549236301834518326e+00,1.871028736708453710e+00,1.980240136282320096e+00,2.013826873881902291e+00,1.937766124563648829e+00,1.267332878863510093e+00,9.567250853439553948e-01,7.038244175840374650e-01,4.565903684446797062e-01,3.441553913259050579e-01,2.902728225984764210e-01,2.434781655153468449e-01,1.943026968354896744e-01,1.335653644245522742e-01,1.381099758624848350e+00,1.537320660104925407e+00,1.858589667434957793e+00,1.966091126908723119e+00,1.997395436652842138e+00,1.915877956803730742e+00,1.240455097940354801e+00,9.509738498247893856e-01,7.011927517102292118e-01,4.550206245937997163e-01,3.428362267083867043e-01,2.892981254480767039e-01,2.426770523588097916e-01,1.937011571266809284e-01,1.331218294594938845e-01,-5.573765904629177093e-02,1.108984783817646910e-02,6.168540358729372036e-02,-1.767256926344565326e-01,-1.004631580446100209e-01,-1.560283435734913238e-01,5.712215144657585286e-01,-7.713118972321423295e-01,-9.075596724266158377e-01,-2.684578347258608222e-01
cmx,9.871000000000000607e-02,3.706200000000000050e-01,8.635699999999999488e-01,1.529050000000000020e+00,2.408529999999999838e+00,3.854940000000000033e+00,3.980690000000000062e+00,4.344509999999999650e+00,4.398200000000000109e+00,3.810119999999999951e+00,3.703019999999999978e+00,3.798039999999999861e+00,3.949510000000000076e+00,4.001269999999999882e+00,3.600270000000000081e+00,-9.773999999999999355e-02,-3.678500000000000103e-01,-8.578999999999999959e-01,-1.518310000000000048e+00,-2.389159999999999950e+00,-3.811310000000000198e+00,-3.895729999999999915e+00,-4.318579999999999863e+00,-4.381870000000000154e+00,-3.797089999999999854e+00,-3.688860000000000028e+00,-3.785299999999999887e+00,-3.936669999999999892e+00,-3.988949999999999996e+00,-3.588449999999999918e+00,2.523999999999999855e-02,6.349999999999999742e-03,7.958999999999999408e-02,-2.995200000000000085e-01,-3.752400000000000180e-01,-7.722999999999999310e-02,-5.785500000000000087e-01,8.837000000000000410e-01,1.574489999999999945e+00,9.775899999999999590e-01
cmx*c/cref,1.434884298219753773e-01,5.012684605927008041e-01,1.080684814136108063e+00,1.758905917292578280e+00,2.527178129585457622e+00,3.760141418200457331e+00,3.697032264789044120e+00,3.832254635793204134e+00,3.674473919423245860e+00,3.005483638751348607e+00,2.713829423312719147e+00,2.535574496646543885e+00,2.378950693890746315e+00,2.149038205951128599e+00,1.698771945373168446e+00,-1.420784027028656749e-01,-4.975219988911148694e-01,-1.073589288705451894e+00,-1.746551416424900749e+00,-2.506853931684634329e+00,-3.717584343362434929e+00,-3.618126381332538610e+00,-3.809382007417134730e+00,-3.660831029353630584e+00,-2.995205366200108799e+00,-2.703451994988241402e+00,-2.527069262608124589e+00,-2.371216639056207942e+00,-2.142421269154231922e+00,-1.693194729110412799e+00,1.950934009608104591e-02,4.608673676205535773e-03,5.402224110379298672e-02,-1.892758330039062131e-01,-2.196457229194165583e-01,-5.969517969969648230e-02,-4.198973473021594960e-01,5.998172441691401735e-01,9.949683036402253711e-01,5.722296723931148410e-01
cmy,-2.159800000000000053e-01,-3.154399999999999982e-01,-4.599500000000000255e-01,-5.937099999999999600e-01,-7.343300000000000383e-01,-8.364899999999999558e-01,-6.048599999999999532e-01,-4.783100000000000129e-01,-3.532799999999999829e-01,-2.026499999999999968e-01,-1.753399999999999959e-01,-1.965099999999999902e-01,-2.263900000000000079e-01,-2.495799999999999963e-01,-2.468599999999999961e-01,-2.125400000000000067e-01,-3.130700000000000149e-01,-4.569900000000000073e-01,-5.894599999999999840e-01,-7.282100000000000239e-01,-8.259800000000000475e-01,-5.873099999999999987e-01,-4.759999999999999787e-01,-3.523000000000000020e-01,-2.021699999999999886e-01,-1.746900000000000119e-01,-1.958600000000000063e-01,-2.255999999999999950e-01,-2.487499999999999989e-01,-2.459600000000000120e-01,2.824300000000000144e-01,-6.712999999999999523e-02,-3.585200000000000053e-01,1.507759999999999989e+00,1.001840000000000064e+00,8.140699999999999603e-01,-3.688369999999999926e+00,4.914930000000000021e+00,7.784399999999999764e+00,2.701700000000000212e+00
cmy*c/cref,-3.139563476137193776e-01,-4.266367794759093890e-01,-5.755885223686590946e-01,-6.829600288779154038e-01,-7.705042975999839561e-01,-8.159194941842156101e-01,-5.617586236758704832e-01,-4.219131075417590915e-01,-2.951475936187176741e-01,-1.598535635079632311e-01,-1.285012911309288686e-01,-1.311902308390676120e-01,-1.363639154198688086e-01,-1.340466790397255581e-01,-1.164798313556539844e-01,-3.089558390675984367e-01,-4.234313230741914569e-01,-5.718843327258474885e-01,-6.780711435252497754e-01,-7.640828163840294174e-01,-8.056679503715268309e-01,-5.454592091906813600e-01,-4.198754765526067079e-01,-2.943288531246440742e-01,-1.594749318253388670e-01,-1.280249261301583397e-01,-1.307562903269033627e-01,-1.358880662517001903e-01,-1.336008951483761975e-01,-1.160551702188959561e-01,2.183051871369322827e-01,-4.872130139900434503e-02,-2.433478311412471951e-01,9.527995792266614750e-01,5.864243445517223208e-01,6.292380543588231845e-01,-2.676928146000978170e+00,3.336041380428009795e+00,4.919200034841104241e+00,1.581432815295245042e+00
cmz,-2.749999999999999840e-03,2.299999999999999961e-02,-1.309999999999999967e-03,-5.201999999999999680e-02,-1.301799999999999902e-01,-2.587700000000000000e-01,1.802999999999999881e-01,2.026000000000000023e-01,2.057400000000000062e-01,1.776999999999999968e-01,6.244000000000000244e-02,1.367500000000000104e-01,2.093099999999999961e-01,2.417900000000000049e-01,2.428099999999999981e-01,2.820000000000000024e-03,-2.246000000000000080e-02,1.789999999999999925e-03,5.208000000000000129e-02,1.288300000000000001e-01,2.499800000000000078e-01,-1.844200000000000006e-01,-1.973799999999999999e-01,-2.024499999999999911e-01,-1.759600000000000053e-01,-6.183999999999999914e-02,-1.350999999999999979e-01,-2.069799999999999973e-01,-2.394100000000000117e-01,-2.406099999999999905e-01,3.195299999999999807e-01,-1.145000000000000011e-02,-1.414530000000000065e+00,1.825799999999999923e-01,1.128849999999999909e+00,-9.414900000000000491e-01,-5.904860000000000220e+00,-5.777379999999999960e+00,-2.393969999999999931e+00,-2.926379999999999981e+00
cmz*c/cref,-3.997499564486193743e-03,3.110780474241033391e-02,-1.639354200028140954e-03,-5.983995671662791643e-02,-1.365928798517913045e-01,-2.524064693063270415e-01,1.674521043692085154e-01,1.787117049360464616e-01,1.718853767864441384e-01,1.401726041715522508e-01,4.576035484324853658e-02,9.129440775147573683e-02,1.260759359359191756e-01,1.298627555293502822e-01,1.145688562402428223e-01,4.099254098854933880e-03,-3.037744758758852831e-02,2.240033601565169421e-03,5.990897627454790098e-02,1.351763766423895730e-01,2.438326281918136995e-01,-1.712785196215720063e-01,-1.741071881553645229e-01,-1.691367479849111011e-01,-1.388000643220390351e-01,-4.532063330407574281e-02,-9.019286645136651015e-02,-1.246724820601813055e-01,-1.285844836481316589e-01,-1.135307956837231791e-01,2.469817528090640646e-01,-8.310128124811556882e-03,-9.601216322219915389e-01,1.153778765686872126e-01,6.607693058244946682e-01,-7.277277578074226039e-01,-4.285602022626616936e+00,-3.921435045963457267e+00,-1.512822736165736259e+00,-1.712948647897138521e+00
cs,-1.544000000000000060e-02,-5.980000000000000072e-03,5.233999999999999764e-02,1.612999999999999851e-02,5.380000000000000233e-03,-1.060200000000000031e-01,-5.863999999999999768e-02,-3.778999999999999720e-02,-3.042999999999999872e-02,-3.024999999999999911e-02,-1.697599999999999942e-01,-1.444199999999999928e-01,-1.244200000000000028e-01,-1.021999999999999992e-01,-7.649000000000000243e-02,1.548000000000000070e-02,6.259999999999999939e-03,-5.129999999999999838e-02,-1.502000000000000036e-02,-3.959999999999999978e-03,1.048199999999999965e-01,5.714999999999999941e-02,3.758000000000000229e-02,3.030000000000000054e-02,3.008999999999999869e-02,1.690599999999999881e-01,1.439400000000000124e-01,1.240900000000000059e-01,1.019700000000000051e-01,7.632999999999999508e-02,8.043999999999999762e-02,-2.949999999999999931e-03,-2.962299999999999933e-01,4.238999999999999713e-02,1.883900000000000019e-01,-2.313300000000000078e-01,-1.293520000000000003e+00,-1.417659999999999920e+00,-4.343600000000000239e-01,-4.789800000000000169e-01
cs*c/cref,-2.244414300933339837e-02,-8.088029233026686540e-03,6.549908307593350909e-02,1.855475782082291816e-02,5.645027604875074885e-03,-1.034128139887034448e-01,-5.446140543655234034e-02,-3.333423163639286785e-02,-2.542272779047095518e-02,-2.386168416538804460e-02,-1.244118808166218976e-01,-9.641490579501370284e-02,-7.494323228296337347e-02,-5.489049842880019264e-02,-3.609147816735790854e-02,2.250228845754410553e-02,8.466732942934290795e-03,-6.419761103926995005e-02,-1.727789599930317985e-02,-4.155076080911764870e-03,1.022423237341623797e-01,5.307758050305195346e-02,3.314899245556084117e-02,2.531411935758363582e-02,2.373547360451326582e-02,1.238988723542536335e-01,9.609445741680013031e-02,7.474445984562710921e-02,5.476696795288410469e-02,3.601598285415647666e-02,6.217635964060061471e-02,-2.141037377134855178e-03,-2.010680799368839977e-01,2.678753525986773618e-02,1.102735788849506654e-01,-1.788072759281469637e-01,-9.388049722276196052e-01,-9.622461405101541132e-01,-2.744853459654670869e-01,-2.803696523929808948e-01
cx,-6.476999999999999424e-02,-7.963000000000000633e-02,6.515999999999999570e-02,7.807999999999999663e-02,1.111499999999999988e-01,1.084600000000000009e-01,-7.106999999999999429e-02,-5.421999999999999736e-02,-4.150999999999999829e-02,-2.877000000000000043e-02,-1.772999999999999923e-02,-2.454999999999999891e-02,-2.955999999999999947e-02,-2.888999999999999901e-02,-2.474000000000000157e-02,-6.371999999999999886e-02,-7.842000000000000359e-02,6.482000000000000262e-02,7.731000000000000372e-02,1.093200000000000005e-01,1.042399999999999993e-01,-7.209000000000000130e-02,-5.290999999999999870e-02,-4.087999999999999967e-02,-2.850000000000000103e-02,-1.760000000000000106e-02,-2.432000000000000134e-02,-2.929000000000000006e-02,-2.864999999999999838e-02,-2.454999999999999891e-02,2.469999999999999973e-03,-9.499999999999999981e-04,-8.591000000000000025e-02,-1.532999999999999988e-02,-1.796000000000000027e-02,2.230000000000000211e-03,-8.554000000000000492e-02,1.036890000000000089e+00,-1.830700000000000105e-01,-7.957999999999999796e-02
cx*c/cref,-9.415201701518936817e-02,-1.077006300712232689e-01,8.154222875865164977e-02,8.981745137320852612e-02,1.166254309074097606e-01,1.057928108396036238e-01,-6.600566310327037056e-02,-4.782699230815616598e-02,-3.467950807040583172e-02,-2.269423647729633398e-02,-1.299377148255599808e-02,-1.638959934404920701e-02,-1.780519165957560740e-02,-1.551650195311191256e-02,-1.167346280377088048e-02,-9.262569899965829301e-02,-1.060640890391225388e-01,8.111674751589625920e-02,8.893170037990204280e-02,1.147052821124429633e-01,1.016765867778008647e-01,-6.695297950070018544e-02,-4.667145265629920464e-02,-3.415317489564419218e-02,-2.248125615582014306e-02,-1.289849848240189403e-02,-1.623605116282186497e-02,-1.764255966539139339e-02,-1.538760058693860490e-02,-1.158381211934418273e-02,1.909194533966727080e-03,-6.894866129756313045e-04,-5.831198307861359259e-02,-9.687495058593356689e-03,-1.051283760695214189e-02,1.723685753338381234e-03,-6.208282618309000217e-02,7.037959740936288178e-01,-1.156875225294641818e-01,-4.658193857245274822e-02
cy,-1.544000000000000060e-02,-5.980000000000000072e-03,5.233999999999999764e-02,1.612999999999999851e-02,5.380000000000000233e-03,-1.060200000000000031e-01,-5.863999999999999768e-02,-3.778999999999999720e-02,-3.042999999999999872e-02,-3.024999999999999911e-02,-1.697599999999999942e-01,-1.444199999999999928e-01,-1.244200000000000028e-01,-1.021999999999999992e-01,-7.649000000000000243e-02,1.548000000000000070e-02,6.259999999999999939e-03,-5.129999999999999838e-02,-1.502000000000000036e-02,-3.959999999999999978e-03,1.048199999999999965e-01,5.714999999999999941e-02,3.758000000000000229e-02,3.030000000000000054e-02,3.008999999999999869e-02,1.690599999999999881e-01,1.439400000000000124e-01,1.240900000000000059e-01,1.019700000000000051e-01,7.632999999999999508e-02,8.043999999999999762e-02,-2.949999999999999931e-03,-2.962299999999999933e-01,4.238999999999999713e-02,1.883900000000000019e-01,-2.313300000000000078e-01,-1.293520000000000003e+00,-1.417659999999999920e+00,-4.343600000000000239e-01,-4.789800000000000169e-01
cy*c/cref,-2.244414300933339837e-02,-8.088029233026686540e-03,6.549908307593350909e-02,1.855475782082291816e-02,5.645027604875074885e-03,-1.034128139887034448e-01,-5.446140543655234034e-02,-3.333423163639286785e-02,-2.542272779047095518e-02,-2.386168416538804460e-02,-1.244118808166218976e-01,-9.641490579501370284e-02,-7.494323228296337347e-02,-5.489049842880019264e-02,-3.609147816735790854e-02,2.250228845754410553e-02,8.466732942934290795e-03,-6.419761103926995005e-02,-1.727789599930317985e-02,-4.155076080911764870e-03,1.022423237341623797e-01,5.307758050305195346e-02,3.314899245556084117e-02,2.531411935758363582e-02,2.373547360451326582e-02,1.238988723542536335e-01,9.609445741680013031e-02,7.474445984562710921e-02,5.476696795288410469e-02,3.601598285415647666e-02,6.217635964060061471e-02,-2.141037377134855178e-03,-2.010680799368839977e-01,2.678753525986773618e-02,1.102735788849506654e-01,-1.788072759281469637e-01,-9.388049722276196052e-01,-9.622461405101541132e-01,-2.744853459654670869e-01,-2.803696523929808948e-01
cz,9.577599999999999447e-01,1.142849999999999921e+00,1.500599999999999934e+00,1.727919999999999900e+00,1.927740000000000009e+00,1.995030000000000081e+00,1.362719999999999931e+00,1.083259999999999890e+00,8.414300000000000113e-01,5.781199999999999672e-01,4.693100000000000049e-01,4.341099999999999959e-01,4.032299999999999773e-01,3.607600000000000251e-01,2.821600000000000219e-01,9.480699999999999683e-01,1.134090000000000042e+00,1.490629999999999900e+00,1.715559999999999974e+00,1.911960000000000104e+00,1.972339999999999982e+00,1.333679999999999977e+00,1.076789999999999914e+00,8.383099999999999996e-01,5.761399999999999855e-01,4.675199999999999911e-01,4.326599999999999890e-01,4.019099999999999895e-01,3.596400000000000152e-01,2.812299999999999800e-01,-7.208000000000000518e-02,1.524999999999999967e-02,8.649999999999999356e-02,-2.808399999999999785e-01,-1.728099999999999914e-01,-2.020200000000000051e-01,7.836400000000000032e-01,-1.083579999999999988e+00,-1.447740000000000027e+00,-4.634300000000000086e-01
cz*c/cref,1.392234611957198887e+00,1.545719767385375976e+00,1.877873979055135978e+00,1.987671242018371753e+00,2.022703627327486320e+00,1.945969310430890831e+00,1.265614706966210923e+00,9.555342620386064745e-01,7.029722591106137841e-01,4.560303090807978910e-01,3.439428592486382108e-01,2.898121780547943671e-01,2.428818482033380244e-01,1.937602369195103591e-01,1.331359848307191451e-01,1.378148877128154925e+00,1.533871751318266918e+00,1.865397367319044042e+00,1.973453213086854729e+00,2.006146278702034991e+00,1.923837290534609945e+00,1.238644051886444775e+00,9.498271310863053429e-01,7.003656567213180084e-01,4.544684533899724932e-01,3.426310233234393654e-01,2.888441569122741082e-01,2.420867584539929951e-01,1.931586972107015854e-01,1.326971683227358423e-01,-5.571447044871323528e-02,1.106807457671408167e-02,5.871244949714905792e-02,-1.774713706624499732e-01,-1.011538678651113243e-01,-1.561520160939101898e-01,5.687466204128670544e-01,-7.354871216892575614e-01,-9.148711086841452289e-01,-2.712675017923068532e-01
Results_Name,VSPAERO_Comp_Load
Results_Timestamp,1758045781
Results_Date,9,16,2025
Results_Time,14,3,1
AoA,3.000000000000000000e+00,3.000000000000000000e+00,3.000000000000000000e+00,3.000000000000000000e+00,3.000000000000000000e+00,3.000000000000000000e+00,3.000000000000000000e+00,3.000000000000000000e+00,3.000000000000000000e+00
Beta,0.000000000000000000e+00,0.000000000000000000e+00,0.000000000000000000e+00,0.000000000000000000e+00,0.000000000000000000e+00,0.000000000000000000e+00,0.000000000000000000e+00,0.000000000000000000e+00,0.000000000000000000e+00
CDi,0.000000000000000000e+00,3.007999999999999910e-02,2.952000000000000110e-02,-2.050000000000000173e-03,8.989999999999999727e-03,0.000000000000000000e+00,0.000000000000000000e+00,0.000000000000000000e+00,0.000000000000000000e+00
CFx,0.000000000000000000e+00,-2.860000000000000129e-03,-3.089999999999999865e-03,-1.740000000000000010e-03,1.078999999999999924e-02,0.000000000000000000e+00,0.000000000000000000e+00,0.000000000000000000e+00,0.000000000000000000e+00
CFy,0.000000000000000000e+00,-1.853000000000000133e-02,1.841999999999999887e-02,-6.999999999999999387e-05,-5.911999999999999894e-02,0.000000000000000000e+00,0.000000000000000000e+00,0.000000000000000000e+00,0.000000000000000000e+00
CFz,0.000000000000000000e+00,6.292100000000000470e-01,6.230299999999999727e-01,-5.969999999999999613e-03,-3.404999999999999694e-02,0.000000000000000000e+00,0.000000000000000000e+00,0.000000000000000000e+00,0.000000000000000000e+00
CL,0.000000000000000000e+00,6.284999999999999476e-01,6.223300000000000498e-01,-5.870000000000000218e-03,-3.456999999999999656e-02,0.000000000000000000e+00,0.000000000000000000e+00,0.000000000000000000e+00,0.000000000000000000e+00
Cmx,0.000000000000000000e+00,1.174899999999999972e-01,-1.164099999999999996e-01,-3.699999999999999947e-04,1.940000000000000101e-03,-5.000000000000000240e-05,5.000000000000000240e-05,-2.000000000000000164e-05,4.000000000000000327e-05
Cmy,0.000000000000000000e+00,-2.415100000000000025e-01,-2.386900000000000133e-01,2.061999999999999944e-02,1.093100000000000044e-01,4.139999999999999583e-03,3.419999999999999863e-03,4.800000000000000122e-04,5.989999999999999665e-03
Cmz,0.000000000000000000e+00,1.719999999999999958e-03,-1.750000000000000036e-03,-1.000000000000000082e-05,-1.567999999999999949e-02,-4.000000000000000327e-05,0.000000000000000000e+00,1.000000000000000082e-05,5.100000000000000366e-04
Comp_ID,0,1,2,3,4,5,6,7,8
Comp_Name,NONE,main_wing,main_wing,horizontal_tail,horizontal_tail,fuselage,fuselage,fuselage,fuselage
Cs,0.000000000000000000e+00,-1.853000000000000133e-02,1.841999999999999887e-02,-6.999999999999999387e-05,-5.911999999999999894e-02,0.000000000000000000e+00,0.000000000000000000e+00,0.000000000000000000e+00,0.000000000000000000e+00
Mach,1.499999999999999944e-01,1.499999999999999944e-01,1.499999999999999944e-01,1.499999999999999944e-01,1.499999999999999944e-01,1.499999999999999944e-01,1.499999999999999944e-01,1.499999999999999944e-01,1.499999999999999944e-01
Results_Name,VSPAERO_Load
Results_Timestamp,1758045781
Results_Date,9,16,2025
Results_Time,14,3,1
AnalysisMethod,0
Chord,1.735630000000000006e+00,1.614889999999999937e+00,1.494180000000000064e+00,1.373480000000000034e+00,1.252809999999999979e+00,1.164630000000000054e+00,1.108910000000000062e+00,1.053209999999999980e+00,9.975199999999999623e-01,9.418400000000000105e-01,8.750400000000000400e-01,7.971099999999999852e-01,7.191899999999999959e-01,6.412799999999999612e-01,5.633799999999999919e-01,1.735630000000000006e+00,1.614889999999999937e+00,1.494180000000000064e+00,1.373480000000000034e+00,1.252809999999999979e+00,1.164630000000000054e+00,1.108910000000000062e+00,1.053209999999999980e+00,9.975199999999999623e-01,9.418400000000000105e-01,8.750400000000000400e-01,7.971099999999999852e-01,7.191899999999999959e-01,6.412799999999999612e-01,5.633799999999999919e-01,9.229000000000000536e-01,8.665699999999999514e-01,8.104299999999999837e-01,7.545199999999999685e-01,6.988999999999999657e-01,9.229000000000000536e-01,8.665699999999999514e-01,8.104299999999999837e-01,7.545199999999999685e-01,6.988999999999999657e-01
FC_AoA_,4.000000000000000000e+00
FC_Beta_,0.000000000000000000e+00
FC_Bref_,1.417173599999999922e+01
FC_Cref_,1.193991999999999942e+00
FC_Mach_,1.499999999999999944e-01
FC_Pitch_Rate,0.000000000000000000e+00
FC_Rho_,2.377000000000000206e-03
FC_Roll__Rate,0.000000000000000000e+00
FC_Sref_,1.619368700000000061e+01
FC_Vinf_,5.100000000000000000e+01
FC_Xcg_,1.774861999999999940e+00
FC_Yaw___Rate,0.000000000000000000e+00
FC_Ycg_,0.000000000000000000e+00
FC_Zcg_,7.545150000000000468e-01
S,3.314000000000000279e-02,8.981999999999999706e-02,1.368900000000000117e-01,1.839600000000000124e-01,2.310300000000000131e-01,2.997400000000000064e-01,4.117600000000000149e-01,5.454599999999999449e-01,6.791700000000000514e-01,8.128699999999999815e-01,9.157600000000000184e-01,9.578200000000000047e-01,9.698700000000000099e-01,9.819200000000000150e-01,9.939700000000000202e-01,3.314000000000000279e-02,8.981999999999999706e-02,1.368900000000000117e-01,1.839600000000000124e-01,2.310300000000000131e-01,2.997400000000000064e-01,4.117600000000000149e-01,5.454599999999999449e-01,6.791700000000000514e-01,8.128699999999999815e-01,9.157600000000000184e-01,9.578200000000000047e-01,9.698700000000000099e-01,9.819200000000000150e-01,9.939700000000000202e-01,1.020299999999999957e-01,3.035599999999999965e-01,5.025399999999999867e-01,7.015200000000000324e-01,9.005100000000000326e-01,1.020299999999999957e-01,3.035599999999999965e-01,5.025399999999999867e-01,7.015200000000000324e-01,9.005100000000000326e-01
V/Vref,1.009339999999999904e+00,1.010350000000000081e+00,1.010389999999999899e+00,1.002389999999999892e+00,9.931999999999999718e-01,9.921100000000000474e-01,1.002650000000000041e+00,1.002969999999999917e+00,1.002590000000000092e+00,1.002909999999999968e+00,1.013789999999999969e+00,1.012399999999999967e+00,1.012480000000000047e+00,1.011889999999999956e+00,1.013540000000000108e+00,1.011060000000000070e+00,1.011039999999999939e+00,1.010569999999999968e+00,1.002459999999999907e+00,9.930499999999999883e-01,9.922699999999999854e-01,1.002510000000000012e+00,1.002620000000000067e+00,1.002450000000000063e+00,1.002799999999999914e+00,1.013660000000000005e+00,1.012310000000000043e+00,1.012389999999999901e+00,1.011789999999999967e+00,1.013430000000000053e+00,9.870299999999999629e-01,9.867099999999999760e-01,1.130549999999999944e+00,1.010780000000000012e+00,1.006119999999999903e+00,9.878500000000000059e-01,9.879400000000000404e-01,1.154760000000000009e+00,1.009400000000000075e+00,1.005570000000000075e+00
WingId,1,1,1,1,1,1,1,1,1,1,1,1,1,1,1,2,2,2,2,2,2,2,2,2,2,2,2,2,2,2,3,3,3,3,3,4,4,4,4,4
Xavg,2.391020000000000145e+00,2.380209999999999937e+00,2.369699999999999918e+00,2.359579999999999789e+00,2.349930000000000074e+00,2.337899999999999867e+00,2.323770000000000113e+00,2.309619999999999784e+00,2.295469999999999899e+00,2.281299999999999883e+00,2.284749999999999837e+00,2.305000000000000160e+00,2.325239999999999974e+00,2.345470000000000166e+00,2.365699999999999914e+00,2.391020000000000145e+00,2.380209999999999937e+00,2.369699999999999918e+00,2.359579999999999789e+00,2.349930000000000074e+00,2.337899999999999867e+00,2.323770000000000113e+00,2.309619999999999784e+00,2.295469999999999899e+00,2.281299999999999883e+00,2.284749999999999837e+00,2.305000000000000160e+00,2.325239999999999974e+00,2.345470000000000166e+00,2.365699999999999914e+00,5.722059999999999924e+00,5.820210000000000328e+00,5.918350000000000222e+00,6.016490000000000116e+00,6.114630000000000010e+00,5.722059999999999924e+00,5.820210000000000328e+00,5.918350000000000222e+00,6.016490000000000116e+00,6.114630000000000010e+00
Yavg,1.719199999999999895e-01,5.196100000000000163e-01,8.672999999999999599e-01,1.214979999999999949e+00,1.562650000000000095e+00,2.228590000000000071e+00,3.216559999999999864e+00,4.204550000000000232e+00,5.192569999999999908e+00,6.180620000000000225e+00,6.716649999999999565e+00,6.791660000000000252e+00,6.866660000000000430e+00,6.941650000000000098e+00,7.016610000000000014e+00,-1.719199999999999895e-01,-5.196100000000000163e-01,-8.672999999999999599e-01,-1.214979999999999949e+00,-1.562650000000000095e+00,-2.228590000000000071e+00,-3.216559999999999864e+00,-4.204550000000000232e+00,-5.192569999999999908e+00,-6.180620000000000225e+00,-6.716649999999999565e+00,-6.791660000000000252e+00,-6.866660000000000430e+00,-6.941650000000000098e+00,-7.016610000000000014e+00,1.078800000000000037e-01,3.257399999999999740e-01,5.435900000000000176e-01,7.614400000000000057e-01,9.792699999999999738e-01,-1.078800000000000037e-01,-3.257399999999999740e-01,-5.435900000000000176e-01,-7.614400000000000057e-01,-9.792699999999999738e-01
Zavg,1.033530000000000060e+00,1.043199999999999905e+00,1.052899999999999947e+00,1.062580000000000080e+00,1.072189999999999976e+00,1.094910000000000050e+00,1.130849999999999911e+00,1.166740000000000110e+00,1.202599999999999891e+00,1.238469999999999960e+00,1.270329999999999959e+00,1.298289999999999944e+00,1.326240000000000085e+00,1.354190000000000005e+00,1.382130000000000081e+00,1.033530000000000060e+00,1.043199999999999905e+00,1.052899999999999947e+00,1.062580000000000080e+00,1.072189999999999976e+00,1.094910000000000050e+00,1.130849999999999911e+00,1.166740000000000110e+00,1.202599999999999891e+00,1.238469999999999960e+00,1.270329999999999959e+00,1.298289999999999944e+00,1.326240000000000085e+00,1.354190000000000005e+00,1.382130000000000081e+00,3.777900000000000147e-01,5.956799999999999873e-01,8.135799999999999699e-01,1.031470000000000109e+00,1.249349999999999961e+00,3.777900000000000147e-01,5.956799999999999873e-01,8.135799999999999699e-01,1.031470000000000109e+00,1.249349999999999961e+00
cd,-8.250000000000000389e-03,-1.336000000000000035e-02,1.544899999999999884e-01,1.781800000000000050e-01,2.207899999999999863e-01,2.214200000000000057e-01,3.310000000000000008e-03,5.040000000000000209e-03,5.029999999999999749e-03,3.939999999999999926e-03,1.038999999999999993e-02,-8.400000000000000348e-04,-9.650000000000000591e-03,-1.170000000000000033e-02,-1.188999999999999953e-02,-7.830000000000000154e-03,-1.408000000000000050e-02,1.503299999999999914e-01,1.735599999999999921e-01,2.145400000000000085e-01,2.117400000000000115e-01,-1.229999999999999974e-03,6.049999999999999822e-03,5.510000000000000141e-03,4.089999999999999886e-03,1.043999999999999963e-02,-6.499999999999999702e-04,-9.409999999999999962e-03,-1.149000000000000021e-02,-1.171999999999999952e-02,-1.900000000000000105e-04,-2.510000000000000078e-03,-1.562500000000000000e-01,-2.644000000000000170e-02,-2.559000000000000163e-02,-1.000000000000000048e-04,-2.390000000000000197e-03,-1.609899999999999942e-01,-2.484000000000000097e-02,-2.437999999999999889e-02
cd*c/cref,-1.199249869345858296e-02,-1.806957701559139609e-02,1.933311682155324229e-01,2.049650805030519551e-01,2.316664767435627492e-01,2.159749601337362657e-01,3.074134583816307432e-03,4.445740339968777197e-03,4.202310903255632515e-03,3.107935061541451226e-03,7.614511320008844966e-03,-5.607846618737814121e-04,-5.812587940287707207e-03,-6.283941600948750317e-03,-5.610245462281154144e-03,-1.138197148724614562e-02,-1.904338655535380356e-02,1.881252800688781868e-01,1.996505745432129997e-01,2.251085915148510475e-01,2.065330054137716476e-01,-1.142352126312404237e-03,5.336652590637123300e-03,4.603326655454978086e-03,3.226257462361557197e-03,7.651154781606577492e-03,-4.339405121642356191e-04,-5.668026167679515726e-03,-6.171152905547105244e-03,-5.530031692004637109e-03,-1.468611179974405425e-04,-1.821696209019826006e-03,-1.060557252477403595e-01,-1.670824327131169990e-02,-1.497903754799027355e-02,-7.729532526181080970e-05,-1.734603163170272576e-03,-1.092730317288558017e-01,-1.569715441979510628e-02,-1.427076730832367406e-02
cl,1.034280000000000088e+00,1.227340000000000098e+00,1.579090000000000105e+00,1.810580000000000078e+00,2.012849999999999806e+00,2.082969999999999988e+00,1.469689999999999941e+00,1.185969999999999969e+00,9.383099999999999774e-01,6.633499999999999952e-01,5.430099999999999927e-01,5.050099999999999589e-01,4.721299999999999941e-01,4.248799999999999799e-01,3.353300000000000169e-01,1.019660000000000011e+00,1.211130000000000040e+00,1.559279999999999999e+00,1.788070000000000048e+00,1.985389999999999988e+00,2.046510000000000051e+00,1.427340000000000053e+00,1.175450000000000106e+00,9.334700000000000220e-01,6.606699999999999795e-01,5.407800000000000384e-01,5.029400000000000537e-01,4.701600000000000223e-01,4.230999999999999761e-01,3.339199999999999946e-01,2.146999999999999950e-02,6.830999999999999572e-02,-8.526999999999999857e-02,-2.066600000000000104e-01,-1.668999999999999928e-01,1.564000000000000112e-02,6.239000000000000101e-02,-4.574999999999999900e-02,-2.127100000000000102e-01,-1.622999999999999998e-01
cl*c/cref,1.503466854384284179e+00,1.659993611849995832e+00,1.976097575360639125e+00,2.082757186312806041e+00,2.112006285217991053e+00,2.031746737917841994e+00,1.364962192292745735e+00,1.046133863292216359e+00,7.839106050961814898e-01,5.232610972267821570e-01,3.979553216436961249e-01,3.371450739200932412e-01,2.843831237562730596e-01,2.281983852488123632e-01,1.582240210989688534e-01,1.482214693063270028e+00,1.638069372072844754e+00,1.951307035893037778e+00,2.056863348833158245e+00,2.083193560677123468e+00,1.996183342350702716e+00,1.325629986968086982e+00,1.036854262423868800e+00,7.798670295948381126e-01,5.211470703321295916e-01,3.963210232564373103e-01,3.357631402890472461e-01,2.831965125394474980e-01,2.272423667830270055e-01,1.575587186513812687e-01,1.659530633371078187e-02,4.957771634985828901e-02,-5.787757882799884901e-02,-1.305947637840119691e-01,-9.769446528954968401e-02,1.208898887094721208e-02,4.528112608794698790e-02,-3.105311635253837563e-02,-1.344179435038090620e-01,-9.500186768420559869e-02
cmx,1.061099999999999960e-01,3.966600000000000126e-01,9.131700000000000372e-01,1.609509999999999996e+00,2.528049999999999908e+00,4.044819999999999638e+00,4.282849999999999824e+00,4.746299999999999741e+00,4.894540000000000113e+00,4.363240000000000229e+00,4.277580000000000382e+00,4.403369999999999784e+00,4.601479999999999571e+00,4.685130000000000017e+00,4.250989999999999824e+00,-1.046300000000000008e-01,-3.915399999999999991e-01,-9.019399999999999640e-01,-1.589660000000000073e+00,-2.493739999999999846e+00,-3.973399999999999821e+00,-4.158350000000000435e+00,-4.704500000000000348e+00,-4.869439999999999991e+00,-4.345710000000000406e+00,-4.260030000000000427e+00,-4.385440000000000005e+00,-4.582559999999999967e+00,-4.665799999999999947e+00,-4.233279999999999710e+00,-6.420000000000000359e-03,2.222999999999999976e-02,-7.632999999999999508e-02,-2.714400000000000146e-01,-3.641199999999999992e-01,4.899999999999999842e-03,-1.969999999999999876e-02,4.537999999999999673e-02,2.779699999999999949e-01,3.538399999999999879e-01
cmx*c/cref,1.542453377409563897e-01,5.364879056141079738e-01,1.142755018961601143e+00,1.851461144463279362e+00,2.652585880391158391e+00,3.945351992810671948e+00,3.977660816404130273e+00,4.186670114205120363e+00,4.089140916187043118e+00,3.441793547695462419e+00,3.134906769224584888e+00,2.939693281613277254e+00,2.771658772588090791e+00,2.516331907081454489e+00,2.005811384163378008e+00,-1.520939561571601761e-01,-5.295630377757974960e-01,-1.128701623796474429e+00,-1.828627174051417503e+00,-2.616585713639622224e+00,-3.875688314494569298e+00,-3.862032491423728953e+00,-4.149798696306173262e+00,-4.068171134144952461e+00,-3.427965603119619509e+00,-3.122044914203780941e+00,-2.927723199485424033e+00,-2.760262486180812047e+00,-2.505949976214245645e+00,-1.997454996683394990e+00,-4.962359881808254408e-03,1.613398674362977181e-02,-5.180949445222413074e-02,-1.715312236597900108e-01,-2.131366608821499697e-01,3.787470937828729418e-03,-1.429777502696835331e-02,3.080197639515172559e-02,1.756577300350420923e-01,2.071192905815114338e-01
cmy,-2.253300000000000025e-01,-3.276999999999999913e-01,-4.738800000000000234e-01,-6.120299999999999629e-01,-7.580500000000000016e-01,-8.655699999999999505e-01,-6.384300000000000530e-01,-5.109399999999999498e-01,-3.852900000000000214e-01,-2.309199999999999864e-01,-2.028099999999999903e-01,-2.299200000000000133e-01,-2.680100000000000260e-01,-2.979700000000000126e-01,-2.982699999999999796e-01,-2.182399999999999896e-01,-3.209199999999999831e-01,-4.653499999999999859e-01,-6.022899999999999920e-01,-7.457099999999999840e-01,-8.474300000000000166e-01,-6.127899999999999459e-01,-5.067500000000000338e-01,-3.835299999999999820e-01,-2.302099999999999980e-01,-2.021199999999999941e-01,-2.289700000000000069e-01,-2.667999999999999816e-01,-2.965900000000000203e-01,-2.968700000000000228e-01,-9.059000000000000385e-02,-2.962099999999999733e-01,5.534799999999999720e-01,1.105310000000000015e+00,9.817900000000000515e-01,-6.343999999999999639e-02,-2.662700000000000067e-01,3.416399999999999992e-01,1.142539999999999889e+00,9.566700000000000204e-01
cmy*c/cref,-3.275478461329724422e-01,-4.432185919168637467e-01,-5.930207391674316986e-01,-7.040340005628178410e-01,-7.953927836199907730e-01,-8.442843746859275411e-01,-5.929364780501042986e-01,-4.506957478777076642e-01,-3.218903315935115472e-01,-1.821533919825258641e-01,-1.486332089327231654e-01,-1.534947731643093172e-01,-1.614333361530060629e-01,-1.600364169944187287e-01,-1.407374191786879558e-01,-3.172415654376243843e-01,-4.340485520841010358e-01,-5.823461656359506522e-01,-6.928298256604734640e-01,-7.824448950244222711e-01,-8.265904636714483944e-01,-5.691235442951041446e-01,-4.469997851744400563e-01,-3.204199405021139202e-01,-1.815933326186440211e-01,-1.481275291626744650e-01,-1.528605524157616025e-01,-1.607045038827730754e-01,-1.592952341389222148e-01,-1.400768351881754858e-01,-7.002183515467441666e-02,-2.149819259258018145e-01,3.756782259847636918e-01,6.984791365436284760e-01,5.746881310762551598e-01,-4.903615434609277790e-02,-1.932522109863382687e-01,2.318904190312832958e-01,7.220059102573550547e-01,5.599842067618544528e-01
cmz,-2.150000000000000001e-03,2.806000000000000161e-02,9.950000000000000511e-03,-3.004000000000000073e-02,-9.289999999999999647e-02,-1.970500000000000029e-01,2.615000000000000102e-01,2.957500000000000129e-01,3.036400000000000210e-01,2.649000000000000243e-01,1.267500000000000016e-01,2.246400000000000063e-01,3.234899999999999998e-01,3.676599999999999868e-01,3.655399999999999761e-01,2.230000000000000211e-03,-2.734999999999999931e-02,-1.004000000000000031e-02,2.853999999999999940e-02,8.890000000000000679e-02,1.821599999999999886e-01,-2.677499999999999880e-01,-2.888299999999999756e-01,-2.994100000000000095e-01,-2.627599999999999936e-01,-1.255600000000000049e-01,-2.221499999999999864e-01,-3.201700000000000101e-01,-3.642900000000000027e-01,-3.624399999999999844e-01,-8.803999999999999326e-02,-1.209100000000000036e-01,8.431199999999999806e-01,8.236700000000000133e-01,1.090540000000000065e+00,6.106000000000000316e-02,9.564000000000000279e-02,-6.409899999999999487e-01,-8.325900000000000523e-01,-1.060210000000000097e+00
cmz*c/cref,-3.125317841325569827e-03,3.795152178574060647e-02,1.245158342769465964e-02,-3.455579199860635969e-02,-9.747640603957145877e-02,-1.922042538810980472e-01,2.428659195371493662e-01,2.608785130051122780e-01,2.536758812454354972e-01,2.089573598483072392e-01,9.289117515025227534e-02,1.499698410039598528e-01,1.948511992542663607e-01,1.974661511969929284e-01,1.724784799228135657e-01,3.241608737746986754e-03,-3.699123737847489352e-02,-1.256421081548285239e-02,3.283030305060670451e-02,9.327935949319594855e-02,1.776804206393342578e-01,-2.486705543253221184e-01,-2.547744409510281360e-01,-2.501419299291787746e-01,-2.072692935966070349e-01,-9.201906076422623759e-02,-1.483075150419768395e-01,-1.928514280665197256e-01,-1.956561611803094014e-01,-1.710157582295358802e-01,-6.805080436049823489e-02,-8.775350144724587687e-02,5.722732996535989658e-01,5.205022214554201332e-01,6.383446505504225543e-01,4.719652560486168463e-02,6.941315754209408107e-02,-4.350762196899141676e-01,-5.261390418026251625e-01,-6.205910667743168574e-01
cs,-1.529999999999999936e-02,-5.640000000000000048e-03,5.340999999999999914e-02,1.638999999999999832e-02,5.919999999999999915e-03,-1.107100000000000029e-01,-6.217999999999999916e-02,-4.143000000000000155e-02,-3.397000000000000020e-02,-3.572999999999999787e-02,-1.925499999999999989e-01,-1.622200000000000031e-01,-1.388500000000000012e-01,-1.126000000000000056e-01,-8.437000000000000055e-02,1.516999999999999946e-02,6.490000000000000109e-03,-5.129999999999999838e-02,-1.469999999999999953e-02,-3.899999999999999821e-03,1.087400000000000033e-01,5.997000000000000247e-02,4.111000000000000071e-02,3.379000000000000059e-02,3.549999999999999684e-02,1.917099999999999915e-01,1.616200000000000137e-01,1.383999999999999952e-01,1.122599999999999987e-01,8.412000000000000033e-02,-2.063999999999999863e-02,-3.253000000000000336e-02,1.328799999999999981e-01,1.532999999999999918e-01,1.820499999999999896e-01,1.486999999999999954e-02,2.735999999999999890e-02,-9.514999999999999847e-02,-1.544200000000000017e-01,-1.767900000000000027e-01
cs*c/cref,-2.224063394059591636e-02,-7.628174728138882241e-03,6.683809757519312833e-02,1.885384257180952594e-02,6.211628888635769424e-03,-1.079874800668681328e-01,-5.774915058057340789e-02,-3.654504410414809862e-02,-2.838021896294112487e-02,-2.818439587534924892e-02,-1.411139706128684279e-01,-1.082981998204343155e-01,-8.363500886103089615e-02,-6.047622429631019370e-02,-3.980962234252825860e-02,2.205166123391111288e-02,8.777810990358394724e-03,-6.419761103926995005e-02,-1.690979169039658406e-02,-4.092120382716131662e-03,1.060659252323298690e-01,5.569663171947551727e-02,3.626277487621357848e-02,2.822983805586637071e-02,2.800296819409175270e-02,1.404983604580265222e-01,1.078976393476673429e-01,8.336395553739053832e-02,6.029361402756466815e-02,3.969166091565103083e-02,-1.595375513403774967e-02,-2.360947317904977735e-02,9.019318253388632078e-02,9.687495058593356689e-02,1.065624769680198897e-01,1.149381486643126678e-02,1.985721445369818122e-02,-6.458369444686395955e-02,-9.758271278199519283e-02,-1.034835501410394792e-01
cx,-8.037999999999999312e-02,-9.894000000000000017e-02,4.395999999999999908e-02,5.143999999999999961e-02,7.985000000000000431e-02,7.557999999999999441e-02,-9.922000000000000264e-02,-7.770000000000000517e-02,-6.042999999999999761e-02,-4.234000000000000263e-02,-2.750999999999999973e-02,-3.606999999999999790e-02,-4.256000000000000061e-02,-4.130999999999999950e-02,-3.524999999999999661e-02,-7.893999999999999628e-02,-9.853000000000000647e-02,4.120000000000000051e-02,4.841000000000000164e-02,7.552999999999999992e-02,6.845999999999999308e-02,-1.007900000000000046e-01,-7.595999999999999974e-02,-5.961999999999999938e-02,-4.200000000000000261e-02,-2.731000000000000094e-02,-3.574000000000000093e-02,-4.218000000000000221e-02,-4.098000000000000254e-02,-3.497999999999999721e-02,-1.680000000000000070e-03,-7.270000000000000420e-03,-1.499199999999999977e-01,-1.196000000000000014e-02,-1.388999999999999957e-02,-1.199999999999999895e-03,-6.740000000000000331e-03,-1.574099999999999944e-01,-9.939999999999999183e-03,-1.298999999999999981e-02
cx*c/cref,-1.168432781794182806e-01,-1.338176609223512281e-01,5.501222185743288168e-02,5.917276765673471633e-02,8.378354168202133134e-02,7.372137786517832247e-02,-9.214973818920060844e-02,-6.853849690785197846e-02,-5.048621230293000306e-02,-3.339846967148859397e-02,-2.016123257107250641e-02,-2.408036042117535011e-02,-2.563562100918599304e-02,-2.218714765258058413e-02,-1.663256118968971242e-02,-1.147500420438327812e-01,-1.332631304899865310e-01,5.155831529859496859e-02,5.568727998177542410e-02,7.925073141193575421e-02,6.677646902156797459e-02,-9.360786244798961764e-02,-6.700365798095798964e-02,-4.980949822109360936e-02,-3.313027222962968560e-02,-2.001465872468157631e-02,-2.386005216115351033e-02,-2.540673153588968863e-02,-2.200990827409228870e-02,-1.650516284866230393e-02,-1.298561464398421570e-03,-5.276387027718779099e-03,-1.017591957065038938e-01,-7.557889165086532912e-03,-8.130474073528131881e-03,-9.275439031417296622e-04,-4.891726075216584584e-03,-1.068430829519795705e-01,-6.281389490046833911e-03,-7.603661498569505399e-03
cy,-1.529999999999999936e-02,-5.640000000000000048e-03,5.340999999999999914e-02,1.638999999999999832e-02,5.919999999999999915e-03,-1.107100000000000029e-01,-6.217999999999999916e-02,-4.143000000000000155e-02,-3.397000000000000020e-02,-3.572999999999999787e-02,-1.925499999999999989e-01,-1.622200000000000031e-01,-1.388500000000000012e-01,-1.126000000000000056e-01,-8.437000000000000055e-02,1.516999999999999946e-02,6.490000000000000109e-03,-5.129999999999999838e-02,-1.469999999999999953e-02,-3.899999999999999821e-03,1.087400000000000033e-01,5.997000000000000247e-02,4.111000000000000071e-02,3.379000000000000059e-02,3.549999999999999684e-02,1.917099999999999915e-01,1.616200000000000137e-01,1.383999999999999952e-01,1.122599999999999987e-01,8.412000000000000033e-02,-2.063999999999999863e-02,-3.253000000000000336e-02,1.328799999999999981e-01,1.532999999999999918e-01,1.820499999999999896e-01,1.486999999999999954e-02,2.735999999999999890e-02,-9.514999999999999847e-02,-1.544200000000000017e-01,-1.767900000000000027e-01
cy*c/cref,-2.224063394059591636e-02,-7.628174728138882241e-03,6.683809757519312833e-02,1.885384257180952594e-02,6.211628888635769424e-03,-1.079874800668681328e-01,-5.774915058057340789e-02,-3.654504410414809862e-02,-2.838021896294112487e-02,-2.818439587534924892e-02,-1.411139706128684279e-01,-1.082981998204343155e-01,-8.363500886103089615e-02,-6.047622429631019370e-02,-3.980962234252825860e-02,2.205166123391111288e-02,8.777810990358394724e-03,-6.419761103926995005e-02,-1.690979169039658406e-02,-4.092120382716131662e-03,1.060659252323298690e-01,5.569663171947551727e-02,3.626277487621357848e-02,2.822983805586637071e-02,2.800296819409175270e-02,1.404983604580265222e-01,1.078976393476673429e-01,8.336395553739053832e-02,6.029361402756466815e-02,3.969166091565103083e-02,-1.595375513403774967e-02,-2.360947317904977735e-02,9.019318253388632078e-02,9.687495058593356689e-02,1.065624769680198897e-01,1.149381486643126678e-02,1.985721445369818122e-02,-6.458369444686395955e-02,-9.758271278199519283e-02,-1.034835501410394792e-01
cz,1.031190000000000051e+00,1.223419999999999952e+00,1.586019999999999985e+00,1.818599999999999994e+00,2.023340000000000138e+00,2.093339999999999979e+00,1.466339999999999977e+00,1.183429999999999982e+00,9.363799999999999901e-01,6.620099999999999874e-01,5.424099999999999477e-01,5.037300000000000111e-01,4.702999999999999958e-01,4.230300000000000171e-01,3.336899999999999866e-01,1.016629999999999923e+00,1.207200000000000051e+00,1.565960000000000019e+00,1.795819999999999972e+00,1.995519999999999960e+00,2.056290000000000173e+00,1.423780000000000046e+00,1.173010000000000108e+00,9.315799999999999637e-01,6.593499999999999917e-01,5.401899999999999480e-01,5.016699999999999493e-01,4.683599999999999985e-01,4.212699999999999778e-01,3.322899999999999743e-01,2.140999999999999848e-02,6.796000000000000651e-02,-9.596000000000000363e-02,-2.079999999999999905e-01,-1.682800000000000129e-01,1.559999999999999928e-02,6.208000000000000324e-02,-5.686999999999999694e-02,-2.139300000000000090e-01,-1.636100000000000054e-01
cz*c/cref,1.498975118510006865e+00,1.654691759911289139e+00,1.984769884220329850e+00,2.091982800554777366e+00,2.123013039785861533e+00,2.041861724534167699e+00,1.361850908046285058e+00,1.043893351295485994e+00,7.822981875925466566e-01,5.222040837794558188e-01,3.975156001045233034e-01,3.362905449115237144e-01,2.832808402401356118e-01,2.272047705512264815e-01,1.574501941386542148e-01,1.477810175361308875e+00,1.632753995001641645e+00,1.959666490897761459e+00,2.065778375064489580e+00,2.093822581055819310e+00,2.005722837925212332e+00,1.322323666992743840e+00,1.034701959560868190e+00,7.782880300705531385e-01,5.201058332049126598e-01,3.958886304095839970e-01,3.349152872883570109e-01,2.821122992448860667e-01,2.262594938659555355e-01,1.567896101481416893e-01,1.654892913855369324e-02,4.932369496613042692e-02,-6.513348732654825057e-02,-1.314415506971571002e-01,-9.850224457115291932e-02,1.205807074084248517e-02,4.505613571950230906e-02,-3.860089020696955836e-02,-1.351888987530904807e-01,-9.576867265442315369e-02
Results_Name,VSPAERO_Comp_Load
Results_Timestamp,1758045781
Results_Date,9,16,2025
Results_Time,14,3,1
AoA,4.000000000000000000e+00,4.000000000000000000e+00,4.000000000000000000e+00,4.000000000000000000e+00,4.000000000000000000e+00,4.000000000000000000e+00,4.000000000000000000e+00,4.000000000000000000e+00,4.000000000000000000e+00
Beta,0.000000000000000000e+00,0.000000000000000000e+00,0.000000000000000000e+00,0.000000000000000000e+00,0.000000000000000000e+00,0.000000000000000000e+00,0.000000000000000000e+00,0.000000000000000000e+00,0.000000000000000000e+00
CDi,0.000000000000000000e+00,3.271000000000000296e-02,3.135000000000000286e-02,-3.139999999999999996e-03,-3.170000000000000075e-03,0.000000000000000000e+00,0.000000000000000000e+00,0.000000000000000000e+00,0.000000000000000000e+00
CFx,0.000000000000000000e+00,-1.443999999999999971e-02,-1.510000000000000057e-02,-2.789999999999999945e-03,-2.840000000000000076e-03,0.000000000000000000e+00,0.000000000000000000e+00,0.000000000000000000e+00,0.000000000000000000e+00
CFy,0.000000000000000000e+00,-2.008000000000000063e-02,1.992999999999999980e-02,5.740000000000000310e-03,-5.300000000000000024e-03,0.000000000000000000e+00,0.000000000000000000e+00,0.000000000000000000e+00,0.000000000000000000e+00
CFz,0.000000000000000000e+00,6.754099999999999548e-01,6.654400000000000315e-01,-5.190000000000000169e-03,-4.810000000000000039e-03,0.000000000000000000e+00,0.000000000000000000e+00,0.000000000000000000e+00,0.000000000000000000e+00
CL,0.000000000000000000e+00,6.747699999999999809e-01,6.648699999999999610e-01,-4.980000000000000052e-03,-4.599999999999999922e-03,0.000000000000000000e+00,0.000000000000000000e+00,0.000000000000000000e+00,0.000000000000000000e+00
Cmx,0.000000000000000000e+00,1.278400000000000092e-01,-1.261500000000000121e-01,-5.000000000000000104e-04,4.699999999999999859e-04,-5.000000000000000240e-05,5.000000000000000240e-05,-0.000000000000000000e+00,0.000000000000000000e+00
Cmy,0.000000000000000000e+00,-2.538699999999999846e-01,-2.488400000000000056e-01,1.861000000000000154e-02,1.727000000000000063e-02,6.839999999999999726e-03,6.320000000000000097e-03,-0.000000000000000000e+00,0.000000000000000000e+00
Cmz,0.000000000000000000e+00,4.029999999999999728e-03,-4.100000000000000346e-03,1.850000000000000082e-03,-1.719999999999999958e-03,-0.000000000000000000e+00,1.000000000000000082e-05,2.000000000000000164e-05,1.000000000000000048e-04
Comp_ID,0,1,2,3,4,5,6,7,8
Comp_Name,NONE,main_wing,main_wing,horizontal_tail,horizontal_tail,fuselage,fuselage,fuselage,fuselage
Cs,0.000000000000000000e+00,-2.008000000000000063e-02,1.992999999999999980e-02,5.740000000000000310e-03,-5.300000000000000024e-03,0.000000000000000000e+00,0.000000000000000000e+00,0.000000000000000000e+00,0.000000000000000000e+00
Mach,1.499999999999999944e-01,1.499999999999999944e-01,1.499999999999999944e-01,1.499999999999999944e-01,1.499999999999999944e-01,1.499999999999999944e-01,1.499999999999999944e-01,1.499999999999999944e-01,1.499999999999999944e-01
Results_Name,VSPAERO_Load
Results_Timestamp,1758045781
Results_Date,9,16,2025
Results_Time,14,3,1
AnalysisMethod,0
Chord,1.735630000000000006e+00,1.614889999999999937e+00,1.494180000000000064e+00,1.373480000000000034e+00,1.252809999999999979e+00,1.164630000000000054e+00,1.108910000000000062e+00,1.053209999999999980e+00,9.975199999999999623e-01,9.418400000000000105e-01,8.750400000000000400e-01,7.971099999999999852e-01,7.191899999999999959e-01,6.412799999999999612e-01,5.633799999999999919e-01,1.735630000000000006e+00,1.614889999999999937e+00,1.494180000000000064e+00,1.373480000000000034e+00,1.252809999999999979e+00,1.164630000000000054e+00,1.108910000000000062e+00,1.053209999999999980e+00,9.975199999999999623e-01,9.418400000000000105e-01,8.750400000000000400e-01,7.971099999999999852e-01,7.191899999999999959e-01,6.412799999999999612e-01,5.633799999999999919e-01,9.229000000000000536e-01,8.665699999999999514e-01,8.104299999999999837e-01,7.545199999999999685e-01,6.988999999999999657e-01,9.229000000000000536e-01,8.665699999999999514e-01,8.104299999999999837e-01,7.545199999999999685e-01,6.988999999999999657e-01
FC_AoA_,5.000000000000000000e+00
FC_Beta_,0.000000000000000000e+00
FC_Bref_,1.417173599999999922e+01
FC_Cref_,1.193991999999999942e+00
FC_Mach_,1.499999999999999944e-01
FC_Pitch_Rate,0.000000000000000000e+00
FC_Rho_,2.377000000000000206e-03
FC_Roll__Rate,0.000000000000000000e+00
FC_Sref_,1.619368700000000061e+01
FC_Vinf_,5.100000000000000000e+01
FC_Xcg_,1.774861999999999940e+00
FC_Yaw___Rate,0.000000000000000000e+00
FC_Ycg_,0.000000000000000000e+00
FC_Zcg_,7.545150000000000468e-01
S,3.314000000000000279e-02,8.981999999999999706e-02,1.368900000000000117e-01,1.839600000000000124e-01,2.310300000000000131e-01,2.997400000000000064e-01,4.117600000000000149e-01,5.454599999999999449e-01,6.791700000000000514e-01,8.128699999999999815e-01,9.157600000000000184e-01,9.578200000000000047e-01,9.698700000000000099e-01,9.819200000000000150e-01,9.939700000000000202e-01,3.314000000000000279e-02,8.981999999999999706e-02,1.368900000000000117e-01,1.839600000000000124e-01,2.310300000000000131e-01,2.997400000000000064e-01,4.117600000000000149e-01,5.454599999999999449e-01,6.791700000000000514e-01,8.128699999999999815e-01,9.157600000000000184e-01,9.578200000000000047e-01,9.698700000000000099e-01,9.819200000000000150e-01,9.939700000000000202e-01,1.020299999999999957e-01,3.035599999999999965e-01,5.025399999999999867e-01,7.015200000000000324e-01,9.005100000000000326e-01,1.020299999999999957e-01,3.035599999999999965e-01,5.025399999999999867e-01,7.015200000000000324e-01,9.005100000000000326e-01
V/Vref,1.009050000000000002e+00,1.009989999999999943e+00,1.010599999999999943e+00,1.002860000000000085e+00,9.941799999999999526e-01,9.932199999999999918e-01,1.004359999999999919e+00,1.004000000000000004e+00,1.002539999999999987e+00,1.002520000000000078e+00,1.014739999999999975e+00,1.013309999999999933e+00,1.013430000000000053e+00,1.012880000000000003e+00,1.014769999999999950e+00,1.010480000000000045e+00,1.010680000000000023e+00,1.010820000000000052e+00,1.002979999999999983e+00,9.940700000000000092e-01,9.932699999999999863e-01,1.004150000000000098e+00,1.003740000000000077e+00,1.002399999999999958e+00,1.002420000000000089e+00,1.014599999999999946e+00,1.013190000000000035e+00,1.013309999999999933e+00,1.012750000000000039e+00,1.014639999999999986e+00,9.941600000000000437e-01,9.934800000000000297e-01,1.363560000000000105e+00,1.010850000000000026e+00,1.008059999999999956e+00,9.925599999999999978e-01,9.930999999999999828e-01,1.244969999999999910e+00,1.008990000000000054e+00,1.007100000000000106e+00
WingId,1,1,1,1,1,1,1,1,1,1,1,1,1,1,1,2,2,2,2,2,2,2,2,2,2,2,2,2,2,2,3,3,3,3,3,4,4,4,4,4
Xavg,2.391020000000000145e+00,2.380209999999999937e+00,2.369699999999999918e+00,2.359579999999999789e+00,2.349930000000000074e+00,2.337899999999999867e+00,2.323770000000000113e+00,2.309619999999999784e+00,2.295469999999999899e+00,2.281299999999999883e+00,2.284749999999999837e+00,2.305000000000000160e+00,2.325239999999999974e+00,2.345470000000000166e+00,2.365699999999999914e+00,2.391020000000000145e+00,2.380209999999999937e+00,2.369699999999999918e+00,2.359579999999999789e+00,2.349930000000000074e+00,2.337899999999999867e+00,2.323770000000000113e+00,2.309619999999999784e+00,2.295469999999999899e+00,2.281299999999999883e+00,2.284749999999999837e+00,2.305000000000000160e+00,2.325239999999999974e+00,2.345470000000000166e+00,2.365699999999999914e+00,5.722059999999999924e+00,5.820210000000000328e+00,5.918350000000000222e+00,6.016490000000000116e+00,6.114630000000000010e+00,5.722059999999999924e+00,5.820210000000000328e+00,5.918350000000000222e+00,6.016490000000000116e+00,6.114630000000000010e+00
Yavg,1.719199999999999895e-01,5.196100000000000163e-01,8.672999999999999599e-01,1.214979999999999949e+00,1.562650000000000095e+00,2.228590000000000071e+00,3.216559999999999864e+00,4.204550000000000232e+00,5.192569999999999908e+00,6.180620000000000225e+00,6.716649999999999565e+00,6.791660000000000252e+00,6.866660000000000430e+00,6.941650000000000098e+00,7.016610000000000014e+00,-1.719199999999999895e-01,-5.196100000000000163e-01,-8.672999999999999599e-01,-1.214979999999999949e+00,-1.562650000000000095e+00,-2.228590000000000071e+00,-3.216559999999999864e+00,-4.204550000000000232e+00,-5.192569999999999908e+00,-6.180620000000000225e+00,-6.716649999999999565e+00,-6.791660000000000252e+00,-6.866660000000000430e+00,-6.941650000000000098e+00,-7.016610000000000014e+00,1.078800000000000037e-01,3.257399999999999740e-01,5.435900000000000176e-01,7.614400000000000057e-01,9.792699999999999738e-01,-1.078800000000000037e-01,-3.257399999999999740e-01,-5.435900000000000176e-01,-7.614400000000000057e-01,-9.792699999999999738e-01
Zavg,1.033530000000000060e+00,1.043199999999999905e+00,1.052899999999999947e+00,1.062580000000000080e+00,1.072189999999999976e+00,1.094910000000000050e+00,1.130849999999999911e+00,1.166740000000000110e+00,1.202599999999999891e+00,1.238469999999999960e+00,1.270329999999999959e+00,1.298289999999999944e+00,1.326240000000000085e+00,1.354190000000000005e+00,1.382130000000000081e+00,1.033530000000000060e+00,1.043199999999999905e+00,1.052899999999999947e+00,1.062580000000000080e+00,1.072189999999999976e+00,1.094910000000000050e+00,1.130849999999999911e+00,1.166740000000000110e+00,1.202599999999999891e+00,1.238469999999999960e+00,1.270329999999999959e+00,1.298289999999999944e+00,1.326240000000000085e+00,1.354190000000000005e+00,1.382130000000000081e+00,3.777900000000000147e-01,5.956799999999999873e-01,8.135799999999999699e-01,1.031470000000000109e+00,1.249349999999999961e+00,3.777900000000000147e-01,5.956799999999999873e-01,8.135799999999999699e-01,1.031470000000000109e+00,1.249349999999999961e+00
cd,8.000000000000000383e-04,-6.009999999999999717e-03,1.653999999999999915e-01,1.874399999999999955e-01,2.291700000000000126e-01,2.291999999999999871e-01,6.760000000000000384e-03,8.349999999999999784e-03,8.170000000000000179e-03,6.980000000000000093e-03,1.448999999999999941e-02,3.699999999999999947e-04,-1.088000000000000078e-02,-1.349999999999999985e-02,-1.400999999999999988e-02,2.300000000000000070e-04,-6.899999999999999883e-03,1.610600000000000087e-01,1.823700000000000043e-01,2.222500000000000031e-01,2.191800000000000137e-01,1.899999999999999996e-03,9.350000000000000672e-03,8.710000000000000728e-03,7.159999999999999698e-03,1.454000000000000084e-02,5.900000000000000296e-04,-1.059000000000000045e-02,-1.324000000000000003e-02,-1.379999999999999977e-02,-3.800000000000000209e-04,-5.669999999999999693e-03,-2.318999999999999950e-01,-1.658000000000000099e-02,-1.919999999999999832e-02,-5.000000000000000240e-05,-5.190000000000000169e-03,-1.719299999999999995e-01,-1.493000000000000056e-02,-1.711000000000000021e-02
cd*c/cref,1.162908964214165583e-03,-8.128604630516787430e-03,2.069841104463011339e-01,2.156170989420364559e-01,2.404592892582194941e-01,2.235636386173441570e-01,6.278292986887684841e-03,7.365462666416524966e-03,6.825622282226346399e-03,5.505935718162266630e-03,1.061927517102292245e-02,2.470122915396418331e-04,-6.553467024904689742e-03,-7.250701847248556924e-03,-6.610558362200082312e-03,3.343363272115726348e-04,-9.332341422723100521e-03,2.015529675240705365e-01,2.097849462977976476e-01,2.331983987329898367e-01,2.137900449919262758e-01,1.764608975604526828e-03,8.247554003711918616e-03,7.276765003450609733e-03,5.647922599146393621e-03,1.065591863262065585e-02,3.938844648875369932e-04,-6.378788216336458115e-03,-7.111058700560807244e-03,-6.511470763623207307e-03,-2.937222359948810850e-04,-4.115146416391398873e-03,-1.574036651836863143e-01,-1.047740822384069653e-02,-1.123866826578402527e-02,-3.864766263090540485e-05,-3.766774232993186020e-03,-1.166986293878015946e-01,-9.434722845714210021e-03,-1.001529239726899403e-02
cl,1.104360000000000008e+00,1.301909999999999901e+00,1.654879999999999907e+00,1.890649999999999942e+00,2.096530000000000005e+00,2.168670000000000098e+00,1.568089999999999984e+00,1.284419999999999895e+00,1.032499999999999973e+00,7.461200000000000054e-01,6.145199999999999552e-01,5.728600000000000358e-01,5.375799999999999468e-01,4.854499999999999926e-01,3.850899999999999879e-01,1.090859999999999941e+00,1.286140000000000061e+00,1.635029999999999983e+00,1.867280000000000051e+00,2.067779999999999951e+00,2.131079999999999863e+00,1.524520000000000097e+00,1.272429999999999950e+00,1.026880000000000015e+00,7.430299999999999683e-01,6.119400000000000395e-01,5.704599999999999671e-01,5.352900000000000436e-01,4.833600000000000119e-01,3.834299999999999931e-01,6.338000000000000578e-02,9.751999999999999558e-02,1.752100000000000046e-01,-1.574200000000000044e-01,-1.330999999999999961e-01,6.543999999999999817e-02,9.862999999999999545e-02,1.424199999999999910e-01,-1.433599999999999874e-01,-1.210299999999999987e-01
cl*c/cref,1.605337679649444960e+00,1.760850524877888512e+00,2.070942350032495938e+00,2.174863786357027262e+00,2.199808498968167214e+00,2.115339250262983750e+00,1.456350362397738074e+00,1.132975755448947686e+00,8.626015919704653756e-01,5.885513979993166611e-01,4.503628004207733682e-01,3.824417873821600589e-01,3.238063238279653144e-01,2.607298675368008856e-01,1.817030635046130993e-01,1.585713590878330859e+00,1.739521390930592659e+00,2.046101753948100122e+00,2.147980668547193162e+00,2.169642226916093097e+00,2.078673643039484098e+00,1.415885092362427988e+00,1.122399480314775877e+00,8.579063658717981378e-01,5.861139565424224873e-01,4.484719978023303799e-01,3.808395454910920574e-01,3.224269635809955403e-01,2.596073514730417031e-01,1.809197996301482869e-01,4.898977715093569274e-02,7.077761526040374229e-02,1.189249511722021702e-01,-9.947850437858879458e-02,-7.790972636332571533e-02,5.058206085132899155e-02,7.158322593451212079e-02,9.666852089461235031e-02,-9.059356109588673212e-02,-7.084458438582504070e-02
cmx,1.129200000000000065e-01,4.201799999999999979e-01,9.578600000000000447e-01,1.681529999999999969e+00,2.634450000000000180e+00,4.212720000000000020e+00,4.563950000000000173e+00,5.134649999999999714e+00,5.380180000000000184e+00,4.903120000000000367e+00,4.835210000000000008e+00,4.984609999999999985e+00,5.224409999999999776e+00,5.334699999999999775e+00,4.863529999999999909e+00,-1.116000000000000048e-01,-4.152000000000000135e-01,-9.465799999999999770e-01,-1.660870000000000068e+00,-2.598380000000000134e+00,-4.138790000000000191e+00,-4.435769999999999769e+00,-5.087110000000000021e+00,-5.351119999999999877e+00,-4.882909999999999862e+00,-4.814949999999999619e+00,-4.963899999999999757e+00,-5.202480000000000437e+00,-5.312129999999999797e+00,-4.842789999999999928e+00,-1.893999999999999850e-02,1.737000000000000002e-02,1.160700000000000065e-01,-1.860100000000000087e-01,-2.886299999999999977e-01,1.941000000000000017e-02,-1.661999999999999936e-02,-9.983000000000000207e-02,1.648399999999999865e-01,2.620600000000000152e-01
cmx*c/cref,1.641446002988294905e-01,5.682990172463466827e-01,1.198680774075538302e+00,1.934307620486569457e+00,2.764227318524747457e+00,4.109123087591877166e+00,4.238730070636989922e+00,4.529230285043785109e+00,4.494868603474730051e+00,3.867659532727188321e+00,3.543576639039458076e+00,3.327729563598416096e+00,3.146874876799844678e+00,2.865208825519768521e+00,2.294835753840896775e+00,-1.622258005078761056e-01,-5.615635012629900391e-01,-1.184564808139418002e+00,-1.910541886042787629e+00,-2.726380451292806040e+00,-4.037011133826692522e+00,-4.119683976693311322e+00,-4.487295662868763024e+00,-4.470590441476995025e+00,-3.851717561256692068e+00,-3.528728708400056480e+00,-3.313903551280075632e+00,-3.133665544827771487e+00,-2.853086726209220547e+00,-2.285049673867161513e+00,-1.463973460458696703e-02,1.260671838672285799e-02,7.878328338883343329e-02,-1.175453982941259273e-01,-1.689487927892314167e-01,1.500302263331747786e-02,-1.206238685016314954e-02,-6.776027552948428456e-02,1.041674289274969883e-01,1.533961148818417664e-01
cmy,-2.328000000000000069e-01,-3.370299999999999963e-01,-4.851900000000000102e-01,-6.274899999999999922e-01,-7.783099999999999463e-01,-8.906199999999999672e-01,-6.701599999999999779e-01,-5.438300000000000356e-01,-4.179200000000000137e-01,-2.598900000000000099e-01,-2.304400000000000059e-01,-2.631299999999999750e-01,-3.093600000000000239e-01,-3.457899999999999863e-01,-3.485099999999999865e-01,-2.268900000000000083e-01,-3.306999999999999940e-01,-4.767899999999999916e-01,-6.173100000000000254e-01,-7.652099999999999458e-01,-8.717500000000000249e-01,-6.438700000000000534e-01,-5.389399999999999746e-01,-4.158100000000000129e-01,-2.590100000000000180e-01,-2.295999999999999985e-01,-2.619900000000000007e-01,-3.078899999999999970e-01,-3.441199999999999815e-01,-3.468200000000000172e-01,-2.583599999999999786e-01,-4.101699999999999791e-01,-6.567300000000000360e-01,8.472100000000000186e-01,7.859000000000000430e-01,-2.655199999999999783e-01,-4.115599999999999814e-01,-5.328000000000000513e-01,7.754600000000000382e-01,7.165300000000000002e-01
cmy*c/cref,-3.384065085863222078e-01,-4.558375405362850019e-01,-6.071742475661479066e-01,-7.218180399868675545e-01,-8.166508243773826781e-01,-8.687183587494723414e-01,-6.224054479426998077e-01,-4.797077319613531898e-01,-3.491510482482294564e-01,-2.050053916609156923e-01,-1.688823858116302590e-01,-1.756657953319620269e-01,-1.863401248919590858e-01,-1.857200142044502511e-01,-1.644429475239365113e-01,-3.298155186131900285e-01,-4.472761316658737663e-01,-5.966623580392498294e-01,-7.101077216597766473e-01,-8.029054969380029494e-01,-8.503123994968141419e-01,-5.979888321697298670e-01,-4.753943053219786830e-01,-3.473882498375198691e-01,-2.043112335761043952e-01,-1.682667756567883255e-01,-1.749047304337047748e-01,-1.854546840347338910e-01,-1.848230755314943241e-01,-1.636455282782464382e-01,-1.997002023464143905e-01,-2.976912884675944060e-01,-4.457598492284705616e-01,5.353778661833580310e-01,4.600244473999826611e-01,-2.052345476351600528e-01,-2.987001162486850325e-01,-3.616415386367748397e-01,4.900368504981608142e-01,4.194189048167827338e-01
cmz,-1.229999999999999974e-03,3.371999999999999997e-02,2.246000000000000080e-02,-5.640000000000000048e-03,-5.190999999999999781e-02,-1.284099999999999964e-01,3.503100000000000103e-01,3.986999999999999988e-01,4.146099999999999786e-01,3.662099999999999800e-01,2.052900000000000003e-01,3.301999999999999935e-01,4.594400000000000150e-01,5.175899999999999945e-01,5.125899999999999901e-01,1.379999999999999933e-03,-3.302000000000000074e-02,-2.244000000000000161e-02,4.259999999999999898e-03,4.785999999999999976e-02,1.141800000000000037e-01,-3.550699999999999967e-01,-3.905799999999999828e-01,-4.093200000000000172e-01,-3.633899999999999908e-01,-2.036699999999999899e-01,-3.269599999999999729e-01,-4.551200000000000245e-01,-5.131900000000000350e-01,-5.085300000000000376e-01,-2.550499999999999989e-01,-3.882099999999999995e-01,-4.704900000000000193e-01,2.716399999999999926e-01,8.453100000000000058e-01,2.595600000000000129e-01,4.015500000000000180e-01,5.816500000000000004e-01,-1.660500000000000032e-01,-7.662799999999999612e-01
cmz*c/cref,-1.787972532479279505e-03,4.560674677887288642e-02,2.810679033025346996e-02,-6.487838444478690077e-03,-5.446717155558831319e-02,-1.252522113213488941e-01,3.253474580231693891e-01,3.516898161796728761e-01,3.463857104570214895e-01,2.888723093622068139e-01,1.504507246279707111e-01,2.204417801794316956e-01,2.767394200296149354e-01,2.779919088235097147e-01,2.418633912120014273e-01,2.006017963269435701e-03,-4.465998750410388185e-02,-2.808176202185609649e-02,4.900388612319010045e-03,5.021766192738309764e-02,1.113721477195827175e-01,-3.297682678778417475e-01,-3.445272345208342801e-01,-3.419661826879912270e-01,-2.866478482267887928e-01,-1.492634764722041707e-01,-2.182787536264899630e-01,-2.741373081226675112e-01,-2.756287171103323774e-01,-2.399476976395152061e-01,-1.971417270802484634e-01,-2.817532610771261159e-01,-3.193482122995799366e-01,1.716576097662295686e-01,4.947999308203070434e-01,2.006277462495561492e-01,2.914351046740681905e-01,3.947988005782283594e-01,-1.049320648714564264e-01,-4.485399332658845384e-01
cs,-1.417999999999999990e-02,-4.780000000000000394e-03,5.471000000000000169e-02,1.682000000000000162e-02,6.850000000000000186e-03,-1.146500000000000019e-01,-6.525999999999999857e-02,-4.492999999999999772e-02,-3.729999999999999982e-02,-4.127999999999999725e-02,-2.135799999999999921e-01,-1.774799999999999989e-01,-1.503400000000000014e-01,-1.196500000000000064e-01,-8.933000000000000662e-02,1.442000000000000053e-02,5.629999999999999588e-03,-5.251999999999999724e-02,-1.495999999999999934e-02,-4.720000000000000237e-03,1.125099999999999989e-01,6.299000000000000432e-02,4.456999999999999851e-02,3.708000000000000185e-02,4.100000000000000172e-02,2.126000000000000112e-01,1.768000000000000127e-01,1.498400000000000010e-01,1.192700000000000010e-01,8.906999999999999640e-02,-6.180999999999999689e-02,-9.246000000000000052e-02,-1.455100000000000005e-01,5.369000000000000161e-02,1.419199999999999906e-01,6.328000000000000291e-02,9.575999999999999790e-02,1.564200000000000035e-01,-3.373000000000000304e-02,-1.284299999999999886e-01
cs*c/cref,-2.061256139069608459e-02,-6.465013333422670039e-03,6.846493762102258407e-02,1.934848273690276121e-02,7.187442210668078951e-03,-1.118305897359446327e-01,-6.060967460418495434e-02,-3.963236378468196902e-02,-3.116226574382407674e-02,-3.256232470569317416e-02,-1.565262105608747900e-01,-1.184857878444746798e-01,-9.055590372464807081e-02,-6.426270192765110023e-02,-4.214997705177254972e-02,2.096143407996033450e-02,7.614649595642180788e-03,-6.572433785150989805e-02,-1.720887644138319184e-02,-4.952514924723113929e-03,1.097432154486797234e-01,5.850143124912060566e-02,3.931481090325562866e-02,3.097846685739938030e-02,3.234145622416231131e-02,1.558079987135592426e-01,1.180318193086720979e-01,9.025473336504767630e-02,6.405860809787669585e-02,4.202729716782022118e-02,-4.777624054432525608e-02,-6.710519182708091224e-02,-9.876587891711167966e-02,3.392835027370367379e-02,8.307248959792025433e-02,4.891248182567388414e-02,6.950025058794363775e-02,1.061711138768099000e-01,-2.131501685103417976e-02,-7.517615444659594970e-02
cx,-9.544999999999999318e-02,-1.194599999999999967e-01,2.052999999999999964e-02,2.195000000000000076e-02,4.556999999999999940e-02,3.932000000000000078e-02,-1.299399999999999999e-01,-1.036299999999999999e-01,-8.185000000000000608e-02,-5.806999999999999662e-02,-3.912000000000000199e-02,-4.955999999999999989e-02,-5.768999999999999823e-02,-5.575999999999999707e-02,-4.751999999999999974e-02,-9.485000000000000375e-02,-1.189700000000000063e-01,1.795000000000000068e-02,1.892999999999999891e-02,4.118000000000000133e-02,3.261000000000000010e-02,-1.309800000000000131e-01,-1.015899999999999997e-01,-8.082000000000000295e-02,-5.763000000000000067e-02,-3.885000000000000259e-02,-4.913000000000000006e-02,-5.720000000000000084e-02,-5.532000000000000112e-02,-4.716999999999999665e-02,-5.899999999999999863e-03,-1.414999999999999938e-02,-2.462799999999999989e-01,-2.799999999999999972e-03,-7.519999999999999775e-03,-5.749999999999999903e-03,-1.376999999999999925e-02,-1.836899999999999922e-01,-2.380000000000000171e-03,-6.499999999999999702e-03
cx*c/cref,-1.387495757928026152e-01,-1.615712328055799174e-01,2.569155856990666675e-02,2.524965493906156794e-02,4.781485277958311131e-02,3.835306400712902575e-02,-1.206806791000274853e-01,-9.141112528392149328e-02,-6.838154024482576143e-02,-4.580654543749037438e-02,-2.866984435406602985e-02,-3.308629505055310505e-02,-3.474903609069407429e-02,-2.994808407426515287e-02,-2.242210802082426208e-02,-1.378773940696420008e-01,-1.609085013132416364e-01,2.246290678664513915e-02,2.177567052375560183e-02,4.320859419493598003e-02,3.180807266715354742e-02,-1.216465703287794436e-01,-8.961165895583889096e-02,-6.752102727656467129e-02,-4.545946639508473275e-02,-2.847196966143827196e-02,-3.279922671173676751e-02,-3.445388913828568295e-02,-2.971176490294742331e-02,-2.225696202319613418e-02,-4.560424190446837542e-03,-1.026972165642650765e-02,-1.671641856896863565e-01,-1.769405490154037737e-03,-4.401811737432076606e-03,-4.444481202554121171e-03,-9.993927011236254654e-03,-1.246808074928475174e-01,-1.503994666630932347e-03,-3.804757485812300302e-03
cy,-1.417999999999999990e-02,-4.780000000000000394e-03,5.471000000000000169e-02,1.682000000000000162e-02,6.850000000000000186e-03,-1.146500000000000019e-01,-6.525999999999999857e-02,-4.492999999999999772e-02,-3.729999999999999982e-02,-4.127999999999999725e-02,-2.135799999999999921e-01,-1.774799999999999989e-01,-1.503400000000000014e-01,-1.196500000000000064e-01,-8.933000000000000662e-02,1.442000000000000053e-02,5.629999999999999588e-03,-5.251999999999999724e-02,-1.495999999999999934e-02,-4.720000000000000237e-03,1.125099999999999989e-01,6.299000000000000432e-02,4.456999999999999851e-02,3.708000000000000185e-02,4.100000000000000172e-02,2.126000000000000112e-01,1.768000000000000127e-01,1.498400000000000010e-01,1.192700000000000010e-01,8.906999999999999640e-02,-6.180999999999999689e-02,-9.246000000000000052e-02,-1.455100000000000005e-01,5.369000000000000161e-02,1.419199999999999906e-01,6.328000000000000291e-02,9.575999999999999790e-02,1.564200000000000035e-01,-3.373000000000000304e-02,-1.284299999999999886e-01
cy*c/cref,-2.061256139069608459e-02,-6.465013333422670039e-03,6.846493762102258407e-02,1.934848273690276121e-02,7.187442210668078951e-03,-1.118305897359446327e-01,-6.060967460418495434e-02,-3.963236378468196902e-02,-3.116226574382407674e-02,-3.256232470569317416e-02,-1.565262105608747900e-01,-1.184857878444746798e-01,-9.055590372464807081e-02,-6.426270192765110023e-02,-4.214997705177254972e-02,2.096143407996033450e-02,7.614649595642180788e-03,-6.572433785150989805e-02,-1.720887644138319184e-02,-4.952514924723113929e-03,1.097432154486797234e-01,5.850143124912060566e-02,3.931481090325562866e-02,3.097846685739938030e-02,3.234145622416231131e-02,1.558079987135592426e-01,1.180318193086720979e-01,9.025473336504767630e-02,6.405860809787669585e-02,4.202729716782022118e-02,-4.777624054432525608e-02,-6.710519182708091224e-02,-9.876587891711167966e-02,3.392835027370367379e-02,8.307248959792025433e-02,4.891248182567388414e-02,6.950025058794363775e-02,1.061711138768099000e-01,-2.131501685103417976e-02,-7.517615444659594970e-02
cz,1.100230000000000041e+00,1.296429999999999971e+00,1.663000000000000034e+00,1.899790000000000090e+00,2.108530000000000015e+00,2.180400000000000116e+00,1.562710000000000043e+00,1.280259999999999954e+00,1.029290000000000038e+00,7.438900000000000512e-01,6.134399999999999853e-01,5.707100000000000506e-01,5.345800000000000551e-01,4.824200000000000155e-01,3.824100000000000277e-01,1.086729999999999974e+00,1.280640000000000001e+00,1.642840000000000078e+00,1.876069999999999904e+00,2.079279999999999795e+00,2.142069999999999919e+00,1.518880000000000008e+00,1.268399999999999972e+00,1.023730000000000029e+00,7.408299999999999885e-01,6.108799999999999786e-01,5.683399999999999563e-01,5.323299999999999699e-01,4.803700000000000192e-01,3.807699999999999974e-01,6.310999999999999943e-02,9.665999999999999592e-02,1.543299999999999950e-01,-1.582600000000000118e-01,-1.342599999999999905e-01,6.518999999999999795e-02,9.779999999999999805e-02,1.268900000000000028e-01,-1.441199999999999981e-01,-1.220600000000000018e-01
cz*c/cref,1.599334162121689218e+00,1.753438752269696810e+00,2.081103843241830731e+00,2.185377765680172057e+00,2.212399638607293717e+00,2.126780792501122619e+00,1.451353732772079130e+00,1.129306255485798882e+00,8.599197991276323894e-01,5.867923383071244059e-01,4.495713016502623227e-01,3.810064456880783990e-01,3.219993016703630029e-01,2.591024877888629119e-01,1.804385170084892021e-01,1.579710073350575117e+00,1.732082568057407457e+00,2.055875308377275612e+00,2.158092033782470942e+00,2.181708735736922922e+00,2.089393382953989686e+00,1.410646989929580819e+00,1.118844652225475578e+00,8.552746999979899956e-01,5.843785613303942306e-01,4.476951564164584063e-01,3.794242318206487163e-01,3.206440350521611582e-01,2.580014552861325527e-01,1.796646900481745357e-01,4.878107977272880258e-02,7.015344843181528511e-02,1.047525124958961218e-01,-1.000093260256350175e-01,-7.858872923771682839e-02,5.038882253817446311e-02,7.098083236738604584e-02,8.612743025078894998e-02,-9.107382830035712362e-02,-7.144749211049990223e-02
Results_Name,VSPAERO_Comp_Load
Results_Timestamp,1758045781
Results_Date,9,16,2025
Results_Time,14,3,1
AoA,5.000000000000000000e+00,5.000000000000000000e+00,5.000000000000000000e+00,5.000000000000000000e+00,5.000000000000000000e+00,5.000000000000000000e+00,5.000000000000000000e+00,5.000000000000000000e+00,5.000000000000000000e+00
Beta,0.000000000000000000e+00,0.000000000000000000e+00,0.000000000000000000e+00,0.000000000000000000e+00,0.000000000000000000e+00,0.000000000000000000e+00,0.000000000000000000e+00,0.000000000000000000e+00,0.000000000000000000e+00
CDi,0.000000000000000000e+00,3.556000000000000133e-02,3.407000000000000306e-02,-4.120000000000000398e-03,-3.139999999999999996e-03,0.000000000000000000e+00,0.000000000000000000e+00,0.000000000000000000e+00,0.000000000000000000e+00
CFx,0.000000000000000000e+00,-2.716999999999999971e-02,-2.775999999999999995e-02,-4.219999999999999793e-03,-3.239999999999999825e-03,0.000000000000000000e+00,0.000000000000000000e+00,0.000000000000000000e+00,0.000000000000000000e+00
CFy,0.000000000000000000e+00,-2.140999999999999848e-02,2.126000000000000112e-02,-2.129999999999999949e-03,2.840000000000000076e-03,0.000000000000000000e+00,0.000000000000000000e+00,0.000000000000000000e+00,0.000000000000000000e+00
CFz,0.000000000000000000e+00,7.185200000000000475e-01,7.081899999999999862e-01,9.700000000000000505e-04,9.700000000000000505e-04,0.000000000000000000e+00,0.000000000000000000e+00,0.000000000000000000e+00,0.000000000000000000e+00
CL,0.000000000000000000e+00,7.181600000000000206e-01,7.079100000000000392e-01,1.330000000000000019e-03,1.250000000000000026e-03,0.000000000000000000e+00,0.000000000000000000e+00,0.000000000000000000e+00,0.000000000000000000e+00
Cmx,0.000000000000000000e+00,1.376799999999999968e-01,-1.358900000000000108e-01,-2.300000000000000070e-04,2.100000000000000087e-04,-5.000000000000000240e-05,5.000000000000000240e-05,0.000000000000000000e+00,0.000000000000000000e+00
Cmy,0.000000000000000000e+00,-2.653599999999999848e-01,-2.602200000000000069e-01,-1.330000000000000019e-03,-1.340000000000000045e-03,9.360000000000000264e-03,8.920000000000000845e-03,-1.000000000000000082e-05,1.000000000000000082e-05
Cmz,0.000000000000000000e+00,6.629999999999999609e-03,-6.669999999999999714e-03,-3.200000000000000262e-04,5.699999999999999772e-04,-0.000000000000000000e+00,1.000000000000000082e-05,3.000000000000000076e-05,9.000000000000000567e-05
Comp_ID,0,1,2,3,4,5,6,7,8
Comp_Name,NONE,main_wing,main_wing,horizontal_tail,horizontal_tail,fuselage,fuselage,fuselage,fuselage
Cs,0.000000000000000000e+00,-2.140999999999999848e-02,2.126000000000000112e-02,-2.129999999999999949e-03,2.840000000000000076e-03,0.000000000000000000e+00,0.000000000000000000e+00,0.000000000000000000e+00,0.000000000000000000e+00
Mach,1.499999999999999944e-01,1.499999999999999944e-01,1.499999999999999944e-01,1.499999999999999944e-01,1.499999999999999944e-01,1.499999999999999944e-01,1.499999999999999944e-01,1.499999999999999944e-01,1.499999999999999944e-01
Results_Name,VSPAERO_Load
Results_Timestamp,1758045781
Results_Date,9,16,2025
Results_Time,14,3,1
AnalysisMethod,0
Chord,1.735630000000000006e+00,1.614889999999999937e+00,1.494180000000000064e+00,1.373480000000000034e+00,1.252809999999999979e+00,1.164630000000000054e+00,1.108910000000000062e+00,1.053209999999999980e+00,9.975199999999999623e-01,9.418400000000000105e-01,8.750400000000000400e-01,7.971099999999999852e-01,7.191899999999999959e-01,6.412799999999999612e-01,5.633799999999999919e-01,1.735630000000000006e+00,1.614889999999999937e+00,1.494180000000000064e+00,1.373480000000000034e+00,1.252809999999999979e+00,1.164630000000000054e+00,1.108910000000000062e+00,1.053209999999999980e+00,9.975199999999999623e-01,9.418400000000000105e-01,8.750400000000000400e-01,7.971099999999999852e-01,7.191899999999999959e-01,6.412799999999999612e-01,5.633799999999999919e-01,9.229000000000000536e-01,8.665699999999999514e-01,8.104299999999999837e-01,7.545199999999999685e-01,6.988999999999999657e-01,9.229000000000000536e-01,8.665699999999999514e-01,8.104299999999999837e-01,7.545199999999999685e-01,6.988999999999999657e-01
FC_AoA_,6.000000000000000000e+00
FC_Beta_,0.000000000000000000e+00
FC_Bref_,1.417173599999999922e+01
FC_Cref_,1.193991999999999942e+00
FC_Mach_,1.499999999999999944e-01
FC_Pitch_Rate,0.000000000000000000e+00
FC_Rho_,2.377000000000000206e-03
FC_Roll__Rate,0.000000000000000000e+00
FC_Sref_,1.619368700000000061e+01
FC_Vinf_,5.100000000000000000e+01
FC_Xcg_,1.774861999999999940e+00
FC_Yaw___Rate,0.000000000000000000e+00
FC_Ycg_,0.000000000000000000e+00
FC_Zcg_,7.545150000000000468e-01
S,3.314000000000000279e-02,8.981999999999999706e-02,1.368900000000000117e-01,1.839600000000000124e-01,2.310300000000000131e-01,2.997400000000000064e-01,4.117600000000000149e-01,5.454599999999999449e-01,6.791700000000000514e-01,8.128699999999999815e-01,9.157600000000000184e-01,9.578200000000000047e-01,9.698700000000000099e-01,9.819200000000000150e-01,9.939700000000000202e-01,3.314000000000000279e-02,8.981999999999999706e-02,1.368900000000000117e-01,1.839600000000000124e-01,2.310300000000000131e-01,2.997400000000000064e-01,4.117600000000000149e-01,5.454599999999999449e-01,6.791700000000000514e-01,8.128699999999999815e-01,9.157600000000000184e-01,9.578200000000000047e-01,9.698700000000000099e-01,9.819200000000000150e-01,9.939700000000000202e-01,1.020299999999999957e-01,3.035599999999999965e-01,5.025399999999999867e-01,7.015200000000000324e-01,9.005100000000000326e-01,1.020299999999999957e-01,3.035599999999999965e-01,5.025399999999999867e-01,7.015200000000000324e-01,9.005100000000000326e-01
V/Vref,1.009940000000000060e+00,1.011740000000000084e+00,1.011100000000000110e+00,1.004189999999999916e+00,9.959900000000000420e-01,9.960599999999999454e-01,1.004350000000000076e+00,1.003400000000000070e+00,1.001849999999999907e+00,1.001730000000000009e+00,1.015169999999999906e+00,1.013749999999999929e+00,1.013959999999999972e+00,1.013560000000000016e+00,1.015740000000000087e+00,1.011190000000000033e+00,1.012350000000000083e+00,1.011409999999999920e+00,1.004399999999999959e+00,9.959799999999999764e-01,9.962299999999999489e-01,1.004129999999999967e+00,1.003079999999999972e+00,1.001719999999999944e+00,1.001560000000000006e+00,1.015030000000000099e+00,1.013689999999999980e+00,1.013910000000000089e+00,1.013540000000000108e+00,1.015689999999999982e+00,9.935800000000000187e-01,9.948299999999999921e-01,1.246080000000000076e+00,1.008440000000000003e+00,1.007679999999999909e+00,9.920799999999999619e-01,9.930099999999999483e-01,1.192469999999999919e+00,1.009249999999999980e+00,1.007900000000000018e+00
WingId,1,1,1,1,1,1,1,1,1,1,1,1,1,1,1,2,2,2,2,2,2,2,2,2,2,2,2,2,2,2,3,3,3,3,3,4,4,4,4,4
Xavg,2.391020000000000145e+00,2.380209999999999937e+00,2.369699999999999918e+00,2.359579999999999789e+00,2.349930000000000074e+00,2.337899999999999867e+00,2.323770000000000113e+00,2.309619999999999784e+00,2.295469999999999899e+00,2.281299999999999883e+00,2.284749999999999837e+00,2.305000000000000160e+00,2.325239999999999974e+00,2.345470000000000166e+00,2.365699999999999914e+00,2.391020000000000145e+00,2.380209999999999937e+00,2.369699999999999918e+00,2.359579999999999789e+00,2.349930000000000074e+00,2.337899999999999867e+00,2.323770000000000113e+00,2.309619999999999784e+00,2.295469999999999899e+00,2.281299999999999883e+00,2.284749999999999837e+00,2.305000000000000160e+00,2.325239999999999974e+00,2.345470000000000166e+00,2.365699999999999914e+00,5.722059999999999924e+00,5.820210000000000328e+00,5.918350000000000222e+00,6.016490000000000116e+00,6.114630000000000010e+00,5.722059999999999924e+00,5.820210000000000328e+00,5.918350000000000222e+00,6.016490000000000116e+00,6.114630000000000010e+00
Yavg,1.719199999999999895e-01,5.196100000000000163e-01,8.672999999999999599e-01,1.214979999999999949e+00,1.562650000000000095e+00,2.228590000000000071e+00,3.216559999999999864e+00,4.204550000000000232e+00,5.192569999999999908e+00,6.180620000000000225e+00,6.716649999999999565e+00,6.791660000000000252e+00,6.866660000000000430e+00,6.941650000000000098e+00,7.016610000000000014e+00,-1.719199999999999895e-01,-5.196100000000000163e-01,-8.672999999999999599e-01,-1.214979999999999949e+00,-1.562650000000000095e+00,-2.228590000000000071e+00,-3.216559999999999864e+00,-4.204550000000000232e+00,-5.192569999999999908e+00,-6.180620000000000225e+00,-6.716649999999999565e+00,-6.791660000000000252e+00,-6.866660000000000430e+00,-6.941650000000000098e+00,-7.016610000000000014e+00,1.078800000000000037e-01,3.257399999999999740e-01,5.435900000000000176e-01,7.614400000000000057e-01,9.792699999999999738e-01,-1.078800000000000037e-01,-3.257399999999999740e-01,-5.435900000000000176e-01,-7.614400000000000057e-01,-9.792699999999999738e-01
Zavg,1.033530000000000060e+00,1.043199999999999905e+00,1.052899999999999947e+00,1.062580000000000080e+00,1.072189999999999976e+00,1.094910000000000050e+00,1.130849999999999911e+00,1.166740000000000110e+00,1.202599999999999891e+00,1.238469999999999960e+00,1.270329999999999959e+00,1.298289999999999944e+00,1.326240000000000085e+00,1.354190000000000005e+00,1.382130000000000081e+00,1.033530000000000060e+00,1.043199999999999905e+00,1.052899999999999947e+00,1.062580000000000080e+00,1.072189999999999976e+00,1.094910000000000050e+00,1.130849999999999911e+00,1.166740000000000110e+00,1.202599999999999891e+00,1.238469999999999960e+00,1.270329999999999959e+00,1.298289999999999944e+00,1.326240000000000085e+00,1.354190000000000005e+00,1.382130000000000081e+00,3.777900000000000147e-01,5.956799999999999873e-01,8.135799999999999699e-01,1.031470000000000109e+00,1.249349999999999961e+00,3.777900000000000147e-01,5.956799999999999873e-01,8.135799999999999699e-01,1.031470000000000109e+00,1.249349999999999961e+00
cd,1.031999999999999931e-02,1.940000000000000101e-03,1.759199999999999930e-01,1.970099999999999907e-01,2.387700000000000100e-01,2.398800000000000099e-01,1.102999999999999987e-02,1.200000000000000025e-02,1.190000000000000085e-02,1.061999999999999923e-02,1.929000000000000159e-02,2.030000000000000120e-03,-1.187999999999999994e-02,-1.507999999999999965e-02,-1.592000000000000012e-02,9.419999999999999554e-03,1.020000000000000073e-03,1.717799999999999883e-01,1.923300000000000010e-01,2.327200000000000102e-01,2.315300000000000136e-01,7.040000000000000251e-03,1.288000000000000082e-02,1.234000000000000027e-02,1.073999999999999955e-02,1.930000000000000118e-02,2.190000000000000106e-03,-1.165000000000000063e-02,-1.489000000000000046e-02,-1.575999999999999970e-02,4.499999999999999877e-04,-6.250000000000000347e-03,-4.055999999999999883e-02,-1.374000000000000048e-02,-1.700000000000000122e-02,9.600000000000000243e-04,-5.060000000000000261e-03,-1.163000000000000006e-01,-1.325999999999999922e-02,-1.562000000000000020e-02
cd*c/cref,1.500152563836273586e-02,2.623875704359828181e-03,2.201490006633210206e-01,2.266257184302742367e-01,2.505322009695207242e-01,2.339810018827596927e-01,1.024401947416733218e-02,1.058509604754470645e-02,9.941848856608755808e-03,8.377225978063505482e-03,1.413704748440525877e-02,1.355229599528305151e-03,-7.155807744105488304e-03,-8.099302507889498751e-03,-7.511783663542134608e-03,1.369325305362179869e-02,1.379563514663414850e-03,2.149681408250641579e-01,2.212421929125153175e-01,2.441841680681277882e-01,2.258363405282447778e-01,6.538340625397825664e-03,1.136133642436465245e-02,1.030944662945815389e-02,8.471883898719589565e-03,1.414437617672480510e-02,1.462045725599501632e-03,-7.017269378689305198e-03,-7.997255593002298296e-03,-7.436288350340706198e-03,3.478289636781486233e-04,-4.536096137997574183e-03,-2.753036938270943257e-02,-8.682725512398743739e-03,-9.950904193662939851e-03,7.420351225133838165e-04,-3.672423433322836561e-03,-7.893939741639810492e-02,-8.379398856943763921e-03,-9.143124912059713214e-03
cl,1.175470000000000015e+00,1.378039999999999932e+00,1.728220000000000089e+00,1.969940000000000024e+00,2.180280000000000218e+00,2.256409999999999805e+00,1.658420000000000005e+00,1.375879999999999992e+00,1.122880000000000100e+00,8.266499999999999959e-01,6.847299999999999498e-01,6.397199999999999553e-01,6.024399999999999755e-01,5.459399999999999809e-01,4.355100000000000082e-01,1.163059999999999983e+00,1.364360000000000017e+00,1.710960000000000036e+00,1.949999999999999956e+00,2.156429999999999847e+00,2.226109999999999811e+00,1.624700000000000033e+00,1.367080000000000073e+00,1.118749999999999911e+00,8.243000000000000327e-01,6.827400000000000135e-01,6.378200000000000536e-01,6.006200000000000427e-01,5.442700000000000315e-01,4.341700000000000004e-01,8.190999999999999670e-02,1.063100000000000017e-01,1.736699999999999910e-01,-1.177300000000000013e-01,-1.111300000000000066e-01,8.346000000000000640e-02,1.045900000000000024e-01,1.817000000000000004e-01,-1.138300000000000006e-01,-1.034299999999999942e-01
cl*c/cref,1.708705750206031437e+00,1.863817358575266647e+00,2.162721156925674570e+00,2.266073132148289204e+00,2.287684161032904839e+00,2.200921596040844364e+00,1.540243588064241775e+00,1.213651829157984308e+00,9.381095163116671687e-01,6.520747509196042069e-01,5.018175491963094981e-01,4.270775760641612462e-01,3.628741428753291531e-01,2.932183827027316503e-01,2.054935240772132743e-01,1.690666124898659195e+00,1.845314977319781002e+00,2.141121726778739021e+00,2.243135632399547053e+00,2.262659271000140748e+00,2.171366717113682565e+00,1.508926422455092009e+00,1.205889425389784941e+00,9.346591099437850936e-01,6.502210333067559578e-01,5.003591394247197677e-01,4.258091345670658168e-01,3.617778827663837293e-01,2.923214440297757233e-01,2.048612508291512979e-01,6.331260092194923583e-02,7.715718086888354033e-02,1.178796659441604250e-01,-7.439718155565530622e-02,-6.504964606128015026e-02,6.451067846350730384e-02,7.590884721170661209e-02,1.233300817760923096e-01,-7.193265248008361146e-02,-6.054247180885634350e-02
cmx,1.198700000000000043e-01,4.441300000000000248e-01,1.001120000000000010e+00,1.752429999999999932e+00,2.740270000000000206e+00,4.384439999999999671e+00,4.819679999999999964e+00,5.492899999999999672e+00,5.843779999999999752e+00,5.426389999999999603e+00,5.380589999999999762e+00,5.553799999999999848e+00,5.836640000000000050e+00,5.977669999999999817e+00,5.478620000000000267e+00,-1.186699999999999977e-01,-4.398099999999999787e-01,-9.912800000000000500e-01,-1.734720000000000040e+00,-2.710220000000000073e+00,-4.324679999999999858e+00,-4.720349999999999824e+00,-5.458140000000000214e+00,-5.822519999999999918e+00,-5.411069999999999602e+00,-5.364930000000000199e+00,-5.537449999999999761e+00,-5.819270000000000387e+00,-5.959550000000000125e+00,-5.461920000000000108e+00,-2.429999999999999868e-02,1.575999999999999970e-02,1.380599999999999883e-01,-1.287200000000000011e-01,-2.410799999999999887e-01,2.459000000000000075e-02,-1.591000000000000053e-02,-1.349700000000000066e-01,1.227300000000000058e-01,2.240199999999999969e-01
cmx*c/cref,1.742473719254400422e-01,6.006917095759435332e-01,1.252817005139063022e+00,2.015865731428686303e+00,2.875260184909111949e+00,4.276620243016703071e+00,4.476237151337698172e+00,4.845239506629860138e+00,4.882182984140596815e+00,4.280423283908100451e+00,3.943268860762886519e+00,3.707721256088817974e+00,3.515645935316149551e+00,3.210540956388317380e+00,2.585063330072563836e+00,-1.725030084791187857e-01,-5.948488523373690606e-01,-1.240503077407553834e+00,-1.995493458582637158e+00,-2.843729872729465757e+00,-4.218329828340558585e+00,-4.383985251576224762e+00,-4.814578011745472175e+00,-4.864421328116101506e+00,-4.268338622704339613e+00,-3.931792128590476665e+00,-3.696805983205917912e+00,-3.505183277023631749e+00,-3.200808903242232883e+00,-2.577183506757164455e+00,-1.878276403862002425e-02,1.143822002157468369e-02,9.370914193729940056e-02,-8.134209810450991618e-02,-1.411155284122506681e-01,1.900692048187927960e-02,-1.154708632888662607e-02,-9.161178391480011285e-02,7.755683421664466559e-02,1.311295033802571675e-01
cmy,-2.419000000000000039e-01,-3.484700000000000020e-01,-4.955899999999999750e-01,-6.435100000000000264e-01,-7.997499999999999609e-01,-9.188199999999999701e-01,-6.984500000000000153e-01,-5.741399999999999837e-01,-4.500199999999999756e-01,-2.888999999999999901e-01,-2.583599999999999786e-01,-2.969200000000000172e-01,-3.517299999999999871e-01,-3.953200000000000047e-01,-4.013499999999999845e-01,-2.362499999999999878e-01,-3.428700000000000081e-01,-4.880599999999999938e-01,-6.346300000000000274e-01,-7.888100000000000112e-01,-9.035900000000000043e-01,-6.781300000000000106e-01,-5.704900000000000526e-01,-4.484400000000000053e-01,-2.882100000000000217e-01,-2.576899999999999746e-01,-2.959700000000000109e-01,-3.505199999999999982e-01,-3.939199999999999924e-01,-3.999400000000000177e-01,-3.321999999999999953e-01,-4.434799999999999853e-01,-7.478599999999999692e-01,6.275600000000000067e-01,6.555499999999999661e-01,-3.384499999999999731e-01,-4.336999999999999744e-01,-7.482499999999999707e-01,6.131900000000000128e-01,6.129000000000000004e-01
cmy*c/cref,-3.516345980542583405e-01,-4.713102921125099654e-01,-6.201889679327834415e-01,-7.402462619515038922e-01,-8.391469938659554817e-01,-8.962248797311874737e-01,-6.486795468478850912e-01,-5.064439203947764812e-01,-3.759689766765605956e-01,-2.278889439795241667e-01,-1.893440947678041442e-01,-1.982240259566228624e-01,-2.118613011644969180e-01,-2.123220336484666348e-01,-1.893752747087082688e-01,-3.434215534944957682e-01,-4.637362179143578733e-01,-6.107658098211713460e-01,-7.300313673793459301e-01,-8.276680715616185902e-01,-8.813694075839704212e-01,-6.298075182245778114e-01,-5.032242870136484081e-01,-3.746489664922377782e-01,-2.273446609357517023e-01,-1.888530723823945157e-01,-1.975898052080751199e-01,-2.111324688942639582e-01,-2.115701090124556816e-01,-1.887099722611207120e-01,-2.567750705197355265e-01,-3.218668664446662775e-01,-5.076149419761606385e-01,3.965743247860957221e-01,3.837244261268082379e-01,-2.616060283485986404e-01,-3.147687832079276715e-01,-5.078796570663789423e-01,3.874934830384123008e-01,3.587593635468244724e-01
cmz,-4.400000000000000157e-04,3.948999999999999733e-02,3.599999999999999728e-02,2.078999999999999945e-02,-8.739999999999999505e-03,-5.972000000000000225e-02,4.440700000000000203e-01,5.110900000000000443e-01,5.373700000000000143e-01,4.807500000000000107e-01,2.967799999999999883e-01,4.513699999999999934e-01,6.146399999999999642e-01,6.885299999999999754e-01,6.798399999999999999e-01,5.999999999999999474e-04,-3.883999999999999952e-02,-3.599000000000000116e-02,-2.202000000000000138e-02,5.429999999999999931e-03,4.880000000000000310e-02,-4.466300000000000270e-01,-5.039500000000000091e-01,-5.329000000000000403e-01,-4.784200000000000119e-01,-2.954499999999999904e-01,-4.486800000000000233e-01,-6.110299999999999621e-01,-6.848800000000000443e-01,-6.764700000000000157e-01,-3.280899999999999928e-01,-4.734700000000000020e-01,-1.269619999999999971e+00,-9.759999999999999579e-03,6.999699999999999811e-01,3.322700000000000098e-01,4.532399999999999762e-01,1.005090000000000039e+00,3.126000000000000306e-02,-6.503600000000000492e-01
cmz*c/cref,-6.395999303177911464e-04,5.341074822946886846e-02,4.505095511527715257e-02,2.391527681927517121e-02,-9.170546703830511140e-03,-5.825139833432720071e-02,4.124262672614222303e-01,4.508280615783020751e-01,4.489454890820038790e-01,3.792232946284397888e-01,2.175009306595019065e-01,3.013349676547246725e-01,3.702226996495788791e-01,3.698019068804480614e-01,3.207795857928696370e-01,8.721817231606241328e-04,-5.253161461718336422e-02,-4.503844096107846584e-02,-2.533017775663488555e-02,5.697490686704768936e-03,4.759993701800347560e-02,-4.148038456706578114e-01,-4.445299294300129045e-01,-4.452110298896475027e-01,-3.773853533357007795e-01,-2.165262145810022409e-01,-2.995391215351527192e-01,-3.680482496532639924e-01,-3.678415319365623826e-01,-3.191894657585646056e-01,-2.535982326514750751e-01,-3.436328701532338492e-01,-8.617630072898311289e-01,-6.167641994251217563e-03,4.097255534375439656e-01,2.568291772474187717e-01,3.289504341737632953e-01,6.822115128912087378e-01,1.975414843650543859e-02,-3.806864736112135494e-01
cs,-1.339000000000000086e-02,-4.440000000000000370e-03,5.553000000000000297e-02,1.737000000000000002e-02,8.089999999999999969e-03,-1.190699999999999953e-01,-6.840000000000000246e-02,-4.807999999999999774e-02,-4.055999999999999883e-02,-4.705000000000000154e-02,-2.331100000000000116e-01,-1.910000000000000031e-01,-1.599700000000000011e-01,-1.247299999999999937e-01,-9.281000000000000361e-02,1.367999999999999945e-02,5.199999999999999761e-03,-5.360000000000000181e-02,-1.583999999999999991e-02,-6.400000000000000307e-03,1.173499999999999960e-01,6.671000000000000540e-02,4.782000000000000139e-02,4.039999999999999841e-02,4.682000000000000051e-02,2.323500000000000010e-01,1.904500000000000082e-01,1.595799999999999996e-01,1.244299999999999989e-01,9.260999999999999788e-02,-7.983999999999999431e-02,-1.111899999999999972e-01,-2.755900000000000016e-01,4.259999999999999898e-03,1.181500000000000050e-01,8.099000000000000643e-02,1.073400000000000049e-01,2.308499999999999996e-01,1.049999999999999935e-03,-1.093900000000000011e-01
cs*c/cref,-1.946418878853459905e-02,-6.005158828534864872e-03,6.949109826531502110e-02,1.998116201783596557e-02,8.488526640044489341e-03,-1.161418955068375669e-01,-6.352592312176297273e-02,-4.241095149716245932e-02,-3.388583106084462615e-02,-3.711379305723992023e-02,-1.708391466609491816e-01,-1.275117504974907778e-01,-9.635644485055176733e-02,-6.699111417831944693e-02,-4.379200011390361330e-02,1.988574328806223118e-02,7.033068898284075554e-03,-6.707586650496821790e-02,-1.822116329087632158e-02,-6.715274474200832490e-03,1.144641928086620325e-01,6.195634987504104740e-02,4.218160774946565911e-02,3.375215914344484314e-02,3.693236537598242053e-02,1.702821660446636465e-01,1.271445700641210541e-01,9.612153197006345628e-02,6.682998747060281408e-02,4.369763097240182692e-02,-6.171258768902974923e-02,-8.069896473343204923e-02,-1.870585428545585016e-01,2.692024067162928757e-03,6.915878414595742762e-02,6.260148392954058283e-02,7.790472951242553845e-02,1.566909707100214988e-01,6.635270588077641241e-04,-6.403114174969347372e-02
cx,-1.126100000000000018e-01,-1.421099999999999863e-01,-5.700000000000000205e-03,-9.979999999999999288e-03,9.560000000000000789e-03,2.710000000000000169e-03,-1.623799999999999966e-01,-1.318900000000000072e-01,-1.055399999999999949e-01,-7.585000000000000075e-02,-5.238999999999999907e-02,-6.485000000000000486e-02,-7.478999999999999537e-02,-7.206999999999999518e-02,-6.135000000000000175e-02,-1.121999999999999942e-01,-1.416000000000000036e-01,-8.009999999999999759e-03,-1.255999999999999998e-02,6.029999999999999770e-03,-2.429999999999999868e-03,-1.628199999999999925e-01,-1.300900000000000112e-01,-1.046699999999999992e-01,-7.548000000000000542e-02,-5.217000000000000109e-02,-6.449000000000000565e-02,-7.437000000000000555e-02,-7.169999999999999984e-02,-6.106000000000000316e-02,-8.120000000000000481e-03,-1.733000000000000165e-02,-5.849000000000000032e-02,-1.360000000000000098e-03,-5.290000000000000431e-03,-7.769999999999999997e-03,-1.595999999999999849e-02,-1.346499999999999919e-01,-1.289999999999999914e-03,-4.729999999999999830e-03
cx*c/cref,-1.636939730751964805e-01,-1.922056579106057317e-01,-7.133067893252216865e-03,-1.148025313402434820e-02,1.003094124583749427e-02,2.643357158171914193e-03,-1.508090555045595027e-01,-1.163390264758892845e-01,-8.817333851483091789e-02,-5.983169401470027349e-02,-3.839501906210426863e-02,-4.329391109823182288e-02,-4.504906238902772753e-02,-3.870800608379285079e-02,-2.894773415567273786e-02,-1.630979822310367200e-01,-1.915158761532740617e-01,-1.002383751314916624e-02,-1.444809412458374943e-02,6.327047668661096684e-03,-2.370242765445664587e-03,-1.512177017936468526e-01,-1.147512620687575896e-01,-8.744649746396961076e-02,-5.953983209267734583e-02,-3.823378783107424933e-02,-4.305357481457162960e-02,-4.479607928696340002e-02,-3.850928314427567306e-02,-2.881089890049514865e-02,-6.276380411259037916e-03,-1.257768737143967475e-02,-3.970047596633813347e-02,-8.594255237891041364e-04,-3.096487246145703410e-03,-6.005846772842700007e-03,-1.158337509799060513e-02,-9.139458178949272371e-02,-8.151903865352530575e-04,-2.768692755060335551e-03
cy,-1.339000000000000086e-02,-4.440000000000000370e-03,5.553000000000000297e-02,1.737000000000000002e-02,8.089999999999999969e-03,-1.190699999999999953e-01,-6.840000000000000246e-02,-4.807999999999999774e-02,-4.055999999999999883e-02,-4.705000000000000154e-02,-2.331100000000000116e-01,-1.910000000000000031e-01,-1.599700000000000011e-01,-1.247299999999999937e-01,-9.281000000000000361e-02,1.367999999999999945e-02,5.199999999999999761e-03,-5.360000000000000181e-02,-1.583999999999999991e-02,-6.400000000000000307e-03,1.173499999999999960e-01,6.671000000000000540e-02,4.782000000000000139e-02,4.039999999999999841e-02,4.682000000000000051e-02,2.323500000000000010e-01,1.904500000000000082e-01,1.595799999999999996e-01,1.244299999999999989e-01,9.260999999999999788e-02,-7.983999999999999431e-02,-1.111899999999999972e-01,-2.755900000000000016e-01,4.259999999999999898e-03,1.181500000000000050e-01,8.099000000000000643e-02,1.073400000000000049e-01,2.308499999999999996e-01,1.049999999999999935e-03,-1.093900000000000011e-01
cy*c/cref,-1.946418878853459905e-02,-6.005158828534864872e-03,6.949109826531502110e-02,1.998116201783596557e-02,8.488526640044489341e-03,-1.161418955068375669e-01,-6.352592312176297273e-02,-4.241095149716245932e-02,-3.388583106084462615e-02,-3.711379305723992023e-02,-1.708391466609491816e-01,-1.275117504974907778e-01,-9.635644485055176733e-02,-6.699111417831944693e-02,-4.379200011390361330e-02,1.988574328806223118e-02,7.033068898284075554e-03,-6.707586650496821790e-02,-1.822116329087632158e-02,-6.715274474200832490e-03,1.144641928086620325e-01,6.195634987504104740e-02,4.218160774946565911e-02,3.375215914344484314e-02,3.693236537598242053e-02,1.702821660446636465e-01,1.271445700641210541e-01,9.612153197006345628e-02,6.682998747060281408e-02,4.369763097240182692e-02,-6.171258768902974923e-02,-8.069896473343204923e-02,-1.870585428545585016e-01,2.692024067162928757e-03,6.915878414595742762e-02,6.260148392954058283e-02,7.790472951242553845e-02,1.566909707100214988e-01,6.635270588077641241e-04,-6.403114174969347372e-02
cz,1.170109999999999983e+00,1.370689999999999964e+00,1.737139999999999906e+00,1.979749999999999899e+00,2.193290000000000184e+00,2.269120000000000026e+00,1.650490000000000013e+00,1.369599999999999929e+00,1.117979999999999974e+00,8.232300000000000173e-01,6.830000000000000515e-01,6.364300000000000512e-01,5.978999999999999870e-01,5.413799999999999724e-01,4.314600000000000102e-01,1.157680000000000042e+00,1.356999999999999984e+00,1.719549999999999912e+00,1.959419999999999940e+00,2.168950000000000156e+00,2.238119999999999887e+00,1.616540000000000088e+00,1.360929999999999973e+00,1.113909999999999956e+00,8.209100000000000286e-01,6.810100000000000042e-01,6.345600000000000129e-01,5.961100000000000287e-01,5.397300000000000431e-01,4.301400000000000223e-01,8.150999999999999912e-02,1.050699999999999967e-01,1.684799999999999909e-01,-1.185200000000000004e-01,-1.122900000000000009e-01,8.309999999999999332e-02,1.034899999999999987e-01,1.685500000000000054e-01,-1.145999999999999935e-01,-1.044999999999999957e-01
cz*c/cref,1.700914260145796497e+00,1.853876386190192127e+00,2.173883782470904080e+00,2.277357829868206895e+00,2.301335054924991574e+00,2.213319038653525528e+00,1.532878667445008114e+00,1.208112295559769178e+00,9.340158138412987254e-01,6.493770001809058279e-01,5.005496854250280903e-01,4.248811694718223064e-01,3.601395160101575343e-01,2.907692567454387977e-01,2.035825489618021122e-01,1.682845562114319016e+00,1.835360479802209621e+00,2.151871385235411882e+00,2.253971702992984660e+00,2.275796026690296348e+00,2.183081373744547804e+00,1.501347891275653712e+00,1.200464563665418094e+00,9.306155344424417164e-01,6.475469470482215772e-01,4.990912756534382488e-01,4.236327559983651958e-01,3.590613261227881270e-01,2.898830598529973379e-01,2.029597126278903374e-01,6.300341962090198755e-02,7.625721939510482494e-02,1.143569189743314785e-01,-7.489640667609162583e-02,-6.572864893567126332e-02,6.423241529256477900e-02,7.511049429141902767e-02,1.144044319392424763e-01,-7.241923898987596975e-02,-6.116879342575159972e-02
Results_Name,VSPAERO_Comp_Load
Results_Timestamp,1758045781
Results_Date,9,16,2025
Results_Time,14,3,1
AoA,6.000000000000000000e+00,6.000000000000000000e+00,6.000000000000000000e+00,6.000000000000000000e+00,6.000000000000000000e+00,6.000000000000000000e+00,6.000000000000000000e+00,6.000000000000000000e+00,6.000000000000000000e+00
Beta,0.000000000000000000e+00,0.000000000000000000e+00,0.000000000000000000e+00,0.000000000000000000e+00,0.000000000000000000e+00,0.000000000000000000e+00,0.000000000000000000e+00,0.000000000000000000e+00,0.000000000000000000e+00
CDi,0.000000000000000000e+00,3.883000000000000340e-02,3.753999999999999698e-02,-1.129999999999999928e-03,-2.230000000000000211e-03,0.000000000000000000e+00,0.000000000000000000e+00,0.000000000000000000e+00,0.000000000000000000e+00
CFx,0.000000000000000000e+00,-4.084999999999999742e-02,-4.127000000000000113e-02,-1.399999999999999986e-03,-2.530000000000000131e-03,0.000000000000000000e+00,0.000000000000000000e+00,0.000000000000000000e+00,0.000000000000000000e+00
CFy,0.000000000000000000e+00,-2.275999999999999898e-02,2.265999999999999959e-02,-5.749999999999999903e-03,5.219999999999999814e-03,0.000000000000000000e+00,0.000000000000000000e+00,0.000000000000000000e+00,0.000000000000000000e+00
CFz,0.000000000000000000e+00,7.601999999999999869e-01,7.518500000000000183e-01,2.500000000000000052e-03,2.660000000000000038e-03,0.000000000000000000e+00,0.000000000000000000e+00,0.000000000000000000e+00,0.000000000000000000e+00
CL,0.000000000000000000e+00,7.602999999999999758e-01,7.520499999999999963e-01,2.629999999999999959e-03,2.909999999999999826e-03,0.000000000000000000e+00,0.000000000000000000e+00,0.000000000000000000e+00,0.000000000000000000e+00
Cmx,0.000000000000000000e+00,1.470799999999999885e-01,-1.456800000000000039e-01,-1.499999999999999869e-04,1.299999999999999886e-04,-4.000000000000000327e-05,4.000000000000000327e-05,-0.000000000000000000e+00,0.000000000000000000e+00
Cmy,0.000000000000000000e+00,-2.768999999999999795e-01,-2.726999999999999980e-01,-6.640000000000000069e-03,-7.069999999999999896e-03,1.184999999999999942e-02,1.142999999999999919e-02,-0.000000000000000000e+00,0.000000000000000000e+00
Cmz,0.000000000000000000e+00,9.419999999999999554e-03,-9.450000000000000067e-03,-1.490000000000000005e-03,1.299999999999999940e-03,0.000000000000000000e+00,0.000000000000000000e+00,2.000000000000000164e-05,8.000000000000000654e-05
Comp_ID,0,1,2,3,4,5,6,7,8
Comp_Name,NONE,main_wing,main_wing,horizontal_tail,horizontal_tail,fuselage,fuselage,fuselage,fuselage
Cs,0.000000000000000000e+00,-2.275999999999999898e-02,2.265999999999999959e-02,-5.749999999999999903e-03,5.219999999999999814e-03,0.000000000000000000e+00,0.000000000000000000e+00,0.000000000000000000e+00,0.000000000000000000e+00
Mach,1.499999999999999944e-01,1.499999999999999944e-01,1.499999999999999944e-01,1.499999999999999944e-01,1.499999999999999944e-01,1.499999999999999944e-01,1.499999999999999944e-01,1.499999999999999944e-01,1.499999999999999944e-01
Results_Name,VSPAERO_Load
Results_Timestamp,1758045781
Results_Date,9,16,2025
Results_Time,14,3,1
AnalysisMethod,0
Chord,1.735630000000000006e+00,1.614889999999999937e+00,1.494180000000000064e+00,1.373480000000000034e+00,1.252809999999999979e+00,1.164630000000000054e+00,1.108910000000000062e+00,1.053209999999999980e+00,9.975199999999999623e-01,9.418400000000000105e-01,8.750400000000000400e-01,7.971099999999999852e-01,7.191899999999999959e-01,6.412799999999999612e-01,5.633799999999999919e-01,1.735630000000000006e+00,1.614889999999999937e+00,1.494180000000000064e+00,1.373480000000000034e+00,1.252809999999999979e+00,1.164630000000000054e+00,1.108910000000000062e+00,1.053209999999999980e+00,9.975199999999999623e-01,9.418400000000000105e-01,8.750400000000000400e-01,7.971099999999999852e-01,7.191899999999999959e-01,6.412799999999999612e-01,5.633799999999999919e-01,9.229000000000000536e-01,8.665699999999999514e-01,8.104299999999999837e-01,7.545199999999999685e-01,6.988999999999999657e-01,9.229000000000000536e-01,8.665699999999999514e-01,8.104299999999999837e-01,7.545199999999999685e-01,6.988999999999999657e-01
FC_AoA_,7.000000000000000000e+00
FC_Beta_,0.000000000000000000e+00
FC_Bref_,1.417173599999999922e+01
FC_Cref_,1.193991999999999942e+00
FC_Mach_,1.499999999999999944e-01
FC_Pitch_Rate,0.000000000000000000e+00
FC_Rho_,2.377000000000000206e-03
FC_Roll__Rate,0.000000000000000000e+00
FC_Sref_,1.619368700000000061e+01
FC_Vinf_,5.100000000000000000e+01
FC_Xcg_,1.774861999999999940e+00
FC_Yaw___Rate,0.000000000000000000e+00
FC_Ycg_,0.000000000000000000e+00
FC_Zcg_,7.545150000000000468e-01
S,3.314000000000000279e-02,8.981999999999999706e-02,1.368900000000000117e-01,1.839600000000000124e-01,2.310300000000000131e-01,2.997400000000000064e-01,4.117600000000000149e-01,5.454599999999999449e-01,6.791700000000000514e-01,8.128699999999999815e-01,9.157600000000000184e-01,9.578200000000000047e-01,9.698700000000000099e-01,9.819200000000000150e-01,9.939700000000000202e-01,3.314000000000000279e-02,8.981999999999999706e-02,1.368900000000000117e-01,1.839600000000000124e-01,2.310300000000000131e-01,2.997400000000000064e-01,4.117600000000000149e-01,5.454599999999999449e-01,6.791700000000000514e-01,8.128699999999999815e-01,9.157600000000000184e-01,9.578200000000000047e-01,9.698700000000000099e-01,9.819200000000000150e-01,9.939700000000000202e-01,1.020299999999999957e-01,3.035599999999999965e-01,5.025399999999999867e-01,7.015200000000000324e-01,9.005100000000000326e-01,1.020299999999999957e-01,3.035599999999999965e-01,5.025399999999999867e-01,7.015200000000000324e-01,9.005100000000000326e-01
V/Vref,1.008659999999999890e+00,1.010299999999999976e+00,1.011149999999999993e+00,1.004639999999999977e+00,9.968700000000000339e-01,9.972199999999999953e-01,1.004799999999999915e+00,1.003430000000000044e+00,1.000529999999999919e+00,1.001849999999999907e+00,1.016259999999999941e+00,1.014869999999999939e+00,1.015130000000000088e+00,1.014610000000000012e+00,1.017220000000000013e+00,1.009980000000000100e+00,1.010780000000000012e+00,1.011460000000000026e+00,1.004890000000000061e+00,9.969400000000000484e-01,9.973999999999999533e-01,1.004729999999999901e+00,1.003039999999999932e+00,1.000539999999999985e+00,1.001509999999999900e+00,1.016000000000000014e+00,1.014639999999999986e+00,1.014909999999999979e+00,1.014429999999999943e+00,1.017039999999999944e+00,9.907599999999999740e-01,9.909400000000000430e-01,1.035849999999999937e+00,1.009940000000000060e+00,1.008490000000000109e+00,9.892499999999999627e-01,9.901999999999999691e-01,1.026550000000000074e+00,1.009570000000000078e+00,1.008199999999999985e+00
WingId,1,1,1,1,1,1,1,1,1,1,1,1,1,1,1,2,2,2,2,2,2,2,2,2,2,2,2,2,2,2,3,3,3,3,3,4,4,4,4,4
Xavg,2.391020000000000145e+00,2.380209999999999937e+00,2.369699999999999918e+00,2.359579999999999789e+00,2.349930000000000074e+00,2.337899999999999867e+00,2.323770000000000113e+00,2.309619999999999784e+00,2.295469999999999899e+00,2.281299999999999883e+00,2.284749999999999837e+00,2.305000000000000160e+00,2.325239999999999974e+00,2.345470000000000166e+00,2.365699999999999914e+00,2.391020000000000145e+00,2.380209999999999937e+00,2.369699999999999918e+00,2.359579999999999789e+00,2.349930000000000074e+00,2.337899999999999867e+00,2.323770000000000113e+00,2.309619999999999784e+00,2.295469999999999899e+00,2.281299999999999883e+00,2.284749999999999837e+00,2.305000000000000160e+00,2.325239999999999974e+00,2.345470000000000166e+00,2.365699999999999914e+00,5.722059999999999924e+00,5.820210000000000328e+00,5.918350000000000222e+00,6.016490000000000116e+00,6.114630000000000010e+00,5.722059999999999924e+00,5.820210000000000328e+00,5.918350000000000222e+00,6.016490000000000116e+00,6.114630000000000010e+00
Yavg,1.719199999999999895e-01,5.196100000000000163e-01,8.672999999999999599e-01,1.214979999999999949e+00,1.562650000000000095e+00,2.228590000000000071e+00,3.216559999999999864e+00,4.204550000000000232e+00,5.192569999999999908e+00,6.180620000000000225e+00,6.716649999999999565e+00,6.791660000000000252e+00,6.866660000000000430e+00,6.941650000000000098e+00,7.016610000000000014e+00,-1.719199999999999895e-01,-5.196100000000000163e-01,-8.672999999999999599e-01,-1.214979999999999949e+00,-1.562650000000000095e+00,-2.228590000000000071e+00,-3.216559999999999864e+00,-4.204550000000000232e+00,-5.192569999999999908e+00,-6.180620000000000225e+00,-6.716649999999999565e+00,-6.791660000000000252e+00,-6.866660000000000430e+00,-6.941650000000000098e+00,-7.016610000000000014e+00,1.078800000000000037e-01,3.257399999999999740e-01,5.435900000000000176e-01,7.614400000000000057e-01,9.792699999999999738e-01,-1.078800000000000037e-01,-3.257399999999999740e-01,-5.435900000000000176e-01,-7.614400000000000057e-01,-9.792699999999999738e-01
Zavg,1.033530000000000060e+00,1.043199999999999905e+00,1.052899999999999947e+00,1.062580000000000080e+00,1.072189999999999976e+00,1.094910000000000050e+00,1.130849999999999911e+00,1.166740000000000110e+00,1.202599999999999891e+00,1.238469999999999960e+00,1.270329999999999959e+00,1.298289999999999944e+00,1.326240000000000085e+00,1.354190000000000005e+00,1.382130000000000081e+00,1.033530000000000060e+00,1.043199999999999905e+00,1.052899999999999947e+00,1.062580000000000080e+00,1.072189999999999976e+00,1.094910000000000050e+00,1.130849999999999911e+00,1.166740000000000110e+00,1.202599999999999891e+00,1.238469999999999960e+00,1.270329999999999959e+00,1.298289999999999944e+00,1.326240000000000085e+00,1.354190000000000005e+00,1.382130000000000081e+00,3.777900000000000147e-01,5.956799999999999873e-01,8.135799999999999699e-01,1.031470000000000109e+00,1.249349999999999961e+00,3.777900000000000147e-01,5.956799999999999873e-01,8.135799999999999699e-01,1.031470000000000109e+00,1.249349999999999961e+00
cd,2.101000000000000090e-02,1.085000000000000027e-02,1.878700000000000092e-01,2.067199999999999871e-01,2.474899999999999878e-01,2.485799999999999954e-01,1.515999999999999986e-02,1.601999999999999952e-02,1.564000000000000112e-02,1.481999999999999984e-02,2.493000000000000077e-02,4.230000000000000253e-03,-1.259000000000000050e-02,-1.632000000000000117e-02,-1.734000000000000125e-02,2.009000000000000022e-02,9.650000000000000591e-03,1.837699999999999889e-01,2.023000000000000076e-01,2.420799999999999896e-01,2.416800000000000059e-01,1.201999999999999943e-02,1.671999999999999875e-02,1.611999999999999891e-02,1.495999999999999934e-02,2.494999999999999996e-02,4.389999999999999805e-03,-1.238000000000000038e-02,-1.614000000000000157e-02,-1.720000000000000001e-02,2.259999999999999856e-03,-2.860000000000000129e-03,-2.571999999999999981e-02,-1.223999999999999914e-02,-1.636999999999999914e-02,2.680000000000000090e-03,-2.160000000000000028e-03,-2.351999999999999924e-02,-1.102999999999999987e-02,-1.504999999999999914e-02
cd*c/cref,3.054089667267452513e-02,1.467476875891965751e-02,2.351034149307533183e-01,2.377953835536586458e-01,2.596817624406193570e-01,2.424670562281824315e-01,1.407972214219190867e-02,1.413110322347218249e-02,1.306642992582864905e-02,1.169025320102647439e-02,1.827042995262950081e-02,2.823951333007256644e-03,-7.583469654738056107e-03,-8.765292899784922834e-03,-8.181804568204813916e-03,2.920355136382823263e-02,1.305175285931564101e-02,2.299726117092911748e-01,2.327109427868863378e-01,2.540052569866464993e-01,2.357367372645713111e-01,1.116347362461390068e-02,1.474856715957895657e-02,1.346744567802799289e-02,1.180068744179190582e-02,1.828508733726859348e-02,2.930767459078452691e-03,-7.456978103705888018e-03,-8.668616875154942086e-03,-8.115746169153562756e-03,1.746874350916924248e-03,-2.075717592747690268e-03,-1.745762082158004366e-02,-7.734829714101935927e-03,-9.582135391191900359e-03,2.071514717016529911e-03,-1.567674825291961744e-03,-1.596435621009185957e-02,-6.970193770142513526e-03,-8.809476947919248416e-03
cl,1.248869999999999925e+00,1.454830000000000068e+00,1.805390000000000050e+00,2.050780000000000047e+00,2.264749999999999819e+00,2.343269999999999964e+00,1.754690000000000083e+00,1.471459999999999990e+00,1.213500000000000023e+00,9.093299999999999716e-01,7.575800000000000312e-01,7.095299999999999940e-01,6.708199999999999719e-01,6.104899999999999771e-01,4.901599999999999846e-01,1.237670000000000048e+00,1.442180000000000017e+00,1.790030000000000010e+00,2.033399999999999874e+00,2.244569999999999954e+00,2.318569999999999798e+00,1.727859999999999951e+00,1.463240000000000096e+00,1.209640000000000049e+00,9.068800000000000194e-01,7.554699999999999749e-01,7.075299999999999923e-01,6.688699999999999646e-01,6.086700000000000443e-01,4.887000000000000233e-01,8.776000000000000467e-02,1.089100000000000068e-01,1.595600000000000074e-01,-7.679999999999999327e-02,-9.882000000000000506e-02,8.928999999999999437e-02,1.072700000000000042e-01,1.562999999999999945e-01,-6.895999999999999353e-02,-9.214999999999999580e-02
cl*c/cref,1.815402647672681002e+00,1.967676851017427397e+00,2.259292884876950680e+00,2.359065483185816881e+00,2.376315291475989522e+00,2.285645582298708955e+00,1.629653538633424992e+00,1.297962119176677920e+00,1.013817948528968449e+00,7.172940582516466046e-01,5.552070727442061093e-01,4.736827870706001864e-01,4.040622012542797736e-01,3.278874793130941989e-01,2.312798919925761754e-01,1.799121922173682941e+00,1.950567558409101565e+00,2.240071144027765637e+00,2.339072817908327551e+00,2.355141191649525290e+00,2.261552991226071896e+00,1.604735402414756651e+00,1.290711328384109846e+00,1.010593113521698561e+00,7.153614590382516569e-01,5.536607186647817258e-01,4.723475854947102315e-01,4.028876368518382045e-01,3.269099772862799624e-01,2.305909972596131563e-01,6.783437744976517081e-02,7.904419686229054165e-02,1.083024097313884937e-01,-4.853226487279645868e-02,-5.784402073045716297e-02,6.901699592627086322e-02,7.785392523567996603e-02,1.060896630798196238e-01,-4.357792950036515345e-02,-5.393975420270822468e-02
cmx,1.269800000000000095e-01,4.681600000000000206e-01,1.046110000000000095e+00,1.824149999999999938e+00,2.845979999999999954e+00,4.552419999999999689e+00,5.090639999999999610e+00,5.865269999999999762e+00,6.305649999999999977e+00,5.961540000000000283e+00,5.944490000000000052e+00,6.144969999999999821e+00,6.477669999999999817e+00,6.659239999999999604e+00,6.141600000000000392e+00,-1.258900000000000019e-01,-4.641799999999999815e-01,-1.037300000000000111e+00,-1.808629999999999960e+00,-2.820419999999999927e+00,-4.503499999999999837e+00,-5.011639999999999873e+00,-5.832889999999999908e+00,-6.285949999999999704e+00,-5.945549999999999891e+00,-5.927990000000000315e+00,-6.127779999999999561e+00,-6.459209999999999674e+00,-6.639660000000000117e+00,-6.123529999999999696e+00,-2.586000000000000104e-02,1.769000000000000086e-02,1.300900000000000112e-01,-8.512000000000000122e-02,-2.146299999999999875e-01,2.621000000000000066e-02,-1.742000000000000146e-02,-1.271500000000000130e-01,7.550999999999999379e-02,1.998199999999999976e-01
cmx*c/cref,1.845827253448934502e-01,6.331926029655140509e-01,1.309118184878960811e+00,2.098367109662376162e+00,2.986177632513450586e+00,4.440469370481544331e+00,4.727888966090224798e+00,5.173703857898544811e+00,5.268052037199579374e+00,4.702558169233965302e+00,4.356533820662115808e+00,4.102386813898251106e+00,3.901764406545437325e+00,3.576604723649739359e+00,2.897887597236832757e+00,-1.829982618811516470e-01,-6.278096002318273028e-01,-1.298093215029916703e+00,-2.080514050680406513e+00,-2.959358505082111179e+00,-4.392752384438086466e+00,-4.654518382367720974e+00,-5.145141740396920405e+00,-5.251593682369731120e+00,-4.689945001306542238e+00,-4.344441478334863938e+00,-4.090910756353476785e+00,-3.890645196868990574e+00,-3.566088520526100591e+00,-2.889361345302146056e+00,-1.998857111270427658e-02,1.283896650898833439e-02,8.829945150386268871e-02,-5.378992690068275240e-02,-1.256330921815221602e-01,2.025910475112061362e-02,-1.264300715582684052e-02,-8.630390697760119412e-02,4.771707448626121006e-02,1.169640985869252053e-01
cmy,-2.521599999999999953e-01,-3.596099999999999852e-01,-5.084400000000000031e-01,-6.601900000000000546e-01,-8.214200000000000390e-01,-9.459999999999999520e-01,-7.303699999999999637e-01,-6.074800000000000200e-01,-4.829700000000000104e-01,-3.200500000000000012e-01,-2.885800000000000032e-01,-3.337100000000000066e-01,-3.982499999999999929e-01,-4.502599999999999936e-01,-4.606399999999999939e-01,-2.467900000000000094e-01,-3.541599999999999748e-01,-5.016100000000000003e-01,-6.523200000000000109e-01,-8.120500000000000496e-01,-9.334700000000000220e-01,-7.142800000000000260e-01,-6.038900000000000379e-01,-4.814399999999999791e-01,-3.191999999999999837e-01,-2.877600000000000158e-01,-3.326299999999999812e-01,-3.968900000000000206e-01,-4.486800000000000233e-01,-4.590699999999999781e-01,-3.548899999999999832e-01,-4.563699999999999979e-01,-7.105500000000000149e-01,4.015599999999999725e-01,5.844000000000000306e-01,-3.612600000000000255e-01,-4.470100000000000184e-01,-6.936900000000000288e-01,3.643600000000000172e-01,5.473500000000000032e-01
cmy*c/cref,-3.665489055203050017e-01,-4.863772897138339268e-01,-6.362696560780977117e-01,-7.594336990532600806e-01,-8.618844935309449840e-01,-9.227364839965427334e-01,-6.783249776380411156e-01,-5.358528455802048507e-01,-4.034970371660781541e-01,-2.524605625498328454e-01,-2.114914029574737619e-01,-2.227850589451185748e-01,-2.398821914217180717e-01,-2.418297047216396711e-01,-2.173510067069126250e-01,-3.587428790980174420e-01,-4.790060925031323080e-01,-6.277224887603937153e-01,-7.503806337060885401e-01,-8.520529119960603692e-01,-9.105146149220431084e-01,-6.633815258393691572e-01,-5.326861376793144975e-01,-4.022187994559427437e-01,-2.517900689451855745e-01,-2.108904501872709558e-01,-2.220640500941379880e-01,-2.390630080436050020e-01,-2.409811040609987354e-01,-2.166102089461235947e-01,-2.743133798216403907e-01,-3.312221111196724799e-01,-4.822905316786042507e-01,2.537580245093769005e-01,3.420769653398013088e-01,-2.792370920408177581e-01,-3.244288535434073362e-01,-4.708466947014720572e-01,2.302502087116161666e-01,3.203898476706711906e-01
cmz,5.100000000000000366e-04,4.614000000000000046e-02,5.095999999999999835e-02,4.964999999999999969e-02,3.921000000000000180e-02,1.882999999999999952e-02,5.494499999999999940e-01,6.365499999999999492e-01,6.765799999999999592e-01,6.116000000000000325e-01,4.022200000000000220e-01,5.900400000000000089e-01,7.918500000000000538e-01,8.827899999999999636e-01,8.682699999999999863e-01,-3.899999999999999929e-04,-4.555000000000000021e-02,-5.099999999999999672e-02,-5.081999999999999712e-02,-4.202000000000000179e-02,-2.714000000000000093e-02,-5.500199999999999534e-01,-6.297700000000000520e-01,-6.716900000000000093e-01,-6.087799999999999878e-01,-4.005400000000000071e-01,-5.870199999999999863e-01,-7.878600000000000048e-01,-8.787500000000000311e-01,-8.645899999999999697e-01,-3.483600000000000030e-01,-4.540899999999999936e-01,-1.091620000000000035e+00,-8.883000000000000618e-02,6.209299999999999820e-01,3.533899999999999819e-01,4.417400000000000215e-01,1.056980000000000031e+00,1.059200000000000003e-01,-5.779699999999999838e-01
cmz*c/cref,7.413544646865306322e-04,6.240496133977446735e-02,6.377212979651454561e-02,5.711368417878846804e-02,4.114154877084603978e-02,1.836694291084027542e-02,5.102970534978459316e-01,5.614952407553819302e-01,5.652484117146513443e-01,4.824398689438456067e-01,2.947746624768005641e-01,3.939111689190547549e-01,4.769634984991524829e-01,4.741368210172262065e-01,4.096894724587769598e-01,-5.669181200544056755e-04,-6.160697852246916489e-02,-6.382218641330930642e-02,-5.845956555822819090e-02,-4.408997396967484494e-02,-2.647258792353717957e-02,-5.108264361905272555e-01,-5.555146614885192458e-01,-5.611630637391205045e-01,-4.802154078084275857e-01,-2.935434421671167526e-01,-3.918950145394609064e-01,-4.745601590295412398e-01,-4.719669813533088898e-01,-4.079530802551440960e-01,-2.692659950820441295e-01,-3.295673432485309862e-01,-7.409443250876053266e-01,-5.613438917513685622e-02,3.634597024100664209e-01,2.731539499427131923e-01,3.206040172798477750e-01,7.174321950230823086e-01,6.693408197039846241e-02,-3.383131821653746485e-01
cs,-1.226999999999999966e-02,-3.299999999999999982e-03,5.734999999999999820e-02,1.824999999999999886e-02,9.709999999999999881e-03,-1.231000000000000011e-01,-7.134000000000000064e-02,-5.131000000000000144e-02,-4.368999999999999967e-02,-5.299000000000000238e-02,-2.525700000000000167e-01,-2.040599999999999914e-01,-1.690099999999999936e-01,-1.291799999999999893e-01,-9.593000000000000138e-02,1.248999999999999937e-02,4.060000000000000241e-03,-5.557999999999999746e-02,-1.701000000000000081e-02,-8.399999999999999481e-03,1.215999999999999998e-01,7.001000000000000278e-02,5.108000000000000040e-02,4.356999999999999762e-02,5.278000000000000053e-02,2.518099999999999783e-01,2.035399999999999987e-01,1.686400000000000121e-01,1.288900000000000046e-01,9.572999999999999565e-02,-8.512999999999999734e-02,-1.070799999999999946e-01,-2.328999999999999959e-01,-1.055999999999999994e-02,1.049500000000000016e-01,8.641000000000000070e-02,1.048599999999999949e-01,2.262899999999999912e-01,1.481000000000000025e-02,-9.736000000000000210e-02
cs*c/cref,-1.783611623863476381e-02,-4.463293723911047547e-03,7.176867432947624248e-02,2.099344886732909185e-02,1.018833049132657556e-02,-1.200727919450046699e-01,-6.625642332611944574e-02,-4.526010651662657619e-02,-3.650078794497785273e-02,-4.179936012971612047e-02,-1.851007819147867384e-01,-1.362306167880521779e-01,-1.018016049521269784e-01,-6.938116034278285493e-02,-4.526415872133147250e-02,1.815591620379366014e-02,5.491203793660259097e-03,-6.955366903630845477e-02,-1.956704467031605138e-02,-8.813797747388591938e-03,1.186096791268283213e-01,6.502119704319628268e-02,4.505722550904863594e-02,3.640053400692801894e-02,4.163370876856797159e-02,1.845438012985011755e-01,1.358834643783208007e-01,1.015787388860227014e-01,6.922540452532345567e-02,4.516978957982967918e-02,-6.580151039537954216e-02,-7.771602791308483693e-02,-1.580824218252718516e-01,-6.673186420009514369e-03,6.143219971323091166e-02,6.679089055873072001e-02,7.610480656486809381e-02,1.535958404243914499e-01,9.358891181850464633e-03,-5.698941366441316603e-02
cx,-1.313499999999999945e-01,-1.665300000000000114e-01,-3.355999999999999955e-02,-4.474999999999999811e-02,-3.036000000000000157e-02,-3.883999999999999952e-02,-1.987899999999999945e-01,-1.634299999999999919e-01,-1.323600000000000054e-01,-9.611000000000000099e-02,-6.758000000000000118e-02,-8.226999999999999591e-02,-9.425000000000000044e-02,-9.059999999999999998e-02,-7.695000000000000451e-02,-1.308900000000000063e-01,-1.661799999999999944e-01,-3.574999999999999706e-02,-4.701999999999999930e-02,-3.327000000000000096e-02,-4.268000000000000266e-02,-1.986400000000000110e-01,-1.617300000000000126e-01,-1.314200000000000090e-01,-9.567000000000000504e-02,-6.730999999999999484e-02,-8.186999999999999833e-02,-9.379999999999999449e-02,-9.020000000000000240e-02,-7.663000000000000367e-02,-8.460000000000000506e-03,-1.610999999999999932e-02,-4.497999999999999915e-02,-2.789999999999999945e-03,-4.210000000000000200e-03,-8.229999999999999469e-03,-1.520999999999999956e-02,-4.240000000000000019e-02,-2.540000000000000157e-03,-3.710000000000000190e-03
cx*c/cref,-1.909351155619133100e-01,-2.252340314675475297e-01,-4.199750149079725658e-02,-5.147708694865626988e-02,-3.185558328699020225e-02,-3.788486790531259835e-02,-1.846245359265388797e-01,-1.441601872541859453e-01,-1.105800936689693148e-01,-7.581310628546926444e-02,-4.952730269549545511e-02,-5.492351682423332604e-02,-5.677061278467527422e-02,-4.866026573042365327e-02,-3.630852719281201652e-02,-1.902664429074901742e-01,-2.247606518301629996e-01,-4.473810126030994955e-02,-5.408832688996240839e-02,-3.490893464947839031e-02,-4.163043671984402450e-02,-1.844852246916227623e-01,-1.426606319807837975e-01,-1.097947711542455879e-01,-7.546602724306361587e-02,-4.932942800286769375e-02,-5.465647650905534199e-02,-5.649955946103490945e-02,-4.844543012013480948e-02,-3.615753656640915970e-02,-6.539184517149194964e-03,-1.169224140530254752e-02,-3.053047373851750998e-02,-1.763086184832059027e-03,-2.464312156195351544e-03,-6.361405269047029111e-03,-1.103904356143089668e-02,-2.877928160322682297e-02,-1.605103551782591492e-03,-2.171638503440559247e-03
cy,-1.226999999999999966e-02,-3.299999999999999982e-03,5.734999999999999820e-02,1.824999999999999886e-02,9.709999999999999881e-03,-1.231000000000000011e-01,-7.134000000000000064e-02,-5.131000000000000144e-02,-4.368999999999999967e-02,-5.299000000000000238e-02,-2.525700000000000167e-01,-2.040599999999999914e-01,-1.690099999999999936e-01,-1.291799999999999893e-01,-9.593000000000000138e-02,1.248999999999999937e-02,4.060000000000000241e-03,-5.557999999999999746e-02,-1.701000000000000081e-02,-8.399999999999999481e-03,1.215999999999999998e-01,7.001000000000000278e-02,5.108000000000000040e-02,4.356999999999999762e-02,5.278000000000000053e-02,2.518099999999999783e-01,2.035399999999999987e-01,1.686400000000000121e-01,1.288900000000000046e-01,9.572999999999999565e-02,-8.512999999999999734e-02,-1.070799999999999946e-01,-2.328999999999999959e-01,-1.055999999999999994e-02,1.049500000000000016e-01,8.641000000000000070e-02,1.048599999999999949e-01,2.262899999999999912e-01,1.481000000000000025e-02,-9.736000000000000210e-02
cy*c/cref,-1.783611623863476381e-02,-4.463293723911047547e-03,7.176867432947624248e-02,2.099344886732909185e-02,1.018833049132657556e-02,-1.200727919450046699e-01,-6.625642332611944574e-02,-4.526010651662657619e-02,-3.650078794497785273e-02,-4.179936012971612047e-02,-1.851007819147867384e-01,-1.362306167880521779e-01,-1.018016049521269784e-01,-6.938116034278285493e-02,-4.526415872133147250e-02,1.815591620379366014e-02,5.491203793660259097e-03,-6.955366903630845477e-02,-1.956704467031605138e-02,-8.813797747388591938e-03,1.186096791268283213e-01,6.502119704319628268e-02,4.505722550904863594e-02,3.640053400692801894e-02,4.163370876856797159e-02,1.845438012985011755e-01,1.358834643783208007e-01,1.015787388860227014e-01,6.922540452532345567e-02,4.516978957982967918e-02,-6.580151039537954216e-02,-7.771602791308483693e-02,-1.580824218252718516e-01,-6.673186420009514369e-03,6.143219971323091166e-02,6.679089055873072001e-02,7.610480656486809381e-02,1.535958404243914499e-01,9.358891181850464633e-03,-5.698941366441316603e-02
cz,1.242129999999999956e+00,1.445310000000000095e+00,1.814829999999999943e+00,2.060690000000000133e+00,2.278030000000000221e+00,2.356100000000000083e+00,1.743460000000000010e+00,1.462450000000000028e+00,1.206360000000000099e+00,9.043600000000000527e-01,7.549700000000000299e-01,7.047600000000000531e-01,6.642799999999999816e-01,6.039499999999999869e-01,4.843899999999999872e-01,1.230900000000000105e+00,1.432600000000000096e+00,1.799090000000000078e+00,2.042899999999999938e+00,2.257340000000000124e+00,2.330740000000000034e+00,1.716450000000000031e+00,1.454380000000000006e+00,1.202590000000000048e+00,9.019399999999999640e-01,7.528799999999999937e-01,7.027900000000000258e-01,6.623799999999999688e-01,6.021699999999999831e-01,4.829600000000000004e-01,8.737999999999999934e-02,1.077499999999999986e-01,1.552399999999999891e-01,-7.771999999999999742e-02,-1.000800000000000023e-01,8.895000000000000129e-02,1.062099999999999989e-01,1.522699999999999887e-01,-6.979000000000000481e-02,-9.329999999999999405e-02
cz*c/cref,1.805605139649176794e+00,1.954800924880568891e+00,2.271106246440512066e+00,2.370465213502268131e+00,2.390249486009957014e+00,2.298160073936843961e+00,1.619223770846035970e+00,1.290014476227646423e+00,1.007852839215003238e+00,7.133736427044738981e-01,5.532942840488044300e-01,4.704983313121026689e-01,4.001228929507065213e-01,3.243749170848715946e-01,2.285573422602496518e-01,1.789280805064020763e+00,1.937610481477263003e+00,2.251408967731777455e+00,2.350000914578992184e+00,2.368540262748829228e+00,2.273423713224209219e+00,1.594138461145468533e+00,1.282895999135672538e+00,1.004703194661270782e+00,7.114647079712427269e-01,5.517625873540191739e-01,4.691831577598510328e-01,3.989784455842250166e-01,3.234188986190861814e-01,2.278826028985118934e-01,6.754065521377028425e-02,7.820229741907817889e-02,1.053701810397389554e-01,-4.911364096241850608e-02,-5.858155833539923502e-02,6.875419182038071397e-02,7.708460333067558568e-02,1.033542738142299022e-01,-4.410243184208939571e-02,-5.461290360404424948e-02
Results_Name,VSPAERO_Comp_Load
Results_Timestamp,1758045781
Results_Date,9,16,2025
Results_Time,14,3,1
AoA,7.000000000000000000e+00,7.000000000000000000e+00,7.000000000000000000e+00,7.000000000000000000e+00,7.000000000000000000e+00,7.000000000000000000e+00,7.000000000000000000e+00,7.000000000000000000e+00,7.000000000000000000e+00
Beta,0.000000000000000000e+00,0.000000000000000000e+00,0.000000000000000000e+00,0.000000000000000000e+00,0.000000000000000000e+00,0.000000000000000000e+00,0.000000000000000000e+00,0.000000000000000000e+00,0.000000000000000000e+00
CDi,0.000000000000000000e+00,4.213000000000000078e-02,4.100999999999999784e-02,-7.900000000000000121e-04,-6.999999999999999929e-04,0.000000000000000000e+00,0.000000000000000000e+00,0.000000000000000000e+00,0.000000000000000000e+00
CFx,0.000000000000000000e+00,-5.611000000000000015e-02,-5.637000000000000344e-02,-1.190000000000000085e-03,-1.119999999999999902e-03,0.000000000000000000e+00,0.000000000000000000e+00,0.000000000000000000e+00,0.000000000000000000e+00
CFy,0.000000000000000000e+00,-2.398000000000000131e-02,2.390000000000000110e-02,-5.510000000000000141e-03,5.559999999999999838e-03,0.000000000000000000e+00,0.000000000000000000e+00,0.000000000000000000e+00,0.000000000000000000e+00
CFz,0.000000000000000000e+00,8.026999999999999691e-01,7.956100000000000394e-01,3.180000000000000101e-03,3.340000000000000087e-03,0.000000000000000000e+00,0.000000000000000000e+00,0.000000000000000000e+00,0.000000000000000000e+00
CL,0.000000000000000000e+00,8.035600000000000520e-01,7.965499999999999803e-01,3.299999999999999982e-03,3.449999999999999942e-03,0.000000000000000000e+00,0.000000000000000000e+00,0.000000000000000000e+00,0.000000000000000000e+00
Cmx,0.000000000000000000e+00,1.566800000000000137e-01,-1.554899999999999893e-01,-1.000000000000000048e-04,9.000000000000000567e-05,-4.000000000000000327e-05,4.000000000000000327e-05,-0.000000000000000000e+00,0.000000000000000000e+00
Cmy,0.000000000000000000e+00,-2.891299999999999981e-01,-2.855099999999999860e-01,-9.289999999999999647e-03,-9.719999999999999474e-03,1.435999999999999950e-02,1.404000000000000040e-02,-0.000000000000000000e+00,1.000000000000000082e-05
Cmz,0.000000000000000000e+00,1.259000000000000050e-02,-1.257999999999999917e-02,-1.449999999999999900e-03,1.459999999999999926e-03,1.000000000000000082e-05,-1.000000000000000082e-05,2.000000000000000164e-05,6.999999999999999387e-05
Comp_ID,0,1,2,3,4,5,6,7,8
Comp_Name,NONE,main_wing,main_wing,horizontal_tail,horizontal_tail,fuselage,fuselage,fuselage,fuselage
Cs,0.000000000000000000e+00,-2.398000000000000131e-02,2.390000000000000110e-02,-5.510000000000000141e-03,5.559999999999999838e-03,0.000000000000000000e+00,0.000000000000000000e+00,0.000000000000000000e+00,0.000000000000000000e+00
Mach,1.499999999999999944e-01,1.499999999999999944e-01,1.499999999999999944e-01,1.499999999999999944e-01,1.499999999999999944e-01,1.499999999999999944e-01,1.499999999999999944e-01,1.499999999999999944e-01,1.499999999999999944e-01
Results_Name,VSPAERO_Load
Results_Timestamp,1758045781
Results_Date,9,16,2025
Results_Time,14,3,1
AnalysisMethod,0
Chord,1.735630000000000006e+00,1.614889999999999937e+00,1.494180000000000064e+00,1.373480000000000034e+00,1.252809999999999979e+00,1.164630000000000054e+00,1.108910000000000062e+00,1.053209999999999980e+00,9.975199999999999623e-01,9.418400000000000105e-01,8.750400000000000400e-01,7.971099999999999852e-01,7.191899999999999959e-01,6.412799999999999612e-01,5.633799999999999919e-01,1.735630000000000006e+00,1.614889999999999937e+00,1.494180000000000064e+00,1.373480000000000034e+00,1.252809999999999979e+00,1.164630000000000054e+00,1.108910000000000062e+00,1.053209999999999980e+00,9.975199999999999623e-01,9.418400000000000105e-01,8.750400000000000400e-01,7.971099999999999852e-01,7.191899999999999959e-01,6.412799999999999612e-01,5.633799999999999919e-01,9.229000000000000536e-01,8.665699999999999514e-01,8.104299999999999837e-01,7.545199999999999685e-01,6.988999999999999657e-01,9.229000000000000536e-01,8.665699999999999514e-01,8.104299999999999837e-01,7.545199999999999685e-01,6.988999999999999657e-01
FC_AoA_,8.000000000000000000e+00
FC_Beta_,0.000000000000000000e+00
FC_Bref_,1.417173599999999922e+01
FC_Cref_,1.193991999999999942e+00
FC_Mach_,1.499999999999999944e-01
FC_Pitch_Rate,0.000000000000000000e+00
FC_Rho_,2.377000000000000206e-03
FC_Roll__Rate,0.000000000000000000e+00
FC_Sref_,1.619368700000000061e+01
FC_Vinf_,5.100000000000000000e+01
FC_Xcg_,1.774861999999999940e+00
FC_Yaw___Rate,0.000000000000000000e+00
FC_Ycg_,0.000000000000000000e+00
FC_Zcg_,7.545150000000000468e-01
S,3.314000000000000279e-02,8.981999999999999706e-02,1.368900000000000117e-01,1.839600000000000124e-01,2.310300000000000131e-01,2.997400000000000064e-01,4.117600000000000149e-01,5.454599999999999449e-01,6.791700000000000514e-01,8.128699999999999815e-01,9.157600000000000184e-01,9.578200000000000047e-01,9.698700000000000099e-01,9.819200000000000150e-01,9.939700000000000202e-01,3.314000000000000279e-02,8.981999999999999706e-02,1.368900000000000117e-01,1.839600000000000124e-01,2.310300000000000131e-01,2.997400000000000064e-01,4.117600000000000149e-01,5.454599999999999449e-01,6.791700000000000514e-01,8.128699999999999815e-01,9.157600000000000184e-01,9.578200000000000047e-01,9.698700000000000099e-01,9.819200000000000150e-01,9.939700000000000202e-01,1.020299999999999957e-01,3.035599999999999965e-01,5.025399999999999867e-01,7.015200000000000324e-01,9.005100000000000326e-01,1.020299999999999957e-01,3.035599999999999965e-01,5.025399999999999867e-01,7.015200000000000324e-01,9.005100000000000326e-01
V/Vref,1.006269999999999998e+00,1.008110000000000062e+00,1.010729999999999906e+00,1.004510000000000014e+00,9.973300000000000498e-01,9.980400000000000382e-01,1.005779999999999896e+00,1.003640000000000088e+00,1.000320000000000098e+00,1.000110000000000054e+00,1.016240000000000032e+00,1.014820000000000055e+00,1.015169999999999906e+00,1.014909999999999979e+00,1.017730000000000024e+00,1.007400000000000073e+00,1.008720000000000061e+00,1.010909999999999975e+00,1.004569999999999963e+00,9.972299999999999498e-01,9.981499999999999817e-01,1.005589999999999984e+00,1.003319999999999990e+00,1.000180000000000069e+00,1.000010000000000066e+00,1.016100000000000003e+00,1.014710000000000001e+00,1.015069999999999917e+00,1.014799999999999924e+00,1.017630000000000035e+00,9.861400000000000166e-01,9.882699999999999818e-01,9.997700000000000475e-01,1.011940000000000062e+00,1.009220000000000006e+00,9.855199999999999516e-01,9.879799999999999693e-01,9.988099999999999756e-01,1.011220000000000008e+00,1.008760000000000101e+00
WingId,1,1,1,1,1,1,1,1,1,1,1,1,1,1,1,2,2,2,2,2,2,2,2,2,2,2,2,2,2,2,3,3,3,3,3,4,4,4,4,4
Xavg,2.391020000000000145e+00,2.380209999999999937e+00,2.369699999999999918e+00,2.359579999999999789e+00,2.349930000000000074e+00,2.337899999999999867e+00,2.323770000000000113e+00,2.309619999999999784e+00,2.295469999999999899e+00,2.281299999999999883e+00,2.284749999999999837e+00,2.305000000000000160e+00,2.325239999999999974e+00,2.345470000000000166e+00,2.365699999999999914e+00,2.391020000000000145e+00,2.380209999999999937e+00,2.369699999999999918e+00,2.359579999999999789e+00,2.349930000000000074e+00,2.337899999999999867e+00,2.323770000000000113e+00,2.309619999999999784e+00,2.295469999999999899e+00,2.281299999999999883e+00,2.284749999999999837e+00,2.305000000000000160e+00,2.325239999999999974e+00,2.345470000000000166e+00,2.365699999999999914e+00,5.722059999999999924e+00,5.820210000000000328e+00,5.918350000000000222e+00,6.016490000000000116e+00,6.114630000000000010e+00,5.722059999999999924e+00,5.820210000000000328e+00,5.918350000000000222e+00,6.016490000000000116e+00,6.114630000000000010e+00
Yavg,1.719199999999999895e-01,5.196100000000000163e-01,8.672999999999999599e-01,1.214979999999999949e+00,1.562650000000000095e+00,2.228590000000000071e+00,3.216559999999999864e+00,4.204550000000000232e+00,5.192569999999999908e+00,6.180620000000000225e+00,6.716649999999999565e+00,6.791660000000000252e+00,6.866660000000000430e+00,6.941650000000000098e+00,7.016610000000000014e+00,-1.719199999999999895e-01,-5.196100000000000163e-01,-8.672999999999999599e-01,-1.214979999999999949e+00,-1.562650000000000095e+00,-2.228590000000000071e+00,-3.216559999999999864e+00,-4.204550000000000232e+00,-5.192569999999999908e+00,-6.180620000000000225e+00,-6.716649999999999565e+00,-6.791660000000000252e+00,-6.866660000000000430e+00,-6.941650000000000098e+00,-7.016610000000000014e+00,1.078800000000000037e-01,3.257399999999999740e-01,5.435900000000000176e-01,7.614400000000000057e-01,9.792699999999999738e-01,-1.078800000000000037e-01,-3.257399999999999740e-01,-5.435900000000000176e-01,-7.614400000000000057e-01,-9.792699999999999738e-01
Zavg,1.033530000000000060e+00,1.043199999999999905e+00,1.052899999999999947e+00,1.062580000000000080e+00,1.072189999999999976e+00,1.094910000000000050e+00,1.130849999999999911e+00,1.166740000000000110e+00,1.202599999999999891e+00,1.238469999999999960e+00,1.270329999999999959e+00,1.298289999999999944e+00,1.326240000000000085e+00,1.354190000000000005e+00,1.382130000000000081e+00,1.033530000000000060e+00,1.043199999999999905e+00,1.052899999999999947e+00,1.062580000000000080e+00,1.072189999999999976e+00,1.094910000000000050e+00,1.130849999999999911e+00,1.166740000000000110e+00,1.202599999999999891e+00,1.238469999999999960e+00,1.270329999999999959e+00,1.298289999999999944e+00,1.326240000000000085e+00,1.354190000000000005e+00,1.382130000000000081e+00,3.777900000000000147e-01,5.956799999999999873e-01,8.135799999999999699e-01,1.031470000000000109e+00,1.249349999999999961e+00,3.777900000000000147e-01,5.956799999999999873e-01,8.135799999999999699e-01,1.031470000000000109e+00,1.249349999999999961e+00
cd,3.278999999999999970e-02,2.066000000000000128e-02,2.003800000000000026e-01,2.169099999999999917e-01,2.565500000000000003e-01,2.572699999999999987e-01,2.044999999999999943e-02,2.085000000000000048e-02,2.057000000000000148e-02,1.956000000000000100e-02,3.118999999999999898e-02,6.850000000000000186e-03,-1.299999999999999940e-02,-1.713999999999999899e-02,-1.816999999999999865e-02,3.173000000000000126e-02,1.948000000000000079e-02,1.962299999999999878e-01,2.122199999999999920e-01,2.505200000000000204e-01,2.488700000000000079e-01,1.652999999999999955e-02,2.174999999999999850e-02,2.103999999999999967e-02,1.970999999999999835e-02,3.122000000000000122e-02,7.060000000000000303e-03,-1.273000000000000000e-02,-1.691000000000000142e-02,-1.799999999999999864e-02,4.259999999999999898e-03,2.500000000000000052e-04,-2.899999999999999800e-03,-7.340000000000000170e-03,-1.478999999999999933e-02,4.300000000000000003e-03,6.700000000000000226e-04,-2.190000000000000106e-03,-6.150000000000000085e-03,-1.362999999999999975e-02
cd*c/cref,4.766473117072811405e-02,2.794292373818250269e-02,2.507586218333121009e-01,2.495172051404029312e-01,2.691880728681599333e-01,2.509433564881506928e-01,1.899276502690135440e-02,1.839160438260892955e-02,1.718519588070941892e-02,1.542924106694182514e-02,2.285819134466562583e-02,4.573065397423099060e-03,-7.830429349610382173e-03,-9.205705900877056772e-03,-8.573436505437221841e-03,4.612387679314434302e-02,2.634695810357188389e-02,2.455652478408565376e-01,2.441221763629906893e-01,2.628610251994988323e-01,2.427499247063632237e-01,1.535209808775938288e-02,1.918548658617478045e-02,1.757785713807127545e-02,1.554756346776192850e-02,2.288017742162426829e-02,4.713261562891543979e-03,-7.667797355426167298e-03,-9.082175424960972285e-03,-8.493222735160704806e-03,3.292780856153140496e-03,1.814438455199029706e-04,-1.968394260598060972e-03,-4.638370106332371026e-03,-8.657286648486757497e-03,3.323698986257864803e-03,4.862695059933400035e-04,-1.486477045072328836e-03,-3.886372773016904744e-03,-7.978283774095639228e-03
cl,1.314710000000000045e+00,1.524589999999999890e+00,1.877250000000000085e+00,2.126310000000000144e+00,2.343799999999999883e+00,2.424409999999999954e+00,1.847380000000000022e+00,1.564000000000000057e+00,1.303569999999999895e+00,9.882400000000000073e-01,8.275200000000000333e-01,7.767199999999999660e-01,7.371400000000000174e-01,6.738300000000000400e-01,5.448100000000000165e-01,1.304249999999999909e+00,1.512329999999999952e+00,1.861350000000000060e+00,2.107479999999999798e+00,2.320980000000000043e+00,2.395169999999999799e+00,1.816060000000000008e+00,1.555150000000000032e+00,1.299330000000000096e+00,9.858799999999999786e-01,8.255400000000000515e-01,7.748399999999999732e-01,7.352999999999999536e-01,6.721000000000000307e-01,5.433999999999999941e-01,8.912000000000000477e-02,1.054900000000000004e-01,1.493599999999999928e-01,-3.056000000000000036e-02,-8.408000000000000196e-02,8.647000000000000519e-02,1.021299999999999986e-01,1.464999999999999913e-01,-2.436999999999999930e-02,-7.902000000000000690e-02
cl*c/cref,1.911110055427507115e+00,2.062028175314407186e+00,2.349219596948723510e+00,2.445949603347426393e+00,2.459259423848735970e+00,2.364790231676594079e+00,1.715738594395942451e+00,1.379590851529993500e+00,1.089066883530207752e+00,7.795395292430771228e-01,6.064639468271144640e-01,5.185388840126232690e-01,4.440094377516767277e-01,3.619066982023330104e-01,2.570662599079391319e-01,1.895905020720406675e+00,2.045446362873453161e+00,2.329322091772809245e+00,2.424288965420203557e+00,2.435315273301663641e+00,2.336269285807610174e+00,1.686650408545451008e+00,1.371784343194929257e+00,1.085524577719113815e+00,7.776779234701740595e-01,6.050128657478442973e-01,5.172837945312867003e-01,4.429011308283472559e-01,3.609775341878337374e-01,2.564009574603515196e-01,6.888559387332579553e-02,7.656204505557825946e-02,1.013790919872159940e-01,-1.931179706396692758e-02,-4.921600144724588149e-02,6.683726775388780517e-02,7.412343977179075560e-02,9.943784799228135018e-02,-1.540014706966210713e-02,-4.625414408136738903e-02
cmx,1.332699999999999996e-01,4.897799999999999931e-01,1.087709999999999955e+00,1.890619999999999967e+00,2.944030000000000147e+00,4.707860000000000156e+00,5.349540000000000184e+00,6.223069999999999879e+00,6.762439999999999785e+00,6.469149999999999956e+00,6.483030000000000292e+00,6.709150000000000169e+00,7.092929999999999957e+00,7.321150000000000269e+00,6.798619999999999663e+00,-1.322699999999999987e-01,-4.859100000000000086e-01,-1.078589999999999938e+00,-1.873809999999999976e+00,-2.915109999999999868e+00,-4.649810000000000443e+00,-5.257240000000000357e+00,-6.188430000000000319e+00,-6.740850000000000009e+00,-6.453839999999999577e+00,-6.467550000000000132e+00,-6.693170000000000286e+00,-7.075630000000000308e+00,-7.302780000000000271e+00,-6.781390000000000029e+00,-2.628000000000000128e-02,1.820000000000000090e-02,1.192799999999999971e-01,-3.925000000000000017e-02,-1.826299999999999868e-01,2.548999999999999877e-02,-1.751000000000000126e-02,-1.165899999999999992e-01,3.084999999999999895e-02,1.712299999999999933e-01
cmx*c/cref,1.937260970760273093e-01,6.624339394233796918e-01,1.361177066345503173e+00,2.174829276578067461e+00,3.089057735981481034e+00,4.592086874786430961e+00,4.968340157555495296e+00,5.489316138382836385e+00,5.649677006881117514e+00,5.102969061769258907e+00,4.751213216838974240e+00,4.479033826441048305e+00,4.272360557440920914e+00,3.932109320665464924e+00,3.207899663984348226e+00,-1.922724608707596095e-01,-6.571997131471567499e-01,-1.349764157716299540e+00,-2.155492297100817911e+00,-3.058713089451185585e+00,-4.535464408723007601e+00,-4.882617311003759397e+00,-5.458760494458924306e+00,-5.631639652526985174e+00,-5.090892288725552994e+00,-4.739868401128316755e+00,-4.468365565849688359e+00,-4.261940062998747614e+00,-3.922242995262949616e+00,-3.199769762443969601e+00,-2.031321147880388311e-02,1.320911195384893641e-02,8.096209220832299713e-02,-2.480327338876642251e-02,-1.069019784052154393e-01,1.970257840923557435e-02,-1.270832694021400457e-02,-7.913623684245790768e-02,1.949505691830430779e-02,1.002290191224061849e-01
cmy,-2.598300000000000054e-01,-3.685100000000000042e-01,-5.204600000000000337e-01,-6.758100000000000218e-01,-8.417499999999999982e-01,-9.714500000000000357e-01,-7.620000000000000107e-01,-6.405699999999999728e-01,-5.172400000000000331e-01,-3.505499999999999727e-01,-3.181899999999999729e-01,-3.699700000000000211e-01,-4.446499999999999897e-01,-5.058599999999999763e-01,-5.217699999999999561e-01,-2.550399999999999889e-01,-3.634899999999999798e-01,-5.134900000000000020e-01,-6.673299999999999788e-01,-8.310800000000000409e-01,-9.564099999999999824e-01,-7.430999999999999828e-01,-6.367699999999999472e-01,-5.155300000000000438e-01,-3.497999999999999998e-01,-3.175000000000000044e-01,-3.689899999999999847e-01,-4.433500000000000218e-01,-5.043499999999999650e-01,-5.202099999999999502e-01,-3.590400000000000258e-01,-4.452400000000000246e-01,-6.934299999999999908e-01,1.543100000000000027e-01,4.963500000000000134e-01,-3.483499999999999930e-01,-4.296800000000000064e-01,-6.791700000000000514e-01,1.226600000000000051e-01,4.679599999999999871e-01
cmy*c/cref,-3.776982952147083239e-01,-4.984146576358970404e-01,-6.513116694249208027e-01,-7.774017906317630677e-01,-8.832159826028985750e-01,-9.475606314782679673e-01,-7.077010733740259907e-01,-5.650412479313093872e-01,-4.321278909741438912e-01,-2.765194507165877336e-01,-2.331916609156510223e-01,-2.469922635160034796e-01,-2.678308007926351042e-01,-2.716918545517892913e-01,-2.461949348069333854e-01,-3.707353777914759729e-01,-4.916250411225535633e-01,-6.425893039484351643e-01,-7.676470264457383452e-01,-8.720203609404418854e-01,-9.328904869546864598e-01,-6.901478577745915333e-01,-5.616893008495869033e-01,-4.306992723569337267e-01,-2.759278387124872167e-01,-2.326859811456023497e-01,-2.463380147438173906e-01,-2.670477578576740951e-01,-2.708808501229488797e-01,-2.454588555032194419e-01,-2.775211358200055378e-01,-3.231442311171264237e-01,-4.706702179746597992e-01,9.751320042345341943e-02,2.905371350896823746e-01,-2.692582655495179278e-01,-3.118511661719676198e-01,-4.609911482656500747e-01,7.751259907939081484e-02,2.739191250862652582e-01
cmz,1.629999999999999939e-03,5.315999999999999892e-02,6.680999999999999439e-02,8.007999999999999841e-02,8.953999999999999460e-02,1.018499999999999961e-01,6.595800000000000551e-01,7.701900000000000412e-01,8.254700000000000371e-01,7.542299999999999560e-01,5.199200000000000488e-01,7.433499999999999552e-01,9.866500000000000270e-01,1.095439999999999969e+00,1.072999999999999954e+00,-1.490000000000000005e-03,-5.254999999999999949e-02,-6.666999999999999316e-02,-8.087999999999999357e-02,-9.202000000000000457e-02,-1.109900000000000053e-01,-6.593200000000000172e-01,-7.617399999999999727e-01,-8.200300000000000367e-01,-7.511900000000000244e-01,-5.179200000000000470e-01,-7.397000000000000242e-01,-9.818900000000000405e-01,-1.090640000000000054e+00,-1.068659999999999943e+00,-3.515499999999999736e-01,-4.297699999999999854e-01,-8.369199999999999973e-01,-3.746000000000000024e-02,5.214199999999999946e-01,3.408499999999999863e-01,4.150400000000000200e-01,8.130199999999999649e-01,5.961000000000000326e-02,-4.877799999999999914e-01
cmz*c/cref,2.369427014586362405e-03,7.189960435245797143e-02,8.360706420143518280e-02,9.211810330387472379e-02,9.395088694061601298e-02,9.934536035417322608e-02,6.125793621732810168e-01,6.793779270715382124e-01,6.896384853499856193e-01,5.949486958036570572e-01,3.810333710778632255e-01,4.962610457188992852e-01,5.942994705994680826e-01,5.883488023370340159e-01,5.062904441570797998e-01,-2.165917945848883433e-03,-7.107457127015925913e-02,-8.343186604265354078e-02,-9.303836407614120285e-02,-9.655305579936884763e-02,-1.082605944595943781e-01,-6.123378893660930133e-01,-6.719242552713921013e-01,-6.850936401583930246e-01,-5.925506951470362882e-01,-3.795676326139539314e-01,-4.938243028429001868e-01,-5.914323287760722136e-01,-5.857707750135678904e-01,-5.042426337864910346e-01,-2.717317159578958585e-01,-3.119164859563547942e-01,-5.680650084757686846e-01,-2.367211773613223449e-02,3.052117920388076611e-01,2.634611161548821578e-01,3.012258145783221486e-01,5.518427247418743464e-01,3.766937902431507362e-02,-2.855207086814652295e-01
cs,-1.076000000000000047e-02,-1.770000000000000089e-03,5.947000000000000203e-02,1.960999999999999896e-02,1.171999999999999952e-02,-1.267399999999999916e-01,-7.413999999999999757e-02,-5.437000000000000166e-02,-4.671000000000000152e-02,-5.888000000000000178e-02,-2.698800000000000088e-01,-2.147799999999999987e-01,-1.757599999999999996e-01,-1.315500000000000003e-01,-9.761000000000000232e-02,1.106000000000000039e-02,2.520000000000000104e-03,-5.759999999999999842e-02,-1.808999999999999844e-02,-1.005999999999999950e-02,1.251299999999999912e-01,7.263999999999999624e-02,5.414000000000000062e-02,4.655000000000000110e-02,5.863000000000000156e-02,2.691600000000000104e-01,2.143400000000000027e-01,1.754799999999999971e-01,1.313600000000000045e-01,9.747000000000000108e-02,-8.638999999999999457e-02,-1.011800000000000060e-01,-1.776099999999999901e-01,-3.559999999999999797e-03,8.870000000000000107e-02,8.379999999999999949e-02,9.805999999999999439e-02,1.727899999999999991e-01,7.960000000000000062e-03,-8.280999999999999472e-02
cs*c/cref,-1.564112556868052853e-02,-2.393948451915926031e-03,7.442167501959812137e-02,2.255789218018211181e-02,1.229734638088027417e-02,-1.236232790504459000e-01,-6.885689971122084529e-02,-4.795930600875047967e-02,-3.902384538589873109e-02,-4.644548640191895061e-02,-1.977867483199217680e-01,-1.433872972348223529e-01,-1.058674048067323736e-01,-7.065406133374427244e-02,-4.605685950994647254e-02,1.607721643026083919e-02,3.408333389168436561e-03,-7.208152818444345244e-02,-2.080939671287579742e-02,-1.055557206413443305e-02,1.220528712922699655e-01,6.746378736205937976e-02,4.775642500117253941e-02,3.889017346849894807e-02,4.624828240055210704e-02,1.972590824729144043e-01,1.430935528881265573e-01,1.056987494053561460e-01,7.055201441885707025e-02,4.599080111089522138e-02,-6.677543149367835829e-02,-7.343395315881513785e-02,-1.205539671120074430e-01,-2.249672694624419485e-03,5.192030599870016416e-02,6.477348256939745308e-02,7.116953396672673349e-02,1.172823600995651638e-01,5.030167036295050617e-03,-4.847261036924870731e-02
cx,-1.505100000000000049e-01,-1.917200000000000015e-01,-6.282999999999999696e-02,-8.111999999999999766e-02,-7.213999999999999579e-02,-8.265000000000000124e-02,-2.368500000000000050e-01,-1.970200000000000007e-01,-1.610499999999999987e-01,-1.181699999999999973e-01,-8.427999999999999381e-02,-1.013199999999999934e-01,-1.154700000000000032e-01,-1.107500000000000012e-01,-9.382000000000000062e-02,-1.500900000000000012e-01,-1.911899999999999988e-01,-6.472999999999999587e-02,-8.315000000000000169e-02,-7.494000000000000661e-02,-8.688999999999999502e-02,-2.363699999999999968e-01,-1.948999999999999899e-01,-1.600000000000000033e-01,-1.176900000000000029e-01,-8.397000000000000297e-02,-1.008499999999999952e-01,-1.149400000000000005e-01,-1.102800000000000030e-01,-9.345000000000000528e-02,-8.179999999999999771e-03,-1.443999999999999971e-02,-2.366000000000000048e-02,-3.010000000000000089e-03,-2.939999999999999905e-03,-7.779999999999999589e-03,-1.354999999999999954e-02,-2.256000000000000019e-02,-2.700000000000000143e-03,-2.500000000000000052e-03
cx*c/cref,-2.187867852548425751e-01,-2.593038402267351938e-01,-7.862643083035732172e-02,-9.331444230782115490e-02,-7.569373446388250048e-02,-8.061751628151613003e-02,-2.199724399325958812e-01,-1.737896352739381756e-01,-1.345491393577176453e-01,-9.321438736607950970e-02,-6.176621886913815501e-02,-6.764131183458516050e-02,-6.955228284611622569e-02,-5.948260959872427728e-02,-4.426856427848763209e-02,-2.181762580486301395e-01,-2.585870082044100515e-01,-8.100412012810806472e-02,-9.564960401744734830e-02,-7.863166704634537429e-02,-8.475324851422789962e-02,-2.195266439808642167e-01,-1.719196016388719328e-01,-1.336719173997815702e-01,-9.283575568345517337e-02,-6.153902940723221526e-02,-6.732753946425101832e-02,-6.923304226493980085e-02,-5.923017775663488166e-02,-4.409398136670933388e-02,-6.322757606416123943e-03,-1.048019651722959487e-02,-1.605938213991383451e-02,-1.902110901915590648e-03,-1.720921078198178874e-03,-6.013576305368880867e-03,-9.834256427178741586e-03,-1.531274983416974420e-02,-1.706212436934250853e-03,-1.463368263773961704e-03
cy,-1.076000000000000047e-02,-1.770000000000000089e-03,5.947000000000000203e-02,1.960999999999999896e-02,1.171999999999999952e-02,-1.267399999999999916e-01,-7.413999999999999757e-02,-5.437000000000000166e-02,-4.671000000000000152e-02,-5.888000000000000178e-02,-2.698800000000000088e-01,-2.147799999999999987e-01,-1.757599999999999996e-01,-1.315500000000000003e-01,-9.761000000000000232e-02,1.106000000000000039e-02,2.520000000000000104e-03,-5.759999999999999842e-02,-1.808999999999999844e-02,-1.005999999999999950e-02,1.251299999999999912e-01,7.263999999999999624e-02,5.414000000000000062e-02,4.655000000000000110e-02,5.863000000000000156e-02,2.691600000000000104e-01,2.143400000000000027e-01,1.754799999999999971e-01,1.313600000000000045e-01,9.747000000000000108e-02,-8.638999999999999457e-02,-1.011800000000000060e-01,-1.776099999999999901e-01,-3.559999999999999797e-03,8.870000000000000107e-02,8.379999999999999949e-02,9.805999999999999439e-02,1.727899999999999991e-01,7.960000000000000062e-03,-8.280999999999999472e-02
cy*c/cref,-1.564112556868052853e-02,-2.393948451915926031e-03,7.442167501959812137e-02,2.255789218018211181e-02,1.229734638088027417e-02,-1.236232790504459000e-01,-6.885689971122084529e-02,-4.795930600875047967e-02,-3.902384538589873109e-02,-4.644548640191895061e-02,-1.977867483199217680e-01,-1.433872972348223529e-01,-1.058674048067323736e-01,-7.065406133374427244e-02,-4.605685950994647254e-02,1.607721643026083919e-02,3.408333389168436561e-03,-7.208152818444345244e-02,-2.080939671287579742e-02,-1.055557206413443305e-02,1.220528712922699655e-01,6.746378736205937976e-02,4.775642500117253941e-02,3.889017346849894807e-02,4.624828240055210704e-02,1.972590824729144043e-01,1.430935528881265573e-01,1.056987494053561460e-01,7.055201441885707025e-02,4.599080111089522138e-02,-6.677543149367835829e-02,-7.343395315881513785e-02,-1.205539671120074430e-01,-2.249672694624419485e-03,5.192030599870016416e-02,6.477348256939745308e-02,7.116953396672673349e-02,1.172823600995651638e-01,5.030167036295050617e-03,-4.847261036924870731e-02
cz,1.306480000000000086e+00,1.512629999999999919e+00,1.886870000000000047e+00,2.135810000000000208e+00,2.356689999999999952e+00,2.436620000000000008e+00,1.832240000000000091e+00,1.551679999999999948e+00,1.293749999999999956e+00,9.813399999999999901e-01,8.238100000000000422e-01,7.701200000000000268e-01,7.281600000000000295e-01,6.648899999999999810e-01,5.369800000000000129e-01,1.295970000000000066e+00,1.500320000000000098e+00,1.870549999999999935e+00,2.116509999999999891e+00,2.333260000000000112e+00,2.406499999999999861e+00,1.800689999999999902e+00,1.543039999999999967e+00,1.289619999999999989e+00,9.790200000000000014e-01,8.218499999999999694e-01,7.682799999999999629e-01,7.263699999999999601e-01,6.632099999999999662e-01,5.355999999999999650e-01,8.884999999999999842e-02,1.044999999999999957e-01,1.474999999999999922e-01,-3.128000000000000225e-02,-8.531999999999999307e-02,8.623000000000000109e-02,1.012300000000000005e-01,1.447700000000000098e-01,-2.498999999999999833e-02,-8.014999999999999902e-02
cz*c/cref,1.899146629458154045e+00,2.045852116848354108e+00,2.361258213287861452e+00,2.456877700018090582e+00,2.472784406344431307e+00,2.376699970016549646e+00,1.701677447085072847e+00,1.368723486254514121e+00,1.080862769599796325e+00,7.740966988053522568e-01,6.037450019765627784e-01,5.141327188121863623e-01,4.386004180932535634e-01,3.571051223123772878e-01,2.533717080181441816e-01,1.883868912940790397e+00,2.029202678744916444e+00,2.340835113635602038e+00,2.434676408887161525e+00,2.448200206199036888e+00,2.347320664627568831e+00,1.672375650674376324e+00,1.361102217100282008e+00,1.077412363231914361e+00,7.722666456726678952e-01,6.023085782819316281e-01,5.129043333623676260e-01,4.375222282058841006e-01,3.562028127491640994e-01,2.527205609417818577e-01,6.867689649511890537e-02,7.584352742731943764e-02,1.001166046338668875e-01,-1.976678704714939644e-02,-4.994183210607776313e-02,6.665175897325946452e-02,7.347024192791910824e-02,9.826359900233838651e-02,-1.579194399962478498e-02,-4.691558653659320954e-02
Results_Name,VSPAERO_Comp_Load
Results_Timestamp,1758045781
Results_Date,9,16,2025
Results_Time,14,3,1
AoA,8.000000000000000000e+00,8.000000000000000000e+00,8.000000000000000000e+00,8.000000000000000000e+00,8.000000000000000000e+00,8.000000000000000000e+00,8.000000000000000000e+00,8.000000000000000000e+00,8.000000000000000000e+00
Beta,0.000000000000000000e+00,0.000000000000000000e+00,0.000000000000000000e+00,0.000000000000000000e+00,0.000000000000000000e+00,0.000000000000000000e+00,0.000000000000000000e+00,0.000000000000000000e+00,0.000000000000000000e+00
CDi,0.000000000000000000e+00,4.578000000000000125e-02,4.447999999999999871e-02,-2.700000000000000035e-04,-2.200000000000000078e-04,0.000000000000000000e+00,0.000000000000000000e+00,0.000000000000000000e+00,0.000000000000000000e+00
CFx,0.000000000000000000e+00,-7.222000000000000641e-02,-7.241999999999999826e-02,-8.199999999999999824e-04,-7.699999999999999597e-04,0.000000000000000000e+00,0.000000000000000000e+00,0.000000000000000000e+00,0.000000000000000000e+00
CFy,0.000000000000000000e+00,-2.503000000000000017e-02,2.495999999999999955e-02,-4.709999999999999777e-03,4.680000000000000132e-03,0.000000000000000000e+00,0.000000000000000000e+00,0.000000000000000000e+00,0.000000000000000000e+00
CFz,0.000000000000000000e+00,8.428200000000000136e-01,8.349100000000000410e-01,3.899999999999999821e-03,3.910000000000000281e-03,0.000000000000000000e+00,0.000000000000000000e+00,0.000000000000000000e+00,0.000000000000000000e+00
CL,0.000000000000000000e+00,8.446599999999999664e-01,8.368700000000000028e-01,3.969999999999999571e-03,3.980000000000000031e-03,0.000000000000000000e+00,0.000000000000000000e+00,0.000000000000000000e+00,0.000000000000000000e+00
Cmx,0.000000000000000000e+00,1.658699999999999897e-01,-1.645199999999999996e-01,-6.000000000000000152e-05,5.000000000000000240e-05,-3.000000000000000076e-05,3.000000000000000076e-05,-0.000000000000000000e+00,0.000000000000000000e+00
Cmy,0.000000000000000000e+00,-3.008899999999999908e-01,-2.968899999999999872e-01,-1.195000000000000055e-02,-1.197999999999999933e-02,1.676000000000000059e-02,1.646999999999999853e-02,-0.000000000000000000e+00,1.000000000000000082e-05
Cmz,0.000000000000000000e+00,1.594999999999999890e-02,-1.592999999999999972e-02,-1.240000000000000000e-03,1.229999999999999974e-03,1.000000000000000082e-05,-1.000000000000000082e-05,2.000000000000000164e-05,6.999999999999999387e-05
Comp_ID,0,1,2,3,4,5,6,7,8
Comp_Name,NONE,main_wing,main_wing,horizontal_tail,horizontal_tail,fuselage,fuselage,fuselage,fuselage
Cs,0.000000000000000000e+00,-2.503000000000000017e-02,2.495999999999999955e-02,-4.709999999999999777e-03,4.680000000000000132e-03,0.000000000000000000e+00,0.000000000000000000e+00,0.000000000000000000e+00,0.000000000000000000e+00
Mach,1.499999999999999944e-01,1.499999999999999944e-01,1.499999999999999944e-01,1.499999999999999944e-01,1.499999999999999944e-01,1.499999999999999944e-01,1.499999999999999944e-01,1.499999999999999944e-01,1.499999999999999944e-01
Results_Name,VSPAERO_Load
Results_Timestamp,1758045781
Results_Date,9,16,2025
Results_Time,14,3,1
AnalysisMethod,0
Chord,1.735630000000000006e+00,1.614889999999999937e+00,1.494180000000000064e+00,1.373480000000000034e+00,1.252809999999999979e+00,1.164630000000000054e+00,1.108910000000000062e+00,1.053209999999999980e+00,9.975199999999999623e-01,9.418400000000000105e-01,8.750400000000000400e-01,7.971099999999999852e-01,7.191899999999999959e-01,6.412799999999999612e-01,5.633799999999999919e-01,1.735630000000000006e+00,1.614889999999999937e+00,1.494180000000000064e+00,1.373480000000000034e+00,1.252809999999999979e+00,1.164630000000000054e+00,1.108910000000000062e+00,1.053209999999999980e+00,9.975199999999999623e-01,9.418400000000000105e-01,8.750400000000000400e-01,7.971099999999999852e-01,7.191899999999999959e-01,6.412799999999999612e-01,5.633799999999999919e-01,9.229000000000000536e-01,8.665699999999999514e-01,8.104299999999999837e-01,7.545199999999999685e-01,6.988999999999999657e-01,9.229000000000000536e-01,8.665699999999999514e-01,8.104299999999999837e-01,7.545199999999999685e-01,6.988999999999999657e-01
FC_AoA_,9.000000000000000000e+00
FC_Beta_,0.000000000000000000e+00
FC_Bref_,1.417173599999999922e+01
FC_Cref_,1.193991999999999942e+00
FC_Mach_,1.499999999999999944e-01
FC_Pitch_Rate,0.000000000000000000e+00
FC_Rho_,2.377000000000000206e-03
FC_Roll__Rate,0.000000000000000000e+00
FC_Sref_,1.619368700000000061e+01
FC_Vinf_,5.100000000000000000e+01
FC_Xcg_,1.774861999999999940e+00
FC_Yaw___Rate,0.000000000000000000e+00
FC_Ycg_,0.000000000000000000e+00
FC_Zcg_,7.545150000000000468e-01
S,3.314000000000000279e-02,8.981999999999999706e-02,1.368900000000000117e-01,1.839600000000000124e-01,2.310300000000000131e-01,2.997400000000000064e-01,4.117600000000000149e-01,5.454599999999999449e-01,6.791700000000000514e-01,8.128699999999999815e-01,9.157600000000000184e-01,9.578200000000000047e-01,9.698700000000000099e-01,9.819200000000000150e-01,9.939700000000000202e-01,3.314000000000000279e-02,8.981999999999999706e-02,1.368900000000000117e-01,1.839600000000000124e-01,2.310300000000000131e-01,2.997400000000000064e-01,4.117600000000000149e-01,5.454599999999999449e-01,6.791700000000000514e-01,8.128699999999999815e-01,9.157600000000000184e-01,9.578200000000000047e-01,9.698700000000000099e-01,9.819200000000000150e-01,9.939700000000000202e-01,1.020299999999999957e-01,3.035599999999999965e-01,5.025399999999999867e-01,7.015200000000000324e-01,9.005100000000000326e-01,1.020299999999999957e-01,3.035599999999999965e-01,5.025399999999999867e-01,7.015200000000000324e-01,9.005100000000000326e-01
V/Vref,1.004469999999999974e+00,1.006820000000000048e+00,1.010450000000000070e+00,1.004380000000000051e+00,9.976500000000000368e-01,9.985899999999999777e-01,1.006580000000000030e+00,1.003230000000000066e+00,9.996199999999999530e-01,9.984699999999999687e-01,1.016189999999999927e+00,1.014780000000000015e+00,1.015239999999999920e+00,1.015130000000000088e+00,1.018140000000000045e+00,1.005419999999999980e+00,1.007379999999999942e+00,1.010750000000000037e+00,1.004690000000000083e+00,9.978000000000000203e-01,9.989999999999999991e-01,1.006189999999999918e+00,1.002830000000000110e+00,9.994399999999999951e-01,9.983600000000000252e-01,1.016070000000000029e+00,1.014690000000000092e+00,1.015149999999999997e+00,1.015030000000000099e+00,1.018040000000000056e+00,9.853399999999999936e-01,9.872999999999999554e-01,9.935699999999999532e-01,1.013179999999999970e+00,1.010240000000000027e+00,9.845300000000000162e-01,9.870499999999999829e-01,9.939299999999999802e-01,1.012750000000000039e+00,1.010029999999999983e+00
WingId,1,1,1,1,1,1,1,1,1,1,1,1,1,1,1,2,2,2,2,2,2,2,2,2,2,2,2,2,2,2,3,3,3,3,3,4,4,4,4,4
Xavg,2.391020000000000145e+00,2.380209999999999937e+00,2.369699999999999918e+00,2.359579999999999789e+00,2.349930000000000074e+00,2.337899999999999867e+00,2.323770000000000113e+00,2.309619999999999784e+00,2.295469999999999899e+00,2.281299999999999883e+00,2.284749999999999837e+00,2.305000000000000160e+00,2.325239999999999974e+00,2.345470000000000166e+00,2.365699999999999914e+00,2.391020000000000145e+00,2.380209999999999937e+00,2.369699999999999918e+00,2.359579999999999789e+00,2.349930000000000074e+00,2.337899999999999867e+00,2.323770000000000113e+00,2.309619999999999784e+00,2.295469999999999899e+00,2.281299999999999883e+00,2.284749999999999837e+00,2.305000000000000160e+00,2.325239999999999974e+00,2.345470000000000166e+00,2.365699999999999914e+00,5.722059999999999924e+00,5.820210000000000328e+00,5.918350000000000222e+00,6.016490000000000116e+00,6.114630000000000010e+00,5.722059999999999924e+00,5.820210000000000328e+00,5.918350000000000222e+00,6.016490000000000116e+00,6.114630000000000010e+00
Yavg,1.719199999999999895e-01,5.196100000000000163e-01,8.672999999999999599e-01,1.214979999999999949e+00,1.562650000000000095e+00,2.228590000000000071e+00,3.216559999999999864e+00,4.204550000000000232e+00,5.192569999999999908e+00,6.180620000000000225e+00,6.716649999999999565e+00,6.791660000000000252e+00,6.866660000000000430e+00,6.941650000000000098e+00,7.016610000000000014e+00,-1.719199999999999895e-01,-5.196100000000000163e-01,-8.672999999999999599e-01,-1.214979999999999949e+00,-1.562650000000000095e+00,-2.228590000000000071e+00,-3.216559999999999864e+00,-4.204550000000000232e+00,-5.192569999999999908e+00,-6.180620000000000225e+00,-6.716649999999999565e+00,-6.791660000000000252e+00,-6.866660000000000430e+00,-6.941650000000000098e+00,-7.016610000000000014e+00,1.078800000000000037e-01,3.257399999999999740e-01,5.435900000000000176e-01,7.614400000000000057e-01,9.792699999999999738e-01,-1.078800000000000037e-01,-3.257399999999999740e-01,-5.435900000000000176e-01,-7.614400000000000057e-01,-9.792699999999999738e-01
Zavg,1.033530000000000060e+00,1.043199999999999905e+00,1.052899999999999947e+00,1.062580000000000080e+00,1.072189999999999976e+00,1.094910000000000050e+00,1.130849999999999911e+00,1.166740000000000110e+00,1.202599999999999891e+00,1.238469999999999960e+00,1.270329999999999959e+00,1.298289999999999944e+00,1.326240000000000085e+00,1.354190000000000005e+00,1.382130000000000081e+00,1.033530000000000060e+00,1.043199999999999905e+00,1.052899999999999947e+00,1.062580000000000080e+00,1.072189999999999976e+00,1.094910000000000050e+00,1.130849999999999911e+00,1.166740000000000110e+00,1.202599999999999891e+00,1.238469999999999960e+00,1.270329999999999959e+00,1.298289999999999944e+00,1.326240000000000085e+00,1.354190000000000005e+00,1.382130000000000081e+00,3.777900000000000147e-01,5.956799999999999873e-01,8.135799999999999699e-01,1.031470000000000109e+00,1.249349999999999961e+00,3.777900000000000147e-01,5.956799999999999873e-01,8.135799999999999699e-01,1.031470000000000109e+00,1.249349999999999961e+00
cd,4.513999999999999957e-02,3.073999999999999996e-02,2.121899999999999897e-01,2.266299999999999981e-01,2.653699999999999948e-01,2.650699999999999723e-01,2.569000000000000103e-02,2.568000000000000144e-02,2.587000000000000063e-02,2.483000000000000138e-02,3.815000000000000335e-02,9.780000000000000498e-03,-1.339000000000000086e-02,-1.787000000000000047e-02,-1.866999999999999910e-02,4.415000000000000174e-02,2.959000000000000172e-02,2.085100000000000009e-01,2.223999999999999866e-01,2.595500000000000029e-01,2.568799999999999972e-01,2.119000000000000050e-02,2.642999999999999863e-02,2.627000000000000168e-02,2.494999999999999996e-02,3.815000000000000335e-02,9.960000000000000103e-03,-1.312999999999999931e-02,-1.765999999999999862e-02,-1.853000000000000133e-02,6.720000000000000279e-03,1.820000000000000003e-03,8.099999999999999561e-04,-1.549999999999999946e-03,-1.192999999999999963e-02,6.799999999999999621e-03,2.119999999999999923e-03,1.699999999999999905e-03,-1.139999999999999954e-03,-1.114000000000000060e-02
cd*c/cref,6.561713830578429218e-02,4.157625729485624894e-02,2.655378379419627843e-01,2.606983735234406629e-01,2.784425605029179351e-01,2.585515431426675947e-01,2.385937083330541900e-02,2.265210554174567487e-02,2.161307814457718440e-02,1.958630141575488232e-02,2.795896119907001487e-02,6.529135706101884574e-03,-8.065342230098694956e-03,-9.597780889654201203e-03,-8.809359359191686056e-03,6.417803846256926736e-02,4.002086705773573450e-02,2.609326291968455669e-01,2.558324946900816799e-01,2.723358577779415590e-01,2.505629471554248200e-01,1.968003378582101198e-02,2.331367404471721555e-02,2.194725793807663847e-02,1.968095933641096640e-02,2.795896119907001487e-02,6.649303847931980344e-03,-7.908733643106485856e-03,-9.484992194252556130e-03,-8.743300960140438366e-03,5.194245857593686282e-03,1.320911195384893728e-03,5.497928796842859291e-04,-9.794923249066994110e-04,-6.983193354729345242e-03,5.256082117803134897e-03,1.538643810008777195e-03,1.153886290695415023e-03,-7.204008067055725148e-04,-6.520768983376773811e-03
cl,1.378789999999999960e+00,1.592610000000000081e+00,1.946979999999999933e+00,2.201029999999999820e+00,2.422789999999999999e+00,2.505100000000000104e+00,1.941580000000000084e+00,1.657950000000000035e+00,1.397170000000000023e+00,1.070440000000000058e+00,9.004199999999999982e-01,8.467200000000000282e-01,8.064000000000000057e-01,7.401900000000000146e-01,6.025500000000000300e-01,1.369459999999999900e+00,1.581760000000000055e+00,1.933140000000000081e+00,2.184489999999999821e+00,2.402410000000000156e+00,2.478699999999999903e+00,1.911340000000000039e+00,1.649939999999999962e+00,1.393369999999999997e+00,1.068330000000000002e+00,8.986100000000000199e-01,8.449900000000000189e-01,8.046999999999999709e-01,7.385899999999999688e-01,6.012100000000000222e-01,1.102500000000000008e-01,1.257699999999999929e-01,1.752599999999999991e-01,4.290000000000000410e-03,-6.464999999999999913e-02,1.078999999999999959e-01,1.228100000000000025e-01,1.721199999999999952e-01,5.400000000000000286e-03,-6.142000000000000237e-02
cl*c/cref,2.004259063461061530e+00,2.154026126556961795e+00,2.436480794176175468e+00,2.531901959477115049e+00,2.542140600523286498e+00,2.443495947209026742e+00,1.803226049923282837e+00,1.462463332668895610e+00,1.167264955209080135e+00,8.443802048924952119e-01,6.598901138366086716e-01,5.652709391687716911e-01,4.857275559635240714e-01,3.975479259492525896e-01,2.843106310595046038e-01,1.990696637665913871e+00,2.139351357798042308e+00,2.419161204765191364e+00,2.512875568010505933e+00,2.520756648369503417e+00,2.417745161609123006e+00,1.775140904964187527e+00,1.455397781057159445e+00,1.164090247170835202e+00,8.427158031209590616e-01,6.585636205267707544e-01,5.641159898056269384e-01,4.847035767408826579e-01,3.966885835080971590e-01,2.836783578114426274e-01,8.521809610114641775e-02,9.128076980415278374e-02,1.189588890042814345e-01,2.710981983128865538e-03,-3.784270330119465092e-02,8.340165595749386707e-02,8.913247467319714012e-02,1.168275931497028408e-01,3.412424873868501705e-03,-3.595203150439869183e-02
cmx,1.393500000000000016e-01,5.106399999999999828e-01,1.127780000000000005e+00,1.955610000000000070e+00,3.040830000000000144e+00,4.860330000000000261e+00,5.610470000000000290e+00,6.583420000000000272e+00,7.234270000000000422e+00,6.995420000000000194e+00,7.041929999999999801e+00,7.292910000000000004e+00,7.729639999999999844e+00,8.008269999999999555e+00,7.487390000000000434e+00,-1.384599999999999997e-01,-5.072200000000000042e-01,-1.119830000000000103e+00,-1.940830000000000055e+00,-3.014899999999999913e+00,-4.807620000000000005e+00,-5.520990000000000286e+00,-6.552170000000000272e+00,-7.214940000000000353e+00,-6.981810000000000294e+00,-7.027849999999999930e+00,-7.278330000000000410e+00,-7.713820000000000121e+00,-7.991270000000000095e+00,-7.471029999999999838e+00,-3.234000000000000069e-02,2.215999999999999914e-02,1.361400000000000110e-01,6.020000000000000177e-03,-1.402200000000000113e-01,3.169000000000000289e-02,-2.153000000000000053e-02,-1.334100000000000008e-01,-7.680000000000000195e-03,1.330099999999999894e-01
cmx*c/cref,2.025642052040549645e-01,6.906473658114962166e-01,1.411321282219646367e+00,2.249588961065065895e+00,3.190626262403768454e+00,4.740807415711328687e+00,5.210676694399963615e+00,5.807177751777231833e+00,6.043867136798236395e+00,5.518099260966573105e+00,5.160813830578430128e+00,4.868752462411809034e+00,4.655876916763260986e+00,4.301153932019644799e+00,3.532892831945273038e+00,-2.012704689813667180e-01,-6.860217704976248054e-01,-1.401372529631689456e+00,-2.232587143297442456e+00,-3.163418908166888865e+00,-4.689393631280611707e+00,-5.127572899064650969e+00,-5.779612397486750375e+00,-6.027717898277375141e+00,-5.507363475132162733e+00,-5.150495031792508449e+00,-4.859018842923571668e+00,-4.646347886585505016e+00,-4.292023418582369132e+00,-3.525173436170426999e+00,-2.499730818966961615e-02,1.608318246688419939e-02,9.240592918545519063e-02,3.804221803831181296e-03,-8.207739917855397249e-02,2.449488857546784637e-02,-1.562594397617404415e-02,-9.055292355392666193e-02,-4.853226487279646735e-03,7.785704510582985849e-02
cmy,-2.668499999999999761e-01,-3.767199999999999993e-01,-5.314600000000000435e-01,-6.912800000000000056e-01,-8.623899999999999899e-01,-9.969000000000000083e-01,-7.949199999999999600e-01,-6.749000000000000554e-01,-5.542399999999999549e-01,-3.836200000000000165e-01,-3.501099999999999768e-01,-4.089499999999999802e-01,-4.945200000000000151e-01,-5.657299999999999551e-01,-5.879299999999999526e-01,-2.624699999999999811e-01,-3.721999999999999753e-01,-5.252900000000000347e-01,-6.836799999999999544e-01,-8.526500000000000190e-01,-9.829499999999999904e-01,-7.759899999999999576e-01,-6.713799999999999768e-01,-5.526600000000000401e-01,-3.829500000000000126e-01,-3.494800000000000129e-01,-4.080500000000000238e-01,-4.933199999999999807e-01,-5.643099999999999783e-01,-5.864399999999999613e-01,-4.431399999999999784e-01,-5.342400000000000482e-01,-8.197400000000000242e-01,-3.361999999999999711e-02,3.812900000000000178e-01,-4.336999999999999744e-01,-5.205199999999999827e-01,-8.041099999999999914e-01,-3.910000000000000281e-02,3.633700000000000263e-01
cmy*c/cref,-3.879028213756876009e-01,-5.095187914156878994e-01,-6.650772390434777082e-01,-7.951973333154660484e-01,-9.048727427821962044e-01,-9.723847789599930902e-01,-7.382752457302896865e-01,-5.953234435406602465e-01,-4.630395218728433071e-01,-3.026055960173937853e-01,-2.565848467996435511e-01,-2.730153422300987121e-01,-2.978695324591789650e-01,-3.038473745217722954e-01,-2.774122468157240728e-01,-3.815358947966150382e-01,-5.034054315271793145e-01,-6.573560059028872304e-01,-7.864548559789344973e-01,-8.946529344417718521e-01,-9.587778297509531589e-01,-7.206941678838719723e-01,-5.922184820333804556e-01,-4.617195116885205453e-01,-3.020770892937306717e-01,-2.561231391835121496e-01,-2.724145015209482601e-01,-2.971467235961379738e-01,-3.030847081052469028e-01,-2.767091967115357654e-01,-3.425265043651883889e-01,-3.877382401222119190e-01,-5.564039693733291436e-01,-2.124550449249240983e-02,2.231870741177495454e-01,-3.352298256604734905e-01,-3.777806018800795584e-01,-5.457950030653472284e-01,-2.470848380893674381e-02,2.126976504030178017e-01
cmz,2.870000000000000155e-03,6.074999999999999845e-02,8.415999999999999870e-02,1.132599999999999996e-01,1.437400000000000067e-01,1.920600000000000085e-01,7.797600000000000087e-01,9.174099999999999477e-01,9.913899999999999935e-01,9.144499999999999851e-01,6.536100000000000243e-01,9.168699999999999628e-01,1.206919999999999993e+00,1.335720000000000018e+00,1.303069999999999951e+00,-2.729999999999999788e-03,-6.015000000000000208e-02,-8.390000000000000235e-02,-1.137500000000000039e-01,-1.459499999999999964e-01,-2.006400000000000128e-01,-7.801000000000000156e-01,-9.094600000000000461e-01,-9.862699999999999800e-01,-9.115900000000000114e-01,-6.517600000000000060e-01,-9.133400000000000407e-01,-1.202280000000000015e+00,-1.331120000000000081e+00,-1.298950000000000049e+00,-4.328299999999999925e-01,-5.110000000000000098e-01,-8.879799999999999915e-01,-1.636700000000000099e-01,3.945299999999999918e-01,4.237299999999999955e-01,4.981800000000000117e-01,8.709700000000000220e-01,1.641499999999999904e-01,-3.745399999999999840e-01
cmz*c/cref,4.171935909118319567e-03,8.216517991745338201e-02,1.053191217361590382e-01,1.302859188336270291e-01,1.508208676440043194e-01,1.873369652392981033e-01,7.241955235880978003e-01,8.092394137481657701e-01,8.282562636935590916e-01,7.213327961996396365e-01,4.790106586978807868e-01,6.121031344431118182e-01,7.269770608178279803e-01,7.174005534375439419e-01,6.148479860836588706e-01,-3.968426840380840162e-03,-8.135367196765137809e-02,-1.049937537269931553e-01,-1.308495785566402558e-01,-1.531397358608767856e-01,-1.957059705592667509e-01,-7.245112957205743776e-01,-8.022267876166674361e-01,-8.239787623367660352e-01,-7.190767824240029693e-01,-4.776548506187646703e-01,-6.097465036616661616e-01,-7.241821998807362881e-01,-7.149299439192222660e-01,-6.129039817687221836e-01,-3.345573563306957210e-01,-3.708712202426817095e-01,-6.027223225951262586e-01,-1.034280702048255007e-01,2.309370724426964561e-01,3.275234817318709579e-01,3.615667798444210379e-01,5.911766721217562859e-01,1.037313968602804615e-01,-2.192359798055598386e-01
cs,-9.060000000000000345e-03,-0.000000000000000000e+00,6.173000000000000015e-02,2.151000000000000134e-02,1.431999999999999940e-02,-1.301200000000000134e-01,-7.677000000000000490e-02,-5.738999999999999657e-02,-4.975999999999999868e-02,-6.522000000000000020e-02,-2.872299999999999853e-01,-2.247899999999999898e-01,-1.813700000000000034e-01,-1.324400000000000022e-01,-9.811999999999999889e-02,9.339999999999999344e-03,7.200000000000000453e-04,-6.006000000000000227e-02,-2.009000000000000022e-02,-1.271000000000000081e-02,1.285699999999999898e-01,7.525999999999999357e-02,5.718999999999999778e-02,4.961999999999999744e-02,6.497999999999999610e-02,2.865699999999999914e-01,2.243799999999999961e-01,1.811200000000000032e-01,1.322399999999999964e-01,9.797999999999999765e-02,-1.066000000000000003e-01,-1.195500000000000035e-01,-1.891799999999999871e-01,-2.773000000000000118e-02,6.754000000000000281e-02,1.044199999999999989e-01,1.168499999999999955e-01,1.858200000000000129e-01,2.796999999999999834e-02,-6.396000000000000296e-02
cs*c/cref,-1.316994401972542555e-02,-0.000000000000000000e+00,7.724987386850162840e-02,2.474351151431500653e-02,1.502542663602436136e-02,-1.269201599340699371e-01,-7.129949003008397013e-02,-5.062322184738255598e-02,-4.157196631133206616e-02,-5.144657987658209086e-02,-2.105020294943349690e-01,-1.500699811221515856e-01,-1.092465362414488522e-01,-7.113207056663696515e-02,-4.629750082077602191e-02,1.357696215720038263e-02,9.738095397624105080e-04,-7.516001011732072190e-02,-2.311004864354200203e-02,-1.333611540110821690e-02,1.254082766886210343e-01,6.989709026526140512e-02,5.044680357992348263e-02,4.145500338360725429e-02,5.125726403526992270e-02,2.100183358012449042e-01,1.497962647990941365e-01,1.090959510616486550e-01,7.102465276149252937e-02,4.623144242172477075e-02,-8.239681672909032750e-02,-8.676644692761760480e-02,-1.284071814551521196e-01,-1.752343365784695545e-02,3.953435701411735226e-02,8.071177863838284450e-02,8.480685339600264883e-02,1.261265591394247210e-01,1.767509698557444275e-02,-3.743881366039304021e-02
cx,-1.711100000000000121e-01,-2.187699999999999922e-01,-9.500000000000000111e-02,-1.204800000000000038e-01,-1.169000000000000039e-01,-1.300800000000000012e-01,-2.783599999999999963e-01,-2.340000000000000135e-01,-1.930099999999999871e-01,-1.429300000000000015e-01,-1.031799999999999939e-01,-1.228000000000000064e-01,-1.393699999999999939e-01,-1.334400000000000031e-01,-1.126999999999999946e-01,-1.706199999999999939e-01,-2.182199999999999973e-01,-9.646000000000000407e-02,-1.220699999999999980e-01,-1.194700000000000067e-01,-1.340300000000000102e-01,-2.780699999999999839e-01,-2.320000000000000118e-01,-1.920199999999999962e-01,-1.424799999999999955e-01,-1.028899999999999954e-01,-1.223500000000000004e-01,-1.388500000000000012e-01,-1.329899999999999971e-01,-1.123500000000000054e-01,-1.060999999999999964e-02,-1.788000000000000006e-02,-2.662000000000000130e-02,-2.200000000000000133e-03,-1.670000000000000043e-03,-1.016000000000000063e-02,-1.711999999999999980e-02,-2.525000000000000161e-02,-1.969999999999999963e-03,-1.389999999999999960e-03
cx*c/cref,-2.487316910833573536e-01,-2.958893236303090646e-01,-1.188844648875369420e-01,-1.385912723033320137e-01,-1.226586853178245756e-01,-1.268811435922518882e-01,-2.585245023417242494e-01,-2.064093729271218036e-01,-1.612501048583240004e-01,-1.127454716614516850e-01,-7.561744735308109644e-02,-8.198137675964328741e-02,-8.394822603501531089e-02,-7.166915959235907463e-02,-5.317701123625619142e-02,-2.480194093427761648e-01,-2.951454413429905888e-01,-1.207115314005454132e-01,-1.404202905882116492e-01,-1.253552877238708618e-01,-1.307340073467829211e-01,-2.582551672875530446e-01,-2.046451902525310007e-01,-1.604230098694128526e-01,-1.123905044589913610e-01,-7.540491527581424935e-02,-8.168095640506804755e-02,-8.363500886103089615e-02,-7.142746953078411842e-02,-5.301186523862807393e-02,-8.201034010278126715e-03,-1.297686383158346002e-02,-1.806850179900703138e-02,-1.390247170835315566e-03,-9.775300002010064212e-04,-7.853205046599979339e-03,-1.242527454120295576e-02,-1.713860520003484406e-02,-1.244903148429805234e-03,-8.136327546583227086e-04
cy,-9.060000000000000345e-03,-0.000000000000000000e+00,6.173000000000000015e-02,2.151000000000000134e-02,1.431999999999999940e-02,-1.301200000000000134e-01,-7.677000000000000490e-02,-5.738999999999999657e-02,-4.975999999999999868e-02,-6.522000000000000020e-02,-2.872299999999999853e-01,-2.247899999999999898e-01,-1.813700000000000034e-01,-1.324400000000000022e-01,-9.811999999999999889e-02,9.339999999999999344e-03,7.200000000000000453e-04,-6.006000000000000227e-02,-2.009000000000000022e-02,-1.271000000000000081e-02,1.285699999999999898e-01,7.525999999999999357e-02,5.718999999999999778e-02,4.961999999999999744e-02,6.497999999999999610e-02,2.865699999999999914e-01,2.243799999999999961e-01,1.811200000000000032e-01,1.322399999999999964e-01,9.797999999999999765e-02,-1.066000000000000003e-01,-1.195500000000000035e-01,-1.891799999999999871e-01,-2.773000000000000118e-02,6.754000000000000281e-02,1.044199999999999989e-01,1.168499999999999955e-01,1.858200000000000129e-01,2.796999999999999834e-02,-6.396000000000000296e-02
cy*c/cref,-1.316994401972542555e-02,-0.000000000000000000e+00,7.724987386850162840e-02,2.474351151431500653e-02,1.502542663602436136e-02,-1.269201599340699371e-01,-7.129949003008397013e-02,-5.062322184738255598e-02,-4.157196631133206616e-02,-5.144657987658209086e-02,-2.105020294943349690e-01,-1.500699811221515856e-01,-1.092465362414488522e-01,-7.113207056663696515e-02,-4.629750082077602191e-02,1.357696215720038263e-02,9.738095397624105080e-04,-7.516001011732072190e-02,-2.311004864354200203e-02,-1.333611540110821690e-02,1.254082766886210343e-01,6.989709026526140512e-02,5.044680357992348263e-02,4.145500338360725429e-02,5.125726403526992270e-02,2.100183358012449042e-01,1.497962647990941365e-01,1.090959510616486550e-01,7.102465276149252937e-02,4.623144242172477075e-02,-8.239681672909032750e-02,-8.676644692761760480e-02,-1.284071814551521196e-01,-1.752343365784695545e-02,3.953435701411735226e-02,8.071177863838284450e-02,8.480685339600264883e-02,1.261265591394247210e-01,1.767509698557444275e-02,-3.743881366039304021e-02
cz,1.368880000000000097e+00,1.577809999999999935e+00,1.956210000000000004e+00,2.209379999999999900e+00,2.434470000000000134e+00,2.515719999999999956e+00,1.921699999999999964e+00,1.641550000000000065e+00,1.384020000000000028e+00,1.061139999999999972e+00,8.952999999999999847e-01,8.378299999999999637e-01,7.943700000000000205e-01,7.282899999999999929e-01,5.922100000000000142e-01,1.359499999999999931e+00,1.566910000000000025e+00,1.941959999999999908e+00,2.192390000000000061e+00,2.413440000000000030e+00,2.488370000000000193e+00,1.891119999999999912e+00,1.633760000000000101e+00,1.380319999999999991e+00,1.059080000000000021e+00,8.935199999999999809e-01,8.361499999999999488e-01,7.927400000000000002e-01,7.267299999999999871e-01,5.909100000000000463e-01,1.099399999999999961e-01,1.245099999999999957e-01,1.732299999999999951e-01,4.000000000000000083e-03,-6.572000000000000064e-02,1.076399999999999996e-01,1.216300000000000020e-01,1.702700000000000047e-01,5.159999999999999656e-03,-6.239999999999999714e-02
cz*c/cref,1.989853528666858828e+00,2.134008930461845477e+00,2.448031358501564725e+00,2.541507181287646855e+00,2.554395976438703197e+00,2.453854785961715024e+00,1.784762667589062657e+00,1.447997034737251276e+00,1.156278794497785478e+00,8.370442160416485811e-01,6.561378233690008388e-01,5.593359681639408221e-01,4.784813971115384756e-01,3.911565665431593897e-01,2.794317464438623166e-01,1.976218421061447517e+00,2.119266536040442350e+00,2.430198688768434145e+00,2.521963143136637608e+00,2.532330004221134079e+00,2.427177362243633230e+00,1.756361750497490881e+00,1.441125543219720084e+00,1.153187631407915692e+00,8.354192550703858355e-01,6.548333161361216126e-01,5.582143988401931933e-01,4.774995817392411190e-01,3.903187076630328933e-01,2.788183470241006878e-01,8.497848059283480415e-02,9.036629282273248021e-02,1.175810130218627875e-01,2.527722128791482729e-03,-3.846902491808990715e-02,8.320068811181315083e-02,8.827605972234320308e-02,1.155718933627696010e-01,3.260761546141012230e-03,-3.652567186379808428e-02
Results_Name,VSPAERO_Comp_Load
Results_Timestamp,1758045781
Results_Date,9,16,2025
Results_Time,14,3,1
AoA,9.000000000000000000e+00,9.000000000000000000e+00,9.000000000000000000e+00,9.000000000000000000e+00,9.000000000000000000e+00,9.000000000000000000e+00,9.000000000000000000e+00,9.000000000000000000e+00,9.000000000000000000e+00
Beta,0.000000000000000000e+00,0.000000000000000000e+00,0.000000000000000000e+00,0.000000000000000000e+00,0.000000000000000000e+00,0.000000000000000000e+00,0.000000000000000000e+00,0.000000000000000000e+00,0.000000000000000000e+00
CDi,0.000000000000000000e+00,4.941000000000000253e-02,4.810999999999999999e-02,-2.000000000000000164e-05,1.000000000000000082e-05,0.000000000000000000e+00,0.000000000000000000e+00,0.000000000000000000e+00,0.000000000000000000e+00
CFx,0.000000000000000000e+00,-8.981999999999999706e-02,-8.999999999999999667e-02,-9.300000000000000541e-04,-8.800000000000000313e-04,0.000000000000000000e+00,0.000000000000000000e+00,0.000000000000000000e+00,0.000000000000000000e+00
CFy,0.000000000000000000e+00,-2.602000000000000146e-02,2.594000000000000125e-02,-6.159999999999999677e-03,6.080000000000000335e-03,0.000000000000000000e+00,0.000000000000000000e+00,0.000000000000000000e+00,0.000000000000000000e+00
CFz,0.000000000000000000e+00,8.829900000000000526e-01,8.757500000000000284e-01,5.740000000000000310e-03,5.669999999999999693e-03,0.000000000000000000e+00,0.000000000000000000e+00,0.000000000000000000e+00,0.000000000000000000e+00
CL,0.000000000000000000e+00,8.861700000000000133e-01,8.790400000000000436e-01,5.810000000000000060e-03,5.740000000000000310e-03,0.000000000000000000e+00,0.000000000000000000e+00,0.000000000000000000e+00,0.000000000000000000e+00
Cmx,0.000000000000000000e+00,1.751999999999999946e-01,-1.739499999999999935e-01,2.000000000000000164e-05,-2.000000000000000164e-05,-3.000000000000000076e-05,3.000000000000000076e-05,-0.000000000000000000e+00,0.000000000000000000e+00
Cmy,0.000000000000000000e+00,-3.129799999999999804e-01,-3.092199999999999949e-01,-1.801000000000000170e-02,-1.774999999999999842e-02,1.927999999999999853e-02,1.900999999999999912e-02,-0.000000000000000000e+00,1.000000000000000082e-05
Cmz,0.000000000000000000e+00,1.966999999999999998e-02,-1.965000000000000080e-02,-1.629999999999999939e-03,1.610000000000000103e-03,2.000000000000000164e-05,-2.000000000000000164e-05,2.000000000000000164e-05,6.999999999999999387e-05
Comp_ID,0,1,2,3,4,5,6,7,8
Comp_Name,NONE,main_wing,main_wing,horizontal_tail,horizontal_tail,fuselage,fuselage,fuselage,fuselage
Cs,0.000000000000000000e+00,-2.602000000000000146e-02,2.594000000000000125e-02,-6.159999999999999677e-03,6.080000000000000335e-03,0.000000000000000000e+00,0.000000000000000000e+00,0.000000000000000000e+00,0.000000000000000000e+00
Mach,1.499999999999999944e-01,1.499999999999999944e-01,1.499999999999999944e-01,1.499999999999999944e-01,1.499999999999999944e-01,1.499999999999999944e-01,1.499999999999999944e-01,1.499999999999999944e-01,1.499999999999999944e-01
Results_Name,VSPAERO_Load
Results_Timestamp,1758045781
Results_Date,9,16,2025
Results_Time,14,3,1
AnalysisMethod,0
Chord,1.735630000000000006e+00,1.614889999999999937e+00,1.494180000000000064e+00,1.373480000000000034e+00,1.252809999999999979e+00,1.164630000000000054e+00,1.108910000000000062e+00,1.053209999999999980e+00,9.975199999999999623e-01,9.418400000000000105e-01,8.750400000000000400e-01,7.971099999999999852e-01,7.191899999999999959e-01,6.412799999999999612e-01,5.633799999999999919e-01,1.735630000000000006e+00,1.614889999999999937e+00,1.494180000000000064e+00,1.373480000000000034e+00,1.252809999999999979e+00,1.164630000000000054e+00,1.108910000000000062e+00,1.053209999999999980e+00,9.975199999999999623e-01,9.418400000000000105e-01,8.750400000000000400e-01,7.971099999999999852e-01,7.191899999999999959e-01,6.412799999999999612e-01,5.633799999999999919e-01,9.229000000000000536e-01,8.665699999999999514e-01,8.104299999999999837e-01,7.545199999999999685e-01,6.988999999999999657e-01,9.229000000000000536e-01,8.665699999999999514e-01,8.104299999999999837e-01,7.545199999999999685e-01,6.988999999999999657e-01
FC_AoA_,1.000000000000000000e+01
FC_Beta_,0.000000000000000000e+00
FC_Bref_,1.417173599999999922e+01
FC_Cref_,1.193991999999999942e+00
FC_Mach_,1.499999999999999944e-01
FC_Pitch_Rate,0.000000000000000000e+00
FC_Rho_,2.377000000000000206e-03
FC_Roll__Rate,0.000000000000000000e+00
FC_Sref_,1.619368700000000061e+01
FC_Vinf_,5.100000000000000000e+01
FC_Xcg_,1.774861999999999940e+00
FC_Yaw___Rate,0.000000000000000000e+00
FC_Ycg_,0.000000000000000000e+00
FC_Zcg_,7.545150000000000468e-01
S,3.314000000000000279e-02,8.981999999999999706e-02,1.368900000000000117e-01,1.839600000000000124e-01,2.310300000000000131e-01,2.997400000000000064e-01,4.117600000000000149e-01,5.454599999999999449e-01,6.791700000000000514e-01,8.128699999999999815e-01,9.157600000000000184e-01,9.578200000000000047e-01,9.698700000000000099e-01,9.819200000000000150e-01,9.939700000000000202e-01,3.314000000000000279e-02,8.981999999999999706e-02,1.368900000000000117e-01,1.839600000000000124e-01,2.310300000000000131e-01,2.997400000000000064e-01,4.117600000000000149e-01,5.454599999999999449e-01,6.791700000000000514e-01,8.128699999999999815e-01,9.157600000000000184e-01,9.578200000000000047e-01,9.698700000000000099e-01,9.819200000000000150e-01,9.939700000000000202e-01,1.020299999999999957e-01,3.035599999999999965e-01,5.025399999999999867e-01,7.015200000000000324e-01,9.005100000000000326e-01,1.020299999999999957e-01,3.035599999999999965e-01,5.025399999999999867e-01,7.015200000000000324e-01,9.005100000000000326e-01
V/Vref,1.003169999999999895e+00,1.005749999999999922e+00,1.009390000000000009e+00,1.003730000000000011e+00,9.975600000000000023e-01,9.984899999999999887e-01,1.007009999999999961e+00,1.002930000000000099e+00,9.986000000000000432e-01,9.969900000000000428e-01,1.016450000000000076e+00,1.015060000000000073e+00,1.015630000000000033e+00,1.015519999999999978e+00,1.018860000000000099e+00,1.004099999999999993e+00,1.006250000000000089e+00,1.009589999999999987e+00,1.003870000000000040e+00,9.975199999999999623e-01,9.986800000000000122e-01,1.006860000000000088e+00,1.002599999999999936e+00,9.984300000000000397e-01,9.969099999999999628e-01,1.016340000000000021e+00,1.014979999999999993e+00,1.015549999999999953e+00,1.015430000000000055e+00,1.018729999999999913e+00,9.832699999999999774e-01,9.897500000000000187e-01,9.937899999999999512e-01,1.013779999999999903e+00,1.012489999999999890e+00,9.825099999999999945e-01,9.894399999999999862e-01,9.930700000000000083e-01,1.013439999999999896e+00,1.012150000000000105e+00
WingId,1,1,1,1,1,1,1,1,1,1,1,1,1,1,1,2,2,2,2,2,2,2,2,2,2,2,2,2,2,2,3,3,3,3,3,4,4,4,4,4
Xavg,2.391020000000000145e+00,2.380209999999999937e+00,2.369699999999999918e+00,2.359579999999999789e+00,2.349930000000000074e+00,2.337899999999999867e+00,2.323770000000000113e+00,2.309619999999999784e+00,2.295469999999999899e+00,2.281299999999999883e+00,2.284749999999999837e+00,2.305000000000000160e+00,2.325239999999999974e+00,2.345470000000000166e+00,2.365699999999999914e+00,2.391020000000000145e+00,2.380209999999999937e+00,2.369699999999999918e+00,2.359579999999999789e+00,2.349930000000000074e+00,2.337899999999999867e+00,2.323770000000000113e+00,2.309619999999999784e+00,2.295469999999999899e+00,2.281299999999999883e+00,2.284749999999999837e+00,2.305000000000000160e+00,2.325239999999999974e+00,2.345470000000000166e+00,2.365699999999999914e+00,5.722059999999999924e+00,5.820210000000000328e+00,5.918350000000000222e+00,6.016490000000000116e+00,6.114630000000000010e+00,5.722059999999999924e+00,5.820210000000000328e+00,5.918350000000000222e+00,6.016490000000000116e+00,6.114630000000000010e+00
Yavg,1.719199999999999895e-01,5.196100000000000163e-01,8.672999999999999599e-01,1.214979999999999949e+00,1.562650000000000095e+00,2.228590000000000071e+00,3.216559999999999864e+00,4.204550000000000232e+00,5.192569999999999908e+00,6.180620000000000225e+00,6.716649999999999565e+00,6.791660000000000252e+00,6.866660000000000430e+00,6.941650000000000098e+00,7.016610000000000014e+00,-1.719199999999999895e-01,-5.196100000000000163e-01,-8.672999999999999599e-01,-1.214979999999999949e+00,-1.562650000000000095e+00,-2.228590000000000071e+00,-3.216559999999999864e+00,-4.204550000000000232e+00,-5.192569999999999908e+00,-6.180620000000000225e+00,-6.716649999999999565e+00,-6.791660000000000252e+00,-6.866660000000000430e+00,-6.941650000000000098e+00,-7.016610000000000014e+00,1.078800000000000037e-01,3.257399999999999740e-01,5.435900000000000176e-01,7.614400000000000057e-01,9.792699999999999738e-01,-1.078800000000000037e-01,-3.257399999999999740e-01,-5.435900000000000176e-01,-7.614400000000000057e-01,-9.792699999999999738e-01
Zavg,1.033530000000000060e+00,1.043199999999999905e+00,1.052899999999999947e+00,1.062580000000000080e+00,1.072189999999999976e+00,1.094910000000000050e+00,1.130849999999999911e+00,1.166740000000000110e+00,1.202599999999999891e+00,1.238469999999999960e+00,1.270329999999999959e+00,1.298289999999999944e+00,1.326240000000000085e+00,1.354190000000000005e+00,1.382130000000000081e+00,1.033530000000000060e+00,1.043199999999999905e+00,1.052899999999999947e+00,1.062580000000000080e+00,1.072189999999999976e+00,1.094910000000000050e+00,1.130849999999999911e+00,1.166740000000000110e+00,1.202599999999999891e+00,1.238469999999999960e+00,1.270329999999999959e+00,1.298289999999999944e+00,1.326240000000000085e+00,1.354190000000000005e+00,1.382130000000000081e+00,3.777900000000000147e-01,5.956799999999999873e-01,8.135799999999999699e-01,1.031470000000000109e+00,1.249349999999999961e+00,3.777900000000000147e-01,5.956799999999999873e-01,8.135799999999999699e-01,1.031470000000000109e+00,1.249349999999999961e+00
cd,5.870000000000000218e-02,4.177999999999999770e-02,2.248799999999999966e-01,2.364199999999999913e-01,2.733300000000000174e-01,2.724699999999999900e-01,3.064000000000000057e-02,3.060999999999999832e-02,3.126000000000000306e-02,3.073999999999999996e-02,4.590999999999999942e-02,1.312999999999999931e-02,-1.359999999999999924e-02,-1.830000000000000029e-02,-1.862000000000000113e-02,5.752000000000000168e-02,4.050000000000000128e-02,2.210699999999999887e-01,2.321999999999999897e-01,2.674400000000000110e-01,2.631700000000000150e-01,2.466000000000000136e-02,3.155999999999999778e-02,3.178000000000000269e-02,3.091999999999999957e-02,4.598000000000000004e-02,1.341999999999999964e-02,-1.323000000000000044e-02,-1.801000000000000170e-02,-1.847000000000000031e-02,1.004000000000000031e-02,3.589999999999999875e-03,6.949999999999999581e-03,4.919999999999999894e-03,-9.839999999999999789e-03,9.929999999999999591e-03,3.799999999999999992e-03,7.329999999999999710e-03,4.349999999999999700e-03,-9.629999999999999671e-03
cd*c/cref,8.532844524921440188e-02,5.650800357121320283e-02,2.814182996200979558e-01,2.719600647240517644e-01,2.867946831302052302e-01,2.657695663790042295e-01,2.845664158553826498e-02,2.700081583461195339e-02,2.611615086198232696e-02,2.424820400806705981e-02,3.364602643903812085e-02,8.765598345717559928e-03,-8.191833781130862177e-03,-9.828729170714711055e-03,-8.785767073816241196e-03,8.361315452699850936e-02,5.477678661163559032e-02,2.766504068703977692e-01,2.671056891503460484e-01,2.806145320906672791e-01,2.566982669063109790e-01,2.290276702021454280e-02,2.783880260504257784e-02,2.655058459353161829e-02,2.439019088905118593e-02,3.369732728527494864e-02,8.959202574221603738e-03,-7.968967715026566145e-03,-9.672973353255297918e-03,-8.714990217689901411e-03,7.760450656285805549e-03,2.605533621665806661e-03,4.717358659019490509e-03,3.109098218413523622e-03,-5.759817486214313144e-03,7.675425798497813486e-03,2.757946451902525218e-03,4.975286182821995161e-03,2.748897815060737364e-03,-5.636894552057299980e-03
cl,1.451400000000000023e+00,1.671070000000000055e+00,2.024230000000000196e+00,2.282810000000000006e+00,2.508449999999999847e+00,2.592540000000000067e+00,2.042250000000000121e+00,1.757050000000000001e+00,1.493400000000000061e+00,1.155690000000000106e+00,9.757500000000000062e-01,9.191500000000000226e-01,8.783999999999999586e-01,8.096200000000000063e-01,6.634400000000000297e-01,1.441480000000000095e+00,1.659450000000000092e+00,2.009570000000000078e+00,2.265239999999999920e+00,2.486320000000000086e+00,2.562539999999999818e+00,2.005869999999999820e+00,1.747810000000000086e+00,1.489020000000000010e+00,1.153410000000000046e+00,9.738599999999999479e-01,9.173499999999999988e-01,8.766000000000000458e-01,8.078199999999999825e-01,6.618100000000000094e-01,1.273700000000000110e-01,1.479699999999999904e-01,1.873599999999999988e-01,3.808000000000000274e-02,-4.818999999999999673e-02,1.240499999999999936e-01,1.429600000000000037e-01,1.796099999999999919e-01,3.513999999999999763e-02,-4.821999999999999897e-02
cl*c/cref,2.109807588325550043e+00,2.260144316126071029e+00,2.533152635361041405e+00,2.625975616922056499e+00,2.632020352313918288e+00,2.528785670423252530e+00,1.896722463383339496e+00,1.549878584194869013e+00,1.247660259030211272e+00,9.116267693585888843e-01,7.150971530797527453e-01,6.136252642396264889e-01,5.290960877459814915e-01,4.348380170051390214e-01,3.130413161897232510e-01,2.095387517169294611e+00,2.244428112164905897e+00,2.514806885305764350e+00,2.605764389711153761e+00,2.608800192296095943e+00,2.499523414059725557e+00,1.862934845208343182e+00,1.541728060238259479e+00,1.244000990291392217e+00,9.098282688661232243e-01,7.137120302313583187e-01,6.124235828213254740e-01,5.280118744514201712e-01,4.338712567588392521e-01,3.122722076864836716e-01,9.845105578596843876e-02,1.073929832863201594e-01,1.271718443674664523e-01,2.406391466609491755e-02,-2.820788665250688332e-02,9.588485098727630995e-02,1.037568486221013137e-01,1.219114803951785314e-01,2.220603890143317202e-02,-2.822544707167217240e-02
cmx,1.462400000000000089e-01,5.346999999999999531e-01,1.171899999999999942e+00,2.026130000000000209e+00,3.144550000000000178e+00,5.023690000000000211e+00,5.887080000000000091e+00,6.960840000000000138e+00,7.715729999999999755e+00,7.538339999999999819e+00,7.616929999999999978e+00,7.892520000000000202e+00,8.385450000000000514e+00,8.720679999999999765e+00,8.208249999999999602e+00,-1.453000000000000125e-01,-5.310399999999999565e-01,-1.163470000000000004e+00,-2.010440000000000005e+00,-3.116439999999999877e+00,-4.963619999999999699e+00,-5.779209999999999958e+00,-6.924999999999999822e+00,-7.693670000000000009e+00,-7.523719999999999963e+00,-7.602350000000000385e+00,-7.877699999999999925e+00,-8.369189999999999685e+00,-8.702180000000000248e+00,-8.188629999999999853e+00,-3.735999999999999738e-02,2.727999999999999869e-02,1.434199999999999919e-01,5.140000000000000124e-02,-1.054100000000000037e-01,3.645999999999999935e-02,-2.634999999999999842e-02,-1.371499999999999941e-01,-4.682999999999999663e-02,1.055999999999999994e-01
cmx*c/cref,2.125797586583494936e-01,7.231888345985566513e-01,1.466533730544258285e+00,2.330709948140356147e+00,3.299455679351285919e+00,4.900150155696185728e+00,5.467575899000999051e+00,6.140096664299258045e+00,6.446102645243853679e+00,5.946363246654919443e+00,5.582213638952355339e+00,5.269052570871497032e+00,5.050897983822337345e+00,4.683781524834336629e+00,3.873027528660158758e+00,-2.112133406253978440e-01,-7.182386361047644607e-01,-1.455984298554764189e+00,-2.312661333744279624e+00,-3.269960934746631409e+00,-4.841557364370950189e+00,-5.367392546264967201e+00,-6.108482510770590679e+00,-6.427672629632358969e+00,-5.934830756654986494e+00,-5.571528405550457030e+00,-5.259158727194152227e+00,-5.041103923728131875e+00,-4.673845377858477868e+00,-3.863769915878833672e+00,-2.887753351781251546e-02,1.979915242313181126e-02,9.734727753619788759e-02,3.248122935497055330e-02,-6.170145947376532575e-02,2.818187559045622070e-02,-1.912418131779777125e-02,-9.309147339345656691e-02,-2.959330682282627911e-02,6.181267546181214156e-02
cmy,-2.771600000000000175e-01,-3.896499999999999964e-01,-5.448800000000000310e-01,-7.091399999999999926e-01,-8.855600000000000138e-01,-1.025269999999999904e+00,-8.310199999999999809e-01,-7.124599999999999822e-01,-5.933800000000000185e-01,-4.193399999999999905e-01,-3.840299999999999825e-01,-4.503900000000000126e-01,-5.477199999999999847e-01,-6.299000000000000155e-01,-6.591500000000000137e-01,-2.725699999999999790e-01,-3.848500000000000254e-01,-5.384799999999999587e-01,-7.012399999999999745e-01,-8.750599999999999490e-01,-1.009330000000000060e+00,-8.078899999999999970e-01,-7.083800000000000097e-01,-5.915300000000000002e-01,-4.186099999999999821e-01,-3.833799999999999986e-01,-4.494299999999999962e-01,-5.463900000000000423e-01,-6.281999999999999806e-01,-6.572000000000000064e-01,-5.116600000000000037e-01,-6.398200000000000554e-01,-8.917500000000000426e-01,-2.227999999999999980e-01,2.722600000000000020e-01,-4.977199999999999958e-01,-6.181400000000000228e-01,-8.553699999999999637e-01,-2.072700000000000098e-01,2.726100000000000190e-01
cmy*c/cref,-4.028898106519976929e-01,-5.270067877339211782e-01,-6.818712339781172194e-01,-8.157421550563153101e-01,-9.291841349020764085e-01,-1.000057119394434757e+00,-7.718028162667757153e-01,-6.284547941694751394e-01,-4.957390146667649544e-01,-3.307821037326883484e-01,-2.814437711475453741e-01,-3.006807188825386112e-01,-3.299140587206614295e-01,-3.383123773023604675e-01,-3.110170981045099481e-01,-3.962176204698188431e-01,-5.205147241355051468e-01,-6.738621752909567109e-01,-8.066545799301837461e-01,-9.181668877178406074e-01,-9.845091071799476623e-01,-7.503210238427058254e-01,-6.248558615133099625e-01,-4.941934331218299503e-01,-3.302062680486971824e-01,-2.809674061467749007e-01,-3.000398221261114107e-01,-3.291129455641244039e-01,-3.373993259586328675e-01,-3.100969989748675326e-01,-3.954892612345811687e-01,-4.643656049621773252e-01,-6.052812351339037500e-01,-1.407941225736855928e-01,1.593666573980395407e-01,-3.847142928930847861e-01,-4.486307946786913248e-01,-5.805880685130218044e-01,-1.309802414086526645e-01,1.595715289549679006e-01
cmz,4.179999999999999688e-03,6.911000000000000476e-02,1.030599999999999988e-01,1.494000000000000050e-01,2.035500000000000087e-01,2.905099999999999905e-01,9.133099999999999552e-01,1.080510000000000081e+00,1.175999999999999934e+00,1.092349999999999932e+00,8.030300000000000216e-01,1.110379999999999923e+00,1.452360000000000095e+00,1.603010000000000046e+00,1.557709999999999928e+00,-4.020000000000000136e-03,-6.844999999999999696e-02,-1.026500000000000051e-01,-1.494699999999999918e-01,-2.049600000000000033e-01,-2.992500000000000160e-01,-9.135799999999999477e-01,-1.070330000000000004e+00,-1.169399999999999995e+00,-1.088640000000000052e+00,-8.003200000000000314e-01,-1.105469999999999953e+00,-1.445980000000000043e+00,-1.596519999999999939e+00,-1.552329999999999988e+00,-4.995299999999999740e-01,-6.043100000000000138e-01,-9.075600000000000334e-01,-2.999899999999999789e-01,2.863700000000000134e-01,4.860400000000000276e-01,5.839499999999999691e-01,8.637899999999999467e-01,2.685500000000000109e-01,-2.884800000000000142e-01
cmz*c/cref,6.076199338019014698e-03,9.347219068469471426e-02,1.289708731716795453e-01,1.718586992207652986e-01,2.135772061286843049e-01,2.833659365389382678e-01,8.482289597417738136e-01,9.531085108610443113e-01,9.824885928883945185e-01,8.616631635722853400e-01,5.885159793365450920e-01,7.412905629183444978e-01,8.748155669384720667e-01,8.609590791228082240e-01,7.349987770437322876e-01,-5.843617545176182579e-03,-9.257953193991248775e-02,-1.284577928495333476e-01,-1.719392220383386127e-01,-2.150566650362816523e-01,-2.918910072261791111e-01,-8.484797199646229027e-01,-9.441288210473771647e-01,-9.769746262956535698e-01,-8.587366561920014574e-01,-5.865299037179478869e-01,-7.380126430495347334e-01,-8.709726331499708651e-01,-8.574733713458715378e-01,-7.324602471373342638e-01,-3.861133382803235148e-01,-4.385933211445302571e-01,-6.160123776373711557e-01,-1.895728403540392071e-01,1.676259078787797896e-01,3.756861989025052639e-01,4.238165343653893524e-01,5.863031994351720622e-01,1.697049444217381686e-01,-1.688609906934049887e-01
cs,-7.210000000000000263e-03,1.860000000000000108e-03,6.440999999999999504e-02,2.348000000000000087e-02,1.716000000000000164e-02,-1.337099999999999955e-01,-7.945000000000000673e-02,-6.051999999999999741e-02,-5.269999999999999685e-02,-7.190000000000000557e-02,-3.044899999999999829e-01,-2.339900000000000035e-01,-1.858299999999999952e-01,-1.318600000000000050e-01,-9.746000000000000496e-02,7.550000000000000287e-03,-1.090000000000000040e-03,-6.265999999999999348e-02,-2.197999999999999954e-02,-1.537999999999999957e-02,1.319500000000000117e-01,7.757000000000000006e-02,6.029000000000000331e-02,5.254999999999999949e-02,7.163999999999999535e-02,3.038699999999999735e-01,2.337500000000000133e-01,1.858200000000000129e-01,1.319899999999999962e-01,9.748999999999999333e-02,-1.232700000000000046e-01,-1.389499999999999902e-01,-1.912800000000000056e-01,-5.226999999999999702e-02,5.122999999999999776e-02,1.201200000000000045e-01,1.343399999999999872e-01,1.821699999999999986e-01,4.653000000000000191e-02,-5.156000000000000166e-02
cs*c/cref,-1.048071703998016725e-02,2.515674644386226965e-03,8.060366719375003375e-02,2.700965366602121540e-02,1.800532968395098313e-02,-1.304218766122386131e-01,-7.378851742725245355e-02,-5.338416773311713964e-02,-4.402818779355305301e-02,-5.671587079310415336e-02,-2.231513524378722912e-01,-1.562119083712453782e-01,-1.119329758490844179e-01,-7.082055893171813887e-02,-4.598608265382013449e-02,1.097495334977118854e-02,-1.474239442140315914e-03,-7.841369020897961950e-02,-2.528416471802156021e-02,-1.613764397081387386e-02,1.287051575722450714e-01,7.204248328297008230e-02,5.318128672553919939e-02,4.390287037099075557e-02,5.651077863168262744e-02,2.226969735140603979e-01,1.560516841821386058e-01,1.119269524418924217e-01,7.089038050506200894e-02,4.600023802504539516e-02,-9.528194745023418899e-02,-1.008464893399620699e-01,-1.298325704024817784e-01,-3.303100891798269739e-02,2.998734246125602312e-02,9.284714470448714174e-02,9.750066482857505656e-02,1.236490973976375057e-01,2.940372766316692171e-02,-3.018050707207418915e-02
cx,-1.942300000000000137e-01,-2.490300000000000014e-01,-1.300399999999999889e-01,-1.635800000000000032e-01,-1.664100000000000024e-01,-1.818599999999999939e-01,-3.244500000000000162e-01,-2.749699999999999922e-01,-2.285399999999999932e-01,-1.704100000000000059e-01,-1.242199999999999971e-01,-1.466800000000000048e-01,-1.659299999999999942e-01,-1.586100000000000010e-01,-1.335399999999999920e-01,-1.936599999999999988e-01,-2.482699999999999907e-01,-1.312500000000000056e-01,-1.646799999999999931e-01,-1.683699999999999919e-01,-1.858100000000000029e-01,-3.240299999999999847e-01,-2.724199999999999955e-01,-2.272699999999999998e-01,-1.698300000000000087e-01,-1.238299999999999956e-01,-1.460799999999999876e-01,-1.652500000000000080e-01,-1.580100000000000116e-01,-1.331100000000000061e-01,-1.222999999999999955e-02,-2.215999999999999914e-02,-2.569000000000000103e-02,-1.760000000000000063e-03,-1.319999999999999993e-03,-1.175999999999999962e-02,-2.108000000000000151e-02,-2.397000000000000172e-02,-1.809999999999999977e-03,-1.110000000000000092e-03
cx*c/cref,-2.823397601491467457e-01,-3.368163745653237062e-01,-1.627340611997400155e-01,-1.881703214091886844e-01,-1.746076289455875952e-01,-1.773877980756990158e-01,-3.013302011236256850e-01,-2.425486550161140009e-01,-1.909336250159129889e-01,-1.344221354916950995e-01,-9.103701599340699446e-02,-9.792368357576936022e-02,-9.994639553698851653e-02,-8.518769036978471321e-02,-6.301027578074225310e-02,-2.815111875121441565e-01,-3.357884644955744791e-01,-1.642482738577813184e-01,-1.894356799710550654e-01,-1.766641817533115832e-01,-1.812406618302300210e-01,-3.009401296658604230e-01,-2.402993221060107376e-01,-1.898726041715522450e-01,-1.339646222085240368e-01,-9.075119699294467712e-02,-9.752312310300235987e-02,-9.953680384793198166e-02,-8.486543695435146140e-02,-6.280738212651341967e-02,-9.453218279519462475e-03,-1.608318246688419939e-02,-1.743725812233247810e-02,-1.112197736668252323e-03,-7.726584432726518346e-04,-9.089930250788951643e-03,-1.529934505423822047e-02,-1.626979669880535342e-02,-1.143794263278145873e-03,-6.497355091156391043e-04
cy,-7.210000000000000263e-03,1.860000000000000108e-03,6.440999999999999504e-02,2.348000000000000087e-02,1.716000000000000164e-02,-1.337099999999999955e-01,-7.945000000000000673e-02,-6.051999999999999741e-02,-5.269999999999999685e-02,-7.190000000000000557e-02,-3.044899999999999829e-01,-2.339900000000000035e-01,-1.858299999999999952e-01,-1.318600000000000050e-01,-9.746000000000000496e-02,7.550000000000000287e-03,-1.090000000000000040e-03,-6.265999999999999348e-02,-2.197999999999999954e-02,-1.537999999999999957e-02,1.319500000000000117e-01,7.757000000000000006e-02,6.029000000000000331e-02,5.254999999999999949e-02,7.163999999999999535e-02,3.038699999999999735e-01,2.337500000000000133e-01,1.858200000000000129e-01,1.319899999999999962e-01,9.748999999999999333e-02,-1.232700000000000046e-01,-1.389499999999999902e-01,-1.912800000000000056e-01,-5.226999999999999702e-02,5.122999999999999776e-02,1.201200000000000045e-01,1.343399999999999872e-01,1.821699999999999986e-01,4.653000000000000191e-02,-5.156000000000000166e-02
cy*c/cref,-1.048071703998016725e-02,2.515674644386226965e-03,8.060366719375003375e-02,2.700965366602121540e-02,1.800532968395098313e-02,-1.304218766122386131e-01,-7.378851742725245355e-02,-5.338416773311713964e-02,-4.402818779355305301e-02,-5.671587079310415336e-02,-2.231513524378722912e-01,-1.562119083712453782e-01,-1.119329758490844179e-01,-7.082055893171813887e-02,-4.598608265382013449e-02,1.097495334977118854e-02,-1.474239442140315914e-03,-7.841369020897961950e-02,-2.528416471802156021e-02,-1.613764397081387386e-02,1.287051575722450714e-01,7.204248328297008230e-02,5.318128672553919939e-02,4.390287037099075557e-02,5.651077863168262744e-02,2.226969735140603979e-01,1.560516841821386058e-01,1.119269524418924217e-01,7.089038050506200894e-02,4.600023802504539516e-02,-9.528194745023418899e-02,-1.008464893399620699e-01,-1.298325704024817784e-01,-3.303100891798269739e-02,2.998734246125602312e-02,9.284714470448714174e-02,9.750066482857505656e-02,1.236490973976375057e-01,2.940372766316692171e-02,-3.018050707207418915e-02
cz,1.439550000000000107e+00,1.652940000000000076e+00,2.032529999999999948e+00,2.289179999999999993e+00,2.517809999999999881e+00,2.600470000000000059e+00,2.016550000000000065e+00,1.735679999999999890e+00,1.476140000000000008e+00,1.143469999999999986e+00,9.688999999999999835e-01,9.074600000000000444e-01,8.626899999999999569e-01,7.941399999999999570e-01,6.501299999999999857e-01,1.429559999999999942e+00,1.641270000000000007e+00,2.017430000000000057e+00,2.271150000000000002e+00,2.494990000000000041e+00,2.569310000000000205e+00,1.979680000000000106e+00,1.726730000000000098e+00,1.471919999999999895e+00,1.141250000000000098e+00,9.670400000000000107e-01,9.057399999999999896e-01,8.609900000000000331e-01,7.924200000000000133e-01,6.485499999999999599e-01,1.271799999999999875e-01,1.463399999999999979e-01,1.857199999999999962e-01,3.835999999999999827e-02,-4.916000000000000231e-02,1.238900000000000001e-01,1.414499999999999924e-01,1.781600000000000128e-01,3.536999999999999866e-02,-4.916000000000000231e-02
cz*c/cref,2.092581999293127826e+00,2.235623250909553938e+00,2.543539383345952309e+00,2.633303193321228086e+00,2.641841441232437138e+00,2.536520660188678278e+00,1.872853805134373051e+00,1.531028292316866324e+00,1.233240400940709858e+00,9.019874377717774783e-01,7.100769988408632827e-01,6.058210110285496830e-01,5.196333150473370077e-01,4.265238788869606945e-01,3.067610498227794080e-01,2.078060173602503280e+00,2.219839421285904724e+00,2.524643010505933205e+00,2.612562816166272395e+00,2.617897290685364808e+00,2.506126929912428469e+00,1.838611103591984097e+00,1.523133574848072769e+00,1.229714804119290461e+00,9.002362662396399262e-01,7.087138620694276581e-01,6.046727376732843329e-01,5.186093358246957052e-01,4.256000857627186829e-01,3.060155336049152908e-01,9.830419466797098160e-02,1.062099694135304057e-01,1.260586834752661645e-01,2.424085521511031710e-02,-2.877567353885118404e-02,9.576117846685741619e-02,1.026609277951611027e-01,1.209272832648795037e-01,2.235138292383868561e-02,-2.877567353885118404e-02
Results_Name,VSPAERO_Comp_Load
Results_Timestamp,1758045781
Results_Date,9,16,2025
Results_Time,14,3,1
AoA,1.000000000000000000e+01,1.000000000000000000e+01,1.000000000000000000e+01,1.000000000000000000e+01,1.000000000000000000e+01,1.000000000000000000e+01,1.000000000000000000e+01,1.000000000000000000e+01,1.000000000000000000e+01
Beta,0.000000000000000000e+00,0.000000000000000000e+00,0.000000000000000000e+00,0.000000000000000000e+00,0.000000000000000000e+00,0.000000000000000000e+00,0.000000000000000000e+00,0.000000000000000000e+00,0.000000000000000000e+00
CDi,0.000000000000000000e+00,5.313999999999999974e-02,5.165999999999999759e-02,2.799999999999999755e-04,2.799999999999999755e-04,0.000000000000000000e+00,0.000000000000000000e+00,0.000000000000000000e+00,0.000000000000000000e+00
CFx,0.000000000000000000e+00,-1.092800000000000021e-01,-1.093299999999999966e-01,-1.000000000000000021e-03,-9.499999999999999981e-04,0.000000000000000000e+00,0.000000000000000000e+00,0.000000000000000000e+00,0.000000000000000000e+00
CFy,0.000000000000000000e+00,-2.699999999999999969e-02,2.689000000000000071e-02,-7.360000000000000223e-03,7.000000000000000146e-03,0.000000000000000000e+00,0.000000000000000000e+00,0.000000000000000000e+00,0.000000000000000000e+00
CFz,0.000000000000000000e+00,9.257300000000000528e-01,9.175100000000000477e-01,7.289999999999999605e-03,7.000000000000000146e-03,0.000000000000000000e+00,0.000000000000000000e+00,0.000000000000000000e+00,0.000000000000000000e+00
CL,0.000000000000000000e+00,9.306499999999999773e-01,9.225499999999999812e-01,7.349999999999999763e-03,7.049999999999999843e-03,0.000000000000000000e+00,0.000000000000000000e+00,0.000000000000000000e+00,0.000000000000000000e+00
Cmx,0.000000000000000000e+00,1.849500000000000033e-01,-1.835100000000000064e-01,8.000000000000000654e-05,-6.999999999999999387e-05,-2.000000000000000164e-05,2.000000000000000164e-05,-0.000000000000000000e+00,0.000000000000000000e+00
Cmy,0.000000000000000000e+00,-3.265899999999999914e-01,-3.222999999999999754e-01,-2.346000000000000169e-02,-2.249999999999999917e-02,2.171999999999999972e-02,2.142000000000000154e-02,-0.000000000000000000e+00,2.000000000000000164e-05
Cmz,0.000000000000000000e+00,2.377999999999999906e-02,-2.374000000000000069e-02,-1.990000000000000015e-03,1.889999999999999970e-03,3.000000000000000076e-05,-2.000000000000000164e-05,1.000000000000000082e-05,6.999999999999999387e-05
Comp_ID,0,1,2,3,4,5,6,7,8
Comp_Name,NONE,main_wing,main_wing,horizontal_tail,horizontal_tail,fuselage,fuselage,fuselage,fuselage
Cs,0.000000000000000000e+00,-2.699999999999999969e-02,2.689000000000000071e-02,-7.360000000000000223e-03,7.000000000000000146e-03,0.000000000000000000e+00,0.000000000000000000e+00,0.000000000000000000e+00,0.000000000000000000e+00
Mach,1.499999999999999944e-01,1.499999999999999944e-01,1.499999999999999944e-01,1.499999999999999944e-01,1.499999999999999944e-01,1.499999999999999944e-01,1.499999999999999944e-01,1.499999999999999944e-01,1.499999999999999944e-01
Results_Name,VSPAERO_Load
Results_Timestamp,1758045781
Results_Date,9,16,2025
Results_Time,14,3,1
AnalysisMethod,0
Chord,1.735630000000000006e+00,1.614889999999999937e+00,1.494180000000000064e+00,1.373480000000000034e+00,1.252809999999999979e+00,1.164630000000000054e+00,1.108910000000000062e+00,1.053209999999999980e+00,9.975199999999999623e-01,9.418400000000000105e-01,8.750400000000000400e-01,7.971099999999999852e-01,7.191899999999999959e-01,6.412799999999999612e-01,5.633799999999999919e-01,1.735630000000000006e+00,1.614889999999999937e+00,1.494180000000000064e+00,1.373480000000000034e+00,1.252809999999999979e+00,1.164630000000000054e+00,1.108910000000000062e+00,1.053209999999999980e+00,9.975199999999999623e-01,9.418400000000000105e-01,8.750400000000000400e-01,7.971099999999999852e-01,7.191899999999999959e-01,6.412799999999999612e-01,5.633799999999999919e-01,9.229000000000000536e-01,8.665699999999999514e-01,8.104299999999999837e-01,7.545199999999999685e-01,6.988999999999999657e-01,9.229000000000000536e-01,8.665699999999999514e-01,8.104299999999999837e-01,7.545199999999999685e-01,6.988999999999999657e-01
FC_AoA_,1.100000000000000000e+01
FC_Beta_,0.000000000000000000e+00
FC_Bref_,1.417173599999999922e+01
FC_Cref_,1.193991999999999942e+00
FC_Mach_,1.499999999999999944e-01
FC_Pitch_Rate,0.000000000000000000e+00
FC_Rho_,2.377000000000000206e-03
FC_Roll__Rate,0.000000000000000000e+00
FC_Sref_,1.619368700000000061e+01
FC_Vinf_,5.100000000000000000e+01
FC_Xcg_,1.774861999999999940e+00
FC_Yaw___Rate,0.000000000000000000e+00
FC_Ycg_,0.000000000000000000e+00
FC_Zcg_,7.545150000000000468e-01
S,3.314000000000000279e-02,8.981999999999999706e-02,1.368900000000000117e-01,1.839600000000000124e-01,2.310300000000000131e-01,2.997400000000000064e-01,4.117600000000000149e-01,5.454599999999999449e-01,6.791700000000000514e-01,8.128699999999999815e-01,9.157600000000000184e-01,9.578200000000000047e-01,9.698700000000000099e-01,9.819200000000000150e-01,9.939700000000000202e-01,3.314000000000000279e-02,8.981999999999999706e-02,1.368900000000000117e-01,1.839600000000000124e-01,2.310300000000000131e-01,2.997400000000000064e-01,4.117600000000000149e-01,5.454599999999999449e-01,6.791700000000000514e-01,8.128699999999999815e-01,9.157600000000000184e-01,9.578200000000000047e-01,9.698700000000000099e-01,9.819200000000000150e-01,9.939700000000000202e-01,1.020299999999999957e-01,3.035599999999999965e-01,5.025399999999999867e-01,7.015200000000000324e-01,9.005100000000000326e-01,1.020299999999999957e-01,3.035599999999999965e-01,5.025399999999999867e-01,7.015200000000000324e-01,9.005100000000000326e-01
V/Vref,1.001810000000000089e+00,1.004450000000000065e+00,1.009169999999999900e+00,1.004040000000000044e+00,9.982400000000000162e-01,1.000080000000000080e+00,1.005800000000000027e+00,1.000930000000000097e+00,9.961799999999999544e-01,9.954499999999999460e-01,1.016000000000000014e+00,1.014780000000000015e+00,1.015530000000000044e+00,1.015500000000000069e+00,1.019130000000000091e+00,1.002769999999999939e+00,1.004990000000000050e+00,1.009430000000000049e+00,1.004250000000000087e+00,9.982699999999999907e-01,1.000229999999999952e+00,1.005579999999999918e+00,1.000669999999999948e+00,9.960299999999999709e-01,9.954100000000000170e-01,1.015970000000000040e+00,1.014780000000000015e+00,1.015519999999999978e+00,1.015470000000000095e+00,1.019069999999999920e+00,9.835800000000000098e-01,9.890900000000000247e-01,9.894300000000000317e-01,1.013349999999999973e+00,1.013360000000000039e+00,9.832100000000000284e-01,9.887000000000000233e-01,9.884699999999999598e-01,1.012839999999999963e+00,1.013109999999999955e+00
WingId,1,1,1,1,1,1,1,1,1,1,1,1,1,1,1,2,2,2,2,2,2,2,2,2,2,2,2,2,2,2,3,3,3,3,3,4,4,4,4,4
Xavg,2.391020000000000145e+00,2.380209999999999937e+00,2.369699999999999918e+00,2.359579999999999789e+00,2.349930000000000074e+00,2.337899999999999867e+00,2.323770000000000113e+00,2.309619999999999784e+00,2.295469999999999899e+00,2.281299999999999883e+00,2.284749999999999837e+00,2.305000000000000160e+00,2.325239999999999974e+00,2.345470000000000166e+00,2.365699999999999914e+00,2.391020000000000145e+00,2.380209999999999937e+00,2.369699999999999918e+00,2.359579999999999789e+00,2.349930000000000074e+00,2.337899999999999867e+00,2.323770000000000113e+00,2.309619999999999784e+00,2.295469999999999899e+00,2.281299999999999883e+00,2.284749999999999837e+00,2.305000000000000160e+00,2.325239999999999974e+00,2.345470000000000166e+00,2.365699999999999914e+00,5.722059999999999924e+00,5.820210000000000328e+00,5.918350000000000222e+00,6.016490000000000116e+00,6.114630000000000010e+00,5.722059999999999924e+00,5.820210000000000328e+00,5.918350000000000222e+00,6.016490000000000116e+00,6.114630000000000010e+00
Yavg,1.719199999999999895e-01,5.196100000000000163e-01,8.672999999999999599e-01,1.214979999999999949e+00,1.562650000000000095e+00,2.228590000000000071e+00,3.216559999999999864e+00,4.204550000000000232e+00,5.192569999999999908e+00,6.180620000000000225e+00,6.716649999999999565e+00,6.791660000000000252e+00,6.866660000000000430e+00,6.941650000000000098e+00,7.016610000000000014e+00,-1.719199999999999895e-01,-5.196100000000000163e-01,-8.672999999999999599e-01,-1.214979999999999949e+00,-1.562650000000000095e+00,-2.228590000000000071e+00,-3.216559999999999864e+00,-4.204550000000000232e+00,-5.192569999999999908e+00,-6.180620000000000225e+00,-6.716649999999999565e+00,-6.791660000000000252e+00,-6.866660000000000430e+00,-6.941650000000000098e+00,-7.016610000000000014e+00,1.078800000000000037e-01,3.257399999999999740e-01,5.435900000000000176e-01,7.614400000000000057e-01,9.792699999999999738e-01,-1.078800000000000037e-01,-3.257399999999999740e-01,-5.435900000000000176e-01,-7.614400000000000057e-01,-9.792699999999999738e-01
Zavg,1.033530000000000060e+00,1.043199999999999905e+00,1.052899999999999947e+00,1.062580000000000080e+00,1.072189999999999976e+00,1.094910000000000050e+00,1.130849999999999911e+00,1.166740000000000110e+00,1.202599999999999891e+00,1.238469999999999960e+00,1.270329999999999959e+00,1.298289999999999944e+00,1.326240000000000085e+00,1.354190000000000005e+00,1.382130000000000081e+00,1.033530000000000060e+00,1.043199999999999905e+00,1.052899999999999947e+00,1.062580000000000080e+00,1.072189999999999976e+00,1.094910000000000050e+00,1.130849999999999911e+00,1.166740000000000110e+00,1.202599999999999891e+00,1.238469999999999960e+00,1.270329999999999959e+00,1.298289999999999944e+00,1.326240000000000085e+00,1.354190000000000005e+00,1.382130000000000081e+00,3.777900000000000147e-01,5.956799999999999873e-01,8.135799999999999699e-01,1.031470000000000109e+00,1.249349999999999961e+00,3.777900000000000147e-01,5.956799999999999873e-01,8.135799999999999699e-01,1.031470000000000109e+00,1.249349999999999961e+00
cd,7.303999999999999382e-02,5.333000000000000240e-02,2.375700000000000034e-01,2.469000000000000083e-01,2.832500000000000018e-01,2.836799999999999877e-01,3.681000000000000244e-02,3.611999999999999933e-02,3.699000000000000205e-02,3.681000000000000244e-02,5.417000000000000287e-02,1.697999999999999857e-02,-1.324000000000000003e-02,-1.796999999999999986e-02,-1.762999999999999984e-02,7.156999999999999473e-02,5.204000000000000292e-02,2.340399999999999980e-01,2.431399999999999950e-01,2.781899999999999928e-01,2.763200000000000101e-01,3.221000000000000252e-02,3.688000000000000306e-02,3.735999999999999738e-02,3.692000000000000143e-02,5.414999999999999675e-02,1.717000000000000123e-02,-1.297000000000000063e-02,-1.776000000000000148e-02,-1.747999999999999901e-02,1.420000000000000082e-02,6.579999999999999911e-03,9.329999999999999752e-03,1.371999999999999956e-02,-6.450000000000000004e-03,1.417000000000000030e-02,6.590000000000000371e-03,8.859999999999999820e-03,1.229000000000000058e-02,-6.859999999999999779e-03
cd*c/cref,1.061735884327533047e-01,7.212953160490187532e-02,2.972987612982331829e-01,2.840154808407426845e-01,2.972033585652165133e-01,2.767038961735087121e-01,3.418697704842244001e-02,3.186113910310956615e-02,3.090327640386200322e-02,2.903631716125401607e-02,3.969952629498355728e-02,1.133586137930572314e-02,-7.974991122218574521e-03,-9.651489792226413886e-03,-8.318639823382401391e-03,1.040367432110097801e-01,7.038478951282756135e-02,2.928812648660962803e-01,2.796902552110901996e-01,2.918940946840514750e-01,2.695248892789901540e-01,2.991476584432727071e-02,3.253152851945406709e-02,3.121239271284899364e-02,2.912308692185542822e-02,3.968486891034445768e-02,1.146270552901527094e-02,-7.812359128034359647e-03,-9.538701096824770548e-03,-8.247862967256061606e-03,1.097593618717713528e-02,4.775602014083846387e-03,6.332799465993072321e-03,8.670086901754785885e-03,-3.775490120536821245e-03,1.095274758959859270e-02,4.782859767904643067e-03,6.013783844447869245e-03,7.766426240711830561e-03,-4.015482515795750634e-03
cl,1.513379999999999947e+00,1.737929999999999975e+00,2.092890000000000139e+00,2.357180000000000053e+00,2.587699999999999889e+00,2.676400000000000112e+00,2.130040000000000155e+00,1.846030000000000060e+00,1.579420000000000046e+00,1.232180000000000053e+00,1.044750000000000068e+00,9.859200000000000186e-01,9.454700000000000326e-01,8.751100000000000545e-01,7.219299999999999606e-01,1.504359999999999919e+00,1.727629999999999999e+00,2.080249999999999932e+00,2.342449999999999921e+00,2.569690000000000030e+00,2.652940000000000076e+00,2.102549999999999919e+00,1.838489999999999958e+00,1.575369999999999937e+00,1.229929999999999968e+00,1.042859999999999898e+00,9.841400000000000148e-01,9.437499999999999778e-01,8.735300000000000287e-01,7.205500000000000238e-01,1.549800000000000066e-01,1.794900000000000106e-01,2.128800000000000137e-01,7.689000000000000001e-02,-2.699000000000000010e-02,1.518200000000000105e-01,1.743399999999999950e-01,2.057100000000000040e-01,7.123999999999999777e-02,-3.008999999999999869e-02
cl*c/cref,2.199903960328042363e+00,2.350573351999008409e+00,2.619074818089233592e+00,2.711525358963879029e+00,2.715174337013983141e+00,2.610583431044764424e+00,1.978256685471929677e+00,1.628367071387412990e+00,1.319525623622268773e+00,9.719633056167882312e-01,7.656651300846237795e-01,6.582009688507126643e-01,5.694950797827791344e-01,4.700119772996804168e-01,3.406395716219204339e-01,2.186792161756527353e+00,2.336642465527407175e+00,2.603256927182091562e+00,2.694581057494522369e+00,2.696277134938927844e+00,2.587700346568486243e+00,1.952725579819630353e+00,1.621716102704205742e+00,1.316142053213086749e+00,9.701884696044865697e-01,7.642800072362293529e-01,6.570126394481705656e-01,5.684590537457537840e-01,4.691633766390394533e-01,3.399884245455581100e-01,1.197922950907543971e-01,1.302694233294695580e-01,1.444937138607294003e-01,4.858913862069427769e-02,-1.579852377570369060e-02,1.173497628124811759e-01,1.265316801117595258e-01,1.396270287405610711e-01,4.501873111377630715e-02,-1.761310042278340163e-02
cmx,1.520199999999999885e-01,5.548999999999999488e-01,1.210709999999999953e+00,2.089449999999999807e+00,3.239479999999999915e+00,5.180240000000000400e+00,6.123990000000000045e+00,7.294800000000000395e+00,8.140620000000000189e+00,8.020730000000000359e+00,8.139010000000000744e+00,8.438179999999999126e+00,8.986919999999999575e+00,9.382709999999999440e+00,8.892659999999999343e+00,-1.511599999999999888e-01,-5.516400000000000192e-01,-1.203400000000000025e+00,-2.076220000000000176e+00,-3.216479999999999784e+00,-5.133119999999999905e+00,-6.042449999999999655e+00,-7.265729999999999578e+00,-8.120210000000000150e+00,-8.006259999999999266e+00,-8.124320000000000874e+00,-8.423280000000000101e+00,-8.971099999999999852e+00,-9.366149999999999309e+00,-8.876039999999999708e+00,-4.528999999999999693e-02,3.371999999999999997e-02,1.601200000000000123e-01,1.052400000000000002e-01,-5.990000000000000185e-02,4.442999999999999727e-02,-3.275999999999999746e-02,-1.545999999999999874e-01,-9.674000000000000654e-02,6.693000000000000338e-02
cmx*c/cref,2.209817759247967861e-01,7.505096022418910051e-01,1.515101162989366701e+00,2.403548588265247865e+00,3.399062086513142678e+00,5.052850363486522944e+00,5.687604063427561307e+00,6.434679887302428014e+00,6.801076776393811585e+00,6.326880199532325832e+00,5.964830007571241488e+00,5.633335616821552705e+00,5.413187856200041281e+00,5.039350572533148664e+00,4.195963449336344020e+00,-2.197316487882665648e-01,-7.461004090479668172e-01,-1.505953316270125741e+00,-2.388329775743891492e+00,-3.374929068871483029e+00,-5.006889112824876698e+00,-5.611874476127143296e+00,-6.409037492127249713e+00,-6.784025252430502029e+00,-6.315466031933212321e+00,-5.954064158553827646e+00,-5.623388365081173568e+00,-5.403658826022285311e+00,-5.030456378267190054e+00,-4.188121373677545556e+00,-3.500705281107411443e-02,2.447314588372451194e-02,1.086825134506763935e-01,6.650436920850390232e-02,-3.506230360002412366e-02,3.434231301382253965e-02,-2.377640151692808276e-02,-1.049357767891242049e-01,-6.113295968482201220e-02,3.917729515775650317e-02
cmy,-2.840099999999999847e-01,-3.983300000000000174e-01,-5.564400000000000457e-01,-7.256599999999999717e-01,-9.075800000000000534e-01,-1.054750000000000076e+00,-8.618299999999999850e-01,-7.461100000000000509e-01,-6.284100000000000241e-01,-4.517900000000000249e-01,-4.157299999999999884e-01,-4.894999999999999907e-01,-5.985700000000000465e-01,-6.920600000000000085e-01,-7.292800000000000393e-01,-2.797999999999999932e-01,-3.940100000000000269e-01,-5.508199999999999763e-01,-7.189499999999999780e-01,-8.989800000000000013e-01,-1.042280000000000095e+00,-8.445700000000000429e-01,-7.427799999999999958e-01,-6.266300000000000203e-01,-4.509900000000000020e-01,-4.150300000000000100e-01,-4.885499999999999843e-01,-5.973399999999999821e-01,-6.906499999999999861e-01,-7.277000000000000135e-01,-6.210700000000000109e-01,-7.801299999999999901e-01,-1.014469999999999983e+00,-4.324200000000000266e-01,1.419799999999999951e-01,-6.085800000000000098e-01,-7.580500000000000016e-01,-9.798900000000000388e-01,-4.027999999999999914e-01,1.605199999999999960e-01
cmy*c/cref,-4.128472186580814385e-01,-5.387466027410569014e-01,-6.963375962318005818e-01,-8.347455400036181139e-01,-9.522888761398736746e-01,-1.028812163314327233e+00,-8.004173439185522376e-01,-6.581371676694651729e-01,-5.250048100824796782e-01,-3.563791831101046359e-01,-3.046757258005078906e-01,-3.267905856990666602e-01,-3.605430842920220869e-01,-3.716978311412471592e-01,-3.441076375721111025e-01,-4.067274102339044073e-01,-5.329037455024824288e-01,-6.893046415721377773e-01,-8.270268527762330013e-01,-9.432652260651662735e-01,-1.016648818752554639e+00,-7.843872644875343747e-01,-6.551998035162714951e-01,-5.235177100014070106e-01,-3.557481303057307143e-01,-3.041627173381396543e-01,-3.261563649505189177e-01,-3.598022052074050792e-01,-3.709405356149789723e-01,-3.433621213542469852e-01,-4.800580766035283942e-01,-5.661991488217675839e-01,-6.885782501892809826e-01,-2.732594007330032548e-01,8.310761043625082556e-02,-4.704038904783282571e-01,-5.501740283854498204e-01,-6.651068455232531651e-01,-2.545416183693022805e-01,9.395994948039852745e-02
cmz,5.559999999999999838e-03,7.750999999999999557e-02,1.225099999999999939e-01,1.864899999999999891e-01,2.634500000000000175e-01,3.857999999999999763e-01,1.046100000000000030e+00,1.247249999999999970e+00,1.365750000000000020e+00,1.277349999999999985e+00,9.610999999999999543e-01,1.313229999999999897e+00,1.708299999999999930e+00,1.881550000000000056e+00,1.822419999999999929e+00,-5.440000000000000391e-03,-7.698000000000000675e-02,-1.221899999999999931e-01,-1.865999999999999881e-01,-2.646000000000000019e-01,-3.920100000000000251e-01,-1.045090000000000074e+00,-1.238539999999999974e+00,-1.359890000000000043e+00,-1.273900000000000032e+00,-9.589199999999999946e-01,-1.309250000000000025e+00,-1.703019999999999978e+00,-1.876309999999999922e+00,-1.817579999999999973e+00,-6.043399999999999883e-01,-7.306399999999999562e-01,-9.833800000000000319e-01,-4.857500000000000151e-01,1.540100000000000080e-01,5.925500000000000211e-01,7.102300000000000280e-01,9.466299999999999715e-01,4.445299999999999807e-01,-1.769300000000000039e-01
cmz*c/cref,8.082217301288449965e-03,1.048333019819228246e-01,1.533109030881278922e-01,2.145242892749699981e-01,2.764279781606577280e-01,3.763126168349536504e-01,9.715565523052082098e-01,1.100188420441677861e+00,1.141015132429697987e+00,1.007594124583749418e+00,7.043606188316170469e-01,8.767133827529832724e-01,1.028978650610724355e+00,1.010559856347446273e+00,8.599010542784206734e-01,-7.907780956656326743e-03,-1.041164699595977239e-01,-1.529104501537698613e-01,-2.146508251311566307e-01,-2.776346290427406660e-01,-3.823699039022037671e-01,-9.706185233234394527e-01,-1.092505404893835186e+00,-1.136119398454930929e+00,-1.004872709364887040e+00,-7.027629639059558286e-01,-8.740563316169623898e-01,-1.025798291613344126e+00,-1.007745509852662202e+00,-8.576173210540775083e-01,-4.671265686872274614e-01,-5.302805251626475647e-01,-6.674757062023866094e-01,-3.069602560151156734e-01,9.014933852153114713e-02,4.580134498388599984e-01,5.154674496144028284e-01,6.425313996241180936e-01,2.809120794779194075e-01,-1.035654987638108260e-01
cs,-5.130000000000000011e-03,3.880000000000000202e-03,6.703000000000000624e-02,2.595000000000000084e-02,2.051000000000000045e-02,-1.373300000000000076e-01,-8.204999999999999793e-02,-6.307999999999999718e-02,-5.541000000000000092e-02,-7.832000000000000073e-02,-3.180499999999999994e-01,-2.397900000000000031e-01,-1.872300000000000075e-01,-1.283400000000000096e-01,-9.471000000000000252e-02,5.499999999999999681e-03,-3.269999999999999903e-03,-6.554999999999999716e-02,-2.480999999999999872e-02,-1.915999999999999995e-02,1.358900000000000108e-01,8.065999999999999559e-02,6.289999999999999758e-02,5.526999999999999968e-02,7.804999999999999438e-02,3.173199999999999910e-01,2.393200000000000049e-01,1.869399999999999951e-01,1.281499999999999861e-01,9.460999999999999965e-02,-1.494800000000000018e-01,-1.671300000000000008e-01,-2.077499999999999902e-01,-8.759999999999999731e-02,2.946999999999999967e-02,1.465899999999999981e-01,1.624400000000000011e-01,2.001499999999999946e-01,7.986000000000000043e-02,-3.332999999999999852e-02
cs*c/cref,-7.457153733023336693e-03,5.247751408719656362e-03,8.388237559380633257e-02,2.985095880039397367e-02,2.152035616654048023e-02,-1.339528555467708604e-01,-7.620324549913232159e-02,-5.564232155659334239e-02,-4.629225589451185785e-02,-6.178006954820468299e-02,-2.330890592231774083e-01,-1.600839929413262475e-01,-1.127762528559655419e-01,-6.893000556117628852e-02,-4.468850695817058044e-02,7.994999128972387487e-03,-4.422718326420947525e-03,-8.203028077240048788e-02,-2.853958719991423615e-02,-2.010385295713874171e-02,1.325482672413215712e-01,7.491229472224270047e-02,5.548354511588016874e-02,4.617529296678704598e-02,6.156708922672848860e-02,2.325540646838504810e-01,1.597702205709921053e-01,1.126015740473973042e-01,6.882795864628907245e-02,4.464132238741968378e-02,-1.155410522013547991e-01,-1.212988396069655389e-01,-1.410116922893955571e-01,-5.535711462053347076e-02,1.725018509336746081e-02,1.133072173012884681e-01,1.178949530650121591e-01,1.358531418133454849e-01,5.046597230132195133e-02,-1.950962569263445592e-02
cx,-2.170700000000000129e-01,-2.792600000000000082e-01,-1.661400000000000099e-01,-2.074000000000000010e-01,-2.157199999999999951e-01,-2.322200000000000097e-01,-3.703000000000000180e-01,-3.167800000000000060e-01,-2.650500000000000078e-01,-1.989799999999999902e-01,-1.461699999999999944e-01,-1.714499999999999913e-01,-1.933999999999999886e-01,-1.846200000000000063e-01,-1.550600000000000034e-01,-2.167900000000000105e-01,-2.785599999999999743e-01,-1.671900000000000053e-01,-2.082900000000000029e-01,-2.172399999999999887e-01,-2.349700000000000122e-01,-3.695700000000000096e-01,-3.145999999999999908e-01,-2.639199999999999879e-01,-1.984400000000000053e-01,-1.458299999999999874e-01,-1.709299999999999986e-01,-1.928100000000000092e-01,-1.841099999999999959e-01,-1.546500000000000097e-01,-1.563000000000000153e-02,-2.778999999999999873e-02,-3.146000000000000185e-02,-1.209999999999999921e-03,-1.180000000000000059e-03,-1.506000000000000047e-02,-2.680000000000000090e-02,-3.056000000000000036e-02,-1.529999999999999893e-03,-1.000000000000000021e-03
cx*c/cref,-3.155408110774611807e-01,-3.777028501028482643e-01,-2.079101578570040909e-01,-2.385776052100851696e-01,-2.263467202460318073e-01,-2.265093724246058926e-01,-3.439130019296612328e-01,-2.794288938284343327e-01,-2.214358856675756604e-01,-1.569586087678979391e-01,-1.071234956348116329e-01,-1.144601550931664546e-01,-1.164926950934344618e-01,-9.915737592881694595e-02,-7.316439540633438987e-02,-3.151337929399862237e-01,-3.767560908280792042e-01,-2.092241440478663228e-01,-2.396013953192316082e-01,-2.279415979336544829e-01,-2.291917459245958189e-01,-3.432350205864026504e-01,-2.775059347131303977e-01,-2.204918277509397007e-01,-1.565326481249455781e-01,-1.068743200959470369e-01,-1.141130026834350775e-01,-1.161373140691060041e-01,-9.888346052569865763e-02,-7.297093866625573022e-02,-1.208125933842103122e-02,-2.016929786799241328e-02,-2.135368394428103708e-02,-7.646359439594234853e-04,-6.907098205013099783e-04,-1.164067598442870832e-02,-1.945078023973359840e-02,-2.074280296685404937e-02,-9.668537142627419909e-04,-5.853473055095847035e-04
cy,-5.130000000000000011e-03,3.880000000000000202e-03,6.703000000000000624e-02,2.595000000000000084e-02,2.051000000000000045e-02,-1.373300000000000076e-01,-8.204999999999999793e-02,-6.307999999999999718e-02,-5.541000000000000092e-02,-7.832000000000000073e-02,-3.180499999999999994e-01,-2.397900000000000031e-01,-1.872300000000000075e-01,-1.283400000000000096e-01,-9.471000000000000252e-02,5.499999999999999681e-03,-3.269999999999999903e-03,-6.554999999999999716e-02,-2.480999999999999872e-02,-1.915999999999999995e-02,1.358900000000000108e-01,8.065999999999999559e-02,6.289999999999999758e-02,5.526999999999999968e-02,7.804999999999999438e-02,3.173199999999999910e-01,2.393200000000000049e-01,1.869399999999999951e-01,1.281499999999999861e-01,9.460999999999999965e-02,-1.494800000000000018e-01,-1.671300000000000008e-01,-2.077499999999999902e-01,-8.759999999999999731e-02,2.946999999999999967e-02,1.465899999999999981e-01,1.624400000000000011e-01,2.001499999999999946e-01,7.986000000000000043e-02,-3.332999999999999852e-02
cy*c/cref,-7.457153733023336693e-03,5.247751408719656362e-03,8.388237559380633257e-02,2.985095880039397367e-02,2.152035616654048023e-02,-1.339528555467708604e-01,-7.620324549913232159e-02,-5.564232155659334239e-02,-4.629225589451185785e-02,-6.178006954820468299e-02,-2.330890592231774083e-01,-1.600839929413262475e-01,-1.127762528559655419e-01,-6.893000556117628852e-02,-4.468850695817058044e-02,7.994999128972387487e-03,-4.422718326420947525e-03,-8.203028077240048788e-02,-2.853958719991423615e-02,-2.010385295713874171e-02,1.325482672413215712e-01,7.491229472224270047e-02,5.548354511588016874e-02,4.617529296678704598e-02,6.156708922672848860e-02,2.325540646838504810e-01,1.597702205709921053e-01,1.126015740473973042e-01,6.882795864628907245e-02,4.464132238741968378e-02,-1.155410522013547991e-01,-1.212988396069655389e-01,-1.410116922893955571e-01,-5.535711462053347076e-02,1.725018509336746081e-02,1.133072173012884681e-01,1.178949530650121591e-01,1.358531418133454849e-01,5.046597230132195133e-02,-1.950962569263445592e-02
cz,1.499509999999999899e+00,1.716180000000000039e+00,2.099769999999999914e+00,2.360980000000000079e+00,2.594199999999999839e+00,2.681350000000000122e+00,2.097929999999999851e+00,1.818999999999999950e+00,1.557460000000000067e+00,1.216560000000000086e+00,1.035889999999999977e+00,9.710400000000000142e-01,9.255700000000000038e-01,8.556000000000000272e-01,7.053000000000000380e-01,1.490369999999999973e+00,1.705819999999999892e+00,2.086679999999999868e+00,2.345810000000000173e+00,2.575559999999999850e+00,2.656919999999999948e+00,2.070069999999999855e+00,1.811749999999999972e+00,1.553549999999999986e+00,1.214369999999999949e+00,1.034030000000000005e+00,9.693300000000000249e-01,9.239300000000000290e-01,8.540900000000000158e-01,7.039800000000000502e-01,1.548400000000000054e-01,1.774399999999999866e-01,2.107499999999999929e-01,7.810000000000000275e-02,-2.773000000000000118e-02,1.517300000000000038e-01,1.723899999999999877e-01,2.036199999999999954e-01,7.227999999999999703e-02,-3.084999999999999895e-02
cz*c/cref,2.179742026160979229e+00,2.321156188818685351e+00,2.627684556177930730e+00,2.715896597632144971e+00,2.721994537651843515e+00,2.615411703344746375e+00,1.948434793784213026e+00,1.604524142540318499e+00,1.301179152959148766e+00,9.596419996113878526e-01,7.591719086895054591e-01,6.482670691260913332e-01,5.575084994706832608e-01,4.595333704078419235e-01,3.327927775060469662e-01,2.166455791244832341e+00,2.307144151552103839e+00,2.611303528331847978e+00,2.698446152738041892e+00,2.702436300745733710e+00,2.591582472579380791e+00,1.922560053752453868e+00,1.598128980344926786e+00,1.297912545477691637e+00,9.579144925594141879e-01,7.578087719180698345e-01,6.471254717787054966e-01,5.565206606911939913e-01,4.587223659790015118e-01,3.321699411721352191e-01,1.196840816353878650e-01,1.287815837962063281e-01,1.430479622141521967e-01,4.935377456465370183e-02,-1.623168078178078427e-02,1.172801970197455412e-01,1.251164181167042921e-01,1.382084273596473067e-01,4.567593886726208779e-02,-1.805796437497068571e-02
Results_Name,VSPAERO_Comp_Load
Results_Timestamp,1758045781
Results_Date,9,16,2025
Results_Time,14,3,1
AoA,1.100000000000000000e+01,1.100000000000000000e+01,1.100000000000000000e+01,1.100000000000000000e+01,1.100000000000000000e+01,1.100000000000000000e+01,1.100000000000000000e+01,1.100000000000000000e+01,1.100000000000000000e+01
Beta,0.000000000000000000e+00,0.000000000000000000e+00,0.000000000000000000e+00,0.000000000000000000e+00,0.000000000000000000e+00,0.000000000000000000e+00,0.000000000000000000e+00,0.000000000000000000e+00,0.000000000000000000e+00
CDi,0.000000000000000000e+00,5.741999999999999882e-02,5.618999999999999689e-02,5.999999999999999474e-04,5.699999999999999772e-04,0.000000000000000000e+00,0.000000000000000000e+00,0.000000000000000000e+00,0.000000000000000000e+00
CFx,0.000000000000000000e+00,-1.288400000000000101e-01,-1.288100000000000078e-01,-1.229999999999999974e-03,-1.190000000000000085e-03,0.000000000000000000e+00,0.000000000000000000e+00,0.000000000000000000e+00,0.000000000000000000e+00
CFy,0.000000000000000000e+00,-2.781000000000000139e-02,2.772000000000000158e-02,-9.310000000000000567e-03,8.909999999999999518e-03,0.000000000000000000e+00,0.000000000000000000e+00,0.000000000000000000e+00,0.000000000000000000e+00
CFz,0.000000000000000000e+00,9.637499999999999956e-01,9.571100000000000163e-01,9.499999999999999764e-03,9.129999999999999227e-03,0.000000000000000000e+00,0.000000000000000000e+00,0.000000000000000000e+00,0.000000000000000000e+00
CL,0.000000000000000000e+00,9.706299999999999928e-01,9.640999999999999570e-01,9.560000000000000789e-03,9.190000000000000252e-03,0.000000000000000000e+00,0.000000000000000000e+00,0.000000000000000000e+00,0.000000000000000000e+00
Cmx,0.000000000000000000e+00,1.936299999999999966e-01,-1.924800000000000122e-01,1.600000000000000131e-04,-1.499999999999999869e-04,-1.000000000000000082e-05,1.000000000000000082e-05,-0.000000000000000000e+00,0.000000000000000000e+00
Cmy,0.000000000000000000e+00,-3.387899999999999801e-01,-3.353400000000000269e-01,-3.073999999999999996e-02,-2.954000000000000029e-02,2.424000000000000113e-02,2.397000000000000172e-02,-0.000000000000000000e+00,2.000000000000000164e-05
Cmz,0.000000000000000000e+00,2.795999999999999874e-02,-2.790000000000000119e-02,-2.530000000000000131e-03,2.419999999999999842e-03,4.000000000000000327e-05,-3.000000000000000076e-05,1.000000000000000082e-05,6.999999999999999387e-05
Comp_ID,0,1,2,3,4,5,6,7,8
Comp_Name,NONE,main_wing,main_wing,horizontal_tail,horizontal_tail,fuselage,fuselage,fuselage,fuselage
Cs,0.000000000000000000e+00,-2.781000000000000139e-02,2.772000000000000158e-02,-9.310000000000000567e-03,8.909999999999999518e-03,0.000000000000000000e+00,0.000000000000000000e+00,0.000000000000000000e+00,0.000000000000000000e+00
Mach,1.499999999999999944e-01,1.499999999999999944e-01,1.499999999999999944e-01,1.499999999999999944e-01,1.499999999999999944e-01,1.499999999999999944e-01,1.499999999999999944e-01,1.499999999999999944e-01,1.499999999999999944e-01
Results_Name,VSPAERO_Load
Results_Timestamp,1758045781
Results_Date,9,16,2025
Results_Time,14,3,1
AnalysisMethod,0
Chord,1.735630000000000006e+00,1.614889999999999937e+00,1.494180000000000064e+00,1.373480000000000034e+00,1.252809999999999979e+00,1.164630000000000054e+00,1.108910000000000062e+00,1.053209999999999980e+00,9.975199999999999623e-01,9.418400000000000105e-01,8.750400000000000400e-01,7.971099999999999852e-01,7.191899999999999959e-01,6.412799999999999612e-01,5.633799999999999919e-01,1.735630000000000006e+00,1.614889999999999937e+00,1.494180000000000064e+00,1.373480000000000034e+00,1.252809999999999979e+00,1.164630000000000054e+00,1.108910000000000062e+00,1.053209999999999980e+00,9.975199999999999623e-01,9.418400000000000105e-01,8.750400000000000400e-01,7.971099999999999852e-01,7.191899999999999959e-01,6.412799999999999612e-01,5.633799999999999919e-01,9.229000000000000536e-01,8.665699999999999514e-01,8.104299999999999837e-01,7.545199999999999685e-01,6.988999999999999657e-01,9.229000000000000536e-01,8.665699999999999514e-01,8.104299999999999837e-01,7.545199999999999685e-01,6.988999999999999657e-01
FC_AoA_,1.200000000000000000e+01
FC_Beta_,0.000000000000000000e+00
FC_Bref_,1.417173599999999922e+01
FC_Cref_,1.193991999999999942e+00
FC_Mach_,1.499999999999999944e-01
FC_Pitch_Rate,0.000000000000000000e+00
FC_Rho_,2.377000000000000206e-03
FC_Roll__Rate,0.000000000000000000e+00
FC_Sref_,1.619368700000000061e+01
FC_Vinf_,5.100000000000000000e+01
FC_Xcg_,1.774861999999999940e+00
FC_Yaw___Rate,0.000000000000000000e+00
FC_Ycg_,0.000000000000000000e+00
FC_Zcg_,7.545150000000000468e-01
S,3.314000000000000279e-02,8.981999999999999706e-02,1.368900000000000117e-01,1.839600000000000124e-01,2.310300000000000131e-01,2.997400000000000064e-01,4.117600000000000149e-01,5.454599999999999449e-01,6.791700000000000514e-01,8.128699999999999815e-01,9.157600000000000184e-01,9.578200000000000047e-01,9.698700000000000099e-01,9.819200000000000150e-01,9.939700000000000202e-01,3.314000000000000279e-02,8.981999999999999706e-02,1.368900000000000117e-01,1.839600000000000124e-01,2.310300000000000131e-01,2.997400000000000064e-01,4.117600000000000149e-01,5.454599999999999449e-01,6.791700000000000514e-01,8.128699999999999815e-01,9.157600000000000184e-01,9.578200000000000047e-01,9.698700000000000099e-01,9.819200000000000150e-01,9.939700000000000202e-01,1.020299999999999957e-01,3.035599999999999965e-01,5.025399999999999867e-01,7.015200000000000324e-01,9.005100000000000326e-01,1.020299999999999957e-01,3.035599999999999965e-01,5.025399999999999867e-01,7.015200000000000324e-01,9.005100000000000326e-01
V/Vref,9.990200000000000191e-01,1.002350000000000074e+00,1.007880000000000109e+00,1.003139999999999921e+00,9.979299999999999837e-01,1.000350000000000072e+00,1.005220000000000002e+00,1.000229999999999952e+00,9.943300000000000471e-01,9.930200000000000138e-01,1.014750000000000041e+00,1.013390000000000013e+00,1.014189999999999925e+00,1.014669999999999961e+00,1.016850000000000032e+00,9.998500000000000165e-01,1.002790000000000070e+00,1.008019999999999916e+00,1.003230000000000066e+00,9.978799999999999892e-01,1.000429999999999930e+00,1.005039999999999933e+00,1.000010000000000066e+00,9.943199999999999816e-01,9.929000000000000048e-01,1.014680000000000026e+00,1.013349999999999973e+00,1.014189999999999925e+00,1.014729999999999910e+00,1.016720000000000068e+00,9.827500000000000124e-01,9.882300000000000528e-01,9.867500000000000160e-01,1.011879999999999891e+00,1.014000000000000012e+00,9.829099999999999504e-01,9.883199999999999763e-01,9.866200000000000525e-01,1.011800000000000033e+00,1.014250000000000096e+00
WingId,1,1,1,1,1,1,1,1,1,1,1,1,1,1,1,2,2,2,2,2,2,2,2,2,2,2,2,2,2,2,3,3,3,3,3,4,4,4,4,4
Xavg,2.391020000000000145e+00,2.380209999999999937e+00,2.369699999999999918e+00,2.359579999999999789e+00,2.349930000000000074e+00,2.337899999999999867e+00,2.323770000000000113e+00,2.309619999999999784e+00,2.295469999999999899e+00,2.281299999999999883e+00,2.284749999999999837e+00,2.305000000000000160e+00,2.325239999999999974e+00,2.345470000000000166e+00,2.365699999999999914e+00,2.391020000000000145e+00,2.380209999999999937e+00,2.369699999999999918e+00,2.359579999999999789e+00,2.349930000000000074e+00,2.337899999999999867e+00,2.323770000000000113e+00,2.309619999999999784e+00,2.295469999999999899e+00,2.281299999999999883e+00,2.284749999999999837e+00,2.305000000000000160e+00,2.325239999999999974e+00,2.345470000000000166e+00,2.365699999999999914e+00,5.722059999999999924e+00,5.820210000000000328e+00,5.918350000000000222e+00,6.016490000000000116e+00,6.114630000000000010e+00,5.722059999999999924e+00,5.820210000000000328e+00,5.918350000000000222e+00,6.016490000000000116e+00,6.114630000000000010e+00
Yavg,1.719199999999999895e-01,5.196100000000000163e-01,8.672999999999999599e-01,1.214979999999999949e+00,1.562650000000000095e+00,2.228590000000000071e+00,3.216559999999999864e+00,4.204550000000000232e+00,5.192569999999999908e+00,6.180620000000000225e+00,6.716649999999999565e+00,6.791660000000000252e+00,6.866660000000000430e+00,6.941650000000000098e+00,7.016610000000000014e+00,-1.719199999999999895e-01,-5.196100000000000163e-01,-8.672999999999999599e-01,-1.214979999999999949e+00,-1.562650000000000095e+00,-2.228590000000000071e+00,-3.216559999999999864e+00,-4.204550000000000232e+00,-5.192569999999999908e+00,-6.180620000000000225e+00,-6.716649999999999565e+00,-6.791660000000000252e+00,-6.866660000000000430e+00,-6.941650000000000098e+00,-7.016610000000000014e+00,1.078800000000000037e-01,3.257399999999999740e-01,5.435900000000000176e-01,7.614400000000000057e-01,9.792699999999999738e-01,-1.078800000000000037e-01,-3.257399999999999740e-01,-5.435900000000000176e-01,-7.614400000000000057e-01,-9.792699999999999738e-01
Zavg,1.033530000000000060e+00,1.043199999999999905e+00,1.052899999999999947e+00,1.062580000000000080e+00,1.072189999999999976e+00,1.094910000000000050e+00,1.130849999999999911e+00,1.166740000000000110e+00,1.202599999999999891e+00,1.238469999999999960e+00,1.270329999999999959e+00,1.298289999999999944e+00,1.326240000000000085e+00,1.354190000000000005e+00,1.382130000000000081e+00,1.033530000000000060e+00,1.043199999999999905e+00,1.052899999999999947e+00,1.062580000000000080e+00,1.072189999999999976e+00,1.094910000000000050e+00,1.130849999999999911e+00,1.166740000000000110e+00,1.202599999999999891e+00,1.238469999999999960e+00,1.270329999999999959e+00,1.298289999999999944e+00,1.326240000000000085e+00,1.354190000000000005e+00,1.382130000000000081e+00,3.777900000000000147e-01,5.956799999999999873e-01,8.135799999999999699e-01,1.031470000000000109e+00,1.249349999999999961e+00,3.777900000000000147e-01,5.956799999999999873e-01,8.135799999999999699e-01,1.031470000000000109e+00,1.249349999999999961e+00
cd,8.855000000000000371e-02,6.578000000000000513e-02,2.507199999999999984e-01,2.571200000000000152e-01,2.919800000000000173e-01,2.926900000000000057e-01,4.354000000000000231e-02,4.270999999999999797e-02,4.324999999999999678e-02,4.333999999999999658e-02,6.271000000000000185e-02,2.050000000000000086e-02,-1.375999999999999966e-02,-1.883999999999999911e-02,-1.923000000000000057e-02,8.752999999999999670e-02,6.461999999999999689e-02,2.474500000000000033e-01,2.534199999999999786e-01,2.866500000000000159e-01,2.846099999999999741e-01,3.899999999999999994e-02,4.352000000000000313e-02,4.379000000000000253e-02,4.349999999999999700e-02,6.272999999999999410e-02,2.075000000000000108e-02,-1.340000000000000045e-02,-1.832999999999999907e-02,-1.849999999999999908e-02,1.822999999999999968e-02,1.073999999999999955e-02,1.413999999999999979e-02,2.205999999999999975e-02,-1.440000000000000091e-03,1.761000000000000065e-02,1.035999999999999942e-02,1.366999999999999986e-02,1.964000000000000121e-02,-2.939999999999999905e-03
cd*c/cref,1.287194859764554666e-01,8.896832156329356756e-02,3.137548740695080274e-01,2.957718122064469379e-01,3.063634126526811330e-01,2.854923271680212538e-01,4.043740778832689842e-02,3.767412101588619999e-02,3.613319017212845291e-02,3.418728567695596132e-02,4.595822953587629101e-02,1.368581615287204831e-02,-8.288208296202989253e-03,-1.011875724460465330e-02,-9.073592955396687226e-03,1.272367770470823889e-01,8.739940619367633778e-02,3.096627456465370076e-01,2.915156061347144445e-01,3.007708481296357261e-01,2.776110261207780372e-01,3.622092107819818024e-02,3.838861499909547448e-02,3.658433289335272232e-02,3.431349623783074010e-02,4.597288692051538367e-02,1.385271634985829267e-02,-8.071365637290703332e-03,-9.844841841486373646e-03,-8.729145588915169021e-03,1.409093779522811035e-02,7.794827603535031679e-03,9.597618912019510728e-03,1.394038754028502705e-02,-8.429001199338019817e-04,1.361170677860488488e-02,7.519032958344778680e-03,9.278603290474307652e-03,1.241111565236618051e-02,-1.720921078198178874e-03
cl,1.580009999999999915e+00,1.808570000000000011e+00,2.163489999999999913e+00,2.432490000000000041e+00,2.666980000000000128e+00,2.758379999999999832e+00,2.222339999999999982e+00,1.938409999999999966e+00,1.666549999999999976e+00,1.309309999999999974e+00,1.113339999999999996e+00,1.051320000000000032e+00,1.009859999999999980e+00,9.375400000000000400e-01,7.737500000000000488e-01,1.572259999999999991e+00,1.799320000000000030e+00,2.151619999999999866e+00,2.418039999999999967e+00,2.648699999999999832e+00,2.733880000000000088e+00,2.195699999999999985e+00,1.931380000000000097e+00,1.663720000000000088e+00,1.307760000000000034e+00,1.112109999999999932e+00,1.050289999999999946e+00,1.009090000000000042e+00,9.378600000000000270e-01,7.747000000000000552e-01,1.716699999999999893e-01,1.959299999999999931e-01,2.227600000000000136e-01,1.112699999999999939e-01,5.699999999999999772e-04,1.652599999999999902e-01,1.881700000000000039e-01,2.139800000000000035e-01,1.019300000000000067e-01,-9.029999999999999832e-03
cl*c/cref,2.296759740685029527e+00,2.446114887955697981e+00,2.707424746731971421e+00,2.798156407413114888e+00,2.798359799563146399e+00,2.690547423600828214e+00,2.063979532023665353e+00,1.709854669126761317e+00,1.392318337141287277e+00,1.032804684118486582e+00,8.159326307043933690e-01,7.018620603823141346e-01,6.082797986921185673e-01,5.035424451755120545e-01,3.650906161850331344e-01,2.285494060094205082e+00,2.433604140396250504e+00,2.692570445698128534e+00,2.781534197214051485e+00,2.779179296846209901e+00,2.666649914237281482e+00,2.039237856702557750e+00,1.703653567025574800e+00,1.389954015102278895e+00,1.031582019310012255e+00,8.150312015490891460e-01,7.011744315707307829e-01,6.078159963383339415e-01,5.037143136637430851e-01,3.655388696071665833e-01,1.326928848769506064e-01,1.422011706108583518e-01,1.511998294795945108e-01,7.031491031765706168e-02,3.336479641404632799e-04,1.277382545276685433e-01,1.365691536459205657e-01,1.452403461664734940e-01,6.441267914692895558e-02,-5.285686168751549570e-03
cmx,1.582199999999999995e-01,5.761100000000000110e-01,1.250220000000000109e+00,2.152759999999999785e+00,3.332910000000000039e+00,5.330280000000000129e+00,6.371260000000000367e+00,7.639380000000000059e+00,8.567339999999999733e+00,8.503249999999999531e+00,8.654009999999999536e+00,8.964790000000000703e+00,9.551460000000000505e+00,9.998020000000000351e+00,9.476309999999999789e+00,-1.574899999999999911e-01,-5.732000000000000428e-01,-1.243360000000000021e+00,-2.139810000000000212e+00,-3.309509999999999952e+00,-5.280850000000000044e+00,-6.292300000000000004e+00,-7.612510000000000332e+00,-8.553459999999999397e+00,-8.493439999999999657e+00,-8.644529999999999603e+00,-8.956550000000000011e+00,-9.545099999999999696e+00,-1.000258000000000003e+01,-9.489990000000000592e+00,-5.002999999999999808e-02,3.701000000000000123e-02,1.651600000000000013e-01,1.537199999999999955e-01,-4.099999999999999912e-04,4.825999999999999734e-02,-3.556000000000000133e-02,-1.585699999999999887e-01,-1.396199999999999941e-01,2.146999999999999950e-02
cmx*c/cref,2.299943203974565975e-01,7.791964082673921155e-01,1.564544586228383549e+00,2.476375725130486316e+00,3.497094601220108956e+00,5.199200661645974719e+00,5.917253990478998915e+00,6.738630920307673300e+00,7.157579780099029065e+00,6.707499698490442697e+00,6.342257662027886767e+00,5.984900867761258958e+00,5.753233285817660914e+00,5.369826820950224011e+00,4.471356196523929682e+00,-2.289331659676111519e-01,-7.752605947108524020e-01,-1.555959876448083534e+00,-2.461479003879423200e+00,-3.472541878923812053e+00,-5.150986217244336807e+00,-5.843920556419138990e+00,-6.714929126074546950e+00,-7.145983741264597455e+00,-6.699761413476807981e+00,-6.335310061708956830e+00,-5.979399837268592144e+00,-5.749402398843542983e+00,-5.372275946907516975e+00,-4.477811045802652323e+00,-3.867085122848394618e-02,2.686094689076643643e-02,1.121034469242675052e-01,9.714036140945667142e-02,-2.399923952589297143e-04,3.730272397134989232e-02,-2.580857258675100033e-02,-1.076304406562187954e-01,-8.823014090546670019e-02,1.256740664929078231e-02
cmy,-2.934499999999999886e-01,-4.089400000000000257e-01,-5.687299999999999578e-01,-7.423600000000000199e-01,-9.294400000000000439e-01,-1.082740000000000036e+00,-8.955899999999999972e-01,-7.824900000000000189e-01,-6.650199999999999445e-01,-4.857299999999999951e-01,-4.480500000000000038e-01,-5.286399999999999988e-01,-6.482400000000000384e-01,-7.530299999999999772e-01,-7.929800000000000182e-01,-2.897799999999999820e-01,-4.050300000000000011e-01,-5.633599999999999719e-01,-7.356200000000000516e-01,-9.205100000000000504e-01,-1.069369999999999932e+00,-8.788599999999999746e-01,-7.793400000000000327e-01,-6.638800000000000257e-01,-4.852699999999999791e-01,-4.476999999999999869e-01,-5.281700000000000284e-01,-6.477899999999999769e-01,-7.538000000000000256e-01,-7.944299999999999695e-01,-6.883599999999999719e-01,-8.522499999999999520e-01,-1.063830000000000053e+00,-6.166700000000000514e-01,-2.355000000000000149e-02,-6.619000000000000439e-01,-8.188299999999999468e-01,-1.022699999999999942e+00,-5.656400000000000317e-01,3.699999999999999817e-02
cmy*c/cref,-4.265695444358085786e-01,-5.530967683200557206e-01,-7.117174917419881730e-01,-8.539559836246809477e-01,-9.752257355158159280e-01,-1.056113848501497587e+00,-8.317716591903463463e-01,-6.902276505202714629e-01,-5.555906156825171083e-01,-3.831515983356672539e-01,-3.283620593772823004e-01,-3.529204805392331390e-01,-3.904613478147257455e-01,-4.044441490395245253e-01,-3.741642091404298043e-01,-4.212346995624761115e-01,-5.478084415138460006e-01,-7.049973909372927450e-01,-8.462027866183358116e-01,-9.658558291010326258e-01,-1.043072636248818963e+00,-8.162338127893654649e-01,-6.874490628077910559e-01,-5.546382032710437393e-01,-3.827887429731522961e-01,-3.281055551460981268e-01,-3.526067081688989968e-01,-3.901902944910853877e-01,-4.048577075893305954e-01,-3.748483854163177087e-01,-5.320701009722008656e-01,-6.185420693773492351e-01,-7.220816780179432071e-01,-3.896926012904609049e-01,-1.378492904475072008e-02,-5.116177579079257409e-01,-5.942866561082486010e-01,-6.941644173495299386e-01,-3.574451862324035667e-01,2.165785030385463175e-02
cmz,7.060000000000000303e-03,8.663999999999999480e-02,1.433200000000000029e-01,2.260000000000000064e-01,3.279400000000000093e-01,4.899800000000000266e-01,1.188439999999999941e+00,1.424360000000000070e+00,1.569169999999999954e+00,1.477340000000000098e+00,1.134560000000000013e+00,1.536810000000000009e+00,1.991300000000000070e+00,2.193039999999999878e+00,2.130970000000000031e+00,-6.939999999999999988e-03,-8.606999999999999373e-02,-1.428500000000000048e-01,-2.258000000000000007e-01,-3.288599999999999857e-01,-4.962599999999999789e-01,-1.186239999999999961e+00,-1.415329999999999977e+00,-1.563390000000000057e+00,-1.474320000000000075e+00,-1.132749999999999924e+00,-1.533099999999999907e+00,-1.986450000000000049e+00,-2.188520000000000021e+00,-2.124299999999999855e+00,-6.684900000000000286e-01,-7.960199999999999498e-01,-1.004170000000000007e+00,-6.461299999999999821e-01,-1.182000000000000065e-02,6.430900000000000505e-01,7.648399999999999643e-01,9.588600000000000456e-01,5.779800000000000493e-01,-5.287000000000000033e-02
cmz*c/cref,1.026267160919001192e-02,1.171817479514100507e-01,1.793528579755978292e-01,2.599736681652808357e-01,3.440948611045970273e-01,4.779306791000275112e-01,1.103753626824970357e+00,1.256415617190064893e+00,1.310962266413845168e+00,1.165349437517169573e+00,8.314841158064711912e-01,1.025975566921721427e+00,1.199441074144550479e+00,1.177857716969627822e+00,1.005489047330300423e+00,-1.008823526455788697e-02,-1.164108153990981442e-01,-1.787646927282595111e-01,-2.597436029722142159e-01,-3.450601818102633778e-01,-4.840562447654590539e-01,-1.101710395379533525e+00,-1.248450332414287489e+00,-1.306133368397778272e+00,-1.162967213180658099e+00,-8.301576224966331630e-01,-1.023498767998445524e+00,-1.196519721656426505e+00,-1.175430074573363903e+00,-1.002341836461215774e+00,-5.167115198426791567e-01,-5.777317196430126200e-01,-6.815870567809499958e-01,-4.083092747690101332e-01,-6.918805151123291058e-03,4.970785072261791893e-01,5.551020432297703033e-01,6.508325933507093097e-01,3.652432089997252884e-01,-3.094731204229174415e-02
cs,-2.870000000000000155e-03,6.289999999999999584e-03,7.008000000000000340e-02,2.852999999999999980e-02,2.401000000000000009e-02,-1.409299999999999997e-01,-8.469000000000000139e-02,-6.585000000000000575e-02,-5.804000000000000131e-02,-8.486000000000000487e-02,-3.303800000000000070e-01,-2.428700000000000025e-01,-1.844899999999999873e-01,-1.201500000000000068e-01,-8.698000000000000176e-02,3.139999999999999996e-03,-5.669999999999999693e-03,-6.865000000000000269e-02,-2.725999999999999951e-02,-2.250999999999999876e-02,1.395599999999999896e-01,8.340999999999999803e-02,6.571000000000000452e-02,5.793999999999999845e-02,8.462000000000000077e-02,3.298699999999999966e-01,2.426800000000000068e-01,1.845199999999999896e-01,1.201799999999999952e-01,8.723999999999999810e-02,-1.653600000000000070e-01,-1.821099999999999941e-01,-2.123899999999999955e-01,-1.187700000000000006e-01,1.240000000000000000e-03,1.592800000000000049e-01,1.749400000000000122e-01,2.028300000000000103e-01,1.062799999999999995e-01,-1.175000000000000003e-02
cs*c/cref,-4.171935909118319567e-03,8.507308340424389950e-03,8.769919262440620256e-02,3.281879979095337491e-02,2.519277189461905861e-02,-1.374643263103940416e-01,-7.865512323365651814e-02,-5.808571456090158569e-02,-4.848948803677076425e-02,-6.693892622396131753e-02,-2.421253368531782746e-01,-1.621402033681967891e-01,-1.111258392853553406e-01,-6.453124644051216885e-02,-4.104113963912656149e-02,4.564417684540599852e-03,-7.668750125628982263e-03,-8.590966857399380541e-02,-3.135788581498033523e-02,-2.361887943972823881e-02,1.361280166031263172e-01,7.746633402903872756e-02,5.796222177368022532e-02,4.840594308839590160e-02,6.674961038264913549e-02,2.417515735448813874e-01,1.620133592184872517e-01,1.111439095069313709e-01,6.454735911128382797e-02,4.116381952307888309e-02,-1.278155498529303657e-01,-1.321709548305181059e-01,-1.441611231063524845e-01,-7.505438930914110074e-02,7.258306588318849976e-04,1.231159940770122641e-01,1.269671453410073092e-01,1.376722096127947492e-01,6.716157696198969684e-02,-6.877830839737620293e-03
cx,-2.418899999999999939e-01,-3.116800000000000126e-01,-2.045800000000000118e-01,-2.542400000000000215e-01,-2.688999999999999724e-01,-2.872000000000000108e-01,-4.194599999999999995e-01,-3.612400000000000055e-01,-3.041900000000000159e-01,-2.298300000000000065e-01,-1.701300000000000034e-01,-1.985300000000000120e-01,-2.234200000000000075e-01,-2.133500000000000119e-01,-1.796800000000000064e-01,-2.412700000000000122e-01,-3.109000000000000097e-01,-2.053000000000000103e-01,-2.548599999999999755e-01,-2.703099999999999947e-01,-2.900099999999999900e-01,-4.183600000000000096e-01,-3.589899999999999758e-01,-3.030800000000000161e-01,-2.293499999999999983e-01,-1.698600000000000110e-01,-1.980699999999999961e-01,-2.229099999999999970e-01,-2.129199999999999982e-01,-1.791600000000000137e-01,-1.786000000000000087e-02,-3.022999999999999993e-02,-3.248999999999999805e-02,-1.559999999999999972e-03,-1.520000000000000084e-03,-1.712999999999999939e-02,-2.898999999999999841e-02,-3.110999999999999877e-02,-1.979999999999999989e-03,-1.000000000000000021e-03
cx*c/cref,-3.516200616922056099e-01,-4.215513296571501423e-01,-2.560145665967611395e-01,-2.924588734262876244e-01,-2.821464540800943110e-01,-2.801373342534958510e-01,-3.895699373195130599e-01,-3.186466746845875164e-01,-2.541353784614972522e-01,-1.812935825365664388e-01,-1.246830424324451292e-01,-1.325387844307164831e-01,-1.345749634838424580e-01,-1.145879436378133137e-01,-8.478123672520419818e-02,-3.507188072449397009e-01,-4.204963693224075261e-01,-2.569155856990666953e-01,-2.931720755247941290e-01,-2.836259129876916862e-01,-2.828782322662128368e-01,-3.885483215967946435e-01,-3.166619691756728527e-01,-2.532080295345362497e-01,-1.809149508539421025e-01,-1.244851677398173678e-01,-1.322316880682617712e-01,-1.342677697170500395e-01,-1.143569953567527969e-01,-8.453587695729955498e-02,-1.380494509175941159e-02,-2.194018980026666774e-02,-2.205280328511413646e-02,-9.858116302286781211e-04,-8.897279043745688187e-04,-1.324068921734819146e-02,-2.104022832648794888e-02,-2.111611911972609626e-02,-1.251222453751783944e-03,-5.853473055095847035e-04
cy,-2.870000000000000155e-03,6.289999999999999584e-03,7.008000000000000340e-02,2.852999999999999980e-02,2.401000000000000009e-02,-1.409299999999999997e-01,-8.469000000000000139e-02,-6.585000000000000575e-02,-5.804000000000000131e-02,-8.486000000000000487e-02,-3.303800000000000070e-01,-2.428700000000000025e-01,-1.844899999999999873e-01,-1.201500000000000068e-01,-8.698000000000000176e-02,3.139999999999999996e-03,-5.669999999999999693e-03,-6.865000000000000269e-02,-2.725999999999999951e-02,-2.250999999999999876e-02,1.395599999999999896e-01,8.340999999999999803e-02,6.571000000000000452e-02,5.793999999999999845e-02,8.462000000000000077e-02,3.298699999999999966e-01,2.426800000000000068e-01,1.845199999999999896e-01,1.201799999999999952e-01,8.723999999999999810e-02,-1.653600000000000070e-01,-1.821099999999999941e-01,-2.123899999999999955e-01,-1.187700000000000006e-01,1.240000000000000000e-03,1.592800000000000049e-01,1.749400000000000122e-01,2.028300000000000103e-01,1.062799999999999995e-01,-1.175000000000000003e-02
cy*c/cref,-4.171935909118319567e-03,8.507308340424389950e-03,8.769919262440620256e-02,3.281879979095337491e-02,2.519277189461905861e-02,-1.374643263103940416e-01,-7.865512323365651814e-02,-5.808571456090158569e-02,-4.848948803677076425e-02,-6.693892622396131753e-02,-2.421253368531782746e-01,-1.621402033681967891e-01,-1.111258392853553406e-01,-6.453124644051216885e-02,-4.104113963912656149e-02,4.564417684540599852e-03,-7.668750125628982263e-03,-8.590966857399380541e-02,-3.135788581498033523e-02,-2.361887943972823881e-02,1.361280166031263172e-01,7.746633402903872756e-02,5.796222177368022532e-02,4.840594308839590160e-02,6.674961038264913549e-02,2.417515735448813874e-01,1.620133592184872517e-01,1.111439095069313709e-01,6.454735911128382797e-02,4.116381952307888309e-02,-1.278155498529303657e-01,-1.321709548305181059e-01,-1.441611231063524845e-01,-7.505438930914110074e-02,7.258306588318849976e-04,1.231159940770122641e-01,1.269671453410073092e-01,1.376722096127947492e-01,6.716157696198969684e-02,-6.877830839737620293e-03
cz,1.563900000000000068e+00,1.782720000000000082e+00,2.168340000000000156e+00,2.432789999999999786e+00,2.669410000000000061e+00,2.758950000000000014e+00,2.182819999999999983e+00,1.904930000000000012e+00,1.639119999999999910e+00,1.289700000000000069e+00,1.102049999999999974e+00,1.032610000000000028e+00,9.849299999999999722e-01,9.131399999999999517e-01,7.528500000000000192e-01,1.556100000000000039e+00,1.773439999999999905e+00,2.156050000000000022e+00,2.417889999999999873e+00,2.650419999999999998e+00,2.733309999999999906e+00,2.155829999999999913e+00,1.898220000000000018e+00,1.636460000000000026e+00,1.288229999999999986e+00,1.100850000000000106e+00,1.031660000000000021e+00,9.842600000000000238e-01,9.135499999999999732e-01,7.539200000000000346e-01,1.716999999999999915e-01,1.938799999999999968e-01,2.208299999999999985e-01,1.134200000000000069e-01,2.599999999999999772e-04,1.653100000000000125e-01,1.862199999999999966e-01,2.121500000000000052e-01,1.037899999999999934e-01,-9.450000000000000067e-03
cz*c/cref,2.273341661418167181e+00,2.411152420451728506e+00,2.713494111518335306e+00,2.798501505202714679e+00,2.800909505340069217e+00,2.691103406471735404e+00,2.027275665331091048e+00,1.680322251154111601e+00,1.369401957802062197e+00,1.017336002251271632e+00,8.076585370756254045e-01,6.893712496398636258e-01,5.932634445624426212e-01,4.904374729478924166e-01,3.552290408980964820e-01,2.262003299017079083e+00,2.398601097494790224e+00,2.698114216008147714e+00,2.781361648319251589e+00,2.780984026861151648e+00,2.666093931366374292e+00,2.002208930461845782e+00,1.674403418280859368e+00,1.367179662175290966e+00,1.016176442723234485e+00,8.067790939972798725e-01,6.887370288913159388e-01,5.928598762805781242e-01,4.906576794484384663e-01,3.557339158051310846e-01,1.327160734745291559e-01,1.407133310775951496e-01,1.498898291613344202e-01,7.167356096188248760e-02,1.521902994324920034e-04,1.277769021902994684e-01,1.351538916508653321e-01,1.439982215123719600e-01,6.558806993681699782e-02,-5.531532037065575030e-03
Results_Name,VSPAERO_Comp_Load
Results_Timestamp,1758045781
Results_Date,9,16,2025
Results_Time,14,3,1
AoA,1.200000000000000000e+01,1.200000000000000000e+01,1.200000000000000000e+01,1.200000000000000000e+01,1.200000000000000000e+01,1.200000000000000000e+01,1.200000000000000000e+01,1.200000000000000000e+01,1.200000000000000000e+01
Beta,0.000000000000000000e+00,0.000000000000000000e+00,0.000000000000000000e+00,0.000000000000000000e+00,0.000000000000000000e+00,0.000000000000000000e+00,0.000000000000000000e+00,0.000000000000000000e+00,0.000000000000000000e+00
CDi,0.000000000000000000e+00,6.174999999999999933e-02,6.051000000000000129e-02,1.000000000000000021e-03,9.200000000000000278e-04,0.000000000000000000e+00,0.000000000000000000e+00,0.000000000000000000e+00,0.000000000000000000e+00
CFx,0.000000000000000000e+00,-1.499000000000000055e-01,-1.498099999999999987e-01,-1.340000000000000045e-03,-1.280000000000000105e-03,0.000000000000000000e+00,0.000000000000000000e+00,0.000000000000000000e+00,0.000000000000000000e+00
CFy,0.000000000000000000e+00,-2.853999999999999940e-02,2.847999999999999837e-02,-1.072000000000000036e-02,1.003000000000000072e-02,0.000000000000000000e+00,0.000000000000000000e+00,0.000000000000000000e+00,0.000000000000000000e+00
CFz,0.000000000000000000e+00,1.002199999999999980e+00,9.958099999999999730e-01,1.108999999999999916e-02,1.046000000000000055e-02,0.000000000000000000e+00,0.000000000000000000e+00,0.000000000000000000e+00,0.000000000000000000e+00
CL,0.000000000000000000e+00,1.011460000000000026e+00,1.005200000000000093e+00,1.111999999999999968e-02,1.048999999999999932e-02,0.000000000000000000e+00,0.000000000000000000e+00,0.000000000000000000e+00,0.000000000000000000e+00
Cmx,0.000000000000000000e+00,2.023699999999999943e-01,-2.012799999999999867e-01,2.400000000000000061e-04,-2.100000000000000087e-04,0.000000000000000000e+00,0.000000000000000000e+00,-1.000000000000000082e-05,0.000000000000000000e+00
Cmy,0.000000000000000000e+00,-3.516299999999999981e-01,-3.482700000000000240e-01,-3.593999999999999972e-02,-3.384000000000000202e-02,2.657999999999999946e-02,2.637000000000000108e-02,-0.000000000000000000e+00,3.000000000000000076e-05
Cmz,0.000000000000000000e+00,3.244999999999999968e-02,-3.239000000000000212e-02,-2.909999999999999826e-03,2.720000000000000195e-03,4.000000000000000327e-05,-3.000000000000000076e-05,1.000000000000000082e-05,6.000000000000000152e-05
Comp_ID,0,1,2,3,4,5,6,7,8
Comp_Name,NONE,main_wing,main_wing,horizontal_tail,horizontal_tail,fuselage,fuselage,fuselage,fuselage
Cs,0.000000000000000000e+00,-2.853999999999999940e-02,2.847999999999999837e-02,-1.072000000000000036e-02,1.003000000000000072e-02,0.000000000000000000e+00,0.000000000000000000e+00,0.000000000000000000e+00,0.000000000000000000e+00
Mach,1.499999999999999944e-01,1.499999999999999944e-01,1.499999999999999944e-01,1.499999999999999944e-01,1.499999999999999944e-01,1.499999999999999944e-01,1.499999999999999944e-01,1.499999999999999944e-01,1.499999999999999944e-01
Results_Name,VSPAERO_Load
Results_Timestamp,1758045781
Results_Date,9,16,2025
Results_Time,14,3,1
AnalysisMethod,0
Chord,1.735630000000000006e+00,1.614889999999999937e+00,1.494180000000000064e+00,1.373480000000000034e+00,1.252809999999999979e+00,1.164630000000000054e+00,1.108910000000000062e+00,1.053209999999999980e+00,9.975199999999999623e-01,9.418400000000000105e-01,8.750400000000000400e-01,7.971099999999999852e-01,7.191899999999999959e-01,6.412799999999999612e-01,5.633799999999999919e-01,1.735630000000000006e+00,1.614889999999999937e+00,1.494180000000000064e+00,1.373480000000000034e+00,1.252809999999999979e+00,1.164630000000000054e+00,1.108910000000000062e+00,1.053209999999999980e+00,9.975199999999999623e-01,9.418400000000000105e-01,8.750400000000000400e-01,7.971099999999999852e-01,7.191899999999999959e-01,6.412799999999999612e-01,5.633799999999999919e-01,9.229000000000000536e-01,8.665699999999999514e-01,8.104299999999999837e-01,7.545199999999999685e-01,6.988999999999999657e-01,9.229000000000000536e-01,8.665699999999999514e-01,8.104299999999999837e-01,7.545199999999999685e-01,6.988999999999999657e-01
FC_AoA_,1.300000000000000000e+01
FC_Beta_,0.000000000000000000e+00
FC_Bref_,1.417173599999999922e+01
FC_Cref_,1.193991999999999942e+00
FC_Mach_,1.499999999999999944e-01
FC_Pitch_Rate,0.000000000000000000e+00
FC_Rho_,2.377000000000000206e-03
FC_Roll__Rate,0.000000000000000000e+00
FC_Sref_,1.619368700000000061e+01
FC_Vinf_,5.100000000000000000e+01
FC_Xcg_,1.774861999999999940e+00
FC_Yaw___Rate,0.000000000000000000e+00
FC_Ycg_,0.000000000000000000e+00
FC_Zcg_,7.545150000000000468e-01
S,3.314000000000000279e-02,8.981999999999999706e-02,1.368900000000000117e-01,1.839600000000000124e-01,2.310300000000000131e-01,2.997400000000000064e-01,4.117600000000000149e-01,5.454599999999999449e-01,6.791700000000000514e-01,8.128699999999999815e-01,9.157600000000000184e-01,9.578200000000000047e-01,9.698700000000000099e-01,9.819200000000000150e-01,9.939700000000000202e-01,3.314000000000000279e-02,8.981999999999999706e-02,1.368900000000000117e-01,1.839600000000000124e-01,2.310300000000000131e-01,2.997400000000000064e-01,4.117600000000000149e-01,5.454599999999999449e-01,6.791700000000000514e-01,8.128699999999999815e-01,9.157600000000000184e-01,9.578200000000000047e-01,9.698700000000000099e-01,9.819200000000000150e-01,9.939700000000000202e-01,1.020299999999999957e-01,3.035599999999999965e-01,5.025399999999999867e-01,7.015200000000000324e-01,9.005100000000000326e-01,1.020299999999999957e-01,3.035599999999999965e-01,5.025399999999999867e-01,7.015200000000000324e-01,9.005100000000000326e-01
V/Vref,9.977000000000000313e-01,1.001500000000000057e+00,1.006110000000000060e+00,1.002180000000000071e+00,9.975300000000000278e-01,1.000459999999999905e+00,1.003679999999999906e+00,9.988000000000000211e-01,9.928200000000000358e-01,9.898299999999999876e-01,1.012880000000000003e+00,1.010839999999999961e+00,1.010459999999999914e+00,1.008480000000000043e+00,1.012680000000000025e+00,9.982499999999999707e-01,1.001929999999999987e+00,1.006070000000000020e+00,1.001940000000000053e+00,9.971600000000000463e-01,1.000150000000000095e+00,1.003830000000000000e+00,9.986800000000000122e-01,9.927799999999999958e-01,9.898000000000000131e-01,1.012760000000000105e+00,1.010720000000000063e+00,1.010320000000000107e+00,1.008310000000000040e+00,1.012440000000000007e+00,9.834000000000000519e-01,9.873300000000000409e-01,9.866000000000000325e-01,1.010049999999999892e+00,1.013870000000000049e+00,9.832899999999999974e-01,9.872999999999999554e-01,9.864300000000000290e-01,1.010159999999999947e+00,1.014259999999999939e+00
WingId,1,1,1,1,1,1,1,1,1,1,1,1,1,1,1,2,2,2,2,2,2,2,2,2,2,2,2,2,2,2,3,3,3,3,3,4,4,4,4,4
Xavg,2.391020000000000145e+00,2.380209999999999937e+00,2.369699999999999918e+00,2.359579999999999789e+00,2.349930000000000074e+00,2.337899999999999867e+00,2.323770000000000113e+00,2.309619999999999784e+00,2.295469999999999899e+00,2.281299999999999883e+00,2.284749999999999837e+00,2.305000000000000160e+00,2.325239999999999974e+00,2.345470000000000166e+00,2.365699999999999914e+00,2.391020000000000145e+00,2.380209999999999937e+00,2.369699999999999918e+00,2.359579999999999789e+00,2.349930000000000074e+00,2.337899999999999867e+00,2.323770000000000113e+00,2.309619999999999784e+00,2.295469999999999899e+00,2.281299999999999883e+00,2.284749999999999837e+00,2.305000000000000160e+00,2.325239999999999974e+00,2.345470000000000166e+00,2.365699999999999914e+00,5.722059999999999924e+00,5.820210000000000328e+00,5.918350000000000222e+00,6.016490000000000116e+00,6.114630000000000010e+00,5.722059999999999924e+00,5.820210000000000328e+00,5.918350000000000222e+00,6.016490000000000116e+00,6.114630000000000010e+00
Yavg,1.719199999999999895e-01,5.196100000000000163e-01,8.672999999999999599e-01,1.214979999999999949e+00,1.562650000000000095e+00,2.228590000000000071e+00,3.216559999999999864e+00,4.204550000000000232e+00,5.192569999999999908e+00,6.180620000000000225e+00,6.716649999999999565e+00,6.791660000000000252e+00,6.866660000000000430e+00,6.941650000000000098e+00,7.016610000000000014e+00,-1.719199999999999895e-01,-5.196100000000000163e-01,-8.672999999999999599e-01,-1.214979999999999949e+00,-1.562650000000000095e+00,-2.228590000000000071e+00,-3.216559999999999864e+00,-4.204550000000000232e+00,-5.192569999999999908e+00,-6.180620000000000225e+00,-6.716649999999999565e+00,-6.791660000000000252e+00,-6.866660000000000430e+00,-6.941650000000000098e+00,-7.016610000000000014e+00,1.078800000000000037e-01,3.257399999999999740e-01,5.435900000000000176e-01,7.614400000000000057e-01,9.792699999999999738e-01,-1.078800000000000037e-01,-3.257399999999999740e-01,-5.435900000000000176e-01,-7.614400000000000057e-01,-9.792699999999999738e-01
Zavg,1.033530000000000060e+00,1.043199999999999905e+00,1.052899999999999947e+00,1.062580000000000080e+00,1.072189999999999976e+00,1.094910000000000050e+00,1.130849999999999911e+00,1.166740000000000110e+00,1.202599999999999891e+00,1.238469999999999960e+00,1.270329999999999959e+00,1.298289999999999944e+00,1.326240000000000085e+00,1.354190000000000005e+00,1.382130000000000081e+00,1.033530000000000060e+00,1.043199999999999905e+00,1.052899999999999947e+00,1.062580000000000080e+00,1.072189999999999976e+00,1.094910000000000050e+00,1.130849999999999911e+00,1.166740000000000110e+00,1.202599999999999891e+00,1.238469999999999960e+00,1.270329999999999959e+00,1.298289999999999944e+00,1.326240000000000085e+00,1.354190000000000005e+00,1.382130000000000081e+00,3.777900000000000147e-01,5.956799999999999873e-01,8.135799999999999699e-01,1.031470000000000109e+00,1.249349999999999961e+00,3.777900000000000147e-01,5.956799999999999873e-01,8.135799999999999699e-01,1.031470000000000109e+00,1.249349999999999961e+00
cd,1.055200000000000027e-01,7.945000000000000673e-02,2.638699999999999934e-01,2.673900000000000166e-01,3.005300000000000193e-01,3.016300000000000092e-01,4.891000000000000208e-02,4.880000000000000310e-02,5.099999999999999672e-02,5.081999999999999712e-02,7.055000000000000160e-02,2.155999999999999930e-02,-1.946000000000000160e-02,-3.271000000000000296e-02,-5.104999999999999816e-02,1.038400000000000017e-01,7.820000000000000562e-02,2.602800000000000114e-01,2.632999999999999785e-01,2.952600000000000224e-01,2.939700000000000091e-01,4.521000000000000019e-02,4.966999999999999887e-02,5.152000000000000329e-02,5.097999999999999754e-02,7.051000000000000323e-02,2.173999999999999891e-02,-1.919999999999999832e-02,-3.248000000000000193e-02,-5.084000000000000324e-02,2.264000000000000040e-02,1.518000000000000078e-02,1.822999999999999968e-02,2.770999999999999852e-02,5.199999999999999544e-04,2.213000000000000037e-02,1.485999999999999995e-02,1.786000000000000087e-02,2.716000000000000011e-02,9.200000000000000278e-04
cd*c/cref,1.533876923798484504e-01,1.074571776862826566e-01,3.302109868407828719e-01,3.075856598704179157e-01,3.153345996455587663e-01,2.942124795643522028e-01,4.542474999832495086e-02,4.304605726001514698e-02,4.260792367118037410e-02,4.008762939785191076e-02,5.170392431440077458e-02,1.439347298809372233e-02,-1.172155039564754322e-02,-1.756818203137039403e-02,-2.408772336833077746e-02,1.509455835549987079e-01,1.057665361241951485e-01,3.257184054834538767e-01,3.028808266722055054e-01,3.098049908207090586e-01,2.867408501061983750e-01,4.198840620372665949e-02,4.381347672346213445e-02,4.304235740272966543e-02,4.021383995872669648e-02,5.167460954512258925e-02,1.451364112992381897e-02,-1.156494180865533412e-02,-1.744465155545430954e-02,-2.398863576975390419e-02,1.749966163927396678e-02,1.101727029996850925e-02,1.237373357610436174e-02,1.751079504720299412e-02,3.043805988649840068e-04,1.710545548043873251e-02,1.078502217770303286e-02,1.212259361871771343e-02,1.716323325449416876e-02,5.385195210688179749e-04
cl,1.649559999999999915e+00,1.884840000000000071e+00,2.236169999999999991e+00,2.510759999999999881e+00,2.749289999999999790e+00,2.843059999999999921e+00,2.314319999999999933e+00,2.034569999999999990e+00,1.764350000000000085e+00,1.389890000000000070e+00,1.176600000000000090e+00,1.105140000000000011e+00,1.051569999999999894e+00,9.509900000000000020e-01,7.272699999999999720e-01,1.641769999999999952e+00,1.875720000000000054e+00,2.223959999999999937e+00,2.495690000000000186e+00,2.730480000000000018e+00,2.818369999999999820e+00,2.289400000000000102e+00,2.026390000000000136e+00,1.760350000000000081e+00,1.387629999999999919e+00,1.174600000000000088e+00,1.103259999999999907e+00,1.049749999999999961e+00,9.493800000000000017e-01,7.259900000000000242e-01,1.919500000000000095e-01,2.183199999999999863e-01,2.364499999999999935e-01,1.330999999999999961e-01,1.043000000000000003e-02,1.877699999999999925e-01,2.127900000000000069e-01,2.304900000000000004e-01,1.308799999999999963e-01,1.240999999999999916e-02
cl*c/cref,2.397860138761398474e+00,2.549271073508030394e+00,2.798377619448036757e+00,2.888192420719736475e+00,2.884724524871188134e+00,2.773145019229609431e+00,2.149405181274246512e+00,1.794676572121086222e+00,1.474025296651903849e+00,1.096367477839047755e+00,8.622939383178448436e-01,7.377923347895128936e-01,6.334034300899837877e-01,5.107662925714745450e-01,3.431592277000181102e-01,2.386536312722363107e+00,2.536936152671039668e+00,2.783097837171438549e+00,2.870857008422167400e+00,2.864987913486857440e+00,2.749062182242426822e+00,2.126260941446844299e+00,1.787461064982009962e+00,1.470683498716909288e+00,1.094584753666691279e+00,8.608281998539355495e-01,7.365372453081762139e-01,6.323071699810384194e-01,5.099015792400618530e-01,3.425552651944067106e-01,1.483683768400458625e-01,1.584512814156208704e-01,1.604920079029005242e-01,8.410995383553658555e-02,6.105172396464968350e-03,1.451374322441021658e-01,1.544377435527206077e-01,1.564466183190507120e-01,8.270706805405730888e-02,7.264160061373945397e-03
cmx,1.646700000000000108e-01,5.989700000000000024e-01,1.290620000000000100e+00,2.217799999999999994e+00,3.428570000000000118e+00,5.483109999999999928e+00,6.613500000000000156e+00,7.994080000000000297e+00,9.045519999999999783e+00,9.004810000000000869e+00,9.124019999999999797e+00,9.382550000000000168e+00,9.879030000000000200e+00,1.003472000000000008e+01,8.727619999999999933e+00,-1.639500000000000124e-01,-5.960800000000000542e-01,-1.283519999999999994e+00,-2.204219999999999846e+00,-3.404490000000000016e+00,-5.433379999999999654e+00,-6.540149999999999686e+00,-7.962939999999999685e+00,-9.025740000000000762e+00,-8.990520000000000067e+00,-9.108539999999999637e+00,-9.366929999999999978e+00,-9.862360000000000682e+00,-1.001793999999999940e+01,-8.712450000000000472e+00,-5.569000000000000339e-02,4.150000000000000216e-02,1.736300000000000066e-01,1.841399999999999981e-01,2.042000000000000065e-02,5.446000000000000146e-02,-4.046000000000000291e-02,-1.690899999999999903e-01,-1.810299999999999965e-01,-2.477000000000000035e-02
cmx*c/cref,2.393702739214333131e-01,8.101148611548486533e-01,1.615101769191083614e+00,2.551192925915751530e+00,3.597466969376679646e+00,5.348272349647234414e+00,6.142232347452915242e+00,7.051508717646349567e+00,7.557075014237950583e+00,7.103138254192659318e+00,6.686713529738892881e+00,6.263797772933152430e+00,5.950542035206265901e+00,5.389537988194225804e+00,4.118090033769070679e+00,-2.383236558536405703e-01,-8.062060978633023289e-01,-1.606216719710014784e+00,-2.535571499306527699e+00,-3.572200749167498746e+00,-5.299765282681961232e+00,-6.074109153578918452e+00,-7.024040393402970039e+00,-7.540549823449404165e+00,-7.091866073474530019e+00,-6.675368714028235395e+00,-6.253369848625451866e+00,-5.940501015417189556e+00,-5.380525634342608221e+00,-4.110932134386160897e+00,-4.304576663830244482e-02,3.011967835630389653e-02,1.178525156784970135e-01,1.163636881989159044e-01,1.195279197850571996e-02,4.209503413758217127e-02,-2.936487195894110086e-02,-1.147709605256986565e-01,-1.143983842437805154e-01,-1.449905275747241304e-02
cmy,-3.040300000000000225e-01,-4.228000000000000091e-01,-5.814000000000000279e-01,-7.603799999999999448e-01,-9.528900000000000148e-01,-1.112460000000000004e+00,-9.291599999999999859e-01,-8.213599999999999790e-01,-7.085700000000000331e-01,-5.223299999999999610e-01,-4.767299999999999871e-01,-5.590500000000000469e-01,-6.772899999999999476e-01,-7.596800000000000219e-01,-7.248700000000000143e-01,-3.004700000000000149e-01,-4.191199999999999926e-01,-5.759900000000000020e-01,-7.534300000000000441e-01,-9.437699999999999978e-01,-1.099210000000000020e+00,-9.140800000000000036e-01,-8.175999999999999934e-01,-7.067799999999999638e-01,-5.214699999999999891e-01,-4.759200000000000097e-01,-5.579800000000000315e-01,-6.759399999999999853e-01,-7.582400000000000251e-01,-7.233899999999999775e-01,-7.693799999999999528e-01,-9.498699999999999921e-01,-1.131310000000000038e+00,-7.315099999999999936e-01,-8.193000000000000282e-02,-7.528099999999999792e-01,-9.264999999999999902e-01,-1.102959999999999940e+00,-7.188799999999999635e-01,-9.357000000000000040e-02
cmy*c/cref,-4.419490154875410082e-01,-5.718426019604821997e-01,-7.275729251117261098e-01,-8.746848575199832609e-01,-9.998309208939424320e-01,-1.085102990472297968e+00,-8.629495135645800508e-01,-7.245145408009433519e-01,-5.919744406997702324e-01,-4.120222641357731419e-01,-3.493807489497417484e-01,-3.732222205006399118e-01,-4.079593457075089136e-01,-4.080157910605766158e-01,-3.420267980019967013e-01,-4.367740705967879111e-01,-5.668653532016965091e-01,-7.208027676902357683e-01,-8.666900920609184045e-01,-9.902616547682061565e-01,-1.072178827245073851e+00,-8.489440907476767384e-01,-7.211978773727126812e-01,-5.904789861238600723e-01,-4.113438823710712233e-01,-3.487871248718584782e-01,-3.725078876575387832e-01,-4.071461857365878401e-01,-4.072423828635367560e-01,-3.413284663548834530e-01,-5.946947734993199841e-01,-6.893922621759609459e-01,-7.678841761921353370e-01,-4.622635036080643411e-01,-4.795750474040027383e-02,-5.818869381034379451e-01,-6.724308914967603856e-01,-7.486414254031852344e-01,-4.542822209864052496e-01,-5.477094737653184081e-02
cmz,8.609999999999999598e-03,9.622999999999999610e-02,1.654500000000000137e-01,2.681299999999999795e-01,3.966999999999999971e-01,6.009100000000000552e-01,1.343509999999999982e+00,1.619099999999999984e+00,1.792810000000000015e+00,1.692379999999999995e+00,1.320429999999999993e+00,1.778489999999999904e+00,2.301540000000000141e+00,2.570619999999999905e+00,2.609729999999999883e+00,-8.470000000000000098e-03,-9.568999999999999728e-02,-1.650000000000000078e-01,-2.679300000000000015e-01,-3.971000000000000085e-01,-6.053899999999999837e-01,-1.338500000000000023e+00,-1.608370000000000077e+00,-1.785479999999999956e+00,-1.688099999999999934e+00,-1.317790000000000017e+00,-1.774000000000000021e+00,-2.295659999999999812e+00,-2.564869999999999983e+00,-2.604000000000000092e+00,-7.449500000000000011e-01,-8.835600000000000120e-01,-1.047739999999999894e+00,-7.393100000000000227e-01,-6.440999999999999504e-02,7.288799999999999724e-01,8.621299999999999519e-01,1.020219999999999905e+00,7.243899999999999784e-01,7.631000000000000283e-02
cmz*c/cref,1.251580772735495610e-02,1.301523500157454882e-01,2.070466812172946092e-01,3.084369010847643477e-01,4.162420912367922332e-01,5.861327490468948298e-01,1.247773581481283145e+00,1.428194084214969628e+00,1.497802188959389991e+00,1.334976431332873359e+00,9.677025199498825447e-01,1.187321325352263646e+00,1.386311258869406204e+00,1.380651791301784170e+00,1.231389898257274851e+00,-1.231229865861747756e-02,-1.294219928609236792e-01,-2.064835442783536368e-01,-3.082068358916977835e-01,-4.166617958914297648e-01,-5.905025793305147541e-01,-1.243120586235083813e+00,-1.418729244165790160e+00,-1.491678344243512422e+00,-1.331600298829473061e+00,-9.657677451775222854e-01,-1.184323797814390788e+00,-1.382769495440505425e+00,-1.377563529403881937e+00,-1.228686222353248647e+00,-5.758115255378596364e-01,-6.412660965902619026e-01,-7.111604836548317543e-01,-4.671925617592077584e-01,-3.770221994787234521e-02,5.633901667682865710e-01,6.257127301522957818e-01,6.924811008783977595e-01,4.577641582188154978e-01,4.466785288343640831e-02
cs,-3.800000000000000209e-04,8.600000000000000006e-03,7.310999999999999444e-02,3.125000000000000000e-02,2.779999999999999832e-02,-1.444300000000000028e-01,-8.706999999999999462e-02,-6.862999999999999656e-02,-6.071000000000000008e-02,-9.311999999999999444e-02,-3.432200000000000251e-01,-2.425799999999999901e-01,-1.723999999999999977e-01,-8.877999999999999781e-02,-3.731999999999999901e-02,8.300000000000000086e-04,-8.009999999999999759e-03,-7.162999999999999923e-02,-2.997000000000000011e-02,-2.640999999999999945e-02,1.431399999999999895e-01,8.598000000000000087e-02,6.847000000000000308e-02,6.058999999999999803e-02,9.284000000000000585e-02,3.424400000000000222e-01,2.420599999999999974e-01,1.720299999999999885e-01,8.840000000000000635e-02,3.712000000000000022e-02,-1.843500000000000139e-01,-2.021900000000000086e-01,-2.218199999999999894e-01,-1.378500000000000003e-01,-8.019999999999999352e-03,1.803299999999999903e-01,1.971600000000000019e-01,2.160299999999999998e-01,1.351600000000000024e-01,1.009000000000000001e-02
cs*c/cref,-5.523817580017286680e-04,1.163161394716212549e-02,9.149098134660868520e-02,3.594768641665940789e-02,2.916947349730986475e-02,-1.408782562194721699e-01,-8.086552816099271124e-02,-6.053792847858276843e-02,-5.072013815837961986e-02,-7.345454642912180310e-02,-2.515353777914760558e-01,-1.619465991396927262e-01,-1.038435399902176842e-01,-4.768276370360940292e-02,-1.760928180423319486e-02,1.206518050372196822e-03,-1.083363112985681609e-02,-8.963888652520285438e-02,-3.447526918103303861e-02,-2.771099982244437307e-02,1.396199791958405156e-01,7.985319985393538045e-02,6.039679386461550836e-02,5.061988422032977913e-02,7.323367794759094718e-02,2.509637397905514211e-01,1.615994467299613491e-01,1.036206739241133934e-01,4.747866987383499854e-02,1.751491266273140848e-02,-1.424939321201482423e-01,-1.467445245026767486e-01,-1.505617982365040908e-01,-8.711162386347647002e-02,-4.694485390186868903e-03,1.393866600446234394e-01,1.430938743308162731e-01,1.466317972817238469e-01,8.541173073186419940e-02,5.906154312591709726e-03
cx,-2.682599999999999985e-01,-3.465799999999999992e-01,-2.459300000000000097e-01,-3.042599999999999749e-01,-3.256299999999999750e-01,-3.456500000000000128e-01,-4.729499999999999815e-01,-4.101199999999999846e-01,-3.472000000000000086e-01,-2.631399999999999850e-01,-1.959400000000000031e-01,-2.275899999999999868e-01,-2.555100000000000149e-01,-2.457999999999999907e-01,-2.133400000000000019e-01,-2.681399999999999895e-01,-3.457500000000000018e-01,-2.466800000000000104e-01,-3.048600000000000199e-01,-3.265299999999999869e-01,-3.475599999999999801e-01,-4.709599999999999898e-01,-4.074400000000000244e-01,-3.457899999999999863e-01,-2.624699999999999811e-01,-1.955199999999999994e-01,-2.270000000000000073e-01,-2.548500000000000210e-01,-2.452100000000000113e-01,-2.128500000000000114e-01,-2.111999999999999988e-02,-3.432000000000000328e-02,-3.542000000000000010e-02,-2.939999999999999905e-03,-1.840000000000000056e-03,-2.067000000000000087e-02,-3.339000000000000301e-02,-3.443999999999999839e-02,-2.980000000000000010e-03,-1.889999999999999970e-03
cx*c/cref,-3.899524484251150613e-01,-4.687540420706336475e-01,-3.077605942083364021e-01,-3.499981782122493223e-01,-3.416710667240651089e-01,-3.371499637351004219e-01,-4.392483236906110089e-01,-3.617632992515862345e-01,-2.900680607575260028e-01,-2.075690436786846171e-01,-1.435983973091947141e-01,-1.519392633283975225e-01,-1.539040771629960891e-01,-1.320164825224959537e-01,-1.006635632399547203e-01,-3.897780120804829607e-01,-4.676314560734075032e-01,-3.086991557732380320e-01,-3.506883737914492372e-01,-3.426154021969996522e-01,-3.390129940569115985e-01,-4.374001279740568071e-01,-3.593992944676346335e-01,-2.888900769854404471e-01,-2.070405369550214758e-01,-1.432905922317737613e-01,-1.515453788635099941e-01,-1.535065322883235606e-01,-1.316995999973199216e-01,-1.004323588432753517e-01,-1.632477269529444136e-02,-2.490861111297228148e-02,-2.404156024495976429e-02,-1.857875764661739678e-03,-1.077039042137635950e-03,-1.597694373161629572e-02,-2.423364000763824494e-02,-2.337637873620593623e-02,-1.883152985949654518e-03,-1.106306407413115006e-03
cy,-3.800000000000000209e-04,8.600000000000000006e-03,7.310999999999999444e-02,3.125000000000000000e-02,2.779999999999999832e-02,-1.444300000000000028e-01,-8.706999999999999462e-02,-6.862999999999999656e-02,-6.071000000000000008e-02,-9.311999999999999444e-02,-3.432200000000000251e-01,-2.425799999999999901e-01,-1.723999999999999977e-01,-8.877999999999999781e-02,-3.731999999999999901e-02,8.300000000000000086e-04,-8.009999999999999759e-03,-7.162999999999999923e-02,-2.997000000000000011e-02,-2.640999999999999945e-02,1.431399999999999895e-01,8.598000000000000087e-02,6.847000000000000308e-02,6.058999999999999803e-02,9.284000000000000585e-02,3.424400000000000222e-01,2.420599999999999974e-01,1.720299999999999885e-01,8.840000000000000635e-02,3.712000000000000022e-02,-1.843500000000000139e-01,-2.021900000000000086e-01,-2.218199999999999894e-01,-1.378500000000000003e-01,-8.019999999999999352e-03,1.803299999999999903e-01,1.971600000000000019e-01,2.160299999999999998e-01,1.351600000000000024e-01,1.009000000000000001e-02
cy*c/cref,-5.523817580017286680e-04,1.163161394716212549e-02,9.149098134660868520e-02,3.594768641665940789e-02,2.916947349730986475e-02,-1.408782562194721699e-01,-8.086552816099271124e-02,-6.053792847858276843e-02,-5.072013815837961986e-02,-7.345454642912180310e-02,-2.515353777914760558e-01,-1.619465991396927262e-01,-1.038435399902176842e-01,-4.768276370360940292e-02,-1.760928180423319486e-02,1.206518050372196822e-03,-1.083363112985681609e-02,-8.963888652520285438e-02,-3.447526918103303861e-02,-2.771099982244437307e-02,1.396199791958405156e-01,7.985319985393538045e-02,6.039679386461550836e-02,5.061988422032977913e-02,7.323367794759094718e-02,2.509637397905514211e-01,1.615994467299613491e-01,1.036206739241133934e-01,4.747866987383499854e-02,1.751491266273140848e-02,-1.424939321201482423e-01,-1.467445245026767486e-01,-1.505617982365040908e-01,-8.711162386347647002e-02,-4.694485390186868903e-03,1.393866600446234394e-01,1.430938743308162731e-01,1.466317972817238469e-01,8.541173073186419940e-02,5.906154312591709726e-03
cz,1.631019999999999914e+00,1.854409999999999892e+00,2.238210000000000033e+00,2.506559999999999899e+00,2.746430000000000149e+00,2.838039999999999896e+00,2.266000000000000014e+00,1.993400000000000061e+00,1.730609999999999982e+00,1.365699999999999914e+00,1.162320000000000020e+00,1.081669999999999909e+00,1.020240000000000036e+00,9.192599999999999660e-01,6.971500000000000474e-01,1.623050000000000104e+00,1.845239999999999991e+00,2.225509999999999877e+00,2.490950000000000220e+00,2.726919999999999789e+00,2.812269999999999825e+00,2.240899999999999892e+00,1.985630000000000006e+00,1.726820000000000022e+00,1.363529999999999909e+00,1.160360000000000058e+00,1.079870000000000108e+00,1.018529999999999935e+00,9.177400000000000002e-01,6.959499999999999575e-01,1.921200000000000130e-01,2.161399999999999988e-01,2.344900000000000040e-01,1.359200000000000130e-01,1.027999999999999921e-02,1.879300000000000137e-01,2.106800000000000062e-01,2.285999999999999976e-01,1.336299999999999988e-01,1.230000000000000017e-02
cz*c/cref,2.370909723515735479e+00,2.508114095320571391e+00,2.800930506904569128e+00,2.883361051665337627e+00,2.881723636590530102e+00,2.768248468331446333e+00,2.104528388799925320e+00,1.758360871764634847e+00,1.445837231070224771e+00,1.077286018666791856e+00,8.518285656855323351e-01,7.221237442964442144e-01,6.145320953574228140e-01,4.937244577853117655e-01,3.289472349898492354e-01,2.359324242959751849e+00,2.495711548821097470e+00,2.785037531072235062e+00,2.865404463346488129e+00,2.861252542060582993e+00,2.743112190115176485e+00,2.081216975490623344e+00,1.751507022073849784e+00,1.442670877526817552e+00,1.075574287934927487e+00,8.503921419909011847e-01,7.209220628781433104e-01,6.135020927275894875e-01,4.929080824662141480e-01,3.283810201408384755e-01,1.484997788929909301e-01,1.568690910826873175e-01,1.591616448853928611e-01,8.589199793633459090e-02,6.017370300638529880e-03,1.452611047645210596e-01,1.529063574965326411e-01,1.551637682664540607e-01,8.444487701760144960e-02,7.199771857767892080e-03
Results_Name,VSPAERO_Comp_Load
Results_Timestamp,1758045781
Results_Date,9,16,2025
Results_Time,14,3,1
AoA,1.300000000000000000e+01,1.300000000000000000e+01,1.300000000000000000e+01,1.300000000000000000e+01,1.300000000000000000e+01,1.300000000000000000e+01,1.300000000000000000e+01,1.300000000000000000e+01,1.300000000000000000e+01
Beta,0.000000000000000000e+00,0.000000000000000000e+00,0.000000000000000000e+00,0.000000000000000000e+00,0.000000000000000000e+00,0.000000000000000000e+00,0.000000000000000000e+00,0.000000000000000000e+00,0.000000000000000000e+00
CDi,0.000000000000000000e+00,6.603000000000000536e-02,6.482999999999999874e-02,1.319999999999999993e-03,1.289999999999999914e-03,0.000000000000000000e+00,0.000000000000000000e+00,0.000000000000000000e+00,0.000000000000000000e+00
CFx,0.000000000000000000e+00,-1.726600000000000079e-01,-1.723800000000000054e-01,-1.529999999999999893e-03,-1.490000000000000005e-03,0.000000000000000000e+00,0.000000000000000000e+00,0.000000000000000000e+00,0.000000000000000000e+00
CFy,0.000000000000000000e+00,-2.909000000000000127e-02,2.903999999999999984e-02,-1.191000000000000045e-02,1.166000000000000023e-02,0.000000000000000000e+00,0.000000000000000000e+00,0.000000000000000000e+00,0.000000000000000000e+00
CFz,0.000000000000000000e+00,1.041390000000000038e+00,1.034869999999999957e+00,1.246000000000000059e-02,1.221000000000000037e-02,0.000000000000000000e+00,0.000000000000000000e+00,0.000000000000000000e+00,0.000000000000000000e+00
CL,0.000000000000000000e+00,1.053530000000000078e+00,1.047120000000000051e+00,1.248999999999999937e-02,1.222999999999999955e-02,0.000000000000000000e+00,0.000000000000000000e+00,0.000000000000000000e+00,0.000000000000000000e+00
Cmx,0.000000000000000000e+00,2.111399999999999944e-01,-2.100100000000000022e-01,2.799999999999999755e-04,-2.799999999999999755e-04,1.000000000000000082e-05,-1.000000000000000082e-05,-1.000000000000000082e-05,0.000000000000000000e+00
Cmy,0.000000000000000000e+00,-3.651800000000000046e-01,-3.618299999999999850e-01,-4.034999999999999698e-02,-3.953999999999999876e-02,2.880999999999999880e-02,2.860000000000000042e-02,-0.000000000000000000e+00,2.000000000000000164e-05
Cmz,0.000000000000000000e+00,3.733999999999999819e-02,-3.722999999999999921e-02,-3.229999999999999798e-03,3.160000000000000048e-03,4.000000000000000327e-05,-4.000000000000000327e-05,1.000000000000000082e-05,6.000000000000000152e-05
Comp_ID,0,1,2,3,4,5,6,7,8
Comp_Name,NONE,main_wing,main_wing,horizontal_tail,horizontal_tail,fuselage,fuselage,fuselage,fuselage
Cs,0.000000000000000000e+00,-2.909000000000000127e-02,2.903999999999999984e-02,-1.191000000000000045e-02,1.166000000000000023e-02,0.000000000000000000e+00,0.000000000000000000e+00,0.000000000000000000e+00,0.000000000000000000e+00
Mach,1.499999999999999944e-01,1.499999999999999944e-01,1.499999999999999944e-01,1.499999999999999944e-01,1.499999999999999944e-01,1.499999999999999944e-01,1.499999999999999944e-01,1.499999999999999944e-01,1.499999999999999944e-01
Results_Name,VSPAERO_Load
Results_Timestamp,1758045781
Results_Date,9,16,2025
Results_Time,14,3,1
AnalysisMethod,0
Chord,1.735630000000000006e+00,1.614889999999999937e+00,1.494180000000000064e+00,1.373480000000000034e+00,1.252809999999999979e+00,1.164630000000000054e+00,1.108910000000000062e+00,1.053209999999999980e+00,9.975199999999999623e-01,9.418400000000000105e-01,8.750400000000000400e-01,7.971099999999999852e-01,7.191899999999999959e-01,6.412799999999999612e-01,5.633799999999999919e-01,1.735630000000000006e+00,1.614889999999999937e+00,1.494180000000000064e+00,1.373480000000000034e+00,1.252809999999999979e+00,1.164630000000000054e+00,1.108910000000000062e+00,1.053209999999999980e+00,9.975199999999999623e-01,9.418400000000000105e-01,8.750400000000000400e-01,7.971099999999999852e-01,7.191899999999999959e-01,6.412799999999999612e-01,5.633799999999999919e-01,9.229000000000000536e-01,8.665699999999999514e-01,8.104299999999999837e-01,7.545199999999999685e-01,6.988999999999999657e-01,9.229000000000000536e-01,8.665699999999999514e-01,8.104299999999999837e-01,7.545199999999999685e-01,6.988999999999999657e-01
FC_AoA_,1.400000000000000000e+01
FC_Beta_,0.000000000000000000e+00
FC_Bref_,1.417173599999999922e+01
FC_Cref_,1.193991999999999942e+00
FC_Mach_,1.499999999999999944e-01
FC_Pitch_Rate,0.000000000000000000e+00
FC_Rho_,2.377000000000000206e-03
FC_Roll__Rate,0.000000000000000000e+00
FC_Sref_,1.619368700000000061e+01
FC_Vinf_,5.100000000000000000e+01
FC_Xcg_,1.774861999999999940e+00
FC_Yaw___Rate,0.000000000000000000e+00
FC_Ycg_,0.000000000000000000e+00
FC_Zcg_,7.545150000000000468e-01
S,3.314000000000000279e-02,8.981999999999999706e-02,1.368900000000000117e-01,1.839600000000000124e-01,2.310300000000000131e-01,2.997400000000000064e-01,4.117600000000000149e-01,5.454599999999999449e-01,6.791700000000000514e-01,8.128699999999999815e-01,9.157600000000000184e-01,9.578200000000000047e-01,9.698700000000000099e-01,9.819200000000000150e-01,9.939700000000000202e-01,3.314000000000000279e-02,8.981999999999999706e-02,1.368900000000000117e-01,1.839600000000000124e-01,2.310300000000000131e-01,2.997400000000000064e-01,4.117600000000000149e-01,5.454599999999999449e-01,6.791700000000000514e-01,8.128699999999999815e-01,9.157600000000000184e-01,9.578200000000000047e-01,9.698700000000000099e-01,9.819200000000000150e-01,9.939700000000000202e-01,1.020299999999999957e-01,3.035599999999999965e-01,5.025399999999999867e-01,7.015200000000000324e-01,9.005100000000000326e-01,1.020299999999999957e-01,3.035599999999999965e-01,5.025399999999999867e-01,7.015200000000000324e-01,9.005100000000000326e-01
V/Vref,9.949700000000000211e-01,9.989400000000000501e-01,1.004089999999999927e+00,1.000469999999999970e+00,9.963899999999999979e-01,9.994300000000000406e-01,1.003649999999999931e+00,9.967700000000000449e-01,9.890299999999999647e-01,9.885800000000000143e-01,1.012620000000000076e+00,1.010969999999999924e+00,1.011319999999999997e+00,1.010569999999999968e+00,1.017139999999999933e+00,9.956099999999999950e-01,9.994199999999999751e-01,1.004359999999999919e+00,1.000669999999999948e+00,9.964199999999999724e-01,9.995000000000000551e-01,1.003400000000000070e+00,9.965100000000000069e-01,9.888599999999999612e-01,9.884800000000000253e-01,1.012489999999999890e+00,1.010869999999999935e+00,1.011209999999999942e+00,1.010429999999999939e+00,1.016929999999999890e+00,9.826899999999999524e-01,9.860200000000000076e-01,9.834300000000000264e-01,1.007160000000000055e+00,1.014639999999999986e+00,9.825399999999999689e-01,9.860799999999999566e-01,9.835899999999999643e-01,1.006869999999999932e+00,1.014129999999999976e+00
WingId,1,1,1,1,1,1,1,1,1,1,1,1,1,1,1,2,2,2,2,2,2,2,2,2,2,2,2,2,2,2,3,3,3,3,3,4,4,4,4,4
Xavg,2.391020000000000145e+00,2.380209999999999937e+00,2.369699999999999918e+00,2.359579999999999789e+00,2.349930000000000074e+00,2.337899999999999867e+00,2.323770000000000113e+00,2.309619999999999784e+00,2.295469999999999899e+00,2.281299999999999883e+00,2.284749999999999837e+00,2.305000000000000160e+00,2.325239999999999974e+00,2.345470000000000166e+00,2.365699999999999914e+00,2.391020000000000145e+00,2.380209999999999937e+00,2.369699999999999918e+00,2.359579999999999789e+00,2.349930000000000074e+00,2.337899999999999867e+00,2.323770000000000113e+00,2.309619999999999784e+00,2.295469999999999899e+00,2.281299999999999883e+00,2.284749999999999837e+00,2.305000000000000160e+00,2.325239999999999974e+00,2.345470000000000166e+00,2.365699999999999914e+00,5.722059999999999924e+00,5.820210000000000328e+00,5.918350000000000222e+00,6.016490000000000116e+00,6.114630000000000010e+00,5.722059999999999924e+00,5.820210000000000328e+00,5.918350000000000222e+00,6.016490000000000116e+00,6.114630000000000010e+00
Yavg,1.719199999999999895e-01,5.196100000000000163e-01,8.672999999999999599e-01,1.214979999999999949e+00,1.562650000000000095e+00,2.228590000000000071e+00,3.216559999999999864e+00,4.204550000000000232e+00,5.192569999999999908e+00,6.180620000000000225e+00,6.716649999999999565e+00,6.791660000000000252e+00,6.866660000000000430e+00,6.941650000000000098e+00,7.016610000000000014e+00,-1.719199999999999895e-01,-5.196100000000000163e-01,-8.672999999999999599e-01,-1.214979999999999949e+00,-1.562650000000000095e+00,-2.228590000000000071e+00,-3.216559999999999864e+00,-4.204550000000000232e+00,-5.192569999999999908e+00,-6.180620000000000225e+00,-6.716649999999999565e+00,-6.791660000000000252e+00,-6.866660000000000430e+00,-6.941650000000000098e+00,-7.016610000000000014e+00,1.078800000000000037e-01,3.257399999999999740e-01,5.435900000000000176e-01,7.614400000000000057e-01,9.792699999999999738e-01,-1.078800000000000037e-01,-3.257399999999999740e-01,-5.435900000000000176e-01,-7.614400000000000057e-01,-9.792699999999999738e-01
Zavg,1.033530000000000060e+00,1.043199999999999905e+00,1.052899999999999947e+00,1.062580000000000080e+00,1.072189999999999976e+00,1.094910000000000050e+00,1.130849999999999911e+00,1.166740000000000110e+00,1.202599999999999891e+00,1.238469999999999960e+00,1.270329999999999959e+00,1.298289999999999944e+00,1.326240000000000085e+00,1.354190000000000005e+00,1.382130000000000081e+00,1.033530000000000060e+00,1.043199999999999905e+00,1.052899999999999947e+00,1.062580000000000080e+00,1.072189999999999976e+00,1.094910000000000050e+00,1.130849999999999911e+00,1.166740000000000110e+00,1.202599999999999891e+00,1.238469999999999960e+00,1.270329999999999959e+00,1.298289999999999944e+00,1.326240000000000085e+00,1.354190000000000005e+00,1.382130000000000081e+00,3.777900000000000147e-01,5.956799999999999873e-01,8.135799999999999699e-01,1.031470000000000109e+00,1.249349999999999961e+00,3.777900000000000147e-01,5.956799999999999873e-01,8.135799999999999699e-01,1.031470000000000109e+00,1.249349999999999961e+00
cd,1.224399999999999933e-01,9.289999999999999647e-02,2.772999999999999909e-01,2.775599999999999734e-01,3.084999999999999964e-01,3.088500000000000134e-01,5.707000000000000267e-02,5.553000000000000297e-02,5.689999999999999919e-02,5.834999999999999909e-02,8.133999999999999564e-02,2.713000000000000134e-02,-1.779999999999999985e-02,-3.085999999999999854e-02,-4.619999999999999801e-02,1.207899999999999946e-01,9.185000000000000109e-02,2.738200000000000078e-01,2.734699999999999909e-01,3.033799999999999830e-01,3.018600000000000172e-01,5.292999999999999788e-02,5.618999999999999689e-02,5.725000000000000228e-02,5.847000000000000114e-02,8.129999999999999727e-02,2.727999999999999869e-02,-1.759000000000000147e-02,-3.074999999999999956e-02,-4.628999999999999782e-02,2.702999999999999847e-02,1.929000000000000159e-02,2.114999999999999866e-02,3.447999999999999676e-02,1.940000000000000101e-03,2.658999999999999905e-02,1.906000000000000055e-02,2.102000000000000049e-02,3.359000000000000180e-02,3.820000000000000045e-03
cd*c/cref,1.779832169729780311e-01,1.256484808943443554e-01,3.470174959296209449e-01,3.192844749378555003e-01,3.236972148892119927e-01,3.012549292625076314e-01,5.300328117776334502e-02,4.898253196001313425e-02,4.753707562529731895e-02,4.602741391902123724e-02,5.961158332719147107e-02,1.811200937694725302e-02,-1.072166480177421700e-02,-1.657456733378448108e-02,-2.179927168691247683e-02,1.755847172342863138e-01,1.242283419821908347e-01,3.426625702684775177e-01,3.145796417396431455e-01,3.183249953098513108e-01,2.944368235298059355e-01,4.915829109407768294e-02,4.956471224262808811e-02,4.782948294460934169e-02,4.612207183967732133e-02,5.958226855791329268e-02,1.821214949513899617e-02,-1.059517325074204978e-02,-1.651548754095504695e-02,-2.184173780058827966e-02,2.089292641826746150e-02,1.400020712031571461e-02,1.435570296953413323e-02,2.178896475018257672e-02,1.135573772688594279e-03,2.055282698711549325e-02,1.383327878243740400e-02,1.426746460612801463e-02,2.122654657652647478e-02,2.236026707046613431e-03
cl,1.712199999999999944e+00,1.953400000000000025e+00,2.305709999999999926e+00,2.585580000000000211e+00,2.828310000000000102e+00,2.923869999999999969e+00,2.410860000000000003e+00,2.123299999999999965e+00,1.843560000000000088e+00,1.463910000000000045e+00,1.245100000000000096e+00,1.172080000000000011e+00,1.120200000000000085e+00,1.019940000000000069e+00,8.029199999999999671e-01,1.706290000000000084e+00,1.945799999999999974e+00,2.294709999999999805e+00,2.571870000000000100e+00,2.811479999999999979e+00,2.902280000000000193e+00,2.387290000000000134e+00,2.116239999999999899e+00,1.839979999999999949e+00,1.461940000000000017e+00,1.243339999999999890e+00,1.170330000000000092e+00,1.118389999999999995e+00,1.018100000000000005e+00,8.008699999999999708e-01,2.107799999999999951e-01,2.381199999999999983e-01,2.538900000000000046e-01,1.603100000000000080e-01,1.691000000000000142e-02,2.069199999999999928e-01,2.327200000000000102e-01,2.482099999999999862e-01,1.575199999999999934e-01,2.713000000000000134e-02
cl*c/cref,2.488915910659367903e+00,2.641999381905406175e+00,2.885401047745713488e+00,2.974259809445959579e+00,2.967637179394837066e+00,2.851967783787496380e+00,2.239065892066278707e+00,1.872944536479306255e+00,1.540201250259633170e+00,1.154755638563742526e+00,9.124954807067385820e-01,7.824815315345496902e-01,6.747420736487347304e-01,5.477985808950144309e-01,3.788543554730685048e-01,2.480324920686235668e+00,2.631720281207914347e+00,2.871635478127156471e+00,2.958488840461242830e+00,2.949978106050962001e+00,2.830908713291211853e+00,2.217175453353121384e+00,1.866716971638000766e+00,1.537210341107813072e+00,1.153201671032971998e+00,9.112056308584982611e-01,7.813132301556460213e-01,6.736518369469812750e-01,5.468103370876856717e-01,3.778870717726752204e-01,1.629230865868448175e-01,1.728216339807971957e-01,1.723295237321523232e-01,1.013047836166406507e-01,9.898222936167077809e-03,1.599394870317389361e-01,1.689024469175672838e-01,1.684741860079464471e-01,9.954169743180858732e-02,1.588047239847503386e-02
cmx,1.703500000000000014e-01,6.190900000000000292e-01,1.328580000000000094e+00,2.278789999999999871e+00,3.518419999999999881e+00,5.625090000000000146e+00,6.867359999999999687e+00,8.315799999999999415e+00,9.421229999999999549e+00,9.459500000000000242e+00,9.632699999999999818e+00,9.913850000000000051e+00,1.047319000000000067e+01,1.071069999999999922e+01,9.609920000000000684e+00,-1.698399999999999910e-01,-6.167200000000000459e-01,-1.322160000000000002e+00,-2.266360000000000152e+00,-3.496739999999999959e+00,-5.581439999999999735e+00,-6.797509999999999941e+00,-8.288980000000000459e+00,-9.403520000000000323e+00,-9.447020000000000195e+00,-9.619180000000000064e+00,-9.899480000000000501e+00,-1.045668000000000042e+01,-1.069130000000000003e+01,-9.584440000000000737e+00,-6.083999999999999825e-02,4.544999999999999735e-02,1.849800000000000055e-01,2.212200000000000000e-01,3.395999999999999713e-02,5.970999999999999919e-02,-4.442000000000000115e-02,-1.807300000000000018e-01,-2.175600000000000034e-01,-5.621000000000000302e-02
cmx*c/cref,2.476269275673538828e-01,8.373274277382093400e-01,1.662605498529303505e+00,2.621351306541417348e+00,3.691743127424639503e+00,5.486760854930351705e+00,6.378002681425001263e+00,7.335295142681022007e+00,7.870961739777150079e+00,7.461805003718619211e+00,7.059509450649586348e+00,6.618494071568319370e+00,6.308428796926612847e+00,5.752599427801860621e+00,4.534399501504198682e+00,-2.468855731026673439e-01,-8.341219713364914634e-01,-1.654571411533745762e+00,-2.607052754792327232e+00,-3.668995135143283903e+00,-5.444184271921419516e+00,-6.313130083032382878e+00,-7.311637453014760979e+00,-7.856165929419963057e+00,-7.451960579970386078e+00,-7.049601058633559347e+00,-6.608900648245549903e+00,-6.298484151652607999e+00,-5.742179900702852002e+00,-4.522376872876870735e+00,-4.702647588928569877e-02,3.298649111551835850e-02,1.255564035604928852e-01,1.397956723328129536e-01,1.987839449510549542e-02,4.615303871382723383e-02,-3.223894247197636037e-02,-1.226716878337543309e-01,-1.374828065849687531e-01,-3.290237204269375743e-02
cmy,-3.118000000000000216e-01,-4.330100000000000060e-01,-5.939499999999999780e-01,-7.775100000000000344e-01,-9.752499999999999503e-01,-1.140069999999999917e+00,-9.669299999999999562e-01,-8.573300000000000365e-01,-7.424399999999999888e-01,-5.564599999999999547e-01,-5.105800000000000338e-01,-6.008999999999999897e-01,-7.324000000000000510e-01,-8.284799999999999942e-01,-8.226900000000000324e-01,-3.095800000000000218e-01,-4.301900000000000168e-01,-5.890100000000000335e-01,-7.710200000000000387e-01,-9.669100000000000472e-01,-1.128309999999999924e+00,-9.522000000000000464e-01,-8.540900000000000158e-01,-7.408400000000000540e-01,-5.557199999999999918e-01,-5.098799999999999999e-01,-5.998900000000000343e-01,-7.310100000000000486e-01,-8.267400000000000304e-01,-8.201300000000000257e-01,-8.437900000000000400e-01,-1.035250000000000004e+00,-1.213610000000000078e+00,-8.780000000000000027e-01,-1.170699999999999935e-01,-8.288699999999999957e-01,-1.012469999999999981e+00,-1.186919999999999975e+00,-8.612199999999999855e-01,-1.811500000000000055e-01
cmy*c/cref,-4.532437688024710809e-01,-5.856517622396130163e-01,-7.432781886310796393e-01,-8.943899413061394688e-01,-1.023292411088181364e+00,-1.112034020412197011e+00,-8.980280825164658198e-01,-7.562433662034586668e-01,-6.202711147143363801e-01,-4.389445544023745649e-01,-3.741883724514067922e-01,-4.011613134761372046e-01,-4.411543427426649622e-01,-4.449675160302581367e-01,-3.881827451105200333e-01,-4.500166964267767744e-01,-5.818376748755436090e-01,-7.370961964569276992e-01,-8.869243257911275657e-01,-1.014541569038988511e+00,-1.100563215917694571e+00,-8.843477192477002813e-01,-7.533853902706215688e-01,-6.189343955403386888e-01,-4.383608305583287512e-01,-3.736753639890385004e-01,-4.004870366803128245e-01,-4.403170891429758482e-01,-4.440329811255016579e-01,-3.869748200992971787e-01,-6.522102250266335055e-01,-7.513589642979182637e-01,-8.237458477946251190e-01,-5.548350072697304514e-01,-6.852660905600707619e-02,-6.406777624975712460e-01,-7.348258010941446372e-01,-8.056298330307071209e-01,-5.442312129394502040e-01,-1.060356643930612658e-01
cmz,1.038000000000000034e-02,1.064599999999999991e-01,1.887600000000000111e-01,3.122199999999999975e-01,4.688100000000000045e-01,7.191899999999999959e-01,1.502669999999999950e+00,1.817190000000000083e+00,2.019429999999999836e+00,1.915440000000000031e+00,1.511940000000000062e+00,2.022289999999999921e+00,2.607349999999999834e+00,2.900009999999999977e+00,2.917969999999999953e+00,-1.017999999999999981e-02,-1.058999999999999941e-01,-1.883199999999999874e-01,-3.120899999999999785e-01,-4.692999999999999949e-01,-7.230299999999999505e-01,-1.498620000000000063e+00,-1.807819999999999983e+00,-2.013180000000000192e+00,-1.911640000000000006e+00,-1.509360000000000035e+00,-2.017830000000000013e+00,-2.601620000000000044e+00,-2.894629999999999814e+00,-2.913689999999999891e+00,-8.142700000000000493e-01,-9.587099999999999511e-01,-1.103590000000000071e+00,-8.608000000000000096e-01,-9.085000000000000020e-02,7.999000000000000554e-01,9.382399999999999629e-01,1.079820000000000002e+00,8.466399999999999482e-01,1.563799999999999912e-01
cmz*c/cref,1.508874381067879834e-02,1.439885605598697493e-01,2.362171746544365625e-01,3.591547728963008224e-01,4.919043478515769396e-01,7.015040718028261457e-01,1.395592089142975833e+00,1.602927557219813837e+00,1.687131750966505361e+00,1.510929729512425768e+00,1.108054306561518043e+00,1.350082397453249206e+00,1.570513074208202298e+00,1.557563545484391687e+00,1.376831619139826879e+00,-1.479801656962525733e-02,-1.432311531400545235e-01,-2.356665518696942629e-01,-3.590052305208074612e-01,-4.924184860535079089e-01,-7.052496406173575094e-01,-1.391830685800240053e+00,-1.594662361389356020e+00,-1.681910191693076762e+00,-1.507932228691649668e+00,-1.106163503943075055e+00,-1.347104897939014778e+00,-1.567061661887181989e+00,-1.554674006526006735e+00,-1.374812119511688469e+00,-6.293926450093468850e-01,-6.958081165535446866e-01,-7.490690420873842292e-01,-5.439658021159270440e-01,-5.317880270554577182e-02,6.182853067692246629e-01,6.809514944823750193e-01,7.329349967168959923e-01,5.350176657800052027e-01,9.153661163558884928e-02
cs,2.490000000000000026e-03,1.161000000000000053e-02,7.681000000000000327e-02,3.470000000000000168e-02,3.219999999999999946e-02,-1.472799999999999943e-01,-8.927000000000000213e-02,-7.099999999999999367e-02,-6.310999999999999943e-02,-9.984999999999999432e-02,-3.538799999999999724e-01,-2.451299999999999868e-01,-1.706799999999999984e-01,-8.339000000000000579e-02,-3.803000000000000130e-02,-1.869999999999999917e-03,-1.097000000000000058e-02,-7.538000000000000256e-02,-3.345000000000000057e-02,-3.093999999999999875e-02,1.459900000000000087e-01,8.816000000000000225e-02,7.084000000000000019e-02,6.297999999999999432e-02,9.959999999999999409e-02,3.532699999999999729e-01,2.447499999999999953e-01,1.704199999999999882e-01,8.305999999999999495e-02,3.760000000000000148e-02,-2.016699999999999882e-01,-2.195499999999999952e-01,-2.342299999999999938e-01,-1.619599999999999929e-01,-1.336999999999999994e-02,1.980200000000000016e-01,2.147600000000000064e-01,2.291499999999999926e-01,1.594899999999999929e-01,2.418999999999999970e-02
cs*c/cref,3.619554151116590249e-03,1.570267882866887080e-02,9.612121840012328999e-02,3.991631099705860580e-02,3.378622469832293779e-02,-1.436581705740072046e-01,-8.290875960642953013e-02,-6.262848494797283727e-02,-5.272521691937634425e-02,-7.876327814591722876e-02,-2.593477638041126188e-01,-1.636489811489524326e-01,-1.028075139531923199e-01,-4.478785385496720367e-02,-1.794429225656453408e-02,-2.718299703850611884e-03,-1.483707034888005934e-02,-9.433169434971089284e-02,-3.847840354039223226e-02,-3.246415503621465082e-02,1.423998935503755503e-01,8.187785646805004203e-02,6.248735033400558414e-02,5.261660848648901795e-02,7.856607414455038518e-02,2.589007135726202335e-01,1.633952928495333301e-01,1.026509053662000986e-01,4.461061447647889783e-02,1.774139860233569718e-02,-1.558814824554938527e-01,-1.593439851355787917e-01,-1.589851681585806309e-01,-1.023474689947671268e-01,-7.826093474663146574e-03,1.530602030834377625e-01,1.558675210554174573e-01,1.555370844193260937e-01,1.007866005802383891e-01,1.415955132027685304e-02
cx,-2.954100000000000059e-01,-3.824299999999999922e-01,-2.887399999999999967e-01,-3.561900000000000066e-01,-3.849000000000000199e-01,-4.076699999999999768e-01,-5.278699999999999504e-01,-4.597899999999999765e-01,-3.907800000000000162e-01,-2.975400000000000267e-01,-2.222899999999999876e-01,-2.572300000000000142e-01,-2.882700000000000262e-01,-2.766899999999999915e-01,-2.390700000000000047e-01,-2.955900000000000194e-01,-3.816100000000000048e-01,-2.894499999999999851e-01,-3.568500000000000005e-01,-3.857900000000000218e-01,-4.092399999999999927e-01,-5.261799999999999811e-01,-4.574500000000000233e-01,-3.895799999999999819e-01,-2.969499999999999917e-01,-2.218999999999999861e-01,-2.566599999999999993e-01,-2.876299999999999968e-01,-2.761399999999999966e-01,-2.386699999999999933e-01,-2.477000000000000035e-02,-3.889000000000000096e-02,-4.089999999999999886e-02,-5.329999999999999669e-03,-2.210000000000000159e-03,-2.426000000000000031e-02,-3.781000000000000333e-02,-3.964999999999999775e-02,-5.519999999999999733e-03,-2.860000000000000129e-03
cx*c/cref,-4.294186713981333336e-01,-5.172416420713036311e-01,-3.613336883329201776e-01,-4.097346055919972585e-01,-4.038608039249844683e-01,-3.976448017239646582e-01,-4.902548105012428659e-01,-4.055767759750483759e-01,-3.264769492592915490e-01,-2.347043142667623039e-01,-1.629095015711998218e-01,-1.717269506830866876e-01,-1.736367591240142449e-01,-1.486071625270520835e-01,-1.128041532941594371e-01,-4.296803259150815402e-01,-5.161325812065742369e-01,-3.622221932810270051e-01,-4.104938207291171093e-01,-4.047946467815530247e-01,-3.991761931403225439e-01,-4.886852372545210099e-01,-4.035126822457771878e-01,-3.254744098787931139e-01,-2.342389128235365381e-01,-1.626236825707375044e-01,-1.713464182339580200e-01,-1.732512610637257089e-01,-1.483117635629049302e-01,-1.126154150111558644e-01,-1.914605206735053855e-02,-2.822540460907610807e-02,-2.776114664084851358e-02,-3.368189736614650518e-03,-1.293617545176182354e-03,-1.875184590851530428e-02,-2.744156719643012915e-02,-2.691270083886659198e-02,-3.488256537732245793e-03,-1.674093293757412254e-03
cy,2.490000000000000026e-03,1.161000000000000053e-02,7.681000000000000327e-02,3.470000000000000168e-02,3.219999999999999946e-02,-1.472799999999999943e-01,-8.927000000000000213e-02,-7.099999999999999367e-02,-6.310999999999999943e-02,-9.984999999999999432e-02,-3.538799999999999724e-01,-2.451299999999999868e-01,-1.706799999999999984e-01,-8.339000000000000579e-02,-3.803000000000000130e-02,-1.869999999999999917e-03,-1.097000000000000058e-02,-7.538000000000000256e-02,-3.345000000000000057e-02,-3.093999999999999875e-02,1.459900000000000087e-01,8.816000000000000225e-02,7.084000000000000019e-02,6.297999999999999432e-02,9.959999999999999409e-02,3.532699999999999729e-01,2.447499999999999953e-01,1.704199999999999882e-01,8.305999999999999495e-02,3.760000000000000148e-02,-2.016699999999999882e-01,-2.195499999999999952e-01,-2.342299999999999938e-01,-1.619599999999999929e-01,-1.336999999999999994e-02,1.980200000000000016e-01,2.147600000000000064e-01,2.291499999999999926e-01,1.594899999999999929e-01,2.418999999999999970e-02
cy*c/cref,3.619554151116590249e-03,1.570267882866887080e-02,9.612121840012328999e-02,3.991631099705860580e-02,3.378622469832293779e-02,-1.436581705740072046e-01,-8.290875960642953013e-02,-6.262848494797283727e-02,-5.272521691937634425e-02,-7.876327814591722876e-02,-2.593477638041126188e-01,-1.636489811489524326e-01,-1.028075139531923199e-01,-4.478785385496720367e-02,-1.794429225656453408e-02,-2.718299703850611884e-03,-1.483707034888005934e-02,-9.433169434971089284e-02,-3.847840354039223226e-02,-3.246415503621465082e-02,1.423998935503755503e-01,8.187785646805004203e-02,6.248735033400558414e-02,5.261660848648901795e-02,7.856607414455038518e-02,2.589007135726202335e-01,1.633952928495333301e-01,1.026509053662000986e-01,4.461061447647889783e-02,1.774139860233569718e-02,-1.558814824554938527e-01,-1.593439851355787917e-01,-1.589851681585806309e-01,-1.023474689947671268e-01,-7.826093474663146574e-03,1.530602030834377625e-01,1.558675210554174573e-01,1.555370844193260937e-01,1.007866005802383891e-01,1.415955132027685304e-02
cz,1.690960000000000019e+00,1.917850000000000055e+00,2.304310000000000080e+00,2.575930000000000053e+00,2.818919999999999870e+00,2.911729999999999929e+00,2.353050000000000086e+00,2.073659999999999837e+00,1.802570000000000006e+00,1.434539999999999926e+00,1.227789999999999937e+00,1.143829999999999902e+00,1.082619999999999916e+00,9.821800000000000530e-01,7.678899999999999615e-01,1.684830000000000050e+00,1.910220000000000029e+00,2.292790000000000106e+00,2.561630000000000074e+00,2.801359999999999850e+00,2.889100000000000001e+00,2.329180000000000028e+00,2.066969999999999974e+00,1.799180000000000001e+00,1.432649999999999979e+00,1.226069999999999993e+00,1.142169999999999908e+00,1.080910000000000037e+00,9.804100000000000037e-01,7.658800000000000052e-01,2.110599999999999976e-01,2.357200000000000129e-01,2.514600000000000168e-01,1.638900000000000079e-01,1.687999999999999917e-02,2.071999999999999953e-01,2.304100000000000037e-01,2.459199999999999997e-01,1.609700000000000020e-01,2.724999999999999992e-02
cz*c/cref,2.458040677659481865e+00,2.593917535879637359e+00,2.883649066157897511e+00,2.963159163880495051e+00,2.957784612627220255e+00,2.840126324045722406e+00,2.185375342129595833e+00,1.829157522495962862e+00,1.505956175920776685e+00,1.131588112483165709e+00,8.998095143016033859e-01,7.636218092751040354e-01,6.521061094211686449e-01,5.275180992837472660e-01,3.623256003390307733e-01,2.449129887721190890e+00,2.583597859784655171e+00,2.869232760521008618e+00,2.946709502576231543e+00,2.939359578288631702e+00,2.818052828662168885e+00,2.163206280946606164e+00,1.823256331449456979e+00,1.503124002170868723e+00,1.130097250232832584e+00,8.985489792226414307e-01,7.625135919671153228e-01,6.510761067913353184e-01,5.265674517082191697e-01,3.613771904669378365e-01,1.631395134975778816e-01,1.710797730638061176e-01,1.706801450930994779e-01,1.035670949219090198e-01,9.880662517001788728e-03,1.601559139424720002e-01,1.672259057849633801e-01,1.669198332987155697e-01,1.017218577678912356e-01,1.595071407513618325e-02
Results_Name,VSPAERO_Comp_Load
Results_Timestamp,1758045781
Results_Date,9,16,2025
Results_Time,14,3,1
AoA,1.400000000000000000e+01,1.400000000000000000e+01,1.400000000000000000e+01,1.400000000000000000e+01,1.400000000000000000e+01,1.400000000000000000e+01,1.400000000000000000e+01,1.400000000000000000e+01,1.400000000000000000e+01
Beta,0.000000000000000000e+00,0.000000000000000000e+00,0.000000000000000000e+00,0.000000000000000000e+00,0.000000000000000000e+00,0.000000000000000000e+00,0.000000000000000000e+00,0.000000000000000000e+00,0.000000000000000000e+00
CDi,0.000000000000000000e+00,7.049999999999999323e-02,6.930000000000000049e-02,1.619999999999999912e-03,1.619999999999999912e-03,0.000000000000000000e+00,0.000000000000000000e+00,0.000000000000000000e+00,0.000000000000000000e+00
CFx,0.000000000000000000e+00,-1.961400000000000088e-01,-1.959200000000000108e-01,-1.789999999999999925e-03,-1.750000000000000036e-03,0.000000000000000000e+00,0.000000000000000000e+00,0.000000000000000000e+00,0.000000000000000000e+00
CFy,0.000000000000000000e+00,-2.962000000000000050e-02,2.956999999999999906e-02,-1.308999999999999921e-02,1.298000000000000022e-02,0.000000000000000000e+00,0.000000000000000000e+00,0.000000000000000000e+00,0.000000000000000000e+00
CFz,0.000000000000000000e+00,1.078079999999999927e+00,1.072240000000000082e+00,1.384999999999999946e-02,1.370999999999999996e-02,0.000000000000000000e+00,0.000000000000000000e+00,0.000000000000000000e+00,0.000000000000000000e+00
CL,0.000000000000000000e+00,1.093509999999999982e+00,1.087779999999999969e+00,1.387000000000000038e-02,1.372999999999999915e-02,0.000000000000000000e+00,0.000000000000000000e+00,0.000000000000000000e+00,0.000000000000000000e+00
Cmx,0.000000000000000000e+00,2.194500000000000062e-01,-2.184200000000000030e-01,3.299999999999999982e-04,-3.400000000000000244e-04,2.000000000000000164e-05,-2.000000000000000164e-05,-1.000000000000000082e-05,0.000000000000000000e+00
Cmy,0.000000000000000000e+00,-3.781100000000000017e-01,-3.750999999999999890e-01,-4.479000000000000342e-02,-4.440000000000000197e-02,3.114000000000000101e-02,3.093999999999999875e-02,-0.000000000000000000e+00,2.000000000000000164e-05
Cmz,0.000000000000000000e+00,4.236000000000000182e-02,-4.227000000000000202e-02,-3.540000000000000178e-03,3.510000000000000099e-03,5.000000000000000240e-05,-4.000000000000000327e-05,1.000000000000000082e-05,6.000000000000000152e-05
Comp_ID,0,1,2,3,4,5,6,7,8
Comp_Name,NONE,main_wing,main_wing,horizontal_tail,horizontal_tail,fuselage,fuselage,fuselage,fuselage
Cs,0.000000000000000000e+00,-2.962000000000000050e-02,2.956999999999999906e-02,-1.308999999999999921e-02,1.298000000000000022e-02,0.000000000000000000e+00,0.000000000000000000e+00,0.000000000000000000e+00,0.000000000000000000e+00
Mach,1.499999999999999944e-01,1.499999999999999944e-01,1.499999999999999944e-01,1.499999999999999944e-01,1.499999999999999944e-01,1.499999999999999944e-01,1.499999999999999944e-01,1.499999999999999944e-01,1.499999999999999944e-01
Results_Name,VSPAERO_Load
Results_Timestamp,1758045781
Results_Date,9,16,2025
Results_Time,14,3,1
AnalysisMethod,0
Chord,1.735630000000000006e+00,1.614889999999999937e+00,1.494180000000000064e+00,1.373480000000000034e+00,1.252809999999999979e+00,1.164630000000000054e+00,1.108910000000000062e+00,1.053209999999999980e+00,9.975199999999999623e-01,9.418400000000000105e-01,8.750400000000000400e-01,7.971099999999999852e-01,7.191899999999999959e-01,6.412799999999999612e-01,5.633799999999999919e-01,1.735630000000000006e+00,1.614889999999999937e+00,1.494180000000000064e+00,1.373480000000000034e+00,1.252809999999999979e+00,1.164630000000000054e+00,1.108910000000000062e+00,1.053209999999999980e+00,9.975199999999999623e-01,9.418400000000000105e-01,8.750400000000000400e-01,7.971099999999999852e-01,7.191899999999999959e-01,6.412799999999999612e-01,5.633799999999999919e-01,9.229000000000000536e-01,8.665699999999999514e-01,8.104299999999999837e-01,7.545199999999999685e-01,6.988999999999999657e-01,9.229000000000000536e-01,8.665699999999999514e-01,8.104299999999999837e-01,7.545199999999999685e-01,6.988999999999999657e-01
FC_AoA_,1.500000000000000000e+01
FC_Beta_,0.000000000000000000e+00
FC_Bref_,1.417173599999999922e+01
FC_Cref_,1.193991999999999942e+00
FC_Mach_,1.499999999999999944e-01
FC_Pitch_Rate,0.000000000000000000e+00
FC_Rho_,2.377000000000000206e-03
FC_Roll__Rate,0.000000000000000000e+00
FC_Sref_,1.619368700000000061e+01
FC_Vinf_,5.100000000000000000e+01
FC_Xcg_,1.774861999999999940e+00
FC_Yaw___Rate,0.000000000000000000e+00
FC_Ycg_,0.000000000000000000e+00
FC_Zcg_,7.545150000000000468e-01
S,3.314000000000000279e-02,8.981999999999999706e-02,1.368900000000000117e-01,1.839600000000000124e-01,2.310300000000000131e-01,2.997400000000000064e-01,4.117600000000000149e-01,5.454599999999999449e-01,6.791700000000000514e-01,8.128699999999999815e-01,9.157600000000000184e-01,9.578200000000000047e-01,9.698700000000000099e-01,9.819200000000000150e-01,9.939700000000000202e-01,3.314000000000000279e-02,8.981999999999999706e-02,1.368900000000000117e-01,1.839600000000000124e-01,2.310300000000000131e-01,2.997400000000000064e-01,4.117600000000000149e-01,5.454599999999999449e-01,6.791700000000000514e-01,8.128699999999999815e-01,9.157600000000000184e-01,9.578200000000000047e-01,9.698700000000000099e-01,9.819200000000000150e-01,9.939700000000000202e-01,1.020299999999999957e-01,3.035599999999999965e-01,5.025399999999999867e-01,7.015200000000000324e-01,9.005100000000000326e-01,1.020299999999999957e-01,3.035599999999999965e-01,5.025399999999999867e-01,7.015200000000000324e-01,9.005100000000000326e-01
V/Vref,9.920299999999999674e-01,9.966199999999999504e-01,1.002690000000000081e+00,9.994300000000000406e-01,9.957500000000000240e-01,9.992999999999999661e-01,1.002010000000000067e+00,9.949299999999999811e-01,9.878000000000000114e-01,9.848599999999999577e-01,1.011719999999999953e+00,1.010369999999999990e+00,1.011409999999999920e+00,1.011630000000000029e+00,1.017419999999999991e+00,9.929599999999999538e-01,9.970400000000000373e-01,1.002780000000000005e+00,9.994300000000000406e-01,9.956199999999999495e-01,9.993199999999999861e-01,1.001859999999999973e+00,9.946800000000000086e-01,9.876500000000000279e-01,9.848000000000000087e-01,1.011609999999999898e+00,1.010289999999999910e+00,1.011319999999999997e+00,1.011530000000000040e+00,1.017339999999999911e+00,9.837299999999999933e-01,9.868200000000000305e-01,9.861400000000000166e-01,1.004380000000000051e+00,1.016299999999999981e+00,9.839499999999999913e-01,9.872199999999999864e-01,9.864300000000000290e-01,1.004059999999999953e+00,1.013300000000000090e+00
WingId,1,1,1,1,1,1,1,1,1,1,1,1,1,1,1,2,2,2,2,2,2,2,2,2,2,2,2,2,2,2,3,3,3,3,3,4,4,4,4,4
Xavg,2.391020000000000145e+00,2.380209999999999937e+00,2.369699999999999918e+00,2.359579999999999789e+00,2.349930000000000074e+00,2.337899999999999867e+00,2.323770000000000113e+00,2.309619999999999784e+00,2.295469999999999899e+00,2.281299999999999883e+00,2.284749999999999837e+00,2.305000000000000160e+00,2.325239999999999974e+00,2.345470000000000166e+00,2.365699999999999914e+00,2.391020000000000145e+00,2.380209999999999937e+00,2.369699999999999918e+00,2.359579999999999789e+00,2.349930000000000074e+00,2.337899999999999867e+00,2.323770000000000113e+00,2.309619999999999784e+00,2.295469999999999899e+00,2.281299999999999883e+00,2.284749999999999837e+00,2.305000000000000160e+00,2.325239999999999974e+00,2.345470000000000166e+00,2.365699999999999914e+00,5.722059999999999924e+00,5.820210000000000328e+00,5.918350000000000222e+00,6.016490000000000116e+00,6.114630000000000010e+00,5.722059999999999924e+00,5.820210000000000328e+00,5.918350000000000222e+00,6.016490000000000116e+00,6.114630000000000010e+00
Yavg,1.719199999999999895e-01,5.196100000000000163e-01,8.672999999999999599e-01,1.214979999999999949e+00,1.562650000000000095e+00,2.228590000000000071e+00,3.216559999999999864e+00,4.204550000000000232e+00,5.192569999999999908e+00,6.180620000000000225e+00,6.716649999999999565e+00,6.791660000000000252e+00,6.866660000000000430e+00,6.941650000000000098e+00,7.016610000000000014e+00,-1.719199999999999895e-01,-5.196100000000000163e-01,-8.672999999999999599e-01,-1.214979999999999949e+00,-1.562650000000000095e+00,-2.228590000000000071e+00,-3.216559999999999864e+00,-4.204550000000000232e+00,-5.192569999999999908e+00,-6.180620000000000225e+00,-6.716649999999999565e+00,-6.791660000000000252e+00,-6.866660000000000430e+00,-6.941650000000000098e+00,-7.016610000000000014e+00,1.078800000000000037e-01,3.257399999999999740e-01,5.435900000000000176e-01,7.614400000000000057e-01,9.792699999999999738e-01,-1.078800000000000037e-01,-3.257399999999999740e-01,-5.435900000000000176e-01,-7.614400000000000057e-01,-9.792699999999999738e-01
Zavg,1.033530000000000060e+00,1.043199999999999905e+00,1.052899999999999947e+00,1.062580000000000080e+00,1.072189999999999976e+00,1.094910000000000050e+00,1.130849999999999911e+00,1.166740000000000110e+00,1.202599999999999891e+00,1.238469999999999960e+00,1.270329999999999959e+00,1.298289999999999944e+00,1.326240000000000085e+00,1.354190000000000005e+00,1.382130000000000081e+00,1.033530000000000060e+00,1.043199999999999905e+00,1.052899999999999947e+00,1.062580000000000080e+00,1.072189999999999976e+00,1.094910000000000050e+00,1.130849999999999911e+00,1.166740000000000110e+00,1.202599999999999891e+00,1.238469999999999960e+00,1.270329999999999959e+00,1.298289999999999944e+00,1.326240000000000085e+00,1.354190000000000005e+00,1.382130000000000081e+00,3.777900000000000147e-01,5.956799999999999873e-01,8.135799999999999699e-01,1.031470000000000109e+00,1.249349999999999961e+00,3.777900000000000147e-01,5.956799999999999873e-01,8.135799999999999699e-01,1.031470000000000109e+00,1.249349999999999961e+00
cd,1.388000000000000067e-01,1.072599999999999942e-01,2.911599999999999744e-01,2.880599999999999827e-01,3.175899999999999834e-01,3.180899999999999839e-01,6.381000000000000560e-02,6.252000000000000612e-02,6.575999999999999901e-02,6.691999999999999338e-02,9.321999999999999731e-02,3.341999999999999832e-02,-1.557000000000000051e-02,-2.715000000000000052e-02,-3.966999999999999693e-02,1.380699999999999983e-01,1.051499999999999935e-01,2.864599999999999924e-01,2.835500000000000242e-01,3.114299999999999846e-01,3.086499999999999799e-01,5.809999999999999887e-02,6.335999999999999965e-02,6.622999999999999721e-02,6.707000000000000461e-02,9.318999999999999506e-02,3.361999999999999711e-02,-1.528999999999999977e-02,-2.700999999999999929e-02,-3.966999999999999693e-02,3.379999999999999671e-02,2.648000000000000007e-02,3.189000000000000168e-02,4.572999999999999982e-02,1.615000000000000116e-02,3.370999999999999691e-02,2.521999999999999936e-02,2.910000000000000087e-02,3.721000000000000002e-02,6.279999999999999992e-03
cd*c/cref,2.017647052911577255e-01,1.450705711596057546e-01,3.643621136490026724e-01,3.313628975738530658e-01,3.332350031658503631e-01,3.102677042224738502e-01,5.926299933332887515e-02,5.514835040770792868e-02,5.493915805131022179e-02,5.278756708587662577e-02,6.831806980281275588e-02,2.231121833312115985e-02,-9.378444997956435908e-03,-1.458196704835543200e-02,-1.871811921687917615e-02,2.007035508613123076e-01,1.422167682028020186e-01,3.584804611756192694e-01,3.261749274702008261e-01,3.267715514844320435e-01,3.010598475534174145e-01,5.395988499085421081e-02,5.588930713103604925e-02,5.533181930867207832e-02,5.290588948669673608e-02,6.829608372585410647e-02,2.244473849071015534e-02,-9.209789596580211790e-03,-1.450677458475433529e-02,-1.871811921687917615e-02,2.612581993849205295e-02,1.921853211746812201e-02,2.164554930016281825e-02,2.889818323740862491e-02,9.453358983979793725e-03,2.605625414575642174e-02,1.830405513604781154e-02,1.975181827013916536e-02,2.351413510308276653e-02,3.675981078600191933e-03
cl,1.773810000000000109e+00,2.020579999999999821e+00,2.373369999999999980e+00,2.658500000000000085e+00,2.905520000000000103e+00,3.003480000000000150e+00,2.498479999999999812e+00,2.214300000000000157e+00,1.938679999999999959e+00,1.546180000000000110e+00,1.320750000000000091e+00,1.246429999999999927e+00,1.197540000000000049e+00,1.101080000000000059e+00,8.846100000000000074e-01,1.763949999999999907e+00,2.009259999999999824e+00,2.359579999999999789e+00,2.642669999999999852e+00,2.885979999999999990e+00,2.977510000000000101e+00,2.470299999999999940e+00,2.206550000000000011e+00,1.934760000000000035e+00,1.543989999999999974e+00,1.318810000000000038e+00,1.244490000000000096e+00,1.195540000000000047e+00,1.099029999999999951e+00,8.826899999999999746e-01,2.417400000000000104e-01,2.737999999999999878e-01,2.885800000000000032e-01,2.121399999999999952e-01,8.021999999999999964e-02,2.375599999999999934e-01,2.623099999999999876e-01,2.687999999999999834e-01,1.828400000000000025e-01,3.948000000000000120e-02
cl*c/cref,2.578474437265911412e+00,2.732861222018237779e+00,2.970071815054037501e+00,3.058141578838049046e+00,3.048650670356250370e+00,2.929620058090841805e+00,2.320442228088630543e+00,1.953214848173187246e+00,1.619669205153803304e+00,1.219651531333543426e+00,9.679370381041080273e-01,8.321176501182587781e-01,7.213271048717244671e-01,5.913779844421067633e-01,4.173994313194728800e-01,2.564141584281971475e+00,2.717550772031973150e+00,2.952814796414046317e+00,3.039931918806825895e+00,3.028148097977205744e+00,2.904288698165482074e+00,2.294270290755716868e+00,1.946378640309147867e+00,1.616394243177508683e+00,1.217924024281569872e+00,9.665152717941160043e-01,8.308225045896455718e-01,7.201224234333228891e-01,5.902769519393764597e-01,4.164934875610556975e-01,1.868537192879014541e-01,1.987172996133977354e-01,1.958755916287546472e-01,1.340577431004562892e-01,4.695656084797888291e-02,1.836227746919577575e-01,1.903781404733029814e-01,1.824497852581926649e-01,1.155421785070586682e-01,2.310951162151840543e-02
cmx,1.759699999999999875e-01,6.386500000000000510e-01,1.365059999999999940e+00,2.337250000000000050e+00,3.604839999999999822e+00,5.763670000000000293e+00,7.091009999999999813e+00,8.641959999999999198e+00,9.876519999999999300e+00,9.962400000000000588e+00,1.019299999999999962e+01,1.050168999999999997e+01,1.114049999999999940e+01,1.151083000000000034e+01,1.055962000000000067e+01,-1.749900000000000067e-01,-6.350700000000000234e-01,-1.356950000000000101e+00,-2.322909999999999808e+00,-3.579590000000000050e+00,-5.710560000000000080e+00,-7.007069999999999688e+00,-8.612840000000000273e+00,-9.857350000000000279e+00,-9.948660000000000281e+00,-1.017816999999999972e+01,-1.048596000000000039e+01,-1.112261999999999951e+01,-1.148953000000000024e+01,-1.053614999999999924e+01,-6.919999999999999762e-02,5.256999999999999867e-02,2.101999999999999980e-01,2.934999999999999831e-01,1.728099999999999914e-01,6.815999999999999837e-02,-5.041000000000000342e-02,-1.955600000000000116e-01,-2.495799999999999963e-01,-7.996999999999999942e-02
cmx*c/cref,2.557963630409583744e-01,8.637825869017548008e-01,1.708257133046117593e+00,2.688599362474790588e+00,3.782420318059082298e+00,5.621932971158936532e+00,6.585715732684976231e+00,7.622998053253287054e+00,8.251333535233065675e+00,7.858500572868161171e+00,7.470136081313778043e+00,7.010936518753895008e+00,6.710376782256497030e+00,6.182340469952896989e+00,4.982511369925427758e+00,-2.543717995597960524e-01,-8.589405894679361664e-01,-1.698108153990981695e+00,-2.672103688131913568e+00,-3.755926461735087152e+00,-5.570129023310038896e+00,-6.507757165625900342e+00,-7.597311553511246096e+00,-8.235317968629605190e+00,-7.847662240953039436e+00,-7.459267630603890531e+00,-7.000435158359520571e+00,-6.699606930197187005e+00,-6.170900473705016154e+00,-4.971437151170191804e+00,-5.348836508117307820e-02,3.815401183592519868e-02,1.426746460612801359e-01,1.854716112000750206e-01,1.011538678651113243e-01,5.268449369845024793e-02,-3.658633701063324084e-02,-1.327376488284678635e-01,-1.577172222259445589e-01,-4.681022402160148893e-02
cmy,-3.214099999999999735e-01,-4.440999999999999948e-01,-6.067500000000000115e-01,-7.946999999999999620e-01,-9.975300000000000278e-01,-1.168570000000000109e+00,-9.999799999999999800e-01,-8.951900000000000412e-01,-7.867699999999999694e-01,-5.961199999999999832e-01,-5.493500000000000050e-01,-6.489099999999999868e-01,-7.964700000000000113e-01,-9.126800000000000468e-01,-9.292099999999999804e-01,-3.157200000000000006e-01,-4.386200000000000099e-01,-5.999799999999999578e-01,-7.870300000000000074e-01,-9.877399999999999514e-01,-1.153999999999999915e+00,-9.818500000000000005e-01,-8.916199999999999681e-01,-7.849699999999999456e-01,-5.952800000000000313e-01,-5.485600000000000476e-01,-6.477600000000000025e-01,-7.948800000000000310e-01,-9.106699999999999795e-01,-9.268199999999999772e-01,-9.699799999999999534e-01,-1.193300000000000027e+00,-1.388449999999999962e+00,-1.155620000000000092e+00,-4.931099999999999928e-01,-9.540199999999999791e-01,-1.143000000000000016e+00,-1.290999999999999925e+00,-9.937799999999999967e-01,-2.526200000000000112e-01
cmy*c/cref,-4.672132127350936415e-01,-6.006511341784533942e-01,-7.592963060054004343e-01,-9.141640446502153905e-01,-1.046669960351493289e+00,-1.139833163957547635e+00,-9.287229912763235173e-01,-7.896393442334622703e-01,-6.573065903289133649e-01,-4.702289971792106282e-01,-4.026017125742886726e-01,-4.332128273053755807e-01,-4.797463126218601270e-01,-4.901904119960602824e-01,-4.384437498743710693e-01,-4.589420227271204245e-01,-5.932393615702618028e-01,-7.508242236128884750e-01,-9.053410444961105252e-01,-1.036397688929239003e+00,-1.125621461450327931e+00,-9.118849066827918737e-01,-7.864902781593176018e-01,-6.558027812581658234e-01,-4.695663917346180605e-01,-4.020227458810445298e-01,-4.324450863992388983e-01,-4.787885908783308664e-01,-4.891108630543588021e-01,-4.373160386334247196e-01,-7.497491959745125056e-01,-8.660677634356008792e-01,-9.424196590094405801e-01,-7.302715616185033731e-01,-2.886406098198313064e-01,-7.374128620627274922e-01,-8.295612617169964009e-01,-8.762748242869298210e-01,-6.279999242875998755e-01,-1.478704363178312831e-01
cmz,1.196999999999999974e-02,1.168199999999999933e-01,2.128099999999999992e-01,3.577699999999999769e-01,5.423099999999999588e-01,8.379400000000000182e-01,1.668449999999999989e+00,2.028140000000000054e+00,2.266160000000000174e+00,2.162139999999999951e+00,1.725440000000000085e+00,2.293930000000000025e+00,2.949660000000000171e+00,3.266099999999999781e+00,3.256889999999999841e+00,-1.187999999999999994e-02,-1.160700000000000065e-01,-2.122900000000000065e-01,-3.573399999999999910e-01,-5.426600000000000312e-01,-8.436200000000000365e-01,-1.664400000000000102e+00,-2.016849999999999810e+00,-2.258539999999999992e+00,-2.157570000000000210e+00,-1.722220000000000084e+00,-2.288400000000000212e+00,-2.942550000000000221e+00,-3.259419999999999984e+00,-3.251320000000000210e+00,-9.324999999999999956e-01,-1.102489999999999970e+00,-1.279349999999999987e+00,-1.136630000000000029e+00,-4.680099999999999816e-01,9.180099999999999927e-01,1.054780000000000051e+00,1.178709999999999924e+00,9.325299999999999701e-01,1.952399999999999969e-01
cmz*c/cref,1.740002537705445315e-02,1.580005978264510946e-01,2.663137155022814451e-01,4.115521206172235158e-01,5.690250781412270475e-01,8.173338365751194878e-01,1.549558865972301414e+00,1.789004724822276904e+00,1.893262202091806401e+00,1.705530638061226734e+00,1.264521887583836657e+00,1.531429475490623249e+00,1.776700325797827995e+00,1.754186466911000775e+00,1.536749566328752703e+00,-1.726919811858036030e-02,-1.569862128891985897e-01,-2.656629794839496794e-01,-4.110574804521303083e-01,-5.693923197140350334e-01,-8.228741571132806021e-01,-1.545797462629565633e+00,-1.779045913624211606e+00,-1.886896077025641771e+00,-1.701925748916240932e+00,-1.262162048656942703e+00,-1.527737643133287637e+00,-1.772417683284310375e+00,-1.750598712219177289e+00,-1.534121385737928112e+00,-7.207789080663857817e-01,-8.001601009889512950e-01,-8.683673094124584324e-01,-7.182712008120657465e-01,-2.739483924515407343e-01,7.095788154359493616e-01,7.655333575099331211e-01,8.000572410032897874e-01,5.892941791904803273e-01,1.142832079276913104e-01
cs,4.649999999999999620e-03,1.452999999999999951e-02,8.053000000000000436e-02,3.830000000000000071e-02,3.688000000000000306e-02,-1.502600000000000047e-01,-9.128999999999999615e-02,-7.348999999999999977e-02,-6.568000000000000227e-02,-1.071399999999999991e-01,-3.660599999999999965e-01,-2.478700000000000070e-01,-1.684299999999999964e-01,-7.814999999999999725e-02,-3.726000000000000145e-02,-4.740000000000000289e-03,-1.365000000000000067e-02,-7.879999999999999505e-02,-3.703999999999999654e-02,-3.536000000000000254e-02,1.486599999999999866e-01,8.988000000000000156e-02,7.334000000000000241e-02,6.554999999999999716e-02,1.068599999999999967e-01,3.654000000000000026e-01,2.475300000000000000e-01,1.682400000000000007e-01,7.782999999999999641e-02,3.694000000000000061e-02,-2.304499999999999882e-01,-2.520499999999999963e-01,-2.702100000000000057e-01,-2.156099999999999961e-01,-7.928999999999999937e-02,2.268300000000000038e-01,2.412199999999999900e-01,2.496099999999999985e-01,1.779000000000000026e-01,3.191999999999999699e-02
cs*c/cref,6.759408354494836867e-03,1.965201751770530997e-02,1.007764837620352683e-01,4.405748447225776854e-02,3.869676915758230029e-02,-1.465648880394508635e-01,-8.478481756996697483e-02,-6.482489237783838065e-02,-5.487232209261033722e-02,-8.451374682577438013e-02,-2.682741110493203074e-01,-1.654782073079216764e-01,-1.014522473349905168e-01,-4.197350736018331391e-02,-1.758097106178265964e-02,-6.890235612968931452e-03,-1.846180585799570006e-02,-9.861153508566221360e-02,-4.260807375593805846e-02,-3.710189146995960391e-02,1.450042343667294065e-01,8.347529196175519639e-02,6.469257867724406696e-02,5.476371365972301092e-02,8.429287834424352421e-02,2.677904173562302148e-01,1.652512230400203785e-01,1.013378025983423664e-01,4.180163887195223471e-02,1.742998043537980282e-02,-1.781270770658429925e-01,-1.829316850531661764e-01,-1.834068321228282950e-01,-1.362505420471828987e-01,-4.641218785385496648e-02,1.753289862913654518e-01,1.750715376652439703e-01,1.694244453061662103e-01,1.124204416780011928e-01,1.868428599186594194e-02
cx,-3.250299999999999856e-01,-4.193600000000000105e-01,-3.330400000000000027e-01,-4.098200000000000176e-01,-4.452400000000000246e-01,-4.701000000000000179e-01,-5.850199999999999845e-01,-5.127099999999999991e-01,-4.382499999999999729e-01,-3.355400000000000049e-01,-2.518000000000000238e-01,-2.903200000000000225e-01,-3.249799999999999911e-01,-3.112099999999999866e-01,-2.672700000000000076e-01,-3.231800000000000228e-01,-4.184700000000000086e-01,-3.340000000000000191e-01,-4.100900000000000101e-01,-4.461300000000000265e-01,-4.724999999999999756e-01,-5.832399999999999807e-01,-5.099000000000000199e-01,-4.367800000000000016e-01,-3.348300000000000165e-01,-2.513199999999999878e-01,-2.896299999999999986e-01,-3.241999999999999882e-01,-3.105399999999999827e-01,-2.667700000000000071e-01,-2.991999999999999868e-02,-4.528999999999999693e-02,-4.388999999999999846e-02,-1.072999999999999995e-02,-5.159999999999999656e-03,-2.892000000000000126e-02,-4.352999999999999925e-02,-4.145999999999999686e-02,-1.137999999999999949e-02,-4.150000000000000043e-03
cx*c/cref,-4.724753757981627889e-01,-5.671899563816172885e-01,-4.167713914331084291e-01,-4.714265871128114904e-01,-4.671732510770592040e-01,-4.585395572164637779e-01,-5.433323910042948679e-01,-4.522570495447205685e-01,-3.661357362528391834e-01,-2.646793224745224715e-01,-1.845364726061816396e-01,-1.938178607561860112e-01,-1.957486869258755480e-01,-1.671474756949795082e-01,-1.261102022459112126e-01,-4.697861488184175704e-01,-5.659862195894109771e-01,-4.179727502361825220e-01,-4.717371751234514243e-01,-4.681070939336277603e-01,-4.608805377255458802e-01,-5.416792310166232971e-01,-4.497783728869205189e-01,-3.649076255117287282e-01,-2.641192631106406563e-01,-1.841846953748433879e-01,-1.933572162125039573e-01,-1.952788611648989259e-01,-1.667876260477456907e-01,-1.258742793921567571e-01,-2.312676131833379251e-02,-3.287036705438561857e-02,-2.979062899918927254e-02,-6.780614610483151790e-03,-3.020392096429456649e-03,-2.235380806571568568e-02,-3.159300238192550708e-02,-2.814125036013641334e-02,-7.191369456411767294e-03,-2.429191317864776416e-03
cy,4.649999999999999620e-03,1.452999999999999951e-02,8.053000000000000436e-02,3.830000000000000071e-02,3.688000000000000306e-02,-1.502600000000000047e-01,-9.128999999999999615e-02,-7.348999999999999977e-02,-6.568000000000000227e-02,-1.071399999999999991e-01,-3.660599999999999965e-01,-2.478700000000000070e-01,-1.684299999999999964e-01,-7.814999999999999725e-02,-3.726000000000000145e-02,-4.740000000000000289e-03,-1.365000000000000067e-02,-7.879999999999999505e-02,-3.703999999999999654e-02,-3.536000000000000254e-02,1.486599999999999866e-01,8.988000000000000156e-02,7.334000000000000241e-02,6.554999999999999716e-02,1.068599999999999967e-01,3.654000000000000026e-01,2.475300000000000000e-01,1.682400000000000007e-01,7.782999999999999641e-02,3.694000000000000061e-02,-2.304499999999999882e-01,-2.520499999999999963e-01,-2.702100000000000057e-01,-2.156099999999999961e-01,-7.928999999999999937e-02,2.268300000000000038e-01,2.412199999999999900e-01,2.496099999999999985e-01,1.779000000000000026e-01,3.191999999999999699e-02
cy*c/cref,6.759408354494836867e-03,1.965201751770530997e-02,1.007764837620352683e-01,4.405748447225776854e-02,3.869676915758230029e-02,-1.465648880394508635e-01,-8.478481756996697483e-02,-6.482489237783838065e-02,-5.487232209261033722e-02,-8.451374682577438013e-02,-2.682741110493203074e-01,-1.654782073079216764e-01,-1.014522473349905168e-01,-4.197350736018331391e-02,-1.758097106178265964e-02,-6.890235612968931452e-03,-1.846180585799570006e-02,-9.861153508566221360e-02,-4.260807375593805846e-02,-3.710189146995960391e-02,1.450042343667294065e-01,8.347529196175519639e-02,6.469257867724406696e-02,5.476371365972301092e-02,8.429287834424352421e-02,2.677904173562302148e-01,1.652512230400203785e-01,1.013378025983423664e-01,4.180163887195223471e-02,1.742998043537980282e-02,-1.781270770658429925e-01,-1.829316850531661764e-01,-1.834068321228282950e-01,-1.362505420471828987e-01,-4.641218785385496648e-02,1.753289862913654518e-01,1.750715376652439703e-01,1.694244453061662103e-01,1.124204416780011928e-01,1.868428599186594194e-02
cz,1.749290000000000012e+00,1.979489999999999972e+00,2.367849999999999788e+00,2.642469999999999875e+00,2.888710000000000111e+00,2.983460000000000001e+00,2.429860000000000131e+00,2.155030000000000001e+00,1.889639999999999986e+00,1.510809999999999986e+00,1.299879999999999924e+00,1.212609999999999966e+00,1.152700000000000058e+00,1.056529999999999969e+00,8.441999999999999504e-01,1.739579999999999904e+00,1.968010000000000037e+00,2.353320000000000078e+00,2.626009999999999955e+00,2.868250000000000188e+00,2.955940000000000012e+00,2.401170000000000027e+00,2.147759999999999891e+00,1.885979999999999990e+00,1.508729999999999905e+00,1.297989999999999977e+00,1.210790000000000033e+00,1.150849999999999929e+00,1.054589999999999916e+00,8.423399999999999777e-01,2.422499999999999931e-01,2.713300000000000156e-01,2.869999999999999774e-01,2.167499999999999982e-01,8.165999999999999648e-02,2.381900000000000128e-01,2.599000000000000199e-01,2.671799999999999731e-01,1.862399999999999889e-01,3.975999999999999673e-02
cz*c/cref,2.542831277512747068e+00,2.677286452589297205e+00,2.963164001936361203e+00,3.039701853613759219e+00,3.031012582245107279e+00,2.910092379010914776e+00,2.256711981822324020e+00,1.900933294611689250e+00,1.578698762470770234e+00,1.191751109220162475e+00,9.526420572332143788e-01,8.095393914699596793e-01,6.943181470227606233e-01,5.674506683461865153e-01,3.983321462790370693e-01,2.528716469959597646e+00,2.661759600483085464e+00,2.944980935885667783e+00,3.020767488224376685e+00,3.009544689160396747e+00,2.883249135840106447e+00,2.230066386290695757e+00,1.894520490589551631e+00,1.575641017360250196e+00,1.190110371928790212e+00,9.512569343848200631e-01,8.083243580358998592e-01,6.932038166922390721e-01,5.664087156362855868e-01,3.974545132630704636e-01,1.872479254467366849e-01,1.969246344196610987e-01,1.948031561350494767e-01,1.369709428538884721e-01,4.779946096791268251e-02,1.841097352411071864e-01,1.886290218024911369e-01,1.813501994988241106e-01,1.176907423165314270e-01,2.327340886706108503e-02
Results_Name,VSPAERO_Comp_Load
Results_Timestamp,1758045781
Results_Date,9,16,2025
Results_Time,14,3,1
AoA,1.500000000000000000e+01,1.500000000000000000e+01,1.500000000000000000e+01,1.500000000000000000e+01,1.500000000000000000e+01,1.500000000000000000e+01,1.500000000000000000e+01,1.500000000000000000e+01,1.500000000000000000e+01
Beta,0.000000000000000000e+00,0.000000000000000000e+00,0.000000000000000000e+00,0.000000000000000000e+00,0.000000000000000000e+00,0.000000000000000000e+00,0.000000000000000000e+00,0.000000000000000000e+00,0.000000000000000000e+00
CDi,0.000000000000000000e+00,7.535000000000000031e-02,7.381000000000000061e-02,2.360000000000000119e-03,2.050000000000000173e-03,0.000000000000000000e+00,0.000000000000000000e+00,0.000000000000000000e+00,0.000000000000000000e+00
CFx,0.000000000000000000e+00,-2.207800000000000040e-01,-2.204699999999999993e-01,-2.139999999999999975e-03,-2.050000000000000173e-03,0.000000000000000000e+00,0.000000000000000000e+00,0.000000000000000000e+00,0.000000000000000000e+00
CFy,0.000000000000000000e+00,-3.021000000000000074e-02,3.012000000000000094e-02,-1.629999999999999852e-02,1.457999999999999921e-02,0.000000000000000000e+00,0.000000000000000000e+00,0.000000000000000000e+00,0.000000000000000000e+00
CFz,0.000000000000000000e+00,1.115119999999999889e+00,1.108020000000000005e+00,1.711999999999999980e-02,1.557000000000000051e-02,0.000000000000000000e+00,0.000000000000000000e+00,0.000000000000000000e+00,0.000000000000000000e+00
CL,0.000000000000000000e+00,1.134269999999999889e+00,1.127320000000000100e+00,1.709000000000000102e-02,1.557000000000000051e-02,0.000000000000000000e+00,0.000000000000000000e+00,0.000000000000000000e+00,0.000000000000000000e+00
Cmx,0.000000000000000000e+00,2.281600000000000017e-01,-2.269500000000000128e-01,4.899999999999999842e-04,-3.899999999999999929e-04,3.000000000000000076e-05,-3.000000000000000076e-05,-1.000000000000000082e-05,0.000000000000000000e+00
Cmy,0.000000000000000000e+00,-3.919300000000000006e-01,-3.880000000000000115e-01,-5.555999999999999828e-02,-5.041999999999999954e-02,3.357999999999999874e-02,3.337999999999999995e-02,0.000000000000000000e+00,2.000000000000000164e-05
Cmz,0.000000000000000000e+00,4.769000000000000322e-02,-4.759000000000000036e-02,-4.420000000000000318e-03,3.939999999999999926e-03,6.000000000000000152e-05,-6.000000000000000152e-05,1.000000000000000082e-05,6.000000000000000152e-05
Comp_ID,0,1,2,3,4,5,6,7,8
Comp_Name,NONE,main_wing,main_wing,horizontal_tail,horizontal_tail,fuselage,fuselage,fuselage,fuselage
Cs,0.000000000000000000e+00,-3.021000000000000074e-02,3.012000000000000094e-02,-1.629999999999999852e-02,1.457999999999999921e-02,0.000000000000000000e+00,0.000000000000000000e+00,0.000000000000000000e+00,0.000000000000000000e+00
Mach,1.499999999999999944e-01,1.499999999999999944e-01,1.499999999999999944e-01,1.499999999999999944e-01,1.499999999999999944e-01,1.499999999999999944e-01,1.499999999999999944e-01,1.499999999999999944e-01,1.499999999999999944e-01
