Results_Name,VSPAERO_History
Results_Timestamp,1749700088
Results_Date,6,11,2025
Results_Time,23,48,8
Alpha,0.000000000000000000e+00,0.000000000000000000e+00,0.000000000000000000e+00,0.000000000000000000e+00,0.000000000000000000e+00
AnalysisMethod,0
Beta,0.000000000000000000e+00,0.000000000000000000e+00,0.000000000000000000e+00,0.000000000000000000e+00,0.000000000000000000e+00
CDi,1.374230365899999952e-02,1.506052691199999925e-02,1.515986684099999982e-02,1.508756277400000005e-02,1.548051038299999918e-02
CDo,1.298619039899999959e-02,1.346171432900000048e-02,1.351028055600000076e-02,1.353449039999999985e-02,1.354499016200000003e-02
CDt,1.119621331399999961e-02,1.426960100399999980e-02,1.338822059600000038e-02,1.339561103000000072e-02,1.361623096100000006e-02
CDtot,2.672849405799999911e-02,2.852224124200000016e-02,2.867014739699999884e-02,2.862205317399999990e-02,2.902550054499999921e-02
CDtott,2.418240371300000094e-02,2.773131533299999854e-02,2.689850115200000114e-02,2.693010142999999884e-02,2.716122112400000052e-02
CFx,2.672849405799999911e-02,2.852224124200000016e-02,2.867014739699999884e-02,2.862205317399999990e-02,2.902550054499999921e-02
CFxi,1.374230365899999952e-02,1.506052691199999925e-02,1.515986684099999982e-02,1.508756277400000005e-02,1.548051038299999918e-02
CFxo,1.298619039899999959e-02,1.346171432900000048e-02,1.351028055600000076e-02,1.353449039999999985e-02,1.354499016200000003e-02
CFy,-4.575859879999999999e-04,-1.908129729999999901e-04,-1.629026829999999880e-04,-1.221882629999999957e-04,-7.775250599999999435e-05
CFyi,-4.486598680000000164e-04,-1.905522589999999962e-04,-1.627049580000000000e-04,-1.226671120000000096e-04,-7.817882200000000458e-05
CFyo,-8.926120000000000522e-06,-2.607140000000000143e-07,-1.977250000000000053e-07,4.788489999999999490e-07,4.263169999999999918e-07
CFz,5.996535193099999939e-01,6.613047301740000439e-01,6.603530252510000365e-01,6.610932287640000071e-01,6.614645945639999747e-01
CFzi,5.995455581830000380e-01,6.612506645779999692e-01,6.603052878649999791e-01,6.610521479199999995e-01,6.614162282909999968e-01
CFzo,1.079611269999999993e-04,5.406559699999999796e-05,4.773738699999999913e-05,4.108084400000000183e-05,4.836627400000000028e-05
CL,5.996535193099999939e-01,6.613047301740000439e-01,6.603530252510000365e-01,6.610932287640000071e-01,6.614645945639999747e-01
CLi,5.995455581830000380e-01,6.612506645779999692e-01,6.603052878649999791e-01,6.610521479199999995e-01,6.614162282909999968e-01
CLo,1.079611269999999993e-04,5.406559699999999796e-05,4.773738699999999913e-05,4.108084400000000183e-05,4.836627400000000028e-05
CMx,1.304743991200000078e-02,1.217659777999999986e-03,9.476710700000000190e-04,7.711927339999999657e-04,6.363110680000000265e-04
CMxi,1.305436371300000044e-02,1.218416295000000066e-03,9.482499229999999651e-04,7.716977359999999944e-04,6.367844140000000199e-04
CMxo,-6.923799999999999676e-06,-7.565170000000000237e-07,-5.788529999999999490e-07,-5.050019999999999847e-07,-4.733450000000000077e-07
CMy,-7.694257542799999572e-02,-1.180439250049999944e-01,-1.070274849720000004e-01,-1.025624514209999977e-01,-1.012326983610000036e-01
CMyi,-7.964148012199999405e-02,-1.209494068740000067e-01,-1.099564800710000068e-01,-1.055137729019999943e-01,-1.041560457249999933e-01
CMyo,2.698904694000000062e-03,2.905481869000000120e-03,2.928995098999999814e-03,2.951321481000000052e-03,2.923347364000000032e-03
CMz,2.124336000000000120e-05,-3.973753300000000056e-05,-3.958115799999999818e-05,-2.827439299999999904e-05,-1.782276499999999909e-05
CMzi,1.276709970000000031e-04,-2.988751900000000003e-05,-3.180380700000000116e-05,-2.209395100000000154e-05,-1.264482700000000015e-05
CMzo,-1.064276370000000053e-04,-9.850014000000000523e-06,-7.777351000000000408e-06,-6.180443000000000281e-06,-5.177937999999999789e-06
CS,-4.575859879999999999e-04,-1.908129729999999901e-04,-1.629026829999999880e-04,-1.221882629999999957e-04,-7.775250599999999435e-05
CSi,-4.486598680000000164e-04,-1.905522589999999962e-04,-1.627049580000000000e-04,-1.226671120000000096e-04,-7.817882200000000458e-05
CSo,-8.926120000000000522e-06,-2.607140000000000143e-07,-1.977250000000000053e-07,4.788489999999999490e-07,4.263169999999999918e-07
E,6.713278904210000508e-01,7.451469499089999893e-01,7.381489653710000542e-01,7.433651602419999449e-01,7.252943083220000364e-01
FC_AoA_,0.000000000000000000e+00
FC_Beta_,0.000000000000000000e+00
FC_Bref_,1.417173599999999922e+01
FC_Cref_,1.193975999999999926e+00
FC_Mach_,1.499999999999999944e-01
FC_Pitch_Rate,0.000000000000000000e+00
FC_ReCref_,3.870000000000000000e+06
FC_Rho_,2.377000000000000206e-03
FC_Roll__Rate,0.000000000000000000e+00
FC_Sref_,1.619368700000000061e+01
FC_Vinf_,5.100000000000000000e+01
FC_Xcg_,1.785187999999999997e+00
FC_Yaw___Rate,0.000000000000000000e+00
FC_Ycg_,-0.000000000000000000e+00
FC_Zcg_,7.542510000000000048e-01
L/D,2.243095166104700056e+01,2.318368528524500150e+01,2.303110893435000150e+01,2.309590244600400055e+01,2.278741850696599869e+01
Mach,1.499999999999999944e-01,1.499999999999999944e-01,1.499999999999999944e-01,1.499999999999999944e-01,1.499999999999999944e-01
T/QS,0.000000000000000000e+00,0.000000000000000000e+00,0.000000000000000000e+00,0.000000000000000000e+00,0.000000000000000000e+00
WakeIter,1,2,3,4,5
Results_Name,VSPAERO_History
Results_Timestamp,1749700088
Results_Date,6,11,2025
Results_Time,23,48,8
Alpha,0.000000000000000000e+00,0.000000000000000000e+00,0.000000000000000000e+00,0.000000000000000000e+00,0.000000000000000000e+00
AnalysisMethod,0
Beta,1.000000000000000000e+00,1.000000000000000000e+00,1.000000000000000000e+00,1.000000000000000000e+00,1.000000000000000000e+00
CDi,1.364588693299999961e-02,1.523994820499999930e-02,1.469246138700000016e-02,1.553799621999999922e-02,1.712767736499999985e-02
CDo,1.298001812499999935e-02,1.346501610200000025e-02,1.351416371400000066e-02,1.356235462900000008e-02,1.363678348899999976e-02
CDt,1.174460257000000014e-02,1.365825606999999942e-02,1.360476946499999951e-02,1.363511712299999949e-02,1.650430040699999920e-02
CDtot,2.662590505799999896e-02,2.870496430799999998e-02,2.820662510099999909e-02,2.910035084899999930e-02,3.076446085399999961e-02
CDtott,2.472462069500000123e-02,2.712327217200000140e-02,2.711893317900000017e-02,2.719747175200000130e-02,3.014108389599999896e-02
CFx,2.661721348799999873e-02,2.866060419800000106e-02,2.819713695299999948e-02,2.908965911799999901e-02,3.081237855600000089e-02
CFxi,1.363918702800000042e-02,1.519726417099999914e-02,1.468474455299999953e-02,1.552876992499999977e-02,1.717801622300000122e-02
CFxo,1.297802646000000004e-02,1.346334002700000018e-02,1.351239239999999994e-02,1.356088919299999924e-02,1.363436233199999924e-02
CFy,-7.303004610000000257e-04,-2.791893442000000121e-03,-7.897311119999999912e-04,-8.664837600000000308e-04,2.476725915000000180e-03
CFyi,-5.029231259999999938e-04,-2.578363725999999884e-03,-5.703163140000000117e-04,-6.641721329999999935e-04,2.734440297999999984e-03
CFyo,-2.273773350000000049e-04,-2.135297159999999933e-04,-2.194147980000000066e-04,-2.023116270000000101e-04,-2.577143830000000208e-04
CFz,5.995198660149999581e-01,6.630854122989999766e-01,6.615318446819999920e-01,6.580188437670000390e-01,6.493423408230000193e-01
CFzi,5.994062884299999894e-01,6.630351167169999949e-01,6.614915155549999648e-01,6.579876144799999826e-01,6.492609535000000154e-01
CFzo,1.135775849999999938e-04,5.029558100000000142e-05,4.032912800000000315e-05,3.122928700000000043e-05,8.138732299999999536e-05
CL,5.995198660149999581e-01,6.630854122989999766e-01,6.615318446819999920e-01,6.580188437670000390e-01,6.493423408230000193e-01
CLi,5.994062884299999894e-01,6.630351167169999949e-01,6.614915155549999648e-01,6.579876144799999826e-01,6.492609535000000154e-01
CLo,1.135775849999999938e-04,5.029558100000000142e-05,4.032912800000000315e-05,3.122928700000000043e-05,8.138732299999999536e-05
CMx,1.369743612600000070e-02,1.810837107000000043e-03,1.628336862000000001e-03,1.695776965000000015e-03,1.156076149000000077e-03
CMxi,1.370195831200000068e-02,1.809524599000000063e-03,1.626072150999999938e-03,1.694724966999999922e-03,1.153237482999999904e-03
CMxo,-4.522186999999999941e-06,1.312506999999999909e-06,2.264711000000000194e-06,1.051997999999999995e-06,2.838665999999999936e-06
CMy,-7.817118752299999362e-02,-1.225825569450000041e-01,-1.088490228759999984e-01,-9.189154287100000096e-02,-6.102000447099999864e-02
CMyi,-8.085130362700000684e-02,-1.254999547750000055e-01,-1.118025272200000031e-01,-9.487380409199999698e-02,-6.381680011000000208e-02
CMyo,2.680116104000000200e-03,2.917397830000000112e-03,2.953504342999999956e-03,2.982261221999999920e-03,2.796795639999999968e-03
CMz,9.777933240000000279e-04,2.505983239999999947e-04,8.130699709999999461e-04,8.029781699999999529e-04,1.708574494000000008e-03
CMzi,1.103469516000000041e-03,2.746832509999999855e-04,8.398158970000000429e-04,8.242245039999999663e-04,1.748518305999999982e-03
CMzo,-1.256761920000000129e-04,-2.408492700000000096e-05,-2.674592599999999862e-05,-2.124633499999999925e-05,-3.994381099999999872e-05
CS,-2.656548050000000238e-04,-2.291271709999999871e-03,-2.975029369999999951e-04,-3.586672359999999921e-04,3.014098850999999846e-03
CSi,-2.648098929999999742e-04,-2.312742198000000086e-03,-3.139453220000000045e-04,-3.930565720000000172e-04,3.033821549999999884e-03
CSo,-8.449119999999999626e-07,2.147048800000000103e-05,1.644238399999999988e-05,3.438933599999999800e-05,-1.972269900000000068e-05
E,6.757571861860000029e-01,7.403539915069999866e-01,7.643703808720000437e-01,7.151386951429999916e-01,6.316695594569999850e-01
FC_AoA_,0.000000000000000000e+00
FC_Beta_,1.000000000000000000e+00
FC_Bref_,1.417173599999999922e+01
FC_Cref_,1.193975999999999926e+00
FC_Mach_,1.499999999999999944e-01
FC_Pitch_Rate,0.000000000000000000e+00
FC_ReCref_,3.870000000000000000e+06
FC_Rho_,2.377000000000000206e-03
FC_Roll__Rate,0.000000000000000000e+00
FC_Sref_,1.619368700000000061e+01
FC_Vinf_,5.100000000000000000e+01
FC_Xcg_,1.785187999999999997e+00
FC_Yaw___Rate,0.000000000000000000e+00
FC_Ycg_,-0.000000000000000000e+00
FC_Zcg_,7.542510000000000048e-01
L/D,2.251214699085999982e+01,2.309827351134099871e+01,2.345163638650900140e+01,2.261098561650399930e+01,2.110425261751800008e+01
Mach,1.499999999999999944e-01,1.499999999999999944e-01,1.499999999999999944e-01,1.499999999999999944e-01,1.499999999999999944e-01
T/QS,0.000000000000000000e+00,0.000000000000000000e+00,0.000000000000000000e+00,0.000000000000000000e+00,0.000000000000000000e+00
WakeIter,1,2,3,4,5
Results_Name,VSPAERO_History
Results_Timestamp,1749700088
Results_Date,6,11,2025
Results_Time,23,48,8
Alpha,0.000000000000000000e+00,0.000000000000000000e+00,0.000000000000000000e+00,0.000000000000000000e+00,0.000000000000000000e+00
AnalysisMethod,0
Beta,2.000000000000000000e+00,2.000000000000000000e+00,2.000000000000000000e+00,2.000000000000000000e+00,2.000000000000000000e+00
CDi,1.328183691099999938e-02,1.478718704199999921e-02,1.380550501500000041e-02,1.563914957899999875e-02,1.586651837400000070e-02
CDo,1.299249295000000012e-02,1.349097982299999991e-02,1.349531153900000030e-02,1.351423129200000038e-02,1.350189053700000079e-02
CDt,1.609862634100000037e-02,9.948782648000000645e-03,1.506261849000000048e-02,1.142440817400000065e-02,1.569507205300000111e-02
CDtot,2.627432986099999951e-02,2.827816686499999912e-02,2.730081655400000071e-02,2.915338086999999870e-02,2.936840891000000106e-02
CDtott,2.909111928999999833e-02,2.343976247099999882e-02,2.855793002899999905e-02,2.493863946600000103e-02,2.919696258900000146e-02
CFx,2.612767357499999957e-02,2.819429643300000107e-02,2.734048233700000011e-02,2.897162180799999973e-02,2.915878223200000022e-02
CFxi,1.314233505999999954e-02,1.470942084099999964e-02,1.385256205399999947e-02,1.546556127999999981e-02,1.566407841099999934e-02
CFxo,1.298533851399999960e-02,1.348487559199999970e-02,1.348792028300000063e-02,1.350606052699999948e-02,1.349470382099999914e-02
CFy,-4.658306681999999956e-03,-2.895332178000000183e-03,6.593418759999999977e-04,-5.713772712000000399e-03,-6.515550145000000015e-03
CFyi,-4.226645656999999771e-03,-2.485043934999999881e-03,1.106561283000000000e-03,-5.243900850999999759e-03,-6.074073158000000382e-03
CFyo,-4.316610260000000175e-04,-4.102882419999999810e-04,-4.472194070000000020e-04,-4.698718609999999896e-04,-4.414769860000000170e-04
CFz,5.958859811309999976e-01,6.589691729729999503e-01,6.633284590269999947e-01,6.642537446499999776e-01,6.667822244409999932e-01
CFzi,5.957649391529999949e-01,6.589104798639999760e-01,6.632748602610000210e-01,6.641957183040000379e-01,6.667344489600000035e-01
CFzo,1.210419780000000041e-04,5.869310900000000014e-05,5.359876599999999951e-05,5.802634600000000295e-05,4.777548099999999822e-05
CL,5.958859811309999976e-01,6.589691729729999503e-01,6.633284590269999947e-01,6.642537446499999776e-01,6.667822244409999932e-01
CLi,5.957649391529999949e-01,6.589104798639999760e-01,6.632748602610000210e-01,6.641957183040000379e-01,6.667344489600000035e-01
CLo,1.210419780000000041e-04,5.869310900000000014e-05,5.359876599999999951e-05,5.802634600000000295e-05,4.777548099999999822e-05
CMx,1.458623965800000082e-02,2.436774637000000115e-03,2.408535842999999944e-03,3.254848946999999975e-03,2.971196713999999916e-03
CMxi,1.458927328900000084e-02,2.433438188000000123e-03,2.402579237000000093e-03,3.251379833000000129e-03,2.968091649999999963e-03
CMxo,-3.033630999999999856e-06,3.336450000000000048e-06,5.956605000000000206e-06,3.469113999999999918e-06,3.105063999999999990e-06
CMy,-6.755690721200000026e-02,-1.070657135449999964e-01,-1.149612450350000065e-01,-1.152166455910000054e-01,-1.231709156219999990e-01
CMyi,-7.021392534400000551e-02,-1.099514062039999990e-01,-1.178656495120000008e-01,-1.181027473919999959e-01,-1.260951142160000038e-01
CMyo,2.657018132000000046e-03,2.885692659000000000e-03,2.904404477000000016e-03,2.886101801000000126e-03,2.924198595000000039e-03
CMz,8.271394519999999929e-04,1.307607893000000028e-03,2.280067937999999926e-03,4.464498010000000189e-04,1.967355720000000109e-04
CMzi,9.680351640000000061e-04,1.343150284999999932e-03,2.331529536000000180e-03,5.009699920000000280e-04,2.408528010000000018e-04
CMzo,-1.408957120000000132e-04,-3.554239199999999850e-05,-5.146159700000000053e-05,-5.452019100000000230e-05,-4.411722899999999766e-05
CS,-3.743626309999999961e-03,-1.909601664000000086e-03,1.613109296000000059e-03,-4.699197016999999942e-03,-5.493954223000000088e-03
CSi,-3.765410019000000209e-03,-1.970178729000000069e-03,1.589334639000000021e-03,-4.700966103999999583e-03,-5.523704544000000369e-03
CSo,2.178370900000000079e-05,6.057706499999999732e-05,2.377465700000000028e-05,1.769086999999999991e-06,2.975032099999999952e-05
E,6.858696586410000240e-01,7.535587469090000434e-01,8.178706568250000419e-01,7.239838215439999836e-01,7.190746894849999737e-01
FC_AoA_,0.000000000000000000e+00
FC_Beta_,2.000000000000000000e+00
FC_Bref_,1.417173599999999922e+01
FC_Cref_,1.193975999999999926e+00
FC_Mach_,1.499999999999999944e-01
FC_Pitch_Rate,0.000000000000000000e+00
FC_ReCref_,3.870000000000000000e+06
FC_Rho_,2.377000000000000206e-03
FC_Roll__Rate,0.000000000000000000e+00
FC_Sref_,1.619368700000000061e+01
FC_Vinf_,5.100000000000000000e+01
FC_Xcg_,1.785187999999999997e+00
FC_Yaw___Rate,0.000000000000000000e+00
FC_Ycg_,-0.000000000000000000e+00
FC_Zcg_,7.542510000000000048e-01
L/D,2.267479103424599884e+01,2.330103231271899844e+01,2.429505575221800129e+01,2.278280249057500129e+01,2.270243685993100158e+01
Mach,1.499999999999999944e-01,1.499999999999999944e-01,1.499999999999999944e-01,1.499999999999999944e-01,1.499999999999999944e-01
T/QS,0.000000000000000000e+00,0.000000000000000000e+00,0.000000000000000000e+00,0.000000000000000000e+00,0.000000000000000000e+00
WakeIter,1,2,3,4,5
Results_Name,VSPAERO_History
Results_Timestamp,1749700088
Results_Date,6,11,2025
Results_Time,23,48,8
Alpha,0.000000000000000000e+00,0.000000000000000000e+00,0.000000000000000000e+00,0.000000000000000000e+00,0.000000000000000000e+00
AnalysisMethod,0
Beta,3.000000000000000000e+00,3.000000000000000000e+00,3.000000000000000000e+00,3.000000000000000000e+00,3.000000000000000000e+00
CDi,1.228270410699999933e-02,1.437590771599999914e-02,1.597517532899999856e-02,1.652144476399999840e-02,1.605031540600000001e-02
CDo,1.298638811599999929e-02,1.351092040700000059e-02,1.356023819999999970e-02,1.350281605799999972e-02,1.351670748899999955e-02
CDt,2.115948873100000072e-02,3.064796436499999874e-02,2.975325241099999879e-02,2.118770590599999837e-02,2.312602564900000102e-02
CDtot,2.526909222300000035e-02,2.788682812300000147e-02,2.953541352900000000e-02,3.002426082199999985e-02,2.956702289499999955e-02
CDtott,3.414587684599999784e-02,4.415888477200000106e-02,4.331349061099999675e-02,3.469052196300000113e-02,3.664273313799999710e-02
CFx,2.497043737800000093e-02,2.766668312300000002e-02,2.932600011399999831e-02,2.966736902200000150e-02,2.927203194600000100e-02
CFxi,1.199953044899999995e-02,1.417030715100000074e-02,1.578192143199999911e-02,1.618133773499999886e-02,1.577136923799999854e-02
CFxo,1.297090692800000056e-02,1.349637597100000058e-02,1.354407868199999920e-02,1.348603128699999917e-02,1.350066270800000072e-02
CFy,-6.360368398000000069e-03,-4.930859138000000426e-03,-4.769258012999999692e-03,-7.596114143999999589e-03,-6.403002357999999956e-03
CFyi,-5.724909206000000292e-03,-4.299538872999999865e-03,-4.105828706000000383e-03,-6.922257965999999846e-03,-5.742902258999999648e-03
CFyo,-6.354591929999999899e-04,-6.313202660000000145e-04,-6.634293069999999595e-04,-6.738561789999999562e-04,-6.601000989999999827e-04
CFz,5.940499741150000457e-01,6.554567337219999734e-01,6.522073570109999663e-01,6.673732882430000179e-01,6.648762173290000410e-01
CFzi,5.939286820729999805e-01,6.554073911729999535e-01,6.521059963599999953e-01,6.673281112229999534e-01,6.648309256779999510e-01
CFzo,1.212920419999999984e-04,4.934254899999999797e-05,1.013606510000000061e-04,4.517701999999999932e-05,4.529165099999999799e-05
CL,5.940499741150000457e-01,6.554567337219999734e-01,6.522073570109999663e-01,6.673732882430000179e-01,6.648762173290000410e-01
CLi,5.939286820729999805e-01,6.554073911729999535e-01,6.521059963599999953e-01,6.673281112229999534e-01,6.648309256779999510e-01
CLo,1.212920419999999984e-04,4.934254899999999797e-05,1.013606510000000061e-04,4.517701999999999932e-05,4.529165099999999799e-05
CMx,1.555781286099999945e-02,3.284313348999999983e-03,3.205607348999999981e-03,3.770944494999999789e-03,3.390365725999999920e-03
CMxi,1.555893350699999976e-02,3.278036062999999979e-03,3.197180818000000188e-03,3.765795929999999920e-03,3.385466074999999870e-03
CMxo,-1.120645999999999909e-06,6.277286000000000058e-06,8.426530999999999502e-06,5.148565999999999623e-06,4.899652000000000231e-06
CMy,-6.499670188400000215e-02,-9.599396038900000205e-02,-7.667524129800000476e-02,-1.214386389580000003e-01,-1.113959236039999967e-01
CMyi,-6.765116401800000401e-02,-9.890919620099999920e-02,-7.940165729199999411e-02,-1.243678447499999978e-01,-1.143220247249999988e-01
CMyo,2.654462134000000126e-03,2.915235812000000187e-03,2.726415994000000193e-03,2.929205791000000138e-03,2.926101120999999913e-03
CMz,1.348731348000000059e-03,1.701131963000000096e-03,1.681913662999999894e-03,1.130031550000000062e-03,1.728520785999999995e-03
CMzi,1.504771900000000107e-03,1.754549476000000045e-03,1.745710255999999988e-03,1.196023806000000083e-03,1.788862429000000025e-03
CMzo,-1.560405529999999894e-04,-5.341751399999999971e-05,-6.379659200000000320e-05,-6.599225599999999459e-05,-6.034164300000000275e-05
CS,-5.044800016000000262e-03,-3.476139249999999920e-03,-3.227917651999999849e-03,-6.033033806999999957e-03,-4.862247481999999905e-03
CSi,-5.089056516000000328e-03,-3.552029929000000141e-03,-3.274239860999999998e-03,-6.065905467999999773e-03,-4.909622120999999721e-03
CSo,4.425649999999999886e-05,7.589067900000000429e-05,4.632220899999999972e-05,3.287166099999999901e-05,4.737463800000000271e-05
E,7.370966873199999991e-01,7.668973635439999548e-01,6.831885918779999622e-01,6.918001767410000280e-01,7.067872502800000012e-01
FC_AoA_,0.000000000000000000e+00
FC_Beta_,3.000000000000000000e+00
FC_Bref_,1.417173599999999922e+01
FC_Cref_,1.193975999999999926e+00
FC_Mach_,1.499999999999999944e-01
FC_Pitch_Rate,0.000000000000000000e+00
FC_ReCref_,3.870000000000000000e+06
FC_Rho_,2.377000000000000206e-03
FC_Roll__Rate,0.000000000000000000e+00
FC_Sref_,1.619368700000000061e+01
FC_Vinf_,5.100000000000000000e+01
FC_Xcg_,1.785187999999999997e+00
FC_Yaw___Rate,0.000000000000000000e+00
FC_Ycg_,-0.000000000000000000e+00
FC_Zcg_,7.542510000000000048e-01
L/D,2.350415586072000096e+01,2.350240006771300116e+01,2.207878334677399934e+01,2.222629610047999904e+01,2.248555520937399876e+01
Mach,1.499999999999999944e-01,1.499999999999999944e-01,1.499999999999999944e-01,1.499999999999999944e-01,1.499999999999999944e-01
T/QS,0.000000000000000000e+00,0.000000000000000000e+00,0.000000000000000000e+00,0.000000000000000000e+00,0.000000000000000000e+00
WakeIter,1,2,3,4,5
Results_Name,VSPAERO_History
Results_Timestamp,1749700088
Results_Date,6,11,2025
Results_Time,23,48,8
Alpha,0.000000000000000000e+00,0.000000000000000000e+00,0.000000000000000000e+00,0.000000000000000000e+00,0.000000000000000000e+00
AnalysisMethod,0
Beta,4.000000000000000000e+00,4.000000000000000000e+00,4.000000000000000000e+00,4.000000000000000000e+00,4.000000000000000000e+00
CDi,1.210747164400000075e-02,1.054579224999999988e-02,1.530756146700000021e-02,1.596599881299999926e-02,1.640418889000000088e-02
CDo,1.296816193499999992e-02,1.347805408700000068e-02,1.347998664000000027e-02,1.349728082199999971e-02,1.350255470899999928e-02
CDt,4.016258370000000237e-03,1.135684896400000060e-02,1.534228668599999998e-02,1.450360928200000038e-02,1.324313842600000068e-02
CDtot,2.507563357900000067e-02,2.402384633800000099e-02,2.878754810699999875e-02,2.946327963499999897e-02,2.990674359899999843e-02
CDtott,1.698442030500000102e-02,2.483490305100000128e-02,2.882227332600000025e-02,2.800089010400000009e-02,2.674569313500000170e-02
CFx,2.450692625999999902e-02,2.371389538999999977e-02,2.822383494600000028e-02,2.898615381199999910e-02,2.942117787999999970e-02
CFxi,1.156536325100000068e-02,1.026119145599999928e-02,1.477235069900000031e-02,1.551806629299999976e-02,1.594779801299999952e-02
CFxo,1.294156300799999965e-02,1.345270393400000049e-02,1.345148424699999998e-02,1.346808751899999934e-02,1.347337986700000018e-02
CFy,-9.008553997999999355e-03,-5.271436253999999856e-03,-9.066757110000000369e-03,-7.852097562999999641e-03,-7.988279783999999509e-03
CFyi,-8.175313425999999190e-03,-4.438248161000000330e-03,-8.188422394000000049e-03,-6.963278445000000219e-03,-7.099540508999999805e-03
CFyo,-8.332405719999999485e-04,-8.331880929999999595e-04,-8.783347169999999914e-04,-8.888191179999999645e-04,-8.887392750000000291e-04
CFz,5.950397923129999711e-01,6.561243691300000513e-01,6.623986849330000259e-01,6.617391699610000178e-01,6.605983134199999718e-01
CFzi,5.949156665020000068e-01,6.560458490120000263e-01,6.623208559350000080e-01,6.616806376149999558e-01,6.605369855479999996e-01
CFzo,1.241258110000000069e-04,7.852011800000000322e-05,7.782899700000000154e-05,5.853234600000000116e-05,6.132787200000000289e-05
CL,5.950397923129999711e-01,6.561243691300000513e-01,6.623986849330000259e-01,6.617391699610000178e-01,6.605983134199999718e-01
CLi,5.949156665020000068e-01,6.560458490120000263e-01,6.623208559350000080e-01,6.616806376149999558e-01,6.605369855479999996e-01
CLo,1.241258110000000069e-04,7.852011800000000322e-05,7.782899700000000154e-05,5.853234600000000116e-05,6.132787200000000289e-05
CMx,1.653087368299999832e-02,4.303233233999999990e-03,4.599419076999999682e-03,4.650557159000000274e-03,4.404588277999999836e-03
CMxi,1.652985320200000066e-02,4.294191331999999695e-03,4.590211585999999684e-03,4.643016334999999772e-03,4.398096897000000095e-03
CMxo,1.020480000000000096e-06,9.041901999999999408e-06,9.207490999999999899e-06,7.540823999999999683e-06,6.491380999999999912e-06
CMy,-7.141062498500000411e-02,-1.029133878379999978e-01,-1.166417759440000063e-01,-1.081745378310000061e-01,-1.040173446309999999e-01
CMyi,-7.404891963500000174e-02,-1.057177993360000068e-01,-1.194478029460000063e-01,-1.110462524849999966e-01,-1.068768965450000025e-01
CMyo,2.638294648999999804e-03,2.804411497999999888e-03,2.806027001999999992e-03,2.871714653000000030e-03,2.859551913999999924e-03
CMz,1.566720393999999905e-03,2.764106244000000007e-03,1.478330704999999924e-03,2.226499276000000038e-03,2.160449818999999813e-03
CMzi,1.735565929000000085e-03,2.831976900999999807e-03,1.559224148999999952e-03,2.311952678999999820e-03,2.243687537999999870e-03
CMzo,-1.688455349999999904e-04,-6.787065799999999897e-05,-8.089344400000000076e-05,-8.545340299999999896e-05,-8.323771799999999342e-05
CS,-7.277092855000000249e-03,-3.604397578999999924e-03,-7.075875744000000196e-03,-5.810998371000000197e-03,-5.916503113000000022e-03
CSi,-7.348639815000000339e-03,-3.711652278999999933e-03,-7.138008714999999685e-03,-5.863830664999999942e-03,-5.969784231999999621e-03
CSo,7.154695999999999506e-05,1.072546999999999948e-04,6.213296999999999408e-05,5.283229400000000262e-05,5.328111800000000312e-05
E,7.502520703010000513e-01,1.047463802445000036e+00,7.354966538299999579e-01,7.038021862119999694e-01,6.826362870219999657e-01
FC_AoA_,0.000000000000000000e+00
FC_Beta_,4.000000000000000000e+00
FC_Bref_,1.417173599999999922e+01
FC_Cref_,1.193975999999999926e+00
FC_Mach_,1.499999999999999944e-01
FC_Pitch_Rate,0.000000000000000000e+00
FC_ReCref_,3.870000000000000000e+06
FC_Rho_,2.377000000000000206e-03
FC_Roll__Rate,0.000000000000000000e+00
FC_Sref_,1.619368700000000061e+01
FC_Vinf_,5.100000000000000000e+01
FC_Xcg_,1.785187999999999997e+00
FC_Yaw___Rate,0.000000000000000000e+00
FC_Ycg_,-0.000000000000000000e+00
FC_Zcg_,7.542510000000000048e-01
L/D,2.372485084456900140e+01,2.730811044138300048e+01,2.300719927496000139e+01,2.245780665995799907e+01,2.208655661107900059e+01
Mach,1.499999999999999944e-01,1.499999999999999944e-01,1.499999999999999944e-01,1.499999999999999944e-01,1.499999999999999944e-01
T/QS,0.000000000000000000e+00,0.000000000000000000e+00,0.000000000000000000e+00,0.000000000000000000e+00,0.000000000000000000e+00
WakeIter,1,2,3,4,5
Results_Name,VSPAERO_History
Results_Timestamp,1749700088
Results_Date,6,11,2025
Results_Time,23,48,8
Alpha,0.000000000000000000e+00,0.000000000000000000e+00,0.000000000000000000e+00,0.000000000000000000e+00,0.000000000000000000e+00
AnalysisMethod,0
Beta,5.000000000000000000e+00,5.000000000000000000e+00,5.000000000000000000e+00,5.000000000000000000e+00,5.000000000000000000e+00
CDi,1.273889643199999956e-02,1.523544396799999916e-02,1.458509556400000053e-02,1.473346899200000081e-02,1.577279121300000087e-02
CDo,1.295161530900000059e-02,1.338511525799999935e-02,1.342739874199999975e-02,1.345097894500000071e-02,1.347461636500000073e-02
CDt,1.124653265000000006e-02,1.413391585700000085e-02,1.459568246599999945e-02,1.473583141800000051e-02,1.580904704200000038e-02
CDtot,2.569051174100000015e-02,2.862055922600000024e-02,2.801249430700000070e-02,2.818444793600000109e-02,2.924740757800000160e-02
CDtott,2.419814795900000065e-02,2.751903111499999846e-02,2.802308120899999963e-02,2.818681036199999906e-02,2.928366340700000112e-02
CFx,2.471510358499999852e-02,2.789542186100000057e-02,2.726868174300000128e-02,2.744930749000000156e-02,2.858228725999999859e-02
CFxi,1.180469776399999983e-02,1.455345144599999932e-02,1.388479986100000022e-02,1.404349689699999938e-02,1.515400564400000080e-02
CFxo,1.291040582100000042e-02,1.334197041499999951e-02,1.338388188299999976e-02,1.340581059200000001e-02,1.342828161699999995e-02
CFy,-1.227063821500000082e-02,-9.537958613999999308e-03,-9.724868419000000722e-03,-9.633253325999999173e-03,-8.879329417000000543e-03
CFyi,-1.123413187099999919e-02,-8.460404047999999302e-03,-8.641215545000000692e-03,-8.529694271999999772e-03,-7.761406359000000074e-03
CFyo,-1.036506343999999899e-03,-1.077554566000000005e-03,-1.083652874000000030e-03,-1.103559054000000051e-03,-1.117923059000000031e-03
CFz,5.965741596069999986e-01,6.547674869109999518e-01,6.581467437839999546e-01,6.569251389779999784e-01,6.539630085059999764e-01
CFzi,5.964517759670000530e-01,6.546855661880000010e-01,6.580910777689999991e-01,6.568673479190000331e-01,6.538862806320000498e-01
CFzo,1.223836399999999876e-04,8.192072299999999944e-05,5.566601600000000246e-05,5.779105899999999749e-05,7.672787400000000331e-05
CL,5.965741596069999986e-01,6.547674869109999518e-01,6.581467437839999546e-01,6.569251389779999784e-01,6.539630085059999764e-01
CLi,5.964517759670000530e-01,6.546855661880000010e-01,6.580910777689999991e-01,6.568673479190000331e-01,6.538862806320000498e-01
CLo,1.223836399999999876e-04,8.192072299999999944e-05,5.566601600000000246e-05,5.779105899999999749e-05,7.672787400000000331e-05
CMx,1.734979798100000012e-02,6.294881779999999920e-03,6.132480685000000348e-03,6.086690641999999672e-03,5.772945455999999725e-03
CMxi,1.734763341399999867e-02,6.283956327000000258e-03,6.123101197000000231e-03,6.077640597999999818e-03,5.764614195000000024e-03
CMxo,2.164567000000000142e-06,1.092545300000000044e-05,9.379487999999999397e-06,9.050044000000000117e-06,8.331260999999999311e-06
CMy,-7.817817661199999435e-02,-1.174430513779999991e-01,-1.168638078489999954e-01,-1.036577929640000034e-01,-9.334443397699999923e-02
CMyi,-8.081587366299999853e-02,-1.202292025009999987e-01,-1.197408663920000033e-01,-1.065203490949999943e-01,-9.613682941699999707e-02
CMyo,2.637697050999999841e-03,2.786151123000000108e-03,2.877058543000000045e-03,2.862556130999999952e-03,2.792395440000000010e-03
CMz,1.587916083000000082e-03,2.195654359999999871e-03,2.434286419999999972e-03,2.862840520999999829e-03,2.991267663000000097e-03
CMzi,1.770651401999999951e-03,2.300595149000000169e-03,2.537941548000000134e-03,2.971740262999999875e-03,3.101502093999999963e-03
CMzo,-1.827353199999999999e-04,-1.049407889999999998e-04,-1.036551289999999956e-04,-1.088997420000000052e-04,-1.102344310000000010e-04
CS,-1.006988152199999979e-02,-7.070417590000000092e-03,-7.311240148000000376e-03,-7.204231105999999753e-03,-6.354430412999999972e-03
CSi,-1.016253540599999956e-02,-7.159792786000000221e-03,-7.398193067000000123e-03,-7.273264806999999582e-03,-6.411113246999999848e-03
CSo,9.265388400000000026e-05,8.937519499999999734e-05,8.695291900000000427e-05,6.903370100000000558e-05,5.668283399999999846e-05
E,7.167516755720000354e-01,7.220383574800000037e-01,7.621010817609999988e-01,7.516232167080000304e-01,6.957380375330000088e-01
FC_AoA_,0.000000000000000000e+00
FC_Beta_,5.000000000000000000e+00
FC_Bref_,1.417173599999999922e+01
FC_Cref_,1.193975999999999926e+00
FC_Mach_,1.499999999999999944e-01
FC_Pitch_Rate,0.000000000000000000e+00
FC_ReCref_,3.870000000000000000e+06
FC_Rho_,2.377000000000000206e-03
FC_Roll__Rate,0.000000000000000000e+00
FC_Sref_,1.619368700000000061e+01
FC_Vinf_,5.100000000000000000e+01
FC_Xcg_,1.785187999999999997e+00
FC_Yaw___Rate,0.000000000000000000e+00
FC_Ycg_,-0.000000000000000000e+00
FC_Zcg_,7.542510000000000048e-01
L/D,2.321681179309799958e+01,2.287466017036799926e+01,2.349276971074899834e+01,2.330602144161300160e+01,2.235706801986900061e+01
Mach,1.499999999999999944e-01,1.499999999999999944e-01,1.499999999999999944e-01,1.499999999999999944e-01,1.499999999999999944e-01
T/QS,0.000000000000000000e+00,0.000000000000000000e+00,0.000000000000000000e+00,0.000000000000000000e+00,0.000000000000000000e+00
WakeIter,1,2,3,4,5
Results_Name,VSPAERO_History
Results_Timestamp,1749700088
Results_Date,6,11,2025
Results_Time,23,48,8
Alpha,0.000000000000000000e+00,0.000000000000000000e+00,0.000000000000000000e+00,0.000000000000000000e+00,0.000000000000000000e+00
AnalysisMethod,0
Beta,6.000000000000000000e+00,6.000000000000000000e+00,6.000000000000000000e+00,6.000000000000000000e+00,6.000000000000000000e+00
CDi,1.256445353100000065e-02,1.444475539499999982e-02,1.407948538200000030e-02,1.350472486099999966e-02,1.547444095499999998e-02
CDo,1.293667136400000056e-02,1.341463566699999978e-02,1.343303045700000066e-02,1.345593750700000042e-02,1.347551250299999955e-02
CDt,1.378624990299999985e-02,1.565300815300000106e-02,1.480530589999999938e-02,1.509800818599999969e-02,1.707795221899999910e-02
CDtot,2.550112489500000121e-02,2.785939106299999829e-02,2.751251583899999922e-02,2.696066236900000052e-02,2.894995345799999953e-02
CDtott,2.672292126699999867e-02,2.906764381999999911e-02,2.823833635699999831e-02,2.855394569400000054e-02,3.055346472200000038e-02
CFx,2.428626131600000043e-02,2.677824225399999883e-02,2.657025555800000133e-02,2.595604750200000005e-02,2.801645501700000124e-02
CFxi,1.140971494399999932e-02,1.342599530500000055e-02,1.320021106699999919e-02,1.256477680500000041e-02,1.460779858300000067e-02
CFxo,1.287654637199999938e-02,1.335224694799999959e-02,1.337004449100000041e-02,1.339127069800000007e-02,1.340865643400000057e-02
CFy,-1.289511217900000083e-02,-1.174649261600000001e-02,-1.040687757800000043e-02,-1.097122041600000035e-02,-1.039884716299999991e-02
CFyi,-1.164507887700000008e-02,-1.044987233800000019e-02,-9.103610845000000354e-03,-9.650761017999999816e-03,-9.056532469999999807e-03
CFyo,-1.250033302000000098e-03,-1.296620278000000038e-03,-1.303266734000000076e-03,-1.320459398000000100e-03,-1.342314693000000100e-03
CFz,5.946272816840000308e-01,6.568268227539999504e-01,6.587312374539999738e-01,6.573589598029999648e-01,6.537919455009999492e-01
CFzi,5.945066508440000064e-01,6.567564451440000006e-01,6.586673283039999882e-01,6.573094403139999597e-01,6.537075364140000344e-01
CFzo,1.206308400000000066e-04,7.037760999999999583e-05,6.390914999999999780e-05,4.951948999999999842e-05,8.440908700000000243e-05
CL,5.946272816840000308e-01,6.568268227539999504e-01,6.587312374539999738e-01,6.573589598029999648e-01,6.537919455009999492e-01
CLi,5.945066508440000064e-01,6.567564451440000006e-01,6.586673283039999882e-01,6.573094403139999597e-01,6.537075364140000344e-01
CLo,1.206308400000000066e-04,7.037760999999999583e-05,6.390914999999999780e-05,4.951948999999999842e-05,8.440908700000000243e-05
CMx,1.793774169199999907e-02,6.185829187000000014e-03,6.304131014000000088e-03,6.353991841999999911e-03,6.283908090000000016e-03
CMxi,1.793324775299999854e-02,6.173082903999999732e-03,6.291627428999999744e-03,6.342301487000000064e-03,6.273472413999999636e-03
CMxo,4.493939000000000309e-06,1.274628300000000042e-05,1.250358500000000067e-05,1.169035499999999931e-05,1.043567600000000007e-05
CMy,-7.579271301199999589e-02,-1.151440417560000012e-01,-1.143133240530000011e-01,-1.026556661280000060e-01,-8.995584647099999498e-02
CMyi,-7.842707429100000127e-02,-1.179602609359999971e-01,-1.171513956450000032e-01,-1.055381410540000009e-01,-9.270783979799999963e-02
CMyo,2.634361279000000181e-03,2.816219180000000162e-03,2.838071591999999973e-03,2.882474926000000090e-03,2.751993325999999886e-03
CMz,2.360979115000000003e-03,2.506099421999999962e-03,3.120573154999999998e-03,3.512026530000000174e-03,3.792362425000000113e-03
CMzi,2.562230234999999905e-03,2.620076170000000017e-03,3.237717894000000096e-03,3.634849487000000115e-03,3.918139123999999675e-03
CMzo,-2.012511200000000099e-04,-1.139767480000000006e-04,-1.171447390000000035e-04,-1.228229569999999952e-04,-1.257766989999999953e-04
CS,-1.028586583099999965e-02,-8.883055589000000626e-03,-7.572519631999999855e-03,-8.197973165000000534e-03,-7.413364201999999605e-03
CSi,-1.038864594699999942e-02,-8.989228187000000703e-03,-7.673942534000000038e-03,-8.284516328999999568e-03,-7.479989099999999856e-03
CSo,1.027801159999999992e-04,1.061725979999999950e-04,1.014229020000000065e-04,8.654316399999999654e-05,6.662489799999999414e-05
E,7.219708817100000120e-01,7.663873832850000012e-01,7.908521759790000383e-01,8.211147439949999516e-01,7.087643534319999494e-01
FC_AoA_,0.000000000000000000e+00
FC_Beta_,6.000000000000000000e+00
FC_Bref_,1.417173599999999922e+01
FC_Cref_,1.193975999999999926e+00
FC_Mach_,1.499999999999999944e-01
FC_Pitch_Rate,0.000000000000000000e+00
FC_ReCref_,3.870000000000000000e+06
FC_Rho_,2.377000000000000206e-03
FC_Roll__Rate,0.000000000000000000e+00
FC_Sref_,1.619368700000000061e+01
FC_Vinf_,5.100000000000000000e+01
FC_Xcg_,1.785187999999999997e+00
FC_Yaw___Rate,0.000000000000000000e+00
FC_Ycg_,-0.000000000000000000e+00
FC_Zcg_,7.542510000000000048e-01
L/D,2.331295789087500125e+01,2.357396985699099901e+01,2.394064331167099979e+01,2.438031496870999959e+01,2.258060750794100002e+01
Mach,1.499999999999999944e-01,1.499999999999999944e-01,1.499999999999999944e-01,1.499999999999999944e-01,1.499999999999999944e-01
T/QS,0.000000000000000000e+00,0.000000000000000000e+00,0.000000000000000000e+00,0.000000000000000000e+00,0.000000000000000000e+00
WakeIter,1,2,3,4,5
Results_Name,VSPAERO_History
Results_Timestamp,1749700088
Results_Date,6,11,2025
Results_Time,23,48,8
Alpha,0.000000000000000000e+00,0.000000000000000000e+00,0.000000000000000000e+00,0.000000000000000000e+00,0.000000000000000000e+00
AnalysisMethod,0
Beta,7.000000000000000000e+00,7.000000000000000000e+00,7.000000000000000000e+00,7.000000000000000000e+00,7.000000000000000000e+00
CDi,1.210614853200000021e-02,1.394018240099999945e-02,1.351032972299999989e-02,9.437700505000000406e-03,1.514472688000000067e-02
CDo,1.291703087299999990e-02,1.338164887400000030e-02,1.339899142000000078e-02,1.343208863000000010e-02,1.341529179800000048e-02
CDt,1.561586459999999947e-02,1.628901264599999857e-02,1.408514914799999934e-02,1.675215762100000158e-02,1.962133820000000126e-02
CDtot,2.502317940499999838e-02,2.732183127499999975e-02,2.690932114300000066e-02,2.286978913499999877e-02,2.856001867799999941e-02
CDtott,2.853289547299999937e-02,2.967066151999999887e-02,2.748414056900000055e-02,3.018424625099999994e-02,3.303662999800000000e-02
CFx,2.358570362199999965e-02,2.584319814900000109e-02,2.550748765500000098e-02,2.204609401499999996e-02,2.777372973799999839e-02
CFxi,1.075114987899999930e-02,1.254652524599999923e-02,1.219379835500000037e-02,8.697567629999999883e-03,1.444636470400000039e-02
CFxo,1.283455374300000035e-02,1.329667290300000013e-02,1.331368930000000061e-02,1.334852638600000051e-02,1.332736503399999974e-02
CFy,-1.323778398099999948e-02,-1.371357521000000045e-02,-1.306286214499999959e-02,-8.107234633999999690e-03,-8.150615095999999560e-03
CFyi,-1.177602220900000017e-02,-1.220304475099999973e-02,-1.154861470499999980e-02,-6.605133033999999875e-03,-6.613994669999999701e-03
CFyo,-1.461761771999999958e-03,-1.510530458000000067e-03,-1.514247440000000009e-03,-1.502101600000000032e-03,-1.536620426000000076e-03
CFz,5.919469872970000157e-01,6.541789549319999564e-01,6.562168392299999597e-01,6.622532620529999470e-01,6.580172401910000524e-01
CFzi,5.918205979599999722e-01,6.541091867299999585e-01,6.561472770330000204e-01,6.622089834230000527e-01,6.579473544649999672e-01
CFzo,1.263893370000000076e-04,6.976820200000000615e-05,6.956219699999999456e-05,4.427862899999999920e-05,6.988572599999999849e-05
CL,5.919469872970000157e-01,6.541789549319999564e-01,6.562168392299999597e-01,6.622532620529999470e-01,6.580172401910000524e-01
CLi,5.918205979599999722e-01,6.541091867299999585e-01,6.561472770330000204e-01,6.622089834230000527e-01,6.579473544649999672e-01
CLo,1.263893370000000076e-04,6.976820200000000615e-05,6.956219699999999456e-05,4.427862899999999920e-05,6.988572599999999849e-05
CMx,1.854935667100000157e-02,7.148954255000000181e-03,7.006435192000000194e-03,6.972040145000000383e-03,6.670499405999999985e-03
CMxi,1.854237191399999915e-02,7.134714745000000392e-03,6.991821962999999682e-03,6.956952875999999723e-03,6.657640339999999768e-03
CMxo,6.984757000000000319e-06,1.423951000000000048e-05,1.461322900000000028e-05,1.508726799999999949e-05,1.285906600000000059e-05
CMy,-7.246916116200000091e-02,-1.156785405489999946e-01,-1.133050546190000063e-01,-4.630837158159999967e-01,-1.073296837280000027e-01
CMyi,-7.507073874000000369e-02,-1.184849676250000067e-01,-1.161094129320000001e-01,-4.659805264160000182e-01,-1.101188765999999986e-01
CMyo,2.601577578000000175e-03,2.806427075999999923e-03,2.804358312999999901e-03,2.896810599999999868e-03,2.789192873000000215e-03
CMz,3.196977810999999947e-03,2.849298077999999797e-03,3.095266576000000030e-03,5.634613636000000182e-03,5.897592285999999837e-03
CMzi,3.416466722000000098e-03,2.982387791999999843e-03,3.228512537999999807e-03,5.771925911999999624e-03,6.038264459000000119e-03
CMzo,-2.194889109999999884e-04,-1.330897139999999922e-04,-1.332459619999999938e-04,-1.373122749999999880e-04,-1.406721730000000110e-04
CS,-1.026473733300000031e-02,-1.046186271000000036e-02,-9.856912779000000582e-03,-5.360061535000000196e-03,-4.705095440000000261e-03
CSi,-1.037800994900000065e-02,-1.058304831300000033e-02,-9.976482882999999566e-03,-5.495932517999999913e-03,-4.804125975999999805e-03
CSo,1.132726160000000008e-04,1.211856030000000022e-04,1.195701039999999999e-04,1.358709840000000104e-04,9.903053600000000516e-05
E,7.425471001829999640e-01,7.877381750569999452e-01,8.178743065979999782e-01,1.192542309952000057e+00,7.336192116909999728e-01
FC_AoA_,0.000000000000000000e+00
FC_Beta_,7.000000000000000000e+00
FC_Bref_,1.417173599999999922e+01
FC_Cref_,1.193975999999999926e+00
FC_Mach_,1.499999999999999944e-01
FC_Pitch_Rate,0.000000000000000000e+00
FC_ReCref_,3.870000000000000000e+06
FC_Rho_,2.377000000000000206e-03
FC_Roll__Rate,0.000000000000000000e+00
FC_Sref_,1.619368700000000061e+01
FC_Vinf_,5.100000000000000000e+01
FC_Xcg_,1.785187999999999997e+00
FC_Yaw___Rate,0.000000000000000000e+00
FC_Ycg_,-0.000000000000000000e+00
FC_Zcg_,7.542510000000000048e-01
L/D,2.365089537067400016e+01,2.394089840264199864e+01,2.438364288533799851e+01,2.895562261217200017e+01,2.303735728903500046e+01
Mach,1.499999999999999944e-01,1.499999999999999944e-01,1.499999999999999944e-01,1.499999999999999944e-01,1.499999999999999944e-01
T/QS,0.000000000000000000e+00,0.000000000000000000e+00,0.000000000000000000e+00,0.000000000000000000e+00,0.000000000000000000e+00
WakeIter,1,2,3,4,5
Results_Name,VSPAERO_History
Results_Timestamp,1749700088
Results_Date,6,11,2025
Results_Time,23,48,8
Alpha,0.000000000000000000e+00,0.000000000000000000e+00,0.000000000000000000e+00,0.000000000000000000e+00,0.000000000000000000e+00
AnalysisMethod,0
Beta,8.000000000000000000e+00,8.000000000000000000e+00,8.000000000000000000e+00,8.000000000000000000e+00,8.000000000000000000e+00
CDi,1.176607278300000059e-02,1.329888724699999913e-02,1.411151306099999933e-02,1.375293758899999962e-02,-2.940247745000000058e-03
CDo,1.288858145699999999e-02,1.336537075099999972e-02,1.343428723899999996e-02,1.345052534500000042e-02,1.342751596800000058e-02
CDt,1.837940661599999845e-02,2.002808548100000127e-02,1.426822841900000048e-02,1.220535193100000075e-02,1.972611384500000051e-02
CDtot,2.465465424000000058e-02,2.666425799700000016e-02,2.754580029999999929e-02,2.720346293400000004e-02,1.048726822299999965e-02
CDtott,3.126798807199999974e-02,3.339345623099999882e-02,2.770251565799999871e-02,2.565587727499999901e-02,3.315362981299999762e-02
CFx,2.258324341600000118e-02,2.481731289400000012e-02,2.638190924899999970e-02,2.377161399799999908e-02,7.455488718000000299e-03
CFxi,9.801917518000000801e-03,1.156251247200000033e-02,1.306149989200000062e-02,1.042622854899999917e-02,-5.869243171999999863e-03
CFxo,1.278132589800000038e-02,1.325480042300000022e-02,1.332040935700000081e-02,1.334538544899999991e-02,1.332473189000000016e-02
CFy,-1.646287522900000133e-02,-1.500624381900000047e-02,-1.020770513700000083e-02,-2.632112544299999857e-02,-2.230557332500000128e-02
CFyi,-1.479845486199999997e-02,-1.328489728899999965e-02,-8.458005026000000107e-03,-2.463246385699999902e-02,-2.063528322499999859e-02
CFyo,-1.664420367000000057e-03,-1.721346530999999947e-03,-1.749700111000000073e-03,-1.688661585999999982e-03,-1.670290099000000094e-03
CFz,5.863244806780000262e-01,6.501918767130000498e-01,6.407758421889999667e-01,6.459753492109999717e-01,6.506015005599999901e-01
CFzi,5.861921882449999677e-01,6.501301568089999927e-01,6.406822481389999879e-01,6.459210062029999699e-01,6.505440615919999559e-01
CFzo,1.322924330000000044e-04,6.171990400000000273e-05,9.359405000000000220e-05,5.434300900000000261e-05,5.743896800000000263e-05
CL,5.863244806780000262e-01,6.501918767130000498e-01,6.407758421889999667e-01,6.459753492109999717e-01,6.506015005599999901e-01
CLi,5.861921882449999677e-01,6.501301568089999927e-01,6.406822481389999879e-01,6.459210062029999699e-01,6.505440615919999559e-01
CLo,1.322924330000000044e-04,6.171990400000000273e-05,9.359405000000000220e-05,5.434300900000000261e-05,5.743896800000000263e-05
CMx,1.947775904399999883e-02,7.829685850000000363e-03,7.049464545999999630e-03,7.885811155000000197e-03,7.282037945999999574e-03
CMxi,1.946892796700000136e-02,7.814272279000000765e-03,7.032163915000000376e-03,7.868076640999999496e-03,7.263227193999999796e-03
CMxo,8.831078000000000696e-06,1.541357100000000164e-05,1.730063099999999980e-05,1.773451399999999932e-05,1.881075200000000160e-05
CMy,-6.395256951800000478e-02,-1.100792531349999992e-01,-7.906332755099999832e-02,-8.347679524999999934e-02,-1.029693192849999994e-01
CMyi,-6.651979323399999366e-02,-1.129010394239999965e-01,-8.176623878699999792e-02,-8.631137533699999309e-02,-1.057906776369999940e-01
CMyo,2.567223716000000162e-03,2.821786288999999885e-03,2.702911236000000040e-03,2.834580087999999821e-03,2.821358351999999833e-03
CMz,3.120596686000000081e-03,3.376894424000000117e-03,4.463590962000000412e-03,-2.399496000000000040e-04,1.648619585000000087e-03
CMzi,3.357516773000000006e-03,3.527228226999999834e-03,4.623582384000000413e-03,-1.028431169999999978e-04,1.781735648000000016e-03
CMzo,-2.369200870000000064e-04,-1.503338029999999885e-04,-1.599914220000000012e-04,-1.371064830000000062e-04,-1.331160640000000059e-04
CS,-1.315967964299999925e-02,-1.140630169300000003e-02,-6.436712332999999786e-03,-2.275660082399999853e-02,-2.105089353400000154e-02
CSi,-1.329027405999999925e-02,-1.154641886600000014e-02,-6.557882858999999724e-03,-2.294169185300000066e-02,-2.125130283999999981e-02
CSo,1.305944170000000043e-04,1.401171730000000002e-04,1.211705270000000019e-04,1.850910290000000132e-04,2.004093059999999954e-04
E,7.495461439270000303e-01,8.157088437180000096e-01,7.465547296269999800e-01,7.785978436670000224e-01,-3.694191116742000069e+00
FC_AoA_,0.000000000000000000e+00
FC_Beta_,8.000000000000000000e+00
FC_Bref_,1.417173599999999922e+01
FC_Cref_,1.193975999999999926e+00
FC_Mach_,1.499999999999999944e-01
FC_Pitch_Rate,0.000000000000000000e+00
FC_ReCref_,3.870000000000000000e+06
FC_Rho_,2.377000000000000206e-03
FC_Roll__Rate,0.000000000000000000e+00
FC_Sref_,1.619368700000000061e+01
FC_Vinf_,5.100000000000000000e+01
FC_Xcg_,1.785187999999999997e+00
FC_Yaw___Rate,0.000000000000000000e+00
FC_Ycg_,-0.000000000000000000e+00
FC_Zcg_,7.542510000000000048e-01
L/D,2.377612691500599951e+01,2.438208319433299920e+01,2.325879956906999979e+01,2.374407286962599883e+01,6.203179395770499838e+01
Mach,1.499999999999999944e-01,1.499999999999999944e-01,1.499999999999999944e-01,1.499999999999999944e-01,1.499999999999999944e-01
T/QS,0.000000000000000000e+00,0.000000000000000000e+00,0.000000000000000000e+00,0.000000000000000000e+00,0.000000000000000000e+00
WakeIter,1,2,3,4,5
Results_Name,VSPAERO_History
Results_Timestamp,1749700088
Results_Date,6,11,2025
Results_Time,23,48,8
Alpha,0.000000000000000000e+00,0.000000000000000000e+00,0.000000000000000000e+00,0.000000000000000000e+00,0.000000000000000000e+00
AnalysisMethod,0
Beta,9.000000000000000000e+00,9.000000000000000000e+00,9.000000000000000000e+00,9.000000000000000000e+00,9.000000000000000000e+00
CDi,1.105470022600000060e-02,1.259081888299999966e-02,1.105838007900000058e-02,1.330560447799999935e-02,1.399168450899999916e-02
CDo,1.283508041100000011e-02,1.333880645899999939e-02,1.336494433699999922e-02,1.338796826499999947e-02,1.346534937899999951e-02
CDt,-9.199375859000000558e-03,8.163183134999999965e-03,1.645761701300000115e-02,1.910131598699999975e-02,1.839588246499999913e-02
CDtot,2.388978063700000071e-02,2.592962534199999905e-02,2.442332441600000154e-02,2.669357274300000055e-02,2.745703388799999867e-02
CDtott,3.635704551999999982e-03,2.150198959400000109e-02,2.982256134999999864e-02,3.248928425199999748e-02,3.186123184399999864e-02
CFx,2.115497557699999934e-02,2.363129346399999928e-02,2.207650049500000169e-02,2.299435285099999879e-02,2.417662578900000095e-02
CFxi,8.454030588000000651e-03,1.043032892899999932e-02,8.855736160000000565e-03,9.734502279999999660e-03,1.082861578000000012e-02
CFxo,1.270094498900000042e-02,1.320096453499999996e-02,1.322076433499999940e-02,1.325985057199999956e-02,1.334801000900000083e-02
CFy,-1.914704609900000007e-02,-1.655180215100000157e-02,-1.673942040599999889e-02,-2.545678493200000114e-02,-2.287259703099999916e-02
CFyi,-1.729000564199999895e-02,-1.463171565900000040e-02,-1.477725977000000045e-02,-2.359422569800000147e-02,-2.107199943100000056e-02
CFyo,-1.857040456000000036e-03,-1.920086492000000087e-03,-1.962160637000000176e-03,-1.862559233999999892e-03,-1.800597600999999902e-03
CFz,5.843674102450000518e-01,6.475348925060000482e-01,6.429074866580000158e-01,6.494675011099999562e-01,6.425565948220000045e-01
CFzi,5.842294298229999683e-01,6.474699746759999819e-01,6.427809576849999873e-01,6.494534436890000428e-01,6.425380610219999511e-01
CFzo,1.379804219999999980e-04,6.491783000000000590e-05,1.265289730000000072e-04,1.405742099999999939e-05,1.853379999999999863e-05
CL,5.843674102450000518e-01,6.475348925060000482e-01,6.429074866580000158e-01,6.494675011099999562e-01,6.425565948220000045e-01
CLi,5.842294298229999683e-01,6.474699746759999819e-01,6.427809576849999873e-01,6.494534436890000428e-01,6.425380610219999511e-01
CLo,1.379804219999999980e-04,6.491783000000000590e-05,1.265289730000000072e-04,1.405742099999999939e-05,1.853379999999999863e-05
CMx,2.067280800500000126e-02,8.499454462999999488e-03,8.069117528000000275e-03,8.648023871999999460e-03,8.453573193000000346e-03
CMxi,2.066254055099999917e-02,8.482072151999999615e-03,8.049604849999999340e-03,8.626172551000000494e-03,8.430959688999999438e-03
CMxo,1.026745400000000038e-05,1.738230999999999858e-05,1.951267700000000081e-05,2.185132099999999942e-05,2.261350499999999992e-05
CMy,-7.042324591699999914e-02,-1.091560082670000043e-01,-1.045160349130000027e-01,-1.095239155520000007e-01,-8.536250469599999946e-02
CMyi,-7.295415459800000391e-02,-1.119510037340000069e-01,-1.070840123509999992e-01,-1.124898289070000029e-01,-8.829739282800000422e-02
CMyo,2.530908681999999993e-03,2.794995467000000074e-03,2.567977437999999918e-03,2.965913355000000026e-03,2.934888132999999982e-03
CMz,3.278278925000000128e-03,3.780951540999999850e-03,2.916456722000000147e-03,8.894076220000000530e-04,2.930773635999999859e-03
CMzi,3.529224835000000209e-03,3.944096735999999895e-03,3.090694282999999903e-03,1.029970576999999924e-03,3.051345950000000119e-03
CMzo,-2.509459100000000268e-04,-1.631451949999999907e-04,-1.742375610000000002e-04,-1.405629550000000061e-04,-1.205723130000000066e-04
CS,-1.560194690100000052e-02,-1.265127324900000051e-02,-1.307980481900000019e-02,-2.154626037899999916e-02,-1.880893988500000058e-02
CSi,-1.575463522899999899e-02,-1.281991203299999958e-02,-1.320998483199999941e-02,-2.178092997100000011e-02,-1.911859943399999914e-02
CSo,1.526883279999999895e-04,1.686387839999999917e-04,1.301800130000000061e-04,2.346695920000000052e-04,3.096595490000000265e-04
E,7.924461172510000040e-01,8.545454023649999842e-01,9.589243428789999690e-01,8.136006558339999861e-01,7.573167534250000443e-01
FC_AoA_,0.000000000000000000e+00
FC_Beta_,9.000000000000000000e+00
FC_Bref_,1.417173599999999922e+01
FC_Cref_,1.193975999999999926e+00
FC_Mach_,1.499999999999999944e-01
FC_Pitch_Rate,0.000000000000000000e+00
FC_ReCref_,3.870000000000000000e+06
FC_Rho_,2.377000000000000206e-03
FC_Roll__Rate,0.000000000000000000e+00
FC_Sref_,1.619368700000000061e+01
FC_Vinf_,5.100000000000000000e+01
FC_Xcg_,1.785187999999999997e+00
FC_Yaw___Rate,0.000000000000000000e+00
FC_Ycg_,-0.000000000000000000e+00
FC_Zcg_,7.542510000000000048e-01
L/D,2.445520277905900031e+01,2.497027882694699841e+01,2.631832369444600062e+01,2.432995575125699972e+01,2.340158312983200162e+01
Mach,1.499999999999999944e-01,1.499999999999999944e-01,1.499999999999999944e-01,1.499999999999999944e-01,1.499999999999999944e-01
T/QS,0.000000000000000000e+00,0.000000000000000000e+00,0.000000000000000000e+00,0.000000000000000000e+00,0.000000000000000000e+00
WakeIter,1,2,3,4,5
Results_Name,VSPAERO_History
Results_Timestamp,1749700088
Results_Date,6,11,2025
Results_Time,23,48,8
Alpha,0.000000000000000000e+00,0.000000000000000000e+00,0.000000000000000000e+00,0.000000000000000000e+00,0.000000000000000000e+00
AnalysisMethod,0
Beta,1.000000000000000000e+01,1.000000000000000000e+01,1.000000000000000000e+01,1.000000000000000000e+01,1.000000000000000000e+01
CDi,1.053873805200000041e-02,1.171207350699999920e-02,1.621773085500000100e-02,1.524462135399999932e-02,1.462592149499999938e-02
CDo,1.278476597999999957e-02,1.324997097299999982e-02,1.327754838599999945e-02,1.344046238599999957e-02,1.346315353400000074e-02
CDt,1.340062309399999915e-02,1.606661226600000075e-02,1.588563156300000154e-02,1.722407605999999938e-02,1.837476029800000007e-02
CDtot,2.332350403099999955e-02,2.496204448000000076e-02,2.949527924100000045e-02,2.868508373999999889e-02,2.808907502799999970e-02
CDtott,2.618538907299999829e-02,2.931658323900000057e-02,2.916317994900000099e-02,3.066453844599999895e-02,3.183791383100000039e-02
CFx,1.977524105500000004e-02,2.188164193199999830e-02,2.671478600399999903e-02,2.332175777099999847e-02,2.320055682499999952e-02
CFxi,7.154581981000000118e-03,8.801692700999999217e-03,1.361745440099999989e-02,1.003105788700000070e-02,9.883796149000000086e-03
CFxo,1.262065907399999992e-02,1.307994923100000081e-02,1.309733160299999914e-02,1.329069988399999951e-02,1.331676067599999944e-02
CFy,-2.216374150399999868e-02,-1.965372687900000109e-02,-1.834946330399999867e-02,-3.292655269699999721e-02,-3.018164004400000072e-02
CFyi,-2.011452290399999912e-02,-1.753026341200000088e-02,-1.616576817699999849e-02,-3.090131924999999988e-02,-2.817353158300000063e-02
CFyo,-2.049218600999999987e-03,-2.123463467000000215e-03,-2.183695128000000176e-03,-2.025233446999999930e-03,-2.008108461000000095e-03
CFz,5.850881985970000088e-01,6.455456063009999967e-01,6.427573649250000187e-01,6.305334224730000381e-01,6.318707965890000278e-01
CFzi,5.849476282509999958e-01,6.454587330800000133e-01,6.426248231419999790e-01,6.305366572530000102e-01,6.318228663970000270e-01
CFzo,1.405703459999999906e-04,8.687322100000000448e-05,1.325417830000000057e-04,-3.234779999999999800e-06,4.793019200000000210e-05
CL,5.850881985970000088e-01,6.455456063009999967e-01,6.427573649250000187e-01,6.305334224730000381e-01,6.318707965890000278e-01
CLi,5.849476282509999958e-01,6.454587330800000133e-01,6.426248231419999790e-01,6.305366572530000102e-01,6.318228663970000270e-01
CLo,1.405703459999999906e-04,8.687322100000000448e-05,1.325417830000000057e-04,-3.234779999999999800e-06,4.793019200000000210e-05
CMx,2.177450916200000114e-02,1.006886939599999954e-02,1.015958457299999916e-02,1.070611319500000026e-02,1.015588643100000070e-02
CMxi,2.176265505499999989e-02,1.004867839099999986e-02,1.013982967499999985e-02,1.068178067299999957e-02,1.013272562600000051e-02
CMxo,1.185410699999999970e-05,2.019100600000000006e-05,1.975489800000000074e-05,2.433252200000000142e-05,2.316080500000000059e-05
CMy,-8.293259786899999375e-02,-1.220692849549999959e-01,-1.292243586680000000e-01,-6.916304979600000624e-02,-5.529123525199999833e-02
CMyi,-8.543757294800000124e-02,-1.247684808789999988e-01,-1.317530907970000109e-01,-7.216454813299999493e-02,-5.809892173399999749e-02
CMyo,2.504975080000000111e-03,2.699195923999999931e-03,2.528732128000000037e-03,3.001498336999999968e-03,2.807686483000000014e-03
CMz,3.312916996999999870e-03,3.693928114999999943e-03,3.484207331999999990e-03,-7.348416499999999713e-04,1.386174502999999942e-03
CMzi,3.577329268999999978e-03,3.878139511000000192e-03,3.683914706000000153e-03,-5.916815970000000426e-04,1.523168652000000088e-03
CMzo,-2.644122729999999954e-04,-1.842113960000000053e-04,-1.997073740000000004e-04,-1.431600530000000100e-04,-1.369941490000000110e-04
CS,-1.839308989699999994e-02,-1.555543535999999970e-02,-1.343171981899999971e-02,-2.837654363899999935e-02,-2.569437870100000146e-02
CSi,-1.856655798100000088e-02,-1.573554142299999833e-02,-1.355552769200000021e-02,-2.868998385400000142e-02,-2.602920914299999833e-02
CSo,1.734680839999999896e-04,1.801060629999999920e-04,1.238078730000000106e-04,3.134402150000000159e-04,3.348304420000000137e-04
E,8.332881587810000434e-01,9.129626793270000373e-01,6.535438881539999967e-01,6.693509588160000412e-01,7.005147633980000066e-01
FC_AoA_,0.000000000000000000e+00
FC_Beta_,1.000000000000000000e+01
FC_Bref_,1.417173599999999922e+01
FC_Cref_,1.193975999999999926e+00
FC_Mach_,1.499999999999999944e-01
FC_Pitch_Rate,0.000000000000000000e+00
FC_ReCref_,3.870000000000000000e+06
FC_Rho_,2.377000000000000206e-03
FC_Roll__Rate,0.000000000000000000e+00
FC_Sref_,1.619368700000000061e+01
FC_Vinf_,5.100000000000000000e+01
FC_Xcg_,1.785187999999999997e+00
FC_Yaw___Rate,0.000000000000000000e+00
FC_Ycg_,-0.000000000000000000e+00
FC_Zcg_,7.542510000000000048e-01
L/D,2.507974905769700058e+01,2.585760687995799856e+01,2.178737885125299911e+01,2.198134274144199907e+01,2.249354475926200081e+01
Mach,1.499999999999999944e-01,1.499999999999999944e-01,1.499999999999999944e-01,1.499999999999999944e-01,1.499999999999999944e-01
T/QS,0.000000000000000000e+00,0.000000000000000000e+00,0.000000000000000000e+00,0.000000000000000000e+00,0.000000000000000000e+00
WakeIter,1,2,3,4,5
Results_Name,VSPAERO_Polar
Results_Timestamp,1749700088
Results_Date,6,11,2025
Results_Time,23,48,8
Alpha,0.000000000000000000e+00,0.000000000000000000e+00,0.000000000000000000e+00,0.000000000000000000e+00,0.000000000000000000e+00,0.000000000000000000e+00,0.000000000000000000e+00,0.000000000000000000e+00,0.000000000000000000e+00,0.000000000000000000e+00,0.000000000000000000e+00
Beta,0.000000000000000000e+00,1.000000000000000000e+00,2.000000000000000000e+00,3.000000000000000000e+00,4.000000000000000000e+00,5.000000000000000000e+00,6.000000000000000000e+00,7.000000000000000000e+00,8.000000000000000000e+00,9.000000000000000000e+00,1.000000000000000000e+01
CDi,1.548051038299999918e-02,1.712767736499999985e-02,1.586651837400000070e-02,1.605031540600000001e-02,1.640418889000000088e-02,1.577279121300000087e-02,1.547444095499999998e-02,1.514472688000000067e-02,-2.940247745000000058e-03,1.399168450899999916e-02,1.462592149499999938e-02
CDo,1.354499016200000003e-02,1.363678348899999976e-02,1.350189053700000079e-02,1.351670748899999955e-02,1.350255470899999928e-02,1.347461636500000073e-02,1.347551250299999955e-02,1.341529179800000048e-02,1.342751596800000058e-02,1.346534937899999951e-02,1.346315353400000074e-02
CDt,1.361623096100000006e-02,1.650430040699999920e-02,1.569507205300000111e-02,2.312602564900000102e-02,1.324313842600000068e-02,1.580904704200000038e-02,1.707795221899999910e-02,1.962133820000000126e-02,1.972611384500000051e-02,1.839588246499999913e-02,1.837476029800000007e-02
CDtot,2.902550054499999921e-02,3.076446085399999961e-02,2.936840891000000106e-02,2.956702289499999955e-02,2.990674359899999843e-02,2.924740757800000160e-02,2.894995345799999953e-02,2.856001867799999941e-02,1.048726822299999965e-02,2.745703388799999867e-02,2.808907502799999970e-02
CDtott,2.716122112400000052e-02,3.014108389599999896e-02,2.919696258900000146e-02,3.664273313799999710e-02,2.674569313500000170e-02,2.928366340700000112e-02,3.055346472200000038e-02,3.303662999800000000e-02,3.315362981299999762e-02,3.186123184399999864e-02,3.183791383100000039e-02
CFx,2.902550054499999921e-02,3.081237855600000089e-02,2.915878223200000022e-02,2.927203194600000100e-02,2.942117787999999970e-02,2.858228725999999859e-02,2.801645501700000124e-02,2.777372973799999839e-02,7.455488718000000299e-03,2.417662578900000095e-02,2.320055682499999952e-02
CFy,-7.775250599999999435e-05,2.476725915000000180e-03,-6.515550145000000015e-03,-6.403002357999999956e-03,-7.988279783999999509e-03,-8.879329417000000543e-03,-1.039884716299999991e-02,-8.150615095999999560e-03,-2.230557332500000128e-02,-2.287259703099999916e-02,-3.018164004400000072e-02
CFz,6.614645945639999747e-01,6.493423408230000193e-01,6.667822244409999932e-01,6.648762173290000410e-01,6.605983134199999718e-01,6.539630085059999764e-01,6.537919455009999492e-01,6.580172401910000524e-01,6.506015005599999901e-01,6.425565948220000045e-01,6.318707965890000278e-01
CL,6.614645945639999747e-01,6.493423408230000193e-01,6.667822244409999932e-01,6.648762173290000410e-01,6.605983134199999718e-01,6.539630085059999764e-01,6.537919455009999492e-01,6.580172401910000524e-01,6.506015005599999901e-01,6.425565948220000045e-01,6.318707965890000278e-01
CMl,-6.363110680000000265e-04,-1.156076149000000077e-03,-2.971196713999999916e-03,-3.390365725999999920e-03,-4.404588277999999836e-03,-5.772945455999999725e-03,-6.283908090000000016e-03,-6.670499405999999985e-03,-7.282037945999999574e-03,-8.453573193000000346e-03,-1.015588643100000070e-02
CMm,-1.012326983610000036e-01,-6.102000447099999864e-02,-1.231709156219999990e-01,-1.113959236039999967e-01,-1.040173446309999999e-01,-9.334443397699999923e-02,-8.995584647099999498e-02,-1.073296837280000027e-01,-1.029693192849999994e-01,-8.536250469599999946e-02,-5.529123525199999833e-02
CMn,1.782276499999999909e-05,-1.708574494000000008e-03,-1.967355720000000109e-04,-1.728520785999999995e-03,-2.160449818999999813e-03,-2.991267663000000097e-03,-3.792362425000000113e-03,-5.897592285999999837e-03,-1.648619585000000087e-03,-2.930773635999999859e-03,-1.386174502999999942e-03
CMx,6.363110680000000265e-04,1.156076149000000077e-03,2.971196713999999916e-03,3.390365725999999920e-03,4.404588277999999836e-03,5.772945455999999725e-03,6.283908090000000016e-03,6.670499405999999985e-03,7.282037945999999574e-03,8.453573193000000346e-03,1.015588643100000070e-02
CMy,-1.012326983610000036e-01,-6.102000447099999864e-02,-1.231709156219999990e-01,-1.113959236039999967e-01,-1.040173446309999999e-01,-9.334443397699999923e-02,-8.995584647099999498e-02,-1.073296837280000027e-01,-1.029693192849999994e-01,-8.536250469599999946e-02,-5.529123525199999833e-02
CMz,-1.782276499999999909e-05,1.708574494000000008e-03,1.967355720000000109e-04,1.728520785999999995e-03,2.160449818999999813e-03,2.991267663000000097e-03,3.792362425000000113e-03,5.897592285999999837e-03,1.648619585000000087e-03,2.930773635999999859e-03,1.386174502999999942e-03
CS,-7.775250599999999435e-05,3.014098850999999846e-03,-5.493954223000000088e-03,-4.862247481999999905e-03,-5.916503113000000022e-03,-6.354430412999999972e-03,-7.413364201999999605e-03,-4.705095440000000261e-03,-2.105089353400000154e-02,-1.880893988500000058e-02,-2.569437870100000146e-02
E,3.868862900219999790e-01,3.517612432850000248e-01,3.885415427730000149e-01,3.837283188139999912e-01,3.745032968820000141e-01,3.752915970599999818e-01,3.789493037980000145e-01,3.891041915389999994e-01,1.035899437135000101e+00,3.859392978710000088e-01,3.648118872209999974e-01
Fopt,0.000000000000000000e+00,0.000000000000000000e+00,0.000000000000000000e+00,0.000000000000000000e+00,0.000000000000000000e+00,0.000000000000000000e+00,0.000000000000000000e+00,0.000000000000000000e+00,0.000000000000000000e+00,0.000000000000000000e+00,0.000000000000000000e+00
L_D,2.278908484424200154e+01,2.110689811561899987e+01,2.270406362430999891e+01,2.248708703931099961e+01,2.208860724799599851e+01,2.235969142755600103e+01,2.258352319784399853e+01,2.303980426663400038e+01,6.203727097672700097e+01,2.340225814083400024e+01,2.249525112345800082e+01
Mach,1.499999999999999944e-01,1.499999999999999944e-01,1.499999999999999944e-01,1.499999999999999944e-01,1.499999999999999944e-01,1.499999999999999944e-01,1.499999999999999944e-01,1.499999999999999944e-01,1.499999999999999944e-01,1.499999999999999944e-01,1.499999999999999944e-01
Re_1e6,3.870000000000000107e+00,3.870000000000000107e+00,3.870000000000000107e+00,3.870000000000000107e+00,3.870000000000000107e+00,3.870000000000000107e+00,3.870000000000000107e+00,3.870000000000000107e+00,3.870000000000000107e+00,3.870000000000000107e+00,3.870000000000000107e+00
Results_Name,VSPAERO_Load
Results_Timestamp,1749700088
Results_Date,6,11,2025
Results_Time,23,48,8
AnalysisMethod,0
Chord,1.735549999999999926e+00,1.614840000000000053e+00,1.494150000000000089e+00,1.373459999999999903e+00,1.252809999999999979e+00,1.164630000000000054e+00,1.108910000000000062e+00,1.053209999999999980e+00,9.975199999999999623e-01,9.418400000000000105e-01,8.750400000000000400e-01,7.971099999999999852e-01,7.191899999999999959e-01,6.412799999999999612e-01,5.633799999999999919e-01,1.735549999999999926e+00,1.614840000000000053e+00,1.494150000000000089e+00,1.373459999999999903e+00,1.252809999999999979e+00,1.164630000000000054e+00,1.108910000000000062e+00,1.053209999999999980e+00,9.975199999999999623e-01,9.418400000000000105e-01,8.750400000000000400e-01,7.971099999999999852e-01,7.191899999999999959e-01,6.412799999999999612e-01,5.633799999999999919e-01,9.205200000000000049e-01,8.632300000000000528e-01,8.067100000000000382e-01,7.511200000000000099e-01,6.966900000000000315e-01,9.205200000000000049e-01,8.632300000000000528e-01,8.067100000000000382e-01,7.511200000000000099e-01,6.966900000000000315e-01
FC_AoA_,0.000000000000000000e+00
FC_Beta_,0.000000000000000000e+00
FC_Bref_,1.417173599999999922e+01
FC_Cref_,1.193975999999999926e+00
FC_Mach_,1.499999999999999944e-01
FC_Pitch_Rate,0.000000000000000000e+00
FC_Rho_,2.377000000000000206e-03
FC_Roll__Rate,0.000000000000000000e+00
FC_Sref_,1.619368700000000061e+01
FC_Vinf_,5.100000000000000000e+01
FC_Xcg_,1.785187999999999997e+00
FC_Yaw___Rate,0.000000000000000000e+00
FC_Ycg_,-0.000000000000000000e+00
FC_Zcg_,7.542510000000000048e-01
S,3.314000000000000279e-02,8.981999999999999706e-02,1.368900000000000117e-01,1.839600000000000124e-01,2.310300000000000131e-01,2.997400000000000064e-01,4.117600000000000149e-01,5.454599999999999449e-01,6.791599999999999859e-01,8.128699999999999815e-01,9.157600000000000184e-01,9.578200000000000047e-01,9.698700000000000099e-01,9.819200000000000150e-01,9.939700000000000202e-01,3.314000000000000279e-02,8.981999999999999706e-02,1.368900000000000117e-01,1.839600000000000124e-01,2.310300000000000131e-01,2.997400000000000064e-01,4.117600000000000149e-01,5.454599999999999449e-01,6.791599999999999859e-01,8.128699999999999815e-01,9.157600000000000184e-01,9.578200000000000047e-01,9.698700000000000099e-01,9.819200000000000150e-01,9.939700000000000202e-01,1.026500000000000051e-01,3.046400000000000219e-01,5.033100000000000351e-01,7.019900000000000029e-01,9.006600000000000161e-01,1.026500000000000051e-01,3.046400000000000219e-01,5.033100000000000351e-01,7.019900000000000029e-01,9.006600000000000161e-01
V/Vref,9.659900000000000153e-01,9.688799999999999635e-01,9.724699999999999456e-01,9.737799999999999789e-01,9.783500000000000529e-01,9.824899999999999745e-01,9.895000000000000462e-01,9.953699999999999770e-01,9.995899999999999785e-01,1.001549999999999940e+00,1.007020000000000026e+00,1.006119999999999903e+00,1.006029999999999980e+00,1.005319999999999991e+00,1.005500000000000060e+00,9.660800000000000498e-01,9.689600000000000435e-01,9.725399999999999601e-01,9.738400000000000389e-01,9.783800000000000274e-01,9.825399999999999689e-01,9.895300000000000207e-01,9.952999999999999625e-01,9.995000000000000551e-01,1.001560000000000006e+00,1.006950000000000012e+00,1.006059999999999954e+00,1.005970000000000031e+00,1.005260000000000042e+00,1.005439999999999889e+00,9.530499999999999527e-01,9.550199999999999800e-01,9.727400000000000491e-01,9.873699999999999699e-01,9.924600000000000088e-01,9.526700000000000168e-01,9.548799999999999510e-01,9.725300000000000056e-01,9.873399999999999954e-01,9.924699999999999633e-01
WingId,1,1,1,1,1,1,1,1,1,1,1,1,1,1,1,2,2,2,2,2,2,2,2,2,2,2,2,2,2,2,3,3,3,3,3,4,4,4,4,4
Xavg,2.392879999999999896e+00,2.382319999999999993e+00,2.371750000000000025e+00,2.361190000000000122e+00,2.350620000000000154e+00,2.337899999999999867e+00,2.323770000000000113e+00,2.309619999999999784e+00,2.295469999999999899e+00,2.281299999999999883e+00,2.284749999999999837e+00,2.305000000000000160e+00,2.325239999999999974e+00,2.345470000000000166e+00,2.365699999999999914e+00,2.392879999999999896e+00,2.382319999999999993e+00,2.371750000000000025e+00,2.361190000000000122e+00,2.350620000000000154e+00,2.337899999999999867e+00,2.323770000000000113e+00,2.309619999999999784e+00,2.295469999999999899e+00,2.281299999999999883e+00,2.284749999999999837e+00,2.305000000000000160e+00,2.325239999999999974e+00,2.345470000000000166e+00,2.365699999999999914e+00,5.819969999999999644e+00,5.917910000000000004e+00,6.015850000000000364e+00,6.113780000000000214e+00,6.211730000000000196e+00,5.819969999999999644e+00,5.917910000000000004e+00,6.015850000000000364e+00,6.113780000000000214e+00,6.211730000000000196e+00
Yavg,1.718899999999999872e-01,5.195499999999999563e-01,8.671900000000000164e-01,1.214800000000000102e+00,1.562359999999999971e+00,2.228590000000000071e+00,3.216559999999999864e+00,4.204550000000000232e+00,5.192569999999999908e+00,6.180620000000000225e+00,6.716649999999999565e+00,6.791660000000000252e+00,6.866660000000000430e+00,6.941650000000000098e+00,7.016610000000000014e+00,-1.718899999999999872e-01,-5.195499999999999563e-01,-8.671900000000000164e-01,-1.214800000000000102e+00,-1.562359999999999971e+00,-2.228590000000000071e+00,-3.216559999999999864e+00,-4.204550000000000232e+00,-5.192569999999999908e+00,-6.180620000000000225e+00,-6.716649999999999565e+00,-6.791660000000000252e+00,-6.866660000000000430e+00,-6.941650000000000098e+00,-7.016610000000000014e+00,1.247400000000000037e-01,3.766700000000000048e-01,6.286100000000000021e-01,8.805399999999999894e-01,1.132460000000000022e+00,-1.247400000000000037e-01,-3.766700000000000048e-01,-6.286100000000000021e-01,-8.805399999999999894e-01,-1.132460000000000022e+00
Zavg,1.119259999999999922e+00,1.109900000000000109e+00,1.100540000000000074e+00,1.091180000000000039e+00,1.081830000000000069e+00,1.094910000000000050e+00,1.130849999999999911e+00,1.166740000000000110e+00,1.202599999999999891e+00,1.238469999999999960e+00,1.270329999999999959e+00,1.298289999999999944e+00,1.326240000000000085e+00,1.354190000000000005e+00,1.382130000000000081e+00,1.119259999999999922e+00,1.109900000000000109e+00,1.100540000000000074e+00,1.091180000000000039e+00,1.081830000000000069e+00,1.094910000000000050e+00,1.130849999999999911e+00,1.166740000000000110e+00,1.202599999999999891e+00,1.238469999999999960e+00,1.270329999999999959e+00,1.298289999999999944e+00,1.326240000000000085e+00,1.354190000000000005e+00,1.382130000000000081e+00,3.569700000000000095e-01,5.334799999999999542e-01,7.099999999999999645e-01,8.865300000000000402e-01,1.063090000000000090e+00,3.569700000000000095e-01,5.334799999999999542e-01,7.099999999999999645e-01,8.865300000000000402e-01,1.063090000000000090e+00
cd,3.518000000000000294e-02,3.672999999999999876e-02,3.508000000000000007e-02,3.799999999999999906e-02,3.608000000000000096e-02,2.888999999999999901e-02,1.856000000000000011e-02,8.130000000000000074e-03,1.740000000000000010e-03,-1.260000000000000052e-03,4.000000000000000192e-04,-1.469999999999999953e-03,-2.880000000000000181e-03,-3.279999999999999930e-03,-3.050000000000000194e-03,3.493999999999999884e-02,3.654000000000000303e-02,3.488000000000000128e-02,3.776000000000000190e-02,3.590000000000000135e-02,2.875000000000000125e-02,1.815999999999999906e-02,7.550000000000000287e-03,1.500000000000000031e-03,-1.199999999999999895e-03,4.299999999999999894e-04,-1.430000000000000064e-03,-2.820000000000000024e-03,-3.220000000000000206e-03,-2.990000000000000036e-03,-7.729999999999999892e-03,-4.424000000000000155e-02,-3.479000000000000148e-02,-2.939999999999999905e-02,-2.199999999999999872e-02,-7.669999999999999735e-03,-4.429000000000000298e-02,-3.434999999999999859e-02,-2.903000000000000025e-02,-2.179999999999999993e-02
cd*c/cref,5.113724982746722242e-02,4.967693923495949959e-02,4.389935978612635736e-02,4.371233592635027226e-02,3.785786715980891254e-02,2.817993050111560274e-02,1.723767445911810955e-02,7.171498673340168453e-03,1.453701581941345541e-03,-9.939214858590123512e-04,2.931516211381133955e-04,-9.813863092725482167e-04,-1.734764517879756624e-03,-1.761675611570081776e-03,-1.439148693106059211e-03,5.078838854382332346e-02,4.941996623047700127e-02,4.364907837343464519e-02,4.343625801523648411e-02,3.766899753428880337e-02,2.804337147480351691e-02,1.686617285439573344e-02,6.659878841785765377e-03,1.253191018914953008e-03,-9.465918912942973638e-04,3.151379927234718419e-04,-9.546819199045877011e-04,-1.698623590423928298e-03,-1.729449838187702496e-03,-1.410837571274464438e-03,-5.959600192968703310e-03,-3.198497725247408802e-02,-2.350586686834576361e-02,-1.849528633741381878e-02,-1.283709220285835124e-02,-5.913341976723150185e-03,-3.202112663906142576e-02,-2.320858082574524250e-02,-1.826252252976609189e-02,-1.272039136465054864e-02
cl,8.558400000000000452e-01,8.921299999999999786e-01,9.239600000000000035e-01,9.590100000000000291e-01,9.925000000000000488e-01,9.758999999999999897e-01,8.580999999999999739e-01,6.930899999999999839e-01,4.990100000000000091e-01,2.832799999999999763e-01,2.162100000000000133e-01,1.937599999999999878e-01,1.733599999999999863e-01,1.488800000000000123e-01,1.102000000000000063e-01,8.547500000000000098e-01,8.904199999999999893e-01,9.217499999999999583e-01,9.562199999999999589e-01,9.890600000000000502e-01,9.716500000000000137e-01,8.510199999999999987e-01,6.830500000000000460e-01,4.908600000000000185e-01,2.808499999999999885e-01,2.142999999999999905e-01,1.919800000000000118e-01,1.717200000000000115e-01,1.474699999999999900e-01,1.091099999999999987e-01,-6.811099999999999932e-01,-6.939199999999999813e-01,-6.478099999999999969e-01,-5.280200000000000449e-01,-3.295100000000000251e-01,-6.815700000000000092e-01,-6.938900000000000068e-01,-6.461000000000000076e-01,-5.279000000000000359e-01,-3.306000000000000050e-01
cl*c/cref,1.244039337474120099e+00,1.206596455205129814e+00,1.156250070353173065e+00,1.103172823071820519e+00,1.041406129603945407e+00,9.519139555568956190e-01,7.969638175306706929e-01,6.113768776759331836e-01,4.169032335658338084e-01,2.234587924715404628e-01,1.584557800156787266e-01,1.293560620984006426e-01,1.044231863957064410e-01,7.996288568614445813e-02,5.199809376402875910e-02,1.242454925810904109e+00,1.204283698164787308e+00,1.153484460742929540e+00,1.099963417355122708e+00,1.037796621205116621e+00,9.477684136867073894e-01,7.903882391270846686e-01,6.025205619710949367e-01,4.100942290297292514e-01,2.215419438916695072e-01,1.570559810247442456e-01,1.281677167715264132e-01,1.034353343785804902e-01,7.920558001165851902e-02,5.148377505075479171e-02,-5.251155611168064619e-01,-5.016956468136712921e-01,-4.376928892205538824e-01,-3.321728262544640931e-01,-1.922704659892661705e-01,-5.254702074413556412e-01,-5.016739571817189214e-01,-4.365375275549927547e-01,-3.320973352898216047e-01,-1.929064855574986748e-01
cmx,7.724999999999999922e-02,2.789499999999999758e-01,5.277300000000000324e-01,8.390900000000000025e-01,1.228010000000000046e+00,1.880379999999999940e+00,2.502190000000000136e+00,2.779209999999999958e+00,2.608029999999999848e+00,1.866409999999999902e+00,1.708429999999999893e+00,1.699570000000000025e+00,1.704099999999999948e+00,1.659059999999999979e+00,1.413380000000000081e+00,-7.714999999999999636e-02,-2.784200000000000008e-01,-5.264699999999999935e-01,-8.366400000000000503e-01,-1.223740000000000050e+00,-1.872169999999999890e+00,-2.481510000000000105e+00,-2.738910000000000178e+00,-2.565380000000000216e+00,-1.850400000000000045e+00,-1.693340000000000067e+00,-1.683939999999999992e+00,-1.687929999999999930e+00,-1.643340000000000023e+00,-1.399459999999999926e+00,1.489099999999999868e-01,-1.473800000000000110e-01,-4.661299999999999888e-01,-6.820300000000000251e-01,-6.414199999999999902e-01,-1.491099999999999925e-01,1.473099999999999965e-01,4.647899999999999809e-01,6.818899999999999961e-01,6.433699999999999974e-01
cmx*c/cref,1.122897256728778437e-01,3.772769452652314781e-01,6.604050495989870484e-01,9.652258934852960826e-01,1.288521049083063863e+00,1.834163299262296709e+00,2.323919000800686252e+00,2.451549917335022144e+00,2.178906515373843167e+00,1.472273809858824611e+00,1.252072560252467381e+00,1.134649475952615560e+00,1.026462574624615653e+00,8.910748597961768436e-01,6.669062229056530455e-01,-1.121443668046928771e-01,-3.765601258316750299e-01,-6.588282766990292139e-01,-9.624075981426762905e-01,-1.284040641855447973e+00,-1.826155087790709342e+00,-2.304712367836539766e+00,-2.416001160073569576e+00,-2.143274117402695023e+00,-1.459644696375806738e+00,-1.241013415345032289e+00,-1.124214735807084864e+00,-1.016722594675269820e+00,-8.826317071699933958e-01,-6.603380426407230441e-01,1.148051830187541422e-01,-1.065539319048289246e-01,-3.149407796304113383e-01,-4.290591884593995542e-01,-3.742712582162456281e-01,-1.149593770729059883e-01,1.065033227636066476e-01,3.140354085006734075e-01,4.289711156673166048e-01,3.754090913887717096e-01
cmy,-3.887700000000000045e-01,-4.158299999999999774e-01,-4.437599999999999878e-01,-4.738700000000000134e-01,-5.119899999999999451e-01,-5.105399999999999938e-01,-4.405100000000000127e-01,-3.506699999999999817e-01,-2.413399999999999990e-01,-1.101700000000000040e-01,-8.522000000000000408e-02,-8.781999999999999529e-02,-9.353999999999999815e-02,-9.686999999999999778e-02,-8.859999999999999820e-02,-3.885500000000000065e-01,-4.153100000000000125e-01,-4.430499999999999994e-01,-4.728899999999999770e-01,-5.106199999999999628e-01,-5.088099999999999845e-01,-4.371499999999999830e-01,-3.453300000000000258e-01,-2.368200000000000027e-01,-1.092999999999999944e-01,-8.445999999999999341e-02,-8.697000000000000564e-02,-9.259000000000000563e-02,-9.589000000000000301e-02,-8.766000000000000181e-02,2.823739999999999917e+00,3.161659999999999915e+00,3.239759999999999973e+00,2.906559999999999810e+00,1.991009999999999946e+00,2.824870000000000214e+00,3.160789999999999988e+00,3.231069999999999887e+00,2.905089999999999950e+00,1.997460000000000013e+00
cmy*c/cref,-5.651116718426500984e-01,-5.624057076524151544e-01,-5.553243984803715172e-01,-5.451043322478843489e-01,-5.372186642780089061e-01,-4.979917520955195465e-01,-4.091254297406313745e-01,-3.093271143641078136e-01,-2.016300803366231909e-01,-8.690502388657729560e-02,-6.245595288347505908e-02,-5.862948685735726306e-02,-5.634370590363625697e-02,-5.202851112585177296e-02,-4.180608990465470298e-02,-5.647918823326432136e-01,-5.617024131138315113e-01,-5.544358994653159067e-01,-5.439770141108363211e-01,-5.357811565726614544e-01,-4.963042726989487230e-01,-4.060048162609634081e-01,-3.046166835011759333e-01,-1.978537980662928020e-01,-8.621874476538891885e-02,-6.189896480331263245e-02,-5.806201858328811222e-02,-5.577147455225231476e-02,-5.150215682727291022e-02,-4.136254899595971646e-02,2.177019592353615085e+00,2.285841391954277046e+00,2.188944157671511181e+00,1.828491818261003488e+00,1.161762679400591081e+00,2.177890788759573315e+00,2.285212392627657518e+00,2.183072758330150798e+00,1.827567053944132880e+00,1.165526281432792910e+00
cmz,1.672999999999999834e-02,9.979999999999999288e-03,2.749999999999999840e-03,-8.720000000000000320e-03,-1.819000000000000131e-02,-7.141000000000000125e-02,-6.776000000000000079e-02,-4.363000000000000211e-02,-1.682000000000000162e-02,3.160000000000000048e-03,-3.901000000000000301e-02,-2.212000000000000077e-02,-6.870000000000000238e-03,2.210000000000000159e-03,8.689999999999999808e-03,-1.672999999999999834e-02,-1.000999999999999980e-02,-2.820000000000000024e-03,8.559999999999999901e-03,1.803000000000000089e-02,7.104000000000000592e-02,6.643000000000000294e-02,4.105999999999999928e-02,1.531000000000000069e-02,-2.860000000000000129e-03,3.889999999999999708e-02,2.211000000000000118e-02,7.060000000000000303e-03,-1.860000000000000108e-03,-8.309999999999999679e-03,2.088560000000000194e+00,2.418989999999999974e+00,2.445949999999999847e+00,2.194890000000000008e+00,1.553099999999999925e+00,-2.089409999999999989e+00,-2.418499999999999872e+00,-2.438639999999999919e+00,-2.191819999999999879e+00,-1.555080000000000018e+00
cmz*c/cref,2.431853864734299236e-02,1.349784518281774495e-02,3.441369424511045785e-03,-1.003083077046774789e-02,-1.908632493450454840e-02,-6.965485763532935914e-02,-6.293237183996998330e-02,-3.848616077710105554e-02,-1.405244862543300784e-02,2.492691980408316601e-03,-2.858961185149450773e-02,-1.476752732048215375e-02,-4.138136193692336200e-03,1.186982652917646652e-03,4.100394145275952119e-03,-2.431853864734299236e-02,-1.353841986773603526e-02,-3.528967918953145391e-03,9.846778829725219562e-03,1.891844082293111726e-02,6.929395163721885353e-02,6.169712900426810309e-02,3.621915566142033110e-02,1.279090299972528849e-02,-2.256044007584742314e-03,2.850899515568152201e-02,1.476085122314016451e-02,4.252582463969125683e-03,-9.989989748537659274e-04,-3.921090373675852753e-03,1.610217668696858562e+00,1.748900093217954144e+00,1.652606354315329762e+00,1.380786361534905193e+00,9.062403591026956251e-01,-1.610872993427003630e+00,-1.748545829229398274e+00,-1.647667352107580196e+00,-1.378855051022801037e+00,-9.073956974009529386e-01
cs,3.991000000000000103e-02,4.164000000000000340e-02,4.272999999999999715e-02,4.427999999999999992e-02,4.558999999999999858e-02,-3.106000000000000080e-02,-2.776999999999999955e-02,-2.299999999999999961e-02,-1.719000000000000042e-02,-1.269999999999999948e-02,-8.230999999999999428e-02,-7.084999999999999631e-02,-6.106999999999999929e-02,-5.045999999999999791e-02,-3.651999999999999691e-02,-3.984999999999999654e-02,-4.157000000000000278e-02,-4.265000000000000041e-02,-4.417000000000000093e-02,-4.546000000000000041e-02,3.085999999999999854e-02,2.742999999999999952e-02,2.256000000000000019e-02,1.683000000000000121e-02,1.255000000000000039e-02,8.155999999999999361e-02,7.019000000000000239e-02,6.049000000000000210e-02,4.998999999999999971e-02,3.617999999999999688e-02,5.093699999999999894e-01,5.344900000000000206e-01,4.893000000000000127e-01,3.954199999999999937e-01,2.514100000000000223e-01,-5.097300000000000164e-01,-5.345100000000000406e-01,-4.878799999999999804e-01,-3.950500000000000123e-01,-2.518299999999999983e-01
cs*c/cref,5.801272429261559310e-02,5.631766266658626979e-02,5.347262382158435301e-02,5.093637460049448007e-02,4.783647904145477137e-02,-3.029659540895294698e-02,-2.579149890785074548e-02,-2.028837263060564305e-02,-1.436156907676536254e-02,-1.001809751619798031e-02,-6.032327483969527476e-02,-4.730014966800002302e-02,-3.678544066212386526e-02,-2.710187541458119673e-02,-1.723203615483058157e-02,-5.792550897170462010e-02,-5.622298840177692575e-02,-5.337251125650767369e-02,-5.080983889123399239e-02,-4.770007320080136420e-02,3.010151108564996375e-02,2.547572254383672838e-02,1.990024724115057805e-02,1.406080323222577352e-02,9.899773529786194681e-03,5.977361555006131116e-02,4.685952724342867803e-02,3.643607836338419448e-02,2.684944018975255961e-02,1.707160646445154625e-02,3.927091268166194582e-01,3.864297127412946731e-01,3.305955923737161073e-01,2.487553103244956321e-01,1.466987886691190068e-01,-3.929866761140928255e-01,-3.864441724959296054e-01,-3.296361692362325679e-01,-2.485225465168479364e-01,-1.469438604293553940e-01
cx,3.518000000000000294e-02,3.672999999999999876e-02,3.508000000000000007e-02,3.799999999999999906e-02,3.608000000000000096e-02,2.888999999999999901e-02,1.856000000000000011e-02,8.130000000000000074e-03,1.740000000000000010e-03,-1.260000000000000052e-03,4.000000000000000192e-04,-1.469999999999999953e-03,-2.880000000000000181e-03,-3.279999999999999930e-03,-3.050000000000000194e-03,3.493999999999999884e-02,3.654000000000000303e-02,3.488000000000000128e-02,3.776000000000000190e-02,3.590000000000000135e-02,2.875000000000000125e-02,1.815999999999999906e-02,7.550000000000000287e-03,1.500000000000000031e-03,-1.199999999999999895e-03,4.299999999999999894e-04,-1.430000000000000064e-03,-2.820000000000000024e-03,-3.220000000000000206e-03,-2.990000000000000036e-03,-7.729999999999999892e-03,-4.424000000000000155e-02,-3.479000000000000148e-02,-2.939999999999999905e-02,-2.199999999999999872e-02,-7.669999999999999735e-03,-4.429000000000000298e-02,-3.434999999999999859e-02,-2.903000000000000025e-02,-2.179999999999999993e-02
cx*c/cref,5.113724982746722242e-02,4.967693923495949959e-02,4.389935978612635736e-02,4.371233592635027226e-02,3.785786715980891254e-02,2.817993050111560274e-02,1.723767445911810955e-02,7.171498673340168453e-03,1.453701581941345541e-03,-9.939214858590123512e-04,2.931516211381133955e-04,-9.813863092725482167e-04,-1.734764517879756624e-03,-1.761675611570081776e-03,-1.439148693106059211e-03,5.078838854382332346e-02,4.941996623047700127e-02,4.364907837343464519e-02,4.343625801523648411e-02,3.766899753428880337e-02,2.804337147480351691e-02,1.686617285439573344e-02,6.659878841785765377e-03,1.253191018914953008e-03,-9.465918912942973638e-04,3.151379927234718419e-04,-9.546819199045877011e-04,-1.698623590423928298e-03,-1.729449838187702496e-03,-1.410837571274464438e-03,-5.959600192968703310e-03,-3.198497725247408802e-02,-2.350586686834576361e-02,-1.849528633741381878e-02,-1.283709220285835124e-02,-5.913341976723150185e-03,-3.202112663906142576e-02,-2.320858082574524250e-02,-1.826252252976609189e-02,-1.272039136465054864e-02
cy,3.991000000000000103e-02,4.164000000000000340e-02,4.272999999999999715e-02,4.427999999999999992e-02,4.558999999999999858e-02,-3.106000000000000080e-02,-2.776999999999999955e-02,-2.299999999999999961e-02,-1.719000000000000042e-02,-1.269999999999999948e-02,-8.230999999999999428e-02,-7.084999999999999631e-02,-6.106999999999999929e-02,-5.045999999999999791e-02,-3.651999999999999691e-02,-3.984999999999999654e-02,-4.157000000000000278e-02,-4.265000000000000041e-02,-4.417000000000000093e-02,-4.546000000000000041e-02,3.085999999999999854e-02,2.742999999999999952e-02,2.256000000000000019e-02,1.683000000000000121e-02,1.255000000000000039e-02,8.155999999999999361e-02,7.019000000000000239e-02,6.049000000000000210e-02,4.998999999999999971e-02,3.617999999999999688e-02,5.093699999999999894e-01,5.344900000000000206e-01,4.893000000000000127e-01,3.954199999999999937e-01,2.514100000000000223e-01,-5.097300000000000164e-01,-5.345100000000000406e-01,-4.878799999999999804e-01,-3.950500000000000123e-01,-2.518299999999999983e-01
cy*c/cref,5.801272429261559310e-02,5.631766266658626979e-02,5.347262382158435301e-02,5.093637460049448007e-02,4.783647904145477137e-02,-3.029659540895294698e-02,-2.579149890785074548e-02,-2.028837263060564305e-02,-1.436156907676536254e-02,-1.001809751619798031e-02,-6.032327483969527476e-02,-4.730014966800002302e-02,-3.678544066212386526e-02,-2.710187541458119673e-02,-1.723203615483058157e-02,-5.792550897170462010e-02,-5.622298840177692575e-02,-5.337251125650767369e-02,-5.080983889123399239e-02,-4.770007320080136420e-02,3.010151108564996375e-02,2.547572254383672838e-02,1.990024724115057805e-02,1.406080323222577352e-02,9.899773529786194681e-03,5.977361555006131116e-02,4.685952724342867803e-02,3.643607836338419448e-02,2.684944018975255961e-02,1.707160646445154625e-02,3.927091268166194582e-01,3.864297127412946731e-01,3.305955923737161073e-01,2.487553103244956321e-01,1.466987886691190068e-01,-3.929866761140928255e-01,-3.864441724959296054e-01,-3.296361692362325679e-01,-2.485225465168479364e-01,-1.469438604293553940e-01
cz,8.558400000000000452e-01,8.921299999999999786e-01,9.239600000000000035e-01,9.590100000000000291e-01,9.925000000000000488e-01,9.758999999999999897e-01,8.580999999999999739e-01,6.930899999999999839e-01,4.990100000000000091e-01,2.832799999999999763e-01,2.162100000000000133e-01,1.937599999999999878e-01,1.733599999999999863e-01,1.488800000000000123e-01,1.102000000000000063e-01,8.547500000000000098e-01,8.904199999999999893e-01,9.217499999999999583e-01,9.562199999999999589e-01,9.890600000000000502e-01,9.716500000000000137e-01,8.510199999999999987e-01,6.830500000000000460e-01,4.908600000000000185e-01,2.808499999999999885e-01,2.142999999999999905e-01,1.919800000000000118e-01,1.717200000000000115e-01,1.474699999999999900e-01,1.091099999999999987e-01,-6.811099999999999932e-01,-6.939199999999999813e-01,-6.478099999999999969e-01,-5.280200000000000449e-01,-3.295100000000000251e-01,-6.815700000000000092e-01,-6.938900000000000068e-01,-6.461000000000000076e-01,-5.279000000000000359e-01,-3.306000000000000050e-01
cz*c/cref,1.244039337474120099e+00,1.206596455205129814e+00,1.156250070353173065e+00,1.103172823071820519e+00,1.041406129603945407e+00,9.519139555568956190e-01,7.969638175306706929e-01,6.113768776759331836e-01,4.169032335658338084e-01,2.234587924715404628e-01,1.584557800156787266e-01,1.293560620984006426e-01,1.044231863957064410e-01,7.996288568614445813e-02,5.199809376402875910e-02,1.242454925810904109e+00,1.204283698164787308e+00,1.153484460742929540e+00,1.099963417355122708e+00,1.037796621205116621e+00,9.477684136867073894e-01,7.903882391270846686e-01,6.025205619710949367e-01,4.100942290297292514e-01,2.215419438916695072e-01,1.570559810247442456e-01,1.281677167715264132e-01,1.034353343785804902e-01,7.920558001165851902e-02,5.148377505075479171e-02,-5.251155611168064619e-01,-5.016956468136712921e-01,-4.376928892205538824e-01,-3.321728262544640931e-01,-1.922704659892661705e-01,-5.254702074413556412e-01,-5.016739571817189214e-01,-4.365375275549927547e-01,-3.320973352898216047e-01,-1.929064855574986748e-01
Results_Name,VSPAERO_Comp_Load
Results_Timestamp,1749700088
Results_Date,6,11,2025
Results_Time,23,48,8
AoA,0.000000000000000000e+00,0.000000000000000000e+00,0.000000000000000000e+00,0.000000000000000000e+00,0.000000000000000000e+00,0.000000000000000000e+00,0.000000000000000000e+00,0.000000000000000000e+00,0.000000000000000000e+00
Beta,0.000000000000000000e+00,0.000000000000000000e+00,0.000000000000000000e+00,0.000000000000000000e+00,0.000000000000000000e+00,0.000000000000000000e+00,0.000000000000000000e+00,0.000000000000000000e+00,0.000000000000000000e+00
CDi,0.000000000000000000e+00,9.860000000000000708e-03,9.740000000000000394e-03,-2.060000000000000199e-03,-2.050000000000000173e-03,0.000000000000000000e+00,0.000000000000000000e+00,0.000000000000000000e+00,0.000000000000000000e+00
CFx,0.000000000000000000e+00,9.860000000000000708e-03,9.740000000000000394e-03,-2.060000000000000199e-03,-2.050000000000000173e-03,0.000000000000000000e+00,0.000000000000000000e+00,0.000000000000000000e+00,0.000000000000000000e+00
CFy,0.000000000000000000e+00,-1.539999999999999919e-03,1.440000000000000091e-03,3.339000000000000301e-02,-3.337999999999999995e-02,0.000000000000000000e+00,0.000000000000000000e+00,0.000000000000000000e+00,0.000000000000000000e+00
CFz,0.000000000000000000e+00,3.760700000000000154e-01,3.735999999999999877e-01,-4.413000000000000256e-02,-4.411999999999999950e-02,0.000000000000000000e+00,0.000000000000000000e+00,0.000000000000000000e+00,0.000000000000000000e+00
CL,0.000000000000000000e+00,3.760700000000000154e-01,3.735999999999999877e-01,-4.413000000000000256e-02,-4.411999999999999950e-02,0.000000000000000000e+00,0.000000000000000000e+00,0.000000000000000000e+00,0.000000000000000000e+00
Cmx,0.000000000000000000e+00,6.675000000000000377e-02,-6.611000000000000210e-02,-1.299999999999999940e-03,1.299999999999999940e-03,1.000000000000000082e-05,-1.000000000000000082e-05,-0.000000000000000000e+00,0.000000000000000000e+00
Cmy,0.000000000000000000e+00,-1.939200000000000090e-01,-1.928600000000000037e-01,1.473200000000000065e-01,1.472700000000000120e-01,-5.969999999999999613e-03,-5.989999999999999665e-03,-0.000000000000000000e+00,-0.000000000000000000e+00
Cmz,0.000000000000000000e+00,-1.020000000000000073e-03,9.899999999999999946e-04,9.390000000000000777e-03,-9.379999999999999449e-03,1.900000000000000105e-04,-1.900000000000000105e-04,1.000000000000000082e-05,1.000000000000000082e-05
Comp_ID,0,1,2,3,4,5,6,7,8
Comp_Name,NONE,main_wing,main_wing,horizontal_tail,horizontal_tail,fuselage,fuselage,fuselage,fuselage
Cs,0.000000000000000000e+00,-1.539999999999999919e-03,1.440000000000000091e-03,3.339000000000000301e-02,-3.337999999999999995e-02,0.000000000000000000e+00,0.000000000000000000e+00,0.000000000000000000e+00,0.000000000000000000e+00
Mach,1.499999999999999944e-01,1.499999999999999944e-01,1.499999999999999944e-01,1.499999999999999944e-01,1.499999999999999944e-01,1.499999999999999944e-01,1.499999999999999944e-01,1.499999999999999944e-01,1.499999999999999944e-01
Results_Name,VSPAERO_Load
Results_Timestamp,1749700088
Results_Date,6,11,2025
Results_Time,23,48,8
AnalysisMethod,0
Chord,1.735549999999999926e+00,1.614840000000000053e+00,1.494150000000000089e+00,1.373459999999999903e+00,1.252809999999999979e+00,1.164630000000000054e+00,1.108910000000000062e+00,1.053209999999999980e+00,9.975199999999999623e-01,9.418400000000000105e-01,8.750400000000000400e-01,7.971099999999999852e-01,7.191899999999999959e-01,6.412799999999999612e-01,5.633799999999999919e-01,1.735549999999999926e+00,1.614840000000000053e+00,1.494150000000000089e+00,1.373459999999999903e+00,1.252809999999999979e+00,1.164630000000000054e+00,1.108910000000000062e+00,1.053209999999999980e+00,9.975199999999999623e-01,9.418400000000000105e-01,8.750400000000000400e-01,7.971099999999999852e-01,7.191899999999999959e-01,6.412799999999999612e-01,5.633799999999999919e-01,9.205200000000000049e-01,8.632300000000000528e-01,8.067100000000000382e-01,7.511200000000000099e-01,6.966900000000000315e-01,9.205200000000000049e-01,8.632300000000000528e-01,8.067100000000000382e-01,7.511200000000000099e-01,6.966900000000000315e-01
FC_AoA_,0.000000000000000000e+00
FC_Beta_,1.000000000000000000e+00
FC_Bref_,1.417173599999999922e+01
FC_Cref_,1.193975999999999926e+00
FC_Mach_,1.499999999999999944e-01
FC_Pitch_Rate,0.000000000000000000e+00
FC_Rho_,2.377000000000000206e-03
FC_Roll__Rate,0.000000000000000000e+00
FC_Sref_,1.619368700000000061e+01
FC_Vinf_,5.100000000000000000e+01
FC_Xcg_,1.785187999999999997e+00
FC_Yaw___Rate,0.000000000000000000e+00
FC_Ycg_,-0.000000000000000000e+00
FC_Zcg_,7.542510000000000048e-01
S,3.314000000000000279e-02,8.981999999999999706e-02,1.368900000000000117e-01,1.839600000000000124e-01,2.310300000000000131e-01,2.997400000000000064e-01,4.117600000000000149e-01,5.454599999999999449e-01,6.791599999999999859e-01,8.128699999999999815e-01,9.157600000000000184e-01,9.578200000000000047e-01,9.698700000000000099e-01,9.819200000000000150e-01,9.939700000000000202e-01,3.314000000000000279e-02,8.981999999999999706e-02,1.368900000000000117e-01,1.839600000000000124e-01,2.310300000000000131e-01,2.997400000000000064e-01,4.117600000000000149e-01,5.454599999999999449e-01,6.791599999999999859e-01,8.128699999999999815e-01,9.157600000000000184e-01,9.578200000000000047e-01,9.698700000000000099e-01,9.819200000000000150e-01,9.939700000000000202e-01,1.026500000000000051e-01,3.046400000000000219e-01,5.033100000000000351e-01,7.019900000000000029e-01,9.006600000000000161e-01,1.026500000000000051e-01,3.046400000000000219e-01,5.033100000000000351e-01,7.019900000000000029e-01,9.006600000000000161e-01
V/Vref,9.666099999999999692e-01,9.685799999999999965e-01,9.720499999999999696e-01,9.735399999999999610e-01,9.782300000000000439e-01,9.824399999999999800e-01,9.895000000000000462e-01,9.955199999999999605e-01,9.995100000000000096e-01,1.001530000000000031e+00,1.007109999999999950e+00,1.006189999999999918e+00,1.006089999999999929e+00,1.005260000000000042e+00,1.005090000000000039e+00,9.651999999999999469e-01,9.686799999999999855e-01,9.725099999999999856e-01,9.738499999999999934e-01,9.784100000000000019e-01,9.825199999999999489e-01,9.894699999999999607e-01,9.953300000000000480e-01,9.989500000000000046e-01,1.001630000000000020e+00,1.006820000000000048e+00,1.005980000000000096e+00,1.005849999999999911e+00,1.005069999999999908e+00,1.005209999999999937e+00,9.574399999999999578e-01,9.597700000000000120e-01,9.957899999999999530e-01,9.874800000000000244e-01,9.893399999999999972e-01,9.441500000000000448e-01,9.497299999999999631e-01,9.680699999999999861e-01,9.843600000000000128e-01,9.894800000000000262e-01
WingId,1,1,1,1,1,1,1,1,1,1,1,1,1,1,1,2,2,2,2,2,2,2,2,2,2,2,2,2,2,2,3,3,3,3,3,4,4,4,4,4
Xavg,2.392879999999999896e+00,2.382319999999999993e+00,2.371750000000000025e+00,2.361190000000000122e+00,2.350620000000000154e+00,2.337899999999999867e+00,2.323770000000000113e+00,2.309619999999999784e+00,2.295469999999999899e+00,2.281299999999999883e+00,2.284749999999999837e+00,2.305000000000000160e+00,2.325239999999999974e+00,2.345470000000000166e+00,2.365699999999999914e+00,2.392879999999999896e+00,2.382319999999999993e+00,2.371750000000000025e+00,2.361190000000000122e+00,2.350620000000000154e+00,2.337899999999999867e+00,2.323770000000000113e+00,2.309619999999999784e+00,2.295469999999999899e+00,2.281299999999999883e+00,2.284749999999999837e+00,2.305000000000000160e+00,2.325239999999999974e+00,2.345470000000000166e+00,2.365699999999999914e+00,5.819969999999999644e+00,5.917910000000000004e+00,6.015850000000000364e+00,6.113780000000000214e+00,6.211730000000000196e+00,5.819969999999999644e+00,5.917910000000000004e+00,6.015850000000000364e+00,6.113780000000000214e+00,6.211730000000000196e+00
Yavg,1.718899999999999872e-01,5.195499999999999563e-01,8.671900000000000164e-01,1.214800000000000102e+00,1.562359999999999971e+00,2.228590000000000071e+00,3.216559999999999864e+00,4.204550000000000232e+00,5.192569999999999908e+00,6.180620000000000225e+00,6.716649999999999565e+00,6.791660000000000252e+00,6.866660000000000430e+00,6.941650000000000098e+00,7.016610000000000014e+00,-1.718899999999999872e-01,-5.195499999999999563e-01,-8.671900000000000164e-01,-1.214800000000000102e+00,-1.562359999999999971e+00,-2.228590000000000071e+00,-3.216559999999999864e+00,-4.204550000000000232e+00,-5.192569999999999908e+00,-6.180620000000000225e+00,-6.716649999999999565e+00,-6.791660000000000252e+00,-6.866660000000000430e+00,-6.941650000000000098e+00,-7.016610000000000014e+00,1.247400000000000037e-01,3.766700000000000048e-01,6.286100000000000021e-01,8.805399999999999894e-01,1.132460000000000022e+00,-1.247400000000000037e-01,-3.766700000000000048e-01,-6.286100000000000021e-01,-8.805399999999999894e-01,-1.132460000000000022e+00
Zavg,1.119259999999999922e+00,1.109900000000000109e+00,1.100540000000000074e+00,1.091180000000000039e+00,1.081830000000000069e+00,1.094910000000000050e+00,1.130849999999999911e+00,1.166740000000000110e+00,1.202599999999999891e+00,1.238469999999999960e+00,1.270329999999999959e+00,1.298289999999999944e+00,1.326240000000000085e+00,1.354190000000000005e+00,1.382130000000000081e+00,1.119259999999999922e+00,1.109900000000000109e+00,1.100540000000000074e+00,1.091180000000000039e+00,1.081830000000000069e+00,1.094910000000000050e+00,1.130849999999999911e+00,1.166740000000000110e+00,1.202599999999999891e+00,1.238469999999999960e+00,1.270329999999999959e+00,1.298289999999999944e+00,1.326240000000000085e+00,1.354190000000000005e+00,1.382130000000000081e+00,3.569700000000000095e-01,5.334799999999999542e-01,7.099999999999999645e-01,8.865300000000000402e-01,1.063090000000000090e+00,3.569700000000000095e-01,5.334799999999999542e-01,7.099999999999999645e-01,8.865300000000000402e-01,1.063090000000000090e+00
cd,3.175999999999999657e-02,3.456000000000000044e-02,3.255000000000000254e-02,3.676999999999999713e-02,3.466000000000000331e-02,2.917000000000000148e-02,1.900999999999999912e-02,8.590000000000000413e-03,2.030000000000000120e-03,-1.069999999999999988e-03,1.629999999999999939e-03,-5.599999999999999509e-04,-2.269999999999999882e-03,-2.919999999999999853e-03,-2.969999999999999984e-03,3.853000000000000175e-02,3.891000000000000014e-02,3.767999999999999822e-02,3.935999999999999915e-02,3.776999999999999802e-02,2.888999999999999901e-02,1.813000000000000028e-02,7.579999999999999932e-03,1.369999999999999907e-03,-1.319999999999999993e-03,-6.899999999999999667e-04,-2.180000000000000080e-03,-3.269999999999999903e-03,-3.429999999999999889e-03,-3.000000000000000062e-03,-1.966999999999999998e-02,-5.770000000000000129e-02,9.725999999999999923e-02,-3.230000000000000232e-02,-2.997999999999999970e-02,-4.590000000000000330e-03,-4.268999999999999878e-02,-3.271999999999999909e-02,-3.019000000000000156e-02,-2.282000000000000001e-02
cd*c/cref,4.616597653554174729e-02,4.674203702586986892e-02,4.073329991557619878e-02,4.229743663189209496e-02,3.636789566959470338e-02,2.845304855373977787e-02,1.765561376443077618e-02,7.577266125952281627e-03,1.695985178931569979e-03,-8.440444364040818829e-04,1.194592856137811866e-03,-3.738614511514468932e-04,-1.367331755412169074e-03,-1.568320971275804577e-03,-1.401400530663933063e-03,5.600677191166321400e-02,5.262536633902189370e-02,4.715301815111861555e-02,4.527677742266175698e-02,3.963114308830328197e-02,2.817993050111560274e-02,1.683831023404155566e-02,6.686341936521337202e-03,1.144581130608990404e-03,-1.041251080423727122e-03,-5.056865464632455138e-04,-1.455389220553846962e-03,-1.969680546342640094e-03,-1.842240045026030627e-03,-1.415556091579730233e-03,-1.516498522583368744e-02,-4.171639212178469835e-02,6.571372841665160114e-02,-2.031965131627436541e-02,-1.749345564734969966e-02,-3.538753542784780180e-03,-3.086434626826670136e-02,-2.210727116792967489e-02,-1.899226852131031401e-02,-1.331556563951034368e-02
cl,8.664500000000000535e-01,9.007300000000000306e-01,9.291599999999999859e-01,9.626400000000000512e-01,9.942800000000000527e-01,9.781600000000000295e-01,8.600100000000000522e-01,6.951699999999999546e-01,5.012299999999999534e-01,2.863499999999999934e-01,2.237200000000000022e-01,2.039199999999999902e-01,1.840799999999999936e-01,1.594700000000000006e-01,1.159000000000000030e-01,8.426099999999999701e-01,8.804100000000000259e-01,9.149100000000000010e-01,9.510399999999999965e-01,9.857599999999999696e-01,9.679600000000000426e-01,8.480999999999999650e-01,6.802399999999999558e-01,4.860099999999999976e-01,2.760900000000000021e-01,2.042299999999999949e-01,1.790400000000000047e-01,1.577500000000000013e-01,1.328000000000000014e-01,9.768000000000000294e-02,-7.081100000000000172e-01,-7.376500000000000279e-01,-1.051919999999999966e+00,-6.989600000000000257e-01,-3.506299999999999972e-01,-7.063000000000000389e-01,-7.032000000000000473e-01,-6.538599999999999968e-01,-5.516100000000000447e-01,-3.630900000000000238e-01
cl*c/cref,1.259461913388543852e+00,1.218227864881706202e+00,1.162757387083157568e+00,1.107348501477416702e+00,1.043273840345199766e+00,9.541184084102194429e-01,7.987377376932200956e-01,6.132116522442662143e-01,4.187579562738278915e-01,2.258804900601017185e-01,1.639597017025468118e-01,1.361389769978625930e-01,1.108803654344810985e-01,8.565073468813443058e-02,5.468765033803024700e-02,1.224808359213250375e+00,1.190745278297051346e+00,1.144924836428873105e+00,1.094004735773583370e+00,1.034334011403914344e+00,9.441691079217673366e-01,7.876762774126113698e-01,6.000418520975295822e-01,4.060422447352375341e-01,2.177871293895354832e-01,1.496758889625922351e-01,1.195288468109911850e-01,9.502052176928180161e-02,7.132637841966672776e-02,4.609050634183602113e-02,-5.459317584273051249e-01,-5.333119003229546129e-01,-7.107298498462281122e-01,-4.397097053877130346e-01,-2.045940745040101538e-01,-5.445363022372309292e-01,-5.084049729642807769e-01,-4.417805723063110701e-01,-3.470130917204366505e-01,-2.118645367243563171e-01
cmx,7.832000000000000073e-02,2.816799999999999859e-01,5.307300000000000351e-01,8.423000000000000487e-01,1.230220000000000091e+00,1.884819999999999940e+00,2.507859999999999978e+00,2.787640000000000118e+00,2.619619999999999838e+00,1.886409999999999920e+00,1.767490000000000006e+00,1.788529999999999953e+00,1.809390000000000054e+00,1.777150000000000007e+00,1.486080000000000068e+00,-7.593999999999999362e-02,-2.752399999999999847e-01,-5.225100000000000300e-01,-8.320600000000000218e-01,-1.219629999999999992e+00,-1.864970000000000017e+00,-2.472859999999999836e+00,-2.727619999999999933e+00,-2.540029999999999788e+00,-1.819150000000000045e+00,-1.614060000000000050e+00,-1.570689999999999920e+00,-1.550729999999999942e+00,-1.479789999999999939e+00,-1.252969999999999917e+00,1.545900000000000052e-01,-1.422700000000000076e-01,-7.783999999999999808e-01,-8.767800000000000038e-01,-6.800699999999999523e-01,-1.556400000000000006e-01,1.460799999999999876e-01,4.702100000000000168e-01,7.138299999999999645e-01,7.089699999999999891e-01
cmx*c/cref,1.138450655624568680e-01,3.809692415927958264e-01,6.641592707893627656e-01,9.689184355464431908e-01,1.290839948374171930e+00,1.838494171239622998e+00,2.329185036047626056e+00,2.458986046955717875e+00,2.188589504646659467e+00,1.488050341380396269e+00,1.295356397113510027e+00,1.194040037906959562e+00,1.089883878821684915e+00,9.545005527749301777e-01,7.012098655249352497e-01,-1.103855244996549273e-01,-3.722592092303362854e-01,-6.538727047277332893e-01,-9.571391113389213778e-01,-1.279728118739405174e+00,-1.819132052151802181e+00,-2.296678645634418370e+00,-2.406042215421415609e+00,-2.122095189183031749e+00,-1.434993865873350982e+00,-1.182910764035458140e+00,-1.048607933409046788e+00,-9.340803405596093123e-01,-7.947896198918571464e-01,-5.912164386888848489e-01,1.191842941566664815e-01,-1.028594645956032727e-01,-5.259260353641949104e-01,-5.515747331604655690e-01,-3.968236951999035700e-01,-1.199938129409636456e-01,1.056140478535581989e-01,3.176974320254343787e-01,4.490642940896634183e-01,4.136869663209311598e-01
cmy,-3.863599999999999812e-01,-4.145900000000000141e-01,-4.431100000000000039e-01,-4.732700000000000240e-01,-5.114499999999999602e-01,-5.109500000000000153e-01,-4.411100000000000021e-01,-3.515599999999999836e-01,-2.424000000000000044e-01,-1.116100000000000009e-01,-8.720999999999999586e-02,-9.181000000000000272e-02,-9.854000000000000259e-02,-1.027200000000000057e-01,-9.081999999999999795e-02,-3.905100000000000238e-01,-4.161599999999999744e-01,-4.432099999999999929e-01,-4.731099999999999750e-01,-5.108200000000000518e-01,-5.081099999999999506e-01,-4.364500000000000046e-01,-3.448499999999999899e-01,-2.349499999999999922e-01,-1.072599999999999942e-01,-8.078000000000000458e-02,-8.083999999999999519e-02,-8.454000000000000403e-02,-8.541999999999999593e-02,-7.772999999999999354e-02,2.943750000000000089e+00,3.361460000000000115e+00,5.375090000000000146e+00,3.915080000000000116e+00,2.129280000000000062e+00,2.933339999999999836e+00,3.202280000000000015e+00,3.267780000000000129e+00,3.033850000000000158e+00,2.193940000000000001e+00
cmy*c/cref,-5.616085231193926885e-01,-5.607286206757925440e-01,-5.545109838891234544e-01,-5.444141374700999236e-01,-5.366520554014486688e-01,-4.983916749582906758e-01,-4.096826821477149161e-01,-3.101121861745964603e-01,-2.025156686566564057e-01,-8.804093415613044316e-02,-6.391438219863716796e-02,-6.129324969681132496e-02,-5.935544985828861142e-02,-5.517052403063378574e-02,-4.285360141242369747e-02,-5.676409161490683086e-01,-5.628520291865163339e-01,-5.546361245954692931e-01,-5.442300855293573658e-01,-5.359910117121283735e-01,-4.956214775673882800e-01,-4.053546884526992855e-01,-3.041932739854067425e-01,-1.962914865960454780e-01,-8.460953855018861491e-02,-5.920196988884200012e-02,-5.396957091264815987e-02,-5.092256678526201757e-02,-4.587875937204767551e-02,-3.667705833283081002e-02,2.269543734547428304e+00,2.430294340757268579e+00,3.631680078912809417e+00,2.462943048771499832e+00,1.242443803895555865e+00,2.261517934028824950e+00,2.315209153617828530e+00,2.207875873384389731e+00,1.908568859005541407e+00,1.280173184888138582e+00
cmz,1.688999999999999876e-02,1.043000000000000003e-02,3.700000000000000164e-03,-8.349999999999999784e-03,-1.750000000000000167e-02,-7.093000000000000693e-02,-6.772999999999999854e-02,-4.395999999999999908e-02,-1.682000000000000162e-02,3.360000000000000139e-03,-3.776000000000000190e-02,-2.035000000000000003e-02,-3.880000000000000202e-03,6.179999999999999730e-03,1.554999999999999959e-02,-1.655999999999999833e-02,-9.469999999999999252e-03,-1.670000000000000043e-03,9.289999999999999647e-03,1.932000000000000037e-02,7.234999999999999765e-02,6.769999999999999629e-02,4.272999999999999715e-02,1.610999999999999932e-02,-2.299999999999999961e-03,3.955000000000000182e-02,2.315000000000000044e-02,8.999999999999999320e-03,4.099999999999999912e-04,-4.799999999999999580e-03,2.177280000000000104e+00,2.870389999999999997e+00,3.184419999999999806e+00,2.143780000000000019e+00,1.647599999999999953e+00,-2.178300000000000125e+00,-2.481640000000000068e+00,-2.509759999999999991e+00,-2.334090000000000220e+00,-1.733600000000000030e+00
cmz*c/cref,2.455111283643892153e-02,1.410646545659209432e-02,4.630206134796680320e-03,-9.605210657500652324e-03,-1.836232470334412531e-02,-6.918665525940220773e-02,-6.290450921961580899e-02,-3.877725481919234995e-02,-1.405244862543300784e-02,2.650457295624032792e-03,-2.767351303543790289e-02,-1.358585809094990139e-02,-2.337113308810227427e-03,3.319254658385093187e-03,7.337299074688268842e-03,-2.407142857142856654e-02,-1.280807553920681845e-02,-2.089849795975798688e-03,1.068651580936300083e-02,2.027200647249191232e-02,7.057175395485336400e-02,6.287664659926163468e-02,3.769226793503387130e-02,1.345927154314659549e-02,-1.814301124980736632e-03,2.898536654003095944e-02,1.545516534670713683e-02,5.421139118374238529e-03,2.202094514462602220e-04,-2.264889746527568460e-03,1.678618151118615787e+00,2.075256755328415359e+00,2.151553681313527200e+00,1.348633501510918320e+00,9.613815051558827207e-01,-1.679404540794790179e+00,-1.794195274611885216e+00,-1.695719586993373440e+00,-1.468355880520211709e+00,-1.011562865585238002e+00
cs,4.059999999999999720e-02,4.247999999999999693e-02,4.338000000000000189e-02,4.501999999999999752e-02,4.619000000000000189e-02,-3.065999999999999975e-02,-2.756000000000000116e-02,-2.299999999999999961e-02,-1.728000000000000022e-02,-1.277999999999999969e-02,-8.455000000000000016e-02,-7.430000000000000493e-02,-6.479999999999999649e-02,-5.417000000000000287e-02,-3.824999999999999928e-02,-3.905999999999999750e-02,-4.062000000000000333e-02,-4.186000000000000137e-02,-4.333999999999999658e-02,-4.476000000000000117e-02,3.123000000000000081e-02,2.760999999999999913e-02,2.257999999999999938e-02,1.668000000000000038e-02,1.234999999999999987e-02,7.832000000000000073e-02,6.569999999999999452e-02,5.557999999999999746e-02,4.483000000000000179e-02,3.232999999999999763e-02,5.293999999999999817e-01,6.246199999999999530e-01,6.588800000000000212e-01,3.922700000000000076e-01,2.648099999999999898e-01,-5.309899999999999620e-01,-5.489500000000000490e-01,-5.018899999999999473e-01,-4.198299999999999810e-01,-2.799900000000000166e-01
cs*c/cref,5.901570048309177918e-02,5.745375384429837751e-02,5.428603841283242970e-02,5.178761482642866426e-02,4.846604445985514681e-02,-2.990642676234698399e-02,-2.559646056537150105e-02,-2.028837263060564305e-02,-1.443676053790025893e-02,-1.008120364228426782e-02,-6.196492391806871641e-02,-4.960340325098662462e-02,-3.903220165229451949e-02,-2.909450240205833579e-02,-1.804834016764155988e-02,-5.677717391304347438e-02,-5.493812337936442025e-02,-5.238389967637541167e-02,-4.985506944863212636e-02,-4.696558021266759864e-02,3.046241708376047977e-02,2.564289826596179503e-02,1.991788930430762536e-02,1.393548413033427781e-02,9.742008214570477623e-03,5.739908741884260091e-02,4.386195953687510585e-02,3.347854579991557666e-02,2.407802367886791722e-02,1.525497614692422621e-02,4.081516613399264748e-01,4.515925970036248627e-01,4.451723357923442759e-01,2.467736725026298816e-01,1.545177448290418198e-01,-4.093775040704336066e-01,-3.968841153423520174e-01,-3.391020270926718982e-01,-2.641114307155252861e-01,-1.633753384490140848e-01
cx,3.246000000000000274e-02,3.529999999999999805e-02,3.330000000000000321e-02,3.755000000000000004e-02,3.547000000000000153e-02,2.862999999999999920e-02,1.853000000000000133e-02,8.189999999999999364e-03,1.729999999999999984e-03,-1.289999999999999914e-03,1.600000000000000131e-04,-1.860000000000000108e-03,-3.399999999999999811e-03,-3.860000000000000150e-03,-3.640000000000000006e-03,3.783999999999999864e-02,3.819999999999999785e-02,3.694000000000000061e-02,3.860000000000000236e-02,3.697999999999999898e-02,2.943000000000000130e-02,1.861000000000000154e-02,7.969999999999999654e-03,1.660000000000000017e-03,-1.110000000000000092e-03,6.800000000000000488e-04,-1.030000000000000100e-03,-2.299999999999999961e-03,-2.639999999999999986e-03,-2.429999999999999868e-03,-1.043000000000000003e-02,-4.678999999999999826e-02,1.087400000000000033e-01,-2.545000000000000040e-02,-2.536000000000000060e-02,-1.386000000000000079e-02,-5.226999999999999702e-02,-4.146999999999999992e-02,-3.751000000000000167e-02,-2.770999999999999852e-02
cx*c/cref,4.718348861283644391e-02,4.774287925385434922e-02,4.167185521317012115e-02,4.319468984301191861e-02,3.721780898443520502e-02,2.792632088082172559e-02,1.720981183876393178e-02,7.224424862811312971e-03,1.445346975148579204e-03,-1.017586283141369737e-03,1.172606484552453636e-04,-1.241754105610163054e-03,-2.047985889163601251e-03,-2.073191420933084231e-03,-1.717541391116739419e-03,5.500379572118702098e-02,5.166509879595569676e-02,4.622697692415928677e-02,4.440253070413476000e-02,3.880221528740946529e-02,2.870665817403365155e-02,1.728411215970840700e-02,7.030362168083780471e-03,1.386864727599214624e-03,-8.755974994472252079e-04,4.983577559347927887e-04,-6.876380262249827619e-04,-1.385402219140083237e-03,-1.417934028824700040e-03,-1.146600434179581400e-03,-8.041219924018573953e-03,-3.382859596842818090e-02,7.347019152813792642e-02,-1.601037541793134955e-02,-1.479766628474944549e-02,-1.068564795272266936e-02,-3.779056873840010156e-02,-2.801920951509913327e-02,-2.359721736450313967e-02,-1.616890113369113050e-02
cy,4.003999999999999920e-02,4.186999999999999750e-02,4.281000000000000083e-02,4.436999999999999972e-02,4.558000000000000246e-02,-3.116999999999999979e-02,-2.789000000000000160e-02,-2.315000000000000044e-02,-1.730999999999999900e-02,-1.276000000000000051e-02,-8.457000000000000628e-02,-7.427000000000000268e-02,-6.475000000000000200e-02,-5.410999999999999838e-02,-3.819000000000000172e-02,-3.973000000000000143e-02,-4.130000000000000338e-02,-4.250999999999999918e-02,-4.401999999999999663e-02,-4.542000000000000204e-02,3.073000000000000037e-02,2.728999999999999829e-02,2.244000000000000161e-02,1.665000000000000160e-02,1.237000000000000079e-02,7.832000000000000073e-02,6.572000000000000064e-02,5.562999999999999889e-02,4.488999999999999935e-02,3.237999999999999906e-02,5.296600000000000197e-01,6.255300000000000304e-01,6.570799999999999974e-01,3.927800000000000180e-01,2.652900000000000258e-01,-5.308199999999999585e-01,-5.481200000000000516e-01,-5.012400000000000189e-01,-4.192299999999999915e-01,-2.795500000000000207e-01
cy*c/cref,5.820169082125603577e-02,5.662873525095982186e-02,5.357273638666104620e-02,5.103990381716214803e-02,4.782598628448143929e-02,-3.040389178676958584e-02,-2.590294938926746005e-02,-2.042068810428350478e-02,-1.446182435827855772e-02,-1.006542711076269594e-02,-6.197958149912562165e-02,-4.958337495896065344e-02,-3.900208421274799914e-02,-2.906227662867595304e-02,-1.802002904580996684e-02,-5.775107832988268103e-02,-5.585781623751231995e-02,-5.319731426762347448e-02,-5.063729019678786525e-02,-4.765810217290800815e-02,2.997470627550302691e-02,2.534569698218389761e-02,1.979439486220828728e-02,1.391042030995598075e-02,9.757784746092049502e-03,5.739908741884260091e-02,4.387531173155909126e-02,3.350866323946210396e-02,2.411024945225029650e-02,1.527856874845055432e-02,4.083521136103238636e-01,4.522505158395144220e-01,4.439561656180693872e-01,2.470945091023605267e-01,1.547978268407405600e-01,-4.092464391244045041e-01,-3.962840355250022428e-01,-3.386628545297393211e-01,-2.637339758923127331e-01,-1.631185966049569225e-01
cz,8.664500000000000535e-01,9.007300000000000306e-01,9.291599999999999859e-01,9.626400000000000512e-01,9.942800000000000527e-01,9.781600000000000295e-01,8.600100000000000522e-01,6.951699999999999546e-01,5.012299999999999534e-01,2.863499999999999934e-01,2.237200000000000022e-01,2.039199999999999902e-01,1.840799999999999936e-01,1.594700000000000006e-01,1.159000000000000030e-01,8.426099999999999701e-01,8.804100000000000259e-01,9.149100000000000010e-01,9.510399999999999965e-01,9.857599999999999696e-01,9.679600000000000426e-01,8.480999999999999650e-01,6.802399999999999558e-01,4.860099999999999976e-01,2.760900000000000021e-01,2.042299999999999949e-01,1.790400000000000047e-01,1.577500000000000013e-01,1.328000000000000014e-01,9.768000000000000294e-02,-7.081100000000000172e-01,-7.376500000000000279e-01,-1.051919999999999966e+00,-6.989600000000000257e-01,-3.506299999999999972e-01,-7.063000000000000389e-01,-7.032000000000000473e-01,-6.538599999999999968e-01,-5.516100000000000447e-01,-3.630900000000000238e-01
cz*c/cref,1.259461913388543852e+00,1.218227864881706202e+00,1.162757387083157568e+00,1.107348501477416702e+00,1.043273840345199766e+00,9.541184084102194429e-01,7.987377376932200956e-01,6.132116522442662143e-01,4.187579562738278915e-01,2.258804900601017185e-01,1.639597017025468118e-01,1.361389769978625930e-01,1.108803654344810985e-01,8.565073468813443058e-02,5.468765033803024700e-02,1.224808359213250375e+00,1.190745278297051346e+00,1.144924836428873105e+00,1.094004735773583370e+00,1.034334011403914344e+00,9.441691079217673366e-01,7.876762774126113698e-01,6.000418520975295822e-01,4.060422447352375341e-01,2.177871293895354832e-01,1.496758889625922351e-01,1.195288468109911850e-01,9.502052176928180161e-02,7.132637841966672776e-02,4.609050634183602113e-02,-5.459317584273051249e-01,-5.333119003229546129e-01,-7.107298498462281122e-01,-4.397097053877130346e-01,-2.045940745040101538e-01,-5.445363022372309292e-01,-5.084049729642807769e-01,-4.417805723063110701e-01,-3.470130917204366505e-01,-2.118645367243563171e-01
Results_Name,VSPAERO_Comp_Load
Results_Timestamp,1749700088
Results_Date,6,11,2025
Results_Time,23,48,8
AoA,0.000000000000000000e+00,0.000000000000000000e+00,0.000000000000000000e+00,0.000000000000000000e+00,0.000000000000000000e+00,0.000000000000000000e+00,0.000000000000000000e+00,0.000000000000000000e+00,0.000000000000000000e+00
Beta,1.000000000000000000e+00,1.000000000000000000e+00,1.000000000000000000e+00,1.000000000000000000e+00,1.000000000000000000e+00,1.000000000000000000e+00,1.000000000000000000e+00,1.000000000000000000e+00,1.000000000000000000e+00
CDi,0.000000000000000000e+00,9.610000000000000486e-03,1.013999999999999971e-02,-6.400000000000000524e-04,-1.979999999999999989e-03,0.000000000000000000e+00,0.000000000000000000e+00,0.000000000000000000e+00,0.000000000000000000e+00
CFx,0.000000000000000000e+00,9.589999999999999566e-03,1.016000000000000063e-02,2.000000000000000164e-05,-2.589999999999999854e-03,0.000000000000000000e+00,0.000000000000000000e+00,0.000000000000000000e+00,0.000000000000000000e+00
CFy,0.000000000000000000e+00,-1.610000000000000103e-03,1.340000000000000045e-03,3.785999999999999782e-02,-3.486000000000000210e-02,0.000000000000000000e+00,0.000000000000000000e+00,0.000000000000000000e+00,0.000000000000000000e+00
CFz,0.000000000000000000e+00,3.780100000000000127e-01,3.708600000000000230e-01,-5.403999999999999776e-02,-4.556999999999999940e-02,0.000000000000000000e+00,0.000000000000000000e+00,0.000000000000000000e+00,0.000000000000000000e+00
CL,0.000000000000000000e+00,3.780100000000000127e-01,3.708600000000000230e-01,-5.403999999999999776e-02,-4.556999999999999940e-02,0.000000000000000000e+00,0.000000000000000000e+00,0.000000000000000000e+00,0.000000000000000000e+00
Cmx,0.000000000000000000e+00,6.708999999999999686e-02,-6.557000000000000328e-02,-1.729999999999999984e-03,1.369999999999999907e-03,0.000000000000000000e+00,-2.000000000000000164e-05,1.000000000000000082e-05,-0.000000000000000000e+00
Cmy,0.000000000000000000e+00,-1.939400000000000013e-01,-1.926499999999999879e-01,1.828700000000000048e-01,1.521899999999999920e-01,-5.579999999999999891e-03,-6.259999999999999939e-03,-6.000000000000000152e-05,-3.899999999999999929e-04
Cmz,0.000000000000000000e+00,-1.000000000000000021e-03,1.030000000000000100e-03,1.058000000000000086e-02,-9.820000000000000603e-03,1.900000000000000105e-04,-1.900000000000000105e-04,4.600000000000000139e-04,5.100000000000000366e-04
Comp_ID,0,1,2,3,4,5,6,7,8
Comp_Name,NONE,main_wing,main_wing,horizontal_tail,horizontal_tail,fuselage,fuselage,fuselage,fuselage
Cs,0.000000000000000000e+00,-1.440000000000000091e-03,1.520000000000000084e-03,3.785000000000000170e-02,-3.490000000000000047e-02,0.000000000000000000e+00,0.000000000000000000e+00,0.000000000000000000e+00,0.000000000000000000e+00
Mach,1.499999999999999944e-01,1.499999999999999944e-01,1.499999999999999944e-01,1.499999999999999944e-01,1.499999999999999944e-01,1.499999999999999944e-01,1.499999999999999944e-01,1.499999999999999944e-01,1.499999999999999944e-01
Results_Name,VSPAERO_Load
Results_Timestamp,1749700088
Results_Date,6,11,2025
Results_Time,23,48,8
AnalysisMethod,0
Chord,1.735549999999999926e+00,1.614840000000000053e+00,1.494150000000000089e+00,1.373459999999999903e+00,1.252809999999999979e+00,1.164630000000000054e+00,1.108910000000000062e+00,1.053209999999999980e+00,9.975199999999999623e-01,9.418400000000000105e-01,8.750400000000000400e-01,7.971099999999999852e-01,7.191899999999999959e-01,6.412799999999999612e-01,5.633799999999999919e-01,1.735549999999999926e+00,1.614840000000000053e+00,1.494150000000000089e+00,1.373459999999999903e+00,1.252809999999999979e+00,1.164630000000000054e+00,1.108910000000000062e+00,1.053209999999999980e+00,9.975199999999999623e-01,9.418400000000000105e-01,8.750400000000000400e-01,7.971099999999999852e-01,7.191899999999999959e-01,6.412799999999999612e-01,5.633799999999999919e-01,9.205200000000000049e-01,8.632300000000000528e-01,8.067100000000000382e-01,7.511200000000000099e-01,6.966900000000000315e-01,9.205200000000000049e-01,8.632300000000000528e-01,8.067100000000000382e-01,7.511200000000000099e-01,6.966900000000000315e-01
FC_AoA_,0.000000000000000000e+00
FC_Beta_,2.000000000000000000e+00
FC_Bref_,1.417173599999999922e+01
FC_Cref_,1.193975999999999926e+00
FC_Mach_,1.499999999999999944e-01
FC_Pitch_Rate,0.000000000000000000e+00
FC_Rho_,2.377000000000000206e-03
FC_Roll__Rate,0.000000000000000000e+00
FC_Sref_,1.619368700000000061e+01
FC_Vinf_,5.100000000000000000e+01
FC_Xcg_,1.785187999999999997e+00
FC_Yaw___Rate,0.000000000000000000e+00
FC_Ycg_,-0.000000000000000000e+00
FC_Zcg_,7.542510000000000048e-01
S,3.314000000000000279e-02,8.981999999999999706e-02,1.368900000000000117e-01,1.839600000000000124e-01,2.310300000000000131e-01,2.997400000000000064e-01,4.117600000000000149e-01,5.454599999999999449e-01,6.791599999999999859e-01,8.128699999999999815e-01,9.157600000000000184e-01,9.578200000000000047e-01,9.698700000000000099e-01,9.819200000000000150e-01,9.939700000000000202e-01,3.314000000000000279e-02,8.981999999999999706e-02,1.368900000000000117e-01,1.839600000000000124e-01,2.310300000000000131e-01,2.997400000000000064e-01,4.117600000000000149e-01,5.454599999999999449e-01,6.791599999999999859e-01,8.128699999999999815e-01,9.157600000000000184e-01,9.578200000000000047e-01,9.698700000000000099e-01,9.819200000000000150e-01,9.939700000000000202e-01,1.026500000000000051e-01,3.046400000000000219e-01,5.033100000000000351e-01,7.019900000000000029e-01,9.006600000000000161e-01,1.026500000000000051e-01,3.046400000000000219e-01,5.033100000000000351e-01,7.019900000000000029e-01,9.006600000000000161e-01
V/Vref,9.675200000000000466e-01,9.685099999999999820e-01,9.717799999999999772e-01,9.731100000000000305e-01,9.780100000000000460e-01,9.823100000000000165e-01,9.894399999999999862e-01,9.954699999999999660e-01,9.993400000000000061e-01,1.001560000000000006e+00,1.006979999999999986e+00,1.006070000000000020e+00,1.006000000000000005e+00,1.005190000000000028e+00,1.005079999999999973e+00,9.649999999999999689e-01,9.688700000000000090e-01,9.728799999999999670e-01,9.741999999999999549e-01,9.787500000000000089e-01,9.827900000000000524e-01,9.896700000000000497e-01,9.956500000000000350e-01,9.991400000000000281e-01,1.001479999999999926e+00,1.006790000000000074e+00,1.005970000000000031e+00,1.005849999999999911e+00,1.005130000000000079e+00,1.005290000000000017e+00,9.612300000000000288e-01,9.614700000000000468e-01,9.803399999999999892e-01,9.917899999999999494e-01,9.929900000000000393e-01,9.430500000000000549e-01,9.519199999999999884e-01,9.694899999999999629e-01,9.844000000000000528e-01,9.901200000000000001e-01
WingId,1,1,1,1,1,1,1,1,1,1,1,1,1,1,1,2,2,2,2,2,2,2,2,2,2,2,2,2,2,2,3,3,3,3,3,4,4,4,4,4
Xavg,2.392879999999999896e+00,2.382319999999999993e+00,2.371750000000000025e+00,2.361190000000000122e+00,2.350620000000000154e+00,2.337899999999999867e+00,2.323770000000000113e+00,2.309619999999999784e+00,2.295469999999999899e+00,2.281299999999999883e+00,2.284749999999999837e+00,2.305000000000000160e+00,2.325239999999999974e+00,2.345470000000000166e+00,2.365699999999999914e+00,2.392879999999999896e+00,2.382319999999999993e+00,2.371750000000000025e+00,2.361190000000000122e+00,2.350620000000000154e+00,2.337899999999999867e+00,2.323770000000000113e+00,2.309619999999999784e+00,2.295469999999999899e+00,2.281299999999999883e+00,2.284749999999999837e+00,2.305000000000000160e+00,2.325239999999999974e+00,2.345470000000000166e+00,2.365699999999999914e+00,5.819969999999999644e+00,5.917910000000000004e+00,6.015850000000000364e+00,6.113780000000000214e+00,6.211730000000000196e+00,5.819969999999999644e+00,5.917910000000000004e+00,6.015850000000000364e+00,6.113780000000000214e+00,6.211730000000000196e+00
Yavg,1.718899999999999872e-01,5.195499999999999563e-01,8.671900000000000164e-01,1.214800000000000102e+00,1.562359999999999971e+00,2.228590000000000071e+00,3.216559999999999864e+00,4.204550000000000232e+00,5.192569999999999908e+00,6.180620000000000225e+00,6.716649999999999565e+00,6.791660000000000252e+00,6.866660000000000430e+00,6.941650000000000098e+00,7.016610000000000014e+00,-1.718899999999999872e-01,-5.195499999999999563e-01,-8.671900000000000164e-01,-1.214800000000000102e+00,-1.562359999999999971e+00,-2.228590000000000071e+00,-3.216559999999999864e+00,-4.204550000000000232e+00,-5.192569999999999908e+00,-6.180620000000000225e+00,-6.716649999999999565e+00,-6.791660000000000252e+00,-6.866660000000000430e+00,-6.941650000000000098e+00,-7.016610000000000014e+00,1.247400000000000037e-01,3.766700000000000048e-01,6.286100000000000021e-01,8.805399999999999894e-01,1.132460000000000022e+00,-1.247400000000000037e-01,-3.766700000000000048e-01,-6.286100000000000021e-01,-8.805399999999999894e-01,-1.132460000000000022e+00
Zavg,1.119259999999999922e+00,1.109900000000000109e+00,1.100540000000000074e+00,1.091180000000000039e+00,1.081830000000000069e+00,1.094910000000000050e+00,1.130849999999999911e+00,1.166740000000000110e+00,1.202599999999999891e+00,1.238469999999999960e+00,1.270329999999999959e+00,1.298289999999999944e+00,1.326240000000000085e+00,1.354190000000000005e+00,1.382130000000000081e+00,1.119259999999999922e+00,1.109900000000000109e+00,1.100540000000000074e+00,1.091180000000000039e+00,1.081830000000000069e+00,1.094910000000000050e+00,1.130849999999999911e+00,1.166740000000000110e+00,1.202599999999999891e+00,1.238469999999999960e+00,1.270329999999999959e+00,1.298289999999999944e+00,1.326240000000000085e+00,1.354190000000000005e+00,1.382130000000000081e+00,3.569700000000000095e-01,5.334799999999999542e-01,7.099999999999999645e-01,8.865300000000000402e-01,1.063090000000000090e+00,3.569700000000000095e-01,5.334799999999999542e-01,7.099999999999999645e-01,8.865300000000000402e-01,1.063090000000000090e+00
cd,2.779999999999999832e-02,3.200000000000000067e-02,2.963000000000000009e-02,3.506000000000000089e-02,3.271999999999999909e-02,2.894000000000000045e-02,1.906000000000000055e-02,8.840000000000000635e-03,2.230000000000000211e-03,-9.499999999999999981e-04,2.830000000000000050e-03,3.200000000000000262e-04,-1.680000000000000070e-03,-2.569999999999999802e-03,-2.909999999999999826e-03,4.104000000000000009e-02,4.066999999999999782e-02,3.987000000000000266e-02,4.028000000000000330e-02,3.894999999999999851e-02,2.844000000000000000e-02,1.754000000000000004e-02,6.919999999999999936e-03,9.700000000000000505e-04,-1.490000000000000005e-03,-1.760000000000000063e-03,-2.870000000000000155e-03,-3.650000000000000033e-03,-3.569999999999999823e-03,-2.980000000000000010e-03,-2.040000000000000147e-02,-4.841000000000000164e-02,-2.875000000000000125e-02,-2.753999999999999851e-02,-1.853000000000000133e-02,-1.889999999999999970e-03,-2.798000000000000140e-02,-2.044999999999999943e-02,-2.606999999999999942e-02,-2.035999999999999963e-02
cd*c/cref,4.040976535541752901e-02,4.327966391284247122e-02,3.707919129027719557e-02,4.033038151520633441e-02,3.433230081676683781e-02,2.822870158194134768e-02,1.770205146502107363e-02,7.797791915415386819e-03,1.863077314786896945e-03,-7.493852472746521248e-04,2.074047719552152107e-03,2.136351149436839893e-04,-1.011945968763191400e-03,-1.380337293211923852e-03,-1.373089408832338289e-03,5.965527950310559047e-02,5.500574785422823049e-02,4.989359962009287663e-02,4.633507608193129790e-02,4.086928841115734790e-02,2.774099077368389482e-02,1.629034536707605826e-02,6.104153852338740568e-03,8.103968588983363622e-04,-1.175351598357085928e-03,-1.289867133007698919e-03,-1.916039937151165504e-03,-2.198573086896219060e-03,-1.917433516251582787e-03,-1.406119050969198642e-03,-1.572779352348791307e-02,-3.499983609385783762e-02,-1.942494028355679081e-02,-1.732517638545498506e-02,-1.081233265995296643e-02,-1.457133811734909320e-03,-2.022919673427271692e-02,-1.381704447995604594e-02,-1.640041206858429412e-02,-1.188014532955436464e-02
cl,8.786100000000000021e-01,9.118899999999999784e-01,9.372000000000000330e-01,9.687200000000000255e-01,9.986899999999999666e-01,9.827399999999999469e-01,8.640900000000000247e-01,6.994200000000000417e-01,5.048799999999999955e-01,2.897299999999999875e-01,2.318399999999999905e-01,2.147199999999999942e-01,1.958799999999999986e-01,1.721999999999999920e-01,1.253100000000000047e-01,8.310499999999999554e-01,8.710999999999999854e-01,9.084799999999999542e-01,9.459100000000000286e-01,9.821400000000000130e-01,9.636099999999999666e-01,8.439299999999999580e-01,6.754299999999999748e-01,4.818399999999999905e-01,2.729599999999999804e-01,1.947800000000000087e-01,1.668499999999999983e-01,1.450500000000000123e-01,1.199000000000000066e-01,8.823000000000000287e-02,-6.652599999999999625e-01,-6.511400000000000521e-01,-4.404199999999999782e-01,-4.231699999999999906e-01,-2.550700000000000189e-01,-6.879199999999999759e-01,-6.880899999999999794e-01,-6.395100000000000229e-01,-5.407999999999999474e-01,-3.647900000000000031e-01
cl*c/cref,1.277137551759834233e+00,1.233321647671310028e+00,1.172818699873364512e+00,1.114342475225632567e+00,1.047901146170442388e+00,9.585858394138575544e-01,8.025270540613882453e-01,6.169605906651390859e-01,4.218073877531876570e-01,2.285467238872473106e-01,1.699106796116505169e-01,1.433491621272119376e-01,1.179880811674606650e-01,9.248796960742929063e-02,5.912777794528533554e-02,1.208004874051069599e+00,1.178153601077408741e+00,1.136878289010834431e+00,1.088103570423526012e+00,1.030535633379565441e+00,9.399260238899275199e-01,7.838033731833805584e-01,5.957989359082594971e-01,4.025583737026539599e-01,2.153181022064095118e-01,1.427501819132043215e-01,1.113906841511052154e-01,8.737069212446482713e-02,6.439783714245513047e-02,4.163150465335986594e-02,-5.128956823252729391e-01,-4.707662316495474508e-01,-2.975698156411854534e-01,-2.662125958980749996e-01,-1.488344140083218137e-01,-5.303658686606765871e-01,-4.974806283375880489e-01,-4.320849934169531670e-01,-3.402126139888908551e-01,-2.128564938491226410e-01
cmx,7.954999999999999571e-02,2.852299999999999836e-01,5.353499999999999925e-01,8.476799999999999891e-01,1.235679999999999890e+00,1.893729999999999913e+00,2.519899999999999807e+00,2.804730000000000167e+00,2.638700000000000045e+00,1.908479999999999954e+00,1.831229999999999913e+00,1.882719999999999949e+00,1.924879999999999924e+00,1.918479999999999963e+00,1.606020000000000003e+00,-7.481999999999999762e-02,-2.722899999999999765e-01,-5.187899999999999734e-01,-8.275299999999999878e-01,-1.215119999999999978e+00,-1.856479999999999908e+00,-2.460560000000000080e+00,-2.708270000000000177e+00,-2.518200000000000216e+00,-1.798580000000000068e+00,-1.539770000000000083e+00,-1.464089999999999892e+00,-1.426050000000000040e+00,-1.336289999999999978e+00,-1.132319999999999993e+00,1.441199999999999981e-01,-1.391999999999999904e-01,-3.068199999999999816e-01,-5.459199999999999608e-01,-4.936200000000000032e-01,-1.543599999999999972e-01,1.427599999999999980e-01,4.592399999999999816e-01,7.002699999999999481e-01,7.144099999999999895e-01
cmx*c/cref,1.156329796411318112e-01,3.857705793081268042e-01,6.699407714225412702e-01,9.751071820539105595e-01,1.296568993681615156e+00,1.847185177842770809e+00,2.340367234349769010e+00,2.474061189923415949e+00,2.204530094407257668e+00,1.505459743914450588e+00,1.342070107941868207e+00,1.256922198771164512e+00,1.159449140686245050e+00,1.030408361977125153e+00,7.578037980662928330e-01,-1.087575051759834266e-01,-3.682693652133711137e-01,-6.492174704516674444e-01,-9.519281407666485562e-01,-1.274995885344429203e+00,-1.810850722627590503e+00,-2.285254971289205628e+00,-2.388973519316971661e+00,-2.103857082554423386e+00,-1.418767703203414721e+00,-1.128465179199582114e+00,-9.774407357434319321e-01,-8.589794933063982230e-01,-7.177163118856660917e-01,-5.342874912058533932e-01,1.111122354218175290e-01,-1.006398922591408840e-01,-2.073029627061180602e-01,-3.434335618136377666e-01,-2.880293387806790451e-01,-1.190069709943918502e-01,1.032137285841591562e-01,3.102855504633258987e-01,4.405338150850603429e-01,4.168612291201833631e-01
cmy,-3.842099999999999960e-01,-4.139900000000000246e-01,-4.432200000000000029e-01,-4.730900000000000105e-01,-5.115300000000000402e-01,-5.118200000000000527e-01,-4.422300000000000120e-01,-3.530200000000000005e-01,-2.438299999999999912e-01,-1.130099999999999993e-01,-8.958000000000000684e-02,-9.625000000000000222e-02,-1.045200000000000018e-01,-1.109900000000000053e-01,-9.811999999999999889e-02,-3.927499999999999880e-01,-4.170300000000000118e-01,-4.432200000000000029e-01,-4.730400000000000160e-01,-5.104999999999999538e-01,-5.067099999999999937e-01,-4.347199999999999953e-01,-3.424200000000000021e-01,-2.326199999999999934e-01,-1.057799999999999990e-01,-7.692999999999999838e-02,-7.475999999999999313e-02,-7.717999999999999861e-02,-7.642000000000000182e-02,-7.001999999999999891e-02,2.753800000000000026e+00,2.953829999999999956e+00,2.110100000000000087e+00,2.310750000000000082e+00,1.542480000000000073e+00,2.854169999999999874e+00,3.130539999999999878e+00,3.191920000000000091e+00,2.969899999999999984e+00,2.201900000000000190e+00
cmy*c/cref,-5.584833074534161224e-01,-5.599171269774267934e-01,-5.546486386661039214e-01,-5.442070790367645738e-01,-5.367359974572354364e-01,-4.992402917646586724e-01,-4.107228866409375345e-01,-3.114000567850610524e-01,-2.037103774280220048e-01,-8.914529136264046083e-02,-6.565130555388049016e-02,-6.425743691665494750e-02,-6.295749562805283417e-02,-5.961230979517176398e-02,-4.629812123526771267e-02,-5.708969547964112268e-01,-5.640286950491467666e-01,-5.546486386661039214e-01,-5.441495628052824829e-01,-5.356552434889814140e-01,-4.942558873042674494e-01,-4.037479440122749841e-01,-3.020497633118253700e-01,-1.943448632133309151e-01,-8.344207521759232360e-02,-5.638038553538765596e-02,-4.991050372871815716e-02,-4.648927968401374983e-02,-4.104489336469074878e-02,-3.303907917747090500e-02,2.123097931616716227e+00,2.135582851665360327e+00,1.425689269298545447e+00,1.453672887897244248e+00,9.000435445938613777e-01,2.200480217692818208e+00,2.263342013742319914e+00,2.156621057039672884e+00,1.868338465764806111e+00,1.284817878248809331e+00
cmz,1.709000000000000102e-02,1.102999999999999987e-02,4.910000000000000302e-03,-7.559999999999999880e-03,-1.612999999999999851e-02,-6.947000000000000397e-02,-6.654999999999999805e-02,-4.340999999999999720e-02,-1.633000000000000076e-02,4.040000000000000188e-03,-3.550999999999999990e-02,-1.710000000000000062e-02,7.600000000000000418e-04,1.175000000000000003e-02,2.240999999999999936e-02,-1.646999999999999853e-02,-9.119999999999999635e-03,-8.499999999999999526e-04,9.480000000000000579e-03,1.982000000000000081e-02,7.247000000000000663e-02,6.722000000000000197e-02,4.145999999999999686e-02,1.536999999999999998e-02,-2.050000000000000173e-03,3.991999999999999715e-02,2.375999999999999987e-02,1.065999999999999934e-02,2.860000000000000129e-03,-1.010000000000000047e-03,2.032989999999999853e+00,2.294420000000000126e+00,1.686669999999999892e+00,1.736690000000000067e+00,1.179629999999999956e+00,-2.132449999999999957e+00,-2.430800000000000072e+00,-2.462009999999999810e+00,-2.313070000000000181e+00,-1.764059999999999961e+00
cmz*c/cref,2.484183057280883386e-02,1.491795915495789000e-02,6.144408681581539980e-03,-8.696454200084424019e-03,-1.692481699799661121e-02,-6.776253969929044163e-02,-6.180857948568480725e-02,-3.829209808237351437e-02,-1.364307289258745622e-02,3.186859367357468015e-03,-2.602453516653601556e-02,-1.141612645480311224e-02,4.577850811071579860e-04,6.310880620715994711e-03,1.057420400410058470e-02,-2.394060559006211050e-02,-1.233470421516010343e-02,-1.063696003939777800e-03,1.090507748899475354e-02,2.079664432115888723e-02,7.068880454883516573e-02,6.243084467359478335e-02,3.657199692456129803e-02,1.284103064048188608e-02,-1.617094480961091610e-03,2.925653178958371320e-02,1.586240728456853391e-02,6.421038111318820053e-03,1.536095197893425079e-03,-4.765705508318425401e-04,1.567374850750768989e+00,1.658837511474267723e+00,1.139598748802320927e+00,1.092536694874938874e+00,6.883190488753543335e-01,-1.644055553880480192e+00,-1.757438578329882928e+00,-1.663457294870248626e+00,-1.455132379880332838e+00,-1.029336403244286435e+00
cs,4.125999999999999807e-02,4.336999999999999883e-02,4.406000000000000194e-02,4.578000000000000125e-02,4.682999999999999663e-02,-3.034999999999999851e-02,-2.744999999999999871e-02,-2.307999999999999982e-02,-1.745999999999999983e-02,-1.289000000000000042e-02,-8.672000000000000541e-02,-7.753000000000000169e-02,-6.840000000000000246e-02,-5.795000000000000151e-02,-4.093000000000000110e-02,-3.821000000000000091e-02,-3.964999999999999775e-02,-4.098999999999999866e-02,-4.245999999999999774e-02,-4.399999999999999745e-02,3.155000000000000165e-02,2.768999999999999934e-02,2.242999999999999855e-02,1.644999999999999934e-02,1.223999999999999914e-02,7.549000000000000155e-02,6.164000000000000035e-02,5.133000000000000063e-02,4.070000000000000007e-02,2.943000000000000130e-02,4.957799999999999985e-01,5.067399999999999682e-01,3.491199999999999859e-01,3.153099999999999792e-01,1.916400000000000048e-01,-5.209300000000000042e-01,-5.387100000000000222e-01,-4.935200000000000142e-01,-4.161900000000000044e-01,-2.847899999999999876e-01
cs*c/cref,5.997506901311248917e-02,5.865746949687430933e-02,5.513699521598425246e-02,5.266186154495567512e-02,4.913758090614887136e-02,-2.960404606122736190e-02,-2.549429762407284805e-02,-2.035894088323383574e-02,-1.458714346017005344e-02,-1.016797456565291143e-02,-6.355527146274297934e-02,-5.175978269244942837e-02,-4.120065729964422080e-02,-3.112472612514824433e-02,-1.931290360945278617e-02,-5.554162353347135567e-02,-5.362620856700637401e-02,-5.129517553116645645e-02,-4.884278377454822490e-02,-4.616813068269379206e-02,3.077455200104525085e-02,2.571719858690627025e-02,1.978557383062976016e-02,1.374332817410065140e-02,9.655237291201834021e-03,5.532503969929044446e-02,4.115146401602712278e-02,3.091856343846107608e-02,2.185981627771412666e-02,1.388660525839715415e-02,3.822316408370017848e-01,3.663668031853236640e-01,2.358829618015772511e-01,1.983588005119030773e-01,1.118227431707170261e-01,-4.016215431465959274e-01,-3.894807209692657812e-01,-3.334468357822938378e-01,-2.618215381213692683e-01,-1.661761585660013474e-01
cx,2.921999999999999945e-02,3.348999999999999894e-02,3.115000000000000061e-02,3.663000000000000284e-02,3.434000000000000247e-02,2.785999999999999935e-02,1.808999999999999844e-02,8.030000000000000679e-03,1.619999999999999912e-03,-1.399999999999999986e-03,-2.000000000000000096e-04,-2.380000000000000171e-03,-4.060000000000000241e-03,-4.590000000000000330e-03,-4.340000000000000108e-03,3.969000000000000306e-02,3.926000000000000323e-02,3.842000000000000276e-02,3.878000000000000197e-02,3.738999999999999962e-02,2.953000000000000069e-02,1.849999999999999908e-02,7.700000000000000247e-03,1.549999999999999946e-03,-1.059999999999999961e-03,8.800000000000000313e-04,-7.100000000000000191e-04,-1.860000000000000108e-03,-2.150000000000000001e-03,-1.949999999999999910e-03,-3.079999999999999839e-03,-3.070000000000000159e-02,-1.654999999999999874e-02,-1.651999999999999996e-02,-1.183000000000000024e-02,-2.007000000000000103e-02,-4.676000000000000295e-02,-3.765999999999999903e-02,-4.057999999999999802e-02,-3.029000000000000095e-02
cx*c/cref,4.247386128364388780e-02,4.529487326378420220e-02,3.898133002673421360e-02,4.213639118374238463e-02,3.603212744644784110e-02,2.717524623610525006e-02,1.680116007356931979e-02,7.083288357554926723e-03,1.353446300428149274e-03,-1.104357206510013772e-03,-1.465758105690566978e-04,-1.588911167393649649e-03,-2.445536091177712406e-03,-2.465271663752035321e-03,-2.047837812485343162e-03,5.769293478260870134e-02,5.309873766306861392e-02,4.807905937807795821e-02,4.460958913747010285e-02,3.923241832331638562e-02,2.880420033568514143e-02,1.718194921840975053e-02,6.792194315463627972e-03,1.294964052878784695e-03,-8.361561706432960516e-04,6.449335665038494593e-04,-4.740029112812987997e-04,-1.120368751130676162e-03,-1.154756879535267155e-03,-9.201114595268246191e-04,-2.374588433938370872e-03,-2.219572336462374840e-02,-1.118200910236051733e-02,-1.039258946578490786e-02,-6.902854579991559054e-03,-1.547337333413737262e-02,-3.380690633647578242e-02,-2.544498264621734493e-02,-2.552852787660723349e-02,-1.767434194657179283e-02
cy,4.025999999999999718e-02,4.222000000000000058e-02,4.299999999999999656e-02,4.453000000000000014e-02,4.565999999999999920e-02,-3.133999999999999980e-02,-2.809999999999999998e-02,-2.336999999999999841e-02,-1.753000000000000044e-02,-1.285000000000000031e-02,-8.676000000000000378e-02,-7.749000000000000332e-02,-6.829999999999999960e-02,-5.782999999999999946e-02,-4.080000000000000293e-02,-3.962000000000000244e-02,-4.104000000000000009e-02,-4.236000000000000182e-02,-4.383999999999999703e-02,-4.533000000000000224e-02,3.054000000000000117e-02,2.706000000000000072e-02,2.217999999999999833e-02,1.640000000000000138e-02,1.227999999999999925e-02,7.550999999999999379e-02,6.171000000000000096e-02,5.142999999999999655e-02,4.080000000000000293e-02,2.952000000000000110e-02,4.961900000000000199e-01,5.081200000000000161e-01,3.499099999999999988e-01,3.160800000000000276e-01,1.921700000000000075e-01,-5.205499999999999572e-01,-5.374100000000000543e-01,-4.924999999999999933e-01,-4.150200000000000000e-01,-2.839099999999999957e-01
cy*c/cref,5.852148033126293447e-02,5.710210657500653514e-02,5.381050372871816478e-02,5.122395575790467809e-02,4.790992834026815139e-02,-3.056971346157711864e-02,-2.609798773174670447e-02,-2.061475079901103555e-02,-1.464562570771941845e-02,-1.013642150260976940e-02,-6.358458662485678980e-02,-5.173307830308147143e-02,-4.114042242055116622e-02,-3.106027457838348577e-02,-1.925156284548433169e-02,-5.759118357487923168e-02,-5.550616896822047064e-02,-5.300960320810469556e-02,-5.043023176345252240e-02,-4.756366736014795010e-02,2.978937616836519614e-02,2.513208355946853351e-02,1.956504804116665844e-02,1.370155514013682123e-02,9.686790354244976045e-03,5.533969728034734969e-02,4.119819669742105089e-02,3.097879831755412025e-02,2.191352590001809097e-02,1.392907194114454718e-02,3.825477386480130582e-01,3.673645262551341606e-01,2.364167253780645739e-01,1.988432008683591878e-01,1.121320003919677039e-01,-4.013285744437073976e-01,-3.885408369179950694e-01,-3.327576726835380638e-01,-2.610855012161048538e-01,-1.656626748778870228e-01
cz,8.786100000000000021e-01,9.118899999999999784e-01,9.372000000000000330e-01,9.687200000000000255e-01,9.986899999999999666e-01,9.827399999999999469e-01,8.640900000000000247e-01,6.994200000000000417e-01,5.048799999999999955e-01,2.897299999999999875e-01,2.318399999999999905e-01,2.147199999999999942e-01,1.958799999999999986e-01,1.721999999999999920e-01,1.253100000000000047e-01,8.310499999999999554e-01,8.710999999999999854e-01,9.084799999999999542e-01,9.459100000000000286e-01,9.821400000000000130e-01,9.636099999999999666e-01,8.439299999999999580e-01,6.754299999999999748e-01,4.818399999999999905e-01,2.729599999999999804e-01,1.947800000000000087e-01,1.668499999999999983e-01,1.450500000000000123e-01,1.199000000000000066e-01,8.823000000000000287e-02,-6.652599999999999625e-01,-6.511400000000000521e-01,-4.404199999999999782e-01,-4.231699999999999906e-01,-2.550700000000000189e-01,-6.879199999999999759e-01,-6.880899999999999794e-01,-6.395100000000000229e-01,-5.407999999999999474e-01,-3.647900000000000031e-01
cz*c/cref,1.277137551759834233e+00,1.233321647671310028e+00,1.172818699873364512e+00,1.114342475225632567e+00,1.047901146170442388e+00,9.585858394138575544e-01,8.025270540613882453e-01,6.169605906651390859e-01,4.218073877531876570e-01,2.285467238872473106e-01,1.699106796116505169e-01,1.433491621272119376e-01,1.179880811674606650e-01,9.248796960742929063e-02,5.912777794528533554e-02,1.208004874051069599e+00,1.178153601077408741e+00,1.136878289010834431e+00,1.088103570423526012e+00,1.030535633379565441e+00,9.399260238899275199e-01,7.838033731833805584e-01,5.957989359082594971e-01,4.025583737026539599e-01,2.153181022064095118e-01,1.427501819132043215e-01,1.113906841511052154e-01,8.737069212446482713e-02,6.439783714245513047e-02,4.163150465335986594e-02,-5.128956823252729391e-01,-4.707662316495474508e-01,-2.975698156411854534e-01,-2.662125958980749996e-01,-1.488344140083218137e-01,-5.303658686606765871e-01,-4.974806283375880489e-01,-4.320849934169531670e-01,-3.402126139888908551e-01,-2.128564938491226410e-01
Results_Name,VSPAERO_Comp_Load
Results_Timestamp,1749700088
Results_Date,6,11,2025
Results_Time,23,48,8
AoA,0.000000000000000000e+00,0.000000000000000000e+00,0.000000000000000000e+00,0.000000000000000000e+00,0.000000000000000000e+00,0.000000000000000000e+00,0.000000000000000000e+00,0.000000000000000000e+00,0.000000000000000000e+00
Beta,2.000000000000000000e+00,2.000000000000000000e+00,2.000000000000000000e+00,2.000000000000000000e+00,2.000000000000000000e+00,2.000000000000000000e+00,2.000000000000000000e+00,2.000000000000000000e+00,2.000000000000000000e+00
CDi,0.000000000000000000e+00,9.199999999999999845e-03,1.026999999999999962e-02,-2.180000000000000080e-03,-1.420000000000000038e-03,0.000000000000000000e+00,0.000000000000000000e+00,0.000000000000000000e+00,0.000000000000000000e+00
CFx,0.000000000000000000e+00,9.150000000000000147e-03,1.031999999999999931e-02,-1.180000000000000059e-03,-2.619999999999999933e-03,0.000000000000000000e+00,0.000000000000000000e+00,0.000000000000000000e+00,0.000000000000000000e+00
CFy,0.000000000000000000e+00,-1.690000000000000096e-03,1.240000000000000000e-03,2.876000000000000084e-02,-3.438000000000000084e-02,0.000000000000000000e+00,0.000000000000000000e+00,0.000000000000000000e+00,0.000000000000000000e+00
CFz,0.000000000000000000e+00,3.809400000000000008e-01,3.680700000000000083e-01,-3.760000000000000148e-02,-4.467000000000000137e-02,0.000000000000000000e+00,0.000000000000000000e+00,0.000000000000000000e+00,0.000000000000000000e+00
CL,0.000000000000000000e+00,3.809400000000000008e-01,3.680700000000000083e-01,-3.760000000000000148e-02,-4.467000000000000137e-02,0.000000000000000000e+00,0.000000000000000000e+00,0.000000000000000000e+00,0.000000000000000000e+00
Cmx,0.000000000000000000e+00,6.761999999999999955e-02,-6.503000000000000447e-02,-9.700000000000000505e-04,1.350000000000000071e-03,-0.000000000000000000e+00,-3.000000000000000076e-05,2.000000000000000164e-05,1.000000000000000082e-05
Cmy,0.000000000000000000e+00,-1.942099999999999937e-01,-1.922000000000000097e-01,1.237999999999999934e-01,1.490499999999999881e-01,-5.219999999999999814e-03,-6.769999999999999976e-03,-1.499999999999999869e-04,-4.000000000000000192e-04
Cmz,0.000000000000000000e+00,-9.700000000000000505e-04,1.030000000000000100e-03,7.969999999999999654e-03,-9.690000000000000696e-03,2.100000000000000087e-04,-2.000000000000000096e-04,9.300000000000000541e-04,9.499999999999999981e-04
Comp_ID,0,1,2,3,4,5,6,7,8
Comp_Name,NONE,main_wing,main_wing,horizontal_tail,horizontal_tail,fuselage,fuselage,fuselage,fuselage
Cs,0.000000000000000000e+00,-1.369999999999999907e-03,1.600000000000000077e-03,2.869999999999999982e-02,-3.445000000000000145e-02,0.000000000000000000e+00,0.000000000000000000e+00,0.000000000000000000e+00,0.000000000000000000e+00
Mach,1.499999999999999944e-01,1.499999999999999944e-01,1.499999999999999944e-01,1.499999999999999944e-01,1.499999999999999944e-01,1.499999999999999944e-01,1.499999999999999944e-01,1.499999999999999944e-01,1.499999999999999944e-01
Results_Name,VSPAERO_Load
Results_Timestamp,1749700088
Results_Date,6,11,2025
Results_Time,23,48,8
AnalysisMethod,0
Chord,1.735549999999999926e+00,1.614840000000000053e+00,1.494150000000000089e+00,1.373459999999999903e+00,1.252809999999999979e+00,1.164630000000000054e+00,1.108910000000000062e+00,1.053209999999999980e+00,9.975199999999999623e-01,9.418400000000000105e-01,8.750400000000000400e-01,7.971099999999999852e-01,7.191899999999999959e-01,6.412799999999999612e-01,5.633799999999999919e-01,1.735549999999999926e+00,1.614840000000000053e+00,1.494150000000000089e+00,1.373459999999999903e+00,1.252809999999999979e+00,1.164630000000000054e+00,1.108910000000000062e+00,1.053209999999999980e+00,9.975199999999999623e-01,9.418400000000000105e-01,8.750400000000000400e-01,7.971099999999999852e-01,7.191899999999999959e-01,6.412799999999999612e-01,5.633799999999999919e-01,9.205200000000000049e-01,8.632300000000000528e-01,8.067100000000000382e-01,7.511200000000000099e-01,6.966900000000000315e-01,9.205200000000000049e-01,8.632300000000000528e-01,8.067100000000000382e-01,7.511200000000000099e-01,6.966900000000000315e-01
FC_AoA_,0.000000000000000000e+00
FC_Beta_,3.000000000000000000e+00
FC_Bref_,1.417173599999999922e+01
FC_Cref_,1.193975999999999926e+00
FC_Mach_,1.499999999999999944e-01
FC_Pitch_Rate,0.000000000000000000e+00
FC_Rho_,2.377000000000000206e-03
FC_Roll__Rate,0.000000000000000000e+00
FC_Sref_,1.619368700000000061e+01
FC_Vinf_,5.100000000000000000e+01
FC_Xcg_,1.785187999999999997e+00
FC_Yaw___Rate,0.000000000000000000e+00
FC_Ycg_,-0.000000000000000000e+00
FC_Zcg_,7.542510000000000048e-01
S,3.314000000000000279e-02,8.981999999999999706e-02,1.368900000000000117e-01,1.839600000000000124e-01,2.310300000000000131e-01,2.997400000000000064e-01,4.117600000000000149e-01,5.454599999999999449e-01,6.791599999999999859e-01,8.128699999999999815e-01,9.157600000000000184e-01,9.578200000000000047e-01,9.698700000000000099e-01,9.819200000000000150e-01,9.939700000000000202e-01,3.314000000000000279e-02,8.981999999999999706e-02,1.368900000000000117e-01,1.839600000000000124e-01,2.310300000000000131e-01,2.997400000000000064e-01,4.117600000000000149e-01,5.454599999999999449e-01,6.791599999999999859e-01,8.128699999999999815e-01,9.157600000000000184e-01,9.578200000000000047e-01,9.698700000000000099e-01,9.819200000000000150e-01,9.939700000000000202e-01,1.026500000000000051e-01,3.046400000000000219e-01,5.033100000000000351e-01,7.019900000000000029e-01,9.006600000000000161e-01,1.026500000000000051e-01,3.046400000000000219e-01,5.033100000000000351e-01,7.019900000000000029e-01,9.006600000000000161e-01
V/Vref,9.675500000000000211e-01,9.676799999999999846e-01,9.710499999999999687e-01,9.723600000000000021e-01,9.774399999999999755e-01,9.820600000000000440e-01,9.893300000000000427e-01,9.953899999999999970e-01,9.994800000000000351e-01,1.001409999999999911e+00,1.006690000000000085e+00,1.005819999999999936e+00,1.005810000000000093e+00,1.005079999999999973e+00,1.005020000000000024e+00,9.654599999999999849e-01,9.690499999999999670e-01,9.730499999999999705e-01,9.743899999999999784e-01,9.789200000000000124e-01,9.828599999999999559e-01,9.896700000000000497e-01,9.957000000000000295e-01,9.993199999999999861e-01,1.001400000000000068e+00,1.006829999999999892e+00,1.006010000000000071e+00,1.005859999999999976e+00,1.005120000000000013e+00,1.005230000000000068e+00,9.640999999999999570e-01,9.638900000000000245e-01,9.833600000000000119e-01,9.923300000000000454e-01,9.937500000000000222e-01,9.352700000000000458e-01,9.486299999999999732e-01,9.663500000000000423e-01,9.821499999999999675e-01,9.880400000000000293e-01
WingId,1,1,1,1,1,1,1,1,1,1,1,1,1,1,1,2,2,2,2,2,2,2,2,2,2,2,2,2,2,2,3,3,3,3,3,4,4,4,4,4
Xavg,2.392879999999999896e+00,2.382319999999999993e+00,2.371750000000000025e+00,2.361190000000000122e+00,2.350620000000000154e+00,2.337899999999999867e+00,2.323770000000000113e+00,2.309619999999999784e+00,2.295469999999999899e+00,2.281299999999999883e+00,2.284749999999999837e+00,2.305000000000000160e+00,2.325239999999999974e+00,2.345470000000000166e+00,2.365699999999999914e+00,2.392879999999999896e+00,2.382319999999999993e+00,2.371750000000000025e+00,2.361190000000000122e+00,2.350620000000000154e+00,2.337899999999999867e+00,2.323770000000000113e+00,2.309619999999999784e+00,2.295469999999999899e+00,2.281299999999999883e+00,2.284749999999999837e+00,2.305000000000000160e+00,2.325239999999999974e+00,2.345470000000000166e+00,2.365699999999999914e+00,5.819969999999999644e+00,5.917910000000000004e+00,6.015850000000000364e+00,6.113780000000000214e+00,6.211730000000000196e+00,5.819969999999999644e+00,5.917910000000000004e+00,6.015850000000000364e+00,6.113780000000000214e+00,6.211730000000000196e+00
Yavg,1.718899999999999872e-01,5.195499999999999563e-01,8.671900000000000164e-01,1.214800000000000102e+00,1.562359999999999971e+00,2.228590000000000071e+00,3.216559999999999864e+00,4.204550000000000232e+00,5.192569999999999908e+00,6.180620000000000225e+00,6.716649999999999565e+00,6.791660000000000252e+00,6.866660000000000430e+00,6.941650000000000098e+00,7.016610000000000014e+00,-1.718899999999999872e-01,-5.195499999999999563e-01,-8.671900000000000164e-01,-1.214800000000000102e+00,-1.562359999999999971e+00,-2.228590000000000071e+00,-3.216559999999999864e+00,-4.204550000000000232e+00,-5.192569999999999908e+00,-6.180620000000000225e+00,-6.716649999999999565e+00,-6.791660000000000252e+00,-6.866660000000000430e+00,-6.941650000000000098e+00,-7.016610000000000014e+00,1.247400000000000037e-01,3.766700000000000048e-01,6.286100000000000021e-01,8.805399999999999894e-01,1.132460000000000022e+00,-1.247400000000000037e-01,-3.766700000000000048e-01,-6.286100000000000021e-01,-8.805399999999999894e-01,-1.132460000000000022e+00
Zavg,1.119259999999999922e+00,1.109900000000000109e+00,1.100540000000000074e+00,1.091180000000000039e+00,1.081830000000000069e+00,1.094910000000000050e+00,1.130849999999999911e+00,1.166740000000000110e+00,1.202599999999999891e+00,1.238469999999999960e+00,1.270329999999999959e+00,1.298289999999999944e+00,1.326240000000000085e+00,1.354190000000000005e+00,1.382130000000000081e+00,1.119259999999999922e+00,1.109900000000000109e+00,1.100540000000000074e+00,1.091180000000000039e+00,1.081830000000000069e+00,1.094910000000000050e+00,1.130849999999999911e+00,1.166740000000000110e+00,1.202599999999999891e+00,1.238469999999999960e+00,1.270329999999999959e+00,1.298289999999999944e+00,1.326240000000000085e+00,1.354190000000000005e+00,1.382130000000000081e+00,3.569700000000000095e-01,5.334799999999999542e-01,7.099999999999999645e-01,8.865300000000000402e-01,1.063090000000000090e+00,3.569700000000000095e-01,5.334799999999999542e-01,7.099999999999999645e-01,8.865300000000000402e-01,1.063090000000000090e+00
cd,2.356000000000000108e-02,2.946000000000000008e-02,2.675999999999999907e-02,3.359000000000000180e-02,3.090999999999999998e-02,2.898999999999999841e-02,1.932000000000000037e-02,9.180000000000000659e-03,2.490000000000000026e-03,-7.900000000000000121e-04,4.109999999999999938e-03,1.330000000000000019e-03,-9.300000000000000541e-04,-2.050000000000000173e-03,-2.749999999999999840e-03,4.426000000000000073e-02,4.288000000000000145e-02,4.270999999999999797e-02,4.179000000000000076e-02,4.071000000000000313e-02,2.843000000000000041e-02,1.738999999999999921e-02,6.870000000000000238e-03,8.599999999999999789e-04,-1.670000000000000043e-03,-2.779999999999999919e-03,-3.459999999999999968e-03,-3.959999999999999978e-03,-3.660000000000000059e-03,-2.929999999999999879e-03,-2.956999999999999906e-02,-4.970999999999999724e-02,-3.755000000000000004e-02,-2.334999999999999923e-02,-1.755999999999999922e-02,-3.579999999999999849e-03,-1.328000000000000014e-02,-7.729999999999999892e-03,-2.403999999999999887e-02,-2.007000000000000103e-02
cd*c/cref,3.424654934437543208e-02,3.984434058976060039e-02,3.348765301815111867e-02,3.863940430963436201e-02,3.243311180459239329e-02,2.827747266276709262e-02,1.794352750809061550e-02,8.097706989085209223e-03,2.080297091398822153e-03,-6.231729951020791502e-04,3.012132907194114799e-03,8.879209464846864663e-04,-5.601843755653380811e-04,-1.101047257231301327e-03,-1.297593083948085993e-03,6.433583505866113939e-02,5.799474964320891490e-02,5.344759568031518665e-02,4.807206627268889587e-02,4.271601363846510430e-02,2.773123655751874583e-02,1.615103226530516592e-02,6.060048694446120571e-03,7.184961841779064331e-04,-1.317340382051230673e-03,-2.037403766909887722e-03,-2.309929680328582594e-03,-2.385301212084665196e-03,-1.965772176325152141e-03,-1.382526449442869881e-03,-2.279759090634987662e-02,-3.593972014512854946e-02,-2.537066113556721639e-02,-1.468928353668750436e-02,-1.024633359464511943e-02,-2.760073569317976483e-03,-9.601277077596200374e-03,-5.222775248413703483e-03,-1.512335658338190975e-02,-1.171092911415305172e-02
cl,8.904199999999999893e-01,9.223799999999999777e-01,9.438999999999999613e-01,9.731499999999999595e-01,1.000420000000000087e+00,9.845199999999999507e-01,8.648599999999999621e-01,7.001199999999999646e-01,5.062900000000000178e-01,2.915800000000000058e-01,2.392400000000000082e-01,2.250099999999999878e-01,2.076199999999999990e-01,1.852699999999999902e-01,1.349899999999999989e-01,8.176200000000000134e-01,8.612600000000000255e-01,9.022700000000000164e-01,9.413799999999999946e-01,9.795199999999999463e-01,9.607999999999999874e-01,8.431400000000000006e-01,6.769500000000000517e-01,4.828500000000000014e-01,2.706299999999999817e-01,1.857300000000000062e-01,1.552600000000000091e-01,1.332000000000000128e-01,1.081000000000000016e-01,7.965999999999999470e-02,-6.654200000000000115e-01,-6.692099999999999715e-01,-5.456400000000000139e-01,-4.081600000000000228e-01,-2.388800000000000090e-01,-6.961000000000000520e-01,-6.862399999999999611e-01,-6.505100000000000326e-01,-5.513900000000000468e-01,-3.774100000000000232e-01
cl*c/cref,1.294304434092477418e+00,1.247509262497738636e+00,1.181203127198536817e+00,1.119438413334941318e+00,1.049716393126830294e+00,9.603220898912541159e-01,8.032421946504787469e-01,6.175780628756356583e-01,4.229853873109677420e-01,2.300060530529927094e-01,1.753339846027056059e-01,1.502188662921197793e-01,1.250596559729843793e-01,9.950781724255763905e-02,6.369530560078259795e-02,1.188483178053830303e+00,1.164845104424209632e+00,1.129107051146756913e+00,1.082892599851253301e+00,1.027786531052550467e+00,9.371850891475206335e-01,7.830696575140539961e-01,5.971397327081952033e-01,4.034021889887233758e-01,2.134801362841464156e-01,1.361176264849544848e-01,1.036530873317386692e-01,8.023285895193874029e-02,5.806010171058714753e-02,3.758773275174710077e-02,-5.130190375685943494e-01,-4.838306199622103287e-01,-3.686617188285192248e-01,-2.567699344040416665e-01,-1.393874811554001447e-01,-5.366724054754870021e-01,-4.961431010338566150e-01,-4.395171444819662154e-01,-3.468746916185920237e-01,-2.202203167400350325e-01
cmx,8.075999999999999845e-02,2.885599999999999832e-01,5.392000000000000126e-01,8.516099999999999781e-01,1.237810000000000077e+00,1.897259999999999946e+00,2.522260000000000169e+00,2.807599999999999874e+00,2.646110000000000184e+00,1.920379999999999976e+00,1.889270000000000005e+00,1.972529999999999895e+00,2.039930000000000021e+00,2.063680000000000181e+00,1.729400000000000048e+00,-7.351000000000000589e-02,-2.691600000000000104e-01,-5.151599999999999513e-01,-8.235299999999999843e-01,-1.211819999999999897e+00,-1.850980000000000070e+00,-2.458130000000000148e+00,-2.714329999999999909e+00,-2.523499999999999854e+00,-1.783230000000000093e+00,-1.468690000000000051e+00,-1.362740000000000062e+00,-1.309870000000000090e+00,-1.204990000000000006e+00,-1.022829999999999906e+00,1.434999999999999887e-01,-1.468500000000000083e-01,-3.877900000000000236e-01,-5.284400000000000208e-01,-4.613800000000000123e-01,-1.603999999999999870e-01,1.431800000000000017e-01,4.668999999999999817e-01,7.147599999999999509e-01,7.414699999999999624e-01
cmx*c/cref,1.173918219461697610e-01,3.902743693340569586e-01,6.747586886168567277e-01,9.796279578483988448e-01,1.298803950916936678e+00,1.850628416149068478e+00,2.342559093817631499e+00,2.476592825986452251e+00,2.210720858040697845e+00,1.514846780169785800e+00,1.384606408169008596e+00,1.316880228999577795e+00,1.228749369082795750e+00,1.108394733562483747e+00,8.160209015926618292e-01,-1.068533040027605241e-01,-3.640360730868962835e-01,-6.446748628113128099e-01,-9.473268422480852768e-01,-1.271533275543226926e+00,-1.805485903736758768e+00,-2.282998099040517204e+00,-2.394319064453557022e+00,-2.108285024154589404e+00,-1.406659215260608331e+00,-1.076372136123339374e+00,-9.097784891823621489e-01,-7.889986107760961209e-01,-6.471955778005588078e-01,-4.826244123834984578e-01,1.106342338539468145e-01,-1.061707484070031765e-01,-2.620103510455821794e-01,-3.324370446307128857e-01,-2.692171636615812158e-01,-1.236636314297774875e-01,1.035173834314927765e-01,3.154610302049622450e-01,4.496493490656428560e-01,4.326508525296991481e-01
cmy,-3.816700000000000093e-01,-4.128999999999999893e-01,-4.427300000000000124e-01,-4.723399999999999821e-01,-5.104899999999999993e-01,-5.117199999999999527e-01,-4.421599999999999975e-01,-3.531099999999999794e-01,-2.445400000000000074e-01,-1.139399999999999996e-01,-9.199000000000000232e-02,-1.007799999999999946e-01,-1.108900000000000025e-01,-1.199599999999999972e-01,-1.059699999999999948e-01,-3.941899999999999848e-01,-4.179499999999999882e-01,-4.435899999999999843e-01,-4.734599999999999920e-01,-5.108000000000000318e-01,-5.061200000000000143e-01,-4.347599999999999798e-01,-3.437200000000000255e-01,-2.335200000000000053e-01,-1.045999999999999985e-01,-7.315000000000000668e-02,-6.897999999999999965e-02,-7.041000000000000036e-02,-6.836000000000000409e-02,-6.321000000000000230e-02,2.757789999999999964e+00,3.054489999999999927e+00,2.755749999999999922e+00,2.247489999999999988e+00,1.451999999999999957e+00,2.892380000000000173e+00,3.118780000000000108e+00,3.249140000000000139e+00,3.026470000000000216e+00,2.274379999999999846e+00
cmy*c/cref,-5.547911922015182906e-01,-5.584429134253955374e-01,-5.540354492050092450e-01,-5.433443355645338757e-01,-5.356447507320081236e-01,-4.991427496030070854e-01,-4.106578738601111001e-01,-3.114794460692677514e-01,-2.043035545103084050e-01,-8.987890007839353934e-02,-6.741754407123762283e-02,-6.728170901257646275e-02,-6.679445742627992955e-02,-6.443006291583749934e-02,-5.000215967490133362e-02,-5.729901224982746344e-01,-5.652729853866409471e-01,-5.551116592795835025e-01,-5.446326991497315584e-01,-5.359700261981816816e-01,-4.936803885505236522e-01,-4.037850941727472165e-01,-3.031964974170335836e-01,-1.950967778246799067e-01,-8.251125985781959660e-02,-5.361010271563249052e-02,-4.605171946504787311e-02,-4.241137836941446387e-02,-3.671589780699109629e-02,-2.982576684958491639e-02,2.126174102997045345e+00,2.208358796742983188e+00,1.861922754309969452e+00,1.413876567703203468e+00,8.472480853886511509e-01,2.229938991738527942e+00,2.254839678016979043e+00,2.195281755579677085e+00,1.903926164680027400e+00,1.327110262015317010e+00
cmz,1.728999999999999981e-02,1.158000000000000002e-02,6.040000000000000230e-03,-7.020000000000000198e-03,-1.499999999999999944e-02,-6.854999999999999982e-02,-6.593000000000000249e-02,-4.317000000000000004e-02,-1.611999999999999891e-02,4.539999999999999765e-03,-3.339000000000000301e-02,-1.409999999999999969e-02,4.959999999999999999e-03,1.677000000000000018e-02,2.896999999999999922e-02,-1.634000000000000036e-02,-8.649999999999999703e-03,3.200000000000000262e-04,1.016000000000000063e-02,2.101000000000000090e-02,7.352000000000000202e-02,6.821000000000000674e-02,4.291999999999999982e-02,1.627999999999999933e-02,-1.840000000000000056e-03,4.016999999999999738e-02,2.427999999999999950e-02,1.217000000000000026e-02,5.100000000000000366e-03,2.390000000000000197e-03,2.038199999999999790e+00,2.365810000000000191e+00,2.132610000000000117e+00,1.687310000000000088e+00,1.099730000000000096e+00,-2.189839999999999787e+00,-2.411080000000000112e+00,-2.483309999999999906e+00,-2.388869999999999827e+00,-1.853099999999999969e+00
cmz*c/cref,2.513254830917874272e-02,1.566182837845987025e-02,7.558498663289715119e-03,-8.075278900078393732e-03,-1.573913546000924729e-02,-6.686515181209673475e-02,-6.123275199836513555e-02,-3.808039332448893977e-02,-1.346762614993936118e-02,3.581272655396758493e-03,-2.447083157450401572e-02,-9.413297252206074758e-03,2.987650003015135999e-03,9.007103660375083420e-03,1.366955332435492755e-02,-2.375163906142167131e-02,-1.169903415144023066e-02,4.004502603067399248e-04,1.168729823715049590e-02,2.204528240098628869e-02,7.171299724617580251e-02,6.335031114528266727e-02,3.785986753502583457e-02,1.360129985862362258e-02,-1.451440899984589479e-03,2.943975155279503209e-02,1.620956434635201920e-02,7.330584785623831846e-03,2.739190737502261372e-03,1.127726352958518651e-03,1.571391605861424345e+00,1.710451605643664719e+00,1.440898152977949431e+00,1.061472162924548046e+00,6.416970640113370816e-01,-1.688301537719351098e+00,-1.743181260259837995e+00,-1.677848641932501161e+00,-1.502817505879515014e+00,-1.081291616414400414e+00
cs,4.179000000000000076e-02,4.415000000000000174e-02,4.458000000000000157e-02,4.644999999999999823e-02,4.730000000000000177e-02,-2.995000000000000093e-02,-2.721000000000000155e-02,-2.300999999999999920e-02,-1.752000000000000085e-02,-1.285000000000000031e-02,-8.856999999999999595e-02,-8.057000000000000273e-02,-7.202000000000000068e-02,-6.192000000000000282e-02,-4.374999999999999722e-02,-3.731999999999999901e-02,-3.864000000000000073e-02,-4.009000000000000064e-02,-4.157999999999999891e-02,-4.322000000000000147e-02,3.198000000000000148e-02,2.798000000000000140e-02,2.259999999999999856e-02,1.646999999999999853e-02,1.218999999999999945e-02,7.288999999999999646e-02,5.786000000000000171e-02,4.742999999999999994e-02,3.697000000000000286e-02,2.682999999999999968e-02,4.960200000000000164e-01,5.203799999999999537e-01,4.218399999999999928e-01,3.057300000000000018e-01,1.784499999999999975e-01,-5.351700000000000346e-01,-5.354999999999999760e-01,-4.983600000000000252e-01,-4.294700000000000184e-01,-2.988100000000000200e-01
cs*c/cref,6.074547101449274955e-02,5.971241130474985032e-02,5.578772688898270271e-02,5.343257904681500414e-02,4.963074048389583270e-02,-2.921387741462140239e-02,-2.527139666123942585e-02,-2.029719366218416671e-02,-1.463727110092665276e-02,-1.013642150260976940e-02,-6.491109771050675159e-02,-5.378931628441442625e-02,-4.338115992281252331e-02,-3.325699813061569476e-02,-2.064352633553773186e-02,-5.424792960662525726e-02,-5.226019417475728790e-02,-5.016890917405375516e-02,-4.783049810046433037e-02,-4.534969563877331439e-02,3.119398329614666079e-02,2.598653725032999337e-02,1.993553136746467266e-02,1.376003738768618277e-02,9.615795962397904323e-03,5.341955416189270861e-02,3.862789922075485910e-02,2.856940315383223877e-02,1.985644736577619682e-02,1.265978997902805422e-02,3.824166737019840112e-01,3.762283558463486721e-01,2.850162368422816117e-01,1.923321051679430793e-01,1.041263228909123928e-01,-4.126001598022071559e-01,-3.871599303503588385e-01,-3.367169822508995769e-01,-2.701758715418065560e-01,-1.743568873243683814e-01
cx,2.571000000000000021e-02,3.173000000000000126e-02,2.905999999999999903e-02,3.597000000000000197e-02,3.334000000000000158e-02,2.738000000000000156e-02,1.787000000000000047e-02,7.960000000000000062e-03,1.569999999999999998e-03,-1.459999999999999926e-03,-5.299999999999999807e-04,-2.880000000000000181e-03,-4.700000000000000185e-03,-5.290000000000000431e-03,-5.029999999999999749e-03,4.225000000000000283e-02,4.078999999999999987e-02,4.055000000000000271e-02,3.955999999999999794e-02,3.839000000000000051e-02,3.006999999999999951e-02,1.882999999999999952e-02,8.049999999999999864e-03,1.719999999999999958e-03,-1.030000000000000100e-03,1.039999999999999909e-03,-4.299999999999999894e-04,-1.469999999999999953e-03,-1.719999999999999958e-03,-1.520000000000000084e-03,-3.569999999999999823e-03,-2.239999999999999977e-02,-1.541999999999999968e-02,-7.320000000000000118e-03,-8.200000000000000691e-03,-3.157999999999999696e-02,-4.129000000000000031e-02,-3.379999999999999671e-02,-4.648999999999999660e-02,-3.568000000000000338e-02
cx*c/cref,3.737176501035196358e-02,4.291449174857786542e-02,3.636588926410581207e-02,4.137717692817945853e-02,3.498285174911389128e-02,2.670704386017809864e-02,1.659683419097201379e-02,7.021541136505256818e-03,1.311673266464317587e-03,-1.151686801074728542e-03,-3.884258980080001773e-04,-1.922716034493155823e-03,-2.831039317373213685e-03,-2.841239019879796771e-03,-2.373415713548680892e-03,6.141412180814354721e-02,5.516804659390139171e-02,5.074455642324469939e-02,4.550684234858991956e-02,4.028169402065033544e-02,2.933092800860319024e-02,1.748843804230570953e-02,7.100930420711974896e-03,1.436992368355812866e-03,-8.124913733609386663e-04,7.621942149590946874e-04,-2.870721857055752988e-04,-8.854527226677923668e-04,-9.238055036282136591e-04,-7.172150864003967079e-04,-2.752363866610384440e-03,-1.619492519112612078e-02,-1.041852449295463216e-02,-4.604948843192828260e-03,-4.784734366519931281e-03,-2.434724115057589067e-02,-2.985216344382131751e-02,-2.283697327249458939e-02,-2.924645788525062282e-02,-2.081942953627209311e-02
cy,4.050000000000000128e-02,4.254999999999999755e-02,4.311000000000000248e-02,4.463000000000000300e-02,4.562000000000000083e-02,-3.142999999999999960e-02,-2.818000000000000019e-02,-2.346000000000000169e-02,-1.762999999999999984e-02,-1.280000000000000061e-02,-8.866999999999999882e-02,-8.053000000000000436e-02,-7.187000000000000333e-02,-6.173000000000000015e-02,-4.354999999999999843e-02,-3.959000000000000019e-02,-4.084000000000000130e-02,-4.227000000000000202e-02,-4.370999999999999885e-02,-4.528999999999999693e-02,3.045000000000000137e-02,2.702999999999999847e-02,2.221000000000000058e-02,1.640000000000000138e-02,1.226000000000000006e-02,7.294000000000000483e-02,5.795999999999999763e-02,4.757000000000000117e-02,3.710999999999999716e-02,2.695000000000000173e-02,4.968899999999999983e-01,5.222700000000000120e-01,4.232299999999999951e-01,3.065300000000000247e-01,1.791300000000000114e-01,-5.342400000000000482e-01,-5.340799999999999992e-01,-4.972699999999999898e-01,-4.276200000000000001e-01,-2.973500000000000032e-01
cy*c/cref,5.887034161490683343e-02,5.754842810910772155e-02,5.394815850569861793e-02,5.133898822086876285e-02,4.786795731237479534e-02,-3.065750140706345953e-02,-2.617228805269117969e-02,-2.069414008321775536e-02,-1.472917177564708052e-02,-1.009698017380583970e-02,-6.498438561579128470e-02,-5.376261189504646931e-02,-4.329080760417295531e-02,-3.315494984823815633e-02,-2.054915592943241595e-02,-5.754757591442374171e-02,-5.523567106876520888e-02,-5.289697657239342266e-02,-5.028068956159922193e-02,-4.752169633225458711e-02,2.970158822287885525e-02,2.510422093911435573e-02,1.959151113590223287e-02,1.370155514013682123e-02,9.671013822723405901e-03,5.345619811453497516e-02,3.869466019417475838e-02,2.865373198456250617e-02,1.993164083700174616e-02,1.271641222269124377e-02,3.830874178375445194e-01,3.775948026593499707e-01,2.859553904768605270e-01,1.928353782655597981e-01,1.045231057408189390e-01,-4.118831574504011050e-01,-3.861332877712785328e-01,-3.359805236453664024e-01,-2.690120525035679111e-01,-1.735049712054513860e-01
cz,8.904199999999999893e-01,9.223799999999999777e-01,9.438999999999999613e-01,9.731499999999999595e-01,1.000420000000000087e+00,9.845199999999999507e-01,8.648599999999999621e-01,7.001199999999999646e-01,5.062900000000000178e-01,2.915800000000000058e-01,2.392400000000000082e-01,2.250099999999999878e-01,2.076199999999999990e-01,1.852699999999999902e-01,1.349899999999999989e-01,8.176200000000000134e-01,8.612600000000000255e-01,9.022700000000000164e-01,9.413799999999999946e-01,9.795199999999999463e-01,9.607999999999999874e-01,8.431400000000000006e-01,6.769500000000000517e-01,4.828500000000000014e-01,2.706299999999999817e-01,1.857300000000000062e-01,1.552600000000000091e-01,1.332000000000000128e-01,1.081000000000000016e-01,7.965999999999999470e-02,-6.654200000000000115e-01,-6.692099999999999715e-01,-5.456400000000000139e-01,-4.081600000000000228e-01,-2.388800000000000090e-01,-6.961000000000000520e-01,-6.862399999999999611e-01,-6.505100000000000326e-01,-5.513900000000000468e-01,-3.774100000000000232e-01
cz*c/cref,1.294304434092477418e+00,1.247509262497738636e+00,1.181203127198536817e+00,1.119438413334941318e+00,1.049716393126830294e+00,9.603220898912541159e-01,8.032421946504787469e-01,6.175780628756356583e-01,4.229853873109677420e-01,2.300060530529927094e-01,1.753339846027056059e-01,1.502188662921197793e-01,1.250596559729843793e-01,9.950781724255763905e-02,6.369530560078259795e-02,1.188483178053830303e+00,1.164845104424209632e+00,1.129107051146756913e+00,1.082892599851253301e+00,1.027786531052550467e+00,9.371850891475206335e-01,7.830696575140539961e-01,5.971397327081952033e-01,4.034021889887233758e-01,2.134801362841464156e-01,1.361176264849544848e-01,1.036530873317386692e-01,8.023285895193874029e-02,5.806010171058714753e-02,3.758773275174710077e-02,-5.130190375685943494e-01,-4.838306199622103287e-01,-3.686617188285192248e-01,-2.567699344040416665e-01,-1.393874811554001447e-01,-5.366724054754870021e-01,-4.961431010338566150e-01,-4.395171444819662154e-01,-3.468746916185920237e-01,-2.202203167400350325e-01
Results_Name,VSPAERO_Comp_Load
Results_Timestamp,1749700088
Results_Date,6,11,2025
Results_Time,23,48,8
AoA,0.000000000000000000e+00,0.000000000000000000e+00,0.000000000000000000e+00,0.000000000000000000e+00,0.000000000000000000e+00,0.000000000000000000e+00,0.000000000000000000e+00,0.000000000000000000e+00,0.000000000000000000e+00
Beta,3.000000000000000000e+00,3.000000000000000000e+00,3.000000000000000000e+00,3.000000000000000000e+00,3.000000000000000000e+00,3.000000000000000000e+00,3.000000000000000000e+00,3.000000000000000000e+00,3.000000000000000000e+00
CDi,0.000000000000000000e+00,8.840000000000000635e-03,1.061999999999999923e-02,-2.419999999999999842e-03,-9.899999999999999946e-04,0.000000000000000000e+00,0.000000000000000000e+00,0.000000000000000000e+00,0.000000000000000000e+00
CFx,0.000000000000000000e+00,8.760000000000000425e-03,1.069999999999999944e-02,-8.599999999999999789e-04,-2.830000000000000050e-03,0.000000000000000000e+00,0.000000000000000000e+00,0.000000000000000000e+00,0.000000000000000000e+00
CFy,0.000000000000000000e+00,-1.729999999999999984e-03,1.190000000000000085e-03,2.979000000000000051e-02,-3.499000000000000027e-02,0.000000000000000000e+00,0.000000000000000000e+00,0.000000000000000000e+00,0.000000000000000000e+00
CFz,0.000000000000000000e+00,3.827699999999999991e-01,3.663699999999999735e-01,-3.905000000000000138e-02,-4.526000000000000162e-02,0.000000000000000000e+00,0.000000000000000000e+00,0.000000000000000000e+00,0.000000000000000000e+00
CL,0.000000000000000000e+00,3.827699999999999991e-01,3.663699999999999735e-01,-3.905000000000000138e-02,-4.526000000000000162e-02,0.000000000000000000e+00,0.000000000000000000e+00,0.000000000000000000e+00,0.000000000000000000e+00
Cmx,0.000000000000000000e+00,6.787999999999999590e-02,-6.483999999999999486e-02,-1.010000000000000047e-03,1.379999999999999933e-03,-1.000000000000000082e-05,-4.000000000000000327e-05,3.000000000000000076e-05,-1.000000000000000082e-05
Cmy,0.000000000000000000e+00,-1.940699999999999925e-01,-1.923199999999999910e-01,1.303199999999999914e-01,1.510599999999999998e-01,-4.640000000000000027e-03,-7.230000000000000315e-03,-4.400000000000000157e-04,3.010000000000000089e-03
Cmz,0.000000000000000000e+00,-9.399999999999999719e-04,1.069999999999999988e-03,8.340000000000000191e-03,-9.860000000000000708e-03,2.200000000000000078e-04,-2.100000000000000087e-04,1.399999999999999986e-03,1.779999999999999898e-03
Comp_ID,0,1,2,3,4,5,6,7,8
Comp_Name,NONE,main_wing,main_wing,horizontal_tail,horizontal_tail,fuselage,fuselage,fuselage,fuselage
Cs,0.000000000000000000e+00,-1.270000000000000078e-03,1.750000000000000036e-03,2.970000000000000070e-02,-3.509000000000000313e-02,0.000000000000000000e+00,0.000000000000000000e+00,0.000000000000000000e+00,0.000000000000000000e+00
Mach,1.499999999999999944e-01,1.499999999999999944e-01,1.499999999999999944e-01,1.499999999999999944e-01,1.499999999999999944e-01,1.499999999999999944e-01,1.499999999999999944e-01,1.499999999999999944e-01,1.499999999999999944e-01
Results_Name,VSPAERO_Load
Results_Timestamp,1749700088
Results_Date,6,11,2025
Results_Time,23,48,8
AnalysisMethod,0
Chord,1.735549999999999926e+00,1.614840000000000053e+00,1.494150000000000089e+00,1.373459999999999903e+00,1.252809999999999979e+00,1.164630000000000054e+00,1.108910000000000062e+00,1.053209999999999980e+00,9.975199999999999623e-01,9.418400000000000105e-01,8.750400000000000400e-01,7.971099999999999852e-01,7.191899999999999959e-01,6.412799999999999612e-01,5.633799999999999919e-01,1.735549999999999926e+00,1.614840000000000053e+00,1.494150000000000089e+00,1.373459999999999903e+00,1.252809999999999979e+00,1.164630000000000054e+00,1.108910000000000062e+00,1.053209999999999980e+00,9.975199999999999623e-01,9.418400000000000105e-01,8.750400000000000400e-01,7.971099999999999852e-01,7.191899999999999959e-01,6.412799999999999612e-01,5.633799999999999919e-01,9.205200000000000049e-01,8.632300000000000528e-01,8.067100000000000382e-01,7.511200000000000099e-01,6.966900000000000315e-01,9.205200000000000049e-01,8.632300000000000528e-01,8.067100000000000382e-01,7.511200000000000099e-01,6.966900000000000315e-01
FC_AoA_,0.000000000000000000e+00
FC_Beta_,4.000000000000000000e+00
FC_Bref_,1.417173599999999922e+01
FC_Cref_,1.193975999999999926e+00
FC_Mach_,1.499999999999999944e-01
FC_Pitch_Rate,0.000000000000000000e+00
FC_Rho_,2.377000000000000206e-03
FC_Roll__Rate,0.000000000000000000e+00
FC_Sref_,1.619368700000000061e+01
FC_Vinf_,5.100000000000000000e+01
FC_Xcg_,1.785187999999999997e+00
FC_Yaw___Rate,0.000000000000000000e+00
FC_Ycg_,-0.000000000000000000e+00
FC_Zcg_,7.542510000000000048e-01
S,3.314000000000000279e-02,8.981999999999999706e-02,1.368900000000000117e-01,1.839600000000000124e-01,2.310300000000000131e-01,2.997400000000000064e-01,4.117600000000000149e-01,5.454599999999999449e-01,6.791599999999999859e-01,8.128699999999999815e-01,9.157600000000000184e-01,9.578200000000000047e-01,9.698700000000000099e-01,9.819200000000000150e-01,9.939700000000000202e-01,3.314000000000000279e-02,8.981999999999999706e-02,1.368900000000000117e-01,1.839600000000000124e-01,2.310300000000000131e-01,2.997400000000000064e-01,4.117600000000000149e-01,5.454599999999999449e-01,6.791599999999999859e-01,8.128699999999999815e-01,9.157600000000000184e-01,9.578200000000000047e-01,9.698700000000000099e-01,9.819200000000000150e-01,9.939700000000000202e-01,1.026500000000000051e-01,3.046400000000000219e-01,5.033100000000000351e-01,7.019900000000000029e-01,9.006600000000000161e-01,1.026500000000000051e-01,3.046400000000000219e-01,5.033100000000000351e-01,7.019900000000000029e-01,9.006600000000000161e-01
V/Vref,9.701999999999999513e-01,9.681600000000000206e-01,9.709600000000000453e-01,9.721800000000000441e-01,9.772699999999999720e-01,9.819200000000000150e-01,9.892100000000000337e-01,9.952999999999999625e-01,9.992499999999999716e-01,1.001540000000000097e+00,1.006480000000000041e+00,1.005659999999999998e+00,1.005679999999999907e+00,1.004969999999999919e+00,1.004990000000000050e+00,9.634899999999999576e-01,9.679900000000000171e-01,9.726099999999999746e-01,9.739400000000000279e-01,9.787200000000000344e-01,9.827099999999999724e-01,9.896399999999999642e-01,9.957000000000000295e-01,9.994300000000000406e-01,1.001370000000000093e+00,1.006860000000000088e+00,1.006040000000000045e+00,1.005840000000000067e+00,1.005020000000000024e+00,1.005030000000000090e+00,9.652399999999999869e-01,9.648400000000000309e-01,9.854000000000000536e-01,9.939400000000000457e-01,9.947500000000000231e-01,9.287199999999999900e-01,9.461800000000000210e-01,9.620499999999999607e-01,9.800600000000000422e-01,9.864500000000000490e-01
WingId,1,1,1,1,1,1,1,1,1,1,1,1,1,1,1,2,2,2,2,2,2,2,2,2,2,2,2,2,2,2,3,3,3,3,3,4,4,4,4,4
Xavg,2.392879999999999896e+00,2.382319999999999993e+00,2.371750000000000025e+00,2.361190000000000122e+00,2.350620000000000154e+00,2.337899999999999867e+00,2.323770000000000113e+00,2.309619999999999784e+00,2.295469999999999899e+00,2.281299999999999883e+00,2.284749999999999837e+00,2.305000000000000160e+00,2.325239999999999974e+00,2.345470000000000166e+00,2.365699999999999914e+00,2.392879999999999896e+00,2.382319999999999993e+00,2.371750000000000025e+00,2.361190000000000122e+00,2.350620000000000154e+00,2.337899999999999867e+00,2.323770000000000113e+00,2.309619999999999784e+00,2.295469999999999899e+00,2.281299999999999883e+00,2.284749999999999837e+00,2.305000000000000160e+00,2.325239999999999974e+00,2.345470000000000166e+00,2.365699999999999914e+00,5.819969999999999644e+00,5.917910000000000004e+00,6.015850000000000364e+00,6.113780000000000214e+00,6.211730000000000196e+00,5.819969999999999644e+00,5.917910000000000004e+00,6.015850000000000364e+00,6.113780000000000214e+00,6.211730000000000196e+00
Yavg,1.718899999999999872e-01,5.195499999999999563e-01,8.671900000000000164e-01,1.214800000000000102e+00,1.562359999999999971e+00,2.228590000000000071e+00,3.216559999999999864e+00,4.204550000000000232e+00,5.192569999999999908e+00,6.180620000000000225e+00,6.716649999999999565e+00,6.791660000000000252e+00,6.866660000000000430e+00,6.941650000000000098e+00,7.016610000000000014e+00,-1.718899999999999872e-01,-5.195499999999999563e-01,-8.671900000000000164e-01,-1.214800000000000102e+00,-1.562359999999999971e+00,-2.228590000000000071e+00,-3.216559999999999864e+00,-4.204550000000000232e+00,-5.192569999999999908e+00,-6.180620000000000225e+00,-6.716649999999999565e+00,-6.791660000000000252e+00,-6.866660000000000430e+00,-6.941650000000000098e+00,-7.016610000000000014e+00,1.247400000000000037e-01,3.766700000000000048e-01,6.286100000000000021e-01,8.805399999999999894e-01,1.132460000000000022e+00,-1.247400000000000037e-01,-3.766700000000000048e-01,-6.286100000000000021e-01,-8.805399999999999894e-01,-1.132460000000000022e+00
Zavg,1.119259999999999922e+00,1.109900000000000109e+00,1.100540000000000074e+00,1.091180000000000039e+00,1.081830000000000069e+00,1.094910000000000050e+00,1.130849999999999911e+00,1.166740000000000110e+00,1.202599999999999891e+00,1.238469999999999960e+00,1.270329999999999959e+00,1.298289999999999944e+00,1.326240000000000085e+00,1.354190000000000005e+00,1.382130000000000081e+00,1.119259999999999922e+00,1.109900000000000109e+00,1.100540000000000074e+00,1.091180000000000039e+00,1.081830000000000069e+00,1.094910000000000050e+00,1.130849999999999911e+00,1.166740000000000110e+00,1.202599999999999891e+00,1.238469999999999960e+00,1.270329999999999959e+00,1.298289999999999944e+00,1.326240000000000085e+00,1.354190000000000005e+00,1.382130000000000081e+00,3.569700000000000095e-01,5.334799999999999542e-01,7.099999999999999645e-01,8.865300000000000402e-01,1.063090000000000090e+00,3.569700000000000095e-01,5.334799999999999542e-01,7.099999999999999645e-01,8.865300000000000402e-01,1.063090000000000090e+00
cd,1.950999999999999956e-02,2.697000000000000092e-02,2.417000000000000051e-02,3.223000000000000170e-02,2.931999999999999884e-02,2.913999999999999924e-02,1.966000000000000039e-02,9.560000000000000789e-03,2.789999999999999945e-03,-6.199999999999999999e-04,5.429999999999999931e-03,2.409999999999999816e-03,-1.200000000000000030e-04,-1.469999999999999953e-03,-2.550000000000000183e-03,4.610000000000000209e-02,4.445999999999999952e-02,4.492999999999999772e-02,4.293000000000000288e-02,4.213999999999999690e-02,2.823000000000000162e-02,1.694000000000000020e-02,6.300000000000000044e-03,5.299999999999999807e-04,-1.789999999999999925e-03,-3.650000000000000033e-03,-3.899999999999999821e-03,-4.109999999999999938e-03,-3.619999999999999954e-03,-2.809999999999999998e-03,-3.755000000000000004e-02,-5.446000000000000146e-02,-2.639999999999999986e-02,-2.427999999999999950e-02,-1.702000000000000041e-02,-6.069999999999999875e-03,7.640000000000000090e-03,8.920000000000000845e-03,-2.317999999999999922e-02,-1.986999999999999877e-02
cd*c/cref,2.835951518288474735e-02,3.647664174154254674e-02,3.024650872379344713e-02,3.707496281332288424e-02,3.076476344583141051e-02,2.842378590524432744e-02,1.825930387210463260e-02,8.432906189069128838e-03,2.330935295181812712e-03,-4.890724771687203444e-04,3.979533256949888825e-03,1.608939459419619737e-03,-7.228185491165651697e-05,-7.895314478682988711e-04,-1.203222677842770731e-03,6.701043823326431614e-02,6.013168304890550986e-02,5.622571936119319380e-02,4.938343635047940522e-02,4.421647788565264553e-02,2.753615223421576608e-02,1.573309295999249582e-02,5.557249894470241147e-03,4.427941600166167540e-04,-1.411999571180660214e-03,-2.675008542885284456e-03,-2.603677963376147941e-03,-2.475653530724235794e-03,-1.944288327403565809e-03,-1.325904205779680767e-03,-2.894993366700838663e-02,-3.937391187092538491e-02,-1.783716255603127673e-02,-1.527433851266692122e-02,-9.931241331484052387e-03,-4.679789543508412926e-03,5.523626270544802069e-03,6.026798863628750856e-03,-1.458233800344395543e-02,-1.159422827594524565e-02
cl,8.983299999999999619e-01,9.297699999999999854e-01,9.481699999999999573e-01,9.754699999999999482e-01,1.000629999999999908e+00,9.854000000000000536e-01,8.652800000000000491e-01,7.006499999999999950e-01,5.070299999999999807e-01,2.929700000000000082e-01,2.460499999999999909e-01,2.346699999999999897e-01,2.187600000000000100e-01,1.977800000000000114e-01,1.440500000000000114e-01,8.037400000000000100e-01,8.506700000000000372e-01,8.943600000000000438e-01,9.344200000000000284e-01,9.736399999999999499e-01,9.537400000000000322e-01,8.360400000000000054e-01,6.691500000000000226e-01,4.764999999999999791e-01,2.663300000000000112e-01,1.759400000000000130e-01,1.430700000000000027e-01,1.210500000000000048e-01,9.629999999999999671e-02,7.108000000000000429e-02,-6.710000000000000409e-01,-6.842099999999999849e-01,-5.652899999999999592e-01,-4.023499999999999854e-01,-2.214700000000000002e-01,-7.129999999999999671e-01,-7.048400000000000221e-01,-6.670300000000000118e-01,-5.681500000000000439e-01,-3.952999999999999847e-01
cl*c/cref,1.305802320565907504e+00,1.257504159882610884e+00,1.186546635359504887e+00,1.122107166475707851e+00,1.049936741023270059e+00,9.611804609137872824e-01,8.036322713354373537e-01,6.180455775492975645e-01,4.236036282136323994e-01,2.311025219937419273e-01,1.803248909525819732e-01,1.566679763244822332e-01,1.317698215039498355e-01,1.062268909927837762e-01,6.797028499735338625e-02,1.168307367149758358e+00,1.150522240648053307e+00,1.119208421274799692e+00,1.074886340428953257e+00,1.021616789952226823e+00,9.302986125349254065e-01,7.764755040302318001e-01,5.902593280769463657e-01,3.980970136753167465e-01,2.100881820070085448e-01,1.289427405575991892e-01,9.551492467185269952e-02,7.291432114213351745e-02,5.172236627871917153e-02,3.353924232982907760e-02,-5.173210516794308766e-01,-4.946754359384108457e-01,-3.819382432310197140e-01,-2.531149135326003496e-01,-1.292286731894108642e-01,-5.497018030513176612e-01,-5.095906728443453382e-01,-4.506788840814220931e-01,-3.574182630136619743e-01,-2.306592067177229977e-01
cmx,8.161999999999999811e-02,2.909100000000000019e-01,5.416199999999999903e-01,8.536700000000000399e-01,1.238050000000000095e+00,1.899029999999999996e+00,2.523590000000000000e+00,2.809769999999999879e+00,2.649950000000000028e+00,1.929310000000000080e+00,1.942560000000000064e+00,2.056779999999999831e+00,2.148919999999999941e+00,2.202609999999999957e+00,1.844840000000000035e+00,-7.220999999999999641e-02,-2.658099999999999907e-01,-5.105699999999999683e-01,-8.173899999999999499e-01,-1.204490000000000061e+00,-1.837269999999999959e+00,-2.437269999999999825e+00,-2.682970000000000077e+00,-2.490299999999999958e+00,-1.754890000000000061e+00,-1.391780000000000017e+00,-1.256240000000000023e+00,-1.190779999999999950e+00,-1.073819999999999997e+00,-9.132299999999999862e-01,1.435599999999999932e-01,-1.525199999999999889e-01,-4.032999999999999918e-01,-5.190299999999999914e-01,-4.263299999999999867e-01,-1.694100000000000050e-01,1.486399999999999944e-01,4.789900000000000269e-01,7.368500000000000050e-01,7.788100000000000023e-01
cmx*c/cref,1.186419082125603763e-01,3.934527196526563797e-01,6.777870937104264470e-01,9.819976265854589714e-01,1.299055777084296759e+00,1.852354912410299814e+00,2.343794336653333144e+00,2.478506989838991981e+00,2.213929027049120091e+00,1.521891001494167561e+00,1.423661532895133863e+00,1.373126349105844524e+00,1.294399363806307601e+00,1.183013511829383413e+00,8.704914999966498756e-01,-1.049636387163560974e-01,-3.595052332710205190e-01,-6.389309043900379681e-01,-9.402638490220908141e-01,-1.263842084681769284e+00,-1.792112873374339221e+00,-2.263624290354245172e+00,-2.366656309423305071e+00,-2.080547729602605145e+00,-1.384303870094541367e+00,-1.020006408169008560e+00,-8.386780524901673584e-01,-7.172648932641861874e-01,-5.767446662244467559e-01,-4.309094298377856846e-01,1.106804920701923711e-01,-1.102700888460069611e-01,-2.724896840472505466e-01,-3.265172948199964176e-01,-2.487653417656636723e-01,-1.306100735693180026e-01,1.074648964468297579e-01,3.236296398755084125e-01,4.635459774735840588e-01,4.544388990230960323e-01
cmy,-3.786499999999999866e-01,-4.114700000000000024e-01,-4.419299999999999895e-01,-4.712200000000000277e-01,-5.091499999999999915e-01,-5.113699999999999912e-01,-4.419399999999999995e-01,-3.531299999999999994e-01,-2.448500000000000121e-01,-1.146400000000000058e-01,-9.407000000000000084e-02,-1.049199999999999994e-01,-1.167799999999999949e-01,-1.283799999999999941e-01,-1.130800000000000000e-01,-3.950500000000000123e-01,-4.181199999999999917e-01,-4.430000000000000049e-01,-4.726400000000000046e-01,-5.095600000000000129e-01,-5.036300000000000221e-01,-4.317699999999999871e-01,-3.400000000000000244e-01,-2.302599999999999925e-01,-1.026999999999999996e-01,-6.938999999999999335e-02,-6.315999999999999392e-02,-6.374000000000000499e-02,-6.058000000000000190e-02,-5.661000000000000060e-02,2.782329999999999970e+00,3.124530000000000030e+00,2.852160000000000029e+00,2.219959999999999933e+00,1.345849999999999991e+00,2.969370000000000065e+00,3.201639999999999819e+00,3.328829999999999956e+00,3.115920000000000023e+00,2.379799999999999915e+00
cmy*c/cref,-5.504013543823326193e-01,-5.565088534442903523e-01,-5.530343235542423130e-01,-5.420559719793363040e-01,-5.342387212975805433e-01,-4.988013520372269194e-01,-4.104535479775138218e-01,-3.114970881324247709e-01,-2.045625473208841916e-01,-9.043107868164855512e-02,-6.894193250115580873e-02,-7.004561331216037356e-02,-7.034229180486040178e-02,-6.895241311383143445e-02,-5.335702761194530130e-02,-5.742402087646653053e-01,-5.655029086011779116e-01,-5.543733291121429874e-01,-5.436894329534261994e-01,-5.346689243334875608e-01,-4.912515887254015889e-01,-4.010081196774474832e-01,-2.999150736698225628e-01,-1.923731760102380395e-01,-8.101248936327028194e-02,-5.085447747693420950e-02,-4.216623081200961826e-02,-3.839371193390822556e-02,-3.253728919174254941e-02,-2.671154344810951209e-02,2.145093713441476257e+00,2.258996857474522280e+00,1.927062180144324621e+00,1.396557682231468700e+00,7.853091155098596010e-01,2.289295992884279318e+00,2.314746441469510252e+00,2.249124311795211995e+00,1.960198387907294615e+00,1.388623273834650229e+00
cmz,1.750000000000000167e-02,1.213000000000000016e-02,7.020000000000000198e-03,-6.620000000000000016e-03,-1.417000000000000030e-02,-6.783000000000000140e-02,-6.557000000000000328e-02,-4.311000000000000248e-02,-1.610999999999999932e-02,4.899999999999999842e-03,-3.107000000000000040e-02,-1.073999999999999955e-02,9.700000000000000289e-03,2.249999999999999917e-02,3.638000000000000261e-02,-1.618999999999999953e-02,-8.300000000000000086e-03,1.219999999999999947e-03,1.060000000000000005e-02,2.189999999999999933e-02,7.409000000000000308e-02,6.808000000000000163e-02,4.188999999999999668e-02,1.576999999999999930e-02,-1.369999999999999907e-03,4.077000000000000068e-02,2.501000000000000098e-02,1.383999999999999987e-02,7.400000000000000328e-03,5.610000000000000403e-03,2.048090000000000188e+00,2.389810000000000212e+00,2.125420000000000087e+00,1.634020000000000028e+00,1.009269999999999889e+00,-2.288730000000000153e+00,-2.443750000000000089e+00,-2.486619999999999830e+00,-2.485009999999999941e+00,-1.967019999999999991e+00
cmz*c/cref,2.543780193236715170e-02,1.640569760196184876e-02,8.784877585479106132e-03,-7.615149048222074647e-03,-1.486823663122206936e-02,-6.616284824820599375e-02,-6.089840055411500225e-02,-3.802746713501779785e-02,-1.345927154314659549e-02,3.865250222785047551e-03,-2.277055217190295661e-02,-7.170128545297392748e-03,5.842783272025568568e-03,1.208466501839232897e-02,1.716597687055686217e-02,-2.353360075914423533e-02,-1.122566282739351738e-02,1.526716617419445659e-03,1.219344107419244490e-02,2.297913777161350243e-02,7.226898756758930176e-02,6.322957312374788419e-02,3.695130128243783590e-02,1.317521491219253958e-02,-1.080692409227656170e-03,2.987947898450220643e-02,1.669691945231729924e-02,8.336507266477718309e-03,3.974512050493477812e-03,2.647089891254095738e-03,1.579016501839233255e+00,1.727803311205585723e+00,1.436040228781818140e+00,1.027947883709555255e+00,5.889132748899476022e-01,-1.764542787794729728e+00,-1.766801269456002688e+00,-1.680085043752973295e+00,-1.563298350385602387e+00,-1.147764413857565113e+00
cs,4.216000000000000303e-02,4.479999999999999954e-02,4.497999999999999915e-02,4.701000000000000317e-02,4.768000000000000016e-02,-2.953000000000000069e-02,-2.696000000000000132e-02,-2.293999999999999859e-02,-1.759000000000000147e-02,-1.285000000000000031e-02,-9.024000000000000077e-02,-8.337999999999999579e-02,-7.538000000000000256e-02,-6.562999999999999390e-02,-4.630999999999999700e-02,-3.627999999999999975e-02,-3.755000000000000004e-02,-3.903000000000000219e-02,-4.055999999999999883e-02,-4.227999999999999814e-02,3.221999999999999864e-02,2.794999999999999915e-02,2.233999999999999875e-02,1.615000000000000116e-02,1.200999999999999984e-02,7.004000000000000503e-02,5.392999999999999877e-02,4.347999999999999782e-02,3.327999999999999708e-02,2.423000000000000154e-02,4.977300000000000058e-01,5.255400000000000071e-01,4.244899999999999785e-01,2.963199999999999723e-01,1.642399999999999971e-01,-5.593799999999999883e-01,-5.435699999999999976e-01,-5.005300000000000304e-01,-4.465299999999999825e-01,-3.167400000000000215e-01
cs*c/cref,6.128329882677709117e-02,6.059152947797945971e-02,5.628828971436612011e-02,5.407676083941385936e-02,5.002946524888272906e-02,-2.880420033568514143e-02,-2.503920815828794208e-02,-2.023544644113449420e-02,-1.469575334847601777e-02,-1.013642150260976940e-02,-6.613500572875838368e-02,-5.566529963751364746e-02,-4.540505186033890611e-02,-3.524962511809281995e-02,-2.185146753368576861e-02,-5.273619737750172287e-02,-5.078598062272608737e-02,-4.884241768678768136e-02,-4.665716697823071163e-02,-4.436337648327939864e-02,3.142808448411023303e-02,2.595867462997581213e-02,1.970618454642304382e-02,1.349268997031766171e-02,9.473807178703760878e-03,5.133084886128365387e-02,3.600419296535273955e-02,2.619012542965687765e-02,1.787456230275985200e-02,1.143297469965895603e-02,3.837350328649822284e-01,3.799589725421617104e-01,2.868067095988529047e-01,1.864123553572266112e-01,9.583472833624798182e-02,-4.312653500572876109e-01,-3.929944413455547236e-01,-3.381831429609976070e-01,-2.809081703484826997e-01,-1.848191174696979244e-01
cx,2.239999999999999977e-02,3.003000000000000114e-02,2.724999999999999992e-02,3.543999999999999928e-02,3.257000000000000173e-02,2.700999999999999929e-02,1.772999999999999923e-02,7.929999999999999549e-03,1.549999999999999946e-03,-1.510000000000000057e-03,-8.700000000000000051e-04,-3.409999999999999837e-03,-5.380000000000000233e-03,-6.040000000000000230e-03,-5.769999999999999955e-03,4.345999999999999863e-02,4.173000000000000320e-02,4.209000000000000241e-02,3.998999999999999777e-02,3.908999999999999975e-02,3.040999999999999953e-02,1.883999999999999911e-02,7.839999999999999747e-03,1.660000000000000017e-03,-9.499999999999999981e-04,1.250000000000000026e-03,-1.299999999999999886e-04,-1.069999999999999988e-03,-1.289999999999999914e-03,-1.110000000000000092e-03,-2.729999999999999788e-03,-1.765999999999999862e-02,3.279999999999999930e-03,-3.550000000000000204e-03,-5.519999999999999733e-03,-4.506999999999999895e-02,-3.029000000000000095e-02,-2.600999999999999840e-02,-5.426999999999999880e-02,-4.191000000000000281e-02
cx*c/cref,3.256038647342995168e-02,4.061525960320810924e-02,3.410084247924581591e-02,4.076750487446983290e-02,3.417490946216675263e-02,2.634613786206757916e-02,1.646680862931918302e-02,6.995078041769684125e-03,1.294964052878784695e-03,-1.191128129878657590e-03,-6.376047759753966258e-04,-2.276549193618632085e-03,-3.240636495205934282e-03,-3.244061187159541244e-03,-2.722586216138348034e-03,6.317296411318150395e-02,5.643938672134114071e-02,5.267172330097088379e-02,4.600148193933546042e-02,4.101618700878410101e-02,2.966257135821825583e-02,1.749772558242376763e-02,6.915688757562966048e-03,1.386864727599214624e-03,-7.493852472746521248e-04,9.160988160566043001e-04,-8.678926544587159441e-05,-6.445132062956039588e-04,-6.928541277211601630e-04,-5.237557538845002796e-04,-2.104748839172646772e-03,-1.276796334264675321e-02,2.216132317567522624e-03,-2.233274370674117638e-03,-3.220943134535368072e-03,-3.474763010311765488e-02,-2.189929839460759767e-02,-1.757365901827172283e-02,-3.414078875957305553e-02,-2.445466064644516088e-02
cy,4.070000000000000007e-02,4.281000000000000083e-02,4.318000000000000310e-02,4.465000000000000219e-02,4.551999999999999796e-02,-3.148999999999999716e-02,-2.826000000000000040e-02,-2.355000000000000149e-02,-1.773999999999999883e-02,-1.277999999999999969e-02,-9.039999999999999425e-02,-8.334999999999999354e-02,-7.519000000000000683e-02,-6.536999999999999755e-02,-4.601999999999999841e-02,-3.941000000000000059e-02,-4.055999999999999883e-02,-4.207000000000000323e-02,-4.345000000000000251e-02,-4.512000000000000038e-02,3.016999999999999890e-02,2.670000000000000151e-02,2.185000000000000137e-02,1.608000000000000054e-02,1.210999999999999924e-02,7.012000000000000177e-02,5.407000000000000001e-02,4.365999999999999742e-02,3.345000000000000057e-02,2.436999999999999930e-02,4.991399999999999726e-01,5.280500000000000194e-01,4.253000000000000114e-01,2.972899999999999987e-01,1.650200000000000000e-01,-5.575900000000000301e-01,-5.427800000000000402e-01,-4.999299999999999855e-01,-4.438300000000000023e-01,-3.145800000000000263e-01
cy*c/cref,5.916105935127673882e-02,5.790007537839957086e-02,5.403575700014071753e-02,5.136199471346157563e-02,4.776302974264139828e-02,-3.071602670405435345e-02,-2.624658837363565492e-02,-2.077352936742447517e-02,-1.482107245036751002e-02,-1.008120364228426782e-02,-6.625226637721361167e-02,-5.564527134548767628e-02,-4.529060559006212183e-02,-3.510998010010251552e-02,-2.171463044483306140e-02,-5.728592995169082269e-02,-5.485697400952783270e-02,-5.264669515970171049e-02,-4.998160515789262098e-02,-4.734331946370781696e-02,2.942847017025468012e-02,2.479773211521840021e-02,1.927395399907536055e-02,1.343420772276829669e-02,9.552689836311618540e-03,5.138947918551127481e-02,3.609765832814059577e-02,2.629854821202436133e-02,1.796586866067659619e-02,1.149903398393267544e-02,3.848221009467527320e-01,3.817736717488459108e-01,2.873539861772766435e-01,1.870225739880868598e-01,9.628986160525841720e-02,-4.298853132726286885e-01,-3.924232810374748692e-01,-3.377777529029059589e-01,-2.792096236440263501e-01,-1.835587484170536632e-01
cz,8.983299999999999619e-01,9.297699999999999854e-01,9.481699999999999573e-01,9.754699999999999482e-01,1.000629999999999908e+00,9.854000000000000536e-01,8.652800000000000491e-01,7.006499999999999950e-01,5.070299999999999807e-01,2.929700000000000082e-01,2.460499999999999909e-01,2.346699999999999897e-01,2.187600000000000100e-01,1.977800000000000114e-01,1.440500000000000114e-01,8.037400000000000100e-01,8.506700000000000372e-01,8.943600000000000438e-01,9.344200000000000284e-01,9.736399999999999499e-01,9.537400000000000322e-01,8.360400000000000054e-01,6.691500000000000226e-01,4.764999999999999791e-01,2.663300000000000112e-01,1.759400000000000130e-01,1.430700000000000027e-01,1.210500000000000048e-01,9.629999999999999671e-02,7.108000000000000429e-02,-6.710000000000000409e-01,-6.842099999999999849e-01,-5.652899999999999592e-01,-4.023499999999999854e-01,-2.214700000000000002e-01,-7.129999999999999671e-01,-7.048400000000000221e-01,-6.670300000000000118e-01,-5.681500000000000439e-01,-3.952999999999999847e-01
cz*c/cref,1.305802320565907504e+00,1.257504159882610884e+00,1.186546635359504887e+00,1.122107166475707851e+00,1.049936741023270059e+00,9.611804609137872824e-01,8.036322713354373537e-01,6.180455775492975645e-01,4.236036282136323994e-01,2.311025219937419273e-01,1.803248909525819732e-01,1.566679763244822332e-01,1.317698215039498355e-01,1.062268909927837762e-01,6.797028499735338625e-02,1.168307367149758358e+00,1.150522240648053307e+00,1.119208421274799692e+00,1.074886340428953257e+00,1.021616789952226823e+00,9.302986125349254065e-01,7.764755040302318001e-01,5.902593280769463657e-01,3.980970136753167465e-01,2.100881820070085448e-01,1.289427405575991892e-01,9.551492467185269952e-02,7.291432114213351745e-02,5.172236627871917153e-02,3.353924232982907760e-02,-5.173210516794308766e-01,-4.946754359384108457e-01,-3.819382432310197140e-01,-2.531149135326003496e-01,-1.292286731894108642e-01,-5.497018030513176612e-01,-5.095906728443453382e-01,-4.506788840814220931e-01,-3.574182630136619743e-01,-2.306592067177229977e-01
Results_Name,VSPAERO_Comp_Load
Results_Timestamp,1749700088
Results_Date,6,11,2025
Results_Time,23,48,8
AoA,0.000000000000000000e+00,0.000000000000000000e+00,0.000000000000000000e+00,0.000000000000000000e+00,0.000000000000000000e+00,0.000000000000000000e+00,0.000000000000000000e+00,0.000000000000000000e+00,0.000000000000000000e+00
Beta,4.000000000000000000e+00,4.000000000000000000e+00,4.000000000000000000e+00,4.000000000000000000e+00,4.000000000000000000e+00,4.000000000000000000e+00,4.000000000000000000e+00,4.000000000000000000e+00,4.000000000000000000e+00
CDi,0.000000000000000000e+00,8.529999999999999388e-03,1.077999999999999965e-02,-2.469999999999999973e-03,-4.400000000000000157e-04,0.000000000000000000e+00,0.000000000000000000e+00,0.000000000000000000e+00,0.000000000000000000e+00
CFx,0.000000000000000000e+00,8.429999999999999993e-03,1.088000000000000078e-02,-4.000000000000000192e-04,-2.949999999999999931e-03,0.000000000000000000e+00,0.000000000000000000e+00,0.000000000000000000e+00,0.000000000000000000e+00
CFy,0.000000000000000000e+00,-1.789999999999999925e-03,1.069999999999999988e-03,2.963000000000000009e-02,-3.602000000000000340e-02,0.000000000000000000e+00,0.000000000000000000e+00,0.000000000000000000e+00,0.000000000000000000e+00
CFz,0.000000000000000000e+00,3.839699999999999780e-01,3.624899999999999789e-01,-3.935999999999999915e-02,-4.655999999999999722e-02,0.000000000000000000e+00,0.000000000000000000e+00,0.000000000000000000e+00,0.000000000000000000e+00
CL,0.000000000000000000e+00,3.839699999999999780e-01,3.624899999999999789e-01,-3.935999999999999915e-02,-4.655999999999999722e-02,0.000000000000000000e+00,0.000000000000000000e+00,0.000000000000000000e+00,0.000000000000000000e+00
Cmx,0.000000000000000000e+00,6.808000000000000163e-02,-6.407000000000000195e-02,-1.000000000000000021e-03,1.420000000000000038e-03,-1.000000000000000082e-05,-4.000000000000000327e-05,4.000000000000000327e-05,-2.000000000000000164e-05
Cmy,0.000000000000000000e+00,-1.937800000000000078e-01,-1.913900000000000046e-01,1.313600000000000045e-01,1.554300000000000126e-01,-4.369999999999999753e-03,-7.230000000000000315e-03,-6.999999999999999929e-04,3.810000000000000019e-03
Cmz,0.000000000000000000e+00,-9.200000000000000278e-04,1.069999999999999988e-03,8.269999999999999574e-03,-1.014999999999999930e-02,2.300000000000000070e-04,-2.100000000000000087e-04,1.850000000000000082e-03,2.099999999999999870e-03
Comp_ID,0,1,2,3,4,5,6,7,8
Comp_Name,NONE,main_wing,main_wing,horizontal_tail,horizontal_tail,fuselage,fuselage,fuselage,fuselage
Cs,0.000000000000000000e+00,-1.190000000000000085e-03,1.830000000000000029e-03,2.953000000000000069e-02,-3.613999999999999851e-02,0.000000000000000000e+00,0.000000000000000000e+00,0.000000000000000000e+00,0.000000000000000000e+00
Mach,1.499999999999999944e-01,1.499999999999999944e-01,1.499999999999999944e-01,1.499999999999999944e-01,1.499999999999999944e-01,1.499999999999999944e-01,1.499999999999999944e-01,1.499999999999999944e-01,1.499999999999999944e-01
Results_Name,VSPAERO_Load
Results_Timestamp,1749700088
Results_Date,6,11,2025
Results_Time,23,48,8
AnalysisMethod,0
Chord,1.735549999999999926e+00,1.614840000000000053e+00,1.494150000000000089e+00,1.373459999999999903e+00,1.252809999999999979e+00,1.164630000000000054e+00,1.108910000000000062e+00,1.053209999999999980e+00,9.975199999999999623e-01,9.418400000000000105e-01,8.750400000000000400e-01,7.971099999999999852e-01,7.191899999999999959e-01,6.412799999999999612e-01,5.633799999999999919e-01,1.735549999999999926e+00,1.614840000000000053e+00,1.494150000000000089e+00,1.373459999999999903e+00,1.252809999999999979e+00,1.164630000000000054e+00,1.108910000000000062e+00,1.053209999999999980e+00,9.975199999999999623e-01,9.418400000000000105e-01,8.750400000000000400e-01,7.971099999999999852e-01,7.191899999999999959e-01,6.412799999999999612e-01,5.633799999999999919e-01,9.205200000000000049e-01,8.632300000000000528e-01,8.067100000000000382e-01,7.511200000000000099e-01,6.966900000000000315e-01,9.205200000000000049e-01,8.632300000000000528e-01,8.067100000000000382e-01,7.511200000000000099e-01,6.966900000000000315e-01
FC_AoA_,0.000000000000000000e+00
FC_Beta_,5.000000000000000000e+00
FC_Bref_,1.417173599999999922e+01
FC_Cref_,1.193975999999999926e+00
FC_Mach_,1.499999999999999944e-01
FC_Pitch_Rate,0.000000000000000000e+00
FC_Rho_,2.377000000000000206e-03
FC_Roll__Rate,0.000000000000000000e+00
FC_Sref_,1.619368700000000061e+01
FC_Vinf_,5.100000000000000000e+01
FC_Xcg_,1.785187999999999997e+00
FC_Yaw___Rate,0.000000000000000000e+00
FC_Ycg_,-0.000000000000000000e+00
FC_Zcg_,7.542510000000000048e-01
S,3.314000000000000279e-02,8.981999999999999706e-02,1.368900000000000117e-01,1.839600000000000124e-01,2.310300000000000131e-01,2.997400000000000064e-01,4.117600000000000149e-01,5.454599999999999449e-01,6.791599999999999859e-01,8.128699999999999815e-01,9.157600000000000184e-01,9.578200000000000047e-01,9.698700000000000099e-01,9.819200000000000150e-01,9.939700000000000202e-01,3.314000000000000279e-02,8.981999999999999706e-02,1.368900000000000117e-01,1.839600000000000124e-01,2.310300000000000131e-01,2.997400000000000064e-01,4.117600000000000149e-01,5.454599999999999449e-01,6.791599999999999859e-01,8.128699999999999815e-01,9.157600000000000184e-01,9.578200000000000047e-01,9.698700000000000099e-01,9.819200000000000150e-01,9.939700000000000202e-01,1.026500000000000051e-01,3.046400000000000219e-01,5.033100000000000351e-01,7.019900000000000029e-01,9.006600000000000161e-01,1.026500000000000051e-01,3.046400000000000219e-01,5.033100000000000351e-01,7.019900000000000029e-01,9.006600000000000161e-01
V/Vref,9.718700000000000117e-01,9.677999999999999936e-01,9.704500000000000348e-01,9.715799999999999992e-01,9.768700000000000161e-01,9.815599999999999881e-01,9.892100000000000337e-01,9.951499999999999790e-01,9.992100000000000426e-01,1.001560000000000006e+00,1.006280000000000063e+00,1.005530000000000035e+00,1.005609999999999893e+00,1.004930000000000101e+00,1.004860000000000086e+00,9.628200000000000092e-01,9.674000000000000377e-01,9.723300000000000276e-01,9.737000000000000099e-01,9.786299999999999999e-01,9.826000000000000290e-01,9.896300000000000097e-01,9.956800000000000095e-01,9.994399999999999951e-01,1.001309999999999922e+00,1.006809999999999983e+00,1.006010000000000071e+00,1.005830000000000002e+00,1.005009999999999959e+00,1.004969999999999919e+00,9.672699999999999632e-01,9.680699999999999861e-01,9.864500000000000490e-01,9.942900000000000071e-01,9.952400000000000135e-01,9.228199999999999736e-01,9.483399999999999608e-01,9.597599999999999465e-01,9.784100000000000019e-01,9.850100000000000522e-01
WingId,1,1,1,1,1,1,1,1,1,1,1,1,1,1,1,2,2,2,2,2,2,2,2,2,2,2,2,2,2,2,3,3,3,3,3,4,4,4,4,4
Xavg,2.392879999999999896e+00,2.382319999999999993e+00,2.371750000000000025e+00,2.361190000000000122e+00,2.350620000000000154e+00,2.337899999999999867e+00,2.323770000000000113e+00,2.309619999999999784e+00,2.295469999999999899e+00,2.281299999999999883e+00,2.284749999999999837e+00,2.305000000000000160e+00,2.325239999999999974e+00,2.345470000000000166e+00,2.365699999999999914e+00,2.392879999999999896e+00,2.382319999999999993e+00,2.371750000000000025e+00,2.361190000000000122e+00,2.350620000000000154e+00,2.337899999999999867e+00,2.323770000000000113e+00,2.309619999999999784e+00,2.295469999999999899e+00,2.281299999999999883e+00,2.284749999999999837e+00,2.305000000000000160e+00,2.325239999999999974e+00,2.345470000000000166e+00,2.365699999999999914e+00,5.819969999999999644e+00,5.917910000000000004e+00,6.015850000000000364e+00,6.113780000000000214e+00,6.211730000000000196e+00,5.819969999999999644e+00,5.917910000000000004e+00,6.015850000000000364e+00,6.113780000000000214e+00,6.211730000000000196e+00
Yavg,1.718899999999999872e-01,5.195499999999999563e-01,8.671900000000000164e-01,1.214800000000000102e+00,1.562359999999999971e+00,2.228590000000000071e+00,3.216559999999999864e+00,4.204550000000000232e+00,5.192569999999999908e+00,6.180620000000000225e+00,6.716649999999999565e+00,6.791660000000000252e+00,6.866660000000000430e+00,6.941650000000000098e+00,7.016610000000000014e+00,-1.718899999999999872e-01,-5.195499999999999563e-01,-8.671900000000000164e-01,-1.214800000000000102e+00,-1.562359999999999971e+00,-2.228590000000000071e+00,-3.216559999999999864e+00,-4.204550000000000232e+00,-5.192569999999999908e+00,-6.180620000000000225e+00,-6.716649999999999565e+00,-6.791660000000000252e+00,-6.866660000000000430e+00,-6.941650000000000098e+00,-7.016610000000000014e+00,1.247400000000000037e-01,3.766700000000000048e-01,6.286100000000000021e-01,8.805399999999999894e-01,1.132460000000000022e+00,-1.247400000000000037e-01,-3.766700000000000048e-01,-6.286100000000000021e-01,-8.805399999999999894e-01,-1.132460000000000022e+00
Zavg,1.119259999999999922e+00,1.109900000000000109e+00,1.100540000000000074e+00,1.091180000000000039e+00,1.081830000000000069e+00,1.094910000000000050e+00,1.130849999999999911e+00,1.166740000000000110e+00,1.202599999999999891e+00,1.238469999999999960e+00,1.270329999999999959e+00,1.298289999999999944e+00,1.326240000000000085e+00,1.354190000000000005e+00,1.382130000000000081e+00,1.119259999999999922e+00,1.109900000000000109e+00,1.100540000000000074e+00,1.091180000000000039e+00,1.081830000000000069e+00,1.094910000000000050e+00,1.130849999999999911e+00,1.166740000000000110e+00,1.202599999999999891e+00,1.238469999999999960e+00,1.270329999999999959e+00,1.298289999999999944e+00,1.326240000000000085e+00,1.354190000000000005e+00,1.382130000000000081e+00,3.569700000000000095e-01,5.334799999999999542e-01,7.099999999999999645e-01,8.865300000000000402e-01,1.063090000000000090e+00,3.569700000000000095e-01,5.334799999999999542e-01,7.099999999999999645e-01,8.865300000000000402e-01,1.063090000000000090e+00
cd,1.524999999999999967e-02,2.429999999999999868e-02,2.142000000000000154e-02,3.081000000000000058e-02,2.769999999999999893e-02,2.914999999999999883e-02,1.999000000000000082e-02,9.979999999999999288e-03,3.079999999999999839e-03,-4.699999999999999859e-04,6.779999999999999569e-03,3.540000000000000178e-03,7.699999999999999597e-04,-7.900000000000000121e-04,-2.330000000000000040e-03,4.771999999999999853e-02,4.596000000000000085e-02,4.714000000000000135e-02,4.395000000000000295e-02,4.352999999999999925e-02,2.796999999999999834e-02,1.612999999999999851e-02,5.570000000000000298e-03,1.499999999999999869e-04,-1.879999999999999944e-03,-4.409999999999999858e-03,-4.199999999999999740e-03,-4.139999999999999583e-03,-3.490000000000000047e-03,-2.639999999999999986e-03,-4.716999999999999665e-02,-6.604000000000000148e-02,-2.522999999999999896e-02,-2.573999999999999899e-02,-1.675000000000000100e-02,-1.302999999999999992e-02,5.992000000000000104e-02,-4.329000000000000209e-02,-2.213999999999999996e-02,-1.938000000000000139e-02
cd*c/cref,2.216722739820565710e-02,3.286549478381475126e-02,2.680513929928240308e-02,3.544150183923294728e-02,2.906493681615041069e-02,2.843354012140947643e-02,1.856579269600059159e-02,8.803389515367143064e-03,2.573218892172036715e-03,-3.707484907569331468e-04,4.968919978291021569e-03,2.363338459064503842e-03,4.638085690164626528e-04,-4.243060162013306954e-04,-1.099415231126923877e-03,6.936525189786059420e-02,6.216041729482000427e-02,5.899132897143662124e-02,5.055676747271301702e-02,4.567497110494683765e-02,2.728254261392188892e-02,1.498080221042969069e-02,4.913314589237975476e-03,1.253191018914953062e-04,-1.482993963027732587e-03,-3.231996623047699805e-03,-2.803960883635851862e-03,-2.493723994452149741e-03,-1.874465818408410341e-03,-1.245689360590162675e-03,-3.636666767171199688e-02,-4.774610980455219061e-02,-1.704665194275261850e-02,-1.619281191581740248e-02,-9.773695199903517997e-03,-1.004574262799252417e-02,4.332142488626237325e-02,-2.924889269131038250e-02,-1.392808297654224252e-02,-1.130831122233613012e-02
cl,9.067699999999999649e-01,9.374299999999999855e-01,9.523899999999999588e-01,9.774399999999999755e-01,1.000269999999999992e+00,9.849799999999999667e-01,8.654699999999999616e-01,7.015700000000000269e-01,5.083299999999999486e-01,2.945999999999999730e-01,2.533099999999999796e-01,2.449699999999999933e-01,2.308800000000000019e-01,2.114699999999999913e-01,1.536399999999999988e-01,7.864100000000000534e-01,8.372699999999999587e-01,8.837300000000000155e-01,9.244900000000000340e-01,9.645700000000000385e-01,9.430699999999999639e-01,8.234200000000000408e-01,6.564699999999999980e-01,4.663900000000000268e-01,2.609799999999999898e-01,1.653199999999999947e-01,1.302200000000000024e-01,1.085600000000000037e-01,8.462000000000000077e-02,6.268999999999999573e-02,-6.819199999999999706e-01,-7.006200000000000205e-01,-5.890900000000000025e-01,-4.049499999999999766e-01,-2.097600000000000020e-01,-7.362199999999999855e-01,-7.517599999999999838e-01,-6.646600000000000286e-01,-5.817400000000000349e-01,-4.119200000000000084e-01
cl*c/cref,1.318070609040717711e+00,1.267864229431747480e+00,1.191827573167299814e+00,1.124373305996100303e+00,1.049559001772230049e+00,9.607707838348510387e-01,8.038087345976804299e-01,6.188571124545217961e-01,4.246897270966920046e-01,2.323883093127500077e-01,1.856455928762387186e-01,1.635443565867320537e-01,1.390702888500271461e-01,1.135797382861967048e-01,7.249534597010325043e-02,1.143116675293305740e+00,1.132398881384550471e+00,1.105905964190235125e+00,1.063463616856620275e+00,1.012099859377407984e+00,9.198908638867112630e-01,7.647546284012409767e-01,5.790742600353776526e-01,3.896505062078299830e-01,2.058679598249881226e-01,1.211595650163822535e-01,8.693613958739539183e-02,6.539098474341192846e-02,4.544908239361595409e-02,2.958040379371109502e-02,-5.257400470361213163e-01,-5.065396646163742300e-01,-3.980187155353206996e-01,-2.547505510998546163e-01,-1.223958391123439876e-01,-5.676037327383465225e-01,-5.435132572179005583e-01,-4.490775933519602359e-01,-3.659676147594256856e-01,-2.403570463727914552e-01
cmx,8.254000000000000226e-02,2.933600000000000096e-01,5.440099999999999936e-01,8.554399999999999782e-01,1.237559999999999993e+00,1.898309999999999942e+00,2.524249999999999883e+00,2.813540000000000152e+00,2.656730000000000036e+00,1.939680000000000071e+00,1.999449999999999950e+00,2.146590000000000220e+00,2.267570000000000086e+00,2.354629999999999779e+00,1.966879999999999962e+00,-7.058999999999999997e-02,-2.615799999999999792e-01,-5.043900000000000050e-01,-8.086499999999999799e-01,-1.193179999999999907e+00,-1.816580000000000084e+00,-2.400310000000000166e+00,-2.632080000000000197e+00,-2.437429999999999986e+00,-1.719559999999999977e+00,-1.308349999999999902e+00,-1.143969999999999931e+00,-1.068240000000000078e+00,-9.440800000000000303e-01,-8.060100000000000042e-01,1.449199999999999933e-01,-1.550999999999999879e-01,-4.205599999999999894e-01,-5.199500000000000233e-01,-4.017000000000000015e-01,-1.790200000000000125e-01,1.667200000000000071e-01,4.756699999999999817e-01,7.549400000000000555e-01,8.136600000000000499e-01
cmx*c/cref,1.199792097998619717e-01,3.967663189209834074e-01,6.807779565920923925e-01,9.840337011799231703e-01,1.298541631992603085e+00,1.851652608846409143e+00,2.344407314301125034e+00,2.481832518744095495e+00,2.219593450454615535e+00,1.530071133088102497e+00,1.465355022211501934e+00,1.433084379334258029e+00,1.365868047850208100e+00,1.264662879655872318e+00,9.280763218021133021e-01,-1.026088250517598333e-01,-3.537842026975416831e-01,-6.311972087378641127e-01,-9.302100117590302863e-01,-1.251974776544922285e+00,-1.771931400128645917e+00,-2.229297542077897987e+00,-2.321766079720195552e+00,-2.036376923489249258e+00,-1.356434627161685169e+00,-9.588623087901264608e-01,-7.637255076316441516e-01,-6.434530724235664190e-01,-5.070618022472813680e-01,-3.803174551247261448e-01,1.117290116384248994e-01,-1.121353971939134525e-01,-2.841514047183528180e-01,-3.270960588822556248e-01,-2.343936335403727089e-01,-1.380190978713140282e-01,1.205365146368101298e-01,3.213864815540681263e-01,4.749262403934417787e-01,4.747740200808057698e-01
cmy,-3.756599999999999939e-01,-4.098100000000000076e-01,-4.408900000000000041e-01,-4.698100000000000054e-01,-5.074999999999999512e-01,-5.103299999999999503e-01,-4.416300000000000225e-01,-3.532600000000000184e-01,-2.454199999999999993e-01,-1.154799999999999993e-01,-9.649000000000000632e-02,-1.095600000000000046e-01,-1.235499999999999932e-01,-1.379900000000000015e-01,-1.207000000000000017e-01,-3.950500000000000123e-01,-4.176699999999999857e-01,-4.417300000000000115e-01,-4.709499999999999797e-01,-5.071900000000000297e-01,-4.996800000000000130e-01,-4.260499999999999843e-01,-3.338700000000000001e-01,-2.249899999999999956e-01,-1.004799999999999999e-01,-6.528000000000000469e-02,-5.702999999999999736e-02,-5.689999999999999919e-02,-5.306999999999999912e-02,-5.034000000000000280e-02,2.831609999999999960e+00,3.203679999999999861e+00,2.966880000000000184e+00,2.236310000000000020e+00,1.277039999999999953e+00,3.076760000000000161e+00,3.409149999999999903e+00,3.326630000000000198e+00,3.186770000000000103e+00,2.477139999999999898e+00
cmy*c/cref,-5.460551242236024727e-01,-5.542637208788117054e-01,-5.517328602082454125e-01,-5.404340142515426937e-01,-5.325074163969795160e-01,-4.977869135560513691e-01,-4.101656342338539929e-01,-3.116117615429456200e-01,-2.050387599080718548e-01,-9.109369300555456017e-02,-7.071549980904140442e-02,-7.314332247884379468e-02,-7.442019311945968774e-02,-7.411390781724255805e-02,-5.695254008455781503e-02,-5.742402087646653053e-01,-5.648942883274036264e-01,-5.527840421415506356e-01,-5.417453843293331683e-01,-5.321821409308060691e-01,-4.873986733401676763e-01,-3.956956467299175273e-01,-2.945077813121871890e-01,-1.879702982304501946e-01,-7.926129436437584497e-02,-4.784234456974010424e-02,-3.807378314136967284e-02,-3.427364620394379724e-02,-2.850369655671470756e-02,-2.375303121670787471e-02,2.183087128384490150e+00,2.316221336442273682e+00,2.004572759251442626e+00,1.406843326164010088e+00,7.451581921244648798e-01,2.372090490261111295e+00,2.464773625684268499e+00,2.247637881582209562e+00,2.004769511614973965e+00,1.445421571790387993e+00
cmz,1.771000000000000005e-02,1.268999999999999989e-02,8.059999999999999457e-03,-6.179999999999999730e-03,-1.332000000000000024e-02,-6.683000000000000052e-02,-6.521000000000000407e-02,-4.320999999999999841e-02,-1.603999999999999870e-02,5.459999999999999576e-03,-2.847999999999999837e-02,-7.020000000000000198e-03,1.481000000000000025e-02,2.870999999999999941e-02,4.469999999999999668e-02,-1.602999999999999911e-02,-7.939999999999999142e-03,2.180000000000000080e-03,1.102999999999999987e-02,2.283999999999999919e-02,7.444000000000000616e-02,6.673999999999999377e-02,4.003999999999999920e-02,1.477999999999999974e-02,-7.399999999999999894e-04,4.114000000000000296e-02,2.545000000000000040e-02,1.519999999999999997e-02,9.450000000000000067e-03,8.470000000000000098e-03,2.079520000000000035e+00,2.514549999999999841e+00,2.231720000000000148e+00,1.597720000000000029e+00,9.408699999999999841e-01,-2.401460000000000150e+00,-2.436189999999999856e+00,-2.585859999999999825e+00,-2.566959999999999908e+00,-2.074819999999999887e+00
cmz*c/cref,2.574305555555555375e-02,1.716309172043659417e-02,1.008634093147601010e-02,-7.109006211180123914e-03,-1.397635228848821340e-02,-6.518742663169109497e-02,-6.056404910986486201e-02,-3.811567745080303438e-02,-1.340078929559723048e-02,4.306993105389052799e-03,-2.087239542503366990e-02,-4.686620334077067074e-03,8.920785593680275599e-03,1.542003256346861223e-02,2.109178576453797985e-02,-2.330102657004830616e-02,-1.073876660837403720e-02,2.728067398339665325e-03,1.268808066493798750e-02,2.396545692710741471e-02,7.261038513336952327e-02,6.198504274792793201e-02,3.531941044041086303e-02,1.234810883970867065e-02,-5.837316662981501024e-04,3.015064423405496366e-02,1.699066773536486372e-02,9.155701622143158636e-03,5.075559307724778271e-03,3.996586698560105483e-03,1.603248097449195164e+00,1.817988800863668875e+00,1.507861834073716878e+00,1.005111866905197493e+00,5.490015882228789224e-01,-1.851454266417415617e+00,-1.761335482203997493e+00,-1.747136559361327279e+00,-1.614852388322713272e+00,-1.210666165651570925e+00
cs,4.243999999999999856e-02,4.537000000000000061e-02,4.526999999999999774e-02,4.750999999999999668e-02,4.800000000000000100e-02,-2.906999999999999862e-02,-2.670000000000000151e-02,-2.287000000000000144e-02,-1.765999999999999862e-02,-1.281999999999999980e-02,-9.200999999999999457e-02,-8.631999999999999396e-02,-7.899000000000000465e-02,-6.962999999999999745e-02,-4.893999999999999739e-02,-3.515000000000000069e-02,-3.635000000000000037e-02,-3.781999999999999945e-02,-3.939999999999999752e-02,-4.118000000000000133e-02,3.230000000000000232e-02,2.765000000000000097e-02,2.185000000000000137e-02,1.567999999999999949e-02,1.178000000000000054e-02,6.687999999999999501e-02,4.975000000000000255e-02,3.939999999999999752e-02,2.963000000000000009e-02,2.169000000000000095e-02,5.040700000000000180e-01,5.493700000000000250e-01,4.475700000000000234e-01,2.904200000000000115e-01,1.533100000000000018e-01,-5.878900000000000237e-01,-5.434400000000000341e-01,-5.164699999999999847e-01,-4.612399999999999833e-01,-3.337399999999999811e-01
cs*c/cref,6.169030365769495594e-02,6.136244849142696856e-02,5.665119776276910518e-02,5.465192315423424846e-02,5.036523347202959827e-02,-2.835550639208828452e-02,-2.479773211521840021e-02,-2.017369922008482863e-02,-1.475423559602537932e-02,-1.011275670532741158e-02,-6.743220165229452112e-02,-5.762807225605874606e-02,-4.757953099559790455e-02,-3.739801001025146177e-02,-2.309243837397066679e-02,-5.109364216701173245e-02,-4.916299322599449600e-02,-4.732821514000282170e-02,-4.532279040784738949e-02,-4.320917321621205870e-02,3.150611821343143187e-02,2.568004842643403438e-02,1.927395399907536055e-02,1.310002345105764146e-02,9.292377066205687736e-03,4.901495105429255067e-02,3.321358427640086486e-02,2.373254236266055667e-02,1.591416108866509915e-02,1.023447054212145088e-02,3.886229843815956486e-01,3.971877701896855961e-01,3.024007138334439126e-01,1.827007162623034420e-01,8.945702752819154058e-02,-4.532457124766327561e-01,-3.929004529404276913e-01,-3.489530055042982526e-01,-2.901621044309098396e-01,-1.947386887173611636e-01
cx,1.890000000000000013e-02,2.816000000000000100e-02,2.528999999999999998e-02,3.484000000000000291e-02,3.178000000000000269e-02,2.650999999999999884e-02,1.759000000000000147e-02,7.950000000000000469e-03,1.529999999999999893e-03,-1.590000000000000050e-03,-1.270000000000000078e-03,-3.989999999999999623e-03,-6.109999999999999980e-03,-6.859999999999999779e-03,-6.579999999999999911e-03,4.447999999999999871e-02,4.261000000000000204e-02,4.367000000000000048e-02,4.034999999999999698e-02,3.976999999999999980e-02,3.067999999999999894e-02,1.847999999999999990e-02,7.450000000000000025e-03,1.520000000000000084e-03,-8.400000000000000348e-04,1.440000000000000091e-03,1.600000000000000131e-04,-6.899999999999999667e-04,-8.899999999999999491e-04,-7.399999999999999894e-04,-3.059999999999999786e-03,-1.790999999999999884e-02,1.387000000000000038e-02,-3.299999999999999982e-04,-3.320000000000000034e-03,-6.421000000000000318e-02,1.233000000000000068e-02,-8.813999999999999613e-02,-6.226000000000000284e-02,-4.839000000000000246e-02
cx*c/cref,2.747282608695652065e-02,3.808610424330137467e-02,3.164808463486703388e-02,4.007731009668535904e-02,3.334598166127292901e-02,2.585842705381012629e-02,1.633678306766635571e-02,7.012720104926733165e-03,1.278254839293252020e-03,-1.254234255964944240e-03,-9.307563971135099671e-04,-2.663762839454059290e-03,-3.680351112585177834e-03,-3.684480090052061254e-03,-3.104786360864874879e-03,6.465562456866803809e-02,5.762957747894430910e-02,5.464894646123540783e-02,4.641559880600614613e-02,4.172969448297118855e-02,2.992593519467728197e-02,1.716337413817363433e-02,6.571668526000522779e-03,1.269900232500485900e-03,-6.626143239060081980e-04,1.055345836097208246e-03,1.068175574718419947e-04,-4.156206657420249929e-04,-4.780156385052965781e-04,-3.491705025896668169e-04,-2.359169028523186353e-03,-1.294871027558342977e-02,9.371266842884615894e-03,-2.076001527668898004e-04,-1.937233914249533078e-03,-4.950400108544895927e-02,8.914438732436833629e-03,-5.955179953365897366e-02,-3.916722882201987416e-02,-2.823576780437798278e-02
cy,4.095000000000000029e-02,4.306999999999999718e-02,4.322999999999999760e-02,4.463999999999999913e-02,4.540000000000000285e-02,-3.150000000000000022e-02,-2.834000000000000061e-02,-2.366000000000000048e-02,-1.786000000000000087e-02,-1.273000000000000000e-02,-9.224999999999999867e-02,-8.630000000000000171e-02,-7.875999999999999668e-02,-6.929000000000000437e-02,-4.855000000000000288e-02,-3.917999999999999955e-02,-4.021999999999999881e-02,-4.177999999999999770e-02,-4.308000000000000024e-02,-4.481999999999999873e-02,2.973999999999999908e-02,2.614000000000000004e-02,2.128000000000000030e-02,1.559999999999999928e-02,1.190000000000000085e-02,6.701000000000000012e-02,4.993000000000000216e-02,3.960999999999999938e-02,2.981999999999999929e-02,2.183999999999999830e-02,5.062600000000000433e-01,5.530399999999999761e-01,4.480700000000000238e-01,2.915599999999999858e-01,1.541899999999999937e-01,-5.845200000000000395e-01,-5.465999999999999748e-01,-5.107300000000000173e-01,-4.575600000000000223e-01,-3.307800000000000185e-01
cy*c/cref,5.952445652173912749e-02,5.825172264769141323e-02,5.409832735331363690e-02,5.135049146716516577e-02,4.763711665896133013e-02,-3.072578092021950591e-02,-2.632088869458013014e-02,-2.087056071478823882e-02,-1.492132773188070867e-02,-1.004176231348033813e-02,-6.760809262497739780e-02,-5.761472006137476759e-02,-4.744099077368389705e-02,-3.721539729441798033e-02,-2.290841608206530336e-02,-5.695160455486542039e-02,-5.439712758045388286e-02,-5.228378711129872541e-02,-4.955598504492552542e-02,-4.702853675450763271e-02,2.900903887515327018e-02,2.427762986860707711e-02,1.877115519909948113e-02,1.303318659671551076e-02,9.387036255335117277e-03,4.911022533116244509e-02,3.333375402855669190e-02,2.385903560875595603e-02,1.601620937104263412e-02,1.030524834670043521e-02,3.903114092745583741e-01,3.998411351651959822e-01,3.027385388818535916e-01,1.834178804264072205e-01,8.997051121630586512e-02,-4.506475426641742277e-01,-3.951850941727472200e-01,-3.450747739485551246e-01,-2.878470481818730109e-01,-1.930115163118857058e-01
cz,9.067699999999999649e-01,9.374299999999999855e-01,9.523899999999999588e-01,9.774399999999999755e-01,1.000269999999999992e+00,9.849799999999999667e-01,8.654699999999999616e-01,7.015700000000000269e-01,5.083299999999999486e-01,2.945999999999999730e-01,2.533099999999999796e-01,2.449699999999999933e-01,2.308800000000000019e-01,2.114699999999999913e-01,1.536399999999999988e-01,7.864100000000000534e-01,8.372699999999999587e-01,8.837300000000000155e-01,9.244900000000000340e-01,9.645700000000000385e-01,9.430699999999999639e-01,8.234200000000000408e-01,6.564699999999999980e-01,4.663900000000000268e-01,2.609799999999999898e-01,1.653199999999999947e-01,1.302200000000000024e-01,1.085600000000000037e-01,8.462000000000000077e-02,6.268999999999999573e-02,-6.819199999999999706e-01,-7.006200000000000205e-01,-5.890900000000000025e-01,-4.049499999999999766e-01,-2.097600000000000020e-01,-7.362199999999999855e-01,-7.517599999999999838e-01,-6.646600000000000286e-01,-5.817400000000000349e-01,-4.119200000000000084e-01
cz*c/cref,1.318070609040717711e+00,1.267864229431747480e+00,1.191827573167299814e+00,1.124373305996100303e+00,1.049559001772230049e+00,9.607707838348510387e-01,8.038087345976804299e-01,6.188571124545217961e-01,4.246897270966920046e-01,2.323883093127500077e-01,1.856455928762387186e-01,1.635443565867320537e-01,1.390702888500271461e-01,1.135797382861967048e-01,7.249534597010325043e-02,1.143116675293305740e+00,1.132398881384550471e+00,1.105905964190235125e+00,1.063463616856620275e+00,1.012099859377407984e+00,9.198908638867112630e-01,7.647546284012409767e-01,5.790742600353776526e-01,3.896505062078299830e-01,2.058679598249881226e-01,1.211595650163822535e-01,8.693613958739539183e-02,6.539098474341192846e-02,4.544908239361595409e-02,2.958040379371109502e-02,-5.257400470361213163e-01,-5.065396646163742300e-01,-3.980187155353206996e-01,-2.547505510998546163e-01,-1.223958391123439876e-01,-5.676037327383465225e-01,-5.435132572179005583e-01,-4.490775933519602359e-01,-3.659676147594256856e-01,-2.403570463727914552e-01
Results_Name,VSPAERO_Comp_Load
Results_Timestamp,1749700088
Results_Date,6,11,2025
Results_Time,23,48,8
AoA,0.000000000000000000e+00,0.000000000000000000e+00,0.000000000000000000e+00,0.000000000000000000e+00,0.000000000000000000e+00,0.000000000000000000e+00,0.000000000000000000e+00,0.000000000000000000e+00,0.000000000000000000e+00
Beta,5.000000000000000000e+00,5.000000000000000000e+00,5.000000000000000000e+00,5.000000000000000000e+00,5.000000000000000000e+00,5.000000000000000000e+00,5.000000000000000000e+00,5.000000000000000000e+00,5.000000000000000000e+00
CDi,0.000000000000000000e+00,8.189999999999999364e-03,1.088000000000000078e-02,-2.820000000000000024e-03,-4.800000000000000122e-04,0.000000000000000000e+00,0.000000000000000000e+00,0.000000000000000000e+00,0.000000000000000000e+00
CFx,0.000000000000000000e+00,8.059999999999999457e-03,1.099999999999999936e-02,-1.800000000000000113e-04,-3.729999999999999809e-03,0.000000000000000000e+00,0.000000000000000000e+00,0.000000000000000000e+00,0.000000000000000000e+00
CFy,0.000000000000000000e+00,-1.840000000000000056e-03,9.100000000000000016e-04,3.026999999999999830e-02,-3.710000000000000103e-02,0.000000000000000000e+00,0.000000000000000000e+00,0.000000000000000000e+00,0.000000000000000000e+00
CFz,0.000000000000000000e+00,3.851600000000000024e-01,3.568600000000000105e-01,-4.005000000000000226e-02,-4.807999999999999774e-02,0.000000000000000000e+00,0.000000000000000000e+00,0.000000000000000000e+00,0.000000000000000000e+00
CL,0.000000000000000000e+00,3.851600000000000024e-01,3.568600000000000105e-01,-4.005000000000000226e-02,-4.807999999999999774e-02,0.000000000000000000e+00,0.000000000000000000e+00,0.000000000000000000e+00,0.000000000000000000e+00
Cmx,0.000000000000000000e+00,6.827999999999999348e-02,-6.293999999999999595e-02,-1.000000000000000021e-03,1.459999999999999926e-03,-1.000000000000000082e-05,-5.000000000000000240e-05,5.000000000000000240e-05,-2.000000000000000164e-05
Cmy,0.000000000000000000e+00,-1.934400000000000008e-01,-1.897600000000000120e-01,1.337000000000000133e-01,1.605800000000000005e-01,-3.880000000000000202e-03,-7.409999999999999920e-03,-1.090000000000000040e-03,5.170000000000000116e-03
Cmz,0.000000000000000000e+00,-8.899999999999999491e-04,1.069999999999999988e-03,8.439999999999999586e-03,-1.047999999999999973e-02,2.500000000000000052e-04,-2.100000000000000087e-04,2.309999999999999987e-03,2.619999999999999933e-03
Comp_ID,0,1,2,3,4,5,6,7,8
Comp_Name,NONE,main_wing,main_wing,horizontal_tail,horizontal_tail,fuselage,fuselage,fuselage,fuselage
Cs,0.000000000000000000e+00,-1.129999999999999928e-03,1.860000000000000108e-03,3.014000000000000012e-02,-3.728999999999999676e-02,0.000000000000000000e+00,0.000000000000000000e+00,0.000000000000000000e+00,0.000000000000000000e+00
Mach,1.499999999999999944e-01,1.499999999999999944e-01,1.499999999999999944e-01,1.499999999999999944e-01,1.499999999999999944e-01,1.499999999999999944e-01,1.499999999999999944e-01,1.499999999999999944e-01,1.499999999999999944e-01
Results_Name,VSPAERO_Load
Results_Timestamp,1749700088
Results_Date,6,11,2025
Results_Time,23,48,8
AnalysisMethod,0
Chord,1.735549999999999926e+00,1.614840000000000053e+00,1.494150000000000089e+00,1.373459999999999903e+00,1.252809999999999979e+00,1.164630000000000054e+00,1.108910000000000062e+00,1.053209999999999980e+00,9.975199999999999623e-01,9.418400000000000105e-01,8.750400000000000400e-01,7.971099999999999852e-01,7.191899999999999959e-01,6.412799999999999612e-01,5.633799999999999919e-01,1.735549999999999926e+00,1.614840000000000053e+00,1.494150000000000089e+00,1.373459999999999903e+00,1.252809999999999979e+00,1.164630000000000054e+00,1.108910000000000062e+00,1.053209999999999980e+00,9.975199999999999623e-01,9.418400000000000105e-01,8.750400000000000400e-01,7.971099999999999852e-01,7.191899999999999959e-01,6.412799999999999612e-01,5.633799999999999919e-01,9.205200000000000049e-01,8.632300000000000528e-01,8.067100000000000382e-01,7.511200000000000099e-01,6.966900000000000315e-01,9.205200000000000049e-01,8.632300000000000528e-01,8.067100000000000382e-01,7.511200000000000099e-01,6.966900000000000315e-01
FC_AoA_,0.000000000000000000e+00
FC_Beta_,6.000000000000000000e+00
FC_Bref_,1.417173599999999922e+01
FC_Cref_,1.193975999999999926e+00
FC_Mach_,1.499999999999999944e-01
FC_Pitch_Rate,0.000000000000000000e+00
FC_Rho_,2.377000000000000206e-03
FC_Roll__Rate,0.000000000000000000e+00
FC_Sref_,1.619368700000000061e+01
FC_Vinf_,5.100000000000000000e+01
FC_Xcg_,1.785187999999999997e+00
FC_Yaw___Rate,0.000000000000000000e+00
FC_Ycg_,-0.000000000000000000e+00
FC_Zcg_,7.542510000000000048e-01
S,3.314000000000000279e-02,8.981999999999999706e-02,1.368900000000000117e-01,1.839600000000000124e-01,2.310300000000000131e-01,2.997400000000000064e-01,4.117600000000000149e-01,5.454599999999999449e-01,6.791599999999999859e-01,8.128699999999999815e-01,9.157600000000000184e-01,9.578200000000000047e-01,9.698700000000000099e-01,9.819200000000000150e-01,9.939700000000000202e-01,3.314000000000000279e-02,8.981999999999999706e-02,1.368900000000000117e-01,1.839600000000000124e-01,2.310300000000000131e-01,2.997400000000000064e-01,4.117600000000000149e-01,5.454599999999999449e-01,6.791599999999999859e-01,8.128699999999999815e-01,9.157600000000000184e-01,9.578200000000000047e-01,9.698700000000000099e-01,9.819200000000000150e-01,9.939700000000000202e-01,1.026500000000000051e-01,3.046400000000000219e-01,5.033100000000000351e-01,7.019900000000000029e-01,9.006600000000000161e-01,1.026500000000000051e-01,3.046400000000000219e-01,5.033100000000000351e-01,7.019900000000000029e-01,9.006600000000000161e-01
V/Vref,9.735300000000000065e-01,9.671100000000000252e-01,9.696399999999999464e-01,9.707200000000000273e-01,9.763399999999999856e-01,9.812100000000000266e-01,9.890400000000000302e-01,9.950400000000000356e-01,9.991600000000000481e-01,1.001470000000000082e+00,1.005940000000000056e+00,1.005230000000000068e+00,1.005349999999999966e+00,1.004729999999999901e+00,1.004699999999999926e+00,9.624099999999999877e-01,9.669400000000000217e-01,9.721800000000000441e-01,9.736399999999999499e-01,9.787299999999999889e-01,9.825800000000000090e-01,9.895899999999999697e-01,9.957000000000000295e-01,9.994699999999999696e-01,1.001330000000000053e+00,1.006760000000000099e+00,1.005959999999999965e+00,1.005749999999999922e+00,1.004920000000000035e+00,1.004829999999999890e+00,9.690499999999999670e-01,9.704500000000000348e-01,9.826500000000000234e-01,9.945899999999999741e-01,9.954399999999999915e-01,9.224400000000000377e-01,9.434299999999999908e-01,9.581300000000000372e-01,9.756000000000000227e-01,9.831400000000000139e-01
WingId,1,1,1,1,1,1,1,1,1,1,1,1,1,1,1,2,2,2,2,2,2,2,2,2,2,2,2,2,2,2,3,3,3,3,3,4,4,4,4,4
Xavg,2.392879999999999896e+00,2.382319999999999993e+00,2.371750000000000025e+00,2.361190000000000122e+00,2.350620000000000154e+00,2.337899999999999867e+00,2.323770000000000113e+00,2.309619999999999784e+00,2.295469999999999899e+00,2.281299999999999883e+00,2.284749999999999837e+00,2.305000000000000160e+00,2.325239999999999974e+00,2.345470000000000166e+00,2.365699999999999914e+00,2.392879999999999896e+00,2.382319999999999993e+00,2.371750000000000025e+00,2.361190000000000122e+00,2.350620000000000154e+00,2.337899999999999867e+00,2.323770000000000113e+00,2.309619999999999784e+00,2.295469999999999899e+00,2.281299999999999883e+00,2.284749999999999837e+00,2.305000000000000160e+00,2.325239999999999974e+00,2.345470000000000166e+00,2.365699999999999914e+00,5.819969999999999644e+00,5.917910000000000004e+00,6.015850000000000364e+00,6.113780000000000214e+00,6.211730000000000196e+00,5.819969999999999644e+00,5.917910000000000004e+00,6.015850000000000364e+00,6.113780000000000214e+00,6.211730000000000196e+00
Yavg,1.718899999999999872e-01,5.195499999999999563e-01,8.671900000000000164e-01,1.214800000000000102e+00,1.562359999999999971e+00,2.228590000000000071e+00,3.216559999999999864e+00,4.204550000000000232e+00,5.192569999999999908e+00,6.180620000000000225e+00,6.716649999999999565e+00,6.791660000000000252e+00,6.866660000000000430e+00,6.941650000000000098e+00,7.016610000000000014e+00,-1.718899999999999872e-01,-5.195499999999999563e-01,-8.671900000000000164e-01,-1.214800000000000102e+00,-1.562359999999999971e+00,-2.228590000000000071e+00,-3.216559999999999864e+00,-4.204550000000000232e+00,-5.192569999999999908e+00,-6.180620000000000225e+00,-6.716649999999999565e+00,-6.791660000000000252e+00,-6.866660000000000430e+00,-6.941650000000000098e+00,-7.016610000000000014e+00,1.247400000000000037e-01,3.766700000000000048e-01,6.286100000000000021e-01,8.805399999999999894e-01,1.132460000000000022e+00,-1.247400000000000037e-01,-3.766700000000000048e-01,-6.286100000000000021e-01,-8.805399999999999894e-01,-1.132460000000000022e+00
Zavg,1.119259999999999922e+00,1.109900000000000109e+00,1.100540000000000074e+00,1.091180000000000039e+00,1.081830000000000069e+00,1.094910000000000050e+00,1.130849999999999911e+00,1.166740000000000110e+00,1.202599999999999891e+00,1.238469999999999960e+00,1.270329999999999959e+00,1.298289999999999944e+00,1.326240000000000085e+00,1.354190000000000005e+00,1.382130000000000081e+00,1.119259999999999922e+00,1.109900000000000109e+00,1.100540000000000074e+00,1.091180000000000039e+00,1.081830000000000069e+00,1.094910000000000050e+00,1.130849999999999911e+00,1.166740000000000110e+00,1.202599999999999891e+00,1.238469999999999960e+00,1.270329999999999959e+00,1.298289999999999944e+00,1.326240000000000085e+00,1.354190000000000005e+00,1.382130000000000081e+00,3.569700000000000095e-01,5.334799999999999542e-01,7.099999999999999645e-01,8.865300000000000402e-01,1.063090000000000090e+00,3.569700000000000095e-01,5.334799999999999542e-01,7.099999999999999645e-01,8.865300000000000402e-01,1.063090000000000090e+00
cd,1.055999999999999994e-02,2.139999999999999888e-02,1.850999999999999868e-02,2.926000000000000129e-02,2.596000000000000044e-02,2.918000000000000108e-02,2.026000000000000023e-02,1.030000000000000013e-02,3.360000000000000139e-03,-3.200000000000000262e-04,8.189999999999999364e-03,4.769999999999999934e-03,1.779999999999999898e-03,2.000000000000000164e-05,-2.010000000000000068e-03,5.041000000000000342e-02,4.821999999999999897e-02,4.988999999999999685e-02,4.546999999999999653e-02,4.519000000000000100e-02,2.793999999999999956e-02,1.625000000000000056e-02,5.530000000000000193e-03,1.000000000000000082e-05,-2.060000000000000199e-03,-5.199999999999999761e-03,-4.490000000000000067e-03,-4.190000000000000148e-03,-3.380000000000000192e-03,-2.510000000000000078e-03,-5.734000000000000208e-02,-8.584999999999999576e-02,-3.851000000000000256e-02,-2.794999999999999915e-02,-1.624000000000000096e-02,-2.137000000000000011e-02,1.093699999999999950e-01,-5.650000000000000161e-02,-2.212000000000000077e-02,-1.890000000000000013e-02
cd*c/cref,1.534989648033126264e-02,2.894327524171340371e-02,2.316354474461798305e-02,3.365849866328971679e-02,2.723919710278933926e-02,2.846280276990492686e-02,1.881655627918819504e-02,9.085662525879917295e-03,2.807147882369495032e-03,-2.524245043451460034e-04,6.002279442802870880e-03,3.184498432129288965e-03,1.072180847856238394e-03,1.074192446079318263e-05,-9.484225813584192845e-04,7.327540545203588274e-02,6.521704355866450586e-02,6.243269839594765835e-02,5.230526090976702486e-02,4.741676876252119699e-02,2.725327996542644196e-02,1.509225269184640353e-02,4.878030462923878263e-03,8.354606792766354424e-06,-1.624982746721877333e-03,-3.810971074795473871e-03,-2.997567706553565681e-03,-2.523841433998673563e-03,-1.815385233874047821e-03,-1.184348596621707765e-03,-4.420743532533318032e-02,-6.206849677045434693e-02,-2.601928522851380821e-02,-1.758310384798354373e-02,-9.476108062473620475e-03,-1.647563468612434426e-02,7.907316822113677479e-02,-3.817423047029421673e-02,-1.391550114910182490e-02,-1.102822921063740212e-02
cl,9.167899999999999938e-01,9.464799999999999880e-01,9.576000000000000068e-01,9.801699999999999857e-01,1.000469999999999970e+00,9.851600000000000357e-01,8.652499999999999636e-01,7.016999999999999904e-01,5.093600000000000350e-01,2.961900000000000088e-01,2.603900000000000103e-01,2.551399999999999779e-01,2.431399999999999950e-01,2.256900000000000017e-01,1.640800000000000036e-01,7.756399999999999961e-01,8.305099999999999705e-01,8.794999999999999485e-01,9.212200000000000388e-01,9.626200000000000312e-01,9.404900000000000482e-01,8.241199999999999637e-01,6.579500000000000348e-01,4.669300000000000117e-01,2.582699999999999996e-01,1.565600000000000047e-01,1.191500000000000059e-01,9.790000000000000091e-02,7.467000000000000026e-02,5.557000000000000134e-02,-6.939499999999999558e-01,-6.434499999999999664e-01,-5.317699999999999649e-01,-4.014499999999999735e-01,-1.953699999999999881e-01,-7.708800000000000097e-01,-7.961899999999999533e-01,-7.007400000000000295e-01,-5.827200000000000157e-01,-4.247099999999999764e-01
cl*c/cref,1.332635567632850293e+00,1.280104259382098153e+00,1.198347403967919167e+00,1.127513692235019738e+00,1.049768856911696746e+00,9.609463597258237622e-01,8.036044087150830961e-01,6.189717858650425342e-01,4.255502515963470178e-01,2.336425435687149721e-01,1.908343765703833517e-01,1.703339475835360106e-01,1.464550850268347137e-01,1.212172465778206670e-01,7.742148116880070985e-02,1.127461525189785929e+00,1.123256052382962444e+00,1.100612512311805347e+00,1.059702055317694791e+00,1.010053771767606801e+00,9.173742761161028936e-01,7.654047562095050994e-01,5.803797727089992087e-01,3.901016549746393336e-01,2.037302398038151607e-01,1.147395445134575809e-01,7.954569982981232745e-02,5.896994663209310927e-02,4.010497497437134212e-02,2.622081733636187281e-02,-5.350148193933547125e-01,-4.652064559924152798e-01,-3.592904519856345846e-01,-2.525487312977815479e-01,-1.139992138032925456e-01,-5.943255623228608231e-01,-5.756356021394064548e-01,-4.734550488452029526e-01,-3.665841243040061648e-01,-2.478200649761804486e-01
cmx,8.362999999999999601e-02,2.962400000000000033e-01,5.469600000000000017e-01,8.578799999999999759e-01,1.237759999999999971e+00,1.898730000000000029e+00,2.523699999999999832e+00,2.814109999999999889e+00,2.662139999999999951e+00,1.949789999999999912e+00,2.055009999999999781e+00,2.235349999999999948e+00,2.387610000000000010e+00,2.512579999999999814e+00,2.099800000000000111e+00,-6.957000000000000683e-02,-2.594099999999999739e-01,-5.018700000000000383e-01,-8.057400000000000118e-01,-1.190690000000000026e+00,-1.811530000000000085e+00,-2.402200000000000113e+00,-2.637939999999999952e+00,-2.440230000000000121e+00,-1.701610000000000067e+00,-1.239579999999999904e+00,-1.047269999999999923e+00,-9.638099999999999445e-01,-8.334599999999999786e-01,-7.149699999999999944e-01,1.468099999999999961e-01,-1.199899999999999994e-01,-3.912100000000000022e-01,-5.134100000000000330e-01,-3.723500000000000143e-01,-1.877699999999999925e-01,1.917600000000000138e-01,5.021600000000000508e-01,7.586199999999999610e-01,8.412500000000000533e-01
cmx*c/cref,1.215636214630779754e-01,4.006614886731392211e-01,6.844696074292951904e-01,9.868404932762466775e-01,1.298751487132069782e+00,1.852062285925345275e+00,2.343896499594631866e+00,2.482335317544071440e+00,2.224113292729501978e+00,1.538046169772256722e+00,1.506073782387585824e+00,1.492341419341762343e+00,1.438173996713501879e+00,1.349497228084986622e+00,9.907948936997059697e-01,-1.011261645962732991e-01,-3.508493004884520317e-01,-6.280436629379486657e-01,-9.268625670867756128e-01,-1.249362080058560753e+00,-1.767005520965245768e+00,-2.231052887160211107e+00,-2.326935204225210718e+00,-2.038716213391224219e+00,-1.342275190121074546e+00,-9.084622163259563621e-01,-6.991676463345996018e-01,-5.805497881866972243e-01,-4.476482180546342837e-01,-3.373600462655865773e-01,1.131861454501598141e-01,-8.675129793228675279e-02,-2.643210743767044346e-01,-3.229818013092390916e-01,-2.172677855333776109e-01,-1.447650877404570990e-01,1.386401274397475458e-01,3.392844526188131815e-01,4.772412966424785519e-01,4.908729007115721910e-01
cmy,-3.731999999999999762e-01,-4.084999999999999742e-01,-4.399600000000000177e-01,-4.684099999999999930e-01,-5.058099999999999818e-01,-5.093900000000000095e-01,-4.409799999999999831e-01,-3.529999999999999805e-01,-2.458899999999999975e-01,-1.163000000000000006e-01,-9.875000000000000444e-02,-1.140499999999999986e-01,-1.303600000000000037e-01,-1.480299999999999949e-01,-1.293300000000000005e-01,-3.973800000000000110e-01,-4.193999999999999950e-01,-4.425399999999999889e-01,-4.715400000000000147e-01,-5.075399999999999912e-01,-4.989899999999999891e-01,-4.269299999999999762e-01,-3.350799999999999890e-01,-2.256199999999999872e-01,-9.908000000000000140e-02,-6.174999999999999933e-02,-5.161000000000000310e-02,-5.104999999999999816e-02,-4.667000000000000315e-02,-4.504999999999999977e-02,2.885180000000000078e+00,2.921619999999999884e+00,2.663349999999999884e+00,2.220979999999999954e+00,1.192150000000000043e+00,3.233060000000000045e+00,3.588659999999999961e+00,3.504910000000000192e+00,3.183339999999999836e+00,2.550399999999999778e+00
cmy*c/cref,-5.424792960662525587e-01,-5.524919596373796260e-01,-5.505690516392289791e-01,-5.388235597700455903e-01,-5.307341404684852160e-01,-4.968700172365274059e-01,-4.095619441261801330e-01,-3.113824147219039773e-01,-2.054314264273318646e-01,-9.174053079793899335e-02,-7.237180646847174437e-02,-7.614089018539736686e-02,-7.852218838569620385e-02,-7.950635389656073027e-02,-6.102462310800216977e-02,-5.776270703933746864e-01,-5.672340951576916313e-01,-5.537976818629520848e-01,-5.424240758608213087e-01,-5.325493874248728998e-01,-4.867256324247724031e-01,-3.965129502603067513e-01,-2.955751261331886481e-01,-1.884966384583944554e-01,-7.815693715786582729e-02,-4.525528151319625075e-02,-3.445533838201102900e-02,-3.074990577700054475e-02,-2.506628072926089107e-02,-2.125693397522228356e-02,2.224388005789061484e+00,2.112295416825798799e+00,1.799492685363859978e+00,1.397199355430929879e+00,6.956245213471629052e-01,2.492593143580775994e+00,2.594557153410118833e+00,2.368092780843166434e+00,2.002611728208942399e+00,1.488169088825906261e+00
cmz,1.796999999999999986e-02,1.333999999999999943e-02,9.180000000000000659e-03,-5.640000000000000048e-03,-1.231999999999999935e-02,-6.587999999999999412e-02,-6.464000000000000301e-02,-4.293000000000000288e-02,-1.590000000000000094e-02,5.910000000000000323e-03,-2.597999999999999962e-02,-3.249999999999999851e-03,2.001999999999999960e-02,3.495000000000000190e-02,5.297000000000000319e-02,-1.602999999999999911e-02,-7.519999999999999775e-03,3.289999999999999956e-03,1.175999999999999962e-02,2.398000000000000131e-02,7.549999999999999767e-02,6.858000000000000207e-02,4.148000000000000298e-02,1.546999999999999938e-02,-6.800000000000000488e-04,4.134999999999999787e-02,2.553000000000000061e-02,1.598000000000000115e-02,1.068999999999999985e-02,1.041000000000000085e-02,2.117129999999999956e+00,2.380850000000000133e+00,2.056140000000000079e+00,1.548149999999999915e+00,8.655500000000000416e-01,-2.514510000000000023e+00,-2.219619999999999926e+00,-2.587060000000000137e+00,-2.629160000000000164e+00,-2.167100000000000026e+00
cmz*c/cref,2.612098861283643908e-02,1.804220989366620356e-02,1.148791684254960033e-02,-6.487830911174093627e-03,-1.292707659115426184e-02,-6.426077609600193419e-02,-6.003465932313548081e-02,-3.786868856660435823e-02,-1.328382480049850392e-02,4.661965064624414880e-03,-1.904019779292046369e-02,-2.169731636146790023e-03,1.205902279442802941e-02,1.877151299523608513e-02,2.499400205699277289e-02,-2.330102657004830616e-02,-1.017072101951798160e-02,4.117129238778669334e-03,1.352781764457576877e-02,2.516163122206812111e-02,7.364433204687531598e-02,6.369395012965085867e-02,3.658963898771835227e-02,1.292457670840954816e-02,-5.364020717334352234e-04,3.030454883515246861e-02,1.704407651410078800e-02,9.625533679068926443e-03,5.741558624293955845e-03,4.911979637781664632e-03,1.632244289332448917e+00,1.721325341129135156e+00,1.389231190074172506e+00,9.739278075941224522e-01,5.050520525538202410e-01,-1.938612455526744549e+00,-1.604758029139614184e+00,-1.747947339477510686e+00,-1.653981871662412173e+00,-1.264511932400651517e+00
cs,4.261999999999999816e-02,4.587999999999999717e-02,4.547999999999999959e-02,4.796999999999999875e-02,4.825999999999999734e-02,-2.864999999999999838e-02,-2.644000000000000170e-02,-2.278000000000000164e-02,-1.771999999999999964e-02,-1.280000000000000061e-02,-9.378000000000000225e-02,-8.927999999999999825e-02,-8.271000000000000574e-02,-7.389999999999999347e-02,-5.192999999999999700e-02,-3.432999999999999940e-02,-3.538999999999999785e-02,-3.678000000000000019e-02,-3.844999999999999807e-02,-4.030000000000000249e-02,3.277999999999999664e-02,2.803999999999999895e-02,2.203000000000000097e-02,1.566999999999999990e-02,1.169000000000000074e-02,6.446000000000000341e-02,4.621000000000000107e-02,3.592000000000000054e-02,2.648999999999999966e-02,1.949999999999999997e-02,5.117000000000000437e-01,5.220000000000000195e-01,4.157299999999999884e-01,2.813200000000000145e-01,1.411300000000000054e-01,-6.178700000000000303e-01,-4.995399999999999840e-01,-5.202799999999999647e-01,-4.723100000000000076e-01,-3.483100000000000085e-01
cs*c/cref,6.195194962042787495e-02,6.205221813503788986e-02,5.691399324609540400e-02,5.518107248386901892e-02,5.063804515333641953e-02,-2.794582931315202357e-02,-2.455625607214885833e-02,-2.009430993587811229e-02,-1.480436323678197864e-02,-1.009698017380583970e-02,-6.872939757583068632e-02,-5.960419706928782313e-02,-4.982026849785926165e-02,-3.969141088263080513e-02,-2.450327594524513014e-02,-4.990169944789509676e-02,-4.786460330860922013e-02,-4.602675179400591426e-02,-4.422998200968863286e-02,-4.228581060255818397e-02,3.197432058935857635e-02,2.604226249103834892e-02,1.943273256748879671e-02,1.309166884426487577e-02,9.221382674358614279e-03,4.724138374640697580e-02,3.085024581733636362e-02,2.163636857022251808e-02,1.422767894832056845e-02,9.201114595268245974e-03,3.945054875474884870e-01,3.773995959717783566e-01,2.808880147507152869e-01,1.769759847769134531e-01,8.234994648133632522e-02,-4.763594011939939477e-01,-3.611612915167474180e-01,-3.515272323731800097e-01,-2.971261459191809617e-01,-2.032403447807996644e-01
cx,1.495999999999999934e-02,2.607999999999999902e-02,2.316000000000000003e-02,3.411999999999999755e-02,3.085999999999999854e-02,2.602000000000000146e-02,1.737999999999999962e-02,7.870000000000000259e-03,1.490000000000000005e-03,-1.649999999999999991e-03,-1.649999999999999991e-03,-4.590000000000000330e-03,-6.870000000000000238e-03,-7.709999999999999840e-03,-7.429999999999999973e-03,4.655000000000000110e-02,4.426000000000000073e-02,4.576999999999999819e-02,4.120000000000000051e-02,4.073000000000000231e-02,3.122000000000000122e-02,1.909999999999999892e-02,7.799999999999999642e-03,1.649999999999999991e-03,-8.300000000000000086e-04,1.569999999999999998e-03,3.600000000000000227e-04,-4.200000000000000174e-04,-5.999999999999999474e-04,-4.600000000000000139e-04,-3.540000000000000178e-03,-3.081000000000000058e-02,5.159999999999999656e-03,1.610000000000000103e-03,-1.389999999999999960e-03,-8.583999999999999964e-02,5.655999999999999917e-02,-1.105700000000000016e-01,-7.136000000000000676e-02,-5.521000000000000213e-02
cx*c/cref,2.174568668046928874e-02,3.527292608896661491e-02,2.898258758970029964e-02,3.924907636334398070e-02,3.238064801972569129e-02,2.538047046171782589e-02,1.614174472518710782e-02,6.942151852298539608e-03,1.244836412122186670e-03,-1.301563850529659011e-03,-1.209250437194717750e-03,-3.064328679973467133e-03,-4.138136193692336200e-03,-4.141011879635771338e-03,-3.505860586812465339e-03,6.766455314009661715e-02,5.986118514945024810e-02,5.727690129449838907e-02,4.739337474120082494e-02,4.273699915241178232e-02,3.045266286759533078e-02,1.773920162549330951e-02,6.880404631248869703e-03,1.378510120806448287e-03,-6.547260581452223668e-04,1.150620112967095082e-03,2.403395043116444778e-04,-2.529864921907978501e-04,-3.222577338237954045e-04,-2.170519340422253252e-04,-2.729234758487608312e-03,-2.227525201511588310e-02,3.486354499587931456e-03,1.012837108953613865e-03,-8.110708255442321485e-04,-6.618008804197070272e-02,4.089218610759345202e-02,-7.470663120531736978e-02,-4.489196030740986998e-02,-3.221526638726407432e-02
cy,4.127999999999999725e-02,4.338999999999999801e-02,4.329000000000000209e-02,4.465000000000000219e-02,4.528000000000000080e-02,-3.153999999999999859e-02,-2.841000000000000122e-02,-2.373000000000000109e-02,-1.796999999999999986e-02,-1.268999999999999989e-02,-9.411999999999999533e-02,-8.928999999999999437e-02,-8.243999999999999939e-02,-7.349999999999999589e-02,-5.143999999999999961e-02,-3.941000000000000059e-02,-4.023999999999999799e-02,-4.179000000000000076e-02,-4.299999999999999656e-02,-4.479999999999999954e-02,2.968000000000000152e-02,2.617999999999999841e-02,2.132999999999999827e-02,1.558000000000000010e-02,1.183999999999999983e-02,6.464999999999999913e-02,4.642999999999999905e-02,3.617000000000000076e-02,2.670000000000000151e-02,1.965000000000000080e-02,5.148899999999999588e-01,5.281099999999999683e-01,4.174800000000000177e-01,2.827000000000000068e-01,1.420500000000000096e-01,-6.122499999999999609e-01,-5.082400000000000251e-01,-5.115199999999999747e-01,-4.674099999999999921e-01,-3.444300000000000139e-01
cy*c/cref,6.000414078674947554e-02,5.868451928681983620e-02,5.417341177712115680e-02,5.136199471346157563e-02,4.751120357528124810e-02,-3.076479778488009839e-02,-2.638590147540654379e-02,-2.093230793583790786e-02,-1.501322840660113817e-02,-1.001020925043719610e-02,-6.897857645379806835e-02,-5.961087316662980889e-02,-4.965763432430803093e-02,-3.947657239341494095e-02,-2.427206845028710702e-02,-5.728592995169082269e-02,-5.442417737039940973e-02,-5.229630118193331206e-02,-4.946395907455425345e-02,-4.700755124056095469e-02,2.895051357816237972e-02,2.431478002907931299e-02,1.881526035699209939e-02,1.301647738312997939e-02,9.339706660770401639e-03,4.738063076644757204e-02,3.099711995886014412e-02,2.178695576795513719e-02,1.434046915515889940e-02,9.271892399847233776e-03,3.969648827112102762e-01,3.818170510127507078e-01,2.820704024201491911e-01,1.778441308703022639e-01,8.288677033709222763e-02,-4.720265482723270956e-01,-3.674512847829437545e-01,-3.456085375250423919e-01,-2.940435981962786771e-01,-2.009763485195682764e-01
cz,9.167899999999999938e-01,9.464799999999999880e-01,9.576000000000000068e-01,9.801699999999999857e-01,1.000469999999999970e+00,9.851600000000000357e-01,8.652499999999999636e-01,7.016999999999999904e-01,5.093600000000000350e-01,2.961900000000000088e-01,2.603900000000000103e-01,2.551399999999999779e-01,2.431399999999999950e-01,2.256900000000000017e-01,1.640800000000000036e-01,7.756399999999999961e-01,8.305099999999999705e-01,8.794999999999999485e-01,9.212200000000000388e-01,9.626200000000000312e-01,9.404900000000000482e-01,8.241199999999999637e-01,6.579500000000000348e-01,4.669300000000000117e-01,2.582699999999999996e-01,1.565600000000000047e-01,1.191500000000000059e-01,9.790000000000000091e-02,7.467000000000000026e-02,5.557000000000000134e-02,-6.939499999999999558e-01,-6.434499999999999664e-01,-5.317699999999999649e-01,-4.014499999999999735e-01,-1.953699999999999881e-01,-7.708800000000000097e-01,-7.961899999999999533e-01,-7.007400000000000295e-01,-5.827200000000000157e-01,-4.247099999999999764e-01
cz*c/cref,1.332635567632850293e+00,1.280104259382098153e+00,1.198347403967919167e+00,1.127513692235019738e+00,1.049768856911696746e+00,9.609463597258237622e-01,8.036044087150830961e-01,6.189717858650425342e-01,4.255502515963470178e-01,2.336425435687149721e-01,1.908343765703833517e-01,1.703339475835360106e-01,1.464550850268347137e-01,1.212172465778206670e-01,7.742148116880070985e-02,1.127461525189785929e+00,1.123256052382962444e+00,1.100612512311805347e+00,1.059702055317694791e+00,1.010053771767606801e+00,9.173742761161028936e-01,7.654047562095050994e-01,5.803797727089992087e-01,3.901016549746393336e-01,2.037302398038151607e-01,1.147395445134575809e-01,7.954569982981232745e-02,5.896994663209310927e-02,4.010497497437134212e-02,2.622081733636187281e-02,-5.350148193933547125e-01,-4.652064559924152798e-01,-3.592904519856345846e-01,-2.525487312977815479e-01,-1.139992138032925456e-01,-5.943255623228608231e-01,-5.756356021394064548e-01,-4.734550488452029526e-01,-3.665841243040061648e-01,-2.478200649761804486e-01
Results_Name,VSPAERO_Comp_Load
Results_Timestamp,1749700088
Results_Date,6,11,2025
Results_Time,23,48,8
AoA,0.000000000000000000e+00,0.000000000000000000e+00,0.000000000000000000e+00,0.000000000000000000e+00,0.000000000000000000e+00,0.000000000000000000e+00,0.000000000000000000e+00,0.000000000000000000e+00,0.000000000000000000e+00
Beta,6.000000000000000000e+00,6.000000000000000000e+00,6.000000000000000000e+00,6.000000000000000000e+00,6.000000000000000000e+00,6.000000000000000000e+00,6.000000000000000000e+00,6.000000000000000000e+00,6.000000000000000000e+00
CDi,0.000000000000000000e+00,7.799999999999999642e-03,1.123000000000000040e-02,-3.530000000000000152e-03,-2.000000000000000164e-05,0.000000000000000000e+00,0.000000000000000000e+00,0.000000000000000000e+00,0.000000000000000000e+00
CFx,0.000000000000000000e+00,7.640000000000000090e-03,1.137999999999999949e-02,-4.699999999999999859e-04,-3.939999999999999926e-03,0.000000000000000000e+00,0.000000000000000000e+00,0.000000000000000000e+00,0.000000000000000000e+00
CFy,0.000000000000000000e+00,-1.889999999999999970e-03,8.499999999999999526e-04,2.928000000000000047e-02,-3.728999999999999676e-02,0.000000000000000000e+00,0.000000000000000000e+00,0.000000000000000000e+00,0.000000000000000000e+00
CFz,0.000000000000000000e+00,3.864699999999999802e-01,3.555699999999999972e-01,-3.824000000000000316e-02,-5.009999999999999870e-02,0.000000000000000000e+00,0.000000000000000000e+00,0.000000000000000000e+00,0.000000000000000000e+00
CL,0.000000000000000000e+00,3.864699999999999802e-01,3.555699999999999972e-01,-3.824000000000000316e-02,-5.009999999999999870e-02,0.000000000000000000e+00,0.000000000000000000e+00,0.000000000000000000e+00,0.000000000000000000e+00
Cmx,0.000000000000000000e+00,6.847000000000000308e-02,-6.277000000000000635e-02,-9.100000000000000016e-04,1.520000000000000084e-03,-2.000000000000000164e-05,-6.000000000000000152e-05,6.000000000000000152e-05,-2.000000000000000164e-05
Cmy,0.000000000000000000e+00,-1.930999999999999939e-01,-1.900300000000000045e-01,1.272699999999999942e-01,1.670399999999999940e-01,-3.550000000000000204e-03,-7.499999999999999722e-03,-1.449999999999999900e-03,8.619999999999999191e-03
Cmz,0.000000000000000000e+00,-8.599999999999999789e-04,1.100000000000000066e-03,8.120000000000000481e-03,-1.050000000000000065e-02,2.599999999999999772e-04,-2.100000000000000087e-04,2.779999999999999919e-03,3.229999999999999798e-03
Comp_ID,0,1,2,3,4,5,6,7,8
Comp_Name,NONE,main_wing,main_wing,horizontal_tail,horizontal_tail,fuselage,fuselage,fuselage,fuselage
Cs,0.000000000000000000e+00,-1.080000000000000014e-03,2.030000000000000120e-03,2.906999999999999862e-02,-3.749999999999999861e-02,0.000000000000000000e+00,0.000000000000000000e+00,0.000000000000000000e+00,0.000000000000000000e+00
Mach,1.499999999999999944e-01,1.499999999999999944e-01,1.499999999999999944e-01,1.499999999999999944e-01,1.499999999999999944e-01,1.499999999999999944e-01,1.499999999999999944e-01,1.499999999999999944e-01,1.499999999999999944e-01
Results_Name,VSPAERO_Load
Results_Timestamp,1749700088
Results_Date,6,11,2025
Results_Time,23,48,8
AnalysisMethod,0
Chord,1.735549999999999926e+00,1.614840000000000053e+00,1.494150000000000089e+00,1.373459999999999903e+00,1.252809999999999979e+00,1.164630000000000054e+00,1.108910000000000062e+00,1.053209999999999980e+00,9.975199999999999623e-01,9.418400000000000105e-01,8.750400000000000400e-01,7.971099999999999852e-01,7.191899999999999959e-01,6.412799999999999612e-01,5.633799999999999919e-01,1.735549999999999926e+00,1.614840000000000053e+00,1.494150000000000089e+00,1.373459999999999903e+00,1.252809999999999979e+00,1.164630000000000054e+00,1.108910000000000062e+00,1.053209999999999980e+00,9.975199999999999623e-01,9.418400000000000105e-01,8.750400000000000400e-01,7.971099999999999852e-01,7.191899999999999959e-01,6.412799999999999612e-01,5.633799999999999919e-01,9.205200000000000049e-01,8.632300000000000528e-01,8.067100000000000382e-01,7.511200000000000099e-01,6.966900000000000315e-01,9.205200000000000049e-01,8.632300000000000528e-01,8.067100000000000382e-01,7.511200000000000099e-01,6.966900000000000315e-01
FC_AoA_,0.000000000000000000e+00
FC_Beta_,7.000000000000000000e+00
FC_Bref_,1.417173599999999922e+01
FC_Cref_,1.193975999999999926e+00
FC_Mach_,1.499999999999999944e-01
FC_Pitch_Rate,0.000000000000000000e+00
FC_Rho_,2.377000000000000206e-03
FC_Roll__Rate,0.000000000000000000e+00
FC_Sref_,1.619368700000000061e+01
FC_Vinf_,5.100000000000000000e+01
FC_Xcg_,1.785187999999999997e+00
FC_Yaw___Rate,0.000000000000000000e+00
FC_Ycg_,-0.000000000000000000e+00
FC_Zcg_,7.542510000000000048e-01
S,3.314000000000000279e-02,8.981999999999999706e-02,1.368900000000000117e-01,1.839600000000000124e-01,2.310300000000000131e-01,2.997400000000000064e-01,4.117600000000000149e-01,5.454599999999999449e-01,6.791599999999999859e-01,8.128699999999999815e-01,9.157600000000000184e-01,9.578200000000000047e-01,9.698700000000000099e-01,9.819200000000000150e-01,9.939700000000000202e-01,3.314000000000000279e-02,8.981999999999999706e-02,1.368900000000000117e-01,1.839600000000000124e-01,2.310300000000000131e-01,2.997400000000000064e-01,4.117600000000000149e-01,5.454599999999999449e-01,6.791599999999999859e-01,8.128699999999999815e-01,9.157600000000000184e-01,9.578200000000000047e-01,9.698700000000000099e-01,9.819200000000000150e-01,9.939700000000000202e-01,1.026500000000000051e-01,3.046400000000000219e-01,5.033100000000000351e-01,7.019900000000000029e-01,9.006600000000000161e-01,1.026500000000000051e-01,3.046400000000000219e-01,5.033100000000000351e-01,7.019900000000000029e-01,9.006600000000000161e-01
V/Vref,9.732499999999999485e-01,9.645700000000000385e-01,9.680100000000000371e-01,9.692899999999999849e-01,9.755800000000000027e-01,9.806500000000000217e-01,9.889499999999999957e-01,9.949700000000000211e-01,9.990499999999999936e-01,1.001430000000000042e+00,1.005560000000000009e+00,1.004869999999999930e+00,1.005009999999999959e+00,1.004429999999999934e+00,1.004520000000000080e+00,9.660999999999999588e-01,9.678099999999999481e-01,9.722399999999999931e-01,9.737400000000000500e-01,9.786799999999999944e-01,9.824500000000000455e-01,9.895300000000000207e-01,9.956700000000000550e-01,9.994600000000000151e-01,1.001339999999999897e+00,1.006590000000000096e+00,1.005730000000000013e+00,1.005479999999999929e+00,1.004580000000000028e+00,1.004490000000000105e+00,9.726200000000000401e-01,9.733600000000000030e-01,9.875399999999999734e-01,9.975100000000000078e-01,9.972199999999999953e-01,9.173099999999999588e-01,9.035199999999999898e-01,9.875399999999999734e-01,9.788799999999999724e-01,9.836300000000000043e-01
WingId,1,1,1,1,1,1,1,1,1,1,1,1,1,1,1,2,2,2,2,2,2,2,2,2,2,2,2,2,2,2,3,3,3,3,3,4,4,4,4,4
Xavg,2.392879999999999896e+00,2.382319999999999993e+00,2.371750000000000025e+00,2.361190000000000122e+00,2.350620000000000154e+00,2.337899999999999867e+00,2.323770000000000113e+00,2.309619999999999784e+00,2.295469999999999899e+00,2.281299999999999883e+00,2.284749999999999837e+00,2.305000000000000160e+00,2.325239999999999974e+00,2.345470000000000166e+00,2.365699999999999914e+00,2.392879999999999896e+00,2.382319999999999993e+00,2.371750000000000025e+00,2.361190000000000122e+00,2.350620000000000154e+00,2.337899999999999867e+00,2.323770000000000113e+00,2.309619999999999784e+00,2.295469999999999899e+00,2.281299999999999883e+00,2.284749999999999837e+00,2.305000000000000160e+00,2.325239999999999974e+00,2.345470000000000166e+00,2.365699999999999914e+00,5.819969999999999644e+00,5.917910000000000004e+00,6.015850000000000364e+00,6.113780000000000214e+00,6.211730000000000196e+00,5.819969999999999644e+00,5.917910000000000004e+00,6.015850000000000364e+00,6.113780000000000214e+00,6.211730000000000196e+00
Yavg,1.718899999999999872e-01,5.195499999999999563e-01,8.671900000000000164e-01,1.214800000000000102e+00,1.562359999999999971e+00,2.228590000000000071e+00,3.216559999999999864e+00,4.204550000000000232e+00,5.192569999999999908e+00,6.180620000000000225e+00,6.716649999999999565e+00,6.791660000000000252e+00,6.866660000000000430e+00,6.941650000000000098e+00,7.016610000000000014e+00,-1.718899999999999872e-01,-5.195499999999999563e-01,-8.671900000000000164e-01,-1.214800000000000102e+00,-1.562359999999999971e+00,-2.228590000000000071e+00,-3.216559999999999864e+00,-4.204550000000000232e+00,-5.192569999999999908e+00,-6.180620000000000225e+00,-6.716649999999999565e+00,-6.791660000000000252e+00,-6.866660000000000430e+00,-6.941650000000000098e+00,-7.016610000000000014e+00,1.247400000000000037e-01,3.766700000000000048e-01,6.286100000000000021e-01,8.805399999999999894e-01,1.132460000000000022e+00,-1.247400000000000037e-01,-3.766700000000000048e-01,-6.286100000000000021e-01,-8.805399999999999894e-01,-1.132460000000000022e+00
Zavg,1.119259999999999922e+00,1.109900000000000109e+00,1.100540000000000074e+00,1.091180000000000039e+00,1.081830000000000069e+00,1.094910000000000050e+00,1.130849999999999911e+00,1.166740000000000110e+00,1.202599999999999891e+00,1.238469999999999960e+00,1.270329999999999959e+00,1.298289999999999944e+00,1.326240000000000085e+00,1.354190000000000005e+00,1.382130000000000081e+00,1.119259999999999922e+00,1.109900000000000109e+00,1.100540000000000074e+00,1.091180000000000039e+00,1.081830000000000069e+00,1.094910000000000050e+00,1.130849999999999911e+00,1.166740000000000110e+00,1.202599999999999891e+00,1.238469999999999960e+00,1.270329999999999959e+00,1.298289999999999944e+00,1.326240000000000085e+00,1.354190000000000005e+00,1.382130000000000081e+00,3.569700000000000095e-01,5.334799999999999542e-01,7.099999999999999645e-01,8.865300000000000402e-01,1.063090000000000090e+00,3.569700000000000095e-01,5.334799999999999542e-01,7.099999999999999645e-01,8.865300000000000402e-01,1.063090000000000090e+00
cd,1.305000000000000084e-02,2.043000000000000024e-02,1.599000000000000074e-02,2.830999999999999836e-02,2.426000000000000031e-02,2.900000000000000147e-02,2.040000000000000147e-02,1.060000000000000005e-02,3.650000000000000033e-03,-1.700000000000000122e-04,9.570000000000000381e-03,5.989999999999999665e-03,2.799999999999999972e-03,8.400000000000000348e-04,-1.699999999999999905e-03,4.263000000000000123e-02,4.909999999999999781e-02,5.283999999999999808e-02,4.687000000000000194e-02,4.716000000000000053e-02,2.808000000000000079e-02,1.601999999999999952e-02,5.420000000000000338e-03,-1.100000000000000039e-04,-2.220000000000000185e-03,-5.879999999999999810e-03,-4.660000000000000080e-03,-4.139999999999999583e-03,-3.210000000000000180e-03,-2.350000000000000092e-03,-6.851000000000000145e-02,-9.621000000000000385e-02,-4.411999999999999950e-02,-3.074999999999999956e-02,-1.442000000000000053e-02,-3.839999999999999664e-02,1.145199999999999968e-01,-3.944000000000000283e-02,-1.067000000000000066e-02,-1.472000000000000045e-02
cd*c/cref,1.896933229813664579e-02,2.763136042935536787e-02,2.000999894470240764e-02,3.256569026513095322e-02,2.545542841732162387e-02,2.828722687893224161e-02,1.894658184084102581e-02,9.350293473235644220e-03,3.049431479359719036e-03,-1.341005179333588058e-04,7.013652535729362342e-03,3.998982307852083987e-03,1.686576614605318856e-03,4.511608273533136639e-04,-8.021484518951804872e-04,6.196648550724637855e-02,6.640723431626766038e-02,6.612434923315041457e-02,5.391571539126414209e-02,4.948384188626907959e-02,2.738983899173853126e-02,1.487863926913103943e-02,4.780999115560112880e-03,-9.190067472042988850e-05,-1.751194998894450416e-03,-4.309328830730266117e-03,-3.111061361367397846e-03,-2.493723994452149741e-03,-1.724078875957305804e-03,-1.108852271737455469e-03,-5.281917324971356631e-02,-6.955864967135018395e-02,-2.980968227167045403e-02,-1.934455968964200398e-02,-8.414130434782609788e-03,-2.960525839715371157e-02,8.279655503963229135e-02,-2.664763981855582109e-02,-6.712404939462770538e-03,-8.589181692094315437e-03
cl,9.350899999999999768e-01,9.638900000000000245e-01,9.690299999999999470e-01,9.879700000000000149e-01,1.003859999999999975e+00,9.856300000000000061e-01,8.649099999999999566e-01,7.015700000000000269e-01,5.097399999999999709e-01,2.969899999999999762e-01,2.665000000000000147e-01,2.641499999999999959e-01,2.541599999999999970e-01,2.386000000000000065e-01,1.733399999999999941e-01,7.429200000000000248e-01,8.129199999999999759e-01,8.681900000000000173e-01,9.121200000000000419e-01,9.559600000000000319e-01,9.342099999999999849e-01,8.194700000000000317e-01,6.558500000000000441e-01,4.653300000000000214e-01,2.545600000000000085e-01,1.468800000000000106e-01,1.074200000000000016e-01,8.690000000000000502e-02,6.471999999999999975e-02,4.843999999999999695e-02,-7.193000000000000504e-01,-6.936299999999999688e-01,-6.028299999999999770e-01,-3.761399999999999744e-01,-1.699799999999999922e-01,-7.942200000000000371e-01,-5.345100000000000406e-01,-4.731199999999999850e-01,-5.565900000000000292e-01,-4.156500000000000195e-01
cl*c/cref,1.359236240510697025e+00,1.303651101529679224e+00,1.212650986703250444e+00,1.136486224346217933e+00,1.053325901525658859e+00,9.614048078855856883e-01,8.032886323510690652e-01,6.188571124545217961e-01,4.258677266544720896e-01,2.342736048295778195e-01,1.953122675832680566e-01,1.763491112886691192e-01,1.530929687028885211e-01,1.281511588172626614e-01,8.179083097147681058e-02,1.079900103519668697e+00,1.099465762125871882e+00,1.086459098424089165e+00,1.049234101187963564e+00,1.003065595623362727e+00,9.112486283643892460e-01,7.610860500546076102e-01,5.785273560775091584e-01,3.887649178877967682e-01,2.008036932065636326e-01,1.076452752819152398e-01,7.171463764765791116e-02,5.234410993185793087e-02,3.476086755512673709e-02,2.285651235870737527e-02,-5.545589157571007011e-01,-5.014859803714647457e-01,-4.073021478656187466e-01,-2.366264286719330923e-01,-9.918404239281192192e-02,-6.123200084423808809e-01,-3.864441724959296054e-01,-3.196635738071787469e-01,-3.501459667531006126e-01,-2.425335170053669887e-01
cmx,8.540999999999999981e-02,3.017900000000000027e-01,5.535099999999999465e-01,8.647799999999999931e-01,1.241900000000000004e+00,1.899659999999999904e+00,2.522810000000000219e+00,2.813660000000000050e+00,2.664130000000000109e+00,1.954730000000000079e+00,2.102799999999999780e+00,2.313880000000000159e+00,2.495350000000000179e+00,2.655749999999999833e+00,2.217530000000000001e+00,-6.683999999999999664e-02,-2.538500000000000201e-01,-4.952400000000000135e-01,-7.977400000000000047e-01,-1.182309999999999972e+00,-1.799279999999999990e+00,-2.388490000000000002e+00,-2.629480000000000040e+00,-2.431799999999999962e+00,-1.677049999999999930e+00,-1.163550000000000084e+00,-9.447600000000000442e-01,-8.558299999999999796e-01,-7.227700000000000236e-01,-6.237099999999999866e-01,1.519199999999999995e-01,-1.517600000000000060e-01,-4.470199999999999729e-01,-4.777000000000000135e-01,-3.226600000000000024e-01,-2.014199999999999879e-01,9.912999999999999590e-02,3.560200000000000031e-01,7.227799999999999780e-01,8.242599999999999927e-01
cmx*c/cref,1.241510093167701861e-01,4.081678053830228303e-01,6.926663236949486269e-01,9.947777332207682344e-01,1.303095488519032452e+00,1.852969428028704124e+00,2.343069908524124667e+00,2.481938371123038056e+00,2.225775859481262664e+00,1.541942973058085142e+00,1.541098072323061841e+00,1.544768811768410854e+00,1.503071055448350846e+00,1.426393294337574558e+00,1.046346033253599872e+00,-9.715786749482401008e-02,-3.433294588835957284e-01,-6.197468341072183140e-01,-9.176599700496491652e-01,-1.240569149714902286e+00,-1.755056606162938015e+00,-2.218319669658351589e+00,-2.319472611509779458e+00,-2.031673279864921966e+00,-1.322901609412584500e+00,-8.527414219381296290e-01,-6.307309724818589425e-01,-5.155081657420249597e-01,-3.881970371263744335e-01,-2.942988299597311674e-01,1.171258035337393866e-01,-1.097206181698794775e-01,-3.020291062801932491e-01,-3.005169484143734859e-01,-1.882734622806488956e-01,-1.552888319363203429e-01,7.166977384805055251e-02,2.405449474696308987e-01,4.546946618692502828e-01,4.809591645058192699e-01
cmy,-3.700300000000000256e-01,-4.083600000000000008e-01,-4.401800000000000157e-01,-4.680599999999999761e-01,-5.050099999999999589e-01,-5.082600000000000451e-01,-4.401499999999999857e-01,-3.525900000000000145e-01,-2.459999999999999964e-01,-1.167300000000000004e-01,-1.004899999999999960e-01,-1.177900000000000058e-01,-1.361900000000000055e-01,-1.568199999999999872e-01,-1.366499999999999937e-01,-3.930100000000000260e-01,-4.194599999999999995e-01,-4.426100000000000034e-01,-4.715599999999999792e-01,-5.069599999999999662e-01,-4.972699999999999898e-01,-4.254600000000000048e-01,-3.348200000000000065e-01,-2.253000000000000003e-01,-9.736999999999999822e-02,-5.775000000000000272e-02,-4.585000000000000187e-02,-4.501000000000000140e-02,-4.036000000000000004e-02,-3.980000000000000204e-02,2.987099999999999866e+00,3.165160000000000196e+00,3.046510000000000051e+00,2.085809999999999942e+00,1.039770000000000083e+00,3.336310000000000109e+00,2.307900000000000063e+00,2.305909999999999904e+00,3.035960000000000214e+00,2.492529999999999912e+00
cmy*c/cref,-5.378714199447894861e-01,-5.523026111077610212e-01,-5.508443611931899131e-01,-5.384209461496712867e-01,-5.298947199106179839e-01,-4.957677908098656050e-01,-4.087910782963811718e-01,-3.110207524271845214e-01,-2.055233271020522889e-01,-9.207972622565278875e-02,-7.364701602042253437e-02,-7.863775059130166667e-02,-8.203388183682085166e-02,-8.422742969707933125e-02,-6.447857997145671483e-02,-5.712748878536921815e-01,-5.673152445275282396e-01,-5.538852803573941497e-01,-5.424470823534141006e-01,-5.319408075204191677e-01,-4.850479072443667494e-01,-3.951476818629520715e-01,-2.953457793121470054e-01,-1.882292910410259534e-01,-7.680804371277144549e-02,-4.232376530181512081e-02,-3.060990631302471995e-02,-2.711171907978050105e-02,-2.167720356188064176e-02,-1.877971081495775560e-02,2.302965295784840105e+00,2.288371849015391035e+00,2.058374776461168398e+00,1.312165074674867871e+00,6.067101527166376407e-01,2.572195824036664469e+00,1.668583386098213106e+00,1.557988314756745485e+00,1.909896241800505434e+00,1.454401701290478410e+00
cmz,1.802000000000000129e-02,1.332000000000000024e-02,1.001999999999999939e-02,-5.629999999999999588e-03,-1.137999999999999949e-02,-6.451999999999999402e-02,-6.371999999999999886e-02,-4.254000000000000142e-02,-1.582000000000000073e-02,6.440000000000000412e-03,-2.282999999999999960e-02,1.379999999999999933e-03,2.623999999999999944e-02,4.243999999999999856e-02,6.239000000000000101e-02,-1.575999999999999970e-02,-7.380000000000000275e-03,4.579999999999999870e-03,1.248999999999999937e-02,2.561000000000000082e-02,7.679999999999999327e-02,6.922999999999999987e-02,4.254999999999999755e-02,1.616000000000000075e-02,-5.299999999999999807e-04,4.114999999999999908e-02,2.519000000000000059e-02,1.634999999999999995e-02,1.152000000000000073e-02,1.179999999999999973e-02,2.190570000000000128e+00,2.284380000000000077e+00,2.018289999999999917e+00,1.441279999999999895e+00,7.494100000000000206e-01,-2.638220000000000010e+00,-1.717060000000000031e+00,-2.154059999999999864e+00,-2.499120000000000008e+00,-2.123250000000000082e+00
cmz*c/cref,2.619366804692891890e-02,1.801516010372068016e-02,1.253909877585479213e-02,-6.476327664877685499e-03,-1.194075743566034957e-02,-6.293420269754165797e-02,-5.918020563227401748e-02,-3.752466833504191496e-02,-1.321698794615637149e-02,5.080043149946063610e-03,-1.673162877645782004e-02,9.213014331946369753e-04,1.580563227401556026e-02,2.279436370580313273e-02,2.943884818455312288e-02,-2.290855762594892764e-02,-9.981372489899295250e-03,5.731444350640214382e-03,1.436755462421355004e-02,2.687195060872245647e-02,7.491238014834468439e-02,6.429764023732470468e-02,3.753348936662043861e-02,1.350104457711042739e-02,-4.180780853216480258e-04,3.015797302458341281e-02,1.681708920447312280e-02,9.848402731713201338e-03,6.187348489416872981e-03,5.567853960213605888e-03,1.688864346017005635e+00,1.651578714647530699e+00,1.363657833909559303e+00,9.066968126662512395e-01,4.372838758065489828e-01,-2.033989187722366587e+00,-1.241413314672991763e+00,-1.455390847554724809e+00,-1.572174829644817029e+00,-1.238925273623590728e+00
cs,4.449000000000000177e-02,4.664000000000000090e-02,4.569000000000000145e-02,4.859000000000000125e-02,4.857000000000000206e-02,-2.826000000000000040e-02,-2.617999999999999841e-02,-2.266999999999999918e-02,-1.779000000000000026e-02,-1.277999999999999969e-02,-9.514000000000000234e-02,-9.170999999999999985e-02,-8.584999999999999576e-02,-7.754999999999999394e-02,-5.441000000000000003e-02,-3.273000000000000215e-02,-3.402000000000000163e-02,-3.538000000000000173e-02,-3.722999999999999921e-02,-3.912999999999999812e-02,3.312999999999999973e-02,2.817000000000000060e-02,2.205000000000000016e-02,1.557000000000000051e-02,1.153999999999999991e-02,6.165999999999999953e-02,4.238000000000000100e-02,3.228999999999999926e-02,2.332000000000000045e-02,1.726000000000000104e-02,5.291400000000000547e-01,4.988299999999999956e-01,4.045799999999999952e-01,2.607999999999999763e-01,1.223299999999999943e-01,-6.533999999999999808e-01,-3.778699999999999837e-01,-4.277799999999999936e-01,-4.504900000000000015e-01,-3.416100000000000247e-01
cs*c/cref,6.467016045548654168e-02,6.308011015296791091e-02,5.717678872942170282e-02,5.589427375424631250e-02,5.096332061950994974e-02,-2.756541488271121304e-02,-2.431478002907931299e-02,-1.999727858851434170e-02,-1.486284548433134366e-02,-1.008120364228426782e-02,-6.972611308770026994e-02,-6.122648872339142567e-02,-5.171164370138093408e-02,-4.165181209672556145e-02,-2.567346898095104052e-02,-4.757595755693581896e-02,-4.601169269734065731e-02,-4.427478190516392909e-02,-4.282658596152685848e-02,-4.105815803667745706e-02,3.231571815513879786e-02,2.616300051257312159e-02,1.945037463064584402e-02,1.300812277633721370e-02,9.103058687946826918e-03,4.518932239844017373e-02,2.829330053535414335e-02,1.944984245914490803e-02,1.252508392128484985e-02,8.144166046888714691e-03,4.079512090695291415e-01,3.606479702272072929e-01,2.733545161711793403e-01,1.640670298230450241e-01,7.138006768980281747e-02,-5.037519749140686454e-01,-2.731953741951261838e-01,-2.890295984173886223e-01,-2.833993721816854272e-01,-1.993308667008382440e-01
cx,1.837000000000000091e-02,2.596000000000000044e-02,2.144000000000000072e-02,3.402000000000000163e-02,2.999999999999999889e-02,2.534000000000000141e-02,1.705999999999999878e-02,7.760000000000000404e-03,1.459999999999999926e-03,-1.729999999999999984e-03,-2.089999999999999844e-03,-5.230000000000000274e-03,-7.689999999999999787e-03,-8.609999999999999598e-03,-8.319999999999999271e-03,3.831999999999999990e-02,4.458999999999999769e-02,4.814000000000000223e-02,4.198999999999999955e-02,4.204000000000000098e-02,3.191000000000000086e-02,1.933999999999999955e-02,8.070000000000000784e-03,1.789999999999999925e-03,-8.000000000000000383e-04,1.680000000000000070e-03,5.400000000000000069e-04,-1.700000000000000122e-04,-3.400000000000000244e-04,-2.200000000000000078e-04,-3.510000000000000099e-03,-3.470000000000000168e-02,5.519999999999999733e-03,1.260000000000000052e-03,5.999999999999999474e-04,-1.177399999999999974e-01,6.761999999999999955e-02,-9.128000000000000003e-02,-6.549000000000000654e-02,-5.623999999999999833e-02
cx*c/cref,2.670242408557626027e-02,3.511062734929345369e-02,2.683016744055157290e-02,3.913404390037990982e-02,3.147827092001849458e-02,2.471718376248769125e-02,1.584454344140920692e-02,6.845120504934773357e-03,1.219772591743887658e-03,-1.364669976615945444e-03,-1.531717220446642208e-03,-3.491598909860834949e-03,-4.632062202255322024e-03,-4.624398480371464878e-03,-3.925808893981118548e-03,5.570151828847480502e-02,6.030750668355142757e-02,6.024273603489518208e-02,4.830213119861705151e-02,4.411155031591925541e-02,3.112570378299061441e-02,1.796210258832673518e-02,7.118572483869023935e-03,1.495474615905177228e-03,-6.310612608628649815e-04,1.231236808780076250e-03,3.605092564674666896e-04,-1.023992944581800815e-04,-1.826127158334841149e-04,-1.038074467158468941e-04,-2.706105650364831749e-03,-2.508767429161055593e-02,3.729588534442903388e-03,7.926551287463065500e-04,3.501025146234095636e-04,-9.077403967918953875e-02,4.888843042071197575e-02,-6.167334083767178621e-02,-4.119919395364731590e-02,-3.281627570403425342e-02
cy,4.256999999999999673e-02,4.379999999999999866e-02,4.340000000000000108e-02,4.478000000000000036e-02,4.524999999999999856e-02,-3.159000000000000002e-02,-2.846999999999999878e-02,-2.380000000000000171e-02,-1.811000000000000110e-02,-1.265999999999999938e-02,-9.560000000000000442e-02,-9.175999999999999435e-02,-8.555000000000000104e-02,-7.706999999999999962e-02,-5.380000000000000060e-02,-3.767999999999999822e-02,-3.975000000000000061e-02,-4.155999999999999972e-02,-4.265999999999999653e-02,-4.458000000000000157e-02,2.946000000000000008e-02,2.600999999999999840e-02,2.122999999999999887e-02,1.546999999999999938e-02,1.173000000000000084e-02,6.192000000000000282e-02,4.263000000000000123e-02,3.255000000000000254e-02,2.352999999999999883e-02,1.742000000000000146e-02,5.335499999999999687e-01,5.068399999999999572e-01,4.069400000000000239e-01,2.626000000000000001e-01,1.231799999999999978e-01,-6.438500000000000334e-01,-3.890100000000000224e-01,-4.197799999999999865e-01,-4.458300000000000041e-01,-3.372700000000000142e-01
cy*c/cref,6.187927018633539861e-02,5.923903998070313009e-02,5.431106655410159606e-02,5.151153691531487611e-02,4.747972530436123106e-02,-3.081356886570584680e-02,-2.644162671611489934e-02,-2.099405515688758037e-02,-1.513019290169986819e-02,-9.986544453154838283e-03,-7.006323745200909725e-02,-6.125986921010136838e-02,-5.153093906410179809e-02,-4.139400590966652721e-02,-2.538563924232983132e-02,-5.477122153209109529e-02,-5.376145751673400836e-02,-5.200847755733783995e-02,-4.907284870047638747e-02,-4.677671058714748947e-02,2.873592082252909852e-02,2.415689184707230444e-02,1.872705004120685940e-02,1.292457670840954816e-02,9.252935737401758037e-03,4.537987095217994871e-02,2.846020296890389850e-02,1.960645314478683121e-02,1.263787412812317733e-02,8.219662371772967421e-03,4.113511879635771695e-01,3.664391019584983256e-01,2.749490503996730451e-01,1.651993942926825998e-01,7.187604625218597942e-02,-4.963892088283182180e-01,-2.812494575267844854e-01,-2.836243976428337032e-01,-2.804678063880681194e-01,-1.967984585117289187e-01
cz,9.350899999999999768e-01,9.638900000000000245e-01,9.690299999999999470e-01,9.879700000000000149e-01,1.003859999999999975e+00,9.856300000000000061e-01,8.649099999999999566e-01,7.015700000000000269e-01,5.097399999999999709e-01,2.969899999999999762e-01,2.665000000000000147e-01,2.641499999999999959e-01,2.541599999999999970e-01,2.386000000000000065e-01,1.733399999999999941e-01,7.429200000000000248e-01,8.129199999999999759e-01,8.681900000000000173e-01,9.121200000000000419e-01,9.559600000000000319e-01,9.342099999999999849e-01,8.194700000000000317e-01,6.558500000000000441e-01,4.653300000000000214e-01,2.545600000000000085e-01,1.468800000000000106e-01,1.074200000000000016e-01,8.690000000000000502e-02,6.471999999999999975e-02,4.843999999999999695e-02,-7.193000000000000504e-01,-6.936299999999999688e-01,-6.028299999999999770e-01,-3.761399999999999744e-01,-1.699799999999999922e-01,-7.942200000000000371e-01,-5.345100000000000406e-01,-4.731199999999999850e-01,-5.565900000000000292e-01,-4.156500000000000195e-01
cz*c/cref,1.359236240510697025e+00,1.303651101529679224e+00,1.212650986703250444e+00,1.136486224346217933e+00,1.053325901525658859e+00,9.614048078855856883e-01,8.032886323510690652e-01,6.188571124545217961e-01,4.258677266544720896e-01,2.342736048295778195e-01,1.953122675832680566e-01,1.763491112886691192e-01,1.530929687028885211e-01,1.281511588172626614e-01,8.179083097147681058e-02,1.079900103519668697e+00,1.099465762125871882e+00,1.086459098424089165e+00,1.049234101187963564e+00,1.003065595623362727e+00,9.112486283643892460e-01,7.610860500546076102e-01,5.785273560775091584e-01,3.887649178877967682e-01,2.008036932065636326e-01,1.076452752819152398e-01,7.171463764765791116e-02,5.234410993185793087e-02,3.476086755512673709e-02,2.285651235870737527e-02,-5.545589157571007011e-01,-5.014859803714647457e-01,-4.073021478656187466e-01,-2.366264286719330923e-01,-9.918404239281192192e-02,-6.123200084423808809e-01,-3.864441724959296054e-01,-3.196635738071787469e-01,-3.501459667531006126e-01,-2.425335170053669887e-01
Results_Name,VSPAERO_Comp_Load
Results_Timestamp,1749700088
Results_Date,6,11,2025
Results_Time,23,48,8
AoA,0.000000000000000000e+00,0.000000000000000000e+00,0.000000000000000000e+00,0.000000000000000000e+00,0.000000000000000000e+00,0.000000000000000000e+00,0.000000000000000000e+00,0.000000000000000000e+00,0.000000000000000000e+00
Beta,7.000000000000000000e+00,7.000000000000000000e+00,7.000000000000000000e+00,7.000000000000000000e+00,7.000000000000000000e+00,7.000000000000000000e+00,7.000000000000000000e+00,7.000000000000000000e+00,7.000000000000000000e+00
CDi,0.000000000000000000e+00,7.760000000000000404e-03,1.111999999999999968e-02,-3.980000000000000031e-03,2.400000000000000061e-04,0.000000000000000000e+00,0.000000000000000000e+00,0.000000000000000000e+00,0.000000000000000000e+00
CFx,0.000000000000000000e+00,7.590000000000000392e-03,1.131000000000000061e-02,-5.100000000000000366e-04,-3.950000000000000386e-03,0.000000000000000000e+00,0.000000000000000000e+00,0.000000000000000000e+00,0.000000000000000000e+00
CFy,0.000000000000000000e+00,-1.879999999999999944e-03,8.499999999999999526e-04,2.855999999999999858e-02,-3.413999999999999674e-02,0.000000000000000000e+00,0.000000000000000000e+00,0.000000000000000000e+00,0.000000000000000000e+00
CFz,0.000000000000000000e+00,3.887399999999999745e-01,3.514599999999999946e-01,-3.984999999999999654e-02,-4.241000000000000325e-02,0.000000000000000000e+00,0.000000000000000000e+00,0.000000000000000000e+00,0.000000000000000000e+00
CL,0.000000000000000000e+00,3.887399999999999745e-01,3.514599999999999946e-01,-3.984999999999999654e-02,-4.241000000000000325e-02,0.000000000000000000e+00,0.000000000000000000e+00,0.000000000000000000e+00,0.000000000000000000e+00
Cmx,0.000000000000000000e+00,6.866999999999999493e-02,-6.226000000000000284e-02,-9.300000000000000541e-04,1.250000000000000026e-03,-1.000000000000000082e-05,-9.000000000000000567e-05,6.999999999999999387e-05,-3.000000000000000076e-05
Cmy,0.000000000000000000e+00,-1.928100000000000092e-01,-1.893900000000000028e-01,1.329299999999999926e-01,1.396699999999999886e-01,-1.959999999999999937e-03,-8.229999999999999469e-03,-2.299999999999999961e-03,1.196999999999999974e-02
Cmz,0.000000000000000000e+00,-8.400000000000000348e-04,1.139999999999999954e-03,7.919999999999999957e-03,-9.660000000000000184e-03,3.400000000000000244e-04,-2.900000000000000017e-04,3.249999999999999851e-03,4.179999999999999688e-03
Comp_ID,0,1,2,3,4,5,6,7,8
Comp_Name,NONE,main_wing,main_wing,horizontal_tail,horizontal_tail,fuselage,fuselage,fuselage,fuselage
Cs,0.000000000000000000e+00,-9.399999999999999719e-04,2.220000000000000185e-03,2.828999999999999918e-02,-3.436999999999999778e-02,0.000000000000000000e+00,0.000000000000000000e+00,0.000000000000000000e+00,0.000000000000000000e+00
Mach,1.499999999999999944e-01,1.499999999999999944e-01,1.499999999999999944e-01,1.499999999999999944e-01,1.499999999999999944e-01,1.499999999999999944e-01,1.499999999999999944e-01,1.499999999999999944e-01,1.499999999999999944e-01
Results_Name,VSPAERO_Load
Results_Timestamp,1749700088
Results_Date,6,11,2025
Results_Time,23,48,8
AnalysisMethod,0
Chord,1.735549999999999926e+00,1.614840000000000053e+00,1.494150000000000089e+00,1.373459999999999903e+00,1.252809999999999979e+00,1.164630000000000054e+00,1.108910000000000062e+00,1.053209999999999980e+00,9.975199999999999623e-01,9.418400000000000105e-01,8.750400000000000400e-01,7.971099999999999852e-01,7.191899999999999959e-01,6.412799999999999612e-01,5.633799999999999919e-01,1.735549999999999926e+00,1.614840000000000053e+00,1.494150000000000089e+00,1.373459999999999903e+00,1.252809999999999979e+00,1.164630000000000054e+00,1.108910000000000062e+00,1.053209999999999980e+00,9.975199999999999623e-01,9.418400000000000105e-01,8.750400000000000400e-01,7.971099999999999852e-01,7.191899999999999959e-01,6.412799999999999612e-01,5.633799999999999919e-01,9.205200000000000049e-01,8.632300000000000528e-01,8.067100000000000382e-01,7.511200000000000099e-01,6.966900000000000315e-01,9.205200000000000049e-01,8.632300000000000528e-01,8.067100000000000382e-01,7.511200000000000099e-01,6.966900000000000315e-01
FC_AoA_,0.000000000000000000e+00
FC_Beta_,8.000000000000000000e+00
FC_Bref_,1.417173599999999922e+01
FC_Cref_,1.193975999999999926e+00
FC_Mach_,1.499999999999999944e-01
FC_Pitch_Rate,0.000000000000000000e+00
FC_Rho_,2.377000000000000206e-03
FC_Roll__Rate,0.000000000000000000e+00
FC_Sref_,1.619368700000000061e+01
FC_Vinf_,5.100000000000000000e+01
FC_Xcg_,1.785187999999999997e+00
FC_Yaw___Rate,0.000000000000000000e+00
FC_Ycg_,-0.000000000000000000e+00
FC_Zcg_,7.542510000000000048e-01
S,3.314000000000000279e-02,8.981999999999999706e-02,1.368900000000000117e-01,1.839600000000000124e-01,2.310300000000000131e-01,2.997400000000000064e-01,4.117600000000000149e-01,5.454599999999999449e-01,6.791599999999999859e-01,8.128699999999999815e-01,9.157600000000000184e-01,9.578200000000000047e-01,9.698700000000000099e-01,9.819200000000000150e-01,9.939700000000000202e-01,3.314000000000000279e-02,8.981999999999999706e-02,1.368900000000000117e-01,1.839600000000000124e-01,2.310300000000000131e-01,2.997400000000000064e-01,4.117600000000000149e-01,5.454599999999999449e-01,6.791599999999999859e-01,8.128699999999999815e-01,9.157600000000000184e-01,9.578200000000000047e-01,9.698700000000000099e-01,9.819200000000000150e-01,9.939700000000000202e-01,1.026500000000000051e-01,3.046400000000000219e-01,5.033100000000000351e-01,7.019900000000000029e-01,9.006600000000000161e-01,1.026500000000000051e-01,3.046400000000000219e-01,5.033100000000000351e-01,7.019900000000000029e-01,9.006600000000000161e-01
V/Vref,9.673100000000000032e-01,9.636500000000000066e-01,9.676500000000000101e-01,9.692100000000000160e-01,9.755399999999999627e-01,9.802800000000000402e-01,9.886800000000000033e-01,9.950400000000000356e-01,9.990900000000000336e-01,1.001500000000000057e+00,1.005249999999999977e+00,1.004590000000000094e+00,1.004760000000000097e+00,1.004229999999999956e+00,1.004240000000000022e+00,9.709900000000000198e-01,9.672800000000000287e-01,9.717299999999999827e-01,9.732300000000000395e-01,9.784599999999999964e-01,9.826000000000000290e-01,9.895100000000000007e-01,9.956599999999999895e-01,9.994499999999999496e-01,1.001260000000000039e+00,1.006469999999999976e+00,1.005689999999999973e+00,1.005439999999999889e+00,1.004569999999999963e+00,1.004440000000000000e+00,9.726500000000000146e-01,9.754500000000000393e-01,9.878700000000000259e-01,9.894100000000000117e-01,9.951299999999999590e-01,9.157499999999999529e-01,1.088740000000000041e+00,9.765500000000000291e-01,9.769400000000000306e-01,9.825599999999999890e-01
WingId,1,1,1,1,1,1,1,1,1,1,1,1,1,1,1,2,2,2,2,2,2,2,2,2,2,2,2,2,2,2,3,3,3,3,3,4,4,4,4,4
Xavg,2.392879999999999896e+00,2.382319999999999993e+00,2.371750000000000025e+00,2.361190000000000122e+00,2.350620000000000154e+00,2.337899999999999867e+00,2.323770000000000113e+00,2.309619999999999784e+00,2.295469999999999899e+00,2.281299999999999883e+00,2.284749999999999837e+00,2.305000000000000160e+00,2.325239999999999974e+00,2.345470000000000166e+00,2.365699999999999914e+00,2.392879999999999896e+00,2.382319999999999993e+00,2.371750000000000025e+00,2.361190000000000122e+00,2.350620000000000154e+00,2.337899999999999867e+00,2.323770000000000113e+00,2.309619999999999784e+00,2.295469999999999899e+00,2.281299999999999883e+00,2.284749999999999837e+00,2.305000000000000160e+00,2.325239999999999974e+00,2.345470000000000166e+00,2.365699999999999914e+00,5.819969999999999644e+00,5.917910000000000004e+00,6.015850000000000364e+00,6.113780000000000214e+00,6.211730000000000196e+00,5.819969999999999644e+00,5.917910000000000004e+00,6.015850000000000364e+00,6.113780000000000214e+00,6.211730000000000196e+00
Yavg,1.718899999999999872e-01,5.195499999999999563e-01,8.671900000000000164e-01,1.214800000000000102e+00,1.562359999999999971e+00,2.228590000000000071e+00,3.216559999999999864e+00,4.204550000000000232e+00,5.192569999999999908e+00,6.180620000000000225e+00,6.716649999999999565e+00,6.791660000000000252e+00,6.866660000000000430e+00,6.941650000000000098e+00,7.016610000000000014e+00,-1.718899999999999872e-01,-5.195499999999999563e-01,-8.671900000000000164e-01,-1.214800000000000102e+00,-1.562359999999999971e+00,-2.228590000000000071e+00,-3.216559999999999864e+00,-4.204550000000000232e+00,-5.192569999999999908e+00,-6.180620000000000225e+00,-6.716649999999999565e+00,-6.791660000000000252e+00,-6.866660000000000430e+00,-6.941650000000000098e+00,-7.016610000000000014e+00,1.247400000000000037e-01,3.766700000000000048e-01,6.286100000000000021e-01,8.805399999999999894e-01,1.132460000000000022e+00,-1.247400000000000037e-01,-3.766700000000000048e-01,-6.286100000000000021e-01,-8.805399999999999894e-01,-1.132460000000000022e+00
Zavg,1.119259999999999922e+00,1.109900000000000109e+00,1.100540000000000074e+00,1.091180000000000039e+00,1.081830000000000069e+00,1.094910000000000050e+00,1.130849999999999911e+00,1.166740000000000110e+00,1.202599999999999891e+00,1.238469999999999960e+00,1.270329999999999959e+00,1.298289999999999944e+00,1.326240000000000085e+00,1.354190000000000005e+00,1.382130000000000081e+00,1.119259999999999922e+00,1.109900000000000109e+00,1.100540000000000074e+00,1.091180000000000039e+00,1.081830000000000069e+00,1.094910000000000050e+00,1.130849999999999911e+00,1.166740000000000110e+00,1.202599999999999891e+00,1.238469999999999960e+00,1.270329999999999959e+00,1.298289999999999944e+00,1.326240000000000085e+00,1.354190000000000005e+00,1.382130000000000081e+00,3.569700000000000095e-01,5.334799999999999542e-01,7.099999999999999645e-01,8.865300000000000402e-01,1.063090000000000090e+00,3.569700000000000095e-01,5.334799999999999542e-01,7.099999999999999645e-01,8.865300000000000402e-01,1.063090000000000090e+00
cd,-3.380000000000000192e-03,1.456000000000000003e-02,1.216000000000000067e-02,2.568000000000000144e-02,2.216999999999999874e-02,2.880999999999999880e-02,2.041000000000000106e-02,1.073999999999999955e-02,3.810000000000000019e-03,-6.999999999999999387e-05,1.103999999999999947e-02,7.340000000000000170e-03,4.000000000000000083e-03,1.920000000000000049e-03,-1.199999999999999895e-03,5.748999999999999944e-02,5.140000000000000124e-02,5.383000000000000285e-02,4.725000000000000033e-02,4.753999999999999893e-02,2.722000000000000114e-02,1.538999999999999917e-02,4.910000000000000302e-03,-4.299999999999999894e-04,-2.370000000000000145e-03,-6.499999999999999702e-03,-4.740000000000000289e-03,-4.009999999999999676e-03,-2.990000000000000036e-03,-2.170000000000000054e-03,-7.631999999999999895e-02,-1.030999999999999972e-01,-5.362999999999999712e-02,-2.803999999999999895e-02,-1.294000000000000011e-02,-5.238000000000000295e-02,-9.293299999999999894e-01,-5.578999999999999931e-02,-1.739999999999999880e-02,-1.324999999999999963e-02
cd*c/cref,-4.913129744651484158e-03,1.969224708034332527e-02,1.521710989165611649e-02,2.954033648917566215e-02,2.326244220989366618e-02,2.810189677179440737e-02,1.895586938095908391e-02,9.473787915334982296e-03,3.183105188043980870e-03,-5.521786032550067639e-05,8.090984743411928221e-03,4.900255449020751199e-03,2.409395163721884080e-03,1.031224748236145424e-03,-5.662224366318921150e-04,8.356681331953071112e-02,6.951796016000322265e-02,6.736324222597439570e-02,5.435283875052764752e-02,4.988256665125597594e-02,2.655097640153571137e-02,1.429352424169330095e-02,4.331126505055378842e-03,-3.592480920889532165e-04,-1.869518985306237559e-03,-4.763713843494342230e-03,-3.164470140103318660e-03,-2.415418651631188584e-03,-1.605917706888580765e-03,-1.023918906242671581e-03,-5.884045106434300509e-02,-7.454003514308495115e-02,-3.623511469242263194e-02,-1.763972207146542390e-02,-7.550544232044867007e-03,-4.038342278236749239e-02,-6.718941887441624017e-01,-3.769451890155246093e-02,-1.094618987316327979e-02,-7.731430531266961052e-03
cl,9.362700000000000466e-01,9.661699999999999733e-01,9.689999999999999725e-01,9.858500000000000041e-01,1.000459999999999905e+00,9.833100000000000174e-01,8.625099999999999989e-01,7.003800000000000026e-01,5.096000000000000529e-01,2.978100000000000191e-01,2.730899999999999994e-01,2.741799999999999793e-01,2.669699999999999851e-01,2.542499999999999760e-01,1.853599999999999970e-01,7.523499999999999632e-01,8.120800000000000241e-01,8.647200000000000442e-01,9.072400000000000464e-01,9.502599999999999936e-01,9.263400000000000523e-01,8.124900000000000455e-01,6.495100000000000318e-01,4.600600000000000245e-01,2.508600000000000274e-01,1.372599999999999931e-01,9.571999999999999953e-02,7.613000000000000322e-02,5.525000000000000050e-02,4.168000000000000177e-02,-6.731800000000000006e-01,-6.339399999999999480e-01,-5.798299999999999566e-01,-3.557600000000000207e-01,-1.576299999999999923e-01,-7.709099999999999842e-01,-1.018690000000000095e+00,-5.666799999999999615e-01,-4.940700000000000092e-01,-3.854799999999999893e-01
cl*c/cref,1.360951475155279589e+00,1.306734777583469009e+00,1.212613444491346559e+00,1.134047536131379541e+00,1.049758364154723456e+00,9.591418297352711786e-01,8.010596227227348987e-01,6.178074096966773565e-01,4.257507621593734082e-01,2.349204426219622943e-01,2.001419405415184594e-01,1.830452369226852061e-01,1.608090567147078265e-01,1.365567147078333154e-01,8.746249237840626745e-02,1.093607444789509886e+00,1.098329670948159809e+00,1.082116715913887806e+00,1.043620516995316549e+00,9.970847241485591983e-01,9.035720602424170966e-01,7.546033470522021114e-01,5.729348220567248573e-01,3.843620401080088955e-01,1.978850348750728905e-01,1.005949787935435935e-01,6.390360375752945910e-02,4.585681345353675997e-02,2.967456632294116631e-02,1.966679263234772171e-02,-5.190017668696859099e-01,-4.583308426635041011e-01,-3.917621956387732918e-01,-2.238055465101476404e-01,-9.197776563348007695e-02,-5.943486914309835667e-01,-7.365003724530477802e-01,-3.828773968655986293e-01,-3.108151741743552798e-01,-2.249291955617198635e-01
cmx,8.587000000000000188e-02,3.024999999999999911e-01,5.534000000000000030e-01,8.629400000000000404e-01,1.237610000000000099e+00,1.895299999999999985e+00,2.515859999999999985e+00,2.808930000000000149e+00,2.663349999999999884e+00,1.959629999999999983e+00,2.154459999999999820e+00,2.401390000000000136e+00,2.620779999999999887e+00,2.829689999999999817e+00,2.370769999999999822e+00,-6.733000000000000096e-02,-2.535299999999999776e-01,-4.931800000000000073e-01,-7.934299999999999686e-01,-1.175189999999999957e+00,-1.784080000000000110e+00,-2.367989999999999817e+00,-2.603990000000000027e+00,-2.404269999999999907e+00,-1.652449999999999974e+00,-1.088030000000000053e+00,-8.424700000000000522e-01,-7.502299999999999525e-01,-6.174500000000000544e-01,-5.372000000000000108e-01,1.448099999999999943e-01,-1.363499999999999990e-01,-4.229100000000000081e-01,-4.554400000000000115e-01,-2.968100000000000183e-01,-1.980899999999999883e-01,7.580000000000000626e-02,3.982200000000000184e-01,6.441999999999999948e-01,7.689599999999999769e-01
cmx*c/cref,1.248196601104209769e-01,4.091280729260889926e-01,6.925286689179682709e-01,9.926611359022291525e-01,1.298594095777469759e+00,1.848716589780699193e+00,2.336615068142073426e+00,2.477766023186395827e+00,2.225124200151426646e+00,1.545808223280870086e+00,1.578958604193049231e+00,1.603191339608166510e+00,1.578623664294759754e+00,1.519815811373092851e+00,1.118652638411492317e+00,-9.787012594893029771e-02,-3.428966622444672430e-01,-6.171689355564936585e-01,-9.127020708958972772e-01,-1.233098306749884410e+00,-1.740230197591911665e+00,-2.199280212416330205e+00,-2.296987802016121183e+00,-2.008673047364435860e+00,-1.303496475641051422e+00,-7.973943958672538024e-01,-5.624411727706419839e-01,-4.519001334197672026e-01,-3.316300629158375202e-01,-2.534789107988770218e-01,1.116442049086413812e-01,-9.857937722366279243e-02,-2.857391824458783147e-01,-2.865133744731887533e-01,-1.731898789422903484e-01,-1.527215009346921670e-01,5.480247006640000251e-02,2.690573815554082038e-01,4.052606618558496909e-01,4.486913827413617217e-01
cmy,-3.689100000000000157e-01,-4.069200000000000039e-01,-4.386300000000000199e-01,-4.657800000000000273e-01,-5.023300000000000542e-01,-5.063999999999999613e-01,-4.385600000000000054e-01,-3.517700000000000271e-01,-2.458700000000000052e-01,-1.171200000000000019e-01,-1.024499999999999994e-01,-1.221899999999999931e-01,-1.434499999999999942e-01,-1.682899999999999952e-01,-1.472100000000000075e-01,-4.019599999999999840e-01,-4.207299999999999929e-01,-4.413799999999999946e-01,-4.693200000000000149e-01,-5.041900000000000270e-01,-4.934700000000000197e-01,-4.218799999999999772e-01,-3.314799999999999969e-01,-2.224800000000000111e-01,-9.565999999999999504e-02,-5.380999999999999672e-02,-4.007999999999999757e-02,-3.914000000000000118e-02,-3.445999999999999758e-02,-3.493000000000000271e-02,2.789890000000000203e+00,2.880830000000000002e+00,2.914489999999999803e+00,1.981000000000000094e+00,9.681899999999999951e-01,3.243930000000000202e+00,4.963499999999999801e+00,2.838080000000000158e+00,2.683949999999999836e+00,2.302740000000000009e+00
cmy*c/cref,-5.362434006211179716e-01,-5.503550262316830866e-01,-5.489046802448290796e-01,-5.357982059940903374e-01,-5.270826610417630453e-01,-4.939535066031477961e-01,-4.073143594176097948e-01,-3.102974278377455541e-01,-2.054147172137463506e-01,-9.238736859032342652e-02,-7.508345896399928887e-02,-8.157523342177731840e-02,-8.640693405897606483e-02,-9.038792337534422294e-02,-6.946133741381736726e-02,-5.842845065562456419e-01,-5.690329061890692097e-01,-5.523460496693400890e-01,-5.398703551830187353e-01,-5.290343138388041710e-01,-4.813413051016101618e-01,-3.918227425006867715e-01,-2.923995547649199112e-01,-1.858732919254658389e-01,-7.545915026767707756e-02,-3.943622183360469963e-02,-2.675779814669641474e-02,-2.357593167701863696e-02,-1.850833584594665029e-02,-1.648179142629332614e-02,2.150922248688416083e+00,2.082804747247851029e+00,1.969175450679075734e+00,1.246230007973359699e+00,5.649429227220648109e-01,2.500973590423928528e+00,3.588549606524754410e+00,1.917549026781108168e+00,1.688449787935435875e+00,1.343658440873183535e+00
cmz,1.854000000000000092e-02,1.491999999999999924e-02,1.173000000000000084e-02,-4.159999999999999636e-03,-9.960000000000000103e-03,-6.315999999999999392e-02,-6.237000000000000183e-02,-4.148999999999999910e-02,-1.501000000000000077e-02,7.219999999999999855e-03,-1.985999999999999918e-02,5.749999999999999903e-03,3.203999999999999904e-02,4.914000000000000312e-02,7.113999999999999491e-02,-1.616000000000000075e-02,-6.960000000000000041e-03,4.899999999999999842e-03,1.243000000000000008e-02,2.540999999999999856e-02,7.603999999999999648e-02,6.854000000000000370e-02,4.173999999999999932e-02,1.557000000000000051e-02,-3.200000000000000262e-04,4.089000000000000273e-02,2.452000000000000013e-02,1.627999999999999933e-02,1.186000000000000075e-02,1.257999999999999917e-02,2.073280000000000012e+00,2.151600000000000179e+00,1.983689999999999953e+00,1.325369999999999937e+00,6.698199999999999710e-01,-2.567540000000000155e+00,-5.838540000000000063e+00,-2.080330000000000013e+00,-2.350680000000000103e+00,-2.035950000000000149e+00
cmz*c/cref,2.694953416149068262e-02,2.017914329936280199e-02,1.467900485436893394e-02,-4.785350459305713969e-03,-1.045078594544614041e-02,-6.160762929908138869e-02,-5.792638771633601413e-02,-3.659846001929687592e-02,-1.254026479594229707e-02,5.695327879287356496e-03,-1.455497798950732870e-02,3.838755971644321110e-03,1.929925526141228892e-02,2.639290840016884909e-02,3.356755345166066717e-02,-2.348999309868875229e-02,-9.413326901043237924e-03,6.131894610946954198e-03,1.429853514643510300e-02,2.666209546925566581e-02,7.417105971979336132e-02,6.365679996917861239e-02,3.681898580875997418e-02,1.300812277633721370e-02,-2.524245043451460034e-04,2.996742447084364130e-02,1.636979068255978512e-02,9.806238316348067641e-03,6.369961205250357014e-03,5.935898544024335345e-03,1.598437242959657612e+00,1.555580403626203756e+00,1.340280340559609318e+00,8.337788317353113099e-01,3.908427772417536472e-01,-1.979497008985105611e+00,-4.221192791312388337e+00,-1.405575165916232994e+00,-1.478792506382037963e+00,-1.187985357745884540e+00
cs,4.152999999999999747e-02,4.657000000000000028e-02,4.560999999999999777e-02,4.870000000000000023e-02,4.859000000000000125e-02,-2.778999999999999873e-02,-2.582999999999999879e-02,-2.247000000000000039e-02,-1.773999999999999883e-02,-1.265999999999999938e-02,-9.668999999999999817e-02,-9.453999999999999904e-02,-8.970000000000000195e-02,-8.226999999999999591e-02,-5.793000000000000232e-02,-3.268000000000000071e-02,-3.325000000000000178e-02,-3.431000000000000022e-02,-3.620999999999999913e-02,-3.810999999999999804e-02,3.327999999999999708e-02,2.812999999999999876e-02,2.183999999999999830e-02,1.529999999999999936e-02,1.139000000000000082e-02,5.890999999999999709e-02,3.857000000000000012e-02,2.869999999999999982e-02,2.025000000000000064e-02,1.510000000000000057e-02,4.994199999999999751e-01,4.670099999999999807e-01,3.966500000000000026e-01,2.403099999999999958e-01,1.096599999999999936e-01,-6.406399999999999872e-01,-1.364880000000000093e+00,-4.175200000000000022e-01,-4.225700000000000012e-01,-3.273800000000000043e-01
cs*c/cref,6.036753795721186422e-02,6.298543588815856686e-02,5.707667616434501656e-02,5.602080946350680019e-02,5.098430613345662776e-02,-2.710696672294920714e-02,-2.398971612494723779e-02,-1.982085795694386171e-02,-1.482107245036751002e-02,-9.986544453154838283e-03,-7.086207561961045676e-02,-6.311582427117462535e-02,-5.403068654646325103e-02,-4.418690626947275463e-02,-2.733438812840459364e-02,-4.750327812284334261e-02,-4.497027578443788670e-02,-4.293577634726326864e-02,-4.165325483929324668e-02,-3.998789682539682921e-02,3.246203139761603268e-02,2.612585035210088225e-02,1.926513296749683343e-02,1.278254839293252107e-02,8.984734701535041293e-03,4.317390500311564516e-02,2.574970744805590850e-02,1.728741029970451773e-02,1.087619851655309729e-02,7.124965660951309773e-03,3.850379726225652832e-01,3.376425006030271958e-01,2.679966109034017663e-01,1.511769476103372312e-01,6.398706958933848832e-02,-4.939143942591811554e-01,-9.867914953064385042e-01,-2.820974284240219676e-01,-2.658351410748625021e-01,-1.910276020623530580e-01
cx,2.429999999999999868e-03,2.089999999999999844e-02,1.839000000000000010e-02,3.221000000000000252e-02,2.870999999999999941e-02,2.466000000000000136e-02,1.660999999999999976e-02,7.510000000000000182e-03,1.309999999999999967e-03,-1.830000000000000029e-03,-2.520000000000000104e-03,-5.890000000000000270e-03,-8.519999999999999796e-03,-9.549999999999999462e-03,-9.249999999999999542e-03,5.238000000000000295e-02,4.626999999999999863e-02,4.853999999999999981e-02,4.175000000000000239e-02,4.177000000000000157e-02,3.159000000000000002e-02,1.915000000000000036e-02,7.910000000000000364e-03,1.699999999999999905e-03,-7.600000000000000418e-04,1.770000000000000089e-03,6.800000000000000488e-04,2.000000000000000164e-05,-1.399999999999999877e-04,-4.000000000000000327e-05,-6.069999999999999875e-03,-3.710000000000000103e-02,2.099999999999999870e-03,5.680000000000000153e-03,2.439999999999999895e-03,-1.410299999999999887e-01,-1.110239999999999894e+00,-1.133600000000000024e-01,-7.603999999999999648e-02,-5.868999999999999911e-02
cx*c/cref,3.532220496894409711e-03,2.826703049307523891e-02,2.301337589700295713e-02,3.705195632073006451e-02,3.012470527045769952e-02,2.405389706325755661e-02,1.542660413609653856e-02,6.624594715471668165e-03,1.094453489852392379e-03,-1.443552634223803539e-03,-1.846855213170114267e-03,-3.932221334432182969e-03,-5.132011698727612786e-03,-5.129268930028744317e-03,-4.364631282370834940e-03,7.613897515527950910e-02,6.257968903897566382e-02,6.074329886027860642e-02,4.802605328750326336e-02,4.382824587763908819e-02,3.081356886570584680e-02,1.778563932608360695e-02,6.977435978612635953e-03,1.420283154770279974e-03,-5.995081978197217649e-04,1.297195923536151752e-03,4.539746192553284401e-04,1.204697581860942175e-05,-7.519347122555226828e-05,-1.887408122106307073e-05,-4.679789543508412926e-03,-2.682284484780263906e-02,1.418865203320669819e-03,3.573238993078587961e-03,1.423750226135198993e-03,-1.087299372851715656e-01,-8.026898992944582201e-01,-7.659169497544339456e-02,-4.783610792846757637e-02,-3.424586097207984320e-02
cy,4.159999999999999809e-02,4.408999999999999725e-02,4.347000000000000169e-02,4.465000000000000219e-02,4.503999999999999670e-02,-3.153000000000000247e-02,-2.842000000000000082e-02,-2.375000000000000028e-02,-1.808999999999999844e-02,-1.252999999999999947e-02,-9.729000000000000148e-02,-9.464000000000000190e-02,-8.938000000000000111e-02,-8.172999999999999710e-02,-5.720000000000000084e-02,-4.036000000000000004e-02,-4.007999999999999757e-02,-4.146999999999999992e-02,-4.243000000000000244e-02,-4.435000000000000053e-02,2.917000000000000148e-02,2.571999999999999981e-02,2.094999999999999987e-02,1.520999999999999956e-02,1.159999999999999920e-02,5.924000000000000099e-02,3.885000000000000259e-02,2.897999999999999882e-02,2.046999999999999861e-02,1.525999999999999926e-02,5.051799999999999624e-01,4.768200000000000216e-01,4.002499999999999947e-01,2.418700000000000017e-01,1.103999999999999981e-01,-6.271200000000000108e-01,-1.222259999999999902e+00,-4.056899999999999951e-01,-4.160300000000000109e-01,-3.223500000000000254e-01
cy*c/cref,6.046928916494133388e-02,5.963126193491326277e-02,5.439866504854369567e-02,5.136199471346157563e-02,4.725937740792109792e-02,-3.075504356871495287e-02,-2.639518901552460189e-02,-2.094994999899495516e-02,-1.511348368811433161e-02,-9.883996998264622802e-03,-7.130180305131762764e-02,-6.318258524459453851e-02,-5.383793493336549996e-02,-4.389687430903133764e-02,-2.698993614612019143e-02,-5.866683919944789410e-02,-5.420777905083519477e-02,-5.189585092162657398e-02,-4.880827403565900918e-02,-4.653537717676067831e-02,2.845304855373977787e-02,2.388755318364858479e-02,1.848006115700818325e-02,1.270735693179762295e-02,9.150388282511540822e-03,4.341575509055459192e-02,2.593663817363163135e-02,1.745606796116504905e-02,1.099435968562182016e-02,7.200461985835560769e-03,3.894787613821383276e-01,3.447350102514623593e-01,2.704289512519514882e-01,1.521583301506898023e-01,6.441886269070735971e-02,-4.834908761985166059e-01,-8.836789850047237493e-01,-2.741044877786488199e-01,-2.617208835018459689e-01,-1.880925759814268128e-01
cz,9.362700000000000466e-01,9.661699999999999733e-01,9.689999999999999725e-01,9.858500000000000041e-01,1.000459999999999905e+00,9.833100000000000174e-01,8.625099999999999989e-01,7.003800000000000026e-01,5.096000000000000529e-01,2.978100000000000191e-01,2.730899999999999994e-01,2.741799999999999793e-01,2.669699999999999851e-01,2.542499999999999760e-01,1.853599999999999970e-01,7.523499999999999632e-01,8.120800000000000241e-01,8.647200000000000442e-01,9.072400000000000464e-01,9.502599999999999936e-01,9.263400000000000523e-01,8.124900000000000455e-01,6.495100000000000318e-01,4.600600000000000245e-01,2.508600000000000274e-01,1.372599999999999931e-01,9.571999999999999953e-02,7.613000000000000322e-02,5.525000000000000050e-02,4.168000000000000177e-02,-6.731800000000000006e-01,-6.339399999999999480e-01,-5.798299999999999566e-01,-3.557600000000000207e-01,-1.576299999999999923e-01,-7.709099999999999842e-01,-1.018690000000000095e+00,-5.666799999999999615e-01,-4.940700000000000092e-01,-3.854799999999999893e-01
cz*c/cref,1.360951475155279589e+00,1.306734777583469009e+00,1.212613444491346559e+00,1.134047536131379541e+00,1.049758364154723456e+00,9.591418297352711786e-01,8.010596227227348987e-01,6.178074096966773565e-01,4.257507621593734082e-01,2.349204426219622943e-01,2.001419405415184594e-01,1.830452369226852061e-01,1.608090567147078265e-01,1.365567147078333154e-01,8.746249237840626745e-02,1.093607444789509886e+00,1.098329670948159809e+00,1.082116715913887806e+00,1.043620516995316549e+00,9.970847241485591983e-01,9.035720602424170966e-01,7.546033470522021114e-01,5.729348220567248573e-01,3.843620401080088955e-01,1.978850348750728905e-01,1.005949787935435935e-01,6.390360375752945910e-02,4.585681345353675997e-02,2.967456632294116631e-02,1.966679263234772171e-02,-5.190017668696859099e-01,-4.583308426635041011e-01,-3.917621956387732918e-01,-2.238055465101476404e-01,-9.197776563348007695e-02,-5.943486914309835667e-01,-7.365003724530477802e-01,-3.828773968655986293e-01,-3.108151741743552798e-01,-2.249291955617198635e-01
Results_Name,VSPAERO_Comp_Load
Results_Timestamp,1749700088
Results_Date,6,11,2025
Results_Time,23,48,8
AoA,0.000000000000000000e+00,0.000000000000000000e+00,0.000000000000000000e+00,0.000000000000000000e+00,0.000000000000000000e+00,0.000000000000000000e+00,0.000000000000000000e+00,0.000000000000000000e+00,0.000000000000000000e+00
Beta,8.000000000000000000e+00,8.000000000000000000e+00,8.000000000000000000e+00,8.000000000000000000e+00,8.000000000000000000e+00,8.000000000000000000e+00,8.000000000000000000e+00,8.000000000000000000e+00,8.000000000000000000e+00
CDi,0.000000000000000000e+00,6.689999999999999766e-03,1.166000000000000023e-02,-4.309999999999999595e-03,-1.697999999999999857e-02,0.000000000000000000e+00,0.000000000000000000e+00,0.000000000000000000e+00,0.000000000000000000e+00
CFx,0.000000000000000000e+00,6.479999999999999649e-03,1.186000000000000075e-02,-5.500000000000000331e-04,-2.366000000000000048e-02,0.000000000000000000e+00,0.000000000000000000e+00,0.000000000000000000e+00,0.000000000000000000e+00
CFy,0.000000000000000000e+00,-1.949999999999999910e-03,6.099999999999999737e-04,2.704000000000000153e-02,-4.633999999999999925e-02,0.000000000000000000e+00,0.000000000000000000e+00,0.000000000000000000e+00,0.000000000000000000e+00
CFz,0.000000000000000000e+00,3.885299999999999865e-01,3.492000000000000104e-01,-3.731999999999999901e-02,-4.986999999999999766e-02,0.000000000000000000e+00,0.000000000000000000e+00,0.000000000000000000e+00,0.000000000000000000e+00
CL,0.000000000000000000e+00,3.885299999999999865e-01,3.492000000000000104e-01,-3.731999999999999901e-02,-4.986999999999999766e-02,0.000000000000000000e+00,0.000000000000000000e+00,0.000000000000000000e+00,0.000000000000000000e+00
Cmx,0.000000000000000000e+00,6.868000000000000493e-02,-6.160000000000000198e-02,-8.700000000000000051e-04,1.180000000000000059e-03,-2.000000000000000164e-05,-8.000000000000000654e-05,9.000000000000000567e-05,-1.100000000000000039e-04
Cmy,0.000000000000000000e+00,-1.922599999999999865e-01,-1.887699999999999934e-01,1.242599999999999955e-01,1.699499999999999900e-01,-3.619999999999999954e-03,-8.059999999999999457e-03,-2.320000000000000014e-03,-4.950000000000000407e-03
Cmz,0.000000000000000000e+00,-7.799999999999999859e-04,1.119999999999999902e-03,7.490000000000000130e-03,-1.336000000000000035e-02,3.099999999999999999e-04,-2.400000000000000061e-04,3.670000000000000085e-03,3.569999999999999823e-03
Comp_ID,0,1,2,3,4,5,6,7,8
Comp_Name,NONE,main_wing,main_wing,horizontal_tail,horizontal_tail,fuselage,fuselage,fuselage,fuselage
Cs,0.000000000000000000e+00,-1.030000000000000100e-03,2.259999999999999856e-03,2.670000000000000151e-02,-4.918000000000000149e-02,0.000000000000000000e+00,0.000000000000000000e+00,0.000000000000000000e+00,0.000000000000000000e+00
Mach,1.499999999999999944e-01,1.499999999999999944e-01,1.499999999999999944e-01,1.499999999999999944e-01,1.499999999999999944e-01,1.499999999999999944e-01,1.499999999999999944e-01,1.499999999999999944e-01,1.499999999999999944e-01
Results_Name,VSPAERO_Load
Results_Timestamp,1749700088
Results_Date,6,11,2025
Results_Time,23,48,8
AnalysisMethod,0
Chord,1.735549999999999926e+00,1.614840000000000053e+00,1.494150000000000089e+00,1.373459999999999903e+00,1.252809999999999979e+00,1.164630000000000054e+00,1.108910000000000062e+00,1.053209999999999980e+00,9.975199999999999623e-01,9.418400000000000105e-01,8.750400000000000400e-01,7.971099999999999852e-01,7.191899999999999959e-01,6.412799999999999612e-01,5.633799999999999919e-01,1.735549999999999926e+00,1.614840000000000053e+00,1.494150000000000089e+00,1.373459999999999903e+00,1.252809999999999979e+00,1.164630000000000054e+00,1.108910000000000062e+00,1.053209999999999980e+00,9.975199999999999623e-01,9.418400000000000105e-01,8.750400000000000400e-01,7.971099999999999852e-01,7.191899999999999959e-01,6.412799999999999612e-01,5.633799999999999919e-01,9.205200000000000049e-01,8.632300000000000528e-01,8.067100000000000382e-01,7.511200000000000099e-01,6.966900000000000315e-01,9.205200000000000049e-01,8.632300000000000528e-01,8.067100000000000382e-01,7.511200000000000099e-01,6.966900000000000315e-01
FC_AoA_,0.000000000000000000e+00
FC_Beta_,9.000000000000000000e+00
FC_Bref_,1.417173599999999922e+01
FC_Cref_,1.193975999999999926e+00
FC_Mach_,1.499999999999999944e-01
FC_Pitch_Rate,0.000000000000000000e+00
FC_Rho_,2.377000000000000206e-03
FC_Roll__Rate,0.000000000000000000e+00
FC_Sref_,1.619368700000000061e+01
FC_Vinf_,5.100000000000000000e+01
FC_Xcg_,1.785187999999999997e+00
FC_Yaw___Rate,0.000000000000000000e+00
FC_Ycg_,-0.000000000000000000e+00
FC_Zcg_,7.542510000000000048e-01
S,3.314000000000000279e-02,8.981999999999999706e-02,1.368900000000000117e-01,1.839600000000000124e-01,2.310300000000000131e-01,2.997400000000000064e-01,4.117600000000000149e-01,5.454599999999999449e-01,6.791599999999999859e-01,8.128699999999999815e-01,9.157600000000000184e-01,9.578200000000000047e-01,9.698700000000000099e-01,9.819200000000000150e-01,9.939700000000000202e-01,3.314000000000000279e-02,8.981999999999999706e-02,1.368900000000000117e-01,1.839600000000000124e-01,2.310300000000000131e-01,2.997400000000000064e-01,4.117600000000000149e-01,5.454599999999999449e-01,6.791599999999999859e-01,8.128699999999999815e-01,9.157600000000000184e-01,9.578200000000000047e-01,9.698700000000000099e-01,9.819200000000000150e-01,9.939700000000000202e-01,1.026500000000000051e-01,3.046400000000000219e-01,5.033100000000000351e-01,7.019900000000000029e-01,9.006600000000000161e-01,1.026500000000000051e-01,3.046400000000000219e-01,5.033100000000000351e-01,7.019900000000000029e-01,9.006600000000000161e-01
V/Vref,9.675599999999999756e-01,9.619900000000000118e-01,9.664099999999999913e-01,9.680400000000000116e-01,9.748499999999999943e-01,9.798000000000000043e-01,9.885800000000000143e-01,9.946599999999999886e-01,9.989599999999999591e-01,1.001470000000000082e+00,1.004860000000000086e+00,1.004259999999999931e+00,1.004499999999999948e+00,1.003919999999999924e+00,1.003889999999999949e+00,9.724800000000000111e-01,9.672899999999999832e-01,9.716299999999999937e-01,9.731499999999999595e-01,9.785300000000000109e-01,9.825899999999999634e-01,9.895399999999999752e-01,9.957000000000000295e-01,9.994800000000000351e-01,1.001330000000000053e+00,1.006280000000000063e+00,1.005419999999999980e+00,1.005149999999999988e+00,1.004199999999999982e+00,1.004070000000000018e+00,9.749600000000000488e-01,9.766599999999999726e-01,9.877099999999999769e-01,9.920099999999999474e-01,9.960499999999999909e-01,9.200800000000000090e-01,9.987399999999999611e-01,9.698799999999999644e-01,9.761400000000000077e-01,9.813300000000000356e-01
WingId,1,1,1,1,1,1,1,1,1,1,1,1,1,1,1,2,2,2,2,2,2,2,2,2,2,2,2,2,2,2,3,3,3,3,3,4,4,4,4,4
Xavg,2.392879999999999896e+00,2.382319999999999993e+00,2.371750000000000025e+00,2.361190000000000122e+00,2.350620000000000154e+00,2.337899999999999867e+00,2.323770000000000113e+00,2.309619999999999784e+00,2.295469999999999899e+00,2.281299999999999883e+00,2.284749999999999837e+00,2.305000000000000160e+00,2.325239999999999974e+00,2.345470000000000166e+00,2.365699999999999914e+00,2.392879999999999896e+00,2.382319999999999993e+00,2.371750000000000025e+00,2.361190000000000122e+00,2.350620000000000154e+00,2.337899999999999867e+00,2.323770000000000113e+00,2.309619999999999784e+00,2.295469999999999899e+00,2.281299999999999883e+00,2.284749999999999837e+00,2.305000000000000160e+00,2.325239999999999974e+00,2.345470000000000166e+00,2.365699999999999914e+00,5.819969999999999644e+00,5.917910000000000004e+00,6.015850000000000364e+00,6.113780000000000214e+00,6.211730000000000196e+00,5.819969999999999644e+00,5.917910000000000004e+00,6.015850000000000364e+00,6.113780000000000214e+00,6.211730000000000196e+00
Yavg,1.718899999999999872e-01,5.195499999999999563e-01,8.671900000000000164e-01,1.214800000000000102e+00,1.562359999999999971e+00,2.228590000000000071e+00,3.216559999999999864e+00,4.204550000000000232e+00,5.192569999999999908e+00,6.180620000000000225e+00,6.716649999999999565e+00,6.791660000000000252e+00,6.866660000000000430e+00,6.941650000000000098e+00,7.016610000000000014e+00,-1.718899999999999872e-01,-5.195499999999999563e-01,-8.671900000000000164e-01,-1.214800000000000102e+00,-1.562359999999999971e+00,-2.228590000000000071e+00,-3.216559999999999864e+00,-4.204550000000000232e+00,-5.192569999999999908e+00,-6.180620000000000225e+00,-6.716649999999999565e+00,-6.791660000000000252e+00,-6.866660000000000430e+00,-6.941650000000000098e+00,-7.016610000000000014e+00,1.247400000000000037e-01,3.766700000000000048e-01,6.286100000000000021e-01,8.805399999999999894e-01,1.132460000000000022e+00,-1.247400000000000037e-01,-3.766700000000000048e-01,-6.286100000000000021e-01,-8.805399999999999894e-01,-1.132460000000000022e+00
Zavg,1.119259999999999922e+00,1.109900000000000109e+00,1.100540000000000074e+00,1.091180000000000039e+00,1.081830000000000069e+00,1.094910000000000050e+00,1.130849999999999911e+00,1.166740000000000110e+00,1.202599999999999891e+00,1.238469999999999960e+00,1.270329999999999959e+00,1.298289999999999944e+00,1.326240000000000085e+00,1.354190000000000005e+00,1.382130000000000081e+00,1.119259999999999922e+00,1.109900000000000109e+00,1.100540000000000074e+00,1.091180000000000039e+00,1.081830000000000069e+00,1.094910000000000050e+00,1.130849999999999911e+00,1.166740000000000110e+00,1.202599999999999891e+00,1.238469999999999960e+00,1.270329999999999959e+00,1.298289999999999944e+00,1.326240000000000085e+00,1.354190000000000005e+00,1.382130000000000081e+00,3.569700000000000095e-01,5.334799999999999542e-01,7.099999999999999645e-01,8.865300000000000402e-01,1.063090000000000090e+00,3.569700000000000095e-01,5.334799999999999542e-01,7.099999999999999645e-01,8.865300000000000402e-01,1.063090000000000090e+00
cd,-1.128999999999999969e-02,1.094000000000000007e-02,8.949999999999999623e-03,2.398000000000000131e-02,2.048000000000000168e-02,2.875000000000000125e-02,2.066000000000000128e-02,1.106999999999999998e-02,4.040000000000000188e-03,5.000000000000000240e-05,1.242000000000000048e-02,8.600000000000000006e-03,5.089999999999999906e-03,2.809999999999999998e-03,-1.010000000000000047e-03,6.325000000000000067e-02,5.358999999999999875e-02,5.623000000000000220e-02,4.845000000000000001e-02,4.886999999999999678e-02,2.696000000000000132e-02,1.512999999999999935e-02,4.680000000000000132e-03,-5.999999999999999474e-04,-2.500000000000000052e-03,-7.020000000000000198e-03,-4.709999999999999777e-03,-3.810000000000000019e-03,-2.739999999999999814e-03,-1.990000000000000015e-03,-8.018999999999999739e-02,-9.791999999999999316e-02,-8.042000000000000537e-02,-2.580000000000000002e-02,-1.004999999999999991e-02,-2.931999999999999884e-02,7.739000000000000046e-02,-5.199999999999999544e-04,-8.880000000000000740e-03,-1.222999999999999955e-02
cd*c/cref,-1.641101621808143535e-02,1.479623510020302082e-02,1.120009321795412995e-02,2.758478461878630800e-02,2.148916628139929674e-02,2.804337147480351691e-02,1.918805788391056769e-02,9.764881957426280179e-03,3.375261144277606849e-03,3.944132880392906134e-05,9.102357836338420549e-03,5.741443714111506627e-03,3.065955345836097155e-03,1.509240386741442057e-03,-4.765705508318425401e-04,9.193948412698411954e-02,7.247991215903837325e-02,7.036661917827495560e-02,5.573322830609660217e-02,5.127810332871012705e-02,2.629736678124183769e-02,1.405204819862375908e-02,4.128242778749321822e-03,-5.012764075659812248e-04,-1.972066440196452823e-03,-5.144810950973889574e-03,-3.144441848077347921e-03,-2.294948893445094597e-03,-1.471643651128665868e-03,-9.389855407478878016e-04,-6.182410601218115559e-02,-7.079495869263703611e-02,-5.433578078621346952e-02,-1.623055739813865708e-02,-5.864217119942110625e-03,-2.260484833866007598e-02,5.595202055987725381e-02,-3.513380503460706043e-04,-5.586331383545398502e-03,-7.136256256407165141e-03
cl,9.375499999999999945e-01,9.718700000000000117e-01,9.716700000000000337e-01,9.863499999999999490e-01,9.985199999999999632e-01,9.809299999999999686e-01,8.603600000000000136e-01,6.986900000000000333e-01,5.086100000000000065e-01,2.975999999999999757e-01,2.778999999999999804e-01,2.819400000000000239e-01,2.768399999999999750e-01,2.657100000000000017e-01,1.915100000000000136e-01,7.500299999999999745e-01,8.067100000000000382e-01,8.593899999999999872e-01,9.015199999999999880e-01,9.446900000000000297e-01,9.192099999999999715e-01,8.068600000000000216e-01,6.450900000000000523e-01,4.562999999999999834e-01,2.464399999999999924e-01,1.281799999999999884e-01,8.440000000000000280e-02,6.585000000000000575e-02,4.662000000000000172e-02,3.574000000000000093e-02,-6.451099999999999612e-01,-5.860999999999999543e-01,-5.199599999999999778e-01,-3.400799999999999934e-01,-1.193400000000000016e-01,-7.642299999999999649e-01,-1.167499999999999982e+00,-8.232099999999999973e-01,-5.912600000000000078e-01,-4.384600000000000164e-01
cl*c/cref,1.362812068668046939e+00,1.314443967717944250e+00,1.215954701350780987e+00,1.134622698446199784e+00,1.047722769301895562e+00,9.568203262879656501e-01,7.990628015973521014e-01,6.163166553599067621e-01,4.249236560868895340e-01,2.347547890409857341e-01,2.036670887857042478e-01,1.882258884600695736e-01,1.667542392811915686e-01,1.427118374238678100e-01,9.036438236614471875e-02,1.090235119047618939e+00,1.091066802347786080e+00,1.075446716265653579e+00,1.037040660113771162e+00,9.912402585144091116e-01,8.966173041166657365e-01,7.493744619657347616e-01,5.690359260990172086e-01,3.812207079539287058e-01,1.943984214088055329e-01,9.394043699370842326e-02,5.634626156639664651e-02,3.966466788277151628e-02,2.503942591810890891e-02,1.686399157101985471e-02,-4.973606313694747816e-01,-4.237431095767419387e-01,-3.513110243421978529e-01,-2.139413937968602519e-01,-6.963539015859616932e-02,-5.891986100223119971e-01,-8.440881768142743935e-01,-5.562019162026707875e-01,-3.719565646210644116e-01,-2.558432476029669500e-01
cmx,8.627999999999999559e-02,3.043299999999999894e-01,5.548600000000000199e-01,8.634199999999999653e-01,1.235130000000000061e+00,1.890759999999999996e+00,2.509669999999999845e+00,2.802169999999999828e+00,2.658139999999999947e+00,1.957759999999999945e+00,2.192060000000000120e+00,2.468890000000000029e+00,2.717099999999999849e+00,2.956370000000000164e+00,2.448170000000000179e+00,-6.700000000000000400e-02,-2.518000000000000238e-01,-4.899800000000000266e-01,-7.883700000000000152e-01,-1.168179999999999996e+00,-1.770250000000000101e+00,-2.351399999999999935e+00,-2.586180000000000145e+00,-2.384580000000000144e+00,-1.623119999999999896e+00,-1.016820000000000057e+00,-7.436700000000000532e-01,-6.494299999999999518e-01,-5.214999999999999636e-01,-4.610799999999999899e-01,1.386600000000000055e-01,-1.241400000000000003e-01,-3.821200000000000152e-01,-4.291499999999999759e-01,-2.225999999999999923e-01,-1.984599999999999975e-01,2.669199999999999906e-01,5.840499999999999581e-01,7.694100000000000383e-01,8.748799999999999910e-01
cmx*c/cref,1.254156314699792774e-01,4.116031287061046595e-01,6.943557232306177829e-01,9.932132917244567150e-01,1.295991892048081517e+00,1.844288175641721539e+00,2.330866080808994489e+00,2.471803005839313450e+00,2.220771450012395398e+00,1.544333117583603032e+00,1.606514856580032014e+00,1.648254996666599581e+00,1.636641899837182557e+00,1.587855160907757135e+00,1.155173985574249551e+00,-9.739044168391994272e-02,-3.405568554141792381e-01,-6.131644329534262639e-01,-9.068814282699149132e-01,-1.225742884111573616e+00,-1.726740116635510525e+00,-2.183872183360469510e+00,-2.281277544774769517e+00,-1.992222826589479245e+00,-1.280360192164666566e+00,-7.452060785141411126e-01,-4.964813310317795492e-01,-3.911833752939757325e-01,-2.800956803151821717e-01,-2.175615342351940040e-01,1.069027377434722398e-01,-8.975169701903557007e-02,-2.581794149966163965e-01,-2.699745623027598462e-01,-1.298880329252849464e-01,-1.530067599348730878e-01,1.929798853578296447e-01,3.946134390473510223e-01,4.840291925465838863e-01,5.104961466562142336e-01
cmy,-3.616099999999999870e-01,-4.039800000000000058e-01,-4.366300000000000181e-01,-4.635400000000000076e-01,-4.998099999999999765e-01,-5.043400000000000105e-01,-4.371200000000000085e-01,-3.506500000000000172e-01,-2.454099999999999893e-01,-1.172200000000000047e-01,-1.036299999999999999e-01,-1.253400000000000070e-01,-1.486200000000000021e-01,-1.758299999999999863e-01,-1.505900000000000016e-01,-4.109499999999999820e-01,-4.237400000000000055e-01,-4.419699999999999740e-01,-4.689900000000000180e-01,-5.029700000000000282e-01,-4.907799999999999940e-01,-4.195999999999999730e-01,-3.296999999999999931e-01,-2.208900000000000030e-01,-9.360999999999999877e-02,-5.047999999999999710e-02,-3.466999999999999943e-02,-3.366999999999999854e-02,-2.942000000000000171e-02,-3.107000000000000040e-02,2.673169999999999824e+00,2.661430000000000184e+00,2.598430000000000017e+00,1.906970000000000054e+00,7.372600000000000264e-01,3.215749999999999886e+00,5.283689999999999998e+00,4.172819999999999752e+00,3.232559999999999878e+00,2.626219999999999999e+00
cmy*c/cref,-5.256322032436162583e-01,-5.463787071096907200e-01,-5.464018661179119718e-01,-5.332214788236949721e-01,-5.244384862844814199e-01,-4.919441380731271463e-01,-4.059769536406092616e-01,-3.093094723009507940e-01,-2.050304053012790839e-01,-9.246625124793128592e-02,-7.594825624635671846e-02,-8.367820408450421521e-02,-8.952107730808660235e-02,-9.443762889706325270e-02,-7.105619727699719057e-02,-5.973522688060730612e-01,-5.731038995758709342e-01,-5.530843798367807151e-01,-5.394907480552373347e-01,-5.277541974880568532e-01,-4.787174209531850355e-01,-3.897051833537692467e-01,-2.908294111439426177e-01,-1.845449094454159888e-01,-7.384205578671598769e-02,-3.699573458762990541e-02,-2.314602948467976012e-02,-2.028108379062895650e-02,-1.580137088182676994e-02,-1.466044258846073943e-02,2.060934598685400854e+00,1.924181238902624713e+00,1.755629481078346821e+00,1.199658373702654046e+00,4.301942998854249023e-01,2.479247648193933617e+00,3.820043048352731230e+00,2.819366237009789167e+00,2.033575605539809761e+00,1.532410376590484402e+00
cmz,1.856000000000000011e-02,1.574000000000000052e-02,1.298999999999999981e-02,-3.540000000000000178e-03,-9.050000000000000752e-03,-6.205000000000000099e-02,-6.180000000000000077e-02,-4.123000000000000276e-02,-1.457999999999999921e-02,7.810000000000000102e-03,-1.621999999999999831e-02,1.111999999999999968e-02,3.930000000000000160e-02,5.836999999999999827e-02,8.347999999999999865e-02,-1.670999999999999916e-02,-6.640000000000000069e-03,5.870000000000000218e-03,1.299999999999999940e-02,2.632999999999999924e-02,7.653000000000000080e-02,6.902999999999999414e-02,4.214999999999999997e-02,1.581000000000000114e-02,-1.399999999999999877e-04,4.116999999999999826e-02,2.416000000000000092e-02,1.628999999999999893e-02,1.218999999999999945e-02,1.324999999999999963e-02,1.996629999999999905e+00,2.033729999999999816e+00,1.870139999999999914e+00,1.234760000000000080e+00,5.044699999999999740e-01,-2.564970000000000194e+00,-3.772650000000000059e+00,-3.065980000000000150e+00,-2.769420000000000215e+00,-2.324310000000000098e+00
cmz*c/cref,2.697860593512767247e-02,2.128818468712939324e-02,1.625577775432672165e-02,-4.072149188928420385e-03,-9.495945060872246907e-03,-6.052491130474985104e-02,-5.739699792960663294e-02,-3.636911319825524708e-02,-1.218101670385334304e-02,6.160735559173719129e-03,-1.188729823715049642e-02,7.423820244293017484e-03,2.367230748356751249e-02,3.135030653882490276e-02,3.939020750835862950e-02,-2.428946687370600252e-02,-8.980530261914813211e-03,7.345759462501760297e-03,1.495422018533035767e-02,2.762742911080290006e-02,7.464901631188566866e-02,6.411188943496351489e-02,3.718064810347947169e-02,1.320863333936360580e-02,-1.104357206510013528e-04,3.017263060564031804e-02,1.612945117824813798e-02,9.812261804257371711e-03,6.547202958853443923e-03,6.252039404477141918e-03,1.539342371705963997e+00,1.470361839685219829e+00,1.263560272065770151e+00,7.767768625164995777e-01,2.943603592534523861e-01,-1.977515615389254355e+00,-2.727579666174194895e+00,-2.071529683846241809e+00,-1.742218227502060568e+00,-1.356244626273895193e+00
cs,3.994999999999999940e-02,4.662000000000000172e-02,4.538999999999999979e-02,4.891000000000000208e-02,4.862999999999999962e-02,-2.728999999999999829e-02,-2.548999999999999877e-02,-2.230999999999999997e-02,-1.769000000000000086e-02,-1.254000000000000080e-02,-9.760000000000000620e-02,-9.644999999999999407e-02,-9.227000000000000479e-02,-8.505999999999999672e-02,-5.902000000000000302e-02,-3.225000000000000089e-02,-3.223999999999999783e-02,-3.305999999999999911e-02,-3.509000000000000313e-02,-3.697999999999999898e-02,3.355000000000000343e-02,2.820999999999999897e-02,2.176000000000000156e-02,1.510000000000000057e-02,1.118000000000000070e-02,5.641000000000000181e-02,3.497999999999999721e-02,2.534000000000000141e-02,1.750000000000000167e-02,1.322000000000000085e-02,4.795200000000000018e-01,4.402800000000000047e-01,3.667400000000000104e-01,2.224599999999999911e-01,8.239000000000000490e-02,-6.383799999999999475e-01,-8.443199999999999594e-01,-6.068799999999999750e-01,-4.964899999999999869e-01,-3.728400000000000047e-01
cs*c/cref,5.807086783988957279e-02,6.305306036302238404e-02,5.680136661038413110e-02,5.626237763573137263e-02,5.102627716134998381e-02,-2.661925591469175428e-02,-2.367393976093322069e-02,-1.967972145168747286e-02,-1.477929941640367985e-02,-9.891885264025408742e-03,-7.152899555769966222e-02,-6.439095886349474607e-02,-5.557872293915456369e-02,-4.568540473175339983e-02,-2.784870684167856103e-02,-4.687823498964803492e-02,-4.360426139218878672e-02,-4.137151751794006238e-02,-4.036489125409556400e-02,-3.880221528740946529e-02,3.272539523407506229e-02,2.620015067304535747e-02,1.919456471486864421e-02,1.261545625707719519e-02,8.819081120558538295e-03,4.134170737100244242e-02,2.335298850228145068e-02,1.526351836217813666e-02,9.399183903194035378e-03,6.237883843561345398e-03,3.696956642344569888e-01,3.183170385334379016e-01,2.477879165075345114e-01,1.399476666197645436e-01,4.807491029970453050e-02,-4.921720014472653060e-01,-6.104330016683752191e-01,-4.100385307577371630e-01,-3.123375752946457862e-01,-2.175537025869867247e-01
cx,-4.899999999999999842e-03,1.810000000000000150e-02,1.593999999999999931e-02,3.133999999999999980e-02,2.784000000000000016e-02,2.412999999999999867e-02,1.642000000000000057e-02,7.440000000000000432e-03,1.219999999999999947e-03,-1.910000000000000022e-03,-3.000000000000000062e-03,-6.590000000000000371e-03,-9.400000000000000369e-03,-1.054000000000000076e-02,-1.022999999999999951e-02,5.743000000000000188e-02,4.787999999999999895e-02,5.036000000000000199e-02,4.236999999999999794e-02,4.247999999999999693e-02,3.187000000000000249e-02,1.934999999999999915e-02,8.030000000000000679e-03,1.770000000000000089e-03,-7.200000000000000453e-04,1.889999999999999970e-03,8.199999999999999824e-04,2.100000000000000087e-04,3.000000000000000076e-05,1.000000000000000048e-04,-4.190000000000000148e-03,-2.784000000000000016e-02,-2.205999999999999975e-02,9.320000000000000159e-03,2.959999999999999958e-03,-1.288199999999999901e-01,-5.564000000000000196e-02,-9.544999999999999318e-02,-8.644000000000000294e-02,-7.041000000000000036e-02
cx*c/cref,-7.122584541062801713e-03,2.448005990070152571e-02,1.994742859152947786e-02,3.605117389294257291e-02,2.921183541377716381e-02,2.353692360650465332e-02,1.525014087385341208e-02,6.562847494421999127e-03,1.019262028717495125e-03,-1.506658760310090189e-03,-2.198637158535850494e-03,-4.399548148371491829e-03,-5.662078634746427371e-03,-5.660994190838007645e-03,-4.827046272286880310e-03,8.347959799861973118e-02,6.475719712959054908e-02,6.302085971577318924e-02,4.873925455788055694e-02,4.457323162274618583e-02,3.108668691833002193e-02,1.797139012844479328e-02,7.083288357554926723e-03,1.478765402319644770e-03,-5.679551347765785484e-04,1.385141409877585755e-03,5.474399820431900821e-04,1.264932460953989250e-04,1.611288669118977226e-05,4.718520305265767851e-05,-3.230365434481095432e-03,-2.012797845182818027e-02,-1.490484113583522702e-02,5.863131587234584469e-03,1.727172405475487296e-03,-9.931639027920159679e-02,-4.022703739438648896e-02,-6.449080174140853217e-02,-5.437865819748471247e-02,-4.108453009105711429e-02
cy,4.121999999999999970e-02,4.433000000000000135e-02,4.343000000000000332e-02,4.454999999999999932e-02,4.483000000000000179e-02,-3.144999999999999879e-02,-2.841000000000000122e-02,-2.375999999999999987e-02,-1.810000000000000150e-02,-1.238999999999999997e-02,-9.833999999999999686e-02,-9.661000000000000143e-02,-9.192999999999999783e-02,-8.444999999999999729e-02,-5.813999999999999724e-02,-4.175000000000000239e-02,-4.023000000000000187e-02,-4.143999999999999767e-02,-4.223999999999999977e-02,-4.417000000000000093e-02,2.892000000000000126e-02,2.549999999999999836e-02,2.076000000000000068e-02,1.501000000000000077e-02,1.144000000000000052e-02,5.680999999999999939e-02,3.529000000000000192e-02,2.563000000000000000e-02,1.771999999999999964e-02,1.336999999999999994e-02,4.861599999999999810e-01,4.501800000000000246e-01,3.748000000000000220e-01,2.237500000000000044e-01,8.294999999999999596e-02,-6.259299999999999864e-01,-8.460400000000000142e-01,-5.993300000000000294e-01,-4.889899999999999802e-01,-3.663399999999999990e-01
cy*c/cref,5.991692546583850948e-02,5.995585941425959214e-02,5.434860876600535601e-02,5.124696225049749088e-02,4.703902951148097172e-02,-3.067700983939375750e-02,-2.638590147540654379e-02,-2.095877103057347882e-02,-1.512183829490710077e-02,-9.773561277613621381e-03,-7.207132605680517667e-02,-6.449777642096658770e-02,-5.537392435023819753e-02,-4.535777603569920990e-02,-2.743347705481517101e-02,-6.068732746721876986e-02,-5.441065247542664629e-02,-5.185830870972281403e-02,-4.858971235602725647e-02,-4.634650755124056914e-02,2.820919314961104971e-02,2.368322730105127880e-02,1.831246155701622344e-02,1.254026479594229707e-02,9.024176030338969257e-03,4.163485899214055402e-02,2.355994751988314817e-02,1.543819951154797206e-02,9.517345072262758249e-03,6.308661648140331465e-03,3.748149068322981781e-01,3.254746170777302328e-01,2.532336562878986230e-01,1.407591944896715019e-01,4.840167264668637087e-02,-4.825734215763131107e-01,-6.116765405669796207e-01,-4.049373725267509938e-01,-3.076193900044891794e-01,-2.137609253452331104e-01
cz,9.375499999999999945e-01,9.718700000000000117e-01,9.716700000000000337e-01,9.863499999999999490e-01,9.985199999999999632e-01,9.809299999999999686e-01,8.603600000000000136e-01,6.986900000000000333e-01,5.086100000000000065e-01,2.975999999999999757e-01,2.778999999999999804e-01,2.819400000000000239e-01,2.768399999999999750e-01,2.657100000000000017e-01,1.915100000000000136e-01,7.500299999999999745e-01,8.067100000000000382e-01,8.593899999999999872e-01,9.015199999999999880e-01,9.446900000000000297e-01,9.192099999999999715e-01,8.068600000000000216e-01,6.450900000000000523e-01,4.562999999999999834e-01,2.464399999999999924e-01,1.281799999999999884e-01,8.440000000000000280e-02,6.585000000000000575e-02,4.662000000000000172e-02,3.574000000000000093e-02,-6.451099999999999612e-01,-5.860999999999999543e-01,-5.199599999999999778e-01,-3.400799999999999934e-01,-1.193400000000000016e-01,-7.642299999999999649e-01,-1.167499999999999982e+00,-8.232099999999999973e-01,-5.912600000000000078e-01,-4.384600000000000164e-01
cz*c/cref,1.362812068668046939e+00,1.314443967717944250e+00,1.215954701350780987e+00,1.134622698446199784e+00,1.047722769301895562e+00,9.568203262879656501e-01,7.990628015973521014e-01,6.163166553599067621e-01,4.249236560868895340e-01,2.347547890409857341e-01,2.036670887857042478e-01,1.882258884600695736e-01,1.667542392811915686e-01,1.427118374238678100e-01,9.036438236614471875e-02,1.090235119047618939e+00,1.091066802347786080e+00,1.075446716265653579e+00,1.037040660113771162e+00,9.912402585144091116e-01,8.966173041166657365e-01,7.493744619657347616e-01,5.690359260990172086e-01,3.812207079539287058e-01,1.943984214088055329e-01,9.394043699370842326e-02,5.634626156639664651e-02,3.966466788277151628e-02,2.503942591810890891e-02,1.686399157101985471e-02,-4.973606313694747816e-01,-4.237431095767419387e-01,-3.513110243421978529e-01,-2.139413937968602519e-01,-6.963539015859616932e-02,-5.891986100223119971e-01,-8.440881768142743935e-01,-5.562019162026707875e-01,-3.719565646210644116e-01,-2.558432476029669500e-01
Results_Name,VSPAERO_Comp_Load
Results_Timestamp,1749700088
Results_Date,6,11,2025
Results_Time,23,48,8
AoA,0.000000000000000000e+00,0.000000000000000000e+00,0.000000000000000000e+00,0.000000000000000000e+00,0.000000000000000000e+00,0.000000000000000000e+00,0.000000000000000000e+00,0.000000000000000000e+00,0.000000000000000000e+00
Beta,9.000000000000000000e+00,9.000000000000000000e+00,9.000000000000000000e+00,9.000000000000000000e+00,9.000000000000000000e+00,9.000000000000000000e+00,9.000000000000000000e+00,9.000000000000000000e+00,9.000000000000000000e+00
CDi,0.000000000000000000e+00,6.130000000000000032e-03,1.204000000000000035e-02,-4.619999999999999975e-03,4.499999999999999877e-04,0.000000000000000000e+00,0.000000000000000000e+00,0.000000000000000000e+00,0.000000000000000000e+00
CFx,0.000000000000000000e+00,5.890000000000000270e-03,1.226000000000000006e-02,-6.800000000000000488e-04,-6.649999999999999661e-03,0.000000000000000000e+00,0.000000000000000000e+00,0.000000000000000000e+00,0.000000000000000000e+00
CFy,0.000000000000000000e+00,-1.990000000000000015e-03,4.499999999999999877e-04,2.528999999999999998e-02,-4.483000000000000179e-02,0.000000000000000000e+00,0.000000000000000000e+00,0.000000000000000000e+00,0.000000000000000000e+00
CFz,0.000000000000000000e+00,3.884699999999999820e-01,3.465799999999999992e-01,-3.445000000000000145e-02,-5.806000000000000050e-02,0.000000000000000000e+00,0.000000000000000000e+00,0.000000000000000000e+00,0.000000000000000000e+00
CL,0.000000000000000000e+00,3.884699999999999820e-01,3.465799999999999992e-01,-3.445000000000000145e-02,-5.806000000000000050e-02,0.000000000000000000e+00,0.000000000000000000e+00,0.000000000000000000e+00,0.000000000000000000e+00
Cmx,0.000000000000000000e+00,6.864000000000000656e-02,-6.101999999999999785e-02,-7.600000000000000418e-04,1.680000000000000070e-03,-3.000000000000000076e-05,-9.000000000000000567e-05,1.100000000000000039e-04,-1.100000000000000039e-04
Cmy,0.000000000000000000e+00,-1.912000000000000088e-01,-1.887300000000000089e-01,1.145599999999999952e-01,1.941799999999999915e-01,-4.109999999999999938e-03,-8.250000000000000389e-03,-2.809999999999999998e-03,-1.920000000000000049e-03
Cmz,0.000000000000000000e+00,-7.500000000000000156e-04,1.139999999999999954e-03,7.020000000000000198e-03,-1.268999999999999989e-02,3.099999999999999999e-04,-2.200000000000000078e-04,4.139999999999999583e-03,4.089999999999999886e-03
Comp_ID,0,1,2,3,4,5,6,7,8
Comp_Name,NONE,main_wing,main_wing,horizontal_tail,horizontal_tail,fuselage,fuselage,fuselage,fuselage
Cs,0.000000000000000000e+00,-1.039999999999999909e-03,2.360000000000000119e-03,2.487999999999999934e-02,-4.531999999999999917e-02,0.000000000000000000e+00,0.000000000000000000e+00,0.000000000000000000e+00,0.000000000000000000e+00
Mach,1.499999999999999944e-01,1.499999999999999944e-01,1.499999999999999944e-01,1.499999999999999944e-01,1.499999999999999944e-01,1.499999999999999944e-01,1.499999999999999944e-01,1.499999999999999944e-01,1.499999999999999944e-01
Results_Name,VSPAERO_Load
Results_Timestamp,1749700088
Results_Date,6,11,2025
Results_Time,23,48,8
AnalysisMethod,0
Chord,1.735549999999999926e+00,1.614840000000000053e+00,1.494150000000000089e+00,1.373459999999999903e+00,1.252809999999999979e+00,1.164630000000000054e+00,1.108910000000000062e+00,1.053209999999999980e+00,9.975199999999999623e-01,9.418400000000000105e-01,8.750400000000000400e-01,7.971099999999999852e-01,7.191899999999999959e-01,6.412799999999999612e-01,5.633799999999999919e-01,1.735549999999999926e+00,1.614840000000000053e+00,1.494150000000000089e+00,1.373459999999999903e+00,1.252809999999999979e+00,1.164630000000000054e+00,1.108910000000000062e+00,1.053209999999999980e+00,9.975199999999999623e-01,9.418400000000000105e-01,8.750400000000000400e-01,7.971099999999999852e-01,7.191899999999999959e-01,6.412799999999999612e-01,5.633799999999999919e-01,9.205200000000000049e-01,8.632300000000000528e-01,8.067100000000000382e-01,7.511200000000000099e-01,6.966900000000000315e-01,9.205200000000000049e-01,8.632300000000000528e-01,8.067100000000000382e-01,7.511200000000000099e-01,6.966900000000000315e-01
FC_AoA_,0.000000000000000000e+00
FC_Beta_,1.000000000000000000e+01
FC_Bref_,1.417173599999999922e+01
FC_Cref_,1.193975999999999926e+00
FC_Mach_,1.499999999999999944e-01
FC_Pitch_Rate,0.000000000000000000e+00
FC_Rho_,2.377000000000000206e-03
FC_Roll__Rate,0.000000000000000000e+00
FC_Sref_,1.619368700000000061e+01
FC_Vinf_,5.100000000000000000e+01
FC_Xcg_,1.785187999999999997e+00
FC_Yaw___Rate,0.000000000000000000e+00
FC_Ycg_,-0.000000000000000000e+00
FC_Zcg_,7.542510000000000048e-01
S,3.314000000000000279e-02,8.981999999999999706e-02,1.368900000000000117e-01,1.839600000000000124e-01,2.310300000000000131e-01,2.997400000000000064e-01,4.117600000000000149e-01,5.454599999999999449e-01,6.791599999999999859e-01,8.128699999999999815e-01,9.157600000000000184e-01,9.578200000000000047e-01,9.698700000000000099e-01,9.819200000000000150e-01,9.939700000000000202e-01,3.314000000000000279e-02,8.981999999999999706e-02,1.368900000000000117e-01,1.839600000000000124e-01,2.310300000000000131e-01,2.997400000000000064e-01,4.117600000000000149e-01,5.454599999999999449e-01,6.791599999999999859e-01,8.128699999999999815e-01,9.157600000000000184e-01,9.578200000000000047e-01,9.698700000000000099e-01,9.819200000000000150e-01,9.939700000000000202e-01,1.026500000000000051e-01,3.046400000000000219e-01,5.033100000000000351e-01,7.019900000000000029e-01,9.006600000000000161e-01,1.026500000000000051e-01,3.046400000000000219e-01,5.033100000000000351e-01,7.019900000000000029e-01,9.006600000000000161e-01
V/Vref,9.778400000000000425e-01,9.633599999999999941e-01,9.661499999999999533e-01,9.678999999999999826e-01,9.746299999999999963e-01,9.796599999999999753e-01,9.886899999999999578e-01,9.941799999999999526e-01,9.989700000000000246e-01,1.001319999999999988e+00,1.004229999999999956e+00,1.003579999999999917e+00,1.003830000000000000e+00,1.003270000000000106e+00,1.003470000000000084e+00,9.655399999999999539e-01,9.645599999999999730e-01,9.705399999999999583e-01,9.720699999999999896e-01,9.780600000000000405e-01,9.820699999999999985e-01,9.895199999999999552e-01,9.956899999999999640e-01,9.995000000000000551e-01,1.001339999999999897e+00,1.006129999999999969e+00,1.005249999999999977e+00,1.004899999999999904e+00,1.003959999999999964e+00,1.003819999999999935e+00,9.753699999999999593e-01,9.763100000000000112e-01,9.815800000000000081e-01,9.947700000000000431e-01,9.962800000000000544e-01,9.239699999999999580e-01,9.756599999999999717e-01,9.702600000000000113e-01,9.738400000000000389e-01,9.794800000000000173e-01
WingId,1,1,1,1,1,1,1,1,1,1,1,1,1,1,1,2,2,2,2,2,2,2,2,2,2,2,2,2,2,2,3,3,3,3,3,4,4,4,4,4
Xavg,2.392879999999999896e+00,2.382319999999999993e+00,2.371750000000000025e+00,2.361190000000000122e+00,2.350620000000000154e+00,2.337899999999999867e+00,2.323770000000000113e+00,2.309619999999999784e+00,2.295469999999999899e+00,2.281299999999999883e+00,2.284749999999999837e+00,2.305000000000000160e+00,2.325239999999999974e+00,2.345470000000000166e+00,2.365699999999999914e+00,2.392879999999999896e+00,2.382319999999999993e+00,2.371750000000000025e+00,2.361190000000000122e+00,2.350620000000000154e+00,2.337899999999999867e+00,2.323770000000000113e+00,2.309619999999999784e+00,2.295469999999999899e+00,2.281299999999999883e+00,2.284749999999999837e+00,2.305000000000000160e+00,2.325239999999999974e+00,2.345470000000000166e+00,2.365699999999999914e+00,5.819969999999999644e+00,5.917910000000000004e+00,6.015850000000000364e+00,6.113780000000000214e+00,6.211730000000000196e+00,5.819969999999999644e+00,5.917910000000000004e+00,6.015850000000000364e+00,6.113780000000000214e+00,6.211730000000000196e+00
Yavg,1.718899999999999872e-01,5.195499999999999563e-01,8.671900000000000164e-01,1.214800000000000102e+00,1.562359999999999971e+00,2.228590000000000071e+00,3.216559999999999864e+00,4.204550000000000232e+00,5.192569999999999908e+00,6.180620000000000225e+00,6.716649999999999565e+00,6.791660000000000252e+00,6.866660000000000430e+00,6.941650000000000098e+00,7.016610000000000014e+00,-1.718899999999999872e-01,-5.195499999999999563e-01,-8.671900000000000164e-01,-1.214800000000000102e+00,-1.562359999999999971e+00,-2.228590000000000071e+00,-3.216559999999999864e+00,-4.204550000000000232e+00,-5.192569999999999908e+00,-6.180620000000000225e+00,-6.716649999999999565e+00,-6.791660000000000252e+00,-6.866660000000000430e+00,-6.941650000000000098e+00,-7.016610000000000014e+00,1.247400000000000037e-01,3.766700000000000048e-01,6.286100000000000021e-01,8.805399999999999894e-01,1.132460000000000022e+00,-1.247400000000000037e-01,-3.766700000000000048e-01,-6.286100000000000021e-01,-8.805399999999999894e-01,-1.132460000000000022e+00
Zavg,1.119259999999999922e+00,1.109900000000000109e+00,1.100540000000000074e+00,1.091180000000000039e+00,1.081830000000000069e+00,1.094910000000000050e+00,1.130849999999999911e+00,1.166740000000000110e+00,1.202599999999999891e+00,1.238469999999999960e+00,1.270329999999999959e+00,1.298289999999999944e+00,1.326240000000000085e+00,1.354190000000000005e+00,1.382130000000000081e+00,1.119259999999999922e+00,1.109900000000000109e+00,1.100540000000000074e+00,1.091180000000000039e+00,1.081830000000000069e+00,1.094910000000000050e+00,1.130849999999999911e+00,1.166740000000000110e+00,1.202599999999999891e+00,1.238469999999999960e+00,1.270329999999999959e+00,1.298289999999999944e+00,1.326240000000000085e+00,1.354190000000000005e+00,1.382130000000000081e+00,3.569700000000000095e-01,5.334799999999999542e-01,7.099999999999999645e-01,8.865300000000000402e-01,1.063090000000000090e+00,3.569700000000000095e-01,5.334799999999999542e-01,7.099999999999999645e-01,8.865300000000000402e-01,1.063090000000000090e+00
cd,-1.212000000000000056e-02,8.720000000000000320e-03,6.570000000000000319e-03,2.254000000000000101e-02,1.890999999999999973e-02,2.870999999999999941e-02,2.097999999999999865e-02,1.135000000000000071e-02,4.349999999999999700e-03,1.900000000000000105e-04,1.396999999999999978e-02,1.012000000000000052e-02,6.620000000000000016e-03,4.349999999999999700e-03,-1.000000000000000048e-04,5.777999999999999803e-02,5.287000000000000033e-02,5.720999999999999697e-02,4.893000000000000127e-02,4.984999999999999848e-02,2.665999999999999967e-02,1.451000000000000033e-02,4.009999999999999676e-03,-9.200000000000000278e-04,-2.540000000000000157e-03,-7.300000000000000065e-03,-4.429999999999999910e-03,-3.399999999999999811e-03,-2.340000000000000066e-03,-1.699999999999999905e-03,-8.416999999999999482e-02,-9.099000000000000143e-02,-8.380999999999999561e-02,-2.307999999999999982e-02,-7.349999999999999763e-03,-1.537999999999999957e-02,-4.100000000000000346e-03,1.485599999999999976e-01,-1.542999999999999927e-02,-1.538999999999999917e-02
cd*c/cref,-1.761749482401656422e-02,1.179370841624957471e-02,8.221744406922753753e-03,2.592831715210355825e-02,1.984180343658499199e-02,2.800435461014291749e-02,1.948525916768846164e-02,1.001187084162495806e-02,3.634253954853363527e-03,1.498770494549304412e-04,1.023832036824860910e-02,6.756210510094005570e-03,3.987548995959717957e-03,2.336368570222516899e-03,-4.718520305265767851e-05,8.398835403726707949e-02,7.150611972099941982e-02,7.159299810046433621e-02,5.628538412832418542e-02,5.230639351209739885e-02,2.600474029628736458e-02,1.347622071130408217e-02,3.537233662988200668e-03,-7.686238249345045664e-04,-2.003619503239596582e-03,-5.350017085770568913e-03,-2.957511122501624637e-03,-2.047985889163601251e-03,-1.256805161912802338e-03,-8.021484518951804872e-04,-6.489256768980281032e-02,-6.578465371163240427e-02,-5.662623461443111461e-02,-1.451942886624186732e-02,-4.288755804136767588e-03,-1.185752276427667028e-02,-2.964249700161477805e-03,1.003745783834850969e-01,-9.706879870282150019e-03,-8.980129500090455047e-03
cl,9.464399999999999480e-01,9.775399999999999645e-01,9.733399999999999830e-01,9.850900000000000212e-01,9.947700000000000431e-01,9.776299999999999990e-01,8.577299999999999924e-01,6.961300000000000265e-01,5.083400000000000141e-01,2.983500000000000041e-01,2.843899999999999761e-01,2.922299999999999898e-01,2.911799999999999944e-01,2.841400000000000037e-01,2.073699999999999988e-01,7.281900000000000039e-01,7.925699999999999967e-01,8.480299999999999505e-01,8.903100000000000458e-01,9.336799999999999544e-01,9.060399999999999565e-01,7.928800000000000292e-01,6.302200000000000024e-01,4.440700000000000203e-01,2.396099999999999897e-01,1.152999999999999997e-01,7.026000000000000301e-02,5.351999999999999813e-02,3.642000000000000098e-02,2.818000000000000019e-02,-6.403100000000000458e-01,-5.699199999999999822e-01,-4.674499999999999766e-01,-2.827100000000000168e-01,-8.581999999999999351e-02,-7.934499999999999886e-01,-1.146980000000000111e+00,-1.141319999999999890e+00,-6.798699999999999743e-01,-4.711500000000000132e-01
cl*c/cref,1.375734472049689350e+00,1.322112583167500910e+00,1.218044551146756804e+00,1.133173289412852558e+00,1.043787985436893440e+00,9.536014349534664980e-01,7.966201785463025153e-01,6.140584712758045960e-01,4.246980817034848310e-01,2.353464089730447073e-01,2.084234738386701313e-01,1.950955926249773875e-01,1.753919209431345494e-01,1.526105208144887260e-01,9.784795557029622726e-02,1.058488742236024738e+00,1.071942600856298666e+00,1.061230732024764478e+00,1.024145521015497717e+00,9.796877330867622691e-01,8.837710014271643599e-01,7.363904808806878144e-01,5.559190521417516351e-01,3.710030238463754571e-01,1.890107358941888194e-01,8.450095479306117541e-02,4.690625992482261308e-02,3.223770729059880630e-02,1.956104444310438617e-02,1.329679022023893403e-02,-4.936599740698306427e-01,-4.120451680770803038e-01,-3.158326377582129085e-01,-1.778504217840224666e-01,-5.007632967496834786e-02,-6.117263613338962402e-01,-8.292524685588321676e-01,-7.711329685018794011e-01,-4.277003510958344301e-01,-2.749179996080323707e-01
cmx,8.716999999999999749e-02,3.061499999999999777e-01,5.557299999999999462e-01,8.623499999999999499e-01,1.230390000000000095e+00,1.884449999999999958e+00,2.502149999999999874e+00,2.791900000000000048e+00,2.656769999999999854e+00,1.962139999999999995e+00,2.242949999999999999e+00,2.558660000000000156e+00,2.857619999999999827e+00,3.161509999999999820e+00,2.650920000000000165e+00,-6.518000000000000183e-02,-2.474000000000000088e-01,-4.833700000000000219e-01,-7.785300000000000553e-01,-1.154409999999999936e+00,-1.744760000000000089e+00,-2.310449999999999893e+00,-2.526539999999999786e+00,-2.320609999999999840e+00,-1.577820000000000000e+00,-9.154200000000000115e-01,-6.198599999999999666e-01,-5.283400000000000318e-01,-4.078399999999999803e-01,-3.640900000000000247e-01,1.362200000000000077e-01,-1.214400000000000063e-01,-3.422899999999999832e-01,-3.560400000000000231e-01,-1.573400000000000076e-01,-2.065899999999999959e-01,2.421599999999999864e-01,8.259699999999999820e-01,8.809700000000000308e-01,9.440899999999999848e-01
cmx*c/cref,1.267093253968253896e-01,4.140646595911475769e-01,6.954444473758266687e-01,9.919824443707410122e-01,1.291018325242718756e+00,1.838133265241512548e+00,2.323881850640213909e+00,2.462743806408169256e+00,2.219626868881786397e+00,1.547788177986827218e+00,1.643811071579328376e+00,1.708186322505645061e+00,1.721283951938732404e+00,1.698035080102112460e+00,1.250841984763513048e+00,-9.474491028295375927e-02,-3.346059016261633823e-01,-6.048926322639651687e-01,-8.955622339142494948e-01,-1.211294357759284956e+00,-1.701876619630545484e+00,-2.145839706577016504e+00,-2.228668912440451066e+00,-1.938778406936152665e+00,-1.244626348268307092e+00,-6.708921425556293450e-01,-4.138245698405997874e-01,-3.182449602002050404e-01,-2.190493236044945558e-01,-1.717966057944213532e-01,1.050215702828197761e-01,-8.779963014331947091e-02,-2.312682716403009764e-01,-2.239816920943134837e-01,-9.180854941807876923e-02,-1.592747482361454581e-01,1.750787091197812950e-01,5.580667104698922021e-01,5.542106260092330983e-01,5.508804717180245669e-01
cmy,-3.610499999999999821e-01,-4.022399999999999864e-01,-4.348899999999999988e-01,-4.609900000000000109e-01,-4.967300000000000049e-01,-5.020499999999999963e-01,-4.355800000000000227e-01,-3.490699999999999914e-01,-2.452699999999999880e-01,-1.175900000000000001e-01,-1.055100000000000066e-01,-1.299099999999999977e-01,-1.572800000000000031e-01,-1.902099999999999902e-01,-1.660899999999999876e-01,-4.074800000000000089e-01,-4.217699999999999783e-01,-4.396700000000000053e-01,-4.661100000000000243e-01,-4.993099999999999761e-01,-4.854399999999999826e-01,-4.133100000000000107e-01,-3.224899999999999989e-01,-2.146099999999999952e-01,-9.085999999999999632e-02,-4.472999999999999893e-02,-2.755000000000000157e-02,-2.693999999999999867e-02,-2.318999999999999881e-02,-2.554000000000000020e-02,2.652489999999999792e+00,2.588960000000000150e+00,2.342970000000000219e+00,1.581530000000000102e+00,5.342400000000000482e-01,3.339770000000000127e+00,5.240999999999999659e+00,5.851939999999999920e+00,3.735300000000000065e+00,2.817779999999999951e+00
cmy*c/cref,-5.248181935817805011e-01,-5.440253753844298545e-01,-5.442244178274940891e-01,-5.302881510181108871e-01,-5.212067171366929763e-01,-4.897104225713079795e-01,-4.045466724624280919e-01,-3.079157493115439737e-01,-2.049134408061803470e-01,-9.275811708108036568e-02,-7.732606886570586591e-02,-8.672918056979370127e-02,-9.473741783754448254e-02,-1.021610725843735551e-01,-7.836990375015913390e-02,-5.923083160800551861e-01,-5.704394952662364959e-01,-5.502061435908259801e-01,-5.361778131218718491e-01,-5.239138484358144554e-01,-4.735086695209954066e-01,-3.838633206195100067e-01,-2.844694473758266895e-01,-1.792982163795587003e-01,-7.167278270249988203e-02,-3.278168003376952938e-02,-1.839264817718279030e-02,-1.622727642766688683e-02,-1.245526141228969416e-02,-1.205110085964877092e-02,2.044990933486100282e+00,1.871786317982941261e+00,1.583027907344871421e+00,9.949268775921795704e-01,3.117312790206839268e-01,2.574863381173491117e+00,3.789178702084464057e+00,3.953863827581124202e+00,2.349845001909586450e+00,1.644186439425918467e+00
cmz,1.909999999999999892e-02,1.616000000000000075e-02,1.378000000000000058e-02,-3.160000000000000048e-03,-8.300000000000000086e-03,-6.097999999999999948e-02,-6.146000000000000074e-02,-4.080000000000000293e-02,-1.456000000000000003e-02,8.340000000000000191e-03,-1.311999999999999972e-02,1.567999999999999949e-02,4.481999999999999873e-02,6.417000000000000481e-02,9.089999999999999469e-02,-1.629999999999999852e-02,-6.729999999999999871e-03,6.309999999999999637e-03,1.316999999999999942e-02,2.700999999999999929e-02,7.673000000000000653e-02,6.808999999999999775e-02,4.021000000000000268e-02,1.477000000000000014e-02,4.899999999999999842e-04,3.937000000000000222e-02,2.198999999999999913e-02,1.494000000000000015e-02,1.125999999999999918e-02,1.234000000000000027e-02,1.976220000000000088e+00,1.983070000000000110e+00,1.747219999999999995e+00,1.033490000000000020e+00,3.576900000000000079e-01,-2.665979999999999794e+00,-4.078190000000000204e+00,-3.967530000000000001e+00,-3.149859999999999882e+00,-2.562780000000000058e+00
cmz*c/cref,2.776354382332642950e-02,2.185623027598545057e-02,1.724438933445898714e-02,-3.635025829664917559e-03,-8.708988287871784542e-03,-5.948121017507890240e-02,-5.708122156559261584e-02,-3.598980884037870920e-02,-1.216430749026781166e-02,6.578813644495366993e-03,-9.615373173330117595e-03,1.046812063224051431e-02,2.699727280950370983e-02,3.446546463245492992e-02,4.289134957486582383e-02,-2.369349551414768468e-02,-9.102254316669682391e-03,7.896378570423526894e-03,1.514977537236929239e-02,2.834093658498998414e-02,7.484410063518866230e-02,6.323886066386594229e-02,3.546936797724577900e-02,1.233975423291590497e-02,3.865250222785047551e-04,2.885344831051880887e-02,1.468073805503628156e-02,8.999090936501237190e-03,6.047703471426560742e-03,5.822654056697957117e-03,1.523606868479768561e+00,1.433735281194931988e+00,1.180509362164733789e+00,6.501596420698574352e-01,2.087136140927456363e-01,-2.055391322438642199e+00,-2.948481337732081986e+00,-2.680662028633741478e+00,-1.981549749073683309e+00,-1.495392870710969380e+00
cs,4.096999999999999947e-02,4.682000000000000051e-02,4.521000000000000019e-02,4.905000000000000332e-02,4.857000000000000206e-02,-2.674999999999999947e-02,-2.509000000000000119e-02,-2.212000000000000077e-02,-1.767000000000000168e-02,-1.243999999999999967e-02,-9.914000000000000590e-02,-9.937000000000000000e-02,-9.672000000000000042e-02,-9.098000000000000531e-02,-6.408999999999999420e-02,-3.098000000000000059e-02,-3.100999999999999937e-02,-3.159000000000000002e-02,-3.377999999999999753e-02,-3.563999999999999807e-02,3.355000000000000343e-02,2.784999999999999976e-02,2.113999999999999907e-02,1.454000000000000084e-02,1.086999999999999945e-02,5.229999999999999927e-02,3.009999999999999828e-02,2.108000000000000151e-02,1.405999999999999958e-02,1.067000000000000066e-02,4.737600000000000144e-01,4.295900000000000274e-01,3.397000000000000020e-01,1.874500000000000055e-01,5.820000000000000173e-02,-6.629399999999999737e-01,-9.142000000000000126e-01,-7.761400000000000521e-01,-5.635400000000000409e-01,-4.103800000000000225e-01
cs*c/cref,5.955352829537612080e-02,6.332355826247763886e-02,5.657611333896159223e-02,5.642342308388108296e-02,5.096332061950994974e-02,-2.609252824177370547e-02,-2.330243815621084805e-02,-1.951212185169551305e-02,-1.476259020281814847e-02,-9.813002606417549345e-03,-7.265762929908139989e-02,-6.634037928735586620e-02,-5.825917505879515262e-02,-4.886501437214818555e-02,-3.024099663644830294e-02,-4.503217736369910518e-02,-4.194069931053890504e-02,-3.953194913465597760e-02,-3.885796598926610779e-02,-3.739618585298196823e-02,3.272539523407506229e-02,2.586579922879522070e-02,1.864766075700014306e-02,1.214759827668227855e-02,8.574544881974177635e-03,3.832957446380832328e-02,2.009505299939027059e-02,1.269751251281433027e-02,7.551572895937606542e-03,5.034661165718574451e-03,3.652548754748839444e-01,3.105882996810656604e-01,2.295183378895388482e-01,1.179231776853136154e-01,3.395994391847072941e-02,-5.111070312971115470e-01,-6.609553843628348524e-01,-5.243990661453832303e-01,-3.545181517886457079e-01,-2.394584499185913873e-01
cx,-4.830000000000000092e-03,1.671999999999999875e-02,1.431999999999999940e-02,3.072000000000000078e-02,2.705000000000000113e-02,2.363000000000000170e-02,1.629999999999999852e-02,7.340000000000000170e-03,1.209999999999999921e-03,-1.979999999999999989e-03,-3.449999999999999942e-03,-7.289999999999999605e-03,-1.027999999999999921e-02,-1.152000000000000073e-02,-1.123000000000000040e-02,5.152000000000000329e-02,4.667999999999999927e-02,5.086000000000000243e-02,4.232000000000000345e-02,4.290000000000000063e-02,3.207999999999999741e-02,1.913000000000000117e-02,7.620000000000000037e-03,1.619999999999999912e-03,-6.099999999999999737e-04,1.889999999999999970e-03,8.700000000000000051e-04,3.099999999999999999e-04,1.399999999999999877e-04,1.800000000000000113e-04,-6.199999999999999999e-04,-1.501000000000000077e-02,-2.355000000000000149e-02,9.820000000000000603e-03,2.870000000000000155e-03,-1.302699999999999969e-01,-1.627899999999999903e-01,1.153000000000000032e-02,-1.130599999999999938e-01,-8.641999999999999682e-02
cx*c/cref,-7.020833333333332919e-03,2.261362439446018904e-02,1.792014914872660722e-02,3.533797262256527932e-02,2.838290761288334366e-02,2.304921279824720393e-02,1.513869039243669924e-02,6.474637178636757397e-03,1.010907421924728787e-03,-1.561876620635590683e-03,-2.528432732316227786e-03,-4.866874962310799822e-03,-6.192145570765241087e-03,-6.187348489416872981e-03,-5.298898302813457271e-03,7.488888888888889372e-02,6.313420973285895077e-02,6.364656324750246619e-02,4.868173832639852150e-02,4.501392741562645211e-02,3.129152545779814720e-02,1.776706424584749075e-02,6.721626062835434415e-03,1.353446300428149274e-03,-4.811842114079345131e-04,1.385141409877585755e-03,5.808204687531408079e-04,1.867281251884459999e-04,7.519347122555226828e-05,8.493336549478381996e-05,-4.780015678707109916e-04,-1.085204585351799526e-02,-1.591155978009608368e-02,6.177677273245024171e-03,1.674657028281975905e-03,-1.004342971718024530e-01,-1.176951728510455819e-01,7.790245616327296820e-03,-7.112507052068048341e-02,-5.042643218959175916e-02
cy,4.245000000000000162e-02,4.458999999999999769e-02,4.338000000000000189e-02,4.438999999999999890e-02,4.454999999999999932e-02,-3.132999999999999674e-02,-2.835999999999999979e-02,-2.375000000000000028e-02,-1.815999999999999906e-02,-1.229000000000000058e-02,-1.000599999999999962e-01,-9.962000000000000022e-02,-9.639999999999999958e-02,-9.034999999999999976e-02,-6.310000000000000331e-02,-4.053999999999999965e-02,-3.971999999999999836e-02,-4.105000000000000315e-02,-4.175999999999999851e-02,-4.376000000000000029e-02,2.841000000000000122e-02,2.491000000000000159e-02,2.011999999999999900e-02,1.447999999999999982e-02,1.114000000000000060e-02,5.276999999999999746e-02,3.040999999999999953e-02,2.135000000000000092e-02,1.425000000000000051e-02,1.080000000000000057e-02,4.811799999999999966e-01,4.388599999999999723e-01,3.490900000000000114e-01,1.886099999999999999e-01,5.859000000000000319e-02,-6.502000000000000002e-01,-8.995999999999999552e-01,-7.901399999999999535e-01,-5.523000000000000131e-01,-4.014800000000000035e-01
cy*c/cref,6.170483954451345954e-02,6.030750668355142757e-02,5.428603841283242970e-02,5.106291030975496775e-02,4.674523231622746550e-02,-3.055995924541196618e-02,-2.633946377481624634e-02,-2.094994999899495516e-02,-1.517196593566369663e-02,-9.694678620005763720e-03,-7.333187802769905450e-02,-6.650728172090561441e-02,-5.806642344569740155e-02,-4.852664375163320137e-02,-2.977386312622699524e-02,-5.892848516218081312e-02,-5.372088283181571805e-02,-5.137025995497397635e-02,-4.803755653379967322e-02,-4.591630451533364882e-02,2.771172812518844786e-02,2.313526243408578140e-02,1.774791553599067498e-02,1.209747063592567923e-02,8.787528057515394536e-03,3.867402761864560667e-02,2.030201201699196462e-02,1.286014668636555579e-02,7.653621178315142375e-03,5.096001929687028927e-03,3.709754748839173000e-01,3.172903959543575403e-01,2.358626922986727104e-01,1.186529236768578272e-01,3.418751055297594710e-02,-5.012848700476392194e-01,-6.503997634793329263e-01,-5.338581675008543526e-01,-3.474471647671310004e-01,-2.342652626183441278e-01
cz,9.464399999999999480e-01,9.775399999999999645e-01,9.733399999999999830e-01,9.850900000000000212e-01,9.947700000000000431e-01,9.776299999999999990e-01,8.577299999999999924e-01,6.961300000000000265e-01,5.083400000000000141e-01,2.983500000000000041e-01,2.843899999999999761e-01,2.922299999999999898e-01,2.911799999999999944e-01,2.841400000000000037e-01,2.073699999999999988e-01,7.281900000000000039e-01,7.925699999999999967e-01,8.480299999999999505e-01,8.903100000000000458e-01,9.336799999999999544e-01,9.060399999999999565e-01,7.928800000000000292e-01,6.302200000000000024e-01,4.440700000000000203e-01,2.396099999999999897e-01,1.152999999999999997e-01,7.026000000000000301e-02,5.351999999999999813e-02,3.642000000000000098e-02,2.818000000000000019e-02,-6.403100000000000458e-01,-5.699199999999999822e-01,-4.674499999999999766e-01,-2.827100000000000168e-01,-8.581999999999999351e-02,-7.934499999999999886e-01,-1.146980000000000111e+00,-1.141319999999999890e+00,-6.798699999999999743e-01,-4.711500000000000132e-01
cz*c/cref,1.375734472049689350e+00,1.322112583167500910e+00,1.218044551146756804e+00,1.133173289412852558e+00,1.043787985436893440e+00,9.536014349534664980e-01,7.966201785463025153e-01,6.140584712758045960e-01,4.246980817034848310e-01,2.353464089730447073e-01,2.084234738386701313e-01,1.950955926249773875e-01,1.753919209431345494e-01,1.526105208144887260e-01,9.784795557029622726e-02,1.058488742236024738e+00,1.071942600856298666e+00,1.061230732024764478e+00,1.024145521015497717e+00,9.796877330867622691e-01,8.837710014271643599e-01,7.363904808806878144e-01,5.559190521417516351e-01,3.710030238463754571e-01,1.890107358941888194e-01,8.450095479306117541e-02,4.690625992482261308e-02,3.223770729059880630e-02,1.956104444310438617e-02,1.329679022023893403e-02,-4.936599740698306427e-01,-4.120451680770803038e-01,-3.158326377582129085e-01,-1.778504217840224666e-01,-5.007632967496834786e-02,-6.117263613338962402e-01,-8.292524685588321676e-01,-7.711329685018794011e-01,-4.277003510958344301e-01,-2.749179996080323707e-01
Results_Name,VSPAERO_Comp_Load
Results_Timestamp,1749700088
Results_Date,6,11,2025
Results_Time,23,48,8
AoA,0.000000000000000000e+00,0.000000000000000000e+00,0.000000000000000000e+00,0.000000000000000000e+00,0.000000000000000000e+00,0.000000000000000000e+00,0.000000000000000000e+00,0.000000000000000000e+00,0.000000000000000000e+00
Beta,1.000000000000000000e+01,1.000000000000000000e+01,1.000000000000000000e+01,1.000000000000000000e+01,1.000000000000000000e+01,1.000000000000000000e+01,1.000000000000000000e+01,1.000000000000000000e+01,1.000000000000000000e+01
CDi,0.000000000000000000e+00,5.939999999999999968e-03,1.175000000000000003e-02,-4.559999999999999817e-03,1.490000000000000005e-03,0.000000000000000000e+00,0.000000000000000000e+00,0.000000000000000000e+00,0.000000000000000000e+00
CFx,0.000000000000000000e+00,5.680000000000000153e-03,1.199000000000000066e-02,-4.299999999999999894e-04,-7.360000000000000223e-03,0.000000000000000000e+00,0.000000000000000000e+00,0.000000000000000000e+00,0.000000000000000000e+00
CFy,0.000000000000000000e+00,-2.000000000000000042e-03,3.099999999999999999e-04,2.383000000000000049e-02,-5.031999999999999668e-02,0.000000000000000000e+00,0.000000000000000000e+00,0.000000000000000000e+00,0.000000000000000000e+00
CFz,0.000000000000000000e+00,3.885899999999999910e-01,3.399900000000000144e-01,-3.207999999999999741e-02,-6.468000000000000138e-02,0.000000000000000000e+00,0.000000000000000000e+00,0.000000000000000000e+00,0.000000000000000000e+00
CL,0.000000000000000000e+00,3.885899999999999910e-01,3.399900000000000144e-01,-3.207999999999999741e-02,-6.468000000000000138e-02,0.000000000000000000e+00,0.000000000000000000e+00,0.000000000000000000e+00,0.000000000000000000e+00
Cmx,0.000000000000000000e+00,6.862999999999999656e-02,-5.969000000000000000e-02,-6.300000000000000261e-04,1.979999999999999989e-03,-3.000000000000000076e-05,-1.000000000000000048e-04,1.200000000000000030e-04,-1.499999999999999869e-04
Cmy,0.000000000000000000e+00,-1.905699999999999894e-01,-1.864399999999999946e-01,1.064100000000000046e-01,2.182800000000000018e-01,-4.400000000000000265e-03,-8.269999999999999574e-03,-4.000000000000000083e-03,1.089999999999999997e-02
Cmz,0.000000000000000000e+00,-7.200000000000000453e-04,1.129999999999999928e-03,6.599999999999999964e-03,-1.430000000000000021e-02,3.200000000000000262e-04,-2.300000000000000070e-04,4.550000000000000225e-03,4.190000000000000148e-03
Comp_ID,0,1,2,3,4,5,6,7,8
Comp_Name,NONE,main_wing,main_wing,horizontal_tail,horizontal_tail,fuselage,fuselage,fuselage,fuselage
Cs,0.000000000000000000e+00,-9.799999999999999684e-04,2.390000000000000197e-03,2.339000000000000107e-02,-5.083000000000000018e-02,0.000000000000000000e+00,0.000000000000000000e+00,0.000000000000000000e+00,0.000000000000000000e+00
Mach,1.499999999999999944e-01,1.499999999999999944e-01,1.499999999999999944e-01,1.499999999999999944e-01,1.499999999999999944e-01,1.499999999999999944e-01,1.499999999999999944e-01,1.499999999999999944e-01,1.499999999999999944e-01
