Results_Name,VSPAERO_History
Results_Timestamp,1759254118
Results_Date,9,30,2025
Results_Time,13,41,58
Alpha,-5.000000000000000000e+00,-5.000000000000000000e+00,-5.000000000000000000e+00,-5.000000000000000000e+00,-5.000000000000000000e+00
AnalysisMethod,0
Beta,0.000000000000000000e+00,0.000000000000000000e+00,0.000000000000000000e+00,0.000000000000000000e+00,0.000000000000000000e+00
CDi,1.196061723900000012e-02,1.367010063099999978e-02,1.403214531599999981e-02,1.475441155000000067e-02,1.460096582199999979e-02
CDo,9.662330865000000671e-03,9.854961937999999477e-03,9.847989391999999870e-03,9.823061237999999168e-03,9.797759296000000187e-03
CDt,1.112494031499999987e-02,1.300581295700000035e-02,1.368034550399999973e-02,1.458579448199999982e-02,1.412907337400000005e-02
CDtot,2.162294810399999906e-02,2.352506256899999926e-02,2.388013470799999968e-02,2.457747278800000157e-02,2.439872511699999955e-02
CDtott,2.078727118000000054e-02,2.286077489399999940e-02,2.352833489600000133e-02,2.440885572000000073e-02,2.392683266999999850e-02
CFx,2.072561061299999993e-02,2.531865270599999856e-02,2.520264724099999937e-02,2.465630567500000023e-02,2.333119951500000136e-02
CFxi,1.105693523000000032e-02,1.546073672799999979e-02,1.535167335300000047e-02,1.482988428100000082e-02,1.352823301100000014e-02
CFxo,9.668675384000000039e-03,9.857915978999999204e-03,9.850973888000000636e-03,9.826421393999999407e-03,9.802966503000000789e-03
CFy,2.749867133999999921e-03,1.766045009999999956e-04,4.904617109999999565e-04,3.467372499999999877e-04,4.017065510000000133e-04
CFyi,2.751542126999999976e-03,1.733071819999999904e-04,4.902905419999999993e-04,3.458661770000000094e-04,4.022202850000000077e-04
CFyo,-1.674993000000000075e-06,3.297319000000000066e-06,1.711699999999999902e-07,8.710730000000000074e-07,-5.137340000000000393e-07
CFz,-1.120069274999999955e-02,1.947370266800000152e-02,1.407375822200000043e-02,-1.720116179999999872e-04,-1.326714481899999958e-02
CFzi,-1.085134445399999967e-02,1.987021475299999979e-02,1.446961778099999964e-02,2.184657470000000133e-04,-1.289888406199999997e-02
CFzo,-3.493482959999999861e-04,-3.965120850000000002e-04,-3.958595590000000219e-04,-3.904773660000000236e-04,-3.682607569999999850e-04
CL,-9.351714746000000175e-03,2.160626533199999991e-02,1.621675876199999908e-02,1.977581571999999840e-03,-1.118321130499999941e-02
CLi,-9.846376409999999663e-03,2.114209457999999958e-02,1.575254301000000162e-02,1.510143998999999944e-03,-1.167073671800000073e-02
CLo,4.946616640000000295e-04,4.641707519999999998e-04,4.642157520000000036e-04,4.674375740000000006e-04,4.875254130000000220e-04
CMx,-4.953600346000000196e-03,4.023775880000000221e-04,1.502097999999999929e-06,-3.405619189999999812e-04,-4.033756249999999755e-04
CMxi,-4.956026173000000271e-03,4.028270430000000153e-04,1.491342999999999936e-06,-3.409548710000000183e-04,-4.037480849999999831e-04
CMxo,2.425826999999999822e-06,-4.494550000000000234e-07,1.075499999999999936e-08,3.929519999999999839e-07,3.724599999999999881e-07
CMy,6.723979504000000308e-03,-2.413872337000000021e-03,1.999912117999999919e-03,1.496576425799999929e-02,2.105902577299999939e-02
CMyi,3.959826456000000404e-03,-5.279699730999999792e-03,-8.491183590000000265e-04,1.213912082200000082e-02,1.825936163300000137e-02
CMyo,2.764153047999999904e-03,2.865827394000000205e-03,2.849030477000000054e-03,2.826643435000000208e-03,2.799664140000000193e-03
CMz,5.626602199999999714e-04,1.124727430000000024e-04,1.381379360000000096e-04,8.771080200000000611e-05,1.024274870000000060e-04
CMzi,5.940236709999999762e-04,1.126480639999999979e-04,1.382907369999999882e-04,8.728307799999999767e-05,1.026888739999999941e-04
CMzo,-3.136345099999999808e-05,-1.753220000000000131e-07,-1.528009999999999929e-07,4.277240000000000255e-07,-2.613870000000000099e-07
CS,2.749867133999999921e-03,1.766045009999999956e-04,4.904617109999999565e-04,3.467372499999999877e-04,4.017065510000000133e-04
CSi,2.751542126999999976e-03,1.733071819999999904e-04,4.902905419999999993e-04,3.458661770000000094e-04,4.022202850000000077e-04
CSo,-1.674993000000000075e-06,3.297319000000000066e-06,1.711699999999999902e-07,8.710730000000000074e-07,-5.137340000000000393e-07
E,2.080410929999999901e-04,8.392167870000000500e-04,4.538654520000000021e-04,3.967022999999999880e-06,2.394224169999999998e-04
FC_AoA_,-5.000000000000000000e+00
FC_Beta_,0.000000000000000000e+00
FC_Bref_,1.417173599999999922e+01
FC_Cref_,1.088920000000000110e+00
FC_Mach_,1.499999999999999944e-01
FC_Pitch_Rate,0.000000000000000000e+00
FC_ReCref_,3.870000000000000000e+06
FC_Rho_,2.377000000000000206e-03
FC_Roll__Rate,0.000000000000000000e+00
FC_Sref_,1.619368700000000061e+01
FC_Vinf_,5.100000000000000000e+01
FC_Xcg_,1.774861999999999940e+00
FC_Yaw___Rate,0.000000000000000000e+00
FC_Ycg_,0.000000000000000000e+00
FC_Zcg_,7.545150000000000468e-01
L/D,-4.553669722959999833e-01,8.987051370490000135e-01,6.596505087909999565e-01,6.144423438800000054e-02,-4.783338744910000107e-01
Mach,1.499999999999999944e-01,1.499999999999999944e-01,1.499999999999999944e-01,1.499999999999999944e-01,1.499999999999999944e-01
T/QS,0.000000000000000000e+00,0.000000000000000000e+00,0.000000000000000000e+00,0.000000000000000000e+00,0.000000000000000000e+00
WakeIter,1,2,3,4,5
Results_Name,VSPAERO_History
Results_Timestamp,1759254118
Results_Date,9,30,2025
Results_Time,13,41,58
Alpha,-4.000000000000000000e+00,-4.000000000000000000e+00,-4.000000000000000000e+00,-4.000000000000000000e+00,-4.000000000000000000e+00
AnalysisMethod,0
Beta,0.000000000000000000e+00,0.000000000000000000e+00,0.000000000000000000e+00,0.000000000000000000e+00,0.000000000000000000e+00
CDi,1.251345542600000062e-02,1.318772612100000026e-02,1.364907039299999986e-02,1.427123882899999918e-02,1.409299636699999983e-02
CDo,9.842296906999999789e-03,9.997225206000000253e-03,9.984816046999999903e-03,9.943237734000000272e-03,9.911476132000000133e-03
CDt,1.114855946999999958e-02,1.224724105100000009e-02,1.325719966900000026e-02,1.448652837399999962e-02,1.378930126899999969e-02
CDtot,2.235575233299999867e-02,2.318495132699999878e-02,2.363388644000000149e-02,2.421447656299999945e-02,2.400447249899999996e-02
CDtott,2.099085637699999937e-02,2.224446625699999860e-02,2.324201571600000016e-02,2.442976610899999859e-02,2.370077740199999852e-02
CFx,2.763912767299999892e-02,3.117972987900000104e-02,3.140284186199999994e-02,3.104197368099999993e-02,3.000951462299999983e-02
CFxi,1.779811785200000052e-02,2.118688133399999896e-02,2.142244914200000169e-02,2.110297130600000126e-02,2.010091733600000152e-02
CFxo,9.841009821000000143e-03,9.992848545000000346e-03,9.980392719999999981e-03,9.939002375000000403e-03,9.908597287000000045e-03
CFy,7.091740810000000256e-04,-2.321273000000000094e-05,4.078806100000000067e-04,4.399963159999999911e-04,4.104271539999999733e-04
CFyi,7.086265310000000074e-04,-2.736757199999999873e-05,4.060870379999999735e-04,4.398333129999999844e-04,4.118102719999999729e-04
CFyo,5.475490000000000281e-07,4.154842000000000326e-06,1.793570999999999908e-06,1.630029999999999939e-07,-1.383119000000000038e-06
CFz,7.477510737100000193e-02,1.135210235280000035e-01,1.102759251420000058e-01,9.679216950600000313e-02,8.503784861999999500e-02
CFzi,7.513721413599999677e-02,1.139327234899999985e-01,1.106878591340000051e-01,9.719996347499999800e-02,8.542513439599999647e-02
CFzo,-3.621067659999999805e-04,-4.116999620000000217e-04,-4.119339910000000124e-04,-4.077939690000000213e-04,-3.872857760000000056e-04
CL,7.652096705100000507e-02,1.154194800290000017e-01,1.121978500450000055e-01,9.872176726799999913e-02,8.692405861299999648e-02
CLi,7.619571760000000415e-02,1.151331112330000045e-01,1.119125835830000054e-01,9.843525811299999595e-02,8.661921217500000159e-02
CLo,3.252494509999999893e-04,2.863687960000000244e-04,2.852664619999999997e-04,2.865091549999999811e-04,3.048464389999999821e-04
CMx,2.001603180000000113e-04,1.078602271999999900e-03,2.907493590000000063e-04,-2.285962060000000084e-04,-5.770370479999999960e-04
CMxi,2.015195149999999950e-04,1.079842099999999945e-03,2.909915969999999925e-04,-2.288982420000000117e-04,-5.776164569999999972e-04
CMxo,-1.359197999999999993e-06,-1.239827999999999897e-06,-2.422390000000000028e-07,3.020349999999999911e-07,5.794090000000000501e-07
CMy,-1.413899967700000052e-02,-2.822553811399999835e-02,-2.897570314200000052e-02,-1.794289925300000116e-02,-1.085995652900000052e-02
CMyi,-1.694872352899999893e-02,-3.110379132699999868e-02,-3.183356579800000058e-02,-2.077920500999999934e-02,-1.366598743800000008e-02
CMyo,2.809723852000000147e-03,2.878253213999999900e-03,2.857862656000000057e-03,2.836305757999999910e-03,2.806030908999999993e-03
CMz,2.704470729999999736e-04,5.048767600000000216e-05,1.209901209999999963e-04,1.111463820000000010e-04,9.597082999999999471e-05
CMzi,2.831828529999999935e-04,5.181671900000000007e-05,1.208147509999999932e-04,1.104568289999999952e-04,9.542414500000000318e-05
CMzo,-1.273577999999999955e-05,-1.329043000000000025e-06,1.753689999999999870e-07,6.895519999999999796e-07,5.466850000000000013e-07
CS,7.091740810000000256e-04,-2.321273000000000094e-05,4.078806100000000067e-04,4.399963159999999911e-04,4.104271539999999733e-04
CSi,7.086265310000000074e-04,-2.736757199999999873e-05,4.060870379999999735e-04,4.398333129999999844e-04,4.118102719999999729e-04
CSo,5.475490000000000281e-07,4.154842000000000326e-06,1.793570999999999908e-06,1.630029999999999939e-07,-1.383119000000000038e-06
E,1.190786020900000061e-02,2.579766588500000124e-02,2.355074346100000104e-02,1.742567244800000137e-02,1.366390929399999982e-02
FC_AoA_,-4.000000000000000000e+00
FC_Beta_,0.000000000000000000e+00
FC_Bref_,1.417173599999999922e+01
FC_Cref_,1.088920000000000110e+00
FC_Mach_,1.499999999999999944e-01
FC_Pitch_Rate,0.000000000000000000e+00
FC_ReCref_,3.870000000000000000e+06
FC_Rho_,2.377000000000000206e-03
FC_Roll__Rate,0.000000000000000000e+00
FC_Sref_,1.619368700000000061e+01
FC_Vinf_,5.100000000000000000e+01
FC_Xcg_,1.774861999999999940e+00
FC_Yaw___Rate,0.000000000000000000e+00
FC_Ycg_,0.000000000000000000e+00
FC_Zcg_,7.545150000000000468e-01
L/D,3.408327148365000170e+00,4.965855205375000025e+00,4.735259427825000422e+00,4.065140861446000287e+00,3.608461388888999810e+00
Mach,1.499999999999999944e-01,1.499999999999999944e-01,1.499999999999999944e-01,1.499999999999999944e-01,1.499999999999999944e-01
T/QS,0.000000000000000000e+00,0.000000000000000000e+00,0.000000000000000000e+00,0.000000000000000000e+00,0.000000000000000000e+00
WakeIter,1,2,3,4,5
Results_Name,VSPAERO_History
Results_Timestamp,1759254118
Results_Date,9,30,2025
Results_Time,13,41,58
Alpha,-3.000000000000000000e+00,-3.000000000000000000e+00,-3.000000000000000000e+00,-3.000000000000000000e+00,-3.000000000000000000e+00
AnalysisMethod,0
Beta,0.000000000000000000e+00,0.000000000000000000e+00,0.000000000000000000e+00,0.000000000000000000e+00,0.000000000000000000e+00
CDi,1.161174781200000061e-02,1.324384385300000043e-02,1.362999020700000029e-02,1.469402492799999974e-02,1.423216499000000065e-02
CDo,1.001794353299999968e-02,1.026914540199999962e-02,1.021731051899999951e-02,1.017195024500000024e-02,1.012814746000000043e-02
CDt,9.907231977000000717e-03,1.188441637899999986e-02,1.329522816699999985e-02,1.514269619899999940e-02,1.397912660700000032e-02
CDtot,2.162969134400000160e-02,2.351298925499999831e-02,2.384730072700000023e-02,2.486597517300000171e-02,2.436031245099999978e-02
CDtott,1.992517551000000040e-02,2.215356178099999948e-02,2.351253868599999935e-02,2.531464644399999964e-02,2.410727406700000075e-02
CFx,2.986879678199999902e-02,3.410699670799999944e-02,3.463375021000000137e-02,3.475561367800000107e-02,3.395978743300000213e-02
CFxi,1.985694089500000120e-02,2.384738224599999845e-02,2.442454164499999886e-02,2.459171873599999905e-02,2.383895400700000028e-02
CFxo,1.001185588699999955e-02,1.025961446100000056e-02,1.020920856500000078e-02,1.016389494300000071e-02,1.012083342600000012e-02
CFy,-1.401311858999999957e-03,-8.899100736000000594e-03,-7.242954600000000220e-04,-2.225629742999999869e-03,-4.201748190000000266e-04
CFyi,-1.402708520999999993e-03,-8.909305766999999279e-03,-7.034561589999999967e-04,-2.228297266999999977e-03,-4.186746260000000024e-04
CFyo,1.396661999999999910e-06,1.020503099999999950e-05,-2.083930100000000162e-05,2.667524999999999926e-06,-1.500193000000000072e-06
CFz,1.566451036379999939e-01,2.015299949920000000e-01,2.051932534210000048e-01,1.880544056269999875e-01,1.825309970389999981e-01
CFzi,1.570235919280000003e-01,2.019807632129999864e-01,2.056153976120000115e-01,1.884744718499999916e-01,1.829357720099999973e-01
CFzo,-3.784882899999999920e-04,-4.507682209999999755e-04,-4.221441909999999981e-04,-4.200662230000000029e-04,-4.047749700000000247e-04
CL,1.579936390089999865e-01,2.030388274250000125e-01,2.067246336340000101e-01,1.896156518769999966e-01,1.840581626009999971e-01
CLi,1.578476285419999903e-01,2.029520311509999952e-01,2.066118905980000031e-01,1.895032052520000121e-01,1.839326993460000115e-01
CLo,1.460104669999999971e-04,8.679627499999999934e-05,1.127430349999999969e-04,1.124466240000000008e-04,1.254632550000000125e-04
CMx,2.716649299999999902e-03,2.064859328000000042e-03,5.030914969999999639e-04,-3.606402699999999948e-05,-6.735137559999999479e-04
CMxi,2.720140639999999842e-03,2.066541925000000071e-03,5.041406989999999526e-04,-3.623015099999999674e-05,-6.742513890000000239e-04
CMxo,-3.491338999999999947e-06,-1.682597999999999937e-06,-1.049202999999999922e-06,1.661230000000000113e-07,7.376329999999999983e-07
CMy,-3.227921121300000168e-02,-2.764107587299999974e-02,-5.385440806499999788e-02,-2.705766456299999942e-02,-3.951936236499999783e-02
CMyi,-3.515964899500000074e-02,-3.063777257200000007e-02,-5.670973455799999813e-02,-2.989880393100000089e-02,-4.234618864200000166e-02
CMyo,2.880437781999999926e-03,2.996696697999999895e-03,2.855326492999999809e-03,2.841139369000000164e-03,2.826826276999999926e-03
CMz,-2.179377360000000108e-04,-2.483566517000000088e-03,-1.910647929999999880e-04,-6.485406060000000394e-04,-1.658368469999999927e-04
CMzi,-2.038701180000000008e-04,-2.482498642000000120e-03,-1.839525630000000034e-04,-6.509553080000000068e-04,-1.681574739999999995e-04
CMzo,-1.406761799999999986e-05,-1.067875999999999947e-06,-7.112229999999999835e-06,2.414701999999999992e-06,2.320626999999999965e-06
CS,-1.401311858999999957e-03,-8.899100736000000594e-03,-7.242954600000000220e-04,-2.225629742999999869e-03,-4.201748190000000266e-04
CSi,-1.402708520999999993e-03,-8.909305766999999279e-03,-7.034561589999999967e-04,-2.228297266999999977e-03,-4.186746260000000024e-04
CSo,1.396661999999999910e-06,1.020503099999999950e-05,-2.083930100000000162e-05,2.667524999999999926e-06,-1.500193000000000072e-06
E,5.507168690500000019e-02,7.982199980199999878e-02,8.038313337399999314e-02,6.272522087899999599e-02,6.100940236199999672e-02
FC_AoA_,-3.000000000000000000e+00
FC_Beta_,0.000000000000000000e+00
FC_Bref_,1.417173599999999922e+01
FC_Cref_,1.088920000000000110e+00
FC_Mach_,1.499999999999999944e-01
FC_Pitch_Rate,0.000000000000000000e+00
FC_ReCref_,3.870000000000000000e+06
FC_Rho_,2.377000000000000206e-03
FC_Roll__Rate,0.000000000000000000e+00
FC_Sref_,1.619368700000000061e+01
FC_Vinf_,5.100000000000000000e+01
FC_Xcg_,1.774861999999999940e+00
FC_Yaw___Rate,0.000000000000000000e+00
FC_Ycg_,0.000000000000000000e+00
FC_Zcg_,7.545150000000000468e-01
L/D,7.297729127461000331e+00,8.631485727020999477e+00,8.663952913020999347e+00,7.620984253837000288e+00,7.550506575752000238e+00
Mach,1.499999999999999944e-01,1.499999999999999944e-01,1.499999999999999944e-01,1.499999999999999944e-01,1.499999999999999944e-01
T/QS,0.000000000000000000e+00,0.000000000000000000e+00,0.000000000000000000e+00,0.000000000000000000e+00,0.000000000000000000e+00
WakeIter,1,2,3,4,5
Results_Name,VSPAERO_History
Results_Timestamp,1759254118
Results_Date,9,30,2025
Results_Time,13,41,58
Alpha,-2.000000000000000000e+00,-2.000000000000000000e+00,-2.000000000000000000e+00,-2.000000000000000000e+00,-2.000000000000000000e+00
AnalysisMethod,0
Beta,0.000000000000000000e+00,0.000000000000000000e+00,0.000000000000000000e+00,0.000000000000000000e+00,0.000000000000000000e+00
CDi,9.797169782999999577e-03,1.490009929699999923e-02,1.685286430400000091e-02,1.564282683399999957e-02,1.478671329200000051e-02
CDo,1.028085793900000017e-02,1.059306693300000012e-02,1.055670412100000004e-02,1.054708266000000012e-02,1.044931809100000004e-02
CDt,8.151867862999999728e-03,1.327915329399999983e-02,1.376196706500000012e-02,1.914079705199999912e-02,1.472787471600000078e-02
CDtot,2.007802772199999974e-02,2.549316622999999934e-02,2.740956842499999921e-02,2.618990949400000143e-02,2.523603138299999882e-02
CDtott,1.843272580300000033e-02,2.387222022700000168e-02,2.431867118500000147e-02,2.968787971200000098e-02,2.517719280699999909e-02
CFx,2.913720515300000091e-02,3.555861857999999959e-02,3.758515264600000017e-02,3.720073339499999771e-02,3.482295377399999975e-02
CFxi,1.886489923299999871e-02,2.497653618499999853e-02,2.703511563199999940e-02,2.666554967000000012e-02,2.438189428500000047e-02
CFxo,1.027230592000000046e-02,1.058208239499999932e-02,1.055003701400000077e-02,1.053518372499999932e-02,1.044105948899999928e-02
CFy,2.750887643000000070e-03,-3.976642240000000193e-04,2.200796934999999822e-03,8.484117342000000589e-03,3.872970259999999930e-04
CFyi,2.740418070999999824e-03,-4.095424729999999972e-04,2.285511707999999826e-03,8.496017463999999686e-03,3.793858200000000173e-04
CFyo,1.046957200000000060e-05,1.187824800000000053e-05,-8.471477300000000363e-05,-1.190012199999999997e-05,7.911205999999999485e-06
CFz,2.590704361780000187e-01,2.877918580159999906e-01,2.909121712700000195e-01,3.148515955169999825e-01,2.740930412370000124e-01
CFzi,2.594947870040000271e-01,2.882913166950000217e-01,2.912873601729999984e-01,3.153764364550000199e-01,2.745119301830000191e-01
CFzo,-4.243508259999999939e-04,-4.994586800000000350e-04,-3.751889030000000102e-04,-5.248409369999999926e-04,-4.188889449999999830e-04
CL,2.599294912630000232e-01,2.888575208840000186e-01,2.920466583460000209e-01,3.159580833050000259e-01,2.751413747229999873e-01
CLi,2.599950852799999823e-01,2.889873659569999753e-01,2.920534277119999911e-01,3.161149319129999968e-01,2.751956207710000157e-01
CLo,-6.559401699999999557e-05,-1.298450729999999940e-04,-6.769366000000000266e-06,-1.568486089999999924e-04,-5.424604800000000000e-05
CMx,5.194815783999999666e-03,3.873592339999999863e-03,2.193429438000000196e-03,9.183387919999999680e-04,-2.567564799999999992e-04
CMxi,5.200206163999999964e-03,3.877940021000000209e-03,2.198445570000000151e-03,9.192248480000000336e-04,-2.571146780000000201e-04
CMxo,-5.390380999999999780e-06,-4.347680999999999582e-06,-5.016132000000000173e-06,-8.860560000000000298e-07,3.581980000000000156e-07
CMy,-1.267049332250000104e-01,-3.563362334299999962e-02,-6.267703874900000527e-02,-1.664807479590000028e-01,-5.793783473599999762e-02
CMyi,-1.298053133089999978e-01,-3.882335833100000050e-02,-6.535997164699999806e-02,-1.697079246750000103e-01,-6.079999862299999974e-02
CMyo,3.100380083999999901e-03,3.189734988000000014e-03,2.682932898000000167e-03,3.227176716000000178e-03,2.862163886999999959e-03
CMz,1.133593796000000086e-03,1.680375119999999911e-04,7.074257090000000102e-04,2.574597302000000178e-03,1.637358839999999950e-04
CMzi,1.150718316000000048e-03,1.785834309999999932e-04,7.396474210000000132e-04,2.581634554000000140e-03,1.595490799999999920e-04
CMzo,-1.712451999999999982e-05,-1.054591799999999934e-05,-3.222171100000000027e-05,-7.037251999999999890e-06,4.186804000000000411e-06
CS,2.750887643000000070e-03,-3.976642240000000193e-04,2.200796934999999822e-03,8.484117342000000589e-03,3.872970259999999930e-04
CSi,2.740418070999999824e-03,-4.095424729999999972e-04,2.285511707999999826e-03,8.496017463999999686e-03,3.793858200000000173e-04
CSo,1.046957200000000060e-05,1.187824800000000053e-05,-8.471477300000000363e-05,-1.190012199999999997e-05,7.911205999999999485e-06
E,1.770840696959999905e-01,1.438528273030000026e-01,1.298974851499999916e-01,1.639549884540000002e-01,1.314501955880000017e-01
FC_AoA_,-2.000000000000000000e+00
FC_Beta_,0.000000000000000000e+00
FC_Bref_,1.417173599999999922e+01
FC_Cref_,1.088920000000000110e+00
FC_Mach_,1.499999999999999944e-01
FC_Pitch_Rate,0.000000000000000000e+00
FC_ReCref_,3.870000000000000000e+06
FC_Rho_,2.377000000000000206e-03
FC_Roll__Rate,0.000000000000000000e+00
FC_Sref_,1.619368700000000061e+01
FC_Vinf_,5.100000000000000000e+01
FC_Xcg_,1.774861999999999940e+00
FC_Yaw___Rate,0.000000000000000000e+00
FC_Ycg_,0.000000000000000000e+00
FC_Zcg_,7.545150000000000468e-01
L/D,1.294923430108899964e+01,1.133587579292199976e+01,1.065516330594999950e+01,1.207010402194899967e+01,1.090486917670300038e+01
Mach,1.499999999999999944e-01,1.499999999999999944e-01,1.499999999999999944e-01,1.499999999999999944e-01,1.499999999999999944e-01
T/QS,0.000000000000000000e+00,0.000000000000000000e+00,0.000000000000000000e+00,0.000000000000000000e+00,0.000000000000000000e+00
WakeIter,1,2,3,4,5
Results_Name,VSPAERO_History
Results_Timestamp,1759254118
Results_Date,9,30,2025
Results_Time,13,41,58
Alpha,-1.000000000000000000e+00,-1.000000000000000000e+00,-1.000000000000000000e+00,-1.000000000000000000e+00,-1.000000000000000000e+00
AnalysisMethod,0
Beta,0.000000000000000000e+00,0.000000000000000000e+00,0.000000000000000000e+00,0.000000000000000000e+00,0.000000000000000000e+00
CDi,1.592762434199999910e-02,1.653327550500000021e-02,1.181826511699999964e-02,1.942235910100000018e-02,1.810377956800000160e-02
CDo,1.074968050599999989e-02,1.074837645899999992e-02,1.079512885599999937e-02,1.081948362199999965e-02,1.080777952500000007e-02
CDt,1.731478439399999902e-02,1.535456066300000012e-02,1.701784389600000114e-02,1.628248518200000119e-02,1.597827981499999953e-02
CDtot,2.667730484799999899e-02,2.728165196500000056e-02,2.261339397299999901e-02,3.024184272300000156e-02,2.891155909299999993e-02
CDtott,2.806446490100000107e-02,2.610293712299999874e-02,2.781297275199999877e-02,2.710196880399999911e-02,2.678605933899999916e-02
CFx,3.266778271299999870e-02,3.334250048000000216e-02,2.901399319500000060e-02,3.636180982699999814e-02,3.493361589300000153e-02
CFxi,2.192496590700000053e-02,2.260093620800000119e-02,1.822435851500000051e-02,2.554864166200000036e-02,2.413259471700000131e-02
CFxo,1.074281680599999990e-02,1.074156427199999923e-02,1.078963468000000009e-02,1.081316816599999994e-02,1.080102117600000022e-02
CFy,-8.885664640000000194e-04,7.445583950000000300e-04,-2.315272069999999884e-03,6.411237224000000158e-03,1.306118771600000075e-02
CFyi,-8.993337230000000284e-04,7.582900299999999942e-04,-2.367473600999999914e-03,6.303096218000000216e-03,1.319040395400000037e-02
CFyo,1.076725900000000058e-05,-1.373163499999999986e-05,5.220153100000000305e-05,1.081410070000000061e-04,-1.292162380000000019e-04
CFz,3.429614377060000163e-01,3.469876955119999828e-01,3.664927397150000155e-01,3.503487640310000151e-01,3.447510956639999735e-01
CFzi,3.434484698620000054e-01,3.474717651440000221e-01,3.669017085410000156e-01,3.508049964809999977e-01,3.452325992599999949e-01
CFzo,-4.870321560000000086e-04,-4.840696320000000257e-04,-4.089688260000000114e-04,-4.562324489999999865e-04,-4.815035959999999912e-04
CL,3.434793344389999725e-01,3.475167544760000005e-01,3.669432850980000049e-01,3.509300053020000254e-01,3.453082640649999813e-01
CLi,3.437788044130000165e-01,3.478132842359999977e-01,3.671638865460000178e-01,3.511974524590000257e-01,3.456011905140000118e-01
CLo,-2.994699729999999766e-04,-2.965297610000000150e-04,-2.206014480000000099e-04,-2.674471569999999987e-04,-2.929264489999999885e-04
CMx,4.881308001999999993e-03,1.986088285000000165e-03,1.939165412999999940e-03,1.543603883000000104e-03,9.325215850000000053e-04
CMxi,4.885712932000000133e-03,1.987585768000000013e-03,1.941788146999999911e-03,1.546267300999999922e-03,9.362616590000000499e-04
CMxo,-4.404930000000000362e-06,-1.497483000000000016e-06,-2.622733999999999985e-06,-2.663419000000000088e-06,-3.740074999999999932e-06
CMy,-7.348743401000000508e-02,-7.422446335200000300e-02,-1.286184114109999999e-01,-7.056006149400000094e-02,-4.831773384799999821e-02
CMyi,-7.661390975199999787e-02,-7.738875117799999537e-02,-1.314742940820000094e-01,-7.359376342800000304e-02,-5.146329516999999937e-02
CMyo,3.126475742000000158e-03,3.164287826000000171e-03,2.855882671000000046e-03,3.033701934999999926e-03,3.145561321999999858e-03
CMz,1.477107899999999946e-04,5.031548090000000344e-04,-4.590501110000000081e-04,1.261744876999999938e-03,3.248026726999999909e-03
CMzi,1.599098669999999948e-04,5.128751339999999912e-04,-4.686714479999999844e-04,1.238864002000000103e-03,3.291875988000000051e-03
CMzo,-1.219907700000000023e-05,-9.720325000000000823e-06,9.621337000000000070e-06,2.288087500000000139e-05,-4.384926200000000321e-05
CS,-8.885664640000000194e-04,7.445583950000000300e-04,-2.315272069999999884e-03,6.411237224000000158e-03,1.306118771600000075e-02
CSi,-8.993337230000000284e-04,7.582900299999999942e-04,-2.367473600999999914e-03,6.303096218000000216e-03,1.319040395400000037e-02
CSo,1.076725900000000058e-05,-1.373163499999999986e-05,5.220153100000000305e-05,1.081410070000000061e-04,-1.292162380000000019e-04
E,1.904395037590000117e-01,1.877946775100000076e-01,2.927628997350000262e-01,1.629861067429999866e-01,1.693288887499999895e-01
FC_AoA_,-1.000000000000000000e+00
FC_Beta_,0.000000000000000000e+00
FC_Bref_,1.417173599999999922e+01
FC_Cref_,1.088920000000000110e+00
FC_Mach_,1.499999999999999944e-01
FC_Pitch_Rate,0.000000000000000000e+00
FC_ReCref_,3.870000000000000000e+06
FC_Rho_,2.377000000000000206e-03
FC_Roll__Rate,0.000000000000000000e+00
FC_Sref_,1.619368700000000061e+01
FC_Vinf_,5.100000000000000000e+01
FC_Xcg_,1.774861999999999940e+00
FC_Yaw___Rate,0.000000000000000000e+00
FC_Ycg_,0.000000000000000000e+00
FC_Zcg_,7.545150000000000468e-01
L/D,1.288656430509399975e+01,1.274898179501500017e+01,1.623656700896700045e+01,1.161296471501099958e+01,1.195373758305900047e+01
Mach,1.499999999999999944e-01,1.499999999999999944e-01,1.499999999999999944e-01,1.499999999999999944e-01,1.499999999999999944e-01
T/QS,0.000000000000000000e+00,0.000000000000000000e+00,0.000000000000000000e+00,0.000000000000000000e+00,0.000000000000000000e+00
WakeIter,1,2,3,4,5
Results_Name,VSPAERO_History
Results_Timestamp,1759254118
Results_Date,9,30,2025
Results_Time,13,41,58
Alpha,0.000000000000000000e+00,0.000000000000000000e+00,0.000000000000000000e+00,0.000000000000000000e+00,0.000000000000000000e+00
AnalysisMethod,0
Beta,0.000000000000000000e+00,0.000000000000000000e+00,0.000000000000000000e+00,0.000000000000000000e+00,0.000000000000000000e+00
CDi,1.508141758999999998e-02,1.479791703900000012e-02,1.523514109899999983e-02,1.690471825600000158e-02,1.703329916399999935e-02
CDo,1.121756450499999946e-02,1.105697978500000053e-02,1.114376789299999920e-02,1.128732414300000035e-02,1.136366637400000081e-02
CDt,2.640499484300000074e-02,2.060144196099999991e-02,1.731371050299999881e-02,1.623411217900000078e-02,1.578677319400000056e-02
CDtot,2.629898209499999945e-02,2.585489682500000108e-02,2.637890899199999903e-02,2.819204239900000020e-02,2.839696553699999973e-02
CDtott,3.762255934799999674e-02,3.165842174599999698e-02,2.845747839600000148e-02,2.752143632100000070e-02,2.715043956700000094e-02
CFx,2.629898209499999945e-02,2.585489682500000108e-02,2.637890899199999903e-02,2.819204239900000020e-02,2.839696553699999973e-02
CFxi,1.508141758999999998e-02,1.479791703900000012e-02,1.523514109899999983e-02,1.690471825600000158e-02,1.703329916399999935e-02
CFxo,1.121756450499999946e-02,1.105697978500000053e-02,1.114376789299999920e-02,1.128732414300000035e-02,1.136366637400000081e-02
CFy,-1.567991524999999987e-03,-8.711205119999999814e-04,-3.083951629999999900e-04,-3.295191169999999803e-04,-3.422629960000000016e-04
CFyi,-1.581790268000000032e-03,-8.724773029999999567e-04,-3.089542310000000088e-04,-3.277604829999999870e-04,-3.451687090000000123e-04
CFyo,1.379874299999999983e-05,1.356791000000000043e-06,5.590680000000000402e-07,-1.758633000000000048e-06,2.905713000000000126e-06
CFz,4.246532006909999879e-01,4.283528153869999855e-01,4.431313286049999856e-01,4.440219120900000260e-01,4.670270561759999883e-01
CFzi,4.251958108919999813e-01,4.288400523249999985e-01,4.436116014379999917e-01,4.445026480440000261e-01,4.675240413339999956e-01
CFzo,-5.426102009999999665e-04,-4.872369379999999875e-04,-4.802728329999999906e-04,-4.807359530000000249e-04,-4.969851570000000497e-04
CL,4.246532006909999879e-01,4.283528153869999855e-01,4.431313286049999856e-01,4.440219120900000260e-01,4.670270561759999883e-01
CLi,4.251958108919999813e-01,4.288400523249999985e-01,4.436116014379999917e-01,4.445026480440000261e-01,4.675240413339999956e-01
CLo,-5.426102009999999665e-04,-4.872369379999999875e-04,-4.802728329999999906e-04,-4.807359530000000249e-04,-4.969851570000000497e-04
CMx,5.635658063000000169e-03,3.212536608999999946e-03,2.027286958000000180e-03,2.026587305999999911e-03,5.255397830000000129e-04
CMxi,5.640833666999999982e-03,3.214494827000000197e-03,2.029295937000000129e-03,2.028830820999999885e-03,5.263319440000000220e-04
CMxo,-5.175604000000000160e-06,-1.958219000000000046e-06,-2.008978999999999794e-06,-2.243515999999999799e-06,-7.921620000000000229e-07
CMy,-6.893302219600000447e-02,-1.280878974390000091e-01,-1.378129109969999933e-01,-8.458440334399999760e-02,-1.221405340499999992e-01
CMyi,-7.223101203199999709e-02,-1.312781260160000019e-01,-1.409917653670000048e-01,-8.775093222400000281e-02,-1.253160956490000089e-01
CMyo,3.297989835999999998e-03,3.190228578000000106e-03,3.178854369999999877e-03,3.166528880000000004e-03,3.175561599000000131e-03
CMz,9.507029799999999796e-05,5.736837900000000038e-05,9.943094099999999578e-05,4.414907800000000034e-05,-5.410240600000000203e-05
CMzi,1.138601799999999965e-04,6.717392300000000029e-05,1.076809229999999972e-04,5.494507200000000024e-05,-5.256049699999999775e-05
CMzo,-1.878988199999999853e-05,-9.805543999999999914e-06,-8.249981999999999712e-06,-1.079599399999999989e-05,-1.541909000000000046e-06
CS,-1.567991524999999987e-03,-8.711205119999999814e-04,-3.083951629999999900e-04,-3.295191169999999803e-04,-3.422629960000000016e-04
CSi,-1.581790268000000032e-03,-8.724773029999999567e-04,-3.089542310000000088e-04,-3.277604829999999870e-04,-3.451687090000000123e-04
CSo,1.379874299999999983e-05,1.356791000000000043e-06,5.590680000000000402e-07,-1.758633000000000048e-06,2.905713000000000126e-06
E,3.076703463989999832e-01,3.189627330770000158e-01,3.315195632530000269e-01,2.999788388149999818e-01,3.293509906489999750e-01
FC_AoA_,0.000000000000000000e+00
FC_Beta_,0.000000000000000000e+00
FC_Bref_,1.417173599999999922e+01
FC_Cref_,1.088920000000000110e+00
FC_Mach_,1.499999999999999944e-01
FC_Pitch_Rate,0.000000000000000000e+00
FC_ReCref_,3.870000000000000000e+06
FC_Rho_,2.377000000000000206e-03
FC_Roll__Rate,0.000000000000000000e+00
FC_Sref_,1.619368700000000061e+01
FC_Vinf_,5.100000000000000000e+01
FC_Xcg_,1.774861999999999940e+00
FC_Yaw___Rate,0.000000000000000000e+00
FC_Ycg_,0.000000000000000000e+00
FC_Zcg_,7.545150000000000468e-01
L/D,1.616776684965400079e+01,1.658641514720099863e+01,1.681690480729400150e+01,1.576695443886699977e+01,1.646387325148599956e+01
Mach,1.499999999999999944e-01,1.499999999999999944e-01,1.499999999999999944e-01,1.499999999999999944e-01,1.499999999999999944e-01
T/QS,0.000000000000000000e+00,0.000000000000000000e+00,0.000000000000000000e+00,0.000000000000000000e+00,0.000000000000000000e+00
WakeIter,1,2,3,4,5
Results_Name,VSPAERO_History
Results_Timestamp,1759254118
Results_Date,9,30,2025
Results_Time,13,41,58
Alpha,1.000000000000000000e+00,1.000000000000000000e+00,1.000000000000000000e+00,1.000000000000000000e+00,1.000000000000000000e+00
AnalysisMethod,0
Beta,0.000000000000000000e+00,0.000000000000000000e+00,0.000000000000000000e+00,0.000000000000000000e+00,0.000000000000000000e+00
CDi,1.838314167100000077e-02,1.640325433400000033e-02,1.752417045899999984e-02,1.801480986900000011e-02,1.836560614300000033e-02
CDo,1.177363726000000069e-02,1.164481355300000034e-02,1.170329054399999943e-02,1.176933485699999983e-02,1.183563108400000063e-02
CDt,3.163062470300000151e-02,2.500663458599999833e-02,2.287633641500000023e-02,2.001075302099999953e-02,1.873562274599999827e-02
CDtot,3.015677893100000145e-02,2.804806788599999851e-02,2.922746100299999927e-02,2.978414472700000037e-02,3.020123722799999966e-02
CDtott,4.340426196299999873e-02,3.665144813900000215e-02,3.457962695899999966e-02,3.178008787799999763e-02,3.057125382999999891e-02
CFx,2.095422693700000130e-02,1.898507781800000058e-02,1.987167247300000023e-02,2.024351748899999928e-02,2.071809728899999883e-02
CFxi,9.167297244000000359e-03,7.329194193999999905e-03,8.157427043999999905e-03,8.463206545999999580e-03,8.871584816000000276e-03
CFxo,1.178692969299999921e-02,1.165588362500000023e-02,1.171424542900000032e-02,1.178031094199999927e-02,1.184651247300000029e-02
CFy,-1.421016803000000033e-03,-6.942030649999999647e-04,-9.994470889999999570e-04,-1.696702405999999915e-03,-2.010139689999999987e-04
CFyi,-1.439251051999999908e-03,-6.983701680000000030e-04,-9.993432540000000454e-04,-1.694288900000000047e-03,-2.001648409999999903e-04
CFyo,1.823424899999999971e-05,4.167101999999999935e-06,-1.038350000000000030e-07,-2.413506999999999828e-06,-8.491279999999999786e-07
CFz,5.274770248569999875e-01,5.194631250269999834e-01,5.362478300899999883e-01,5.468420906930000491e-01,5.435522854500000056e-01
CFzi,5.281358008550000038e-01,5.199957062719999801e-01,5.367733019479999923e-01,5.473682007579999675e-01,5.440723918019999550e-01
CFzo,-6.587759980000000310e-04,-5.325812439999999624e-04,-5.254718569999999476e-04,-5.261100649999999462e-04,-5.201063520000000001e-04
CL,5.270309858659999458e-01,5.190526729829999519e-01,5.358193484440000320e-01,5.464055058979999657e-01,5.431079191500000070e-01
CLi,5.278953718169999698e-01,5.197885963310000523e-01,5.365491820409999946e-01,5.471371306090000441e-01,5.438346964379999759e-01
CLo,-8.643859509999999528e-04,-7.359233479999999997e-04,-7.298335980000000400e-04,-7.316247110000000326e-04,-7.267772879999999987e-04
CMx,6.373680924999999831e-03,2.644174256999999844e-03,2.309143270999999831e-03,1.964925486999999967e-03,2.310785487999999881e-03
CMxi,6.378865935999999785e-03,2.645993159999999924e-03,2.311251485000000074e-03,1.967026853999999814e-03,2.313179235000000205e-03
CMxo,-5.185010999999999577e-06,-1.818902999999999939e-06,-2.108213000000000139e-06,-2.101367999999999868e-06,-2.393746999999999868e-06
CMy,-1.274004357840000101e-01,-1.366898202819999963e-01,-1.692015885900000072e-01,-1.753191983490000050e-01,-1.435056124469999972e-01
CMyi,-1.311326529169999922e-01,-1.400741634100000077e-01,-1.725619309620000097e-01,-1.786843489009999897e-01,-1.468526200509999990e-01
CMyo,3.732217132999999815e-03,3.384343128000000082e-03,3.360342371999999918e-03,3.365150551999999875e-03,3.347007605000000118e-03
CMz,3.278108849999999811e-04,1.241635019999999968e-04,-9.766021800000000653e-05,-3.294117680000000154e-04,1.592046920000000020e-04
CMzi,3.545077649999999782e-04,1.336677420000000093e-04,-8.610945499999999632e-05,-3.175546659999999976e-04,1.712606139999999963e-04
CMzo,-2.669688000000000044e-05,-9.504240000000000672e-06,-1.155076300000000005e-05,-1.185710200000000085e-05,-1.205592199999999939e-05
CS,-1.421016803000000033e-03,-6.942030649999999647e-04,-9.994470889999999570e-04,-1.696702405999999915e-03,-2.010139689999999987e-04
CSi,-1.439251051999999908e-03,-6.983701680000000030e-04,-9.993432540000000454e-04,-1.694288900000000047e-03,-2.001648409999999903e-04
CSo,1.823424899999999971e-05,4.167101999999999935e-06,-1.038350000000000030e-07,-2.413506999999999828e-06,-8.491279999999999786e-07
E,3.890682811560000065e-01,4.227399847139999833e-01,4.216299538530000057e-01,4.264936266850000157e-01,4.133123752569999865e-01
FC_AoA_,1.000000000000000000e+00
FC_Beta_,0.000000000000000000e+00
FC_Bref_,1.417173599999999922e+01
FC_Cref_,1.088920000000000110e+00
FC_Mach_,1.499999999999999944e-01
FC_Pitch_Rate,0.000000000000000000e+00
FC_ReCref_,3.870000000000000000e+06
FC_Rho_,2.377000000000000206e-03
FC_Roll__Rate,0.000000000000000000e+00
FC_Sref_,1.619368700000000061e+01
FC_Vinf_,5.100000000000000000e+01
FC_Xcg_,1.774861999999999940e+00
FC_Yaw___Rate,0.000000000000000000e+00
FC_Ycg_,0.000000000000000000e+00
FC_Zcg_,7.545150000000000468e-01
L/D,1.750503172191299939e+01,1.853206425619499953e+01,1.835770756783099955e+01,1.837008031050299905e+01,1.800703369655199992e+01
Mach,1.499999999999999944e-01,1.499999999999999944e-01,1.499999999999999944e-01,1.499999999999999944e-01,1.499999999999999944e-01
T/QS,0.000000000000000000e+00,0.000000000000000000e+00,0.000000000000000000e+00,0.000000000000000000e+00,0.000000000000000000e+00
WakeIter,1,2,3,4,5
Results_Name,VSPAERO_History
Results_Timestamp,1759254118
Results_Date,9,30,2025
Results_Time,13,41,58
Alpha,2.000000000000000000e+00,2.000000000000000000e+00,2.000000000000000000e+00,2.000000000000000000e+00,2.000000000000000000e+00
AnalysisMethod,0
Beta,0.000000000000000000e+00,0.000000000000000000e+00,0.000000000000000000e+00,0.000000000000000000e+00,0.000000000000000000e+00
CDi,2.375996911099999970e-02,1.953891162199999920e-02,2.025945255500000153e-02,2.130742463600000108e-02,2.186072377899999850e-02
CDo,1.242653562399999995e-02,1.225626660899999977e-02,1.234295054100000011e-02,1.247066074500000066e-02,1.260234489599999959e-02
CDt,3.097714719999999922e-02,2.766834679799999933e-02,2.056568032199999896e-02,1.852404523999999844e-02,2.266746821899999834e-02
CDtot,3.618650473400000095e-02,3.179517823200000287e-02,3.260240309700000033e-02,3.377808538000000305e-02,3.446306867499999982e-02
CDtott,4.340368282300000047e-02,3.992461340700000083e-02,3.290863086399999776e-02,3.099470598499999910e-02,3.526981311400000096e-02
CFx,1.436299993699999972e-02,1.063971891500000051e-02,1.078888250300000066e-02,1.152705150600000054e-02,1.170305620999999990e-02
CFxi,1.903520564000000040e-03,-1.645143856000000002e-03,-1.581181070000000017e-03,-9.713794790000000083e-04,-9.313411950000000062e-04
CFxo,1.245947937299999968e-02,1.228486277100000051e-02,1.237006357399999916e-02,1.249843098600000001e-02,1.263439740499999915e-02
CFy,-3.100633739999999854e-04,-8.739696189999999597e-04,-5.093405879999999804e-04,3.297236399999999777e-05,-6.915662600000000576e-05
CFyi,-3.318111909999999940e-04,-8.855443910000000002e-04,-5.089080289999999658e-04,3.743900199999999727e-05,-6.312857400000000630e-05
CFyo,2.174781800000000131e-05,1.157477100000000038e-05,-4.325589999999999759e-07,-4.466638000000000348e-06,-6.028052000000000303e-06
CFz,6.255750486919999798e-01,6.063680782179999840e-01,6.252265777690000359e-01,6.377758404969999795e-01,6.523630367480000025e-01
CFzi,6.263015282649999627e-01,6.069730312100000136e-01,6.257875464250000075e-01,6.383533999620000232e-01,6.530609257809999457e-01
CFzo,-7.264795740000000186e-04,-6.049529920000000114e-04,-5.609686559999999943e-04,-5.775594650000000435e-04,-6.978890320000000203e-04
CL,6.246927038059999493e-01,6.056273743329999570e-01,6.244691800620000288e-01,6.369850363919999925e-01,6.515572040410000376e-01
CLi,6.258535703869999578e-01,6.066606943319999834e-01,6.254615159830000382e-01,6.379984329740000515e-01,6.526956020490000121e-01
CLo,-1.160866581000000045e-03,-1.033319998999999902e-03,-9.923359220000000074e-04,-1.013396582000000018e-03,-1.138398008000000069e-03
CMx,6.864593878999999954e-03,3.791881384000000185e-03,1.925821398000000014e-03,2.227267133000000125e-03,2.138826153000000178e-03
CMxi,6.870397510999999569e-03,3.794307295999999920e-03,1.927784223000000071e-03,2.229948974999999833e-03,2.141590766000000048e-03
CMxo,-5.803631999999999833e-06,-2.425911999999999839e-06,-1.962823999999999895e-06,-2.681842000000000199e-06,-2.764612999999999902e-06
CMy,-1.732090351299999942e-01,-1.495721665760000041e-01,-1.801660902960000032e-01,-1.783460390440000098e-01,-1.891620088050000037e-01
CMyi,-1.772597227720000002e-01,-1.532641988959999868e-01,-1.837228364210000131e-01,-1.819722009570000076e-01,-1.932026392310000062e-01
CMyo,4.050687641999999901e-03,3.692032320000000062e-03,3.556746124999999887e-03,3.626161912999999962e-03,4.040630425999999949e-03
CMz,7.187856230000000011e-04,3.141988690000000134e-04,6.016262699999999945e-05,1.619200539999999958e-04,1.589235000000000040e-04
CMzi,7.545069790000000481e-04,3.309335599999999825e-04,7.210620899999999544e-05,1.791414490000000064e-04,1.768733459999999986e-04
CMzo,-3.572135599999999952e-05,-1.673469099999999959e-05,-1.194358199999999938e-05,-1.722139500000000048e-05,-1.794984600000000134e-05
CS,-3.100633739999999854e-04,-8.739696189999999597e-04,-5.093405879999999804e-04,3.297236399999999777e-05,-6.915662600000000576e-05
CSi,-3.318111909999999940e-04,-8.855443910000000002e-04,-5.089080289999999658e-04,3.743900199999999727e-05,-6.312857400000000630e-05
CSo,2.174781800000000131e-05,1.157477100000000038e-05,-4.325589999999999759e-07,-4.466638000000000348e-06,-6.028052000000000303e-06
E,4.231062573100000113e-01,4.834384610149999872e-01,4.955909099860000278e-01,4.902957340749999893e-01,5.001573871279999528e-01
FC_AoA_,2.000000000000000000e+00
FC_Beta_,0.000000000000000000e+00
FC_Bref_,1.417173599999999922e+01
FC_Cref_,1.088920000000000110e+00
FC_Mach_,1.499999999999999944e-01
FC_Pitch_Rate,0.000000000000000000e+00
FC_ReCref_,3.870000000000000000e+06
FC_Rho_,2.377000000000000206e-03
FC_Roll__Rate,0.000000000000000000e+00
FC_Sref_,1.619368700000000061e+01
FC_Vinf_,5.100000000000000000e+01
FC_Xcg_,1.774861999999999940e+00
FC_Yaw___Rate,0.000000000000000000e+00
FC_Ycg_,0.000000000000000000e+00
FC_Zcg_,7.545150000000000468e-01
L/D,1.729522027560599895e+01,1.908027342731699960e+01,1.918452189332699831e+01,1.888793949658100146e+01,1.893898678060000051e+01
Mach,1.499999999999999944e-01,1.499999999999999944e-01,1.499999999999999944e-01,1.499999999999999944e-01,1.499999999999999944e-01
T/QS,0.000000000000000000e+00,0.000000000000000000e+00,0.000000000000000000e+00,0.000000000000000000e+00,0.000000000000000000e+00
WakeIter,1,2,3,4,5
Results_Name,VSPAERO_History
Results_Timestamp,1759254118
Results_Date,9,30,2025
Results_Time,13,41,58
Alpha,3.000000000000000000e+00,3.000000000000000000e+00,3.000000000000000000e+00,3.000000000000000000e+00,3.000000000000000000e+00
AnalysisMethod,0
Beta,0.000000000000000000e+00,0.000000000000000000e+00,0.000000000000000000e+00,0.000000000000000000e+00,0.000000000000000000e+00
CDi,2.746403818399999891e-02,2.433245046300000144e-02,2.293704900399999927e-02,2.373132470599999960e-02,2.430092449399999868e-02
CDo,1.313397458999999989e-02,1.304932001999999959e-02,1.310617612500000057e-02,1.311579061599999971e-02,1.320018068799999958e-02
CDt,3.571294620700000283e-02,3.059336109200000084e-02,3.204907298100000135e-02,2.622853614999999874e-02,2.437418041499999841e-02
CDtot,4.059801277399999880e-02,3.738177048400000146e-02,3.604322512900000330e-02,3.684711532200000278e-02,3.750110518199999826e-02
CDtott,4.884692079700000272e-02,4.364268111300000086e-02,4.515524910600000191e-02,3.934432676599999845e-02,3.757436110399999668e-02
CFx,3.083657111000000055e-03,2.201786480000000044e-04,-1.093324518000000000e-03,-1.072162572000000084e-03,-7.925522929999999919e-04
CFxi,-1.010646595400000076e-02,-1.288392572299999934e-02,-1.424969892799999964e-02,-1.423782030099999922e-02,-1.404383425299999925e-02
CFxo,1.319012306499999995e-02,1.310410437099999992e-02,1.315637440999999942e-02,1.316565773000000043e-02,1.325128195999999980e-02
CFy,-7.259389110000000200e-04,-6.925179980000000478e-04,-3.173723715000000001e-03,-1.009380362999999893e-03,2.678731169999999813e-04
CFyi,-7.471901779999999462e-04,-6.925250659999999947e-04,-3.182475592999999946e-03,-1.000398901000000085e-03,2.746869910000000032e-04
CFyo,2.125126700000000071e-05,7.067999999999999994e-09,8.751877999999999828e-06,-8.981461999999999695e-06,-6.813873999999999807e-06
CFz,7.168796445339999934e-01,7.100642894690000206e-01,7.095514049929999567e-01,7.245078002520000116e-01,7.316685135439999765e-01
CFzi,7.176070960299999468e-01,7.107679286820000053e-01,7.101660480260000297e-01,7.251158724030000169e-01,7.322979250050000166e-01
CFzo,-7.274514960000000221e-04,-7.036392129999999518e-04,-6.146430329999999801e-04,-6.080721520000000177e-04,-6.294114609999999690e-04
CL,7.157357997529999460e-01,7.090796477780000329e-01,7.086362096370000252e-01,7.235710001449999762e-01,7.307072662569999988e-01
CLi,7.171525720050000441e-01,7.104681385109999914e-01,7.099385617579999641e-01,7.248672762419999804e-01,7.320293336440000243e-01
CLo,-1.416772252000000031e-03,-1.388490732999999927e-03,-1.302352121000000060e-03,-1.296276096999999898e-03,-1.322067387000000092e-03
CMx,7.468767282999999590e-03,2.782355146000000095e-03,2.084480172999999843e-03,2.030371292000000133e-03,1.813935361000000102e-03
CMxi,7.475407205999999929e-03,2.784825927000000086e-03,2.087747929999999794e-03,2.033000774000000028e-03,1.815697708000000004e-03
CMxo,-6.639923000000000157e-06,-2.470780999999999816e-06,-3.267755999999999923e-06,-2.629481999999999908e-06,-1.762347000000000078e-06
CMy,-2.029298401440000066e-01,-1.929970930769999982e-01,-1.740025159989999903e-01,-2.153416270640000074e-01,-2.074981256360000081e-01
CMyi,-2.070354568190000133e-01,-1.971491306900000073e-01,-1.778222671059999926e-01,-2.191448840130000020e-01,-2.113573737830000132e-01
CMyo,4.105616674999999771e-03,4.152037614000000064e-03,3.819751108000000138e-03,3.803256949000000196e-03,3.859248146999999865e-03
CMz,8.292595289999999970e-04,2.970449730000000125e-04,-3.119272200000000259e-04,-1.349887940000000011e-04,1.532669139999999995e-04
CMzi,8.773925089999999767e-04,3.172547489999999839e-04,-3.008719879999999821e-04,-1.173473050000000008e-04,1.707836650000000070e-04
CMzo,-4.813298000000000007e-05,-2.020977599999999852e-05,-1.105523100000000027e-05,-1.764148900000000032e-05,-1.751675000000000131e-05
CS,-7.259389110000000200e-04,-6.925179980000000478e-04,-3.173723715000000001e-03,-1.009380362999999893e-03,2.678731169999999813e-04
CSi,-7.471901779999999462e-04,-6.925250659999999947e-04,-3.182475592999999946e-03,-1.000398901000000085e-03,2.746869910000000032e-04
CSo,2.125126700000000071e-05,7.067999999999999994e-09,8.751877999999999828e-06,-8.981461999999999695e-06,-6.813873999999999807e-06
E,4.806274577329999742e-01,5.324185968229999677e-01,5.639671941799999644e-01,5.682570838470000218e-01,5.659577667049999761e-01
FC_AoA_,3.000000000000000000e+00
FC_Beta_,0.000000000000000000e+00
FC_Bref_,1.417173599999999922e+01
FC_Cref_,1.088920000000000110e+00
FC_Mach_,1.499999999999999944e-01
FC_Pitch_Rate,0.000000000000000000e+00
FC_ReCref_,3.870000000000000000e+06
FC_Rho_,2.377000000000000206e-03
FC_Roll__Rate,0.000000000000000000e+00
FC_Sref_,1.619368700000000061e+01
FC_Vinf_,5.100000000000000000e+01
FC_Xcg_,1.774861999999999940e+00
FC_Yaw___Rate,0.000000000000000000e+00
FC_Ycg_,0.000000000000000000e+00
FC_Zcg_,7.545150000000000468e-01
L/D,1.766472107876300157e+01,1.900573807278000160e+01,1.969686561656699908e+01,1.967229374441999923e+01,1.952020694050199978e+01
Mach,1.499999999999999944e-01,1.499999999999999944e-01,1.499999999999999944e-01,1.499999999999999944e-01,1.499999999999999944e-01
T/QS,0.000000000000000000e+00,0.000000000000000000e+00,0.000000000000000000e+00,0.000000000000000000e+00,0.000000000000000000e+00
WakeIter,1,2,3,4,5
Results_Name,VSPAERO_History
Results_Timestamp,1759254118
Results_Date,9,30,2025
Results_Time,13,41,58
Alpha,4.000000000000000000e+00,4.000000000000000000e+00,4.000000000000000000e+00,4.000000000000000000e+00,4.000000000000000000e+00
AnalysisMethod,0
Beta,0.000000000000000000e+00,0.000000000000000000e+00,0.000000000000000000e+00,0.000000000000000000e+00,0.000000000000000000e+00
CDi,3.127765135599999691e-02,2.931634284799999879e-02,2.702506214000000018e-02,2.795779087299999840e-02,2.842742693700000059e-02
CDo,1.393013760600000060e-02,1.387743733700000023e-02,1.393102418099999990e-02,1.405719523500000012e-02,1.411781220200000048e-02
CDt,4.083496036499999898e-02,3.474385538900000292e-02,3.114431668199999989e-02,2.840442611600000125e-02,2.886431169999999907e-02
CDtot,4.520778896199999924e-02,4.319378018500000249e-02,4.095608632100000007e-02,4.201498610800000200e-02,4.254523913799999890e-02
CDtott,5.476509797100000132e-02,4.862129272599999968e-02,4.507534086300000326e-02,4.246162135199999660e-02,4.298212390199999955e-02
CFx,-1.128637433900000001e-02,-1.297061094299999974e-02,-1.527626525999999964e-02,-1.532582771500000038e-02,-1.525390188199999934e-02
CFxi,-2.530279761700000157e-02,-2.693431181099999877e-02,-2.928967018600000041e-02,-2.946392657799999995e-02,-2.945387765499999852e-02
CFxo,1.401642327799999983e-02,1.396370086800000077e-02,1.401340492600000077e-02,1.413809886199999914e-02,1.419997577399999961e-02
CFy,-9.269516610000000378e-04,-1.013443440000000051e-04,1.686515320000000107e-04,-1.525518941999999935e-03,-3.663454949999999906e-04
CFyi,-9.497135220000000070e-04,-1.055409070000000037e-04,1.670440229999999981e-04,-1.526139671000000062e-03,-3.608587289999999940e-04
CFyo,2.276186099999999969e-05,4.196563999999999620e-06,1.607509000000000104e-06,6.207289999999999992e-07,-5.486764999999999805e-06
CFz,8.094828655960000230e-01,8.046965730849999776e-01,8.055903108369999455e-01,8.214790370229999583e-01,8.280519381430000436e-01
CFzi,8.102303570659999954e-01,8.054455882590000337e-01,8.062819282859999825e-01,8.221451247180000532e-01,8.287339271010000230e-01
CFzo,-7.474914700000000493e-04,-7.490151739999999659e-04,-6.916174489999999970e-04,-6.660876950000000360e-04,-6.819889589999999797e-04
CL,8.082983036949999978e-01,8.036411567590000526e-01,8.046935517250000114e-01,8.205470310750000440e-01,8.270989036450000498e-01
CLi,8.100217105760000313e-01,8.053624059030000115e-01,8.063610101410000341e-01,8.221977201360000098e-01,8.287697715499999784e-01
CLo,-1.723406880999999976e-03,-1.721249144000000075e-03,-1.667458416999999986e-03,-1.650689061000000079e-03,-1.670867904999999995e-03
CMx,8.047662217000000132e-03,2.750983244000000140e-03,2.279504203999999958e-03,1.573466483999999945e-03,1.832611035999999905e-03
CMxi,8.055153383000000430e-03,2.754244491000000083e-03,2.282278629000000086e-03,1.575646852000000056e-03,1.835307761999999988e-03
CMxo,-7.491165999999999861e-06,-3.261247000000000033e-06,-2.774425000000000122e-06,-2.180367999999999874e-06,-2.696725999999999818e-06
CMy,-2.395294270220000021e-01,-2.267555588119999910e-01,-2.138954867660000092e-01,-2.335098051189999913e-01,-2.333277783130000005e-01
CMyi,-2.437916270029999999e-01,-2.311565036490000058e-01,-2.180935209750000103e-01,-2.376102037729999894e-01,-2.374704259759999880e-01
CMyo,4.262199981000000353e-03,4.400944837000000075e-03,4.198034209999999822e-03,4.100398653999999879e-03,4.142647662000000126e-03
CMz,9.789346989999999065e-04,2.683736449999999979e-04,3.346579930000000212e-04,-2.677572259999999962e-04,6.502605600000000373e-05
CMzi,1.040398013000000052e-03,2.895093990000000006e-04,3.541253669999999991e-04,-2.535835250000000041e-04,8.449046499999999778e-05
CMzo,-6.146331399999999643e-05,-2.113575299999999991e-05,-1.946737400000000156e-05,-1.417370199999999998e-05,-1.946440800000000143e-05
CS,-9.269516610000000378e-04,-1.013443440000000051e-04,1.686515320000000107e-04,-1.525518941999999935e-03,-3.663454949999999906e-04
CSi,-9.497135220000000070e-04,-1.055409070000000037e-04,1.670440229999999981e-04,-1.526139671000000062e-03,-3.608587289999999940e-04
CSo,2.276186099999999969e-05,4.196563999999999620e-06,1.607509000000000104e-06,6.207289999999999992e-07,-5.486764999999999805e-06
E,5.384049394950000123e-01,5.678357944670000546e-01,6.175074346960000016e-01,6.205825162010000229e-01,6.201262338209999614e-01
FC_AoA_,4.000000000000000000e+00
FC_Beta_,0.000000000000000000e+00
FC_Bref_,1.417173599999999922e+01
FC_Cref_,1.088920000000000110e+00
FC_Mach_,1.499999999999999944e-01
FC_Pitch_Rate,0.000000000000000000e+00
FC_ReCref_,3.870000000000000000e+06
FC_Rho_,2.377000000000000206e-03
FC_Roll__Rate,0.000000000000000000e+00
FC_Sref_,1.619368700000000061e+01
FC_Vinf_,5.100000000000000000e+01
FC_Xcg_,1.774861999999999940e+00
FC_Yaw___Rate,0.000000000000000000e+00
FC_Ycg_,0.000000000000000000e+00
FC_Zcg_,7.545150000000000468e-01
L/D,1.791774667997900039e+01,1.864533278743299860e+01,1.968842930509899958e+01,1.956915368286799861e+01,1.947973000818199907e+01
Mach,1.499999999999999944e-01,1.499999999999999944e-01,1.499999999999999944e-01,1.499999999999999944e-01,1.499999999999999944e-01
T/QS,0.000000000000000000e+00,0.000000000000000000e+00,0.000000000000000000e+00,0.000000000000000000e+00,0.000000000000000000e+00
WakeIter,1,2,3,4,5
Results_Name,VSPAERO_History
Results_Timestamp,1759254118
Results_Date,9,30,2025
Results_Time,13,41,58
Alpha,5.000000000000000000e+00,5.000000000000000000e+00,5.000000000000000000e+00,5.000000000000000000e+00,5.000000000000000000e+00
AnalysisMethod,0
Beta,0.000000000000000000e+00,0.000000000000000000e+00,0.000000000000000000e+00,0.000000000000000000e+00,0.000000000000000000e+00
CDi,3.553440984100000172e-02,3.301460249299999899e-02,3.211437158100000078e-02,3.193911244000000038e-02,3.297551990699999769e-02
CDo,1.479912696499999930e-02,1.465052780999999936e-02,1.476789986899999969e-02,1.495422139600000033e-02,1.506403291099999917e-02
CDt,4.511619574700000135e-02,3.919398931499999683e-02,3.367375612399999690e-02,3.168108284900000154e-02,3.353288011200000057e-02
CDtot,5.033353680600000102e-02,4.766513030300000009e-02,4.688227144999999874e-02,4.689333383600000071e-02,4.803955281800000032e-02
CDtott,5.991532271200000065e-02,5.384451712599999662e-02,4.844165599300000180e-02,4.663530424500000188e-02,4.859691302300000321e-02
CFx,-2.811956406300000072e-02,-2.959054381800000147e-02,-3.116806058099999902e-02,-3.233998414599999899e-02,-3.228116191299999771e-02
CFxi,-4.304424187900000170e-02,-4.436317514000000239e-02,-4.605878968999999740e-02,-4.741330621599999795e-02,-4.746715015099999685e-02
CFxo,1.492467781599999925e-02,1.477263132199999919e-02,1.489072910900000012e-02,1.507332207000000070e-02,1.518598823799999914e-02
CFy,-7.356890609999999558e-04,-6.569294230000000427e-04,-2.629716469999999898e-04,-1.695407194999999992e-03,-7.313878090000000293e-04
CFyi,-7.606740159999999650e-04,-6.651195740000000233e-04,-2.685463880000000083e-04,-1.702760006999999966e-03,-7.295738820000000156e-04
CFyo,2.498495499999999904e-05,8.190150999999999234e-06,5.574742000000000064e-06,7.352811999999999627e-06,-1.813927000000000014e-06
CFz,8.989206559250000339e-01,8.851175004219999920e-01,8.941663015380000301e-01,9.076883758299999494e-01,9.201674225399999463e-01
CFzi,8.997095648859999573e-01,8.858734940889999576e-01,8.949254657349999809e-01,9.083967873520000236e-01,9.209036684250000437e-01
CFzo,-7.889089600000000159e-04,-7.559936669999999881e-04,-7.591641969999999694e-04,-7.084115230000000152e-04,-7.362458849999999966e-04
CL,8.979507729300000296e-01,8.843283469329999980e-01,8.934802042749999673e-01,9.070529628600000338e-01,9.194793963349999766e-01
CLi,9.000374512340000299e-01,8.863689834710000159e-01,8.955342921779999577e-01,9.090724052430000368e-01,9.215363866660000181e-01
CLo,-2.086678303999999883e-03,-2.040636538000000205e-03,-2.054087903999999871e-03,-2.019442383999999965e-03,-2.056990330999999839e-03
CMx,8.663243977999999720e-03,4.048842056000000189e-03,2.992341357999999795e-03,3.041589030999999801e-03,3.184393799000000049e-03
CMxi,8.671710775000000815e-03,4.053598985999999800e-03,2.995737573999999927e-03,3.046175332999999895e-03,3.189297294999999914e-03
CMxo,-8.466797000000000109e-06,-4.756929999999999702e-06,-3.396215999999999791e-06,-4.586300999999999849e-06,-4.903495999999999613e-06
CMy,-2.683506454360000126e-01,-2.452328621490000027e-01,-2.481136482909999941e-01,-2.521035814779999940e-01,-2.625594478950000199e-01
CMyi,-2.728636544699999944e-01,-2.497437465329999939e-01,-2.526891393510000139e-01,-2.564988150740000195e-01,-2.670110701599999747e-01
CMyo,4.513009033000000420e-03,4.510884383999999928e-03,4.575491059999999867e-03,4.395233596000000346e-03,4.451622264999999939e-03
CMz,1.144629281000000050e-03,3.858859359999999828e-04,3.538818879999999843e-04,-6.995210499999999761e-05,1.500106669999999999e-04
CMzi,1.220989351999999910e-03,4.208142390000000070e-04,3.810011460000000197e-04,-4.137853699999999817e-05,1.845159239999999987e-04
CMzo,-7.636007099999999486e-05,-3.492830299999999714e-05,-2.711925800000000150e-05,-2.857356799999999944e-05,-3.450525699999999881e-05
CS,-7.356890609999999558e-04,-6.569294230000000427e-04,-2.629716469999999898e-04,-1.695407194999999992e-03,-7.313878090000000293e-04
CSi,-7.606740159999999650e-04,-6.651195740000000233e-04,-2.685463880000000083e-04,-1.702760006999999966e-03,-7.295738820000000156e-04
CSo,2.498495499999999904e-05,8.190150999999999234e-06,5.574742000000000064e-06,7.352811999999999627e-06,-1.813927000000000014e-06
E,5.850889644110000010e-01,6.107632254039999653e-01,6.409362939780000046e-01,6.640854397119999586e-01,6.609721727230000177e-01
FC_AoA_,5.000000000000000000e+00
FC_Beta_,0.000000000000000000e+00
FC_Bref_,1.417173599999999922e+01
FC_Cref_,1.088920000000000110e+00
FC_Mach_,1.499999999999999944e-01
FC_Pitch_Rate,0.000000000000000000e+00
FC_ReCref_,3.870000000000000000e+06
FC_Rho_,2.377000000000000206e-03
FC_Roll__Rate,0.000000000000000000e+00
FC_Sref_,1.619368700000000061e+01
FC_Vinf_,5.100000000000000000e+01
FC_Xcg_,1.774861999999999940e+00
FC_Yaw___Rate,0.000000000000000000e+00
FC_Ycg_,0.000000000000000000e+00
FC_Zcg_,7.545150000000000468e-01
L/D,1.788146648041400155e+01,1.859575286656500026e+01,1.910176841873800058e+01,1.938596237211600126e+01,1.918286771240000022e+01
Mach,1.499999999999999944e-01,1.499999999999999944e-01,1.499999999999999944e-01,1.499999999999999944e-01,1.499999999999999944e-01
T/QS,0.000000000000000000e+00,0.000000000000000000e+00,0.000000000000000000e+00,0.000000000000000000e+00,0.000000000000000000e+00
WakeIter,1,2,3,4,5
Results_Name,VSPAERO_History
Results_Timestamp,1759254118
Results_Date,9,30,2025
Results_Time,13,41,58
Alpha,6.000000000000000000e+00,6.000000000000000000e+00,6.000000000000000000e+00,6.000000000000000000e+00,6.000000000000000000e+00
AnalysisMethod,0
Beta,0.000000000000000000e+00,0.000000000000000000e+00,0.000000000000000000e+00,0.000000000000000000e+00,0.000000000000000000e+00
CDi,3.985690018600000079e-02,3.743592207199999966e-02,3.753135403599999753e-02,3.698585096999999766e-02,3.817628969299999980e-02
CDo,1.574344723100000107e-02,1.565360916499999866e-02,1.583297096100000009e-02,1.602088426099999852e-02,1.618883252399999986e-02
CDt,4.883867586400000155e-02,4.272228318699999861e-02,3.746775173999999931e-02,3.463244502300000249e-02,3.828175140000000115e-02
CDtot,5.560034741799999708e-02,5.308953123799999702e-02,5.336432499700000109e-02,5.300673523200000181e-02,5.436512221700000314e-02
CDtott,6.458212309499999915e-02,5.837589235300000290e-02,5.330072270100000287e-02,5.065332928499999970e-02,5.447058392399999754e-02
CFx,-4.764393835300000102e-02,-4.970543699100000296e-02,-5.075558676300000183e-02,-5.236592043999999807e-02,-5.257383182400000160e-02
CFxi,-6.356051015699999696e-02,-6.552800981299999883e-02,-6.676182278400000225e-02,-6.855708168700000438e-02,-6.893663133499999818e-02
CFxo,1.591657180399999941e-02,1.582257282100000065e-02,1.600623602000000173e-02,1.619116124699999937e-02,1.636279951100000005e-02
CFy,-1.082094965000000072e-03,-5.543617609999999547e-04,1.336649719999999917e-04,-6.072381879999999696e-04,-6.646744389999999529e-04
CFyi,-1.110252639999999985e-03,-5.569331580000000349e-04,1.305769350000000092e-04,-6.118369069999999958e-04,-6.658273730000000478e-04
CFyo,2.815767600000000081e-05,2.571397000000000192e-06,3.088036999999999874e-06,4.598719000000000007e-06,1.152934000000000099e-06
CFz,9.852176533719999574e-01,9.808110962249999565e-01,9.934314931979999486e-01,1.005331814850999983e+00,1.020305338425999908e+00
CFzi,9.860397445480000300e-01,9.815983071339999810e-01,9.942502292679999965e-01,1.006112273185000072e+00,1.021112102982999925e+00
CFzo,-8.220911760000000016e-04,-7.872109090000000472e-04,-8.187360699999999668e-04,-7.804583340000000079e-04,-8.067645570000000132e-04
CL,9.848006756420000229e-01,9.806337433609999543e-01,9.932947750210000537e-01,1.005298231170999923e+00,1.020211460874999920e+00
CLi,9.872819981079999918e-01,9.830705510680000092e-01,9.957821332230000211e-01,1.007766851276000075e+00,1.022724184177999929e+00
CLo,-2.481322466000000088e-03,-2.436807706999999813e-03,-2.487358201999999904e-03,-2.468620105999999939e-03,-2.512723304000000213e-03
CMx,9.185448027000000029e-03,3.336555302999999820e-03,1.411022503999999995e-03,1.830371186000000032e-03,1.512283722000000051e-03
CMxi,9.194808567999999960e-03,3.341208804999999844e-03,1.413004608999999991e-03,1.833586411999999985e-03,1.514923803000000095e-03
CMxo,-9.360540000000000676e-06,-4.653500999999999815e-06,-1.982104999999999973e-06,-3.215226999999999837e-06,-2.640081999999999857e-06
CMy,-2.893726768650000114e-01,-2.808538306730000156e-01,-2.842719641620000126e-01,-2.861596941430000207e-01,-2.957229565350000255e-01
CMyi,-2.941252041490000080e-01,-2.856060171479999910e-01,-2.891894853090000161e-01,-2.909488134789999791e-01,-3.005409309589999745e-01
CMyo,4.752527284000000046e-03,4.752186474999999660e-03,4.917521147000000065e-03,4.789119336000000060e-03,4.817974422999999652e-03
CMz,1.232158750999999943e-03,2.627342780000000095e-04,2.336766930000000128e-04,8.352884100000000449e-05,1.229646800000000073e-05
CMzi,1.323049781000000102e-03,2.969651399999999829e-04,2.487899620000000246e-04,1.038009430000000019e-04,3.035625999999999995e-05
CMzo,-9.089103100000000591e-05,-3.423086200000000057e-05,-1.511326899999999999e-05,-2.027210200000000075e-05,-1.805979200000000092e-05
CS,-1.082094965000000072e-03,-5.543617609999999547e-04,1.336649719999999917e-04,-6.072381879999999696e-04,-6.646744389999999529e-04
CSi,-1.110252639999999985e-03,-5.569331580000000349e-04,1.305769350000000092e-04,-6.118369069999999958e-04,-6.658273730000000478e-04
CSo,2.815767600000000081e-05,2.571397000000000192e-06,3.088036999999999874e-06,4.598719000000000007e-06,1.152934000000000099e-06
E,6.276662384679999596e-01,6.625683556400000507e-01,6.780852195530000515e-01,7.047488469020000146e-01,7.031908087110000372e-01
FC_AoA_,6.000000000000000000e+00
FC_Beta_,0.000000000000000000e+00
FC_Bref_,1.417173599999999922e+01
FC_Cref_,1.088920000000000110e+00
FC_Mach_,1.499999999999999944e-01
FC_Pitch_Rate,0.000000000000000000e+00
FC_ReCref_,3.870000000000000000e+06
FC_Rho_,2.377000000000000206e-03
FC_Roll__Rate,0.000000000000000000e+00
FC_Sref_,1.619368700000000061e+01
FC_Vinf_,5.100000000000000000e+01
FC_Xcg_,1.774861999999999940e+00
FC_Yaw___Rate,0.000000000000000000e+00
FC_Ycg_,0.000000000000000000e+00
FC_Zcg_,7.545150000000000468e-01
L/D,1.775675951615000159e+01,1.851722040390200164e+01,1.866007174784099831e+01,1.901205284331500067e+01,1.881213804864500005e+01
Mach,1.499999999999999944e-01,1.499999999999999944e-01,1.499999999999999944e-01,1.499999999999999944e-01,1.499999999999999944e-01
T/QS,0.000000000000000000e+00,0.000000000000000000e+00,0.000000000000000000e+00,0.000000000000000000e+00,0.000000000000000000e+00
WakeIter,1,2,3,4,5
Results_Name,VSPAERO_History
Results_Timestamp,1759254118
Results_Date,9,30,2025
Results_Time,13,41,58
Alpha,7.000000000000000000e+00,7.000000000000000000e+00,7.000000000000000000e+00,7.000000000000000000e+00,7.000000000000000000e+00
AnalysisMethod,0
Beta,0.000000000000000000e+00,0.000000000000000000e+00,0.000000000000000000e+00,0.000000000000000000e+00,0.000000000000000000e+00
CDi,4.553152089600000230e-02,4.326577557399999968e-02,4.287786714599999688e-02,4.269746593300000059e-02,4.302975971899999919e-02
CDo,1.698696092100000082e-02,1.682317518299999981e-02,1.690617876300000086e-02,1.708777627300000004e-02,1.721421685499999882e-02
CDt,5.423640435299999923e-02,4.750098978199999988e-02,4.343496527400000223e-02,3.955526981100000034e-02,4.069441815100000026e-02
CDtot,6.251848181699999618e-02,6.008895075799999819e-02,5.978404590900000121e-02,5.978524220599999717e-02,6.024397657299999931e-02
CDtott,7.122336527500000569e-02,6.432416496499999969e-02,6.034114403699999962e-02,5.664304608500000254e-02,5.790863500599999908e-02
CFx,-7.088628243300000575e-02,-7.238930893200000438e-02,-7.294256504000000418e-02,-7.436147392200000150e-02,-7.502961581299999461e-02
CFxi,-8.810830916400000379e-02,-8.944300611199999806e-02,-9.008139169899999354e-02,-9.168164888999999484e-02,-9.247730155599999391e-02
CFxo,1.722202673100000150e-02,1.705369718000000062e-02,1.713882665899999977e-02,1.732017496700000159e-02,1.744768574299999930e-02
CFy,-3.198232359999999825e-04,-5.443610280000000384e-04,-4.715611239999999995e-04,-6.363527589999999710e-04,-5.592475529999999797e-04
CFyi,-3.333433289999999829e-04,-5.472853770000000138e-04,-4.746924059999999782e-04,-6.407608439999999727e-04,-5.614052250000000320e-04
CFyo,1.352009199999999930e-05,2.924348000000000161e-06,3.131281000000000099e-06,4.408084999999999995e-06,2.157672000000000185e-06
CFz,1.090318409348999928e+00,1.082624038759000040e+00,1.084628048669000089e+00,1.096193950386000093e+00,1.105399678404000108e+00
CFzi,1.091193899699999914e+00,1.083472540285999930e+00,1.085488787539000022e+00,1.097041552689000055e+00,1.106248263304000057e+00
CFzo,-8.754903500000000465e-04,-8.485015270000000488e-04,-8.607388699999999910e-04,-8.476023030000000161e-04,-8.485848999999999736e-04
CL,1.090830205959999910e+00,1.083376360893999912e+00,1.085432858177000082e+00,1.097085470909000104e+00,1.106304006840999943e+00
CLi,1.093798007628000057e+00,1.086296860697000044e+00,1.088375878781000061e+00,1.100037553665000001e+00,1.109272604522999917e+00
CLo,-2.967801667999999879e-03,-2.920499802999999839e-03,-2.943020603999999939e-03,-2.952082754999999989e-03,-2.968597682000000213e-03
CMx,5.731524608000000166e-03,2.059806845000000056e-03,1.668456421000000071e-03,2.039438770000000147e-03,1.897394970999999970e-03
CMxi,5.737923126000000172e-03,2.062573504999999988e-03,1.670888196000000015e-03,2.043056094000000183e-03,1.900785146999999951e-03
CMxo,-6.398516999999999643e-06,-2.766659999999999867e-06,-2.431775000000000108e-06,-3.617323000000000078e-06,-3.390177000000000169e-06
CMy,-3.276268866679999947e-01,-3.260298060090000005e-01,-3.171030192650000079e-01,-3.209147776330000257e-01,-3.229144636090000020e-01
CMyi,-3.327081836010000182e-01,-3.311351604769999790e-01,-3.223035714240000127e-01,-3.260966429730000060e-01,-3.280555452689999929e-01
CMyo,5.081296931999999648e-03,5.105354468000000180e-03,5.200552158999999577e-03,5.181865340000000285e-03,5.141081659999999567e-03
CMz,8.210313400000000036e-04,1.335937939999999916e-04,1.124416599999999950e-04,1.010221189999999949e-04,8.742651500000000163e-05
CMzi,8.836472999999999854e-04,1.558597360000000133e-04,1.310439219999999874e-04,1.250460090000000133e-04,1.112637799999999954e-04
CMzo,-6.261595999999999536e-05,-2.226594200000000129e-05,-1.860226099999999974e-05,-2.402389000000000149e-05,-2.383726500000000055e-05
CS,-3.198232359999999825e-04,-5.443610280000000384e-04,-4.715611239999999995e-04,-6.363527589999999710e-04,-5.592475529999999797e-04
CSi,-3.333433289999999829e-04,-5.472853770000000138e-04,-4.746924059999999782e-04,-6.407608439999999727e-04,-5.614052250000000320e-04
CSo,1.352009199999999930e-05,2.924348000000000161e-06,3.131281000000000099e-06,4.408084999999999995e-06,2.157672000000000185e-06
E,6.743912861899999944e-01,7.000070392430000066e-01,7.090461341360000391e-01,7.273823757720000449e-01,7.339348421419999990e-01
FC_AoA_,7.000000000000000000e+00
FC_Beta_,0.000000000000000000e+00
FC_Bref_,1.417173599999999922e+01
FC_Cref_,1.088920000000000110e+00
FC_Mach_,1.499999999999999944e-01
FC_Pitch_Rate,0.000000000000000000e+00
FC_ReCref_,3.870000000000000000e+06
FC_Rho_,2.377000000000000206e-03
FC_Roll__Rate,0.000000000000000000e+00
FC_Sref_,1.619368700000000061e+01
FC_Vinf_,5.100000000000000000e+01
FC_Xcg_,1.774861999999999940e+00
FC_Yaw___Rate,0.000000000000000000e+00
FC_Ycg_,0.000000000000000000e+00
FC_Zcg_,7.545150000000000468e-01
L/D,1.749559451593999881e+01,1.807814659764600052e+01,1.820512249112000092e+01,1.839981763172400164e+01,1.841300438013000118e+01
Mach,1.499999999999999944e-01,1.499999999999999944e-01,1.499999999999999944e-01,1.499999999999999944e-01,1.499999999999999944e-01
T/QS,0.000000000000000000e+00,0.000000000000000000e+00,0.000000000000000000e+00,0.000000000000000000e+00,0.000000000000000000e+00
WakeIter,1,2,3,4,5
Results_Name,VSPAERO_History
Results_Timestamp,1759254118
Results_Date,9,30,2025
Results_Time,13,41,58
Alpha,8.000000000000000000e+00,8.000000000000000000e+00,8.000000000000000000e+00,8.000000000000000000e+00,8.000000000000000000e+00
AnalysisMethod,0
Beta,0.000000000000000000e+00,0.000000000000000000e+00,0.000000000000000000e+00,0.000000000000000000e+00,0.000000000000000000e+00
CDi,5.100379506299999866e-02,4.888890699799999795e-02,4.823072755300000097e-02,4.870277738400000112e-02,4.888266774499999689e-02
CDo,1.810721175000000113e-02,1.795004643699999944e-02,1.802928499900000037e-02,1.825536406600000022e-02,1.837208397600000043e-02
CDt,5.962240100499999890e-02,5.352383969800000169e-02,4.714546324999999843e-02,4.302944892100000335e-02,4.446710199900000271e-02
CDtot,6.911100681300000326e-02,6.683895343500000086e-02,6.626001255300000004e-02,6.695814144999999440e-02,6.725475172099999732e-02
CDtott,7.772961275499999656e-02,7.147388613499999765e-02,6.517474824900000574e-02,6.128481298699999663e-02,6.283918597500000314e-02
CFx,-9.569052543400000110e-02,-9.723729618199999924e-02,-9.796133076900000181e-02,-9.921327197500000306e-02,-9.996632426899999813e-02
CFxi,-1.141056146039999969e-01,-1.154905999089999996e-01,-1.162940425800000066e-01,-1.177752056640000017e-01,-1.186467486399999938e-01
CFxo,1.841508916900000056e-02,1.825330372700000037e-02,1.833271181100000133e-02,1.856193368899999863e-02,1.868042437099999911e-02
CFy,-5.126207960000000530e-04,-2.204151519999999987e-04,-2.165005919999999967e-04,-5.403335420000000486e-04,-6.342306779999999514e-04
CFyi,-5.302808299999999886e-04,-2.235143340000000087e-04,-2.202615600000000094e-04,-5.447648910000000080e-04,-6.390763459999999506e-04
CFyo,1.766003399999999999e-05,3.099181999999999832e-06,3.760968000000000038e-06,4.431349000000000117e-06,4.845668000000000004e-06
CFz,1.177456545130999954e+00,1.172137013618000045e+00,1.173128925474000050e+00,1.187053213176999966e+00,1.194542691421000002e+00
CFzi,1.178381027204999931e+00,1.173039611832999984e+00,1.174027189000999893e+00,1.187958029982000063e+00,1.195451946064999937e+00
CFzo,-9.244820750000000420e-04,-9.025982160000000113e-04,-8.982635270000000104e-04,-9.048168049999999463e-04,-9.092546439999999938e-04
CL,1.179315166130999959e+00,1.174262672813999986e+00,1.175345697590999938e+00,1.189308711623999981e+00,1.196830107403000110e+00
CLi,1.182793536274000079e+00,1.177696855888999972e+00,1.178786639631000055e+00,1.192788044685000104e+00,1.200330325829999989e+00
CLo,-3.478370143000000022e-03,-3.434183075000000075e-03,-3.440942040000000059e-03,-3.479333061000000008e-03,-3.500218426999999848e-03
CMx,6.047073893000000366e-03,2.237579277000000151e-03,1.683312090000000033e-03,2.281981052999999988e-03,2.447230146000000175e-03
CMxi,6.054545912999999974e-03,2.240789510000000106e-03,1.685976468999999915e-03,2.286073765999999986e-03,2.451979964000000015e-03
CMxo,-7.472020000000000333e-06,-3.210233000000000050e-06,-2.664378999999999906e-06,-4.092713000000000366e-06,-4.749817999999999896e-06
CMy,-3.546314084650000198e-01,-3.593973489999999771e-01,-3.488976818380000178e-01,-3.541788901390000022e-01,-3.535034588770000208e-01
CMyi,-3.600502306480000136e-01,-3.648595593839999984e-01,-3.544038166660000155e-01,-3.597518868319999896e-01,-3.590427402879999841e-01
CMyo,5.418822182000000362e-03,5.462210383999999662e-03,5.506134826999999933e-03,5.572996692999999599e-03,5.539281412000000154e-03
CMz,8.770169970000000212e-04,2.797523089999999859e-04,1.826211159999999959e-04,1.556126390000000083e-04,1.530656329999999904e-04
CMzi,9.492385829999999821e-04,3.070485149999999802e-04,2.030348019999999882e-04,1.850079109999999910e-04,1.853807350000000079e-04
CMzo,-7.222158600000000157e-05,-2.729620600000000108e-05,-2.041368599999999908e-05,-2.939527199999999966e-05,-3.231510199999999708e-05
CS,-5.126207960000000530e-04,-2.204151519999999987e-04,-2.165005919999999967e-04,-5.403335420000000486e-04,-6.342306779999999514e-04
CSi,-5.302808299999999886e-04,-2.235143340000000087e-04,-2.202615600000000094e-04,-5.447648910000000080e-04,-6.390763459999999506e-04
CSo,1.766003399999999999e-05,3.099181999999999832e-06,3.760968000000000038e-06,4.431349000000000117e-06,4.845668000000000004e-06
E,7.039879809319999904e-01,7.281260263390000320e-01,7.394289468450000458e-01,7.497607098499999845e-01,7.564783605039999692e-01
FC_AoA_,8.000000000000000000e+00
FC_Beta_,0.000000000000000000e+00
FC_Bref_,1.417173599999999922e+01
FC_Cref_,1.088920000000000110e+00
FC_Mach_,1.499999999999999944e-01
FC_Pitch_Rate,0.000000000000000000e+00
FC_ReCref_,3.870000000000000000e+06
FC_Rho_,2.377000000000000206e-03
FC_Roll__Rate,0.000000000000000000e+00
FC_Sref_,1.619368700000000061e+01
FC_Vinf_,5.100000000000000000e+01
FC_Xcg_,1.774861999999999940e+00
FC_Yaw___Rate,0.000000000000000000e+00
FC_Ycg_,0.000000000000000000e+00
FC_Zcg_,7.545150000000000468e-01
L/D,1.711440175481899928e+01,1.761991765825199963e+01,1.779031717954699943e+01,1.781393597332699841e+01,1.784751701716799843e+01
Mach,1.499999999999999944e-01,1.499999999999999944e-01,1.499999999999999944e-01,1.499999999999999944e-01,1.499999999999999944e-01
T/QS,0.000000000000000000e+00,0.000000000000000000e+00,0.000000000000000000e+00,0.000000000000000000e+00,0.000000000000000000e+00
WakeIter,1,2,3,4,5
Results_Name,VSPAERO_History
Results_Timestamp,1759254118
Results_Date,9,30,2025
Results_Time,13,41,58
Alpha,9.000000000000000000e+00,9.000000000000000000e+00,9.000000000000000000e+00,9.000000000000000000e+00,9.000000000000000000e+00
AnalysisMethod,0
Beta,0.000000000000000000e+00,0.000000000000000000e+00,0.000000000000000000e+00,0.000000000000000000e+00,0.000000000000000000e+00
CDi,5.689658027200000107e-02,5.462641485900000121e-02,5.463817959000000224e-02,5.473936025400000238e-02,5.474262821900000020e-02
CDo,1.929019820599999976e-02,1.913482138200000085e-02,1.928274223800000020e-02,1.946640189799999851e-02,1.952848831499999840e-02
CDt,6.644634242499999899e-02,6.009092231100000153e-02,5.133116040400000080e-02,4.690566958100000211e-02,5.310087581999999723e-02
CDtot,7.618677847900000299e-02,7.376123624100000553e-02,7.392092182800000244e-02,7.420576215299999612e-02,7.427111653399999514e-02
CDtott,8.573654063199999398e-02,7.922574369200000022e-02,7.061390264200000100e-02,6.637207147899999715e-02,7.262936413499999910e-02
CFx,-1.228803603619999935e-01,-1.245661520089999946e-01,-1.255063484689999953e-01,-1.269768251829999917e-01,-1.275141185460000048e-01
CFxi,-1.425670997459999867e-01,-1.440895521539999891e-01,-1.451788377450000112e-01,-1.468374733339999905e-01,-1.474405969539999972e-01
CFxo,1.968673938400000017e-02,1.952340014500000137e-02,1.967248927599999850e-02,1.986064815099999881e-02,1.992647840799999931e-02
CFy,-8.313586850000000052e-04,-3.772798339999999784e-04,-5.470732629999999503e-04,-4.470396280000000252e-04,-6.063121910000000142e-04
CFyi,-8.527933849999999984e-04,-3.805274890000000221e-04,-5.513416029999999813e-04,-4.502157210000000040e-04,-6.105409750000000265e-04
CFyo,2.143469999999999994e-05,3.247655000000000079e-06,4.268339999999999693e-06,3.176092999999999984e-06,4.228783999999999626e-06
CFz,1.262856478877999900e+00,1.257994983157999958e+00,1.264951932620999919e+00,1.276056985654999920e+00,1.279867097262999964e+00
CFzi,1.263841969817000033e+00,1.258942429810999908e+00,1.265895113847999909e+00,1.277014119473000031e+00,1.280842982457000012e+00
CFzo,-9.854909390000000415e-04,-9.474466530000000015e-04,-9.431812270000000361e-04,-9.571338179999999696e-04,-9.758851939999999957e-04
CL,1.266531343470000071e+00,1.261993416743999896e+00,1.269011793745000061e+00,1.280210158385999941e+00,1.284057412397999975e+00
CLi,1.270584385924000026e+00,1.265983331414000101e+00,1.273020818181999969e+00,1.284262398167999919e+00,1.288138470815999970e+00
CLo,-4.053042453999999677e-03,-3.989914669999999712e-03,-4.009024437000000343e-03,-4.052239780999999930e-03,-4.081058418000000319e-03
CMx,6.415544656999999998e-03,2.398841139999999955e-03,1.876771700999999969e-03,1.933032248999999982e-03,2.249756844999999984e-03
CMxi,6.424052494000000169e-03,2.402546412999999846e-03,1.879911636000000013e-03,1.936735900000000066e-03,2.254471353999999966e-03
CMxo,-8.507836999999999635e-06,-3.705274000000000042e-06,-3.139935000000000118e-06,-3.703650999999999923e-06,-4.714508999999999960e-06
CMy,-3.796647236410000126e-01,-3.849586461639999957e-01,-3.873430972219999990e-01,-3.878123324359999957e-01,-3.817874125640000060e-01
CMyi,-3.854860026499999925e-01,-3.907597847070000130e-01,-3.932126739549999805e-01,-3.937636575590000021e-01,-3.877266771130000178e-01
CMyo,5.821279008999999914e-03,5.801138542999999953e-03,5.869576732999999720e-03,5.951325123000000307e-03,5.939264550000000059e-03
CMz,9.313874550000000169e-04,2.686926829999999899e-04,1.697539940000000118e-04,1.826902669999999910e-04,1.799552599999999986e-04
CMzi,1.014788359000000058e-03,3.008404090000000187e-04,1.947917560000000004e-04,2.103864859999999973e-04,2.122777770000000130e-04
CMzo,-8.340090400000000064e-05,-3.214772600000000168e-05,-2.503776199999999875e-05,-2.769621899999999951e-05,-3.232251700000000080e-05
CS,-8.313586850000000052e-04,-3.772798339999999784e-04,-5.470732629999999503e-04,-4.470396280000000252e-04,-6.063121910000000142e-04
CSi,-8.527933849999999984e-04,-3.805274890000000221e-04,-5.513416029999999813e-04,-4.502157210000000040e-04,-6.105409750000000265e-04
CSo,2.143469999999999994e-05,3.247655000000000079e-06,4.268339999999999693e-06,3.176092999999999984e-06,4.228783999999999626e-06
E,7.282336040410000155e-01,7.530141342339999877e-01,7.612453311569999936e-01,7.733171972110000070e-01,7.779457435369999674e-01
FC_AoA_,9.000000000000000000e+00
FC_Beta_,0.000000000000000000e+00
FC_Bref_,1.417173599999999922e+01
FC_Cref_,1.088920000000000110e+00
FC_Mach_,1.499999999999999944e-01
FC_Pitch_Rate,0.000000000000000000e+00
FC_ReCref_,3.870000000000000000e+06
FC_Rho_,2.377000000000000206e-03
FC_Roll__Rate,0.000000000000000000e+00
FC_Sref_,1.619368700000000061e+01
FC_Vinf_,5.100000000000000000e+01
FC_Xcg_,1.774861999999999940e+00
FC_Yaw___Rate,0.000000000000000000e+00
FC_Ycg_,0.000000000000000000e+00
FC_Zcg_,7.545150000000000468e-01
L/D,1.667722945236100074e+01,1.716326075765299919e+01,1.722138721622599888e+01,1.730677458071799890e+01,1.734373375448100063e+01
Mach,1.499999999999999944e-01,1.499999999999999944e-01,1.499999999999999944e-01,1.499999999999999944e-01,1.499999999999999944e-01
T/QS,0.000000000000000000e+00,0.000000000000000000e+00,0.000000000000000000e+00,0.000000000000000000e+00,0.000000000000000000e+00
WakeIter,1,2,3,4,5
Results_Name,VSPAERO_History
Results_Timestamp,1759254118
Results_Date,9,30,2025
Results_Time,13,41,58
Alpha,1.000000000000000000e+01,1.000000000000000000e+01,1.000000000000000000e+01,1.000000000000000000e+01,1.000000000000000000e+01
AnalysisMethod,0
Beta,0.000000000000000000e+00,0.000000000000000000e+00,0.000000000000000000e+00,0.000000000000000000e+00,0.000000000000000000e+00
CDi,6.341412573900000182e-02,6.212897323799999871e-02,6.180620871300000069e-02,6.051475468700000249e-02,6.077706004200000151e-02
CDo,2.054987663399999998e-02,2.052200103800000050e-02,2.057521702000000147e-02,2.062602301000000110e-02,2.080304564500000050e-02
CDt,7.318034763800000675e-02,6.671399346100000127e-02,5.888976474500000335e-02,5.328712308499999883e-02,5.685715128700000176e-02
CDtot,8.396400237199999617e-02,8.265097427600000268e-02,8.238142573300000215e-02,8.114077769699999665e-02,8.158010568699999854e-02
CDtott,9.373022427100000109e-02,8.723599449799999961e-02,7.946498176499999788e-02,7.391314609500000687e-02,7.766019693200000573e-02
CFx,-1.527315064030000114e-01,-1.541688791120000013e-01,-1.554317416300000088e-01,-1.568529972840000120e-01,-1.581151497620000013e-01
CFxi,-1.737823336360000137e-01,-1.751834347129999914e-01,-1.765016999479999960e-01,-1.779737044120000000e-01,-1.794191790799999908e-01
CFxo,2.105082723299999889e-02,2.101455560100000050e-02,2.106995831800000107e-02,2.112070712799999847e-02,2.130402931799999997e-02
CFy,-1.168564382999999962e-03,-4.400652710000000105e-04,-5.836054539999999818e-04,-5.853927639999999917e-04,-5.170947890000000520e-04
CFyi,-1.192815923000000063e-03,-4.431721530000000170e-04,-5.867851259999999711e-04,-5.892205479999999785e-04,-5.206158300000000329e-04
CFyo,2.425153899999999983e-05,3.106883000000000015e-06,3.179671999999999887e-06,3.827784000000000416e-06,3.521040999999999904e-06
CFz,1.349712834054999977e+00,1.350303152321999933e+00,1.355912933366999917e+00,1.356828667432000035e+00,1.366516678893000103e+00
CFzi,1.350755984837000101e+00,1.351301125615999910e+00,1.356918652455999963e+00,1.357829617286999913e+00,1.367537867825999953e+00
CFzo,-1.043150781999999978e-03,-9.979732939999999986e-04,-1.005719090000000045e-03,-1.000949854999999946e-03,-1.021188933000000089e-03
CL,1.355729211077000063e+00,1.356560158234999980e+00,1.362304007874999945e+00,1.363452628336000005e+00,1.373212627612000025e+00
CLi,1.360411951841999922e+00,1.361192109355999991e+00,1.366953207696999906e+00,1.368105943818000103e+00,1.377917708258000085e+00
CLo,-4.682740765000000319e-03,-4.631951121999999983e-03,-4.649199821999999878e-03,-4.653315481999999691e-03,-4.705080646000000394e-03
CMx,6.747954888999999935e-03,2.493004232999999990e-03,1.681191997999999981e-03,1.939589358999999893e-03,1.975592513000000092e-03
CMxi,6.757600203000000381e-03,2.497218133000000170e-03,1.684283952000000060e-03,1.943578531000000106e-03,1.979734161000000145e-03
CMxo,-9.645314000000000603e-06,-4.213899999999999584e-06,-3.091953999999999789e-06,-3.989171999999999929e-06,-4.141647999999999924e-06
CMy,-4.125118835039999765e-01,-4.186915174190000144e-01,-4.308792405569999984e-01,-4.171819791229999796e-01,-4.161779054879999884e-01
CMyi,-4.187442966409999912e-01,-4.248761175399999868e-01,-4.371650009799999959e-01,-4.234956936879999967e-01,-4.225344001010000183e-01
CMyo,6.232413136999999902e-03,6.184600121000000117e-03,6.285760423000000090e-03,6.313714564000000133e-03,6.356494612999999579e-03
CMz,1.012862901000000093e-03,3.052937779999999736e-04,9.840320799999999516e-05,1.571908820000000038e-04,1.865574090000000017e-04
CMzi,1.108061362000000100e-03,3.417848430000000257e-04,1.227901259999999929e-04,1.861431759999999979e-04,2.170810249999999991e-04
CMzo,-9.519846099999999323e-05,-3.649106499999999788e-05,-2.438691900000000055e-05,-2.895229400000000087e-05,-3.052361599999999734e-05
CS,-1.168564382999999962e-03,-4.400652710000000105e-04,-5.836054539999999818e-04,-5.853927639999999917e-04,-5.170947890000000520e-04
CSi,-1.192815923000000063e-03,-4.431721530000000170e-04,-5.867851259999999711e-04,-5.892205479999999785e-04,-5.206158300000000329e-04
CSo,2.425153899999999983e-05,3.106883000000000015e-06,3.179671999999999887e-06,3.827784000000000416e-06,3.521040999999999904e-06
E,7.490394985789999849e-01,7.654106855840000501e-01,7.759344682090000278e-01,7.938309621729999765e-01,8.017827831960000484e-01
FC_AoA_,1.000000000000000000e+01
FC_Beta_,0.000000000000000000e+00
FC_Bref_,1.417173599999999922e+01
FC_Cref_,1.088920000000000110e+00
FC_Mach_,1.499999999999999944e-01
FC_Pitch_Rate,0.000000000000000000e+00
FC_ReCref_,3.870000000000000000e+06
FC_Rho_,2.377000000000000206e-03
FC_Roll__Rate,0.000000000000000000e+00
FC_Sref_,1.619368700000000061e+01
FC_Vinf_,5.100000000000000000e+01
FC_Xcg_,1.774861999999999940e+00
FC_Yaw___Rate,0.000000000000000000e+00
FC_Ycg_,0.000000000000000000e+00
FC_Zcg_,7.545150000000000468e-01
L/D,1.620232377453000083e+01,1.646915987724700159e+01,1.659297827808200054e+01,1.686089266885700155e+01,1.689036434378299845e+01
Mach,1.499999999999999944e-01,1.499999999999999944e-01,1.499999999999999944e-01,1.499999999999999944e-01,1.499999999999999944e-01
T/QS,0.000000000000000000e+00,0.000000000000000000e+00,0.000000000000000000e+00,0.000000000000000000e+00,0.000000000000000000e+00
WakeIter,1,2,3,4,5
Results_Name,VSPAERO_History
Results_Timestamp,1759254118
Results_Date,9,30,2025
Results_Time,13,41,58
Alpha,1.100000000000000000e+01,1.100000000000000000e+01,1.100000000000000000e+01,1.100000000000000000e+01,1.100000000000000000e+01
AnalysisMethod,0
Beta,0.000000000000000000e+00,0.000000000000000000e+00,0.000000000000000000e+00,0.000000000000000000e+00,0.000000000000000000e+00
CDi,7.040126413399999672e-02,6.744127158200000083e-02,6.810322636700000265e-02,6.870347774200000202e-02,7.019188435199999465e-02
CDo,2.187266057599999980e-02,2.171610850600000017e-02,2.184533799800000148e-02,2.213737896799999882e-02,2.240563913900000051e-02
CDt,8.048576891700000291e-02,7.390270396299999933e-02,6.432024979400000064e-02,5.757378751399999661e-02,6.569804827099999522e-02
CDtot,9.227392470999999652e-02,8.915738008800000447e-02,8.994856436600000282e-02,9.084085671000000084e-02,9.259752349199999732e-02
CDtott,1.023584294930000027e-01,9.561881246900000297e-02,8.616558779199999518e-02,7.971116648199999544e-02,8.810368741000000614e-02
CFx,-1.850622169799999994e-01,-1.868478460690000120e-01,-1.881702934149999951e-01,-1.896065125299999932e-01,-1.908199260379999929e-01
CFxi,-2.075586049910000119e-01,-2.091731704960000104e-01,-2.106288607419999903e-01,-2.123639217309999938e-01,-2.138614522960000097e-01
CFxo,2.249638801099999863e-02,2.232532442699999842e-02,2.245856732800000088e-02,2.275740920100000064e-02,2.304152625799999951e-02
CFy,-1.071293371000000107e-03,-6.168956109999999523e-04,-2.384390249999999935e-04,-7.734560390000000092e-04,-4.308431680000000146e-04
CFyi,-1.098320980000000056e-03,-6.208718589999999817e-04,-2.407201479999999906e-04,-7.792144180000000345e-04,-4.347525970000000006e-04
CFyo,2.702760800000000044e-05,3.976247999999999779e-06,2.281123000000000064e-06,5.758380000000000084e-06,3.909429000000000377e-06
CFz,1.435655729887999943e+00,1.428508673924999917e+00,1.439458548361000068e+00,1.451523619318999980e+00,1.466972505575999897e+00
CFzi,1.436758431701999905e+00,1.429551794715999913e+00,1.440509872967000060e+00,1.452581811194000094e+00,1.468086443540000063e+00
CFzo,-1.102701813999999985e-03,-1.043120790999999903e-03,-1.051324605999999929e-03,-1.058191874999999966e-03,-1.113937964000000008e-03
CL,1.444590226234000019e+00,1.437915195913000099e+00,1.448916225163999982e+00,1.461033670311999932e+00,1.476430247229000070e+00
CLi,1.449965181505999956e+00,1.443199024362000094e+00,1.454233530645000050e+00,1.466414738609000068e+00,1.481920249492000075e+00
CLo,-5.374955271999999618e-03,-5.283828449000000337e-03,-5.317305480999999848e-03,-5.381068297000000250e-03,-5.490002263000000153e-03
CMx,7.064132130000000225e-03,2.676297997000000144e-03,1.981526794999999806e-03,2.424889030999999827e-03,1.716026863000000074e-03
CMxi,7.075067170000000176e-03,2.681229026000000147e-03,1.985184958000000156e-03,2.430357262999999993e-03,1.719881638999999976e-03
CMxo,-1.093504000000000059e-05,-4.931029000000000049e-06,-3.658163000000000012e-06,-5.468231999999999622e-06,-3.854777000000000346e-06
CMy,-4.460409523459999970e-01,-4.409770237669999871e-01,-4.648175333289999989e-01,-4.583337146909999826e-01,-4.617384474139999972e-01
CMyi,-4.527075736599999733e-01,-4.475351806469999860e-01,-4.715212537210000110e-01,-4.651208283909999963e-01,-4.686253676309999894e-01
CMyo,6.666621313999999791e-03,6.558156879999999835e-03,6.703720391999999986e-03,6.787113699999999805e-03,6.886920218000000364e-03
CMz,1.137286836000000068e-03,3.077611030000000050e-04,2.997532709999999891e-04,2.144176760000000132e-04,1.953555820000000079e-04
CMzi,1.244948919000000076e-03,3.497916370000000151e-04,3.318811480000000212e-04,2.536335600000000010e-04,2.242165650000000016e-04
CMzo,-1.076620829999999938e-04,-4.203053499999999924e-05,-3.212787699999999821e-05,-3.921588400000000131e-05,-2.886098300000000048e-05
CS,-1.071293371000000107e-03,-6.168956109999999523e-04,-2.384390249999999935e-04,-7.734560390000000092e-04,-4.308431680000000146e-04
CSi,-1.098320980000000056e-03,-6.208718589999999817e-04,-2.407201479999999906e-04,-7.792144180000000345e-04,-4.347525970000000006e-04
CSo,2.702760800000000044e-05,3.976247999999999779e-06,2.281123000000000064e-06,5.758380000000000084e-06,3.909429000000000377e-06
E,7.664512575199999844e-01,7.926410397640000216e-01,7.969855965750000104e-01,8.033129424429999998e-01,8.029945818139999636e-01
FC_AoA_,1.100000000000000000e+01
FC_Beta_,0.000000000000000000e+00
FC_Bref_,1.417173599999999922e+01
FC_Cref_,1.088920000000000110e+00
FC_Mach_,1.499999999999999944e-01
FC_Pitch_Rate,0.000000000000000000e+00
FC_ReCref_,3.870000000000000000e+06
FC_Rho_,2.377000000000000206e-03
FC_Roll__Rate,0.000000000000000000e+00
FC_Sref_,1.619368700000000061e+01
FC_Vinf_,5.100000000000000000e+01
FC_Xcg_,1.774861999999999940e+00
FC_Yaw___Rate,0.000000000000000000e+00
FC_Ycg_,0.000000000000000000e+00
FC_Zcg_,7.545150000000000468e-01
L/D,1.571370445190300025e+01,1.618709548144000010e+01,1.616739011785299951e+01,1.614267843481099973e+01,1.600388642820299978e+01
Mach,1.499999999999999944e-01,1.499999999999999944e-01,1.499999999999999944e-01,1.499999999999999944e-01,1.499999999999999944e-01
T/QS,0.000000000000000000e+00,0.000000000000000000e+00,0.000000000000000000e+00,0.000000000000000000e+00,0.000000000000000000e+00
WakeIter,1,2,3,4,5
Results_Name,VSPAERO_History
Results_Timestamp,1759254118
Results_Date,9,30,2025
Results_Time,13,41,58
Alpha,1.200000000000000000e+01,1.200000000000000000e+01,1.200000000000000000e+01,1.200000000000000000e+01,1.200000000000000000e+01
AnalysisMethod,0
Beta,0.000000000000000000e+00,0.000000000000000000e+00,0.000000000000000000e+00,0.000000000000000000e+00,0.000000000000000000e+00
CDi,7.777561563599999506e-02,7.466980839999999564e-02,7.518715002999999675e-02,7.629719151199999827e-02,7.782356665600000112e-02
CDo,2.325063363299999936e-02,2.311004867800000098e-02,2.325785301299999885e-02,2.357001841399999909e-02,2.384745624100000072e-02
CDt,8.800178108200000515e-02,8.161930618000000359e-02,7.125502299399999462e-02,6.449956855600000316e-02,7.234929844000000110e-02
CDtot,1.010262492679999957e-01,9.777985707799999315e-02,9.844500304299999560e-02,9.986720992599999736e-02,1.016710228970000018e-01
CDtott,1.112524147149999976e-01,1.047293548569999955e-01,9.451287600799999911e-02,8.806958697000000225e-02,9.619675468100000182e-02
CFx,-2.197850448679999902e-01,-2.218628443519999882e-01,-2.232400808059999964e-01,-2.249514428440000102e-01,-2.261788236839999966e-01
CFxi,-2.438013638169999886e-01,-2.457252001149999865e-01,-2.472523667079999932e-01,-2.492850849350000120e-01,-2.508088446610000077e-01
CFxo,2.401631894899999842e-02,2.386235576299999828e-02,2.401228590200000026e-02,2.433364209099999828e-02,2.463002097599999857e-02
CFy,-1.198274709000000026e-03,-6.683566880000000113e-04,-3.014397240000000057e-04,-5.826650369999999664e-04,-3.120618769999999984e-04
CFyi,-1.228410530999999922e-03,-6.739963620000000198e-04,-3.040088559999999749e-04,-5.880911409999999831e-04,-3.159770910000000163e-04
CFyo,3.013582200000000056e-05,5.639674000000000106e-06,2.569132000000000138e-06,5.426103999999999709e-06,3.915214999999999580e-06
CFz,1.519916760524999910e+00,1.514077754524000063e+00,1.523756318004999999e+00,1.538648080673999941e+00,1.553098314724999929e+00
CFzi,1.521075286652000091e+00,1.515188117097999942e+00,1.524861146834000092e+00,1.539763338853000096e+00,1.554273523690000047e+00
CFzo,-1.158526126999999926e-03,-1.110362573000000033e-03,-1.104828829999999909e-03,-1.115258179999999979e-03,-1.175208964999999899e-03
CL,1.532398812917000086e+00,1.527119402010999938e+00,1.536872809217999958e+00,1.551794963317999931e+00,1.566184611911999980e+00
CLi,1.538525295948999894e+00,1.533166763232000074e+00,1.542945929849000031e+00,1.557945099102000075e+00,1.572455009046999974e+00
CLo,-6.126483030999999718e-03,-6.047361220999999780e-03,-6.073120631000000075e-03,-6.150135783000000057e-03,-6.270397135000000365e-03
CMx,7.395628645000000036e-03,2.805167654999999888e-03,1.705986426000000080e-03,2.215504065999999821e-03,1.567706245999999975e-03
CMxi,7.408024457999999937e-03,2.810835779000000166e-03,1.709470266000000065e-03,2.220939119999999854e-03,1.571484181000000089e-03
CMxo,-1.239581200000000030e-05,-5.668123999999999808e-06,-3.483839999999999835e-06,-5.435053999999999852e-06,-3.777935000000000193e-06
CMy,-4.787618539349999813e-01,-4.755570616140000206e-01,-4.914621228470000269e-01,-4.958607936619999768e-01,-4.955482339000000236e-01
CMyi,-4.858698174830000105e-01,-4.826023981790000250e-01,-4.986017839699999898e-01,-5.031076783950000353e-01,-5.029140811059999994e-01
CMyo,7.107963549000000103e-03,7.045336565000000044e-03,7.139661121999999784e-03,7.246884733000000418e-03,7.365847204999999634e-03
CMz,1.256581815000000100e-03,3.433913909999999751e-04,2.402843209999999967e-04,2.482990620000000257e-04,2.154229200000000086e-04
CMzi,1.377577597000000055e-03,3.903171129999999790e-04,2.696593569999999841e-04,2.867406059999999730e-04,2.436050140000000079e-04
CMzo,-1.209957809999999992e-04,-4.692572199999999713e-05,-2.937503500000000157e-05,-3.844154299999999876e-05,-2.818209499999999872e-05
CS,-1.198274709000000026e-03,-6.683566880000000113e-04,-3.014397240000000057e-04,-5.826650369999999664e-04,-3.120618769999999984e-04
CSi,-1.228410530999999922e-03,-6.739963620000000198e-04,-3.040088559999999749e-04,-5.880911409999999831e-04,-3.159770910000000163e-04
CSo,3.013582200000000056e-05,5.639674000000000106e-06,2.569132000000000138e-06,5.426103999999999709e-06,3.915214999999999580e-06
E,7.811162565989999695e-01,8.079483646970000432e-01,8.126576775010000420e-01,8.164800890679999590e-01,8.154459451250000157e-01
FC_AoA_,1.200000000000000000e+01
FC_Beta_,0.000000000000000000e+00
FC_Bref_,1.417173599999999922e+01
FC_Cref_,1.088920000000000110e+00
FC_Mach_,1.499999999999999944e-01
FC_Pitch_Rate,0.000000000000000000e+00
FC_ReCref_,3.870000000000000000e+06
FC_Rho_,2.377000000000000206e-03
FC_Roll__Rate,0.000000000000000000e+00
FC_Sref_,1.619368700000000061e+01
FC_Vinf_,5.100000000000000000e+01
FC_Xcg_,1.774861999999999940e+00
FC_Yaw___Rate,0.000000000000000000e+00
FC_Ycg_,0.000000000000000000e+00
FC_Zcg_,7.545150000000000468e-01
L/D,1.522896580930500043e+01,1.567978118444499991e+01,1.567317671957300007e+01,1.560016646353500036e+01,1.546610788638099976e+01
Mach,1.499999999999999944e-01,1.499999999999999944e-01,1.499999999999999944e-01,1.499999999999999944e-01,1.499999999999999944e-01
T/QS,0.000000000000000000e+00,0.000000000000000000e+00,0.000000000000000000e+00,0.000000000000000000e+00,0.000000000000000000e+00
WakeIter,1,2,3,4,5
Results_Name,VSPAERO_History
Results_Timestamp,1759254118
Results_Date,9,30,2025
Results_Time,13,41,58
Alpha,1.300000000000000000e+01,1.300000000000000000e+01,1.300000000000000000e+01,1.300000000000000000e+01,1.300000000000000000e+01
AnalysisMethod,0
Beta,0.000000000000000000e+00,0.000000000000000000e+00,0.000000000000000000e+00,0.000000000000000000e+00,0.000000000000000000e+00
CDi,8.548987209800000542e-02,8.259909904399999336e-02,8.311770732600000378e-02,8.515155148000000396e-02,8.568601262599999380e-02
CDo,2.468650792400000141e-02,2.457376275999999943e-02,2.478748746399999855e-02,2.510018932500000105e-02,2.525615336900000063e-02
CDt,9.560438987699999835e-02,8.972166114799999537e-02,7.893782938000000471e-02,7.250324285299999949e-02,8.010565648400000405e-02
CDtot,1.101763800220000034e-01,1.071728618039999997e-01,1.079051947900000058e-01,1.102517408060000037e-01,1.109421659949999944e-01
CDtott,1.202908978009999963e-01,1.142954239080000017e-01,1.037253168440000067e-01,9.760343217799999360e-02,1.053618098530000047e-01
CFx,-2.570001001080000069e-01,-2.592066555420000085e-01,-2.611522999509999776e-01,-2.629202422599999922e-01,-2.634524689500000183e-01
CFxi,-2.826162427259999999e-01,-2.846984565930000266e-01,-2.868593740020000116e-01,-2.889537870039999845e-01,-2.896559460750000037e-01
CFxo,2.561614261799999986e-02,2.549180105100000079e-02,2.570707405099999926e-02,2.603354474399999924e-02,2.620347712499999926e-02
CFy,-1.333850484999999936e-03,-7.642752760000000051e-04,-2.027754599999999872e-04,-9.759455179999999711e-04,-6.917901260000000000e-04
CFyi,-1.367262368999999991e-03,-7.715321719999999753e-04,-2.044995429999999935e-04,-9.804828480000000492e-04,-6.971298749999999727e-04
CFyo,3.341188400000000064e-05,7.256895999999999815e-06,1.724083000000000100e-06,4.537330000000000145e-06,5.339748999999999754e-06
CFz,1.602969078167999939e+00,1.599174845417999924e+00,1.610857878702999901e+00,1.628947040763000009e+00,1.634321591895000036e+00
CFzi,1.604183096120999963e+00,1.600351479518999920e+00,1.612016868356999977e+00,1.630130041901000082e+00,1.635547326693000070e+00
CFzo,-1.214017953000000056e-03,-1.176634101000000000e-03,-1.158989653000000019e-03,-1.183001138000000030e-03,-1.225734798000000089e-03
CL,1.619697528029000022e+00,1.616496908190000026e+00,1.628318180850000019e+00,1.646341419344999890e+00,1.651697946035000086e+00
CLi,1.626642809070999895e+00,1.623377792759000071e+00,1.635230299085999928e+00,1.653350373579000054e+00,1.658786765135999985e+00
CLo,-6.945281042000000030e-03,-6.880884569000000200e-03,-6.912118234999999576e-03,-7.008954234000000331e-03,-7.088819102000000136e-03
CMx,7.679848012000000355e-03,3.003466486000000001e-03,8.292033959999999719e-04,1.556291287999999945e-03,2.064706928000000115e-03
CMxi,7.693763705999999945e-03,3.009946875999999858e-03,8.309072949999999919e-04,1.560624014999999979e-03,2.070444698000000090e-03
CMxo,-1.391569399999999986e-05,-6.480389999999999969e-06,-1.703899000000000083e-06,-4.332726999999999725e-06,-5.737769999999999954e-06
CMy,-5.113468589909999640e-01,-5.111189381039999979e-01,-5.237916147810000034e-01,-5.450787202700000389e-01,-5.318496263859999740e-01
CMyi,-5.189209842790000193e-01,-5.186652345740000447e-01,-5.313785842679999982e-01,-5.528410695630000538e-01,-5.396803146530000372e-01
CMyo,7.574125287000000283e-03,7.546296469999999937e-03,7.586969487000000054e-03,7.762349293000000115e-03,7.830688267000000813e-03
CMz,1.364678974000000039e-03,3.784823729999999995e-04,1.190751109999999978e-04,-4.750813000000000045e-06,2.126539609999999938e-04
CMzi,1.498827517999999984e-03,4.319218860000000244e-04,1.343707390000000042e-04,2.324025600000000140e-05,2.514635520000000181e-04
CMzo,-1.341485430000000025e-04,-5.343951299999999773e-05,-1.529562799999999964e-05,-2.799106799999999951e-05,-3.880959099999999723e-05
CS,-1.333850484999999936e-03,-7.642752760000000051e-04,-2.027754599999999872e-04,-9.759455179999999711e-04,-6.917901260000000000e-04
CSi,-1.367262368999999991e-03,-7.715321719999999753e-04,-2.044995429999999935e-04,-9.804828480000000492e-04,-6.971298749999999727e-04
CSo,3.341188400000000064e-05,7.256895999999999815e-06,1.724083000000000100e-06,4.537330000000000145e-06,5.339748999999999754e-06
E,7.943640465829999719e-01,8.188677034519999953e-01,8.256845291140000320e-01,8.239238641189999823e-01,8.241780449229999528e-01
FC_AoA_,1.300000000000000000e+01
FC_Beta_,0.000000000000000000e+00
FC_Bref_,1.417173599999999922e+01
FC_Cref_,1.088920000000000110e+00
FC_Mach_,1.499999999999999944e-01
FC_Pitch_Rate,0.000000000000000000e+00
FC_ReCref_,3.870000000000000000e+06
FC_Rho_,2.377000000000000206e-03
FC_Roll__Rate,0.000000000000000000e+00
FC_Sref_,1.619368700000000061e+01
FC_Vinf_,5.100000000000000000e+01
FC_Xcg_,1.774861999999999940e+00
FC_Yaw___Rate,0.000000000000000000e+00
FC_Ycg_,0.000000000000000000e+00
FC_Zcg_,7.545150000000000468e-01
L/D,1.476398851317899918e+01,1.514728416719600013e+01,1.515432414782499926e+01,1.499613848721699938e+01,1.495181521161799942e+01
Mach,1.499999999999999944e-01,1.499999999999999944e-01,1.499999999999999944e-01,1.499999999999999944e-01,1.499999999999999944e-01
T/QS,0.000000000000000000e+00,0.000000000000000000e+00,0.000000000000000000e+00,0.000000000000000000e+00,0.000000000000000000e+00
WakeIter,1,2,3,4,5
Results_Name,VSPAERO_History
Results_Timestamp,1759254118
Results_Date,9,30,2025
Results_Time,13,41,58
Alpha,1.400000000000000000e+01,1.400000000000000000e+01,1.400000000000000000e+01,1.400000000000000000e+01,1.400000000000000000e+01
AnalysisMethod,0
Beta,0.000000000000000000e+00,0.000000000000000000e+00,0.000000000000000000e+00,0.000000000000000000e+00,0.000000000000000000e+00
CDi,9.396157198500000585e-02,9.065159917600000561e-02,9.092222517100000123e-02,9.374915971800000525e-02,9.421492236700000633e-02
CDo,2.617943232000000120e-02,2.604710908999999935e-02,2.627046207399999847e-02,2.663012582700000075e-02,2.678512459399999893e-02
CDt,1.051235583220000019e-01,9.887714823800000663e-02,8.625401048799999359e-02,8.130638792300000361e-02,8.921279352899999515e-02
CDtot,1.201410043049999932e-01,1.166987082659999980e-01,1.171926872449999962e-01,1.203792855450000060e-01,1.210000469610000018e-01
CDtott,1.313029906419999893e-01,1.249242573279999990e-01,1.125244725620000025e-01,1.079365137500000044e-01,1.159979181230000045e-01
CFx,-2.966018867599999886e-01,-2.987455498880000060e-01,-3.010612241110000031e-01,-3.029187932660000193e-01,-3.033125194540000069e-01
CFxi,-3.239009233790000053e-01,-3.258983963839999776e-01,-3.284378159770000027e-01,-3.306747112689999990e-01,-3.312395576220000248e-01
CFxo,2.729903661899999931e-02,2.715284649599999933e-02,2.737659186599999961e-02,2.775591800300000050e-02,2.792703816899999927e-02
CFy,-1.429845161999999904e-03,-7.640842689999999531e-04,-1.715694429999999884e-04,-1.908700390000000005e-04,-8.099590019999999531e-04
CFyi,-1.467196053000000043e-03,-7.713832149999999511e-04,-1.733585550000000077e-04,-1.938910049999999978e-04,-8.163168759999999509e-04
CFyo,3.735089099999999712e-05,7.298945999999999692e-06,1.789111000000000039e-06,3.020967000000000108e-06,6.357873000000000037e-06
CFz,1.686215902128999966e+00,1.680584709204999916e+00,1.691914265689999919e+00,1.712536581416999937e+00,1.716681688868999967e+00
CFzi,1.687491959603999891e+00,1.681821396856999939e+00,1.693125102817000016e+00,1.713782118906000074e+00,1.717972854300999996e+00
CFzo,-1.276057474999999983e-03,-1.236687651999999983e-03,-1.210837126999999907e-03,-1.245537488999999901e-03,-1.291165430999999947e-03
CL,1.707882574097999928e+00,1.702937250716999973e+00,1.714490483252999908e+00,1.734949614720000088e+00,1.739066845751999990e+00
CLi,1.715724961899000034e+00,1.710706071556000074e+00,1.722288350341999896e+00,1.742872918718999964e+00,1.747075820063999974e+00
CLo,-7.842387800999999978e-03,-7.768820838000000187e-03,-7.797867089000000071e-03,-7.923304000000000805e-03,-8.008974312000000789e-03
CMx,7.963922731000000130e-03,3.039512193999999948e-03,8.935519210000000302e-04,1.689045629999999997e-03,2.210997320000000158e-03
CMxi,7.979506226000000757e-03,3.046591468999999830e-03,8.956265490000000357e-04,1.693884403000000009e-03,2.217665046999999987e-03
CMxo,-1.558349500000000046e-05,-7.079275000000000080e-06,-2.074627999999999934e-06,-4.838773999999999863e-06,-6.667727999999999631e-06
CMy,-5.485818567279999725e-01,-5.448473792589999531e-01,-5.566699573900000253e-01,-5.815170588839999599e-01,-5.674863571870000234e-01
CMyi,-5.566498393209999840e-01,-5.528876356470000530e-01,-5.647355656810000291e-01,-5.898084214669999659e-01,-5.758292422980000325e-01
CMyo,8.067982592999999383e-03,8.040256387999999282e-03,8.065608289999999861e-03,8.291362583999999439e-03,8.342885111000000395e-03
CMz,1.500009588000000100e-03,4.208506179999999810e-04,1.381459000000000083e-04,2.628071320000000075e-04,2.172582780000000132e-04
CMzi,1.647860136000000014e-03,4.784561899999999874e-04,1.556726769999999880e-04,2.965403130000000267e-04,2.610539380000000153e-04
CMzo,-1.478505479999999946e-04,-5.760557199999999958e-05,-1.752677700000000006e-05,-3.373318099999999886e-05,-4.379566000000000210e-05
CS,-1.429845161999999904e-03,-7.640842689999999531e-04,-1.715694429999999884e-04,-1.908700390000000005e-04,-8.099590019999999531e-04
CSi,-1.467196053000000043e-03,-7.713832149999999511e-04,-1.733585550000000077e-04,-1.938910049999999978e-04,-8.163168759999999509e-04
CSo,3.735089099999999712e-05,7.298945999999999692e-06,1.789111000000000039e-06,3.020967000000000108e-06,6.357873000000000037e-06
E,8.040719596219999543e-01,8.285623122849999911e-01,8.373201136969999903e-01,8.315989097199999458e-01,8.314835526860000492e-01
FC_AoA_,1.400000000000000000e+01
FC_Beta_,0.000000000000000000e+00
FC_Bref_,1.417173599999999922e+01
FC_Cref_,1.088920000000000110e+00
FC_Mach_,1.499999999999999944e-01
FC_Pitch_Rate,0.000000000000000000e+00
FC_ReCref_,3.870000000000000000e+06
FC_Rho_,2.377000000000000206e-03
FC_Roll__Rate,0.000000000000000000e+00
FC_Sref_,1.619368700000000061e+01
FC_Vinf_,5.100000000000000000e+01
FC_Xcg_,1.774861999999999940e+00
FC_Yaw___Rate,0.000000000000000000e+00
FC_Ycg_,0.000000000000000000e+00
FC_Zcg_,7.545150000000000468e-01
L/D,1.428092741382799957e+01,1.465916887145099956e+01,1.469621006928499973e+01,1.447817962058999974e+01,1.443863753732100008e+01
Mach,1.499999999999999944e-01,1.499999999999999944e-01,1.499999999999999944e-01,1.499999999999999944e-01,1.499999999999999944e-01
T/QS,0.000000000000000000e+00,0.000000000000000000e+00,0.000000000000000000e+00,0.000000000000000000e+00,0.000000000000000000e+00
WakeIter,1,2,3,4,5
Results_Name,VSPAERO_History
Results_Timestamp,1759254118
Results_Date,9,30,2025
Results_Time,13,41,58
Alpha,1.500000000000000000e+01,1.500000000000000000e+01,1.500000000000000000e+01,1.500000000000000000e+01,1.500000000000000000e+01
AnalysisMethod,0
Beta,0.000000000000000000e+00,0.000000000000000000e+00,0.000000000000000000e+00,0.000000000000000000e+00,0.000000000000000000e+00
CDi,1.028003175609999986e-01,9.930028257799999869e-02,9.938326054200000148e-02,1.022640258660000023e-01,1.036356300179999967e-01
CDo,2.772412801399999974e-02,2.759445905799999890e-02,2.782941960600000125e-02,2.820915739500000005e-02,2.842716561700000047e-02
CDt,1.145694983540000017e-01,1.082621969269999956e-01,9.465116059500000567e-02,8.816477568699999934e-02,9.832692302100000392e-02
CDtot,1.305244455750000088e-01,1.268947416360000080e-01,1.272126801469999902e-01,1.304731832599999863e-01,1.320627956350000076e-01
CDtott,1.422936263669999923e-01,1.358566559849999911e-01,1.224805801999999944e-01,1.163739330820000029e-01,1.267540886380000009e-01
CFx,-3.387243599859999788e-01,-3.408646141059999968e-01,-3.434747869629999895e-01,-3.452735994009999976e-01,-3.460911772129999786e-01
CFxi,-3.677843259890000160e-01,-3.697804940569999754e-01,-3.726286426070000157e-01,-3.748257902680000031e-01,-3.758864607069999919e-01
CFxo,2.905996600299999913e-02,2.891587995099999947e-02,2.915385564399999851e-02,2.955219086699999859e-02,2.979528349399999942e-02
CFy,-1.512495524000000060e-03,-7.880588150000000054e-04,-3.652459499999999889e-04,-2.979262400000000236e-04,-6.422739969999999819e-04
CFyi,-1.554075720999999969e-03,-7.959472679999999873e-04,-3.676085319999999965e-04,-3.009413789999999941e-04,-6.476059009999999682e-04
CFyo,4.158019699999999718e-05,7.888453000000000552e-06,2.362581999999999973e-06,3.015139000000000169e-06,5.331903999999999832e-06
CFz,1.768444253001000055e+00,1.762407691009999944e+00,1.773377408808999967e+00,1.792688284875000093e+00,1.801881317392000081e+00
CFzi,1.769779717552000031e+00,1.763706421468000052e+00,1.774656458798999914e+00,1.793986748003999931e+00,1.803244695469000014e+00
CFzo,-1.335464550999999932e-03,-1.298730457000000019e-03,-1.279049989999999932e-03,-1.298463129000000053e-03,-1.363378077000000068e-03
CL,1.795854291731000085e+00,1.790577359128999957e+00,1.801848855303999963e+00,1.820967296142000036e+00,1.830058688380999943e+00
CLi,1.804665524083000072e+00,1.799315816857000039e+00,1.810629895801999956e+00,1.829870185034000007e+00,1.839087197298999943e+00
CLo,-8.811232352000000767e-03,-8.738457726999999953e-03,-8.781040497000000555e-03,-8.902888891999999332e-03,-9.028508917999999994e-03
CMx,8.225386640000000374e-03,3.149656144000000102e-03,8.649207860000000369e-04,1.657767310999999936e-03,1.879872356999999971e-03
CMxi,8.242813769000000707e-03,3.157489783000000209e-03,8.670526740000000093e-04,1.662715241000000061e-03,1.885608368000000036e-03
CMxo,-1.742712999999999996e-05,-7.833640000000000099e-06,-2.131887999999999959e-06,-4.947930000000000076e-06,-5.736010999999999892e-06
CMy,-5.869173696099999615e-01,-5.814105297089999791e-01,-5.920869566140000151e-01,-6.103622741640000182e-01,-6.072961659050000183e-01
CMyi,-5.954991330629999524e-01,-5.899716047719999468e-01,-6.007080323800000343e-01,-6.191625335420000154e-01,-6.161980887950000429e-01
CMyo,8.581763452999999556e-03,8.561075063000000637e-03,8.621075767000000584e-03,8.800259378000000604e-03,8.901922890000000393e-03
CMz,1.642101273999999967e-03,4.746087600000000058e-04,8.310229500000000527e-05,2.547516070000000149e-04,2.251544709999999945e-04
CMzi,1.803818361000000077e-03,5.378652310000000538e-04,1.005782770000000027e-04,2.895603810000000082e-04,2.647173239999999861e-04
CMzo,-1.617170870000000015e-04,-6.325647099999999381e-05,-1.747598300000000022e-05,-3.480877400000000006e-05,-3.956285299999999836e-05
CS,-1.512495524000000060e-03,-7.880588150000000054e-04,-3.652459499999999889e-04,-2.979262400000000236e-04,-6.422739969999999819e-04
CSi,-1.554075720999999969e-03,-7.959472679999999873e-04,-3.676085319999999965e-04,-3.009413789999999941e-04,-6.476059009999999682e-04
CSo,4.158019699999999718e-05,7.888453000000000552e-06,2.362581999999999973e-06,3.015139000000000169e-06,5.331903999999999832e-06
E,8.131091323319999953e-01,8.367855316279999567e-01,8.466345439910000215e-01,8.403641708329999682e-01,8.376168433399999724e-01
FC_AoA_,1.500000000000000000e+01
FC_Beta_,0.000000000000000000e+00
FC_Bref_,1.417173599999999922e+01
FC_Cref_,1.088920000000000110e+00
FC_Mach_,1.499999999999999944e-01
FC_Pitch_Rate,0.000000000000000000e+00
FC_ReCref_,3.870000000000000000e+06
FC_Rho_,2.377000000000000206e-03
FC_Roll__Rate,0.000000000000000000e+00
FC_Sref_,1.619368700000000061e+01
FC_Vinf_,5.100000000000000000e+01
FC_Xcg_,1.774861999999999940e+00
FC_Yaw___Rate,0.000000000000000000e+00
FC_Ycg_,0.000000000000000000e+00
FC_Zcg_,7.545150000000000468e-01
L/D,1.382626462140300028e+01,1.417959320979799998e+01,1.423309290947399930e+01,1.402487575842899936e+01,1.392585389742800039e+01
Mach,1.499999999999999944e-01,1.499999999999999944e-01,1.499999999999999944e-01,1.499999999999999944e-01,1.499999999999999944e-01
T/QS,0.000000000000000000e+00,0.000000000000000000e+00,0.000000000000000000e+00,0.000000000000000000e+00,0.000000000000000000e+00
WakeIter,1,2,3,4,5
Results_Name,VSPAERO_Polar
Results_Timestamp,1759254118
Results_Date,9,30,2025
Results_Time,13,41,58
Alpha,-5.000000000000000000e+00,-4.000000000000000000e+00,-3.000000000000000000e+00,-2.000000000000000000e+00,-1.000000000000000000e+00,0.000000000000000000e+00,1.000000000000000000e+00,2.000000000000000000e+00,3.000000000000000000e+00,4.000000000000000000e+00,5.000000000000000000e+00,6.000000000000000000e+00,7.000000000000000000e+00,8.000000000000000000e+00,9.000000000000000000e+00,1.000000000000000000e+01,1.100000000000000000e+01,1.200000000000000000e+01,1.300000000000000000e+01,1.400000000000000000e+01,1.500000000000000000e+01
Beta,0.000000000000000000e+00,0.000000000000000000e+00,0.000000000000000000e+00,0.000000000000000000e+00,0.000000000000000000e+00,0.000000000000000000e+00,0.000000000000000000e+00,0.000000000000000000e+00,0.000000000000000000e+00,0.000000000000000000e+00,0.000000000000000000e+00,0.000000000000000000e+00,0.000000000000000000e+00,0.000000000000000000e+00,0.000000000000000000e+00,0.000000000000000000e+00,0.000000000000000000e+00,0.000000000000000000e+00,0.000000000000000000e+00,0.000000000000000000e+00,0.000000000000000000e+00
CDi,1.460096582199999979e-02,1.409299636699999983e-02,1.423216499000000065e-02,1.478671329200000051e-02,1.810377956800000160e-02,1.703329916399999935e-02,1.836560614300000033e-02,2.186072377899999850e-02,2.430092449399999868e-02,2.842742693700000059e-02,3.297551990699999769e-02,3.817628969299999980e-02,4.302975971899999919e-02,4.888266774499999689e-02,5.474262821900000020e-02,6.077706004200000151e-02,7.019188435199999465e-02,7.782356665600000112e-02,8.568601262599999380e-02,9.421492236700000633e-02,1.036356300179999967e-01
CDo,9.797759296000000187e-03,9.911476132000000133e-03,1.012814746000000043e-02,1.044931809100000004e-02,1.080777952500000007e-02,1.136366637400000081e-02,1.183563108400000063e-02,1.260234489599999959e-02,1.320018068799999958e-02,1.411781220200000048e-02,1.506403291099999917e-02,1.618883252399999986e-02,1.721421685499999882e-02,1.837208397600000043e-02,1.952848831499999840e-02,2.080304564500000050e-02,2.240563913900000051e-02,2.384745624100000072e-02,2.525615336900000063e-02,2.678512459399999893e-02,2.842716561700000047e-02
CDt,1.412907337400000005e-02,1.378930126899999969e-02,1.397912660700000032e-02,1.472787471600000078e-02,1.597827981499999953e-02,1.578677319400000056e-02,1.873562274599999827e-02,2.266746821899999834e-02,2.437418041499999841e-02,2.886431169999999907e-02,3.353288011200000057e-02,3.828175140000000115e-02,4.069441815100000026e-02,4.446710199900000271e-02,5.310087581999999723e-02,5.685715128700000176e-02,6.569804827099999522e-02,7.234929844000000110e-02,8.010565648400000405e-02,8.921279352899999515e-02,9.832692302100000392e-02
CDtot,2.439872511699999955e-02,2.400447249899999996e-02,2.436031245099999978e-02,2.523603138299999882e-02,2.891155909299999993e-02,2.839696553699999973e-02,3.020123722799999966e-02,3.446306867499999982e-02,3.750110518199999826e-02,4.254523913799999890e-02,4.803955281800000032e-02,5.436512221700000314e-02,6.024397657299999931e-02,6.725475172099999732e-02,7.427111653399999514e-02,8.158010568699999854e-02,9.259752349199999732e-02,1.016710228970000018e-01,1.109421659949999944e-01,1.210000469610000018e-01,1.320627956350000076e-01
CDtott,2.392683266999999850e-02,2.370077740199999852e-02,2.410727406700000075e-02,2.517719280699999909e-02,2.678605933899999916e-02,2.715043956700000094e-02,3.057125382999999891e-02,3.526981311400000096e-02,3.757436110399999668e-02,4.298212390199999955e-02,4.859691302300000321e-02,5.447058392399999754e-02,5.790863500599999908e-02,6.283918597500000314e-02,7.262936413499999910e-02,7.766019693200000573e-02,8.810368741000000614e-02,9.619675468100000182e-02,1.053618098530000047e-01,1.159979181230000045e-01,1.267540886380000009e-01
CFx,2.333119951500000136e-02,3.000951462299999983e-02,3.395978743300000213e-02,3.482295377399999975e-02,3.493361589300000153e-02,2.839696553699999973e-02,2.071809728899999883e-02,1.170305620999999990e-02,-7.925522929999999919e-04,-1.525390188199999934e-02,-3.228116191299999771e-02,-5.257383182400000160e-02,-7.502961581299999461e-02,-9.996632426899999813e-02,-1.275141185460000048e-01,-1.581151497620000013e-01,-1.908199260379999929e-01,-2.261788236839999966e-01,-2.634524689500000183e-01,-3.033125194540000069e-01,-3.460911772129999786e-01
CFy,4.017065510000000133e-04,4.104271539999999733e-04,-4.201748190000000266e-04,3.872970259999999930e-04,1.306118771600000075e-02,-3.422629960000000016e-04,-2.010139689999999987e-04,-6.915662600000000576e-05,2.678731169999999813e-04,-3.663454949999999906e-04,-7.313878090000000293e-04,-6.646744389999999529e-04,-5.592475529999999797e-04,-6.342306779999999514e-04,-6.063121910000000142e-04,-5.170947890000000520e-04,-4.308431680000000146e-04,-3.120618769999999984e-04,-6.917901260000000000e-04,-8.099590019999999531e-04,-6.422739969999999819e-04
CFz,-1.326714481899999958e-02,8.503784861999999500e-02,1.825309970389999981e-01,2.740930412370000124e-01,3.447510956639999735e-01,4.670270561759999883e-01,5.435522854500000056e-01,6.523630367480000025e-01,7.316685135439999765e-01,8.280519381430000436e-01,9.201674225399999463e-01,1.020305338425999908e+00,1.105399678404000108e+00,1.194542691421000002e+00,1.279867097262999964e+00,1.366516678893000103e+00,1.466972505575999897e+00,1.553098314724999929e+00,1.634321591895000036e+00,1.716681688868999967e+00,1.801881317392000081e+00
CL,-1.118321130499999941e-02,8.692405861299999648e-02,1.840581626009999971e-01,2.751413747229999873e-01,3.453082640649999813e-01,4.670270561759999883e-01,5.431079191500000070e-01,6.515572040410000376e-01,7.307072662569999988e-01,8.270989036450000498e-01,9.194793963349999766e-01,1.020211460874999920e+00,1.106304006840999943e+00,1.196830107403000110e+00,1.284057412397999975e+00,1.373212627612000025e+00,1.476430247229000070e+00,1.566184611911999980e+00,1.651697946035000086e+00,1.739066845751999990e+00,1.830058688380999943e+00
CMl,4.033756249999999755e-04,5.770370479999999960e-04,6.735137559999999479e-04,2.567564799999999992e-04,-9.325215850000000053e-04,-5.255397830000000129e-04,-2.310785487999999881e-03,-2.138826153000000178e-03,-1.813935361000000102e-03,-1.832611035999999905e-03,-3.184393799000000049e-03,-1.512283722000000051e-03,-1.897394970999999970e-03,-2.447230146000000175e-03,-2.249756844999999984e-03,-1.975592513000000092e-03,-1.716026863000000074e-03,-1.567706245999999975e-03,-2.064706928000000115e-03,-2.210997320000000158e-03,-1.879872356999999971e-03
CMm,2.105902577299999939e-02,-1.085995652900000052e-02,-3.951936236499999783e-02,-5.793783473599999762e-02,-4.831773384799999821e-02,-1.221405340499999992e-01,-1.435056124469999972e-01,-1.891620088050000037e-01,-2.074981256360000081e-01,-2.333277783130000005e-01,-2.625594478950000199e-01,-2.957229565350000255e-01,-3.229144636090000020e-01,-3.535034588770000208e-01,-3.817874125640000060e-01,-4.161779054879999884e-01,-4.617384474139999972e-01,-4.955482339000000236e-01,-5.318496263859999740e-01,-5.674863571870000234e-01,-6.072961659050000183e-01
CMn,-1.024274870000000060e-04,-9.597082999999999471e-05,1.658368469999999927e-04,-1.637358839999999950e-04,-3.248026726999999909e-03,5.410240600000000203e-05,-1.592046920000000020e-04,-1.589235000000000040e-04,-1.532669139999999995e-04,-6.502605600000000373e-05,-1.500106669999999999e-04,-1.229646800000000073e-05,-8.742651500000000163e-05,-1.530656329999999904e-04,-1.799552599999999986e-04,-1.865574090000000017e-04,-1.953555820000000079e-04,-2.154229200000000086e-04,-2.126539609999999938e-04,-2.172582780000000132e-04,-2.251544709999999945e-04
CMx,-4.033756249999999755e-04,-5.770370479999999960e-04,-6.735137559999999479e-04,-2.567564799999999992e-04,9.325215850000000053e-04,5.255397830000000129e-04,2.310785487999999881e-03,2.138826153000000178e-03,1.813935361000000102e-03,1.832611035999999905e-03,3.184393799000000049e-03,1.512283722000000051e-03,1.897394970999999970e-03,2.447230146000000175e-03,2.249756844999999984e-03,1.975592513000000092e-03,1.716026863000000074e-03,1.567706245999999975e-03,2.064706928000000115e-03,2.210997320000000158e-03,1.879872356999999971e-03
CMy,2.105902577299999939e-02,-1.085995652900000052e-02,-3.951936236499999783e-02,-5.793783473599999762e-02,-4.831773384799999821e-02,-1.221405340499999992e-01,-1.435056124469999972e-01,-1.891620088050000037e-01,-2.074981256360000081e-01,-2.333277783130000005e-01,-2.625594478950000199e-01,-2.957229565350000255e-01,-3.229144636090000020e-01,-3.535034588770000208e-01,-3.817874125640000060e-01,-4.161779054879999884e-01,-4.617384474139999972e-01,-4.955482339000000236e-01,-5.318496263859999740e-01,-5.674863571870000234e-01,-6.072961659050000183e-01
CMz,1.024274870000000060e-04,9.597082999999999471e-05,-1.658368469999999927e-04,1.637358839999999950e-04,3.248026726999999909e-03,-5.410240600000000203e-05,1.592046920000000020e-04,1.589235000000000040e-04,1.532669139999999995e-04,6.502605600000000373e-05,1.500106669999999999e-04,1.229646800000000073e-05,8.742651500000000163e-05,1.530656329999999904e-04,1.799552599999999986e-04,1.865574090000000017e-04,1.953555820000000079e-04,2.154229200000000086e-04,2.126539609999999938e-04,2.172582780000000132e-04,2.251544709999999945e-04
CS,4.017065510000000133e-04,4.104271539999999733e-04,-4.201748190000000266e-04,3.872970259999999930e-04,1.306118771600000075e-02,-3.422629960000000016e-04,-2.010139689999999987e-04,-6.915662600000000576e-05,2.678731169999999813e-04,-3.663454949999999906e-04,-7.313878090000000293e-04,-6.646744389999999529e-04,-5.592475529999999797e-04,-6.342306779999999514e-04,-6.063121910000000142e-04,-5.170947890000000520e-04,-4.308431680000000146e-04,-3.120618769999999984e-04,-6.917901260000000000e-04,-8.099590019999999531e-04,-6.422739969999999819e-04
E,1.315575509999999948e-04,8.078629234000000298e-03,3.569251590800000262e-02,7.699111309799999692e-02,1.058503464370000036e-01,1.971342112399999957e-01,2.506671294069999778e-01,3.161556941199999970e-01,3.654202722270000203e-01,4.126803334399999912e-01,4.516842004389999832e-01,4.913714043790000097e-01,5.214170056279999743e-01,5.466280194150000549e-01,5.697689563529999557e-01,5.932546688459999773e-01,6.041939158129999710e-01,6.192108589300000521e-01,6.311236698100000098e-01,6.415003001469999910e-01,6.508777112400000453e-01
Fopt,0.000000000000000000e+00,0.000000000000000000e+00,0.000000000000000000e+00,0.000000000000000000e+00,0.000000000000000000e+00,0.000000000000000000e+00,0.000000000000000000e+00,0.000000000000000000e+00,0.000000000000000000e+00,0.000000000000000000e+00,0.000000000000000000e+00,0.000000000000000000e+00,0.000000000000000000e+00,0.000000000000000000e+00,0.000000000000000000e+00,0.000000000000000000e+00,0.000000000000000000e+00,0.000000000000000000e+00,0.000000000000000000e+00,0.000000000000000000e+00,0.000000000000000000e+00
L_D,-4.583522807439999736e-01,3.621160957219000220e+00,7.555656889616000349e+00,1.090271962919699966e+01,1.194360577217499930e+01,1.644637190414499983e+01,1.798296920931899834e+01,1.890595437658999955e+01,1.948495284917299841e+01,1.944045727311199911e+01,1.914004903048899919e+01,1.876591864912199981e+01,1.836372812296599832e+01,1.779547283683000103e+01,1.728878563187199902e+01,1.683268998056999877e+01,1.594459756111599980e+01,1.540443449157899991e+01,1.488791868464799961e+01,1.437244769266099986e+01,1.385748862563199957e+01
Mach,1.499999999999999944e-01,1.499999999999999944e-01,1.499999999999999944e-01,1.499999999999999944e-01,1.499999999999999944e-01,1.499999999999999944e-01,1.499999999999999944e-01,1.499999999999999944e-01,1.499999999999999944e-01,1.499999999999999944e-01,1.499999999999999944e-01,1.499999999999999944e-01,1.499999999999999944e-01,1.499999999999999944e-01,1.499999999999999944e-01,1.499999999999999944e-01,1.499999999999999944e-01,1.499999999999999944e-01,1.499999999999999944e-01,1.499999999999999944e-01,1.499999999999999944e-01
Re_1e6,3.870000000000000107e+00,3.870000000000000107e+00,3.870000000000000107e+00,3.870000000000000107e+00,3.870000000000000107e+00,3.870000000000000107e+00,3.870000000000000107e+00,3.870000000000000107e+00,3.870000000000000107e+00,3.870000000000000107e+00,3.870000000000000107e+00,3.870000000000000107e+00,3.870000000000000107e+00,3.870000000000000107e+00,3.870000000000000107e+00,3.870000000000000107e+00,3.870000000000000107e+00,3.870000000000000107e+00,3.870000000000000107e+00,3.870000000000000107e+00,3.870000000000000107e+00
Results_Name,VSPAERO_Load
Results_Timestamp,1759254118
Results_Date,9,30,2025
Results_Time,13,41,58
AnalysisMethod,0
Chord,1.735640000000000072e+00,1.614919999999999911e+00,1.494220000000000104e+00,1.373529999999999918e+00,1.252869999999999928e+00,1.164679999999999938e+00,1.108950000000000102e+00,1.053230000000000111e+00,9.975300000000000278e-01,9.418400000000000105e-01,8.750400000000000400e-01,7.971099999999999852e-01,7.191899999999999959e-01,6.412799999999999612e-01,5.633799999999999919e-01,1.735640000000000072e+00,1.614919999999999911e+00,1.494220000000000104e+00,1.373529999999999918e+00,1.252869999999999928e+00,1.164679999999999938e+00,1.108950000000000102e+00,1.053230000000000111e+00,9.975300000000000278e-01,9.418400000000000105e-01,8.750400000000000400e-01,7.971099999999999852e-01,7.191899999999999959e-01,6.412799999999999612e-01,5.633799999999999919e-01,9.229000000000000536e-01,8.665699999999999514e-01,8.104299999999999837e-01,7.545199999999999685e-01,6.988999999999999657e-01,9.229000000000000536e-01,8.665699999999999514e-01,8.104299999999999837e-01,7.545199999999999685e-01,6.988999999999999657e-01
FC_AoA_,-5.000000000000000000e+00
FC_Beta_,0.000000000000000000e+00
FC_Bref_,1.417173599999999922e+01
FC_Cref_,1.088920000000000110e+00
FC_Mach_,1.499999999999999944e-01
FC_Pitch_Rate,0.000000000000000000e+00
FC_Rho_,2.377000000000000206e-03
FC_Roll__Rate,0.000000000000000000e+00
FC_Sref_,1.619368700000000061e+01
FC_Vinf_,5.100000000000000000e+01
FC_Xcg_,1.774861999999999940e+00
FC_Yaw___Rate,0.000000000000000000e+00
FC_Ycg_,0.000000000000000000e+00
FC_Zcg_,7.545150000000000468e-01
S,3.314000000000000279e-02,8.981999999999999706e-02,1.368900000000000117e-01,1.839600000000000124e-01,2.310300000000000131e-01,2.997400000000000064e-01,4.117600000000000149e-01,5.454599999999999449e-01,6.791599999999999859e-01,8.128699999999999815e-01,9.157600000000000184e-01,9.578299999999999592e-01,9.698799999999999644e-01,9.819299999999999695e-01,9.939799999999999747e-01,3.314000000000000279e-02,8.981999999999999706e-02,1.368900000000000117e-01,1.839600000000000124e-01,2.310300000000000131e-01,2.997400000000000064e-01,4.117600000000000149e-01,5.454599999999999449e-01,6.791599999999999859e-01,8.128699999999999815e-01,9.157600000000000184e-01,9.578299999999999592e-01,9.698799999999999644e-01,9.819299999999999695e-01,9.939799999999999747e-01,1.020299999999999957e-01,3.035599999999999965e-01,5.025399999999999867e-01,7.015200000000000324e-01,9.005100000000000326e-01,1.020299999999999957e-01,3.035599999999999965e-01,5.025399999999999867e-01,7.015200000000000324e-01,9.005100000000000326e-01
V/Vref,1.002280000000000060e+00,1.002000000000000002e+00,9.981799999999999562e-01,9.974800000000000333e-01,9.983999999999999542e-01,9.966099999999999959e-01,9.966500000000000359e-01,9.953499999999999570e-01,9.963999999999999524e-01,9.968299999999999939e-01,9.944499999999999451e-01,9.946300000000000141e-01,9.950900000000000301e-01,9.955899999999999750e-01,9.953899999999999970e-01,1.001880000000000104e+00,1.001789999999999958e+00,9.982799999999999452e-01,9.976199999999999513e-01,9.985800000000000232e-01,9.968399999999999483e-01,9.964800000000000324e-01,9.952699999999999880e-01,9.963499999999999579e-01,9.968000000000000194e-01,9.944499999999999451e-01,9.946300000000000141e-01,9.950900000000000301e-01,9.955800000000000205e-01,9.953800000000000425e-01,9.801900000000000057e-01,9.930700000000000083e-01,1.007419999999999982e+00,9.878299999999999859e-01,9.914300000000000335e-01,9.798700000000000188e-01,9.928299999999999903e-01,1.006650000000000045e+00,9.877899999999999459e-01,9.914399999999999880e-01
WingId,1,1,1,1,1,1,1,1,1,1,1,1,1,1,1,2,2,2,2,2,2,2,2,2,2,2,2,2,2,2,3,3,3,3,3,4,4,4,4,4
Xavg,2.391169999999999796e+00,2.380489999999999995e+00,2.369810000000000194e+00,2.359129999999999949e+00,2.348450000000000149e+00,2.336259999999999781e+00,2.322589999999999932e+00,2.308860000000000134e+00,2.295059999999999878e+00,2.281190000000000051e+00,2.284749999999999837e+00,2.305000000000000160e+00,2.325239999999999974e+00,2.345470000000000166e+00,2.365699999999999914e+00,2.391169999999999796e+00,2.380489999999999995e+00,2.369810000000000194e+00,2.359129999999999949e+00,2.348450000000000149e+00,2.336259999999999781e+00,2.322589999999999932e+00,2.308860000000000134e+00,2.295059999999999878e+00,2.281190000000000051e+00,2.284749999999999837e+00,2.305000000000000160e+00,2.325239999999999974e+00,2.345470000000000166e+00,2.365699999999999914e+00,5.722059999999999924e+00,5.820210000000000328e+00,5.918350000000000222e+00,6.016490000000000116e+00,6.114630000000000010e+00,5.722059999999999924e+00,5.820210000000000328e+00,5.918350000000000222e+00,6.016490000000000116e+00,6.114630000000000010e+00
Yavg,1.718899999999999872e-01,5.195499999999999563e-01,8.671900000000000164e-01,1.214790000000000036e+00,1.562359999999999971e+00,2.229140000000000121e+00,3.217070000000000096e+00,4.204979999999999940e+00,5.192870000000000097e+00,6.180740000000000123e+00,6.716649999999999565e+00,6.791660000000000252e+00,6.866660000000000430e+00,6.941650000000000098e+00,7.016610000000000014e+00,-1.718899999999999872e-01,-5.195499999999999563e-01,-8.671900000000000164e-01,-1.214790000000000036e+00,-1.562359999999999971e+00,-2.229140000000000121e+00,-3.217070000000000096e+00,-4.204979999999999940e+00,-5.192870000000000097e+00,-6.180740000000000123e+00,-6.716649999999999565e+00,-6.791660000000000252e+00,-6.866660000000000430e+00,-6.941650000000000098e+00,-7.016610000000000014e+00,1.078800000000000037e-01,3.257399999999999740e-01,5.435900000000000176e-01,7.614400000000000057e-01,9.792699999999999738e-01,-1.078800000000000037e-01,-3.257399999999999740e-01,-5.435900000000000176e-01,-7.614400000000000057e-01,-9.792699999999999738e-01
Zavg,1.027309999999999945e+00,1.024350000000000094e+00,1.021379999999999955e+00,1.018420000000000103e+00,1.015449999999999964e+00,1.037979999999999903e+00,1.086500000000000021e+00,1.135019999999999918e+00,1.183540000000000036e+00,1.232069999999999999e+00,1.270329999999999959e+00,1.298289999999999944e+00,1.326240000000000085e+00,1.354190000000000005e+00,1.382130000000000081e+00,1.027309999999999945e+00,1.024350000000000094e+00,1.021379999999999955e+00,1.018420000000000103e+00,1.015449999999999964e+00,1.037979999999999903e+00,1.086500000000000021e+00,1.135019999999999918e+00,1.183540000000000036e+00,1.232069999999999999e+00,1.270329999999999959e+00,1.298289999999999944e+00,1.326240000000000085e+00,1.354190000000000005e+00,1.382130000000000081e+00,3.777900000000000147e-01,5.956799999999999873e-01,8.135799999999999699e-01,1.031470000000000109e+00,1.249349999999999961e+00,3.777900000000000147e-01,5.956799999999999873e-01,8.135799999999999699e-01,1.031470000000000109e+00,1.249349999999999961e+00
cd,-3.050000000000000194e-03,-7.960000000000000062e-03,2.246000000000000080e-02,3.182000000000000106e-02,3.985999999999999960e-02,4.155999999999999972e-02,3.619999999999999954e-03,6.089999999999999927e-03,5.479999999999999628e-03,5.459999999999999576e-03,5.510000000000000141e-03,4.490000000000000067e-03,3.020000000000000115e-03,2.629999999999999959e-03,1.080000000000000014e-03,-3.330000000000000061e-03,-8.229999999999999469e-03,2.281000000000000041e-02,3.235999999999999988e-02,4.050000000000000128e-02,4.211999999999999772e-02,3.389999999999999784e-03,5.950000000000000427e-03,5.400000000000000286e-03,5.409999999999999878e-03,5.470000000000000036e-03,4.460000000000000422e-03,3.020000000000000115e-03,2.629999999999999959e-03,1.090000000000000040e-03,2.009999999999999981e-02,2.012999999999999859e-02,2.611000000000000126e-02,-1.796000000000000027e-02,-1.307000000000000002e-02,1.972000000000000142e-02,1.993999999999999939e-02,2.469000000000000014e-02,-1.752000000000000085e-02,-1.325999999999999922e-02
cd*c/cref,-4.861424163391249789e-03,-1.180505748815339692e-02,3.081969400874260898e-02,4.013676358226499208e-02,4.586140230687285602e-02,4.445147559049332509e-02,3.686587628108584525e-03,5.890396631524813346e-03,5.020078977335340129e-03,4.722519928002055951e-03,4.427754472321198537e-03,3.286764776108437244e-03,1.994594460566432789e-03,1.548843257539580208e-03,5.587650148771258112e-04,-5.307718840686184193e-03,-1.220548029239980521e-02,3.129996528670609540e-02,4.081790287624434410e-02,4.659776200271827790e-02,4.505043676303124855e-02,3.452356922455276401e-03,5.754985214708151220e-03,4.946793152848693448e-03,4.679273408514858512e-03,4.395611064173676578e-03,3.264804209675641489e-03,1.994594460566432789e-03,1.548843257539580208e-03,5.639387650148770153e-04,1.703549388384821561e-02,1.601959198104543555e-02,1.943239843147338483e-02,-1.244460492965506967e-02,-8.388699812658412247e-03,1.671342982037248015e-02,1.586838867869081252e-02,1.837556174925614183e-02,-1.213972596701318706e-02,-8.510647246813354133e-03
cl,2.417000000000000051e-02,7.990999999999999492e-02,3.261499999999999955e-01,4.397800000000000042e-01,5.059599999999999653e-01,4.890399999999999747e-01,-1.402100000000000013e-01,-2.563400000000000123e-01,-2.879800000000000137e-01,-2.773700000000000054e-01,-2.381500000000000006e-01,-2.335399999999999976e-01,-2.256599999999999995e-01,-2.113200000000000078e-01,-1.666300000000000003e-01,2.793999999999999956e-02,8.427999999999999381e-02,3.309699999999999864e-01,4.452099999999999946e-01,5.119099999999999762e-01,4.949000000000000066e-01,-1.350500000000000034e-01,-2.522099999999999898e-01,-2.849700000000000011e-01,-2.754199999999999982e-01,-2.365899999999999948e-01,-2.321400000000000130e-01,-2.244500000000000106e-01,-2.102799999999999947e-01,-1.658399999999999874e-01,-2.082499999999999907e-01,-1.932099999999999929e-01,-2.673400000000000221e-01,-3.407499999999999973e-01,-2.699500000000000233e-01,-2.052100000000000035e-01,-1.903499999999999914e-01,-2.595600000000000129e-01,-3.405400000000000094e-01,-2.698400000000000243e-01
cl*c/cref,3.852479410792344905e-02,1.185103195827057754e-01,4.475442208794034316e-01,5.547248864930388601e-01,5.821383620467984743e-01,5.230642353891928886e-01,-1.427890749550012883e-01,-2.479383041913088281e-01,-2.638106466958086704e-01,-2.399057422032839781e-01,-1.913738162583109859e-01,-1.709556894905043256e-01,-1.490397966792785245e-01,-1.244492612864122050e-01,-8.621019854534767157e-02,4.453383315578738483e-02,1.249912368218050601e-01,4.541582424787863337e-01,5.615741205047201090e-01,5.889842060941113955e-01,5.293319362303933184e-01,-1.375341599933879444e-01,-2.439436673952172785e-01,-2.610532675494985355e-01,-2.382191279432832320e-01,-1.901202233405576147e-01,-1.699308630569738576e-01,-1.482406379715681399e-01,-1.238367909488300028e-01,-8.580147228446531604e-02,-1.764995821547955535e-01,-1.537578423575652609e-01,-1.989681117070124516e-01,-2.361079693641406074e-01,-1.732616307901406749e-01,-1.739230696469896698e-01,-1.514818347537008891e-01,-1.931778374903574125e-01,-2.359624589501524428e-01,-1.731910296440509756e-01
cmx,2.109999999999999896e-03,2.101000000000000090e-02,1.795200000000000129e-01,3.797599999999999865e-01,6.221200000000000063e-01,9.312599999999999767e-01,-3.988599999999999923e-01,-1.027369999999999894e+00,-1.503670000000000062e+00,-1.824829999999999952e+00,-1.881310000000000038e+00,-2.051320000000000032e+00,-2.224139999999999784e+00,-2.367059999999999942e+00,-2.149809999999999999e+00,-2.480000000000000000e-03,-2.239000000000000018e-02,-1.822199999999999931e-01,-3.844600000000000239e-01,-6.294199999999999795e-01,-9.424599999999999644e-01,3.837499999999999800e-01,1.010790000000000077e+00,1.487959999999999949e+00,1.812060000000000004e+00,1.868980000000000086e+00,2.039029999999999898e+00,2.212279999999999802e+00,2.355459999999999887e+00,2.139639999999999986e+00,6.654000000000000192e-02,-3.237999999999999906e-02,-1.974499999999999866e-01,-4.727999999999999980e-01,-5.850499999999999590e-01,-6.560000000000000553e-02,3.210999999999999965e-02,1.915999999999999925e-01,4.714700000000000002e-01,5.849499999999999700e-01
cmx*c/cref,3.363149175329684104e-03,3.115882636006317777e-02,2.463379994857290145e-01,4.790175153362963845e-01,7.157876468427430972e-01,9.960510384601254374e-01,-4.061967793777320201e-01,-9.936973378209601471e-01,-1.377471196322961999e+00,-1.578350923116482285e+00,-1.511792879550380109e+00,-1.501604971164088864e+00,-1.468959378650405601e+00,-1.393994266612790467e+00,-1.112257978363883293e+00,-3.952895713183704474e-03,-3.320543180398927152e-02,-2.500429493443044326e-01,-4.849459499320427081e-01,-7.241867496234799528e-01,-1.008030261910884073e+00,3.908088404106820901e-01,9.776607571722440992e-01,1.363079692539396648e+00,1.567305762039451711e+00,1.501884673988906460e+00,1.492608459115453590e+00,1.461126302391359877e+00,1.387162866693604446e+00,1.106996274473790232e+00,5.639511258861991394e-02,-2.576822594864636162e-02,-1.469523964111229264e-01,-3.276063034933695550e-01,-3.755018229071004909e-01,-5.559842780002204055e-02,2.555335809793189347e-02,1.425985269808617562e-01,3.266847375381111140e-01,3.754376400470189612e-01
cmy,-4.535999999999999754e-02,-6.743000000000000382e-02,-1.794999999999999929e-01,-2.342799999999999883e-01,-2.688400000000000234e-01,-2.593500000000000250e-01,1.041000000000000085e-02,3.996000000000000246e-02,5.637000000000000344e-02,6.265999999999999348e-02,6.646000000000000518e-02,7.958999999999999408e-02,9.435000000000000331e-02,1.097999999999999948e-01,1.065900000000000042e-01,-4.655999999999999722e-02,-6.895999999999999353e-02,-1.812199999999999922e-01,-2.363800000000000068e-01,-2.712999999999999856e-01,-2.617499999999999827e-01,8.109999999999999154e-03,3.810999999999999804e-02,5.503999999999999865e-02,6.180000000000000077e-02,6.568000000000000227e-02,7.882000000000000117e-02,9.363000000000000489e-02,1.090799999999999964e-01,1.059299999999999964e-01,8.373899999999999677e-01,8.610100000000000531e-01,1.322300000000000031e+00,1.785050000000000026e+00,1.555199999999999916e+00,8.249400000000000066e-01,8.485200000000000520e-01,1.286299999999999999e+00,1.784720000000000084e+00,1.554219999999999935e+00
cmy*c/cref,-7.229973772177937519e-02,-1.000018877419828756e-01,-2.463105554127024976e-01,-2.955135440620063059e-01,-3.093170947360687206e-01,-2.773938930316276474e-01,1.060148541674319454e-02,3.865028725709877822e-02,5.163902407890386126e-02,5.419653822135692828e-02,5.340627263710832906e-02,5.826138274620723534e-02,6.231456534915328499e-02,6.466273371781212920e-02,5.514700271828967132e-02,-7.421242919590051446e-02,-1.022709502993791736e-01,-2.486707456929801996e-01,-2.981624190941482566e-01,-3.121474773169745087e-01,-2.799608694853615853e-01,8.259178360210115907e-03,3.686092210630716182e-02,5.042064724681334653e-02,5.345269808617712781e-02,5.277947617823164350e-02,5.769772820776548211e-02,6.183903289497851008e-02,6.423871579179368796e-02,5.480553520919809185e-02,7.097190160893361854e-01,6.851976597913528311e-01,9.841233414759577025e-01,1.236873164236123701e+00,9.981718399882449910e-01,6.991671803254601025e-01,6.752580321786724182e-01,9.573302988281966464e-01,1.236644505014142359e+00,9.975428479594458109e-01
cmz,1.129999999999999928e-03,1.794000000000000108e-02,3.660000000000000059e-03,-4.000000000000000083e-02,-9.468000000000000027e-02,-1.861899999999999944e-01,1.464999999999999983e-02,6.707000000000000461e-02,1.055299999999999988e-01,1.259899999999999909e-01,1.448299999999999865e-01,1.699299999999999977e-01,2.018199999999999994e-01,2.235399999999999887e-01,2.198700000000000099e-01,-1.180000000000000059e-03,-1.810000000000000150e-02,-3.530000000000000152e-03,4.068000000000000088e-02,9.600000000000000200e-02,1.884899999999999909e-01,-1.375000000000000007e-02,-6.607000000000000373e-02,-1.044999999999999957e-01,-1.251299999999999912e-01,-1.438099999999999934e-01,-1.688300000000000078e-01,-2.005699999999999983e-01,-2.222200000000000009e-01,-2.186500000000000110e-01,8.528299999999999770e-01,8.997100000000000097e-01,1.285779999999999923e+00,1.966620000000000035e+00,1.812389999999999946e+00,-8.406400000000000539e-01,-8.799700000000000299e-01,-1.230029999999999957e+00,-1.950769999999999893e+00,-1.812750000000000083e+00
cmz*c/cref,1.801117804797413690e-03,2.660587077103919104e-02,5.022265363846747585e-03,-5.045476251698929882e-02,-1.089352125041325031e-01,-1.991438941336369506e-01,1.491947755574330424e-02,6.487174089923962439e-02,9.667316322594862732e-02,1.089725798038423260e-01,1.163832450501414151e-01,1.243919684641663082e-01,1.332943887521580995e-01,1.316457877530029519e-01,1.137552442787348739e-01,-1.880813282885795143e-03,-2.684315835874076864e-02,-4.843878889174595311e-03,5.131249347977812070e-02,1.104539543768136983e-01,2.016039132351320207e-01,-1.400292262057818704e-02,-6.390451649340631035e-02,-9.572960823568305022e-02,-1.082287396686625047e-01,-1.155635881423795891e-01,-1.235867476949638055e-01,-1.324688115747713058e-01,-1.308684215553024832e-01,-1.131240467619292339e-01,7.228049875105608812e-01,7.159953850604268144e-01,9.569432882121733375e-01,1.362684239797230301e+00,1.163243737831979985e+00,-7.124735113690628951e-01,-7.002861577526355852e-01,-9.154512846673766857e-01,-1.351701668074789531e+00,-1.163474796128273647e+00
cs,2.439999999999999895e-03,2.793999999999999956e-02,4.939999999999999947e-02,3.203999999999999904e-02,1.537999999999999957e-02,-3.919000000000000261e-02,-7.360000000000000223e-03,1.286999999999999950e-02,1.473999999999999963e-02,1.281999999999999980e-02,9.472999999999999476e-02,9.536999999999999644e-02,9.395000000000000573e-02,9.112000000000000655e-02,7.295999999999999708e-02,-2.510000000000000078e-03,-2.820999999999999897e-02,-4.979999999999999705e-02,-3.230999999999999844e-02,-1.553999999999999999e-02,3.962000000000000244e-02,7.769999999999999997e-03,-1.264000000000000019e-02,-1.459000000000000054e-02,-1.273999999999999959e-02,-9.413000000000000533e-02,-9.481000000000000538e-02,-9.345000000000000528e-02,-9.064999999999999447e-02,-7.259000000000000175e-02,2.135900000000000021e-01,2.029600000000000015e-01,2.624699999999999811e-01,3.616099999999999870e-01,2.991099999999999870e-01,-2.105799999999999894e-01,-1.985800000000000065e-01,-2.506300000000000194e-01,-3.587500000000000133e-01,-2.991500000000000270e-01
cs*c/cref,3.889139330712999745e-03,4.143634500238767976e-02,6.778686037541785392e-02,4.041426477610842588e-02,1.769564394078535982e-02,-4.191658634243102671e-02,-7.495382580905851286e-03,1.244817810307460512e-02,1.350291316166476671e-02,1.108840759651764929e-02,7.612362634536971873e-02,6.981264068985783278e-02,6.205038065238951961e-02,5.366182419277815835e-02,3.774768100503250040e-02,-4.000713000036733996e-03,-4.183676780663408978e-02,-6.833574183594753881e-02,-4.075483442309810189e-02,-1.787973386474671703e-02,4.237650295705836651e-02,7.912924273592181895e-03,-1.222571648973294622e-02,-1.336550224075230310e-02,-1.101921316533813200e-02,-7.564147522315689542e-02,-6.940271011644565113e-02,-6.172014978143481462e-02,-5.338503471329389405e-02,-3.755625224993570932e-02,1.810254297836388360e-01,1.615169591889211165e-01,1.953436084377180582e-01,2.505620038202989730e-01,1.919773527899202303e-01,-1.784743433861073203e-01,-1.580313251662197327e-01,-1.865316744113433567e-01,-2.485802905631267490e-01,-1.920030259339528811e-01
cx,-9.300000000000000541e-04,-9.700000000000000505e-04,5.079999999999999793e-02,7.002999999999999503e-02,8.379999999999999949e-02,8.401999999999999746e-02,-8.619999999999999191e-03,-1.626999999999999974e-02,-1.964000000000000121e-02,-1.873999999999999971e-02,-1.527000000000000059e-02,-1.587999999999999828e-02,-1.666000000000000120e-02,-1.580000000000000154e-02,-1.344000000000000056e-02,-8.800000000000000313e-04,-8.499999999999999526e-04,5.156999999999999779e-02,7.104000000000000592e-02,8.495999999999999386e-02,8.508999999999999897e-02,-8.389999999999999888e-03,-1.604999999999999830e-02,-1.946000000000000160e-02,-1.861000000000000154e-02,-1.516999999999999946e-02,-1.578999999999999848e-02,-1.655999999999999833e-02,-1.570999999999999827e-02,-1.336999999999999994e-02,1.879999999999999944e-03,3.220000000000000206e-03,2.710000000000000169e-03,-4.759000000000000036e-02,-3.654999999999999916e-02,1.760000000000000063e-03,3.279999999999999930e-03,1.969999999999999963e-03,-4.714000000000000135e-02,-3.672999999999999876e-02
cx*c/cref,-1.482335892443889394e-03,-1.438556000440803550e-03,6.970794548727178574e-02,8.833367547661900854e-02,9.641709767476029647e-02,8.986556735113689076e-02,-8.778559490137014323e-03,-1.573674108290783538e-02,-1.799166991147191710e-02,-1.620879550380192879e-02,-1.227074606031664482e-02,-1.162445983175990592e-02,-1.100329262021085101e-02,-9.304837820960216305e-03,-6.953520185137566229e-03,-1.402640414355508158e-03,-1.260590309664621437e-03,7.076454229879146351e-02,8.960765823017299847e-02,9.775174962348011365e-02,9.101001102009328991e-02,-8.544328784483707501e-03,-1.552395171362450609e-02,-1.782677680637696077e-02,-1.609635455313521493e-02,-1.219038753994783689e-02,-1.155857813246151909e-02,-1.093724644601990793e-02,-9.251835580207909415e-03,-6.917303934173307800e-03,1.593369577195753511e-03,2.562498071483671706e-03,2.016920710428681332e-03,-3.297543143665283144e-02,-2.345883535980603993e-02,1.491665136098152371e-03,2.610246482753553806e-03,1.466174833780259238e-03,-3.266362340667817304e-02,-2.357436450795282953e-02
cy,2.439999999999999895e-03,2.793999999999999956e-02,4.939999999999999947e-02,3.203999999999999904e-02,1.537999999999999957e-02,-3.919000000000000261e-02,-7.360000000000000223e-03,1.286999999999999950e-02,1.473999999999999963e-02,1.281999999999999980e-02,9.472999999999999476e-02,9.536999999999999644e-02,9.395000000000000573e-02,9.112000000000000655e-02,7.295999999999999708e-02,-2.510000000000000078e-03,-2.820999999999999897e-02,-4.979999999999999705e-02,-3.230999999999999844e-02,-1.553999999999999999e-02,3.962000000000000244e-02,7.769999999999999997e-03,-1.264000000000000019e-02,-1.459000000000000054e-02,-1.273999999999999959e-02,-9.413000000000000533e-02,-9.481000000000000538e-02,-9.345000000000000528e-02,-9.064999999999999447e-02,-7.259000000000000175e-02,2.135900000000000021e-01,2.029600000000000015e-01,2.624699999999999811e-01,3.616099999999999870e-01,2.991099999999999870e-01,-2.105799999999999894e-01,-1.985800000000000065e-01,-2.506300000000000194e-01,-3.587500000000000133e-01,-2.991500000000000270e-01
cy*c/cref,3.889139330712999745e-03,4.143634500238767976e-02,6.778686037541785392e-02,4.041426477610842588e-02,1.769564394078535982e-02,-4.191658634243102671e-02,-7.495382580905851286e-03,1.244817810307460512e-02,1.350291316166476671e-02,1.108840759651764929e-02,7.612362634536971873e-02,6.981264068985783278e-02,6.205038065238951961e-02,5.366182419277815835e-02,3.774768100503250040e-02,-4.000713000036733996e-03,-4.183676780663408978e-02,-6.833574183594753881e-02,-4.075483442309810189e-02,-1.787973386474671703e-02,4.237650295705836651e-02,7.912924273592181895e-03,-1.222571648973294622e-02,-1.336550224075230310e-02,-1.101921316533813200e-02,-7.564147522315689542e-02,-6.940271011644565113e-02,-6.172014978143481462e-02,-5.338503471329389405e-02,-3.755625224993570932e-02,1.810254297836388360e-01,1.615169591889211165e-01,1.953436084377180582e-01,2.505620038202989730e-01,1.919773527899202303e-01,-1.784743433861073203e-01,-1.580313251662197327e-01,-1.865316744113433567e-01,-2.485802905631267490e-01,-1.920030259339528811e-01
cz,2.435000000000000012e-02,8.029999999999999638e-02,3.229500000000000148e-01,4.353299999999999947e-01,5.005600000000000049e-01,4.835499999999999798e-01,-1.399900000000000033e-01,-2.559000000000000163e-01,-2.873600000000000043e-01,-2.767899999999999805e-01,-2.377299999999999969e-01,-2.330399999999999971e-01,-2.250600000000000100e-01,-2.107400000000000106e-01,-1.660899999999999876e-01,2.811999999999999916e-02,8.468000000000000527e-02,3.277200000000000113e-01,4.406999999999999806e-01,5.064300000000000468e-01,4.893399999999999972e-01,-1.348300000000000054e-01,-2.517699999999999938e-01,-2.843600000000000017e-01,-2.748499999999999832e-01,-2.361699999999999910e-01,-2.316499999999999948e-01,-2.238600000000000034e-01,-2.097100000000000075e-01,-1.653100000000000125e-01,-2.092100000000000071e-01,-1.942200000000000037e-01,-2.686000000000000054e-01,-3.378900000000000237e-01,-2.677800000000000180e-01,-2.061499999999999999e-01,-1.913600000000000023e-01,-2.607300000000000173e-01,-3.377200000000000202e-01,-2.676600000000000090e-01
cz*c/cref,3.881169782904161925e-02,1.190887080777283669e-01,4.431531691951658969e-01,5.491117941630238031e-01,5.759253271131027363e-01,5.171922767512764363e-01,-1.425650281930720409e-01,-2.475127254527421938e-01,-2.632426815560371391e-01,-2.394040825772324466e-01,-1.910363104727619832e-01,-1.705896800499577259e-01,-1.486435196341328868e-01,-1.241076912904529039e-01,-8.593081603790909961e-02,4.482073687690555502e-02,1.255844557910590076e-01,4.496985806119825346e-01,5.558853460309295391e-01,5.826791261984350934e-01,5.233851074459096031e-01,-1.373101132314586970e-01,-2.435180886566506164e-01,-2.604944631377878461e-01,-2.377261176211291627e-01,-1.897827175550086121e-01,-1.695721738052381744e-01,-1.478509655438415837e-01,-1.235011100907320858e-01,-8.552726352716451264e-02,-1.773132176835763851e-01,-1.545616072806083041e-01,-1.999058681996840614e-01,-2.341262561069683834e-01,-1.718688627263710578e-01,-1.747197544355875432e-01,-1.522855996767439046e-01,-1.940486113764096354e-01,-2.340084619623112872e-01,-1.717918432942731888e-01
Results_Name,VSPAERO_Comp_Load
Results_Timestamp,1759254118
Results_Date,9,30,2025
Results_Time,13,41,58
AoA,-5.000000000000000000e+00,-5.000000000000000000e+00,-5.000000000000000000e+00,-5.000000000000000000e+00,-5.000000000000000000e+00,-5.000000000000000000e+00,-5.000000000000000000e+00,-5.000000000000000000e+00,-5.000000000000000000e+00
Beta,0.000000000000000000e+00,0.000000000000000000e+00,0.000000000000000000e+00,0.000000000000000000e+00,0.000000000000000000e+00,0.000000000000000000e+00,0.000000000000000000e+00,0.000000000000000000e+00,0.000000000000000000e+00
CDi,0.000000000000000000e+00,6.660000000000000121e-03,6.689999999999999766e-03,6.400000000000000524e-04,6.099999999999999737e-04,0.000000000000000000e+00,0.000000000000000000e+00,0.000000000000000000e+00,0.000000000000000000e+00
CFx,0.000000000000000000e+00,7.700000000000000247e-03,7.910000000000000364e-03,-1.039999999999999909e-03,-1.049999999999999935e-03,0.000000000000000000e+00,0.000000000000000000e+00,0.000000000000000000e+00,0.000000000000000000e+00
CFy,0.000000000000000000e+00,4.799999999999999580e-03,-4.740000000000000289e-03,2.009000000000000022e-02,-1.975000000000000019e-02,0.000000000000000000e+00,0.000000000000000000e+00,0.000000000000000000e+00,0.000000000000000000e+00
CFz,0.000000000000000000e+00,1.159999999999999920e-02,1.370999999999999996e-02,-1.922000000000000097e-02,-1.898999999999999994e-02,0.000000000000000000e+00,0.000000000000000000e+00,0.000000000000000000e+00,0.000000000000000000e+00
CL,0.000000000000000000e+00,1.222999999999999955e-02,1.434999999999999991e-02,-1.923000000000000057e-02,-1.900999999999999912e-02,0.000000000000000000e+00,0.000000000000000000e+00,0.000000000000000000e+00,0.000000000000000000e+00
Cmx,0.000000000000000000e+00,-1.367999999999999945e-02,1.328000000000000014e-02,-8.700000000000000051e-04,8.700000000000000051e-04,-5.000000000000000240e-05,5.000000000000000240e-05,0.000000000000000000e+00,-0.000000000000000000e+00
Cmy,0.000000000000000000e+00,-4.041000000000000147e-02,-4.138000000000000012e-02,6.920999999999999375e-02,6.844000000000000083e-02,-1.888000000000000095e-02,-1.873000000000000012e-02,-0.000000000000000000e+00,2.000000000000000164e-05
Cmz,0.000000000000000000e+00,1.600000000000000131e-04,-1.200000000000000030e-04,5.649999999999999641e-03,-5.550000000000000246e-03,-6.999999999999999387e-05,6.999999999999999387e-05,-1.000000000000000082e-05,-2.000000000000000164e-05
Comp_ID,0,1,2,3,4,5,6,7,8
Comp_Name,NONE,main_wing,main_wing,horizontal_tail,horizontal_tail,fuselage,fuselage,fuselage,fuselage
Cs,0.000000000000000000e+00,4.799999999999999580e-03,-4.740000000000000289e-03,2.009000000000000022e-02,-1.975000000000000019e-02,0.000000000000000000e+00,0.000000000000000000e+00,0.000000000000000000e+00,0.000000000000000000e+00
Mach,1.499999999999999944e-01,1.499999999999999944e-01,1.499999999999999944e-01,1.499999999999999944e-01,1.499999999999999944e-01,1.499999999999999944e-01,1.499999999999999944e-01,1.499999999999999944e-01,1.499999999999999944e-01
Results_Name,VSPAERO_Load
Results_Timestamp,1759254118
Results_Date,9,30,2025
Results_Time,13,41,58
AnalysisMethod,0
Chord,1.735640000000000072e+00,1.614919999999999911e+00,1.494220000000000104e+00,1.373529999999999918e+00,1.252869999999999928e+00,1.164679999999999938e+00,1.108950000000000102e+00,1.053230000000000111e+00,9.975300000000000278e-01,9.418400000000000105e-01,8.750400000000000400e-01,7.971099999999999852e-01,7.191899999999999959e-01,6.412799999999999612e-01,5.633799999999999919e-01,1.735640000000000072e+00,1.614919999999999911e+00,1.494220000000000104e+00,1.373529999999999918e+00,1.252869999999999928e+00,1.164679999999999938e+00,1.108950000000000102e+00,1.053230000000000111e+00,9.975300000000000278e-01,9.418400000000000105e-01,8.750400000000000400e-01,7.971099999999999852e-01,7.191899999999999959e-01,6.412799999999999612e-01,5.633799999999999919e-01,9.229000000000000536e-01,8.665699999999999514e-01,8.104299999999999837e-01,7.545199999999999685e-01,6.988999999999999657e-01,9.229000000000000536e-01,8.665699999999999514e-01,8.104299999999999837e-01,7.545199999999999685e-01,6.988999999999999657e-01
FC_AoA_,-4.000000000000000000e+00
FC_Beta_,0.000000000000000000e+00
FC_Bref_,1.417173599999999922e+01
FC_Cref_,1.088920000000000110e+00
FC_Mach_,1.499999999999999944e-01
FC_Pitch_Rate,0.000000000000000000e+00
FC_Rho_,2.377000000000000206e-03
FC_Roll__Rate,0.000000000000000000e+00
FC_Sref_,1.619368700000000061e+01
FC_Vinf_,5.100000000000000000e+01
FC_Xcg_,1.774861999999999940e+00
FC_Yaw___Rate,0.000000000000000000e+00
FC_Ycg_,0.000000000000000000e+00
FC_Zcg_,7.545150000000000468e-01
S,3.314000000000000279e-02,8.981999999999999706e-02,1.368900000000000117e-01,1.839600000000000124e-01,2.310300000000000131e-01,2.997400000000000064e-01,4.117600000000000149e-01,5.454599999999999449e-01,6.791599999999999859e-01,8.128699999999999815e-01,9.157600000000000184e-01,9.578299999999999592e-01,9.698799999999999644e-01,9.819299999999999695e-01,9.939799999999999747e-01,3.314000000000000279e-02,8.981999999999999706e-02,1.368900000000000117e-01,1.839600000000000124e-01,2.310300000000000131e-01,2.997400000000000064e-01,4.117600000000000149e-01,5.454599999999999449e-01,6.791599999999999859e-01,8.128699999999999815e-01,9.157600000000000184e-01,9.578299999999999592e-01,9.698799999999999644e-01,9.819299999999999695e-01,9.939799999999999747e-01,1.020299999999999957e-01,3.035599999999999965e-01,5.025399999999999867e-01,7.015200000000000324e-01,9.005100000000000326e-01,1.020299999999999957e-01,3.035599999999999965e-01,5.025399999999999867e-01,7.015200000000000324e-01,9.005100000000000326e-01
V/Vref,1.003859999999999975e+00,1.003710000000000102e+00,1.000569999999999959e+00,1.000010000000000066e+00,1.001079999999999970e+00,9.992699999999999916e-01,9.984800000000000342e-01,9.969799999999999773e-01,9.977700000000000458e-01,9.981400000000000272e-01,9.964100000000000179e-01,9.965000000000000524e-01,9.967899999999999539e-01,9.971200000000000063e-01,9.969400000000000484e-01,1.003160000000000052e+00,1.003339999999999899e+00,1.000529999999999919e+00,9.999700000000000255e-01,1.001169999999999893e+00,9.993699999999999806e-01,9.985000000000000542e-01,9.969799999999999773e-01,9.977800000000000002e-01,9.981400000000000272e-01,9.964399999999999924e-01,9.965300000000000269e-01,9.968200000000000394e-01,9.971400000000000263e-01,9.969599999999999573e-01,9.831499999999999684e-01,9.947000000000000286e-01,1.008909999999999973e+00,9.885199999999999543e-01,9.926199999999999468e-01,9.832300000000000484e-01,9.947000000000000286e-01,1.008119999999999905e+00,9.884399999999999853e-01,9.927700000000000413e-01
WingId,1,1,1,1,1,1,1,1,1,1,1,1,1,1,1,2,2,2,2,2,2,2,2,2,2,2,2,2,2,2,3,3,3,3,3,4,4,4,4,4
Xavg,2.391169999999999796e+00,2.380489999999999995e+00,2.369810000000000194e+00,2.359129999999999949e+00,2.348450000000000149e+00,2.336259999999999781e+00,2.322589999999999932e+00,2.308860000000000134e+00,2.295059999999999878e+00,2.281190000000000051e+00,2.284749999999999837e+00,2.305000000000000160e+00,2.325239999999999974e+00,2.345470000000000166e+00,2.365699999999999914e+00,2.391169999999999796e+00,2.380489999999999995e+00,2.369810000000000194e+00,2.359129999999999949e+00,2.348450000000000149e+00,2.336259999999999781e+00,2.322589999999999932e+00,2.308860000000000134e+00,2.295059999999999878e+00,2.281190000000000051e+00,2.284749999999999837e+00,2.305000000000000160e+00,2.325239999999999974e+00,2.345470000000000166e+00,2.365699999999999914e+00,5.722059999999999924e+00,5.820210000000000328e+00,5.918350000000000222e+00,6.016490000000000116e+00,6.114630000000000010e+00,5.722059999999999924e+00,5.820210000000000328e+00,5.918350000000000222e+00,6.016490000000000116e+00,6.114630000000000010e+00
Yavg,1.718899999999999872e-01,5.195499999999999563e-01,8.671900000000000164e-01,1.214790000000000036e+00,1.562359999999999971e+00,2.229140000000000121e+00,3.217070000000000096e+00,4.204979999999999940e+00,5.192870000000000097e+00,6.180740000000000123e+00,6.716649999999999565e+00,6.791660000000000252e+00,6.866660000000000430e+00,6.941650000000000098e+00,7.016610000000000014e+00,-1.718899999999999872e-01,-5.195499999999999563e-01,-8.671900000000000164e-01,-1.214790000000000036e+00,-1.562359999999999971e+00,-2.229140000000000121e+00,-3.217070000000000096e+00,-4.204979999999999940e+00,-5.192870000000000097e+00,-6.180740000000000123e+00,-6.716649999999999565e+00,-6.791660000000000252e+00,-6.866660000000000430e+00,-6.941650000000000098e+00,-7.016610000000000014e+00,1.078800000000000037e-01,3.257399999999999740e-01,5.435900000000000176e-01,7.614400000000000057e-01,9.792699999999999738e-01,-1.078800000000000037e-01,-3.257399999999999740e-01,-5.435900000000000176e-01,-7.614400000000000057e-01,-9.792699999999999738e-01
Zavg,1.027309999999999945e+00,1.024350000000000094e+00,1.021379999999999955e+00,1.018420000000000103e+00,1.015449999999999964e+00,1.037979999999999903e+00,1.086500000000000021e+00,1.135019999999999918e+00,1.183540000000000036e+00,1.232069999999999999e+00,1.270329999999999959e+00,1.298289999999999944e+00,1.326240000000000085e+00,1.354190000000000005e+00,1.382130000000000081e+00,1.027309999999999945e+00,1.024350000000000094e+00,1.021379999999999955e+00,1.018420000000000103e+00,1.015449999999999964e+00,1.037979999999999903e+00,1.086500000000000021e+00,1.135019999999999918e+00,1.183540000000000036e+00,1.232069999999999999e+00,1.270329999999999959e+00,1.298289999999999944e+00,1.326240000000000085e+00,1.354190000000000005e+00,1.382130000000000081e+00,3.777900000000000147e-01,5.956799999999999873e-01,8.135799999999999699e-01,1.031470000000000109e+00,1.249349999999999961e+00,3.777900000000000147e-01,5.956799999999999873e-01,8.135799999999999699e-01,1.031470000000000109e+00,1.249349999999999961e+00
cd,-7.459999999999999618e-03,-1.081000000000000016e-02,2.645000000000000129e-02,3.765999999999999903e-02,4.664999999999999702e-02,4.807999999999999774e-02,3.600000000000000227e-04,3.389999999999999784e-03,3.220000000000000206e-03,3.119999999999999944e-03,3.109999999999999917e-03,2.720000000000000195e-03,2.050000000000000173e-03,1.869999999999999917e-03,1.010000000000000047e-03,-7.810000000000000102e-03,-1.120999999999999948e-02,2.730000000000000135e-02,3.869999999999999829e-02,4.782000000000000139e-02,4.925000000000000211e-02,1.000000000000000082e-05,3.239999999999999825e-03,3.160000000000000048e-03,3.079999999999999839e-03,3.079999999999999839e-03,2.710000000000000169e-03,2.060000000000000199e-03,1.869999999999999917e-03,1.020000000000000073e-03,1.511000000000000017e-02,1.518000000000000078e-02,1.830999999999999989e-02,-1.677999999999999978e-02,-1.353999999999999995e-02,1.474999999999999922e-02,1.506000000000000047e-02,1.541999999999999968e-02,-1.636999999999999914e-02,-1.379000000000000017e-02
cd*c/cref,-1.189056533078646644e-02,-1.603174264408771879e-02,3.629478657752636256e-02,4.750315890974542155e-02,5.367371845498290078e-02,5.142509495647062251e-02,3.666219740660470855e-04,3.278890735774895888e-03,2.949754435587554485e-03,2.698582816001175201e-03,2.499149983469859792e-03,1.991091356573485537e-03,1.353946570914300396e-03,1.101268780075671024e-03,5.225487639128677080e-04,-1.244843367740513553e-02,-1.662496161334165584e-02,3.746115968115196898e-02,4.881498273518714709e-02,5.501987602395032317e-02,5.267649597766593805e-02,1.018394372405686368e-05,3.133807074899900690e-03,2.894790067222568607e-03,2.663985600411416556e-03,2.475042427359218106e-03,1.983771167762553474e-03,1.360551188333394444e-03,1.101268780075671024e-03,5.277225140506189120e-04,1.280628420820629533e-02,1.208034805128016705e-02,1.362723919112514975e-02,-1.162697498438819942e-02,-8.690359255041690822e-03,1.250117088491349039e-02,1.198485122874040285e-02,1.147635326745766356e-02,-1.134288322374462678e-02,-8.850816405245561999e-03
cl,1.013399999999999995e-01,1.618400000000000116e-01,4.128499999999999948e-01,5.321399999999999464e-01,6.040200000000000014e-01,5.887700000000000156e-01,-4.034000000000000086e-02,-1.580799999999999983e-01,-1.938300000000000023e-01,-1.932699999999999974e-01,-1.671900000000000053e-01,-1.646700000000000108e-01,-1.601299999999999946e-01,-1.507100000000000106e-01,-1.200699999999999962e-01,1.079800000000000065e-01,1.698099999999999887e-01,4.214399999999999813e-01,5.413400000000000434e-01,6.139099999999999557e-01,5.989299999999999624e-01,-3.132000000000000062e-02,-1.526800000000000102e-01,-1.905999999999999917e-01,-1.912000000000000088e-01,-1.655800000000000050e-01,-1.632200000000000040e-01,-1.589599999999999902e-01,-1.497300000000000020e-01,-1.193599999999999939e-01,-1.760200000000000098e-01,-1.553200000000000136e-01,-2.110400000000000054e-01,-3.150000000000000022e-01,-2.460700000000000109e-01,-1.719199999999999895e-01,-1.522799999999999987e-01,-2.024100000000000066e-01,-3.153299999999999992e-01,-2.469500000000000028e-01
cl*c/cref,1.615267949895309030e-01,2.400163949601439584e-01,5.665142774492157862e-01,6.712249331447670553e-01,6.949624741946146544e-01,6.297328027770634495e-01,-4.108202898284538801e-02,-1.528988340741284924e-01,-1.775623920030856007e-01,-1.671650964258163952e-01,-1.343514102046063918e-01,-1.205415491496161229e-01,-1.057597387319545862e-01,-8.875519670866545419e-02,-6.212121790397823889e-02,1.721103544796679374e-01,2.518362829225286870e-01,5.783015068140909820e-01,6.828295285236747336e-01,7.063415326194759647e-01,6.405996697645371940e-01,-3.189611174374609726e-02,-1.476758222826286548e-01,-1.746034768394372216e-01,-1.653746905190463801e-01,-1.330576380266686176e-01,-1.194801217720309894e-01,-1.049869984939205692e-01,-8.817806119825145894e-02,-6.175388164419790687e-02,-1.491834643499981572e-01,-1.236047206406347548e-01,-1.570667700106527509e-01,-2.182656209822576299e-01,-1.579347638026668277e-01,-1.457085626124967614e-01,-1.211854678029607169e-01,-1.506438822870366789e-01,-2.184942802042390553e-01,-1.584995729713844503e-01
cmx,9.809999999999999276e-03,4.746000000000000218e-02,2.302599999999999925e-01,4.622299999999999742e-01,7.456000000000000405e-01,1.125070000000000014e+00,-1.075699999999999990e-01,-6.339900000000000535e-01,-1.012969999999999926e+00,-1.272620000000000084e+00,-1.320889999999999898e+00,-1.446420000000000039e+00,-1.578340000000000076e+00,-1.687759999999999927e+00,-1.548810000000000020e+00,-1.046000000000000055e-02,-4.995000000000000134e-02,-2.350599999999999912e-01,-4.702100000000000168e-01,-7.577700000000000546e-01,-1.144470000000000098e+00,8.111000000000000154e-02,6.122699999999999809e-01,9.960400000000000365e-01,1.258990000000000054e+00,1.308159999999999989e+00,1.433720000000000105e+00,1.566840000000000011e+00,1.676730000000000054e+00,1.539590000000000014e+00,5.600000000000000117e-02,-2.651999999999999844e-02,-1.554899999999999893e-01,-4.311599999999999877e-01,-5.333700000000000108e-01,-5.473999999999999699e-02,2.615999999999999923e-02,1.487600000000000033e-01,4.305100000000000038e-01,5.353200000000000180e-01
cmx*c/cref,1.563625280094037978e-02,7.038543070197993134e-02,3.159636127539213191e-01,5.830426219556991141e-01,8.578590456599197722e-01,1.203345082834367696e+00,-1.095486826396796787e-01,-6.132106010542556218e-01,-9.279542703779890545e-01,-1.100727712595966690e+00,-1.061447659699518598e+00,-1.058806749990816476e+00,-1.042433185725305744e+00,-9.939451316901147804e-01,-8.013155950850382458e-01,-1.667229401608933542e-02,-7.407821878558570883e-02,-3.225501902802777043e-01,-5.931083470778384381e-01,-8.718613855012304903e-01,-1.224094809168717601e+00,8.260196754582521672e-02,5.922024869595562402e-01,9.124451577710023242e-01,1.088938711383756308e+00,1.051218020056569724e+00,1.049510110200932989e+00,1.034837875693347398e+00,9.874494126290267459e-01,7.965453974580316565e-01,4.746207251221393197e-02,-2.110479778128787967e-02,-1.157236167027880652e-01,-2.987536671197149052e-01,-3.423321208169561869e-01,-4.639417588068912163e-02,2.081830731366858533e-02,1.107148062300260666e-01,2.983032777430848492e-01,3.435836865885463776e-01
cmy,-5.278999999999999665e-02,-7.639999999999999569e-02,-1.896599999999999953e-01,-2.476599999999999913e-01,-2.861899999999999999e-01,-2.791799999999999837e-01,-9.969999999999999696e-03,1.997000000000000164e-02,3.708000000000000185e-02,4.499999999999999833e-02,4.746999999999999831e-02,5.698999999999999899e-02,6.816999999999999449e-02,7.953999999999999959e-02,7.843999999999999584e-02,-5.535999999999999949e-02,-7.971999999999999920e-02,-1.931400000000000061e-01,-2.515100000000000113e-01,-2.905099999999999905e-01,-2.836600000000000232e-01,-1.433000000000000072e-02,1.755999999999999922e-02,3.574000000000000093e-02,4.415000000000000174e-02,4.673000000000000070e-02,5.623999999999999833e-02,6.754999999999999893e-02,7.895000000000000628e-02,7.793999999999999539e-02,7.043099999999999916e-01,6.903399999999999537e-01,1.052710000000000035e+00,1.656409999999999938e+00,1.421380000000000088e+00,6.872599999999999820e-01,6.776799999999999491e-01,1.010480000000000045e+00,1.658009999999999984e+00,1.425580000000000069e+00
cmy*c/cref,-8.414248576571280169e-02,-1.133048231275024520e-01,-2.602521445101568798e-01,-3.123906621239392334e-01,-3.292793458656282368e-01,-2.986035359806045730e-01,-1.015339189288469272e-02,1.931547138449105777e-02,3.396797964956103227e-02,3.892186753847848985e-02,3.814618961907210309e-02,4.171775603350107858e-02,4.502367694596479814e-02,4.684220254931490551e-02,4.058289608052013941e-02,-8.823883333945560514e-02,-1.182285405723101507e-01,-2.650274132167652619e-01,-3.172469330161994949e-01,-3.342497738125848605e-01,-3.033952253609080163e-01,-1.459359135657348552e-02,1.698446056643279634e-02,3.274044208940968953e-02,3.818667670719611690e-02,3.755153656834294557e-02,4.116874187268117907e-02,4.461419066598096284e-02,4.649474341549424822e-02,4.032420857363257921e-02,5.969287909120963853e-01,5.493773039341731668e-01,7.834806646034602196e-01,1.147737642067369279e+00,9.122823366271166634e-01,5.824782849061455048e-01,5.393023891562280792e-01,7.520509370752671563e-01,1.148846292840612682e+00,9.149780167505416895e-01
cmz,1.219999999999999947e-03,1.751000000000000126e-02,1.049999999999999935e-03,-4.456000000000000238e-02,-1.012200000000000044e-01,-1.971999999999999864e-01,-4.369999999999999753e-03,3.146000000000000185e-02,5.575999999999999707e-02,7.033000000000000362e-02,8.526000000000000245e-02,9.879000000000000281e-02,1.166500000000000037e-01,1.295999999999999930e-01,1.278400000000000092e-01,-1.330000000000000019e-03,-1.788999999999999965e-02,-8.099999999999999561e-04,4.569999999999999757e-02,1.033199999999999952e-01,2.012500000000000122e-01,5.649999999999999641e-03,-3.039999999999999994e-02,-5.478999999999999843e-02,-6.955999999999999683e-02,-8.433000000000000218e-02,-9.779999999999999805e-02,-1.155800000000000022e-01,-1.285100000000000131e-01,-1.268299999999999983e-01,7.163100000000000023e-01,7.036099999999999577e-01,9.234400000000000386e-01,1.730199999999999960e+00,1.641550000000000065e+00,-6.994200000000000417e-01,-6.872500000000000275e-01,-8.678200000000000358e-01,-1.713039999999999896e+00,-1.647669999999999968e+00
cmz*c/cref,1.944569665356499872e-03,2.596816037909120689e-02,1.440813833890460145e-03,-5.620660544392608315e-02,-1.164598881460529450e-01,-2.109198986151415434e-01,-4.450383407412848713e-03,3.042887980751570604e-02,5.108021966719317186e-02,6.083055431069316066e-02,6.851367446644381076e-02,7.231614526319654623e-02,7.704286219373322753e-02,7.632322668331922855e-02,6.614122176101090711e-02,-2.119899717150938636e-03,-2.653171839988244587e-02,-1.111484957572640795e-03,5.764456617566027230e-02,1.188760683980457367e-01,2.152516713808176607e-01,5.753928204092127047e-03,-2.940362193733240398e-02,-5.019162904529257674e-02,-6.016455791059029806e-02,-6.776634022701391591e-02,-7.159144657091429109e-02,-7.633616812989016398e-02,-7.568131065643021738e-02,-6.561867299709803203e-02,6.070992350218564759e-01,5.599376608933621657e-01,6.872713139624582190e-01,1.198867229915879795e+00,1.053593739668662321e+00,-5.927843349373691506e-01,-5.469182607537743657e-01,-6.458760630716673390e-01,-1.186976950372846229e+00,-1.057521730705653029e+00
cs,2.579999999999999828e-03,2.779999999999999832e-02,4.905000000000000332e-02,3.125000000000000000e-02,1.467000000000000075e-02,-4.472999999999999893e-02,-1.248999999999999937e-02,7.839999999999999747e-03,9.900000000000000813e-03,9.239999999999999949e-03,6.543999999999999817e-02,6.560000000000000553e-02,6.464000000000000301e-02,6.252000000000000612e-02,5.032999999999999974e-02,-2.759999999999999867e-03,-2.837999999999999898e-02,-4.982999999999999929e-02,-3.169000000000000289e-02,-1.497000000000000067e-02,4.546999999999999653e-02,1.323000000000000044e-02,-7.530000000000000235e-03,-9.730000000000000801e-03,-9.150000000000000147e-03,-6.482000000000000262e-02,-6.503000000000000447e-02,-6.415999999999999481e-02,-6.208999999999999936e-02,-5.000999999999999890e-02,1.799399999999999888e-01,1.592600000000000127e-01,1.875000000000000000e-01,3.191599999999999993e-01,2.715400000000000036e-01,-1.758399999999999963e-01,-1.554500000000000048e-01,-1.758399999999999963e-01,-3.162499999999999756e-01,-2.726199999999999735e-01
cs*c/cref,4.112286669360466947e-03,4.122871836314880023e-02,6.730658909745436402e-02,3.941778321639789057e-02,1.687874490320684373e-02,-4.784202365646694766e-02,-1.271974571134702053e-02,7.583039341733092964e-03,9.069120780222605233e-03,7.991956801234248800e-03,5.258661572934650308e-02,4.802043859971347195e-02,4.269224699702457021e-02,3.681888990926789756e-02,2.603948444330161580e-02,-4.399190390478638878e-03,-4.208888586856700947e-02,-6.837690794548727247e-02,-3.997278560408477899e-02,-1.722391351063438589e-02,4.863350806303492341e-02,1.347335754692723098e-02,-7.283199775924769498e-03,-8.913388403188480386e-03,-7.914113066157293583e-03,-5.208839290305991576e-02,-4.760318783749035304e-02,-4.237522536090804898e-02,-3.656565698122909991e-02,-2.587392443889357727e-02,1.525058094258531227e-01,1.267401996473569992e-01,1.395470971237556257e-01,2.211481129926899936e-01,1.742821382654372864e-01,-1.490309076883517547e-01,-1.237081755317194914e-01,-1.308691283106196701e-01,-2.191317543988538785e-01,-1.749753131543179963e-01
cx,-3.800000000000000209e-04,5.000000000000000104e-04,5.517999999999999988e-02,7.469000000000000639e-02,8.866999999999999882e-02,8.902999999999999803e-02,-2.449999999999999921e-03,-7.649999999999999682e-03,-1.030999999999999972e-02,-1.037000000000000074e-02,-8.559999999999999901e-03,-8.770000000000000018e-03,-9.119999999999999635e-03,-8.649999999999999703e-03,-7.369999999999999815e-03,-2.599999999999999772e-04,6.599999999999999964e-04,5.662999999999999978e-02,7.636999999999999345e-02,9.052999999999999936e-02,9.091000000000000469e-02,-2.180000000000000080e-03,-7.420000000000000380e-03,-1.013999999999999971e-02,-1.026000000000000002e-02,-8.479999999999999691e-03,-8.689999999999999808e-03,-9.039999999999999425e-03,-8.569999999999999493e-03,-7.309999999999999658e-03,2.789999999999999945e-03,4.309999999999999595e-03,3.550000000000000204e-03,-3.871000000000000135e-02,-3.067999999999999894e-02,2.720000000000000195e-03,4.400000000000000265e-03,1.270000000000000078e-03,-3.831999999999999990e-02,-3.098000000000000059e-02
cx*c/cref,-6.056856334716967686e-04,7.415237115674244575e-04,7.571819748007199702e-02,9.421165530984827730e-02,1.020203347353340617e-01,9.522413069830655552e-02,-2.495066212393931213e-03,-7.399266704624765482e-03,-9.444710630716671856e-03,-8.969328141644932265e-03,-6.878689343569775391e-03,-6.419805587187303771e-03,-6.023411086213862654e-03,-5.094104250082649374e-03,-3.813053851522608777e-03,-4.144164860595819311e-04,9.788112992690002102e-04,7.770789277449216548e-02,9.633075533556181846e-02,1.041603801013848279e-01,9.723492892039818647e-02,-2.220099731844396400e-03,-7.176805091283106584e-03,-9.288978253682547009e-03,-8.874185798773095990e-03,-6.814402527274730607e-03,-6.361244076699848135e-03,-5.970574146861109405e-03,-5.046991147191711748e-03,-3.782011350696101552e-03,2.364628255519230036e-03,3.429927542886529283e-03,2.642091705543106635e-03,-2.682241964515299365e-02,-1.969130147301913214e-02,2.305300664878962794e-03,3.501550159791352868e-03,9.451990045182381882e-04,-2.655218601917495869e-02,-1.988385005326378033e-02
cy,2.579999999999999828e-03,2.779999999999999832e-02,4.905000000000000332e-02,3.125000000000000000e-02,1.467000000000000075e-02,-4.472999999999999893e-02,-1.248999999999999937e-02,7.839999999999999747e-03,9.900000000000000813e-03,9.239999999999999949e-03,6.543999999999999817e-02,6.560000000000000553e-02,6.464000000000000301e-02,6.252000000000000612e-02,5.032999999999999974e-02,-2.759999999999999867e-03,-2.837999999999999898e-02,-4.982999999999999929e-02,-3.169000000000000289e-02,-1.497000000000000067e-02,4.546999999999999653e-02,1.323000000000000044e-02,-7.530000000000000235e-03,-9.730000000000000801e-03,-9.150000000000000147e-03,-6.482000000000000262e-02,-6.503000000000000447e-02,-6.415999999999999481e-02,-6.208999999999999936e-02,-5.000999999999999890e-02,1.799399999999999888e-01,1.592600000000000127e-01,1.875000000000000000e-01,3.191599999999999993e-01,2.715400000000000036e-01,-1.758399999999999963e-01,-1.554500000000000048e-01,-1.758399999999999963e-01,-3.162499999999999756e-01,-2.726199999999999735e-01
cy*c/cref,4.112286669360466947e-03,4.122871836314880023e-02,6.730658909745436402e-02,3.941778321639789057e-02,1.687874490320684373e-02,-4.784202365646694766e-02,-1.271974571134702053e-02,7.583039341733092964e-03,9.069120780222605233e-03,7.991956801234248800e-03,5.258661572934650308e-02,4.802043859971347195e-02,4.269224699702457021e-02,3.681888990926789756e-02,2.603948444330161580e-02,-4.399190390478638878e-03,-4.208888586856700947e-02,-6.837690794548727247e-02,-3.997278560408477899e-02,-1.722391351063438589e-02,4.863350806303492341e-02,1.347335754692723098e-02,-7.283199775924769498e-03,-8.913388403188480386e-03,-7.914113066157293583e-03,-5.208839290305991576e-02,-4.760318783749035304e-02,-4.237522536090804898e-02,-3.656565698122909991e-02,-2.587392443889357727e-02,1.525058094258531227e-01,1.267401996473569992e-01,1.395470971237556257e-01,2.211481129926899936e-01,1.742821382654372864e-01,-1.490309076883517547e-01,-1.237081755317194914e-01,-1.308691283106196701e-01,-2.191317543988538785e-01,-1.749753131543179963e-01
cz,1.016100000000000059e-01,1.622000000000000108e-01,4.099999999999999756e-01,5.282099999999999573e-01,5.992899999999999894e-01,5.839800000000000546e-01,-4.027000000000000024e-02,-1.579299999999999871e-01,-1.935900000000000121e-01,-1.930199999999999971e-01,-1.670000000000000095e-01,-1.644599999999999951e-01,-1.598799999999999943e-01,-1.504800000000000026e-01,-1.198499999999999982e-01,1.082599999999999951e-01,1.701699999999999879e-01,4.185099999999999931e-01,5.373200000000000198e-01,6.090799999999999548e-01,5.940299999999999470e-01,-3.125000000000000000e-02,-1.525299999999999989e-01,-1.903499999999999914e-01,-1.909500000000000086e-01,-1.653900000000000092e-01,-1.630099999999999882e-01,-1.587200000000000000e-01,-1.494900000000000118e-01,-1.191399999999999959e-01,-1.766399999999999915e-01,-1.559999999999999998e-01,-2.117999999999999883e-01,-3.130600000000000049e-01,-2.445199999999999874e-01,-1.725299999999999889e-01,-1.529600000000000126e-01,-2.029900000000000038e-01,-3.134199999999999764e-01,-2.453899999999999970e-01
cz*c/cref,1.619571505712081583e-01,2.405502920324725236e-01,5.626034970429416582e-01,6.662677527274728506e-01,6.895203158175070568e-01,6.246095456048194050e-01,-4.101074137677698794e-02,-1.527537504132534807e-01,-1.773425345296256728e-01,-1.669488638283803950e-01,-1.341987290159056823e-01,-1.203878251845865444e-01,-1.055946232964772302e-01,-8.861974653785401057e-02,-6.200739540094771240e-02,1.725566491569628380e-01,2.523701799948572244e-01,5.742809501157110086e-01,6.777588248907172597e-01,7.007843180398924954e-01,6.353587595048303394e-01,-3.182482413767769719e-02,-1.475307386217536709e-01,-1.743744586379164241e-01,-1.651584579216103799e-01,-1.329049568379679080e-01,-1.193263978070013970e-01,-1.048284876758623085e-01,-8.803672188957865907e-02,-6.164005914116738039e-02,-1.497089372956690867e-01,-1.241458693016934123e-01,-1.576324009109943414e-01,-2.169213819197002291e-01,-1.569399294714028115e-01,-1.462255601880762534e-01,-1.217266164640193882e-01,-1.510755479741394958e-01,-2.171708283436799558e-01,-1.574983203541122923e-01
Results_Name,VSPAERO_Comp_Load
Results_Timestamp,1759254118
Results_Date,9,30,2025
Results_Time,13,41,58
AoA,-4.000000000000000000e+00,-4.000000000000000000e+00,-4.000000000000000000e+00,-4.000000000000000000e+00,-4.000000000000000000e+00,-4.000000000000000000e+00,-4.000000000000000000e+00,-4.000000000000000000e+00,-4.000000000000000000e+00
Beta,0.000000000000000000e+00,0.000000000000000000e+00,0.000000000000000000e+00,0.000000000000000000e+00,0.000000000000000000e+00,0.000000000000000000e+00,0.000000000000000000e+00,0.000000000000000000e+00,0.000000000000000000e+00
CDi,0.000000000000000000e+00,6.649999999999999661e-03,6.760000000000000384e-03,3.699999999999999947e-04,3.200000000000000262e-04,0.000000000000000000e+00,0.000000000000000000e+00,0.000000000000000000e+00,0.000000000000000000e+00
CFx,0.000000000000000000e+00,1.068000000000000026e-02,1.102000000000000028e-02,-7.900000000000000121e-04,-8.199999999999999824e-04,0.000000000000000000e+00,0.000000000000000000e+00,0.000000000000000000e+00,0.000000000000000000e+00
CFy,0.000000000000000000e+00,2.680000000000000090e-03,-2.599999999999999881e-03,1.668999999999999997e-02,-1.634999999999999995e-02,0.000000000000000000e+00,0.000000000000000000e+00,0.000000000000000000e+00,0.000000000000000000e+00
CFz,0.000000000000000000e+00,5.743000000000000188e-02,6.076999999999999763e-02,-1.651000000000000037e-02,-1.626999999999999974e-02,0.000000000000000000e+00,0.000000000000000000e+00,0.000000000000000000e+00,0.000000000000000000e+00
CL,0.000000000000000000e+00,5.802999999999999825e-02,6.139000000000000012e-02,-1.651999999999999996e-02,-1.628999999999999893e-02,0.000000000000000000e+00,0.000000000000000000e+00,0.000000000000000000e+00,0.000000000000000000e+00
Cmx,0.000000000000000000e+00,-3.490000000000000047e-03,2.909999999999999826e-03,-7.799999999999999859e-04,7.699999999999999597e-04,-5.000000000000000240e-05,5.000000000000000240e-05,0.000000000000000000e+00,-0.000000000000000000e+00
Cmy,0.000000000000000000e+00,-4.920999999999999680e-02,-5.088999999999999774e-02,5.958999999999999714e-02,5.874999999999999667e-02,-1.602999999999999911e-02,-1.590000000000000094e-02,-0.000000000000000000e+00,2.000000000000000164e-05
Cmz,0.000000000000000000e+00,-7.100000000000000191e-04,7.600000000000000418e-04,4.689999999999999725e-03,-4.599999999999999922e-03,-6.999999999999999387e-05,6.999999999999999387e-05,-1.000000000000000082e-05,-3.000000000000000076e-05
Comp_ID,0,1,2,3,4,5,6,7,8
Comp_Name,NONE,main_wing,main_wing,horizontal_tail,horizontal_tail,fuselage,fuselage,fuselage,fuselage
Cs,0.000000000000000000e+00,2.680000000000000090e-03,-2.599999999999999881e-03,1.668999999999999997e-02,-1.634999999999999995e-02,0.000000000000000000e+00,0.000000000000000000e+00,0.000000000000000000e+00,0.000000000000000000e+00
Mach,1.499999999999999944e-01,1.499999999999999944e-01,1.499999999999999944e-01,1.499999999999999944e-01,1.499999999999999944e-01,1.499999999999999944e-01,1.499999999999999944e-01,1.499999999999999944e-01,1.499999999999999944e-01
Results_Name,VSPAERO_Load
Results_Timestamp,1759254118
Results_Date,9,30,2025
Results_Time,13,41,58
AnalysisMethod,0
Chord,1.735640000000000072e+00,1.614919999999999911e+00,1.494220000000000104e+00,1.373529999999999918e+00,1.252869999999999928e+00,1.164679999999999938e+00,1.108950000000000102e+00,1.053230000000000111e+00,9.975300000000000278e-01,9.418400000000000105e-01,8.750400000000000400e-01,7.971099999999999852e-01,7.191899999999999959e-01,6.412799999999999612e-01,5.633799999999999919e-01,1.735640000000000072e+00,1.614919999999999911e+00,1.494220000000000104e+00,1.373529999999999918e+00,1.252869999999999928e+00,1.164679999999999938e+00,1.108950000000000102e+00,1.053230000000000111e+00,9.975300000000000278e-01,9.418400000000000105e-01,8.750400000000000400e-01,7.971099999999999852e-01,7.191899999999999959e-01,6.412799999999999612e-01,5.633799999999999919e-01,9.229000000000000536e-01,8.665699999999999514e-01,8.104299999999999837e-01,7.545199999999999685e-01,6.988999999999999657e-01,9.229000000000000536e-01,8.665699999999999514e-01,8.104299999999999837e-01,7.545199999999999685e-01,6.988999999999999657e-01
FC_AoA_,-3.000000000000000000e+00
FC_Beta_,0.000000000000000000e+00
FC_Bref_,1.417173599999999922e+01
FC_Cref_,1.088920000000000110e+00
FC_Mach_,1.499999999999999944e-01
FC_Pitch_Rate,0.000000000000000000e+00
FC_Rho_,2.377000000000000206e-03
FC_Roll__Rate,0.000000000000000000e+00
FC_Sref_,1.619368700000000061e+01
FC_Vinf_,5.100000000000000000e+01
FC_Xcg_,1.774861999999999940e+00
FC_Yaw___Rate,0.000000000000000000e+00
FC_Ycg_,0.000000000000000000e+00
FC_Zcg_,7.545150000000000468e-01
S,3.314000000000000279e-02,8.981999999999999706e-02,1.368900000000000117e-01,1.839600000000000124e-01,2.310300000000000131e-01,2.997400000000000064e-01,4.117600000000000149e-01,5.454599999999999449e-01,6.791599999999999859e-01,8.128699999999999815e-01,9.157600000000000184e-01,9.578299999999999592e-01,9.698799999999999644e-01,9.819299999999999695e-01,9.939799999999999747e-01,3.314000000000000279e-02,8.981999999999999706e-02,1.368900000000000117e-01,1.839600000000000124e-01,2.310300000000000131e-01,2.997400000000000064e-01,4.117600000000000149e-01,5.454599999999999449e-01,6.791599999999999859e-01,8.128699999999999815e-01,9.157600000000000184e-01,9.578299999999999592e-01,9.698799999999999644e-01,9.819299999999999695e-01,9.939799999999999747e-01,1.020299999999999957e-01,3.035599999999999965e-01,5.025399999999999867e-01,7.015200000000000324e-01,9.005100000000000326e-01,1.020299999999999957e-01,3.035599999999999965e-01,5.025399999999999867e-01,7.015200000000000324e-01,9.005100000000000326e-01
V/Vref,1.005100000000000104e+00,1.005120000000000013e+00,1.002650000000000041e+00,1.002220000000000111e+00,1.003449999999999953e+00,1.001630000000000020e+00,1.000159999999999938e+00,9.983899999999999997e-01,9.989200000000000301e-01,9.992299999999999516e-01,9.982199999999999962e-01,9.982400000000000162e-01,9.983899999999999997e-01,9.985600000000000032e-01,9.983999999999999542e-01,1.004240000000000022e+00,1.004639999999999977e+00,1.002569999999999961e+00,1.002140000000000031e+00,1.003540000000000099e+00,1.001779999999999893e+00,1.000289999999999901e+00,9.984600000000000142e-01,9.989500000000000046e-01,9.992400000000000171e-01,9.982400000000000162e-01,9.982699999999999907e-01,9.984100000000000197e-01,9.985699999999999577e-01,9.984300000000000397e-01,9.834699999999999553e-01,9.937099999999999822e-01,1.005109999999999948e+00,9.874399999999999844e-01,9.933400000000000007e-01,9.847500000000000142e-01,9.941600000000000437e-01,1.000559999999999894e+00,9.871299999999999519e-01,9.943800000000000416e-01
WingId,1,1,1,1,1,1,1,1,1,1,1,1,1,1,1,2,2,2,2,2,2,2,2,2,2,2,2,2,2,2,3,3,3,3,3,4,4,4,4,4
Xavg,2.391169999999999796e+00,2.380489999999999995e+00,2.369810000000000194e+00,2.359129999999999949e+00,2.348450000000000149e+00,2.336259999999999781e+00,2.322589999999999932e+00,2.308860000000000134e+00,2.295059999999999878e+00,2.281190000000000051e+00,2.284749999999999837e+00,2.305000000000000160e+00,2.325239999999999974e+00,2.345470000000000166e+00,2.365699999999999914e+00,2.391169999999999796e+00,2.380489999999999995e+00,2.369810000000000194e+00,2.359129999999999949e+00,2.348450000000000149e+00,2.336259999999999781e+00,2.322589999999999932e+00,2.308860000000000134e+00,2.295059999999999878e+00,2.281190000000000051e+00,2.284749999999999837e+00,2.305000000000000160e+00,2.325239999999999974e+00,2.345470000000000166e+00,2.365699999999999914e+00,5.722059999999999924e+00,5.820210000000000328e+00,5.918350000000000222e+00,6.016490000000000116e+00,6.114630000000000010e+00,5.722059999999999924e+00,5.820210000000000328e+00,5.918350000000000222e+00,6.016490000000000116e+00,6.114630000000000010e+00
Yavg,1.718899999999999872e-01,5.195499999999999563e-01,8.671900000000000164e-01,1.214790000000000036e+00,1.562359999999999971e+00,2.229140000000000121e+00,3.217070000000000096e+00,4.204979999999999940e+00,5.192870000000000097e+00,6.180740000000000123e+00,6.716649999999999565e+00,6.791660000000000252e+00,6.866660000000000430e+00,6.941650000000000098e+00,7.016610000000000014e+00,-1.718899999999999872e-01,-5.195499999999999563e-01,-8.671900000000000164e-01,-1.214790000000000036e+00,-1.562359999999999971e+00,-2.229140000000000121e+00,-3.217070000000000096e+00,-4.204979999999999940e+00,-5.192870000000000097e+00,-6.180740000000000123e+00,-6.716649999999999565e+00,-6.791660000000000252e+00,-6.866660000000000430e+00,-6.941650000000000098e+00,-7.016610000000000014e+00,1.078800000000000037e-01,3.257399999999999740e-01,5.435900000000000176e-01,7.614400000000000057e-01,9.792699999999999738e-01,-1.078800000000000037e-01,-3.257399999999999740e-01,-5.435900000000000176e-01,-7.614400000000000057e-01,-9.792699999999999738e-01
Zavg,1.027309999999999945e+00,1.024350000000000094e+00,1.021379999999999955e+00,1.018420000000000103e+00,1.015449999999999964e+00,1.037979999999999903e+00,1.086500000000000021e+00,1.135019999999999918e+00,1.183540000000000036e+00,1.232069999999999999e+00,1.270329999999999959e+00,1.298289999999999944e+00,1.326240000000000085e+00,1.354190000000000005e+00,1.382130000000000081e+00,1.027309999999999945e+00,1.024350000000000094e+00,1.021379999999999955e+00,1.018420000000000103e+00,1.015449999999999964e+00,1.037979999999999903e+00,1.086500000000000021e+00,1.135019999999999918e+00,1.183540000000000036e+00,1.232069999999999999e+00,1.270329999999999959e+00,1.298289999999999944e+00,1.326240000000000085e+00,1.354190000000000005e+00,1.382130000000000081e+00,3.777900000000000147e-01,5.956799999999999873e-01,8.135799999999999699e-01,1.031470000000000109e+00,1.249349999999999961e+00,3.777900000000000147e-01,5.956799999999999873e-01,8.135799999999999699e-01,1.031470000000000109e+00,1.249349999999999961e+00
cd,-1.064000000000000015e-02,-1.285999999999999990e-02,3.097000000000000100e-02,4.368999999999999967e-02,5.346000000000000058e-02,5.457000000000000045e-02,-2.589999999999999854e-03,1.069999999999999988e-03,1.420000000000000038e-03,1.379999999999999933e-03,1.360000000000000098e-03,1.350000000000000071e-03,1.190000000000000085e-03,1.149999999999999981e-03,7.900000000000000121e-04,-1.119999999999999989e-02,-1.340000000000000045e-02,3.268999999999999684e-02,4.546999999999999653e-02,5.535999999999999949e-02,5.646999999999999936e-02,-3.030000000000000141e-03,9.200000000000000278e-04,1.389999999999999960e-03,1.379999999999999933e-03,1.360000000000000098e-03,1.350000000000000071e-03,1.199999999999999895e-03,1.160000000000000007e-03,8.000000000000000383e-04,1.118000000000000070e-02,1.116999999999999937e-02,1.046000000000000055e-02,-1.426000000000000011e-02,-1.374000000000000048e-02,1.085000000000000027e-02,1.128000000000000010e-02,9.790000000000000091e-03,-1.158000000000000002e-02,-1.417999999999999990e-02
cd*c/cref,-1.695919773720750909e-02,-1.907198986151415615e-02,4.249714708151196285e-02,5.510921435918156308e-02,6.150904584358812821e-02,5.836662711677624571e-02,-2.637641424530727443e-03,1.034930114241633826e-03,1.300823384637989858e-03,1.193603937846673697e-03,1.092875877015758723e-03,9.882254894758107054e-04,7.859494728722036128e-04,6.772508540572308704e-04,4.087262608823420316e-04,-1.785178709179737616e-02,-1.987283547000697620e-02,4.485733736178965786e-02,5.735445129118758173e-02,6.369511369062923201e-02,6.039881680931564328e-02,-3.085734948389229695e-03,8.898464533666385198e-04,1.273341200455496919e-03,1.193603937846673697e-03,1.092875877015758723e-03,9.882254894758107054e-04,7.925540902912976606e-04,6.831399919185980737e-04,4.139000110200932356e-04,9.475463762259854136e-03,8.889162564743046530e-03,7.784867391543914480e-03,-9.880850016530138419e-03,-8.818724975204788458e-03,9.195776549241450187e-03,8.976701318737831392e-03,7.286219097821694350e-03,-8.023859971347756942e-03,-9.101129559563601520e-03
cl,1.804800000000000015e-01,2.448599999999999943e-01,5.001600000000000490e-01,6.244699999999999696e-01,7.018699999999999939e-01,6.882000000000000339e-01,5.956999999999999795e-02,-6.008000000000000146e-02,-1.000299999999999939e-01,-1.094099999999999934e-01,-9.654000000000000081e-02,-9.644999999999999407e-02,-9.532999999999999807e-02,-9.110999999999999654e-02,-7.416000000000000369e-02,1.897199999999999998e-01,2.574899999999999967e-01,5.136600000000000055e-01,6.383600000000000385e-01,7.164800000000000058e-01,7.033500000000000307e-01,7.334999999999999853e-02,-5.380000000000000060e-02,-9.729000000000000148e-02,-1.081600000000000061e-01,-9.550000000000000155e-02,-9.546999999999999931e-02,-9.439999999999999780e-02,-9.027999999999999914e-02,-7.353999999999999426e-02,-1.489099999999999868e-01,-1.219699999999999951e-01,-1.412100000000000022e-01,-3.017599999999999727e-01,-2.251400000000000068e-01,-1.453299999999999870e-01,-1.212700000000000028e-01,-1.368699999999999917e-01,-3.348099999999999965e-01,-2.423800000000000121e-01
cl*c/cref,2.876687977078205560e-01,3.631389920287991235e-01,6.863213782463358781e-01,7.876871387246077161e-01,8.075449683172315485e-01,7.360804981082171849e-01,6.066575276420672902e-02,-5.811084230246482685e-02,-9.163476279249162249e-02,-9.463203394188736406e-02,-7.757811556404510533e-02,-7.060322108143847475e-02,-6.296181785622451121e-02,-5.365593505491678822e-02,-3.836853102156264489e-02,3.023965220585534408e-01,3.818698809829922380e-01,7.048461275392131631e-01,8.052075550086322808e-01,8.243546794989529136e-01,7.522845369724129316e-01,7.469922721595709247e-02,-5.203667303383168602e-02,-8.912472330382396890e-02,-9.355087095470741854e-02,-7.674238695220952922e-02,-6.988584257796714994e-02,-6.234758843624875480e-02,-5.316713661242331024e-02,-3.804775851302206330e-02,-1.262067360320317244e-01,-9.706456204312528813e-02,-1.050957097858428446e-01,-2.090915358336700169e-01,-1.445012911875986905e-01,-1.231725535392866194e-01,-9.650749724497666160e-02,-1.018656596444183077e-01,-2.319921033684751721e-01,-1.555664162656576754e-01
cmx,1.767000000000000168e-02,7.423000000000000431e-02,2.814300000000000135e-01,5.448699999999999655e-01,8.691100000000000492e-01,1.318820000000000103e+00,1.841599999999999904e-01,-2.409499999999999975e-01,-5.230799999999999894e-01,-7.208799999999999653e-01,-7.627000000000000446e-01,-8.470299999999999496e-01,-9.393799999999999928e-01,-1.019660000000000011e+00,-9.559299999999999464e-01,-1.856000000000000011e-02,-7.815999999999999337e-02,-2.889700000000000046e-01,-5.569399999999999906e-01,-8.871200000000000196e-01,-1.347839999999999927e+00,-2.246100000000000041e-01,2.157199999999999951e-01,5.087800000000000100e-01,7.126400000000000512e-01,7.544600000000000195e-01,8.384000000000000341e-01,9.301899999999999613e-01,1.010320000000000107e+00,9.478999999999999648e-01,4.719000000000000278e-02,-2.132999999999999827e-02,-1.042099999999999971e-01,-4.034300000000000108e-01,-4.877799999999999914e-01,-4.603999999999999759e-02,2.126000000000000112e-02,1.006100000000000050e-01,4.483800000000000008e-01,5.242400000000000393e-01
cmx*c/cref,2.816438195643389958e-02,1.100866102192998436e-01,3.861792735921831254e-01,6.872821613157990006e-01,9.999649613378391866e-01,1.410574952797266857e+00,1.875475076222311854e-01,-2.330527205855342787e-01,-4.791793634059434148e-01,-6.235110193586305138e-01,-6.128944348528817532e-01,-6.200419528523672952e-01,-6.204245511148660519e-01,-6.004918311721705315e-01,-4.945742969180471071e-01,-2.958296146640708099e-02,-1.159149865922197847e-01,-3.965256891231679348e-01,-7.025068859053005266e-01,-1.020686583403739300e+00,-1.441613976416999954e+00,-2.287415599860412041e-01,2.086496488263600568e-01,4.660795222789552161e-01,6.163839929471403023e-01,6.062728927744921448e-01,6.137246299085331591e-01,6.143549077067185227e-01,5.949913764096536051e-01,4.904197755574329354e-01,3.999527146163171093e-02,-1.697456020644307756e-02,-7.755841595342172212e-02,-2.795393634059434862e-01,-3.130711549057781373e-01,-3.902060390111302540e-02,1.691885372662821699e-02,7.487911168864562483e-02,3.106855210667450184e-01,3.364722256915108067e-01
cmy,-6.044000000000000067e-02,-8.555999999999999717e-02,-2.001699999999999868e-01,-2.613099999999999867e-01,-3.039399999999999880e-01,-2.996599999999999819e-01,-3.124000000000000041e-02,-1.020000000000000073e-03,1.668999999999999997e-02,2.622999999999999984e-02,2.786999999999999894e-02,3.373000000000000304e-02,4.104000000000000009e-02,4.852000000000000063e-02,4.920000000000000068e-02,-6.503000000000000447e-02,-9.185999999999999721e-02,-2.063300000000000134e-01,-2.675299999999999900e-01,-3.105299999999999727e-01,-3.065599999999999992e-01,-3.823000000000000009e-02,-3.629999999999999980e-03,1.586999999999999869e-02,2.603000000000000105e-02,2.760999999999999913e-02,3.339999999999999913e-02,4.062000000000000333e-02,4.805000000000000243e-02,4.877000000000000085e-02,5.921999999999999487e-01,5.407999999999999474e-01,7.112100000000000088e-01,1.596670000000000034e+00,1.302559999999999940e+00,5.780699999999999728e-01,5.391500000000000181e-01,6.860600000000000032e-01,1.786939999999999973e+00,1.407419999999999893e+00
cmy*c/cref,-9.633589391323513218e-02,-1.268895375234176670e-01,-2.746740048855746963e-01,-3.296083498328618577e-01,-3.497018218050911842e-01,-3.205084017191344725e-01,-3.181464019395364301e-02,-9.865688939499689045e-04,1.528925513352679538e-02,2.268712412298424033e-02,2.239591962678617182e-02,2.469099685927340568e-02,2.710534988796238151e-02,2.857409690335377742e-02,2.545485067773573321e-02,-1.036519388017485277e-01,-1.362327362891672111e-01,-2.831267793777321184e-01,-3.374540654042536558e-01,-3.572840255482495064e-01,-3.278884590236196828e-01,-3.893321685706938734e-02,-3.511024593174888724e-03,1.453807543253865867e-02,2.251413804503544711e-02,2.218698747382727779e-02,2.444943062851264934e-02,2.682795595636042890e-02,2.829730742386952005e-02,2.523237942181243490e-02,5.019114168166622925e-01,4.303723469125371182e-01,5.293188850420599278e-01,1.106343393821400900e+00,8.360202622782203496e-01,4.899357188774197680e-01,4.290592656026154250e-01,5.106009677478602349e-01,1.238182757962017266e+00,9.033224093597322923e-01
cmz,1.430000000000000064e-03,1.764999999999999902e-02,-3.099999999999999999e-04,-4.660999999999999865e-02,-1.035900000000000015e-01,-2.013600000000000112e-01,-1.405999999999999958e-02,8.099999999999999561e-03,2.078999999999999945e-02,2.987000000000000072e-02,3.964000000000000162e-02,4.528999999999999693e-02,5.324999999999999872e-02,5.976000000000000062e-02,5.954000000000000264e-02,-1.619999999999999912e-03,-1.837000000000000091e-02,6.599999999999999964e-04,4.832000000000000184e-02,1.065900000000000042e-01,2.072400000000000075e-01,1.564000000000000112e-02,-7.190000000000000210e-03,-2.012999999999999859e-02,-2.944000000000000089e-02,-3.914999999999999730e-02,-4.470999999999999974e-02,-5.256000000000000255e-02,-5.902999999999999914e-02,-5.886000000000000260e-02,6.012899999999999912e-01,5.346400000000000041e-01,4.747899999999999898e-01,1.534319999999999906e+00,1.488439999999999985e+00,-5.871300000000000407e-01,-5.328399999999999803e-01,-4.411499999999999866e-01,-1.704979999999999940e+00,-1.598009999999999931e+00
cmz*c/cref,2.279290673327700675e-03,2.617578701833008295e-02,-4.253831319105168414e-04,-5.879241202292177781e-02,-1.191867201447305291e-01,-2.153693244682804708e-01,-1.431862487602394984e-02,7.834517687249751075e-03,1.904515363846746856e-02,2.583547074165227705e-02,3.185411747419461537e-02,3.315313512471071422e-02,3.516958775667633486e-02,3.519348785953053949e-02,3.080450832017044005e-02,-2.582133490063549114e-03,-2.724358116298717519e-02,9.056544098740036469e-04,6.094935312052307541e-02,1.226384062190059576e-01,2.216584167799287020e-01,1.592768798442493333e-02,-6.954343477941446819e-03,-1.844054558645262867e-02,-2.546355067406237335e-02,-3.146036072438746639e-02,-3.272856417367666498e-02,-3.471386915475883905e-02,-3.476358079565072812e-02,-3.045269331080335817e-02,5.096155282298056033e-01,4.254701766888292491e-01,3.533630199647356807e-01,1.063140659001579502e+00,9.553233625978031496e-01,-4.976144041802887386e-01,-4.240377243507327809e-01,-3.283264101127722490e-01,-1.181392122102633557e+00,-1.025648522389156048e+00
cs,2.980000000000000010e-03,2.790000000000000119e-02,4.886999999999999678e-02,3.065999999999999975e-02,1.433000000000000072e-02,-5.013000000000000095e-02,-1.747999999999999901e-02,2.870000000000000155e-03,5.109999999999999959e-03,5.389999999999999826e-03,3.713000000000000328e-02,3.738999999999999962e-02,3.719999999999999696e-02,3.620000000000000301e-02,2.962000000000000050e-02,-3.239999999999999825e-03,-2.889999999999999861e-02,-5.022000000000000075e-02,-3.133999999999999980e-02,-1.478999999999999933e-02,5.127000000000000307e-02,1.863000000000000073e-02,-2.490000000000000026e-03,-4.959999999999999999e-03,-5.329999999999999669e-03,-3.672000000000000264e-02,-3.699999999999999817e-02,-3.681999999999999856e-02,-3.584999999999999992e-02,-2.936000000000000068e-02,1.517000000000000015e-01,1.215200000000000030e-01,9.662999999999999368e-02,2.842399999999999927e-01,2.470799999999999941e-01,-1.480899999999999994e-01,-1.207799999999999985e-01,-9.071999999999999509e-02,-3.144500000000000073e-01,-2.647100000000000009e-01
cs*c/cref,4.749850494067515971e-03,4.137702310546229056e-02,6.705959244021598986e-02,3.867357546927229633e-02,1.648755381478896054e-02,-5.361772067736839120e-02,-1.780153362965139485e-02,2.775934044741578798e-03,4.681132039084596845e-03,4.661974800719979189e-03,2.983711861293759232e-02,2.737018596407449211e-02,2.456917679903022553e-02,2.131867905814935696e-02,1.532464790801895196e-02,-5.164266980127098228e-03,-4.286007052859713146e-02,-6.891206736950372669e-02,-3.953130643206111822e-02,-1.701681234617785990e-02,5.483703449289203252e-02,1.897268715791793764e-02,-2.408388770524923835e-03,-4.543721118172133235e-03,-4.610078977335340354e-03,-2.950764867942548553e-02,-2.708469860044814340e-02,-2.431820133710465084e-02,-2.111255923300150300e-02,-1.519013040443742066e-02,1.285713642875509766e-01,9.670644895860117107e-02,7.191699197369870455e-02,1.969518098666568628e-01,1.585830106894904612e-01,-1.255117556845314619e-01,-9.611755188627262025e-02,-6.751846747235791535e-02,-2.178845222789552727e-01,-1.698984489218675065e-01
cx,-1.180000000000000059e-03,-2.000000000000000164e-05,5.711000000000000104e-02,7.631000000000000283e-02,9.012000000000000566e-02,9.050999999999999324e-02,5.299999999999999807e-04,-2.079999999999999818e-03,-3.820000000000000045e-03,-4.340000000000000108e-03,-3.690000000000000138e-03,-3.700000000000000164e-03,-3.799999999999999992e-03,-3.619999999999999954e-03,-3.089999999999999865e-03,-1.250000000000000026e-03,1.000000000000000048e-04,5.952999999999999958e-02,7.882000000000000117e-02,9.278000000000000136e-02,9.320000000000000506e-02,8.099999999999999561e-04,-1.899999999999999996e-03,-3.700000000000000164e-03,-4.279999999999999950e-03,-3.640000000000000006e-03,-3.640000000000000006e-03,-3.749999999999999861e-03,-3.569999999999999823e-03,-3.050000000000000194e-03,3.380000000000000192e-03,4.769999999999999934e-03,3.050000000000000194e-03,-3.004000000000000073e-02,-2.551000000000000142e-02,3.229999999999999798e-03,4.919999999999999894e-03,2.619999999999999933e-03,-2.908000000000000168e-02,-2.684999999999999887e-02
cx*c/cref,-1.880813282885795143e-03,-2.966094846269698264e-05,7.836655052712780678e-02,9.625507319178634724e-02,1.036886496712338679e-01,9.680709951144250702e-02,5.397490173750137121e-04,-2.011826764133269659e-03,-3.499398119237408927e-03,-3.753797891488814317e-03,-2.965229401608933824e-03,-2.708469860044814687e-03,-2.509754619255775889e-03,-2.131867905814935609e-03,-1.598688792565109915e-03,-1.992386952209528744e-03,1.483047423134849132e-04,8.168728336333247464e-02,9.942110953972742304e-02,1.067491446570914132e-01,9.968425228666934201e-02,8.248994416486058476e-04,-1.837726371083275249e-03,-3.389469382507438473e-03,-3.701902068104176349e-03,-2.925050141424530726e-03,-2.664548727179223177e-03,-2.476731532160305217e-03,-2.102422216508099267e-03,-1.577993792014105532e-03,2.864675090915769825e-03,3.795998695955625241e-03,2.269966113213091677e-03,-2.081491826764133093e-02,-1.637304760680306781e-02,2.737544539543767912e-03,3.915369724130330492e-03,1.949938103809278683e-03,-2.014972780369540459e-02,-1.723309793189582023e-02
cy,2.980000000000000010e-03,2.790000000000000119e-02,4.886999999999999678e-02,3.065999999999999975e-02,1.433000000000000072e-02,-5.013000000000000095e-02,-1.747999999999999901e-02,2.870000000000000155e-03,5.109999999999999959e-03,5.389999999999999826e-03,3.713000000000000328e-02,3.738999999999999962e-02,3.719999999999999696e-02,3.620000000000000301e-02,2.962000000000000050e-02,-3.239999999999999825e-03,-2.889999999999999861e-02,-5.022000000000000075e-02,-3.133999999999999980e-02,-1.478999999999999933e-02,5.127000000000000307e-02,1.863000000000000073e-02,-2.490000000000000026e-03,-4.959999999999999999e-03,-5.329999999999999669e-03,-3.672000000000000264e-02,-3.699999999999999817e-02,-3.681999999999999856e-02,-3.584999999999999992e-02,-2.936000000000000068e-02,1.517000000000000015e-01,1.215200000000000030e-01,9.662999999999999368e-02,2.842399999999999927e-01,2.470799999999999941e-01,-1.480899999999999994e-01,-1.207799999999999985e-01,-9.071999999999999509e-02,-3.144500000000000073e-01,-2.647100000000000009e-01
cy*c/cref,4.749850494067515971e-03,4.137702310546229056e-02,6.705959244021598986e-02,3.867357546927229633e-02,1.648755381478896054e-02,-5.361772067736839120e-02,-1.780153362965139485e-02,2.775934044741578798e-03,4.681132039084596845e-03,4.661974800719979189e-03,2.983711861293759232e-02,2.737018596407449211e-02,2.456917679903022553e-02,2.131867905814935696e-02,1.532464790801895196e-02,-5.164266980127098228e-03,-4.286007052859713146e-02,-6.891206736950372669e-02,-3.953130643206111822e-02,-1.701681234617785990e-02,5.483703449289203252e-02,1.897268715791793764e-02,-2.408388770524923835e-03,-4.543721118172133235e-03,-4.610078977335340354e-03,-2.950764867942548553e-02,-2.708469860044814340e-02,-2.431820133710465084e-02,-2.111255923300150300e-02,-1.519013040443742066e-02,1.285713642875509766e-01,9.670644895860117107e-02,7.191699197369870455e-02,1.969518098666568628e-01,1.585830106894904612e-01,-1.255117556845314619e-01,-9.611755188627262025e-02,-6.751846747235791535e-02,-2.178845222789552727e-01,-1.698984489218675065e-01
cz,1.807900000000000063e-01,2.452000000000000013e-01,4.978600000000000247e-01,6.213300000000000489e-01,6.981100000000000083e-01,6.844000000000000083e-01,5.961999999999999938e-02,-6.004999999999999921e-02,-9.997000000000000330e-02,-1.093299999999999966e-01,-9.647999999999999632e-02,-9.639000000000000346e-02,-9.526999999999999358e-02,-9.105000000000000593e-02,-7.409999999999999920e-02,1.900499999999999967e-01,2.578400000000000136e-01,5.112499999999999822e-01,6.350999999999999979e-01,7.126000000000000112e-01,6.994299999999999962e-01,7.341000000000000303e-02,-5.376999999999999835e-02,-9.722999999999999698e-02,-1.080799999999999955e-01,-9.543999999999999706e-02,-9.540999999999999481e-02,-9.432999999999999718e-02,-9.020999999999999852e-02,-7.348000000000000365e-02,-1.492900000000000060e-01,-1.223899999999999988e-01,-1.415599999999999914e-01,-3.005999999999999783e-01,-2.241100000000000037e-01,-1.456999999999999962e-01,-1.216900000000000065e-01,-1.371900000000000064e-01,-3.337399999999999811e-01,-2.413099999999999967e-01
cz*c/cref,2.881629096719685590e-01,3.636432281526649768e-01,6.831653098482901587e-01,7.837264398670240606e-01,8.032188551041397062e-01,7.320161187231384314e-01,6.071667248282701379e-02,-5.808182557028982590e-02,-9.157979842412665439e-02,-9.456283951070784677e-02,-7.752990045182381329e-02,-7.055929994857289278e-02,-6.292219015170993912e-02,-5.362060022774858825e-02,-3.833748852073613073e-02,3.029225122139367343e-01,3.823889475810894889e-01,7.015391167395217398e-01,8.010954918634975996e-01,8.198904988428900031e-01,7.480918087646474257e-01,7.476033087830143142e-02,-5.200765630165668507e-02,-8.906975893545897305e-02,-9.348167652352788737e-02,-7.669417183998823717e-02,-6.984192144510155409e-02,-6.230135611431509429e-02,-5.312591264739374014e-02,-3.801671601219556301e-02,-1.265288000955074876e-01,-9.739880092201445849e-02,-1.053561977004738442e-01,-2.082877640230687000e-01,-1.438402077287587455e-01,-1.234861422326708896e-01,-9.684173612386584584e-02,-1.021038200235095256e-01,-2.312506931638687591e-01,-1.548796596627851074e-01
Results_Name,VSPAERO_Comp_Load
Results_Timestamp,1759254118
Results_Date,9,30,2025
Results_Time,13,41,58
AoA,-3.000000000000000000e+00,-3.000000000000000000e+00,-3.000000000000000000e+00,-3.000000000000000000e+00,-3.000000000000000000e+00,-3.000000000000000000e+00,-3.000000000000000000e+00,-3.000000000000000000e+00,-3.000000000000000000e+00
Beta,0.000000000000000000e+00,0.000000000000000000e+00,0.000000000000000000e+00,0.000000000000000000e+00,0.000000000000000000e+00,0.000000000000000000e+00,0.000000000000000000e+00,0.000000000000000000e+00,0.000000000000000000e+00
CDi,0.000000000000000000e+00,6.850000000000000186e-03,7.069999999999999896e-03,1.499999999999999869e-04,1.700000000000000122e-04,0.000000000000000000e+00,0.000000000000000000e+00,0.000000000000000000e+00,0.000000000000000000e+00
CFx,0.000000000000000000e+00,1.227999999999999925e-02,1.273999999999999959e-02,-5.800000000000000034e-04,-5.999999999999999474e-04,0.000000000000000000e+00,0.000000000000000000e+00,0.000000000000000000e+00,0.000000000000000000e+00
CFy,0.000000000000000000e+00,6.300000000000000261e-04,-5.500000000000000331e-04,1.339000000000000086e-02,-1.388999999999999957e-02,0.000000000000000000e+00,0.000000000000000000e+00,0.000000000000000000e+00,0.000000000000000000e+00
CFz,0.000000000000000000e+00,1.033799999999999997e-01,1.080600000000000033e-01,-1.396999999999999978e-02,-1.452999999999999951e-02,0.000000000000000000e+00,0.000000000000000000e+00,0.000000000000000000e+00,0.000000000000000000e+00
CL,0.000000000000000000e+00,1.038800000000000001e-01,1.085799999999999960e-01,-1.397999999999999937e-02,-1.454000000000000084e-02,0.000000000000000000e+00,0.000000000000000000e+00,0.000000000000000000e+00,0.000000000000000000e+00
Cmx,0.000000000000000000e+00,6.689999999999999766e-03,-7.420000000000000380e-03,-6.800000000000000488e-04,7.399999999999999894e-04,-6.000000000000000152e-05,6.000000000000000152e-05,-0.000000000000000000e+00,-0.000000000000000000e+00
Cmy,0.000000000000000000e+00,-5.836999999999999827e-02,-6.090999999999999887e-02,5.054999999999999771e-02,5.281000000000000277e-02,-1.324999999999999963e-02,-1.318000000000000074e-02,-0.000000000000000000e+00,1.000000000000000082e-05
Cmz,0.000000000000000000e+00,-1.270000000000000078e-03,1.330000000000000019e-03,3.759999999999999887e-03,-3.910000000000000281e-03,-6.000000000000000152e-05,6.000000000000000152e-05,-3.000000000000000076e-05,-4.000000000000000327e-05
Comp_ID,0,1,2,3,4,5,6,7,8
Comp_Name,NONE,main_wing,main_wing,horizontal_tail,horizontal_tail,fuselage,fuselage,fuselage,fuselage
Cs,0.000000000000000000e+00,6.300000000000000261e-04,-5.500000000000000331e-04,1.339000000000000086e-02,-1.388999999999999957e-02,0.000000000000000000e+00,0.000000000000000000e+00,0.000000000000000000e+00,0.000000000000000000e+00
Mach,1.499999999999999944e-01,1.499999999999999944e-01,1.499999999999999944e-01,1.499999999999999944e-01,1.499999999999999944e-01,1.499999999999999944e-01,1.499999999999999944e-01,1.499999999999999944e-01,1.499999999999999944e-01
Results_Name,VSPAERO_Load
Results_Timestamp,1759254118
Results_Date,9,30,2025
Results_Time,13,41,58
AnalysisMethod,0
Chord,1.735640000000000072e+00,1.614919999999999911e+00,1.494220000000000104e+00,1.373529999999999918e+00,1.252869999999999928e+00,1.164679999999999938e+00,1.108950000000000102e+00,1.053230000000000111e+00,9.975300000000000278e-01,9.418400000000000105e-01,8.750400000000000400e-01,7.971099999999999852e-01,7.191899999999999959e-01,6.412799999999999612e-01,5.633799999999999919e-01,1.735640000000000072e+00,1.614919999999999911e+00,1.494220000000000104e+00,1.373529999999999918e+00,1.252869999999999928e+00,1.164679999999999938e+00,1.108950000000000102e+00,1.053230000000000111e+00,9.975300000000000278e-01,9.418400000000000105e-01,8.750400000000000400e-01,7.971099999999999852e-01,7.191899999999999959e-01,6.412799999999999612e-01,5.633799999999999919e-01,9.229000000000000536e-01,8.665699999999999514e-01,8.104299999999999837e-01,7.545199999999999685e-01,6.988999999999999657e-01,9.229000000000000536e-01,8.665699999999999514e-01,8.104299999999999837e-01,7.545199999999999685e-01,6.988999999999999657e-01
FC_AoA_,-2.000000000000000000e+00
FC_Beta_,0.000000000000000000e+00
FC_Bref_,1.417173599999999922e+01
FC_Cref_,1.088920000000000110e+00
FC_Mach_,1.499999999999999944e-01
FC_Pitch_Rate,0.000000000000000000e+00
FC_Rho_,2.377000000000000206e-03
FC_Roll__Rate,0.000000000000000000e+00
FC_Sref_,1.619368700000000061e+01
FC_Vinf_,5.100000000000000000e+01
FC_Xcg_,1.774861999999999940e+00
FC_Yaw___Rate,0.000000000000000000e+00
FC_Ycg_,0.000000000000000000e+00
FC_Zcg_,7.545150000000000468e-01
S,3.314000000000000279e-02,8.981999999999999706e-02,1.368900000000000117e-01,1.839600000000000124e-01,2.310300000000000131e-01,2.997400000000000064e-01,4.117600000000000149e-01,5.454599999999999449e-01,6.791599999999999859e-01,8.128699999999999815e-01,9.157600000000000184e-01,9.578299999999999592e-01,9.698799999999999644e-01,9.819299999999999695e-01,9.939799999999999747e-01,3.314000000000000279e-02,8.981999999999999706e-02,1.368900000000000117e-01,1.839600000000000124e-01,2.310300000000000131e-01,2.997400000000000064e-01,4.117600000000000149e-01,5.454599999999999449e-01,6.791599999999999859e-01,8.128699999999999815e-01,9.157600000000000184e-01,9.578299999999999592e-01,9.698799999999999644e-01,9.819299999999999695e-01,9.939799999999999747e-01,1.020299999999999957e-01,3.035599999999999965e-01,5.025399999999999867e-01,7.015200000000000324e-01,9.005100000000000326e-01,1.020299999999999957e-01,3.035599999999999965e-01,5.025399999999999867e-01,7.015200000000000324e-01,9.005100000000000326e-01
V/Vref,1.005649999999999933e+00,1.006059999999999954e+00,1.004280000000000062e+00,1.003919999999999924e+00,1.005360000000000031e+00,1.003649999999999931e+00,1.001789999999999958e+00,9.996899999999999675e-01,9.998700000000000365e-01,1.000119999999999898e+00,9.998799999999999910e-01,9.998399999999999510e-01,9.998700000000000365e-01,9.999099999999999655e-01,9.998299999999999965e-01,1.005249999999999977e+00,1.005819999999999936e+00,1.004420000000000091e+00,1.004099999999999993e+00,1.005579999999999918e+00,1.003800000000000026e+00,1.001789999999999958e+00,9.996500000000000385e-01,9.998200000000000420e-01,1.000059999999999949e+00,9.997899999999999565e-01,9.997599999999999820e-01,9.997899999999999565e-01,9.998399999999999510e-01,9.997599999999999820e-01,9.884899999999999798e-01,1.000089999999999923e+00,1.037970000000000059e+00,9.901100000000000456e-01,9.949099999999999611e-01,9.895300000000000207e-01,1.000529999999999919e+00,1.037409999999999943e+00,9.867299999999999960e-01,9.928500000000000103e-01
WingId,1,1,1,1,1,1,1,1,1,1,1,1,1,1,1,2,2,2,2,2,2,2,2,2,2,2,2,2,2,2,3,3,3,3,3,4,4,4,4,4
Xavg,2.391169999999999796e+00,2.380489999999999995e+00,2.369810000000000194e+00,2.359129999999999949e+00,2.348450000000000149e+00,2.336259999999999781e+00,2.322589999999999932e+00,2.308860000000000134e+00,2.295059999999999878e+00,2.281190000000000051e+00,2.284749999999999837e+00,2.305000000000000160e+00,2.325239999999999974e+00,2.345470000000000166e+00,2.365699999999999914e+00,2.391169999999999796e+00,2.380489999999999995e+00,2.369810000000000194e+00,2.359129999999999949e+00,2.348450000000000149e+00,2.336259999999999781e+00,2.322589999999999932e+00,2.308860000000000134e+00,2.295059999999999878e+00,2.281190000000000051e+00,2.284749999999999837e+00,2.305000000000000160e+00,2.325239999999999974e+00,2.345470000000000166e+00,2.365699999999999914e+00,5.722059999999999924e+00,5.820210000000000328e+00,5.918350000000000222e+00,6.016490000000000116e+00,6.114630000000000010e+00,5.722059999999999924e+00,5.820210000000000328e+00,5.918350000000000222e+00,6.016490000000000116e+00,6.114630000000000010e+00
Yavg,1.718899999999999872e-01,5.195499999999999563e-01,8.671900000000000164e-01,1.214790000000000036e+00,1.562359999999999971e+00,2.229140000000000121e+00,3.217070000000000096e+00,4.204979999999999940e+00,5.192870000000000097e+00,6.180740000000000123e+00,6.716649999999999565e+00,6.791660000000000252e+00,6.866660000000000430e+00,6.941650000000000098e+00,7.016610000000000014e+00,-1.718899999999999872e-01,-5.195499999999999563e-01,-8.671900000000000164e-01,-1.214790000000000036e+00,-1.562359999999999971e+00,-2.229140000000000121e+00,-3.217070000000000096e+00,-4.204979999999999940e+00,-5.192870000000000097e+00,-6.180740000000000123e+00,-6.716649999999999565e+00,-6.791660000000000252e+00,-6.866660000000000430e+00,-6.941650000000000098e+00,-7.016610000000000014e+00,1.078800000000000037e-01,3.257399999999999740e-01,5.435900000000000176e-01,7.614400000000000057e-01,9.792699999999999738e-01,-1.078800000000000037e-01,-3.257399999999999740e-01,-5.435900000000000176e-01,-7.614400000000000057e-01,-9.792699999999999738e-01
Zavg,1.027309999999999945e+00,1.024350000000000094e+00,1.021379999999999955e+00,1.018420000000000103e+00,1.015449999999999964e+00,1.037979999999999903e+00,1.086500000000000021e+00,1.135019999999999918e+00,1.183540000000000036e+00,1.232069999999999999e+00,1.270329999999999959e+00,1.298289999999999944e+00,1.326240000000000085e+00,1.354190000000000005e+00,1.382130000000000081e+00,1.027309999999999945e+00,1.024350000000000094e+00,1.021379999999999955e+00,1.018420000000000103e+00,1.015449999999999964e+00,1.037979999999999903e+00,1.086500000000000021e+00,1.135019999999999918e+00,1.183540000000000036e+00,1.232069999999999999e+00,1.270329999999999959e+00,1.298289999999999944e+00,1.326240000000000085e+00,1.354190000000000005e+00,1.382130000000000081e+00,3.777900000000000147e-01,5.956799999999999873e-01,8.135799999999999699e-01,1.031470000000000109e+00,1.249349999999999961e+00,3.777900000000000147e-01,5.956799999999999873e-01,8.135799999999999699e-01,1.031470000000000109e+00,1.249349999999999961e+00
cd,-1.256999999999999958e-02,-1.410999999999999928e-02,3.602999999999999953e-02,5.007000000000000339e-02,6.035000000000000087e-02,6.117000000000000215e-02,-5.250000000000000326e-03,-9.300000000000000541e-04,4.000000000000000327e-05,2.300000000000000070e-04,2.500000000000000052e-04,3.299999999999999982e-04,3.800000000000000209e-04,4.200000000000000174e-04,3.800000000000000209e-04,-1.289000000000000042e-02,-1.427999999999999929e-02,3.792000000000000232e-02,5.163999999999999840e-02,6.167000000000000259e-02,6.252000000000000612e-02,-5.429999999999999931e-03,-9.499999999999999981e-04,6.999999999999999387e-05,2.599999999999999772e-04,2.700000000000000035e-04,3.499999999999999964e-04,4.000000000000000192e-04,4.400000000000000157e-04,3.800000000000000209e-04,7.049999999999999843e-03,7.749999999999999944e-03,9.490000000000000172e-03,-1.899999999999999953e-02,-1.387000000000000038e-02,8.380000000000000296e-03,9.629999999999999671e-03,1.839999999999999969e-02,-2.011999999999999900e-02,-1.478999999999999933e-02
cd*c/cref,-2.003544319141901953e-02,-2.092579914043271594e-02,4.944049755721265094e-02,6.315674898064135845e-02,6.943641819417402383e-02,6.542581236454467208e-02,-5.346570455129853218e-03,-8.995186974249715908e-04,3.664291224332365883e-05,1.989339896411122918e-04,2.008963009220144616e-04,2.415662307607537376e-04,2.509754619255776106e-04,2.473437901774234592e-04,1.966025052345442910e-04,-2.054549425118466083e-02,-2.117791720236564257e-02,5.203396245821548249e-02,6.513709840943318619e-02,7.095516006685521904e-02,6.686973661977003991e-02,-5.529881442162877005e-03,-9.188631855416376244e-04,6.412509642581638771e-05,2.248819013334312487e-04,2.169680049957756305e-04,2.562066083826175923e-04,2.641846967637659230e-04,2.591220659001579199e-04,1.966025052345442910e-04,5.975135914484075612e-03,6.167503122359768546e-03,7.062943742423685375e-03,-1.316522793226315886e-02,-8.902162693310801053e-03,7.102360136649156670e-03,7.663620008816074067e-03,1.369422179774455219e-02,-1.394128347353340742e-02,-9.492645006061048440e-03
cl,2.589299999999999935e-01,3.273300000000000098e-01,5.864099999999999868e-01,7.157999999999999918e-01,7.983299999999999841e-01,7.867699999999999694e-01,1.599500000000000088e-01,3.853999999999999787e-02,-5.749999999999999903e-03,-2.556999999999999898e-02,-2.600999999999999840e-02,-2.869000000000000022e-02,-3.111999999999999836e-02,-3.237000000000000294e-02,-2.878999999999999962e-02,2.647499999999999853e-01,3.370099999999999763e-01,5.968900000000000317e-01,7.256599999999999717e-01,8.076900000000000190e-01,7.963999999999999968e-01,1.683199999999999974e-01,3.907999999999999668e-02,-8.049999999999999864e-03,-2.753999999999999851e-02,-2.748000000000000095e-02,-2.986000000000000112e-02,-3.196000000000000230e-02,-3.302000000000000074e-02,-2.923999999999999863e-02,-1.194100000000000023e-01,-1.068500000000000005e-01,-1.904500000000000082e-01,-2.754699999999999926e-01,-2.074499999999999955e-01,-1.296200000000000130e-01,-1.105099999999999971e-01,-1.685699999999999976e-01,-2.644000000000000239e-01,-2.074199999999999933e-01
cl*c/cref,4.127110028284906029e-01,4.854459130147301127e-01,8.046739431730521863e-01,9.028879752415235327e-01,9.185281812254341149e-01,8.415083602101162130e-01,1.628921798662895382e-01,3.727682860081548560e-02,-5.267418634977775495e-03,-2.211627006575321921e-02,-2.090125114792638211e-02,-2.100162169856371192e-02,-2.055356940822098549e-02,-1.906313925724571062e-02,-1.489522664658560376e-02,4.219875564779781429e-01,4.998018120706754219e-01,8.190546374389303663e-01,9.153250742019612973e-01,9.292974417771735496e-01,8.518083532307239025e-01,1.714161407633251200e-01,3.779912977996546797e-02,-7.374386088968885346e-03,-2.382018293354883423e-02,-2.208252139734782904e-02,-2.185808378944274766e-02,-2.110835727142489765e-02,-1.944593321823457829e-02,-1.512804540278440621e-02,-1.012043942622047471e-01,-8.503196240311500231e-02,-1.417426381185027395e-01,-1.908750178158174771e-01,-1.331473432391727385e-01,-1.098577471255923338e-01,-8.794461549057780436e-02,-1.254584221981412673e-01,-1.832045402784410193e-01,-1.331280883811482574e-01
cmx,2.543000000000000121e-02,1.008000000000000007e-01,3.320199999999999818e-01,6.267000000000000348e-01,9.910499999999999865e-01,1.511269999999999891e+00,4.773999999999999910e-01,1.549200000000000021e-01,-3.011000000000000135e-02,-1.685599999999999876e-01,-2.054400000000000115e-01,-2.518000000000000238e-01,-3.064399999999999902e-01,-3.618600000000000150e-01,-3.706900000000000195e-01,-2.597000000000000003e-02,-1.037600000000000050e-01,-3.378599999999999937e-01,-6.353199999999999958e-01,-1.002639999999999976e+00,-1.529789999999999983e+00,-5.019700000000000273e-01,-1.571200000000000097e-01,4.211000000000000160e-02,1.815299999999999969e-01,2.170499999999999929e-01,2.621200000000000196e-01,3.146599999999999953e-01,3.691099999999999937e-01,3.764799999999999813e-01,3.722000000000000308e-02,-1.822000000000000008e-02,-1.404799999999999938e-01,-3.725800000000000223e-01,-4.500299999999999856e-01,-3.980999999999999817e-02,1.897000000000000075e-02,1.232599999999999946e-01,3.578299999999999814e-01,4.501999999999999891e-01
cmx*c/cref,4.053312015575065430e-02,1.494911802519927613e-01,4.555990563126767756e-01,7.904999917349299077e-01,1.140264494636887616e+00,1.616414377181059736e+00,4.861814733864746607e-01,1.498424049516952627e-01,-2.758295219116188232e-02,-1.457926664952429729e-01,-1.650885442456746233e-01,-1.843223542592660469e-01,-2.023918961907210379e-01,-2.131043426514344086e-01,-1.917857438562979577e-01,-4.139383131910516489e-02,-1.538810006244719364e-01,-4.636127256364103721e-01,-8.013729930573409987e-01,-1.153599508503838411e+00,-1.636222878815706938e+00,-5.112034231164823694e-01,-1.519702986445285453e-01,3.857582586415898157e-02,1.570108136502222085e-01,1.744181684604929616e-01,1.918767891121478109e-01,2.078208917092164432e-01,2.173739676009256439e-01,1.947813451860558598e-01,3.154532748043933216e-02,-1.449960088895419115e-02,-1.045524064210410220e-01,-2.581631906843477875e-01,-2.888421252249934734e-01,-3.374044833412922356e-02,1.509645602982771784e-02,9.173640102119530459e-02,2.479428163685118980e-01,2.889512360871321350e-01
cmy,-6.862999999999999656e-02,-9.540999999999999481e-02,-2.111800000000000066e-01,-2.755600000000000271e-01,-3.220899999999999874e-01,-3.209500000000000131e-01,-5.380999999999999672e-02,-2.342999999999999944e-02,-5.179999999999999709e-03,6.349999999999999742e-03,7.620000000000000037e-03,9.730000000000000801e-03,1.293000000000000052e-02,1.665000000000000160e-02,1.880000000000000074e-02,-7.245000000000000051e-02,-1.009599999999999942e-01,-2.163499999999999868e-01,-2.801000000000000156e-01,-3.261899999999999800e-01,-3.252599999999999936e-01,-5.816999999999999948e-02,-2.319999999999999840e-02,-3.540000000000000178e-03,7.640000000000000090e-03,8.619999999999999191e-03,1.055999999999999994e-02,1.350999999999999944e-02,1.712999999999999939e-02,1.916999999999999954e-02,4.850400000000000267e-01,4.922599999999999754e-01,9.706799999999999873e-01,1.469559999999999977e+00,1.213000000000000078e+00,5.258899999999999686e-01,4.978699999999999792e-01,8.465799999999999992e-01,1.394810000000000105e+00,1.205729999999999968e+00
cmy*c/cref,-1.093900132241119594e-01,-1.414975546412959306e-01,-2.897819670866547126e-01,-3.475828589795393331e-01,-3.705845225544575072e-01,-3.432796220107996454e-01,-5.479980117914997478e-02,-2.266206782867428299e-02,-4.745257135510412907e-03,5.492307974874186677e-03,6.123319252103001133e-03,7.122543713036769662e-03,8.539770322888733459e-03,9.805414539176431077e-03,9.726650258972190793e-03,-1.154787477500642812e-01,-1.497284678396943458e-01,-2.968762599640010214e-01,-3.533094745252176039e-01,-3.753018268559672466e-01,-3.478894838922969024e-01,-5.924000064283876932e-02,-2.243960621533262062e-02,-3.242897733534143810e-03,6.608068177643903855e-03,6.926904455791057895e-03,7.730119384344119604e-03,8.922838133196192567e-03,1.008809315652205683e-02,9.918079014068983609e-03,4.110893509165044479e-01,3.917438821952025085e-01,7.224297399257979535e-01,1.018268018954560317e+00,7.785380927891855096e-01,4.457112377401461489e-01,3.962083586489364984e-01,6.300681679094882748e-01,9.664732406421040478e-01,7.738719988612567935e-01
cmz,1.729999999999999984e-03,1.835000000000000173e-02,-2.599999999999999772e-04,-4.610000000000000209e-02,-1.017399999999999971e-01,-1.989599999999999980e-01,-1.451999999999999992e-02,-3.020000000000000115e-03,5.800000000000000034e-04,4.640000000000000027e-03,8.059999999999999457e-03,9.520000000000000684e-03,1.178000000000000054e-02,1.421000000000000041e-02,1.524999999999999967e-02,-1.930000000000000075e-03,-1.908999999999999933e-02,6.099999999999999737e-04,4.755000000000000199e-02,1.037099999999999966e-01,2.026999999999999913e-01,1.536000000000000039e-02,3.030000000000000141e-03,-8.999999999999999754e-04,-4.980000000000000052e-03,-8.680000000000000215e-03,-1.001999999999999939e-02,-1.214999999999999934e-02,-1.451999999999999992e-02,-1.549000000000000030e-02,4.952400000000000135e-01,5.395600000000000396e-01,8.254099999999999770e-01,1.439149999999999929e+00,1.377629999999999910e+00,-5.294299999999999562e-01,-5.238199999999999523e-01,-6.664499999999999869e-01,-1.377399999999999958e+00,-1.375520000000000076e+00
cmz*c/cref,2.757463541857987661e-03,2.721392021452448060e-02,-3.567729493443044407e-04,-5.814911380083016834e-02,-1.170581803989273473e-01,-2.128023480145464774e-01,-1.478708628733056522e-02,-2.921017705616574429e-03,5.313222275281929887e-04,4.013277008412004590e-03,6.476896741725746143e-03,6.968819748007198944e-03,7.780239319692906254e-03,8.368464901002826972e-03,7.889968960070527226e-03,-3.076245454211512173e-03,-2.831137530764426397e-02,8.370442273077911919e-04,5.997809894207103282e-02,1.193247875877015418e-01,2.168025529882819102e-01,1.564253756015134347e-02,2.930689949674907500e-03,-8.244655254747822052e-04,-4.307353340924953075e-03,-6.975119568012342133e-03,-7.334829188553795148e-03,-8.024610164199388190e-03,-8.551028174705210816e-03,-8.014138963376554389e-03,4.197342284098005138e-01,4.293855464129596178e-01,6.143123703302353356e-01,9.971967251956065370e-01,8.842023353414389941e-01,-4.487115187525253512e-01,-4.168595465231604846e-01,-4.960062020166770003e-01,-9.544097344157512763e-01,-8.828480769937183670e-01
cs,3.559999999999999797e-03,2.816000000000000100e-02,4.895000000000000046e-02,3.047000000000000056e-02,1.444999999999999930e-02,-5.537000000000000255e-02,-2.242999999999999855e-02,-2.089999999999999844e-03,3.299999999999999982e-04,1.280000000000000105e-03,9.769999999999999171e-03,1.074999999999999914e-02,1.166999999999999982e-02,1.221999999999999996e-02,1.086999999999999945e-02,-3.810000000000000019e-03,-2.920999999999999985e-02,-5.020000000000000157e-02,-3.082999999999999977e-02,-1.461999999999999932e-02,5.616000000000000159e-02,2.317999999999999922e-02,2.150000000000000001e-03,-4.499999999999999877e-04,-1.379999999999999933e-03,-1.033000000000000064e-02,-1.119999999999999989e-02,-1.197999999999999933e-02,-1.246000000000000059e-02,-1.103999999999999947e-02,1.221899999999999931e-01,1.170699999999999935e-01,1.620699999999999918e-01,2.626499999999999946e-01,2.274899999999999978e-01,-1.308199999999999918e-01,-1.163799999999999973e-01,-1.350899999999999879e-01,-2.540399999999999880e-01,-2.280699999999999950e-01
cs*c/cref,5.674318039892736927e-03,4.176261543547734462e-02,6.716936873232193239e-02,3.843391534731659814e-02,1.662562125775997671e-02,-5.922228593468756991e-02,-2.284258577305954205e-02,-2.021499008191602730e-03,3.023040260074201600e-04,1.107110898872277083e-03,7.851027440032324820e-03,7.869202971751825329e-03,7.707588528082870427e-03,7.196526466590749509e-03,5.623866399735516323e-03,-6.072795430334643543e-03,-4.331981522976893761e-02,-6.888462329647725146e-02,-3.888800820996950180e-02,-1.682121680196891830e-02,6.006724901737500733e-02,2.360638155236380667e-02,2.079532472541600722e-03,-4.122327627373911026e-04,-1.193603937846673697e-03,-8.301035154097637439e-03,-8.198611468243762954e-03,-7.912331668074788077e-03,-7.337865775263563255e-03,-5.711820152077285925e-03,1.035605471476325062e-01,9.316510845608491631e-02,1.206207894978510581e-01,1.819919534952062490e-01,1.460095883995150834e-01,-1.108747915365683318e-01,-9.261600172648126739e-02,-1.005408925357234445e-01,-1.760260265216911924e-01,-1.463818489879880613e-01
cx,-3.530000000000000152e-03,-2.680000000000000090e-03,5.646999999999999936e-02,7.502000000000000335e-02,8.817999999999999450e-02,8.859000000000000208e-02,3.400000000000000244e-04,4.200000000000000174e-04,-1.600000000000000131e-04,-6.599999999999999964e-04,-6.599999999999999964e-04,-6.700000000000000226e-04,-6.999999999999999929e-04,-7.100000000000000191e-04,-6.300000000000000261e-04,-3.640000000000000006e-03,-2.510000000000000078e-03,5.872999999999999748e-02,7.692999999999999838e-02,8.981999999999999706e-02,9.027999999999999914e-02,4.499999999999999877e-04,4.200000000000000174e-04,-2.100000000000000087e-04,-6.999999999999999929e-04,-6.899999999999999667e-04,-6.899999999999999667e-04,-7.200000000000000453e-04,-7.200000000000000453e-04,-6.400000000000000524e-04,2.870000000000000155e-03,4.020000000000000136e-03,2.830000000000000050e-03,-2.860000000000000042e-02,-2.110000000000000070e-02,3.850000000000000124e-03,5.769999999999999955e-03,1.251000000000000029e-02,-2.932999999999999843e-02,-2.202000000000000138e-02
cx*c/cref,-5.626500753039709139e-03,-3.974567094001395240e-03,7.748834019028028042e-02,9.462790710061343147e-02,1.014565593432024126e-01,9.475351834845532895e-02,3.462540866179333616e-04,4.062342504499871386e-04,-1.465716489732946353e-04,-5.708540572310178644e-04,-5.303662344341181657e-04,-4.904526503324394297e-04,-4.623232193365903382e-04,-4.181287881570730047e-04,-3.259462586783234170e-04,-5.801830804834147252e-03,-3.722449032068470779e-03,8.058952044227307709e-02,9.703712201079967015e-02,1.033434810638063084e-01,9.656109760129300001e-02,4.582774675825588163e-04,4.062342504499871386e-04,-1.923752892774491902e-04,-6.054512728207765097e-04,-5.544737905447598512e-04,-5.050930279543032302e-04,-4.755324541747786506e-04,-4.240179260184402622e-04,-3.311200088160746210e-04,2.432431216250964274e-03,3.199143555082099421e-03,2.106230852587885009e-03,-1.981713257172243794e-02,-1.354258347720677103e-02,3.263017485214708257e-03,4.591805550453660102e-03,9.310582320096976242e-03,-2.032295448701465501e-02,-1.413306578995702015e-02
cy,3.559999999999999797e-03,2.816000000000000100e-02,4.895000000000000046e-02,3.047000000000000056e-02,1.444999999999999930e-02,-5.537000000000000255e-02,-2.242999999999999855e-02,-2.089999999999999844e-03,3.299999999999999982e-04,1.280000000000000105e-03,9.769999999999999171e-03,1.074999999999999914e-02,1.166999999999999982e-02,1.221999999999999996e-02,1.086999999999999945e-02,-3.810000000000000019e-03,-2.920999999999999985e-02,-5.020000000000000157e-02,-3.082999999999999977e-02,-1.461999999999999932e-02,5.616000000000000159e-02,2.317999999999999922e-02,2.150000000000000001e-03,-4.499999999999999877e-04,-1.379999999999999933e-03,-1.033000000000000064e-02,-1.119999999999999989e-02,-1.197999999999999933e-02,-1.246000000000000059e-02,-1.103999999999999947e-02,1.221899999999999931e-01,1.170699999999999935e-01,1.620699999999999918e-01,2.626499999999999946e-01,2.274899999999999978e-01,-1.308199999999999918e-01,-1.163799999999999973e-01,-1.350899999999999879e-01,-2.540399999999999880e-01,-2.280699999999999950e-01
cy*c/cref,5.674318039892736927e-03,4.176261543547734462e-02,6.716936873232193239e-02,3.843391534731659814e-02,1.662562125775997671e-02,-5.922228593468756991e-02,-2.284258577305954205e-02,-2.021499008191602730e-03,3.023040260074201600e-04,1.107110898872277083e-03,7.851027440032324820e-03,7.869202971751825329e-03,7.707588528082870427e-03,7.196526466590749509e-03,5.623866399735516323e-03,-6.072795430334643543e-03,-4.331981522976893761e-02,-6.888462329647725146e-02,-3.888800820996950180e-02,-1.682121680196891830e-02,6.006724901737500733e-02,2.360638155236380667e-02,2.079532472541600722e-03,-4.122327627373911026e-04,-1.193603937846673697e-03,-8.301035154097637439e-03,-8.198611468243762954e-03,-7.912331668074788077e-03,-7.337865775263563255e-03,-5.711820152077285925e-03,1.035605471476325062e-01,9.316510845608491631e-02,1.206207894978510581e-01,1.819919534952062490e-01,1.460095883995150834e-01,-1.108747915365683318e-01,-9.261600172648126739e-02,-1.005408925357234445e-01,-1.760260265216911924e-01,-1.463818489879880613e-01
cz,2.592099999999999960e-01,3.276299999999999768e-01,5.847999999999999865e-01,7.136099999999999666e-01,7.957400000000000029e-01,7.841500000000000137e-01,1.600399999999999878e-01,3.855000000000000093e-02,-5.749999999999999903e-03,-2.556999999999999898e-02,-2.600999999999999840e-02,-2.868000000000000063e-02,-3.111999999999999836e-02,-3.237000000000000294e-02,-2.878999999999999962e-02,2.650399999999999978e-01,3.373099999999999987e-01,5.951999999999999513e-01,7.234099999999999975e-01,8.050399999999999778e-01,7.937300000000000466e-01,1.684100000000000041e-01,3.908999999999999975e-02,-8.049999999999999864e-03,-2.752999999999999892e-02,-2.748000000000000095e-02,-2.986000000000000112e-02,-3.194999999999999923e-02,-3.300999999999999768e-02,-2.923999999999999863e-02,-1.195800000000000057e-01,-1.070500000000000063e-01,-1.906599999999999961e-01,-2.746399999999999952e-01,-2.068399999999999961e-01,-1.298300000000000010e-01,-1.107800000000000035e-01,-1.691100000000000103e-01,-2.635399999999999965e-01,-2.067799999999999916e-01
cz*c/cref,4.131572975057855035e-01,4.858908272416705421e-01,8.024646952944202161e-01,9.001255769937183127e-01,9.155482255813096604e-01,8.387060775814567659e-01,1.629838353598060119e-01,3.728650084487382388e-02,-5.267418634977775495e-03,-2.211627006575321921e-02,-2.090125114792638211e-02,-2.099430150975277812e-02,-2.055356940822098549e-02,-1.906313925724571062e-02,-1.489522664658560376e-02,4.224497902508907443e-01,5.002467262976159068e-01,8.167356132681923286e-01,9.124869938103807865e-01,9.262484524115635054e-01,8.489525919259448550e-01,1.715077962568416492e-01,3.780880202402380624e-02,-7.374386088968885346e-03,-2.381153362965139283e-02,-2.208252139734782904e-02,-2.185808378944274766e-02,-2.110175265400580230e-02,-1.944004408037320816e-02,-1.512804540278440621e-02,-1.013484755537596843e-01,-8.519112377401462377e-02,-1.418989308672813365e-01,-1.902999052271975855e-01,-1.327558277926752794e-01,-1.100357298975131320e-01,-8.815948334129228292e-02,-1.258603178378576992e-01,-1.826086404878227709e-01,-1.327173180766263449e-01
Results_Name,VSPAERO_Comp_Load
Results_Timestamp,1759254118
Results_Date,9,30,2025
Results_Time,13,41,58
AoA,-2.000000000000000000e+00,-2.000000000000000000e+00,-2.000000000000000000e+00,-2.000000000000000000e+00,-2.000000000000000000e+00,-2.000000000000000000e+00,-2.000000000000000000e+00,-2.000000000000000000e+00,-2.000000000000000000e+00
Beta,0.000000000000000000e+00,0.000000000000000000e+00,0.000000000000000000e+00,0.000000000000000000e+00,0.000000000000000000e+00,0.000000000000000000e+00,0.000000000000000000e+00,0.000000000000000000e+00,0.000000000000000000e+00
CDi,0.000000000000000000e+00,7.270000000000000420e-03,7.479999999999999670e-03,-6.000000000000000152e-05,1.000000000000000048e-04,0.000000000000000000e+00,0.000000000000000000e+00,0.000000000000000000e+00,0.000000000000000000e+00
CFx,0.000000000000000000e+00,1.248999999999999937e-02,1.277999999999999969e-02,-5.299999999999999807e-04,-3.600000000000000227e-04,0.000000000000000000e+00,0.000000000000000000e+00,0.000000000000000000e+00,0.000000000000000000e+00
CFy,0.000000000000000000e+00,-1.340000000000000045e-03,1.330000000000000019e-03,1.323000000000000044e-02,-1.285000000000000031e-02,0.000000000000000000e+00,0.000000000000000000e+00,0.000000000000000000e+00,0.000000000000000000e+00
CFz,0.000000000000000000e+00,1.492700000000000138e-01,1.517100000000000115e-01,-1.336000000000000035e-02,-1.311000000000000013e-02,0.000000000000000000e+00,0.000000000000000000e+00,0.000000000000000000e+00,0.000000000000000000e+00
CL,0.000000000000000000e+00,1.496099999999999930e-01,1.520700000000000107e-01,-1.336999999999999994e-02,-1.311000000000000013e-02,0.000000000000000000e+00,0.000000000000000000e+00,0.000000000000000000e+00,0.000000000000000000e+00
Cmx,0.000000000000000000e+00,1.688999999999999876e-02,-1.711000000000000021e-02,-6.800000000000000488e-04,6.499999999999999702e-04,-6.000000000000000152e-05,6.000000000000000152e-05,-0.000000000000000000e+00,-0.000000000000000000e+00
Cmy,0.000000000000000000e+00,-6.804000000000000326e-02,-6.952999999999999459e-02,4.927999999999999742e-02,4.775000000000000078e-02,-1.009999999999999960e-02,-1.017000000000000022e-02,-0.000000000000000000e+00,2.000000000000000164e-05
Cmz,0.000000000000000000e+00,-1.520000000000000084e-03,1.549999999999999946e-03,3.799999999999999992e-03,-3.640000000000000006e-03,-6.999999999999999387e-05,6.000000000000000152e-05,-2.000000000000000164e-05,-1.000000000000000082e-05
Comp_ID,0,1,2,3,4,5,6,7,8
Comp_Name,NONE,main_wing,main_wing,horizontal_tail,horizontal_tail,fuselage,fuselage,fuselage,fuselage
Cs,0.000000000000000000e+00,-1.340000000000000045e-03,1.330000000000000019e-03,1.323000000000000044e-02,-1.285000000000000031e-02,0.000000000000000000e+00,0.000000000000000000e+00,0.000000000000000000e+00,0.000000000000000000e+00
Mach,1.499999999999999944e-01,1.499999999999999944e-01,1.499999999999999944e-01,1.499999999999999944e-01,1.499999999999999944e-01,1.499999999999999944e-01,1.499999999999999944e-01,1.499999999999999944e-01,1.499999999999999944e-01
Results_Name,VSPAERO_Load
Results_Timestamp,1759254118
Results_Date,9,30,2025
Results_Time,13,41,58
AnalysisMethod,0
Chord,1.735640000000000072e+00,1.614919999999999911e+00,1.494220000000000104e+00,1.373529999999999918e+00,1.252869999999999928e+00,1.164679999999999938e+00,1.108950000000000102e+00,1.053230000000000111e+00,9.975300000000000278e-01,9.418400000000000105e-01,8.750400000000000400e-01,7.971099999999999852e-01,7.191899999999999959e-01,6.412799999999999612e-01,5.633799999999999919e-01,1.735640000000000072e+00,1.614919999999999911e+00,1.494220000000000104e+00,1.373529999999999918e+00,1.252869999999999928e+00,1.164679999999999938e+00,1.108950000000000102e+00,1.053230000000000111e+00,9.975300000000000278e-01,9.418400000000000105e-01,8.750400000000000400e-01,7.971099999999999852e-01,7.191899999999999959e-01,6.412799999999999612e-01,5.633799999999999919e-01,9.229000000000000536e-01,8.665699999999999514e-01,8.104299999999999837e-01,7.545199999999999685e-01,6.988999999999999657e-01,9.229000000000000536e-01,8.665699999999999514e-01,8.104299999999999837e-01,7.545199999999999685e-01,6.988999999999999657e-01
FC_AoA_,-1.000000000000000000e+00
FC_Beta_,0.000000000000000000e+00
FC_Bref_,1.417173599999999922e+01
FC_Cref_,1.088920000000000110e+00
FC_Mach_,1.499999999999999944e-01
FC_Pitch_Rate,0.000000000000000000e+00
FC_Rho_,2.377000000000000206e-03
FC_Roll__Rate,0.000000000000000000e+00
FC_Sref_,1.619368700000000061e+01
FC_Vinf_,5.100000000000000000e+01
FC_Xcg_,1.774861999999999940e+00
FC_Yaw___Rate,0.000000000000000000e+00
FC_Ycg_,0.000000000000000000e+00
FC_Zcg_,7.545150000000000468e-01
S,3.314000000000000279e-02,8.981999999999999706e-02,1.368900000000000117e-01,1.839600000000000124e-01,2.310300000000000131e-01,2.997400000000000064e-01,4.117600000000000149e-01,5.454599999999999449e-01,6.791599999999999859e-01,8.128699999999999815e-01,9.157600000000000184e-01,9.578299999999999592e-01,9.698799999999999644e-01,9.819299999999999695e-01,9.939799999999999747e-01,3.314000000000000279e-02,8.981999999999999706e-02,1.368900000000000117e-01,1.839600000000000124e-01,2.310300000000000131e-01,2.997400000000000064e-01,4.117600000000000149e-01,5.454599999999999449e-01,6.791599999999999859e-01,8.128699999999999815e-01,9.157600000000000184e-01,9.578299999999999592e-01,9.698799999999999644e-01,9.819299999999999695e-01,9.939799999999999747e-01,1.020299999999999957e-01,3.035599999999999965e-01,5.025399999999999867e-01,7.015200000000000324e-01,9.005100000000000326e-01,1.020299999999999957e-01,3.035599999999999965e-01,5.025399999999999867e-01,7.015200000000000324e-01,9.005100000000000326e-01
V/Vref,1.005460000000000020e+00,1.006099999999999994e+00,1.004690000000000083e+00,1.004499999999999948e+00,1.006490000000000107e+00,1.004809999999999981e+00,1.003770000000000051e+00,1.001440000000000108e+00,1.000930000000000097e+00,1.001020000000000021e+00,1.001530000000000031e+00,1.001349999999999962e+00,1.001290000000000013e+00,1.001179999999999959e+00,1.001169999999999893e+00,1.005009999999999959e+00,1.005710000000000104e+00,1.004059999999999953e+00,1.004080000000000084e+00,1.005910000000000082e+00,1.004280000000000062e+00,1.003370000000000095e+00,1.001030000000000086e+00,1.000699999999999923e+00,1.000809999999999977e+00,1.001239999999999908e+00,1.001079999999999970e+00,1.001030000000000086e+00,1.000939999999999941e+00,1.000939999999999941e+00,9.833100000000000174e-01,9.879200000000000204e-01,1.134039999999999937e+00,1.001730000000000009e+00,9.995899999999999785e-01,9.798299999999999788e-01,9.938299999999999912e-01,1.095660000000000078e+00,9.876200000000000534e-01,9.939200000000000257e-01
WingId,1,1,1,1,1,1,1,1,1,1,1,1,1,1,1,2,2,2,2,2,2,2,2,2,2,2,2,2,2,2,3,3,3,3,3,4,4,4,4,4
Xavg,2.391169999999999796e+00,2.380489999999999995e+00,2.369810000000000194e+00,2.359129999999999949e+00,2.348450000000000149e+00,2.336259999999999781e+00,2.322589999999999932e+00,2.308860000000000134e+00,2.295059999999999878e+00,2.281190000000000051e+00,2.284749999999999837e+00,2.305000000000000160e+00,2.325239999999999974e+00,2.345470000000000166e+00,2.365699999999999914e+00,2.391169999999999796e+00,2.380489999999999995e+00,2.369810000000000194e+00,2.359129999999999949e+00,2.348450000000000149e+00,2.336259999999999781e+00,2.322589999999999932e+00,2.308860000000000134e+00,2.295059999999999878e+00,2.281190000000000051e+00,2.284749999999999837e+00,2.305000000000000160e+00,2.325239999999999974e+00,2.345470000000000166e+00,2.365699999999999914e+00,5.722059999999999924e+00,5.820210000000000328e+00,5.918350000000000222e+00,6.016490000000000116e+00,6.114630000000000010e+00,5.722059999999999924e+00,5.820210000000000328e+00,5.918350000000000222e+00,6.016490000000000116e+00,6.114630000000000010e+00
Yavg,1.718899999999999872e-01,5.195499999999999563e-01,8.671900000000000164e-01,1.214790000000000036e+00,1.562359999999999971e+00,2.229140000000000121e+00,3.217070000000000096e+00,4.204979999999999940e+00,5.192870000000000097e+00,6.180740000000000123e+00,6.716649999999999565e+00,6.791660000000000252e+00,6.866660000000000430e+00,6.941650000000000098e+00,7.016610000000000014e+00,-1.718899999999999872e-01,-5.195499999999999563e-01,-8.671900000000000164e-01,-1.214790000000000036e+00,-1.562359999999999971e+00,-2.229140000000000121e+00,-3.217070000000000096e+00,-4.204979999999999940e+00,-5.192870000000000097e+00,-6.180740000000000123e+00,-6.716649999999999565e+00,-6.791660000000000252e+00,-6.866660000000000430e+00,-6.941650000000000098e+00,-7.016610000000000014e+00,1.078800000000000037e-01,3.257399999999999740e-01,5.435900000000000176e-01,7.614400000000000057e-01,9.792699999999999738e-01,-1.078800000000000037e-01,-3.257399999999999740e-01,-5.435900000000000176e-01,-7.614400000000000057e-01,-9.792699999999999738e-01
Zavg,1.027309999999999945e+00,1.024350000000000094e+00,1.021379999999999955e+00,1.018420000000000103e+00,1.015449999999999964e+00,1.037979999999999903e+00,1.086500000000000021e+00,1.135019999999999918e+00,1.183540000000000036e+00,1.232069999999999999e+00,1.270329999999999959e+00,1.298289999999999944e+00,1.326240000000000085e+00,1.354190000000000005e+00,1.382130000000000081e+00,1.027309999999999945e+00,1.024350000000000094e+00,1.021379999999999955e+00,1.018420000000000103e+00,1.015449999999999964e+00,1.037979999999999903e+00,1.086500000000000021e+00,1.135019999999999918e+00,1.183540000000000036e+00,1.232069999999999999e+00,1.270329999999999959e+00,1.298289999999999944e+00,1.326240000000000085e+00,1.354190000000000005e+00,1.382130000000000081e+00,3.777900000000000147e-01,5.956799999999999873e-01,8.135799999999999699e-01,1.031470000000000109e+00,1.249349999999999961e+00,3.777900000000000147e-01,5.956799999999999873e-01,8.135799999999999699e-01,1.031470000000000109e+00,1.249349999999999961e+00
cd,-1.294000000000000011e-02,-1.371999999999999956e-02,4.204000000000000098e-02,5.673999999999999877e-02,6.761000000000000343e-02,6.818000000000000449e-02,-7.400000000000000328e-03,-2.360000000000000119e-03,-8.000000000000000383e-04,-2.900000000000000017e-04,-2.100000000000000087e-04,-3.299999999999999982e-04,-3.600000000000000227e-04,-3.299999999999999982e-04,-2.300000000000000070e-04,-1.297000000000000063e-02,-1.361000000000000057e-02,4.252000000000000224e-02,5.650000000000000161e-02,6.644999999999999518e-02,6.582999999999999963e-02,-7.020000000000000198e-03,-2.119999999999999923e-03,-7.100000000000000191e-04,-2.500000000000000052e-04,-1.800000000000000113e-04,-2.799999999999999755e-04,-3.099999999999999999e-04,-2.700000000000000035e-04,-1.900000000000000105e-04,6.080000000000000335e-03,-1.055000000000000035e-02,3.288400000000000212e-01,-5.741999999999999882e-02,-2.614000000000000004e-02,7.000000000000000146e-03,6.870000000000000238e-03,-9.268999999999999462e-02,-1.430000000000000021e-02,-1.541000000000000009e-02
cd*c/cref,-2.062518972927303990e-02,-2.034741064541012792e-02,5.768744150167138401e-02,7.157008063034932255e-02,7.778949849392056970e-02,7.292352275649266469e-02,-7.536118355802079276e-03,-2.282649597766594346e-03,-7.328582448664730953e-04,-2.508298130257502869e-04,-1.687528927744921510e-04,-2.415662307607537376e-04,-2.377662270873893253e-04,-1.943415494251184400e-04,-1.189962531682767991e-04,-2.067300701612606942e-02,-2.018427542886529549e-02,5.834609925430702532e-02,7.126735205524738215e-02,7.645484654520072476e-02,7.041002497887814682e-02,-7.149128494287918141e-03,-2.050515740366601510e-03,-6.504116923189949290e-04,-2.162325974359916145e-04,-1.446453366638504113e-04,-2.049652867060940467e-04,-2.047431399919185714e-04,-1.590067222569150848e-04,-9.830125261727214550e-05,5.153025015611798626e-03,-8.395762314954266850e-03,2.447395595636042975e-01,-3.978670462476582154e-02,-1.677739962531682449e-02,5.932759064026741497e-03,5.467193090401498319e-03,-6.898464230613818304e-02,-9.908566285861218972e-03,-9.890578738566651110e-03
cl,3.241399999999999837e-01,3.990099999999999758e-01,6.620500000000000274e-01,7.959699999999999553e-01,8.847699999999999454e-01,8.789500000000000091e-01,2.520299999999999763e-01,1.285000000000000031e-01,8.243999999999999939e-02,5.428000000000000186e-02,4.095000000000000029e-02,3.543000000000000316e-02,2.957999999999999866e-02,2.287000000000000144e-02,1.396000000000000019e-02,3.259000000000000230e-01,4.003300000000000192e-01,6.612500000000000044e-01,7.914999999999999813e-01,8.752199999999999980e-01,8.628400000000000514e-01,2.322099999999999997e-01,1.127699999999999952e-01,7.137000000000000288e-02,4.725000000000000033e-02,3.565999999999999726e-02,3.071000000000000119e-02,2.574999999999999858e-02,1.973000000000000101e-02,1.173000000000000084e-02,-1.576400000000000023e-01,1.508999999999999925e-02,-4.729800000000000115e-01,-4.080099999999999838e-01,-2.638300000000000090e-01,-1.412599999999999967e-01,-9.646000000000000407e-02,-1.384100000000000052e-01,-2.984399999999999831e-01,-2.024799999999999933e-01
cl*c/cref,5.166498453513572731e-01,5.917507523050360430e-01,9.084674273592183713e-01,1.004011933016199176e+00,1.017982762645556871e+00,9.401016475039487563e-01,2.566659336774050892e-01,1.242883361495794037e-01,7.552104213349004891e-02,4.694842155530249556e-02,3.290681409102597099e-02,2.593542895713183555e-02,1.953645832568048912e-02,1.346845828894684474e-02,7.222555192300627105e-03,5.194551261800682829e-01,5.937083749035740876e-01,9.073696644381589183e-01,9.983736133049257999e-01,1.006994895309113458e+00,9.228708180582594345e-01,2.364813572163244060e-01,1.090738962458215472e-01,6.538011617015022925e-02,4.086796091540241538e-02,2.865584836351614192e-02,2.248029983837196086e-02,1.700688985416742849e-02,1.161926900047753619e-02,6.068808911582117271e-03,-1.336057341218822303e-01,1.200872543437534259e-02,-3.520159253205010219e-01,-2.827128762443521515e-01,-1.693336397531498838e-01,-1.197230779120596472e-01,-7.676352918488042743e-02,-1.030118064687947643e-01,-2.067910854791903674e-01,-1.299574550931197614e-01
cmx,3.184000000000000025e-02,1.238100000000000034e-01,3.764000000000000123e-01,6.985999999999999988e-01,1.100400000000000045e+00,1.690989999999999993e+00,7.457700000000000440e-01,5.161700000000000177e-01,4.313400000000000012e-01,3.578899999999999859e-01,3.234600000000000253e-01,3.108799999999999897e-01,2.911400000000000099e-01,2.554799999999999849e-01,1.795400000000000051e-01,-3.200000000000000067e-02,-1.242100000000000010e-01,-3.760200000000000209e-01,-6.948800000000000532e-01,-1.088759999999999950e+00,-1.659960000000000102e+00,-6.877499999999999725e-01,-4.529699999999999838e-01,-3.733899999999999997e-01,-3.115200000000000191e-01,-2.816199999999999815e-01,-2.694199999999999928e-01,-2.534299999999999886e-01,-2.203900000000000026e-01,-1.509000000000000064e-01,4.939000000000000334e-02,7.517999999999999683e-02,-3.680499999999999883e-01,-5.548499999999999543e-01,-5.711600000000000010e-01,-4.340999999999999720e-02,1.209000000000000005e-02,1.015400000000000053e-01,3.827800000000000091e-01,4.384100000000000219e-01
cmx*c/cref,5.075008044668111173e-02,1.836161014583256590e-01,5.164974543584469613e-01,8.811924273592181001e-01,1.266078452044226976e+00,1.808638130624838913e+00,7.594879711089886909e-01,4.992522215589758616e-01,3.951388441758806325e-01,3.095499371854681381e-01,2.599276699849392136e-01,2.275700297542518624e-01,1.922868315395070138e-01,1.504556940822098510e-01,9.288950997318441705e-02,-5.100510597656393585e-02,-1.842093204275795926e-01,-5.159760169709437516e-01,-8.765001344451381904e-01,-1.252685910076038356e+00,-1.775449264225103629e+00,-7.004007296220107204e-01,-4.381236391103111028e-01,-3.420524250633654728e-01,-2.694431150130404129e-01,-2.263056650626308342e-01,-1.972205269441280884e-01,-1.673808192521029636e-01,-1.297907093266722767e-01,-7.807188957866507961e-02,4.185985288175440161e-02,5.982875932116224482e-02,-2.739216485141240387e-01,-3.844593009587480292e-01,-3.665868236417734183e-01,-3.679158156705726601e-02,9.621304870881239313e-03,7.557126529037945517e-02,2.652308393637732853e-01,2.813840768835175754e-01
cmy,-7.498000000000000498e-02,-1.040399999999999936e-01,-2.211200000000000110e-01,-2.881299999999999972e-01,-3.386299999999999866e-01,-3.423999999999999821e-01,-7.514999999999999458e-02,-4.426999999999999685e-02,-2.649999999999999925e-02,-1.362000000000000016e-02,-1.201999999999999943e-02,-1.355999999999999914e-02,-1.452999999999999951e-02,-1.426999999999999970e-02,-1.102000000000000028e-02,-7.696000000000000063e-02,-1.057700000000000029e-01,-2.216400000000000037e-01,-2.866199999999999859e-01,-3.341799999999999771e-01,-3.343700000000000006e-01,-6.464999999999999913e-02,-3.642000000000000098e-02,-2.120999999999999969e-02,-1.034000000000000023e-02,-9.459999999999999659e-03,-1.097000000000000058e-02,-1.230000000000000017e-02,-1.218999999999999945e-02,-9.289999999999999647e-03,6.392400000000000304e-01,-8.988999999999999768e-02,2.165540000000000020e+00,2.148210000000000175e+00,1.543129999999999891e+00,5.728100000000000414e-01,4.402300000000000102e-01,7.488500000000000156e-01,1.586400000000000032e+00,1.181329999999999991e+00
cmy*c/cref,-1.195113389413363786e-01,-1.542962539029496816e-01,-3.034216713808177146e-01,-3.634382681005031701e-01,-3.896148184439627293e-01,-3.662219740660470069e-01,-7.653233708628731646e-02,-4.281902444624030579e-02,-2.427592936120192071e-02,-1.178035190831282220e-02,-9.659094148330455570e-03,-9.926176027623698564e-03,-9.596509109943796717e-03,-8.403799728171030409e-03,-5.701472651801784385e-03,-1.226672798736362646e-01,-1.568619259449729741e-01,-3.041352172795063202e-01,-3.615336008154867997e-01,-3.844948174337874947e-01,-3.576332986812620907e-01,-6.583919617602762564e-02,-3.522631286044888843e-02,-1.942990421702236667e-02,-8.943380229952613281e-03,-7.601916026889026824e-03,-8.030247125592328977e-03,-8.123679425485801076e-03,-7.178859053006646923e-03,-4.806413877970832152e-03,5.417795577269221008e-01,-7.153507815082833787e-02,1.611705710428681382e+00,1.488509173493002269e+00,9.904249687764019594e-01,4.854776742093083186e-01,3.503380515556698271e-01,5.573324996326635139e-01,1.099227241670646116e+00,7.582113810013589861e-01
cmz,2.150000000000000001e-03,1.963000000000000161e-02,1.289999999999999914e-03,-4.248999999999999999e-02,-9.536000000000000032e-02,-1.885000000000000009e-01,-3.939999999999999926e-03,-1.840000000000000056e-03,-4.669999999999999672e-03,-5.120000000000000419e-03,-8.689999999999999808e-03,-7.740000000000000352e-03,-6.939999999999999988e-03,-6.119999999999999572e-03,-4.170000000000000095e-03,-2.220000000000000185e-03,-1.970999999999999835e-02,-7.799999999999999859e-04,4.311999999999999861e-02,9.471999999999999864e-02,1.829000000000000070e-01,2.909999999999999826e-03,1.199999999999999895e-03,3.850000000000000124e-03,4.349999999999999700e-03,7.139999999999999646e-03,6.389999999999999847e-03,5.969999999999999613e-03,5.320000000000000076e-03,3.599999999999999901e-03,6.453900000000000192e-01,1.322019999999999973e+00,2.441219999999999946e+00,2.245389999999999997e+00,1.757460000000000022e+00,-5.801600000000000090e-01,-5.819499999999999673e-01,-7.371100000000000430e-01,-1.210530000000000106e+00,-1.326070000000000082e+00
cmz*c/cref,3.426905557800389267e-03,2.911222091613708748e-02,1.770142710208279712e-03,-5.359557148367188190e-02,-1.097175946809682695e-01,-2.016146089703559074e-01,-4.012473827278403675e-03,-1.779692906733277040e-03,-4.278060004408036632e-03,-4.428443595489108334e-03,-6.983155420049222406e-03,-5.665826139661315174e-03,-4.583604488851338553e-03,-3.604152371156741416e-03,-2.157453807442236051e-03,-3.538479227124123085e-03,-2.923086470998786934e-02,-1.070318848032913430e-03,5.439023399331446157e-02,1.089812349851228407e-01,1.956249972449766450e-01,2.963527623700547026e-03,1.160669286999963098e-03,3.526880303419902083e-03,3.762447195386253544e-03,5.737598354332732430e-03,4.677600650185504035e-03,3.942956599199205943e-03,3.133021342247363852e-03,1.862550049590419371e-03,5.469919103331741805e-01,1.052072577783491836e+00,1.816880877015758511e+00,1.555845849832861783e+00,1.127988092789185437e+00,-4.917070712265363408e-01,-4.631197989751312805e-01,-5.485949907247548163e-01,-8.387843878338170356e-01,-8.511096526833925591e-01
cs,4.250000000000000305e-03,2.878999999999999962e-02,4.955999999999999989e-02,3.107000000000000040e-02,1.562000000000000020e-02,-5.795000000000000151e-02,-2.489999999999999852e-02,-6.499999999999999702e-03,-4.080000000000000293e-03,-2.860000000000000129e-03,-1.529999999999999936e-02,-1.307999999999999961e-02,-1.080000000000000057e-02,-8.330000000000000598e-03,-5.069999999999999854e-03,-4.320000000000000055e-03,-2.887999999999999942e-02,-4.916000000000000231e-02,-2.985000000000000153e-02,-1.430000000000000021e-02,5.707999999999999879e-02,2.330000000000000127e-02,5.610000000000000403e-03,3.500000000000000073e-03,2.469999999999999973e-03,1.327000000000000055e-02,1.128999999999999969e-02,9.379999999999999449e-03,7.190000000000000210e-03,4.270000000000000358e-03,1.593499999999999917e-01,2.948799999999999755e-01,5.763700000000000490e-01,4.087399999999999922e-01,2.895800000000000041e-01,-1.432100000000000040e-01,-1.284500000000000086e-01,-1.250900000000000067e-01,-2.227000000000000091e-01,-2.204000000000000126e-01
cs*c/cref,6.774115637512397731e-03,4.269693531205229903e-02,6.800641295962972510e-02,3.919073678507144221e-02,1.797177882672739563e-02,-6.198178562245159479e-02,-2.535801987290158682e-02,-6.286958637916467522e-03,-3.737577048819013242e-03,-2.473700914667744007e-03,-1.229485361642728390e-02,-9.574806964698966485e-03,-7.132986812621680030e-03,-4.905651838518898869e-03,-2.623091319839840514e-03,-6.885689306836130681e-03,-4.283040958013443339e-02,-6.745753149910002633e-02,-3.765186652830326830e-02,-1.645303695404620736e-02,6.105125665797302842e-02,2.372858887705249151e-02,5.426128916724828541e-03,3.206254821290820036e-03,2.136378062667597215e-03,1.066357565294052782e-02,8.264493167542149785e-03,6.195131139110309632e-03,4.234290122323035310e-03,2.209191308819747658e-03,1.350550224075230399e-01,2.346675252543804491e-01,4.289640553025015346e-01,2.832186981596443998e-01,1.858607262241486480e-01,-1.213757750798956786e-01,-1.022213904602725654e-01,-9.309838068912316966e-02,-1.543103295007897668e-01,-1.414590236197332818e-01
cx,-7.280000000000000013e-03,-6.749999999999999924e-03,5.358000000000000262e-02,7.062000000000000222e-02,8.304000000000000270e-02,8.351000000000000090e-02,-3.000000000000000062e-03,-1.100000000000000039e-04,6.400000000000000524e-04,6.599999999999999964e-04,5.100000000000000366e-04,2.900000000000000017e-04,1.499999999999999869e-04,6.999999999999999387e-05,1.000000000000000082e-05,-7.280000000000000013e-03,-6.620000000000000016e-03,5.405999999999999694e-02,7.030999999999999750e-02,8.171000000000000485e-02,8.087999999999999357e-02,-2.959999999999999958e-03,-1.499999999999999869e-04,5.400000000000000069e-04,5.699999999999999772e-04,4.400000000000000157e-04,2.500000000000000052e-04,1.399999999999999877e-04,6.999999999999999387e-05,1.000000000000000082e-05,3.330000000000000061e-03,-1.027999999999999921e-02,3.205299999999999816e-01,-6.453000000000000402e-02,-3.073999999999999996e-02,4.530000000000000172e-03,5.190000000000000169e-03,-9.508999999999999397e-02,-1.949999999999999997e-02,-1.895000000000000157e-02
cx*c/cref,-1.160366160966829450e-02,-1.001057010616022980e-02,7.352267163795320193e-02,8.907788322374461665e-02,9.554267053594385495e-02,8.932008485471841508e-02,-3.055183117217058920e-03,-1.063946846416633066e-04,5.862865958931785413e-04,5.708540572310178644e-04,4.098284538809095212e-04,2.122854755170260012e-04,9.906926128641220758e-05,4.122396502957057201e-05,5.173750137751165954e-06,-1.160366160966829450e-02,-9.817773941152699302e-03,7.418132939058884323e-02,8.868685881423793438e-02,9.401242304301507535e-02,8.650710649083492854e-02,-3.014447342320831363e-03,-1.450836608749953873e-04,4.946793152848693231e-04,4.930103221540608040e-04,3.535774896227454438e-04,1.830047202732982918e-04,9.246464386731805137e-05,4.122396502957057201e-05,5.173750137751165954e-06,2.822298240458435709e-03,-8.180894464239795230e-03,2.385548322190794157e-01,-4.471327149836535481e-02,-1.972981118906806317e-02,3.839342651434448847e-03,4.130237574844800377e-03,-7.077084514932224790e-02,-1.351168129890166318e-02,-1.216265198545347578e-02
cy,4.250000000000000305e-03,2.878999999999999962e-02,4.955999999999999989e-02,3.107000000000000040e-02,1.562000000000000020e-02,-5.795000000000000151e-02,-2.489999999999999852e-02,-6.499999999999999702e-03,-4.080000000000000293e-03,-2.860000000000000129e-03,-1.529999999999999936e-02,-1.307999999999999961e-02,-1.080000000000000057e-02,-8.330000000000000598e-03,-5.069999999999999854e-03,-4.320000000000000055e-03,-2.887999999999999942e-02,-4.916000000000000231e-02,-2.985000000000000153e-02,-1.430000000000000021e-02,5.707999999999999879e-02,2.330000000000000127e-02,5.610000000000000403e-03,3.500000000000000073e-03,2.469999999999999973e-03,1.327000000000000055e-02,1.128999999999999969e-02,9.379999999999999449e-03,7.190000000000000210e-03,4.270000000000000358e-03,1.593499999999999917e-01,2.948799999999999755e-01,5.763700000000000490e-01,4.087399999999999922e-01,2.895800000000000041e-01,-1.432100000000000040e-01,-1.284500000000000086e-01,-1.250900000000000067e-01,-2.227000000000000091e-01,-2.204000000000000126e-01
cy*c/cref,6.774115637512397731e-03,4.269693531205229903e-02,6.800641295962972510e-02,3.919073678507144221e-02,1.797177882672739563e-02,-6.198178562245159479e-02,-2.535801987290158682e-02,-6.286958637916467522e-03,-3.737577048819013242e-03,-2.473700914667744007e-03,-1.229485361642728390e-02,-9.574806964698966485e-03,-7.132986812621680030e-03,-4.905651838518898869e-03,-2.623091319839840514e-03,-6.885689306836130681e-03,-4.283040958013443339e-02,-6.745753149910002633e-02,-3.765186652830326830e-02,-1.645303695404620736e-02,6.105125665797302842e-02,2.372858887705249151e-02,5.426128916724828541e-03,3.206254821290820036e-03,2.136378062667597215e-03,1.066357565294052782e-02,8.264493167542149785e-03,6.195131139110309632e-03,4.234290122323035310e-03,2.209191308819747658e-03,1.350550224075230399e-01,2.346675252543804491e-01,4.289640553025015346e-01,2.832186981596443998e-01,1.858607262241486480e-01,-1.213757750798956786e-01,-1.022213904602725654e-01,-9.309838068912316966e-02,-1.543103295007897668e-01,-1.414590236197332818e-01
cz,3.243199999999999972e-01,3.991899999999999893e-01,6.612099999999999644e-01,7.948600000000000110e-01,8.834499999999999575e-01,8.776199999999999557e-01,2.521200000000000108e-01,1.285199999999999954e-01,8.243999999999999939e-02,5.426999999999999880e-02,4.095000000000000029e-02,3.543000000000000316e-02,2.959000000000000172e-02,2.288000000000000103e-02,1.396000000000000019e-02,3.260700000000000265e-01,4.005099999999999771e-01,6.603999999999999870e-01,7.903999999999999915e-01,8.739200000000000301e-01,8.615599999999999925e-01,2.323000000000000065e-01,1.127900000000000014e-01,7.137000000000000288e-02,4.723999999999999727e-02,3.565999999999999726e-02,3.071000000000000119e-02,2.576000000000000165e-02,1.974000000000000060e-02,1.173000000000000084e-02,-1.577199999999999991e-01,1.527000000000000059e-02,-4.786400000000000099e-01,-4.069400000000000239e-01,-2.633400000000000185e-01,-1.413600000000000134e-01,-9.656000000000000694e-02,-1.367700000000000027e-01,-2.981500000000000261e-01,-2.021799999999999986e-01
cz*c/cref,5.169367490724754433e-01,5.920177008412003117e-01,9.073147762921058845e-01,1.002611813356352854e+00,1.016464020772875676e+00,9.386791147191710927e-01,2.567575891709216185e-01,1.243076806376960664e-01,7.552104213349004891e-02,4.693977225140505416e-02,3.290681409102597099e-02,2.593542895713183555e-02,1.954306294309958447e-02,1.347434742680821140e-02,7.222555192300627105e-03,5.197260908055688633e-01,5.939753234397383563e-01,9.062032913345333673e-01,9.969861073357085823e-01,1.005499164676927348e+00,9.215017639496012603e-01,2.365730127098409352e-01,1.090932407339382099e-01,6.538011617015022925e-02,4.085931161150497398e-02,2.865584836351614192e-02,2.248029983837196086e-02,1.701349447158652384e-02,1.162515813833890285e-02,6.068808911582117271e-03,-1.336735370826139524e-01,1.215197066818498976e-02,-3.562283870256767737e-01,-2.819714660397458217e-01,-1.690191437387502937e-01,-1.198078316129743276e-01,-7.684310987033023121e-02,-1.017912345259523038e-01,-2.065901425265400659e-01,-1.297649065128751167e-01
Results_Name,VSPAERO_Comp_Load
Results_Timestamp,1759254118
Results_Date,9,30,2025
Results_Time,13,41,58
AoA,-1.000000000000000000e+00,-1.000000000000000000e+00,-1.000000000000000000e+00,-1.000000000000000000e+00,-1.000000000000000000e+00,-1.000000000000000000e+00,-1.000000000000000000e+00,-1.000000000000000000e+00,-1.000000000000000000e+00
Beta,0.000000000000000000e+00,0.000000000000000000e+00,0.000000000000000000e+00,0.000000000000000000e+00,0.000000000000000000e+00,0.000000000000000000e+00,0.000000000000000000e+00,0.000000000000000000e+00,0.000000000000000000e+00
CDi,0.000000000000000000e+00,8.030000000000000679e-03,7.889999999999999444e-03,3.779999999999999940e-03,-1.590000000000000050e-03,0.000000000000000000e+00,0.000000000000000000e+00,0.000000000000000000e+00,0.000000000000000000e+00
CFx,0.000000000000000000e+00,1.136000000000000031e-02,1.114000000000000060e-02,3.449999999999999942e-03,-1.820000000000000003e-03,0.000000000000000000e+00,0.000000000000000000e+00,0.000000000000000000e+00,0.000000000000000000e+00
CFy,0.000000000000000000e+00,-2.749999999999999840e-03,2.520000000000000104e-03,2.597999999999999962e-02,-1.255000000000000039e-02,0.000000000000000000e+00,0.000000000000000000e+00,0.000000000000000000e+00,0.000000000000000000e+00
CFz,0.000000000000000000e+00,1.911299999999999943e-01,1.861700000000000021e-01,-1.905000000000000096e-02,-1.302000000000000032e-02,0.000000000000000000e+00,0.000000000000000000e+00,0.000000000000000000e+00,0.000000000000000000e+00
CL,0.000000000000000000e+00,1.912999999999999978e-01,1.863400000000000056e-01,-1.898999999999999994e-02,-1.305000000000000084e-02,0.000000000000000000e+00,0.000000000000000000e+00,0.000000000000000000e+00,0.000000000000000000e+00
Cmx,0.000000000000000000e+00,2.634999999999999842e-02,-2.505999999999999894e-02,-9.899999999999999946e-04,6.300000000000000261e-04,-6.000000000000000152e-05,6.000000000000000152e-05,0.000000000000000000e+00,-0.000000000000000000e+00
Cmy,0.000000000000000000e+00,-7.717999999999999861e-02,-7.489999999999999436e-02,6.708000000000000074e-02,4.825999999999999734e-02,-7.499999999999999722e-03,-7.620000000000000037e-03,1.000000000000000082e-05,3.800000000000000209e-04
Cmz,0.000000000000000000e+00,-1.440000000000000091e-03,1.389999999999999960e-03,7.020000000000000198e-03,-3.660000000000000059e-03,-6.000000000000000152e-05,5.000000000000000240e-05,-1.000000000000000082e-05,-0.000000000000000000e+00
Comp_ID,0,1,2,3,4,5,6,7,8
Comp_Name,NONE,main_wing,main_wing,horizontal_tail,horizontal_tail,fuselage,fuselage,fuselage,fuselage
Cs,0.000000000000000000e+00,-2.749999999999999840e-03,2.520000000000000104e-03,2.597999999999999962e-02,-1.255000000000000039e-02,0.000000000000000000e+00,0.000000000000000000e+00,0.000000000000000000e+00,0.000000000000000000e+00
Mach,1.499999999999999944e-01,1.499999999999999944e-01,1.499999999999999944e-01,1.499999999999999944e-01,1.499999999999999944e-01,1.499999999999999944e-01,1.499999999999999944e-01,1.499999999999999944e-01,1.499999999999999944e-01
Results_Name,VSPAERO_Load
Results_Timestamp,1759254118
Results_Date,9,30,2025
Results_Time,13,41,58
AnalysisMethod,0
Chord,1.735640000000000072e+00,1.614919999999999911e+00,1.494220000000000104e+00,1.373529999999999918e+00,1.252869999999999928e+00,1.164679999999999938e+00,1.108950000000000102e+00,1.053230000000000111e+00,9.975300000000000278e-01,9.418400000000000105e-01,8.750400000000000400e-01,7.971099999999999852e-01,7.191899999999999959e-01,6.412799999999999612e-01,5.633799999999999919e-01,1.735640000000000072e+00,1.614919999999999911e+00,1.494220000000000104e+00,1.373529999999999918e+00,1.252869999999999928e+00,1.164679999999999938e+00,1.108950000000000102e+00,1.053230000000000111e+00,9.975300000000000278e-01,9.418400000000000105e-01,8.750400000000000400e-01,7.971099999999999852e-01,7.191899999999999959e-01,6.412799999999999612e-01,5.633799999999999919e-01,9.229000000000000536e-01,8.665699999999999514e-01,8.104299999999999837e-01,7.545199999999999685e-01,6.988999999999999657e-01,9.229000000000000536e-01,8.665699999999999514e-01,8.104299999999999837e-01,7.545199999999999685e-01,6.988999999999999657e-01
FC_AoA_,0.000000000000000000e+00
FC_Beta_,0.000000000000000000e+00
FC_Bref_,1.417173599999999922e+01
FC_Cref_,1.088920000000000110e+00
FC_Mach_,1.499999999999999944e-01
FC_Pitch_Rate,0.000000000000000000e+00
FC_Rho_,2.377000000000000206e-03
FC_Roll__Rate,0.000000000000000000e+00
FC_Sref_,1.619368700000000061e+01
FC_Vinf_,5.100000000000000000e+01
FC_Xcg_,1.774861999999999940e+00
FC_Yaw___Rate,0.000000000000000000e+00
FC_Ycg_,0.000000000000000000e+00
FC_Zcg_,7.545150000000000468e-01
S,3.314000000000000279e-02,8.981999999999999706e-02,1.368900000000000117e-01,1.839600000000000124e-01,2.310300000000000131e-01,2.997400000000000064e-01,4.117600000000000149e-01,5.454599999999999449e-01,6.791599999999999859e-01,8.128699999999999815e-01,9.157600000000000184e-01,9.578299999999999592e-01,9.698799999999999644e-01,9.819299999999999695e-01,9.939799999999999747e-01,3.314000000000000279e-02,8.981999999999999706e-02,1.368900000000000117e-01,1.839600000000000124e-01,2.310300000000000131e-01,2.997400000000000064e-01,4.117600000000000149e-01,5.454599999999999449e-01,6.791599999999999859e-01,8.128699999999999815e-01,9.157600000000000184e-01,9.578299999999999592e-01,9.698799999999999644e-01,9.819299999999999695e-01,9.939799999999999747e-01,1.020299999999999957e-01,3.035599999999999965e-01,5.025399999999999867e-01,7.015200000000000324e-01,9.005100000000000326e-01,1.020299999999999957e-01,3.035599999999999965e-01,5.025399999999999867e-01,7.015200000000000324e-01,9.005100000000000326e-01
V/Vref,1.006000000000000005e+00,1.006899999999999906e+00,1.006850000000000023e+00,1.006869999999999932e+00,1.009030000000000094e+00,1.010059999999999958e+00,1.001120000000000010e+00,1.001049999999999995e+00,1.001090000000000035e+00,1.001319999999999988e+00,1.002890000000000059e+00,1.002709999999999990e+00,1.002569999999999961e+00,1.002320000000000100e+00,1.002389999999999892e+00,1.006399999999999961e+00,1.007200000000000095e+00,1.006969999999999921e+00,1.006939999999999946e+00,1.009020000000000028e+00,1.010049999999999892e+00,1.001139999999999919e+00,1.000979999999999981e+00,1.001069999999999904e+00,1.001279999999999948e+00,1.002790000000000070e+00,1.002629999999999910e+00,1.002499999999999947e+00,1.002259999999999929e+00,1.002310000000000034e+00,9.836899999999999533e-01,9.895699999999999497e-01,9.880700000000000038e-01,9.964800000000000324e-01,1.001400000000000068e+00,9.835000000000000409e-01,9.899700000000000166e-01,9.904500000000000526e-01,1.006990000000000052e+00,1.001810000000000089e+00
WingId,1,1,1,1,1,1,1,1,1,1,1,1,1,1,1,2,2,2,2,2,2,2,2,2,2,2,2,2,2,2,3,3,3,3,3,4,4,4,4,4
Xavg,2.391169999999999796e+00,2.380489999999999995e+00,2.369810000000000194e+00,2.359129999999999949e+00,2.348450000000000149e+00,2.336259999999999781e+00,2.322589999999999932e+00,2.308860000000000134e+00,2.295059999999999878e+00,2.281190000000000051e+00,2.284749999999999837e+00,2.305000000000000160e+00,2.325239999999999974e+00,2.345470000000000166e+00,2.365699999999999914e+00,2.391169999999999796e+00,2.380489999999999995e+00,2.369810000000000194e+00,2.359129999999999949e+00,2.348450000000000149e+00,2.336259999999999781e+00,2.322589999999999932e+00,2.308860000000000134e+00,2.295059999999999878e+00,2.281190000000000051e+00,2.284749999999999837e+00,2.305000000000000160e+00,2.325239999999999974e+00,2.345470000000000166e+00,2.365699999999999914e+00,5.722059999999999924e+00,5.820210000000000328e+00,5.918350000000000222e+00,6.016490000000000116e+00,6.114630000000000010e+00,5.722059999999999924e+00,5.820210000000000328e+00,5.918350000000000222e+00,6.016490000000000116e+00,6.114630000000000010e+00
Yavg,1.718899999999999872e-01,5.195499999999999563e-01,8.671900000000000164e-01,1.214790000000000036e+00,1.562359999999999971e+00,2.229140000000000121e+00,3.217070000000000096e+00,4.204979999999999940e+00,5.192870000000000097e+00,6.180740000000000123e+00,6.716649999999999565e+00,6.791660000000000252e+00,6.866660000000000430e+00,6.941650000000000098e+00,7.016610000000000014e+00,-1.718899999999999872e-01,-5.195499999999999563e-01,-8.671900000000000164e-01,-1.214790000000000036e+00,-1.562359999999999971e+00,-2.229140000000000121e+00,-3.217070000000000096e+00,-4.204979999999999940e+00,-5.192870000000000097e+00,-6.180740000000000123e+00,-6.716649999999999565e+00,-6.791660000000000252e+00,-6.866660000000000430e+00,-6.941650000000000098e+00,-7.016610000000000014e+00,1.078800000000000037e-01,3.257399999999999740e-01,5.435900000000000176e-01,7.614400000000000057e-01,9.792699999999999738e-01,-1.078800000000000037e-01,-3.257399999999999740e-01,-5.435900000000000176e-01,-7.614400000000000057e-01,-9.792699999999999738e-01
Zavg,1.027309999999999945e+00,1.024350000000000094e+00,1.021379999999999955e+00,1.018420000000000103e+00,1.015449999999999964e+00,1.037979999999999903e+00,1.086500000000000021e+00,1.135019999999999918e+00,1.183540000000000036e+00,1.232069999999999999e+00,1.270329999999999959e+00,1.298289999999999944e+00,1.326240000000000085e+00,1.354190000000000005e+00,1.382130000000000081e+00,1.027309999999999945e+00,1.024350000000000094e+00,1.021379999999999955e+00,1.018420000000000103e+00,1.015449999999999964e+00,1.037979999999999903e+00,1.086500000000000021e+00,1.135019999999999918e+00,1.183540000000000036e+00,1.232069999999999999e+00,1.270329999999999959e+00,1.298289999999999944e+00,1.326240000000000085e+00,1.354190000000000005e+00,1.382130000000000081e+00,3.777900000000000147e-01,5.956799999999999873e-01,8.135799999999999699e-01,1.031470000000000109e+00,1.249349999999999961e+00,3.777900000000000147e-01,5.956799999999999873e-01,8.135799999999999699e-01,1.031470000000000109e+00,1.249349999999999961e+00
cd,-1.307999999999999961e-02,-1.344000000000000056e-02,4.828000000000000347e-02,6.411000000000000032e-02,7.519000000000000683e-02,7.779999999999999416e-02,-8.980000000000000135e-03,-3.820000000000000045e-03,-1.369999999999999907e-03,-3.099999999999999999e-04,-1.100000000000000039e-04,-7.600000000000000418e-04,-1.199999999999999895e-03,-1.280000000000000105e-03,-1.190000000000000085e-03,-1.294999999999999971e-02,-1.342999999999999923e-02,4.776999999999999996e-02,6.339999999999999802e-02,7.439999999999999392e-02,7.710999999999999799e-02,-8.880000000000000740e-03,-3.769999999999999914e-03,-1.369999999999999907e-03,-3.099999999999999999e-04,-1.100000000000000039e-04,-7.399999999999999894e-04,-1.170000000000000033e-03,-1.240000000000000000e-03,-1.149999999999999981e-03,3.289999999999999956e-03,2.860000000000000129e-03,1.090000000000000040e-03,-2.563999999999999960e-02,-2.248999999999999957e-02,3.229999999999999798e-03,2.779999999999999919e-03,9.100000000000000016e-04,-2.326999999999999902e-02,-2.220000000000000098e-02
cd*c/cref,-2.084833706792050753e-02,-1.993215736693236886e-02,6.624999228593470013e-02,8.086637062410459431e-02,8.651075864158981610e-02,8.321282004187632864e-02,-9.145181464203063632e-03,-3.694797230283216206e-03,-1.255019744333835032e-03,-2.681284208206296095e-04,-8.839437240568636094e-05,-5.563343496308268028e-04,-7.925540902912976606e-04,-7.538096462550048383e-04,-6.156762663923887307e-04,-2.064112882489071640e-02,-1.991732689270101983e-02,6.555016842375932518e-02,7.997079858942804376e-02,8.560181464203060753e-02,8.247481431142782149e-02,-9.043342026962495825e-03,-3.646436009991551284e-03,-1.255019744333835032e-03,-2.681284208206296095e-04,-8.839437240568636094e-05,-5.416939720089628939e-04,-7.727402380340153004e-04,-7.302530948095359168e-04,-5.949812658413840228e-04,2.788396760092568590e-03,2.276007603864379104e-03,8.112337912794327817e-04,-1.776612864122249433e-02,-1.443472523234029699e-02,2.737544539543767912e-03,2.212343055504536159e-03,6.772685780406273752e-04,-1.612393968335598324e-02,-1.424859493810380628e-02
cl,4.006700000000000261e-01,4.823100000000000165e-01,7.511799999999999589e-01,8.932600000000000540e-01,9.905100000000000016e-01,1.018140000000000045e+00,3.933599999999999874e-01,2.356800000000000006e-01,1.812199999999999922e-01,1.403600000000000125e-01,1.142800000000000066e-01,1.053000000000000047e-01,9.553999999999999992e-02,8.265999999999999737e-02,6.040000000000000230e-02,3.976600000000000135e-01,4.785099999999999909e-01,7.470299999999999718e-01,8.884100000000000330e-01,9.850799999999999557e-01,1.012610000000000010e+00,3.883199999999999985e-01,2.297700000000000020e-01,1.760899999999999965e-01,1.368399999999999894e-01,1.114799999999999958e-01,1.030599999999999988e-01,9.328000000000000180e-02,8.086999999999999744e-02,5.909999999999999976e-02,-9.095999999999999919e-02,-6.289999999999999758e-02,-9.830000000000000196e-03,-2.648800000000000043e-01,-2.012700000000000045e-01,-9.174999999999999822e-02,-6.392000000000000459e-02,-1.166000000000000023e-02,-2.652900000000000258e-01,-2.044400000000000106e-01
cl*c/cref,6.386317441134334860e-01,7.152886026521689811e-01,1.030771938801748444e+00,1.126730529148146642e+00,1.139643191143518086e+00,1.088975586085295433e+00,4.005956103295007509e-01,2.279554479667927902e-01,1.660107139183778224e-01,1.214016295044631349e-01,9.183371707747126078e-02,7.708158817911324456e-02,6.310051482202548578e-02,4.867961356206148421e-02,3.124945083201704013e-02,6.338340763325129856e-01,7.096530224442565427e-01,1.025077293648752885e+00,1.120612889192961648e+00,1.133395639349079609e+00,1.083060844506483322e+00,3.954629026925761126e-01,2.222391517283179574e-01,1.613112604231715652e-01,1.183570745325643603e-01,8.958367850714468728e-02,7.544186588546447636e-02,6.160787128531020757e-02,4.762545788487675125e-02,3.057686331410938707e-02,-7.709196635198177494e-02,-5.005625114792638247e-02,-7.315989145208095720e-03,-1.835371355104139790e-01,-1.291808424861330129e-01,-7.776152058920765553e-02,-5.086797413951438251e-02,-8.677968813135950379e-03,-1.838212272710575690e-01,-1.312154391507181217e-01
cmx,3.932999999999999691e-02,1.504399999999999904e-01,4.284999999999999920e-01,7.855199999999999960e-01,1.233719999999999928e+00,1.976480000000000015e+00,1.152309999999999945e+00,9.465099999999999625e-01,9.481100000000000083e-01,9.256100000000000438e-01,9.020599999999999730e-01,9.230099999999999971e-01,9.388699999999999823e-01,9.213799999999999768e-01,7.750299999999999967e-01,-3.903999999999999831e-02,-1.492700000000000138e-01,-4.261800000000000033e-01,-7.812799999999999745e-01,-1.226979999999999960e+00,-1.965759999999999952e+00,-1.137520000000000087e+00,-9.226999999999999647e-01,-9.212599999999999678e-01,-9.023600000000000509e-01,-8.799200000000000355e-01,-9.033299999999999663e-01,-9.166699999999999848e-01,-9.014199999999999990e-01,-7.584600000000000231e-01,2.818000000000000019e-02,-1.107999999999999957e-02,-2.650999999999999884e-02,-3.905799999999999828e-01,-4.400200000000000222e-01,-2.851000000000000062e-02,1.122000000000000081e-02,2.847999999999999837e-02,3.928499999999999770e-01,4.454500000000000126e-01
cmx*c/cref,6.268846306432060422e-02,2.231096543364066709e-01,5.879892645924402750e-01,9.908306263086358312e-01,1.419471381185027026e+00,2.113990675531719265e+00,1.173506019266796319e+00,9.154875723652793340e-01,8.685377881754398066e-01,8.005882180509127366e-01,7.248820688388494249e-01,6.756607474378282241e-01,6.200877156264922307e-01,5.426133842706534205e-01,4.009811569261285680e-01,-6.222622929140799591e-02,-2.213744888513389242e-01,-5.848057521213679832e-01,-9.854824214818349581e-01,-1.411716593138154785e+00,-2.102524847371707306e+00,-1.158443966498916344e+00,-8.924579592623883562e-01,-8.439412333321086868e-01,-7.804785864893655223e-01,-7.070906924291958662e-01,-6.612546158579141187e-01,-6.054254649561031654e-01,-5.308586650993644129e-01,-3.924082529478749026e-01,2.388359291775336846e-02,-8.817539947838223813e-03,-1.973009890533739680e-02,-2.706355118833339013e-01,-2.824174209308304984e-01,-2.416328013077177414e-02,8.928952907467950159e-03,2.119627373911765408e-02,2.722084101678727275e-01,2.859025502332586122e-01
cmy,-8.286000000000000310e-02,-1.143699999999999994e-01,-2.330800000000000094e-01,-3.045599999999999974e-01,-3.605099999999999971e-01,-3.931600000000000095e-01,-1.293100000000000083e-01,-7.155000000000000249e-02,-5.204000000000000292e-02,-3.635000000000000037e-02,-3.536000000000000254e-02,-4.105000000000000315e-02,-4.680999999999999744e-02,-5.034000000000000280e-02,-4.605000000000000066e-02,-8.189000000000000445e-02,-1.130700000000000038e-01,-2.316900000000000071e-01,-3.027699999999999836e-01,-3.583600000000000119e-01,-3.909799999999999942e-01,-1.272899999999999865e-01,-6.876999999999999780e-02,-4.954999999999999682e-02,-3.466000000000000331e-02,-3.391999999999999876e-02,-3.989999999999999797e-02,-4.528999999999999693e-02,-4.898999999999999883e-02,-4.490000000000000241e-02,3.641199999999999992e-01,2.816899999999999959e-01,4.508999999999999814e-02,1.391250000000000098e+00,1.169089999999999963e+00,3.671699999999999964e-01,2.862799999999999789e-01,5.528999999999999887e-02,1.395979999999999999e+00,1.188129999999999908e+00
cmy*c/cref,-1.320713462880652445e-01,-1.696161337839326710e-01,-3.198332270506556996e-01,-3.841625618043565393e-01,-4.147891155456782109e-01,-4.205135260625206262e-01,-1.316885762957792916e-01,-6.920490623737281244e-02,-4.767242882856408126e-02,-3.144021966719318106e-02,-2.841477280240972680e-02,-3.004937506887558202e-02,-3.091621413877970390e-02,-2.964591999412261383e-02,-2.382511938434411780e-02,-1.305252540131506545e-01,-1.676881721338573661e-01,-3.179258639753150262e-01,-3.819047111817212570e-01,-4.123154071924474695e-01,-4.181818557837121975e-01,-1.296314196635197924e-01,-6.651602238915622911e-02,-4.539140754141717665e-02,-2.997848730852588003e-02,-2.725761010909892243e-02,-2.920755335561840346e-02,-2.991231229107739129e-02,-2.885088638283803478e-02,-2.323013811850273280e-02,3.086051757704881826e-01,2.241708328435513820e-01,3.355828591632075558e-02,9.640064926716379601e-01,7.503553989273773484e-01,3.111901636483855316e-01,2.278235863056973509e-01,4.114964799985305899e-02,9.672839415200381596e-01,7.625758154869042293e-01
cmz,2.739999999999999814e-03,2.188999999999999974e-02,4.610000000000000382e-03,-3.670000000000000345e-02,-8.543000000000000593e-02,-1.964400000000000035e-01,-6.159999999999999677e-03,1.148000000000000062e-02,4.550000000000000225e-03,-1.100000000000000039e-04,-1.307999999999999961e-02,-8.829999999999999308e-03,-5.159999999999999656e-03,-3.399999999999999811e-03,-5.999999999999999474e-04,-2.690000000000000117e-03,-2.162000000000000033e-02,-4.530000000000000172e-03,3.627999999999999975e-02,8.455000000000000016e-02,1.948300000000000032e-01,6.170000000000000137e-03,-1.153999999999999991e-02,-4.729999999999999830e-03,-3.000000000000000076e-05,1.242000000000000048e-02,8.489999999999999283e-03,4.850000000000000144e-03,3.289999999999999956e-03,6.300000000000000261e-04,3.686800000000000077e-01,2.908000000000000029e-01,5.049400000000000555e-01,2.052540000000000031e+00,1.349639999999999951e+00,-3.723400000000000043e-01,-2.947299999999999920e-01,-5.519600000000000062e-01,-2.077999999999999847e+00,-1.356940000000000035e+00
cmz*c/cref,4.367312199243286730e-03,3.246390809242184067e-02,6.325858832604783905e-03,-4.629224460933768770e-02,-9.829251377511660781e-02,-2.101070227381258149e-01,-6.273309334019027197e-03,1.110373617896631519e-02,4.168131267678065743e-03,-9.514234287183631524e-05,-1.051089446423979570e-02,-6.463726720052894413e-03,-3.407982588252579832e-03,-2.002306872864856487e-03,-3.104250082650698590e-04,-4.287616721154905927e-03,-3.206348528817543758e-02,-6.216082540498843109e-03,4.576246960290929200e-02,9.728001919332915359e-02,2.083850093670792658e-01,6.283493277743084846e-03,-1.116176964331631362e-02,-4.333024372773022076e-03,-2.594791169231899414e-05,9.980528229805678622e-03,6.214840300481209480e-03,3.203239448260661749e-03,1.937526356389817142e-03,3.259462586783234170e-04,3.124699445321970082e-01,2.314206332880284767e-01,3.758021931822356221e-01,1.422218786320390782e+00,8.662375528046135642e-01,-3.155719299856738491e-01,-2.345481542262057573e-01,-4.107968838849501703e-01,-1.439860191749623208e+00,-8.709229015905666227e-01
cs,5.259999999999999919e-03,3.004000000000000073e-02,5.122000000000000164e-02,3.271999999999999909e-02,1.771000000000000005e-02,-8.208000000000000018e-02,-4.941999999999999865e-02,-1.205999999999999954e-02,-9.050000000000000752e-03,-7.590000000000000392e-03,-4.177999999999999770e-02,-3.755000000000000004e-02,-3.334000000000000158e-02,-2.823000000000000162e-02,-2.037999999999999881e-02,-5.179999999999999709e-03,-2.966999999999999846e-02,-5.070000000000000201e-02,-3.241000000000000131e-02,-1.751000000000000126e-02,8.162999999999999423e-02,4.895999999999999658e-02,1.166000000000000023e-02,8.710000000000000728e-03,7.380000000000000275e-03,4.070000000000000007e-02,3.670000000000000345e-02,3.250999999999999723e-02,2.759999999999999953e-02,1.993999999999999939e-02,9.203000000000000069e-02,6.494999999999999385e-02,9.710000000000000575e-02,3.775999999999999912e-01,2.241700000000000081e-01,-9.296999999999999709e-02,-6.586000000000000187e-02,-1.060500000000000054e-01,-3.824299999999999922e-01,-2.255999999999999950e-01
cs*c/cref,8.383964294897695499e-03,4.455074459097086575e-02,7.028427102082798750e-02,4.127199573889724776e-02,2.037645345847260980e-02,-8.779059471770192524e-02,-5.032904988428901771e-02,-1.166472633434962984e-02,-8.290458895051977528e-03,-6.564821658156705549e-03,-3.357378981008705271e-02,-2.748730898504940165e-02,-2.201979447525988925e-02,-1.662503618263967697e-02,-1.054410278073687410e-02,-8.256451529956286908e-03,-4.400201704441096540e-02,-6.957072512213936799e-02,-4.088097132939057937e-02,-2.014634105352091503e-02,8.730928663262679801e-02,4.986058847298240060e-02,1.127783657201631047e-02,7.978994140983726099e-03,6.383186276310472661e-03,3.270591779010395550e-02,2.686509293612019192e-02,2.147161122947507245e-02,1.625402049737354263e-02,1.031645777467582285e-02,7.799883095176872450e-02,5.168765519964734628e-02,7.226679003048891436e-02,2.616415824853983718e-01,1.438787174448076800e-01,-7.879551574036659789e-02,-5.241183943724056493e-02,-7.892783813319619035e-02,-2.649883220071262979e-01,-1.447965323439737995e-01
cx,-1.307999999999999961e-02,-1.344000000000000056e-02,4.828000000000000347e-02,6.411000000000000032e-02,7.519000000000000683e-02,7.779999999999999416e-02,-8.980000000000000135e-03,-3.820000000000000045e-03,-1.369999999999999907e-03,-3.099999999999999999e-04,-1.100000000000000039e-04,-7.600000000000000418e-04,-1.199999999999999895e-03,-1.280000000000000105e-03,-1.190000000000000085e-03,-1.294999999999999971e-02,-1.342999999999999923e-02,4.776999999999999996e-02,6.339999999999999802e-02,7.439999999999999392e-02,7.710999999999999799e-02,-8.880000000000000740e-03,-3.769999999999999914e-03,-1.369999999999999907e-03,-3.099999999999999999e-04,-1.100000000000000039e-04,-7.399999999999999894e-04,-1.170000000000000033e-03,-1.240000000000000000e-03,-1.149999999999999981e-03,3.289999999999999956e-03,2.860000000000000129e-03,1.090000000000000040e-03,-2.563999999999999960e-02,-2.248999999999999957e-02,3.229999999999999798e-03,2.779999999999999919e-03,9.100000000000000016e-04,-2.326999999999999902e-02,-2.220000000000000098e-02
cx*c/cref,-2.084833706792050753e-02,-1.993215736693236886e-02,6.624999228593470013e-02,8.086637062410459431e-02,8.651075864158981610e-02,8.321282004187632864e-02,-9.145181464203063632e-03,-3.694797230283216206e-03,-1.255019744333835032e-03,-2.681284208206296095e-04,-8.839437240568636094e-05,-5.563343496308268028e-04,-7.925540902912976606e-04,-7.538096462550048383e-04,-6.156762663923887307e-04,-2.064112882489071640e-02,-1.991732689270101983e-02,6.555016842375932518e-02,7.997079858942804376e-02,8.560181464203060753e-02,8.247481431142782149e-02,-9.043342026962495825e-03,-3.646436009991551284e-03,-1.255019744333835032e-03,-2.681284208206296095e-04,-8.839437240568636094e-05,-5.416939720089628939e-04,-7.727402380340153004e-04,-7.302530948095359168e-04,-5.949812658413840228e-04,2.788396760092568590e-03,2.276007603864379104e-03,8.112337912794327817e-04,-1.776612864122249433e-02,-1.443472523234029699e-02,2.737544539543767912e-03,2.212343055504536159e-03,6.772685780406273752e-04,-1.612393968335598324e-02,-1.424859493810380628e-02
cy,5.259999999999999919e-03,3.004000000000000073e-02,5.122000000000000164e-02,3.271999999999999909e-02,1.771000000000000005e-02,-8.208000000000000018e-02,-4.941999999999999865e-02,-1.205999999999999954e-02,-9.050000000000000752e-03,-7.590000000000000392e-03,-4.177999999999999770e-02,-3.755000000000000004e-02,-3.334000000000000158e-02,-2.823000000000000162e-02,-2.037999999999999881e-02,-5.179999999999999709e-03,-2.966999999999999846e-02,-5.070000000000000201e-02,-3.241000000000000131e-02,-1.751000000000000126e-02,8.162999999999999423e-02,4.895999999999999658e-02,1.166000000000000023e-02,8.710000000000000728e-03,7.380000000000000275e-03,4.070000000000000007e-02,3.670000000000000345e-02,3.250999999999999723e-02,2.759999999999999953e-02,1.993999999999999939e-02,9.203000000000000069e-02,6.494999999999999385e-02,9.710000000000000575e-02,3.775999999999999912e-01,2.241700000000000081e-01,-9.296999999999999709e-02,-6.586000000000000187e-02,-1.060500000000000054e-01,-3.824299999999999922e-01,-2.255999999999999950e-01
cy*c/cref,8.383964294897695499e-03,4.455074459097086575e-02,7.028427102082798750e-02,4.127199573889724776e-02,2.037645345847260980e-02,-8.779059471770192524e-02,-5.032904988428901771e-02,-1.166472633434962984e-02,-8.290458895051977528e-03,-6.564821658156705549e-03,-3.357378981008705271e-02,-2.748730898504940165e-02,-2.201979447525988925e-02,-1.662503618263967697e-02,-1.054410278073687410e-02,-8.256451529956286908e-03,-4.400201704441096540e-02,-6.957072512213936799e-02,-4.088097132939057937e-02,-2.014634105352091503e-02,8.730928663262679801e-02,4.986058847298240060e-02,1.127783657201631047e-02,7.978994140983726099e-03,6.383186276310472661e-03,3.270591779010395550e-02,2.686509293612019192e-02,2.147161122947507245e-02,1.625402049737354263e-02,1.031645777467582285e-02,7.799883095176872450e-02,5.168765519964734628e-02,7.226679003048891436e-02,2.616415824853983718e-01,1.438787174448076800e-01,-7.879551574036659789e-02,-5.241183943724056493e-02,-7.892783813319619035e-02,-2.649883220071262979e-01,-1.447965323439737995e-01
cz,4.006700000000000261e-01,4.823100000000000165e-01,7.511799999999999589e-01,8.932600000000000540e-01,9.905100000000000016e-01,1.018140000000000045e+00,3.933599999999999874e-01,2.356800000000000006e-01,1.812199999999999922e-01,1.403600000000000125e-01,1.142800000000000066e-01,1.053000000000000047e-01,9.553999999999999992e-02,8.265999999999999737e-02,6.040000000000000230e-02,3.976600000000000135e-01,4.785099999999999909e-01,7.470299999999999718e-01,8.884100000000000330e-01,9.850799999999999557e-01,1.012610000000000010e+00,3.883199999999999985e-01,2.297700000000000020e-01,1.760899999999999965e-01,1.368399999999999894e-01,1.114799999999999958e-01,1.030599999999999988e-01,9.328000000000000180e-02,8.086999999999999744e-02,5.909999999999999976e-02,-9.095999999999999919e-02,-6.289999999999999758e-02,-9.830000000000000196e-03,-2.648800000000000043e-01,-2.012700000000000045e-01,-9.174999999999999822e-02,-6.392000000000000459e-02,-1.166000000000000023e-02,-2.652900000000000258e-01,-2.044400000000000106e-01
cz*c/cref,6.386317441134334860e-01,7.152886026521689811e-01,1.030771938801748444e+00,1.126730529148146642e+00,1.139643191143518086e+00,1.088975586085295433e+00,4.005956103295007509e-01,2.279554479667927902e-01,1.660107139183778224e-01,1.214016295044631349e-01,9.183371707747126078e-02,7.708158817911324456e-02,6.310051482202548578e-02,4.867961356206148421e-02,3.124945083201704013e-02,6.338340763325129856e-01,7.096530224442565427e-01,1.025077293648752885e+00,1.120612889192961648e+00,1.133395639349079609e+00,1.083060844506483322e+00,3.954629026925761126e-01,2.222391517283179574e-01,1.613112604231715652e-01,1.183570745325643603e-01,8.958367850714468728e-02,7.544186588546447636e-02,6.160787128531020757e-02,4.762545788487675125e-02,3.057686331410938707e-02,-7.709196635198177494e-02,-5.005625114792638247e-02,-7.315989145208095720e-03,-1.835371355104139790e-01,-1.291808424861330129e-01,-7.776152058920765553e-02,-5.086797413951438251e-02,-8.677968813135950379e-03,-1.838212272710575690e-01,-1.312154391507181217e-01
Results_Name,VSPAERO_Comp_Load
Results_Timestamp,1759254118
Results_Date,9,30,2025
Results_Time,13,41,58
AoA,0.000000000000000000e+00,0.000000000000000000e+00,0.000000000000000000e+00,0.000000000000000000e+00,0.000000000000000000e+00,0.000000000000000000e+00,0.000000000000000000e+00,0.000000000000000000e+00,0.000000000000000000e+00
Beta,0.000000000000000000e+00,0.000000000000000000e+00,0.000000000000000000e+00,0.000000000000000000e+00,0.000000000000000000e+00,0.000000000000000000e+00,0.000000000000000000e+00,0.000000000000000000e+00,0.000000000000000000e+00
CDi,0.000000000000000000e+00,9.090000000000000857e-03,8.999999999999999320e-03,-5.400000000000000069e-04,-5.100000000000000366e-04,0.000000000000000000e+00,0.000000000000000000e+00,0.000000000000000000e+00,0.000000000000000000e+00
CFx,0.000000000000000000e+00,9.090000000000000857e-03,8.999999999999999320e-03,-5.400000000000000069e-04,-5.100000000000000366e-04,0.000000000000000000e+00,0.000000000000000000e+00,0.000000000000000000e+00,0.000000000000000000e+00
CFy,0.000000000000000000e+00,-7.230000000000000315e-03,7.139999999999999646e-03,1.247000000000000018e-02,-1.273000000000000000e-02,0.000000000000000000e+00,0.000000000000000000e+00,0.000000000000000000e+00,0.000000000000000000e+00
CFz,0.000000000000000000e+00,2.441699999999999982e-01,2.418299999999999894e-01,-9.180000000000000659e-03,-9.289999999999999647e-03,0.000000000000000000e+00,0.000000000000000000e+00,0.000000000000000000e+00,0.000000000000000000e+00
CL,0.000000000000000000e+00,2.441699999999999982e-01,2.418299999999999894e-01,-9.180000000000000659e-03,-9.289999999999999647e-03,0.000000000000000000e+00,0.000000000000000000e+00,0.000000000000000000e+00,0.000000000000000000e+00
Cmx,0.000000000000000000e+00,3.808000000000000274e-02,-3.756000000000000311e-02,-5.900000000000000296e-04,5.900000000000000296e-04,-6.999999999999999387e-05,6.000000000000000152e-05,-0.000000000000000000e+00,0.000000000000000000e+00
Cmy,0.000000000000000000e+00,-9.221999999999999642e-02,-9.117999999999999716e-02,3.316000000000000197e-02,3.357999999999999874e-02,-4.259999999999999898e-03,-4.400000000000000265e-03,-0.000000000000000000e+00,0.000000000000000000e+00
Cmz,0.000000000000000000e+00,-1.309999999999999967e-03,1.299999999999999940e-03,3.579999999999999849e-03,-3.660000000000000059e-03,-4.000000000000000327e-05,4.000000000000000327e-05,1.000000000000000082e-05,3.000000000000000076e-05
Comp_ID,0,1,2,3,4,5,6,7,8
Comp_Name,NONE,main_wing,main_wing,horizontal_tail,horizontal_tail,fuselage,fuselage,fuselage,fuselage
Cs,0.000000000000000000e+00,-7.230000000000000315e-03,7.139999999999999646e-03,1.247000000000000018e-02,-1.273000000000000000e-02,0.000000000000000000e+00,0.000000000000000000e+00,0.000000000000000000e+00,0.000000000000000000e+00
Mach,1.499999999999999944e-01,1.499999999999999944e-01,1.499999999999999944e-01,1.499999999999999944e-01,1.499999999999999944e-01,1.499999999999999944e-01,1.499999999999999944e-01,1.499999999999999944e-01,1.499999999999999944e-01
Results_Name,VSPAERO_Load
Results_Timestamp,1759254118
Results_Date,9,30,2025
Results_Time,13,41,58
AnalysisMethod,0
Chord,1.735640000000000072e+00,1.614919999999999911e+00,1.494220000000000104e+00,1.373529999999999918e+00,1.252869999999999928e+00,1.164679999999999938e+00,1.108950000000000102e+00,1.053230000000000111e+00,9.975300000000000278e-01,9.418400000000000105e-01,8.750400000000000400e-01,7.971099999999999852e-01,7.191899999999999959e-01,6.412799999999999612e-01,5.633799999999999919e-01,1.735640000000000072e+00,1.614919999999999911e+00,1.494220000000000104e+00,1.373529999999999918e+00,1.252869999999999928e+00,1.164679999999999938e+00,1.108950000000000102e+00,1.053230000000000111e+00,9.975300000000000278e-01,9.418400000000000105e-01,8.750400000000000400e-01,7.971099999999999852e-01,7.191899999999999959e-01,6.412799999999999612e-01,5.633799999999999919e-01,9.229000000000000536e-01,8.665699999999999514e-01,8.104299999999999837e-01,7.545199999999999685e-01,6.988999999999999657e-01,9.229000000000000536e-01,8.665699999999999514e-01,8.104299999999999837e-01,7.545199999999999685e-01,6.988999999999999657e-01
FC_AoA_,1.000000000000000000e+00
FC_Beta_,0.000000000000000000e+00
FC_Bref_,1.417173599999999922e+01
FC_Cref_,1.088920000000000110e+00
FC_Mach_,1.499999999999999944e-01
FC_Pitch_Rate,0.000000000000000000e+00
FC_Rho_,2.377000000000000206e-03
FC_Roll__Rate,0.000000000000000000e+00
FC_Sref_,1.619368700000000061e+01
FC_Vinf_,5.100000000000000000e+01
FC_Xcg_,1.774861999999999940e+00
FC_Yaw___Rate,0.000000000000000000e+00
FC_Ycg_,0.000000000000000000e+00
FC_Zcg_,7.545150000000000468e-01
S,3.314000000000000279e-02,8.981999999999999706e-02,1.368900000000000117e-01,1.839600000000000124e-01,2.310300000000000131e-01,2.997400000000000064e-01,4.117600000000000149e-01,5.454599999999999449e-01,6.791599999999999859e-01,8.128699999999999815e-01,9.157600000000000184e-01,9.578299999999999592e-01,9.698799999999999644e-01,9.819299999999999695e-01,9.939799999999999747e-01,3.314000000000000279e-02,8.981999999999999706e-02,1.368900000000000117e-01,1.839600000000000124e-01,2.310300000000000131e-01,2.997400000000000064e-01,4.117600000000000149e-01,5.454599999999999449e-01,6.791599999999999859e-01,8.128699999999999815e-01,9.157600000000000184e-01,9.578299999999999592e-01,9.698799999999999644e-01,9.819299999999999695e-01,9.939799999999999747e-01,1.020299999999999957e-01,3.035599999999999965e-01,5.025399999999999867e-01,7.015200000000000324e-01,9.005100000000000326e-01,1.020299999999999957e-01,3.035599999999999965e-01,5.025399999999999867e-01,7.015200000000000324e-01,9.005100000000000326e-01
V/Vref,1.006990000000000052e+00,1.007949999999999902e+00,1.006610000000000005e+00,1.006920000000000037e+00,1.009039999999999937e+00,1.007489999999999997e+00,1.005589999999999984e+00,1.001849999999999907e+00,1.001540000000000097e+00,1.001530000000000031e+00,1.004259999999999931e+00,1.004099999999999993e+00,1.004000000000000004e+00,1.003719999999999946e+00,1.004070000000000018e+00,1.008080000000000087e+00,1.008590000000000098e+00,1.006699999999999928e+00,1.007009999999999961e+00,1.008890000000000065e+00,1.007270000000000110e+00,1.005519999999999969e+00,1.001819999999999933e+00,1.001440000000000108e+00,1.001430000000000042e+00,1.003940000000000055e+00,1.003789999999999960e+00,1.003710000000000102e+00,1.003470000000000084e+00,1.003810000000000091e+00,9.907200000000000450e-01,9.971200000000000063e-01,1.011859999999999982e+00,1.010990000000000055e+00,1.002170000000000005e+00,9.901499999999999746e-01,9.965199999999999614e-01,1.011279999999999957e+00,1.013719999999999954e+00,1.003100000000000103e+00
WingId,1,1,1,1,1,1,1,1,1,1,1,1,1,1,1,2,2,2,2,2,2,2,2,2,2,2,2,2,2,2,3,3,3,3,3,4,4,4,4,4
Xavg,2.391169999999999796e+00,2.380489999999999995e+00,2.369810000000000194e+00,2.359129999999999949e+00,2.348450000000000149e+00,2.336259999999999781e+00,2.322589999999999932e+00,2.308860000000000134e+00,2.295059999999999878e+00,2.281190000000000051e+00,2.284749999999999837e+00,2.305000000000000160e+00,2.325239999999999974e+00,2.345470000000000166e+00,2.365699999999999914e+00,2.391169999999999796e+00,2.380489999999999995e+00,2.369810000000000194e+00,2.359129999999999949e+00,2.348450000000000149e+00,2.336259999999999781e+00,2.322589999999999932e+00,2.308860000000000134e+00,2.295059999999999878e+00,2.281190000000000051e+00,2.284749999999999837e+00,2.305000000000000160e+00,2.325239999999999974e+00,2.345470000000000166e+00,2.365699999999999914e+00,5.722059999999999924e+00,5.820210000000000328e+00,5.918350000000000222e+00,6.016490000000000116e+00,6.114630000000000010e+00,5.722059999999999924e+00,5.820210000000000328e+00,5.918350000000000222e+00,6.016490000000000116e+00,6.114630000000000010e+00
Yavg,1.718899999999999872e-01,5.195499999999999563e-01,8.671900000000000164e-01,1.214790000000000036e+00,1.562359999999999971e+00,2.229140000000000121e+00,3.217070000000000096e+00,4.204979999999999940e+00,5.192870000000000097e+00,6.180740000000000123e+00,6.716649999999999565e+00,6.791660000000000252e+00,6.866660000000000430e+00,6.941650000000000098e+00,7.016610000000000014e+00,-1.718899999999999872e-01,-5.195499999999999563e-01,-8.671900000000000164e-01,-1.214790000000000036e+00,-1.562359999999999971e+00,-2.229140000000000121e+00,-3.217070000000000096e+00,-4.204979999999999940e+00,-5.192870000000000097e+00,-6.180740000000000123e+00,-6.716649999999999565e+00,-6.791660000000000252e+00,-6.866660000000000430e+00,-6.941650000000000098e+00,-7.016610000000000014e+00,1.078800000000000037e-01,3.257399999999999740e-01,5.435900000000000176e-01,7.614400000000000057e-01,9.792699999999999738e-01,-1.078800000000000037e-01,-3.257399999999999740e-01,-5.435900000000000176e-01,-7.614400000000000057e-01,-9.792699999999999738e-01
Zavg,1.027309999999999945e+00,1.024350000000000094e+00,1.021379999999999955e+00,1.018420000000000103e+00,1.015449999999999964e+00,1.037979999999999903e+00,1.086500000000000021e+00,1.135019999999999918e+00,1.183540000000000036e+00,1.232069999999999999e+00,1.270329999999999959e+00,1.298289999999999944e+00,1.326240000000000085e+00,1.354190000000000005e+00,1.382130000000000081e+00,1.027309999999999945e+00,1.024350000000000094e+00,1.021379999999999955e+00,1.018420000000000103e+00,1.015449999999999964e+00,1.037979999999999903e+00,1.086500000000000021e+00,1.135019999999999918e+00,1.183540000000000036e+00,1.232069999999999999e+00,1.270329999999999959e+00,1.298289999999999944e+00,1.326240000000000085e+00,1.354190000000000005e+00,1.382130000000000081e+00,3.777900000000000147e-01,5.956799999999999873e-01,8.135799999999999699e-01,1.031470000000000109e+00,1.249349999999999961e+00,3.777900000000000147e-01,5.956799999999999873e-01,8.135799999999999699e-01,1.031470000000000109e+00,1.249349999999999961e+00
cd,-1.179999999999999973e-02,-1.183999999999999983e-02,5.557000000000000134e-02,7.158000000000000473e-02,8.290000000000000147e-02,8.355999999999999539e-02,-1.037000000000000074e-02,-4.460000000000000422e-03,-1.309999999999999967e-03,3.400000000000000244e-04,7.100000000000000191e-04,-7.799999999999999859e-04,-1.920000000000000049e-03,-2.200000000000000133e-03,-2.249999999999999830e-03,-1.152000000000000073e-02,-1.187000000000000034e-02,5.265000000000000235e-02,6.862999999999999656e-02,7.990999999999999492e-02,8.028000000000000413e-02,-1.016000000000000063e-02,-4.329999999999999648e-03,-1.330000000000000019e-03,2.500000000000000052e-04,5.800000000000000034e-04,-8.099999999999999561e-04,-1.809999999999999977e-03,-2.040000000000000147e-03,-2.089999999999999844e-03,7.699999999999999597e-04,-5.599999999999999509e-04,-8.389999999999999888e-03,-3.302000000000000074e-02,-1.699000000000000163e-02,1.090000000000000040e-03,-0.000000000000000000e+00,-2.919999999999999853e-03,-3.020000000000000115e-02,-1.694000000000000020e-02
cd*c/cref,-1.880813282885794926e-02,-1.755928148991661025e-02,7.625335690408846512e-02,9.028879752415236437e-02,9.538159185247765959e-02,8.937356353083787674e-02,-1.056074964184696742e-02,-4.313820850016530581e-03,-1.200055375968849588e-03,2.940763325129485935e-04,5.705454946185210471e-04,-5.709747272526906033e-04,-1.268086544466076257e-03,-1.295610329500789708e-03,-1.164093780994012025e-03,-1.836183815156301746e-02,-1.760377291261065735e-02,7.224652224222165298e-02,8.656775878852439321e-02,9.194141139844981547e-02,8.586536237740145794e-02,-1.034688682364177416e-02,-4.188081677258200658e-03,-1.218376832090511475e-03,2.162325974359916145e-04,4.660794181390735444e-04,-5.929352936854863582e-04,-1.195435752856040647e-03,-1.201384123718914022e-03,-1.081313778789993411e-03,6.526034970429416080e-04,-4.456518385188993681e-04,-6.244267439297651601e-03,-2.287978033280681570e-02,-1.090466792785512069e-02,9.238153399698784520e-04,-0.000000000000000000e+00,-2.173213459207287441e-03,-2.092578334496565315e-02,-1.087257649781434542e-02
cl,4.643999999999999795e-01,5.526999999999999691e-01,8.277499999999999858e-01,9.736900000000000555e-01,1.074359999999999982e+00,1.087669999999999915e+00,4.683300000000000241e-01,3.281700000000000172e-01,2.723400000000000265e-01,2.227500000000000036e-01,1.846299999999999886e-01,1.725599999999999912e-01,1.596299999999999941e-01,1.414400000000000102e-01,1.073999999999999955e-01,4.526700000000000168e-01,5.362900000000000444e-01,8.094599999999999573e-01,9.542599999999999971e-01,1.053209999999999980e+00,1.063819999999999988e+00,4.423500000000000210e-01,3.065300000000000247e-01,2.548799999999999955e-01,2.100299999999999945e-01,1.737599999999999978e-01,1.627000000000000113e-01,1.517600000000000060e-01,1.351600000000000024e-01,1.028599999999999931e-01,-4.057999999999999802e-02,7.219999999999999855e-03,1.260999999999999899e-01,-2.115200000000000136e-01,-1.513500000000000123e-01,-4.487000000000000016e-02,-7.600000000000000418e-04,-9.606000000000000649e-02,-3.986199999999999743e-01,-1.509999999999999953e-01
cl*c/cref,7.402116004848839914e-01,8.196803107666309485e-01,1.135841572383646136e+00,1.228182442879182767e+00,1.236117816919516166e+00,1.163343033097013368e+00,4.769446364287551199e-01,3.174140332623149874e-01,2.494832680086691290e-01,1.926632443154685237e-01,1.483659361569261148e-01,1.263171781214413869e-01,1.054295078609998743e-01,8.329596591117803539e-02,5.556607647944751538e-02,7.215150413253498263e-01,7.953435025529882463e-01,1.110743967600925641e+00,1.203674041986555254e+00,1.211783430095874525e+00,1.137833704588032013e+00,4.504867506336553418e-01,2.964832971200823120e-01,2.334886368144583335e-01,1.816613297579252606e-01,1.396309649928369201e-01,1.190994719538625291e-01,1.002316739521727923e-01,7.959758733423941135e-02,5.321719391690848261e-02,-3.439305183117216669e-02,5.745725489475809848e-03,9.385007438562978366e-02,-1.465636322227528154e-01,-9.714075873342392642e-02,-3.802898560041141629e-02,-6.048132094185063512e-04,-7.149276879844249089e-02,-2.762064820188810388e-01,-9.691611872313850296e-02
cmx,4.555000000000000021e-02,1.729799999999999949e-01,4.735699999999999910e-01,8.575899999999999634e-01,1.339879999999999960e+00,2.109459999999999891e+00,1.376279999999999948e+00,1.316940000000000000e+00,1.424569999999999892e+00,1.468739999999999934e+00,1.456499999999999906e+00,1.511020000000000030e+00,1.566480000000000095e+00,1.573600000000000110e+00,1.375289999999999901e+00,-4.440999999999999809e-02,-1.678800000000000014e-01,-4.632600000000000051e-01,-8.405500000000000194e-01,-1.313590000000000035e+00,-2.063229999999999897e+00,-1.300149999999999917e+00,-1.230050000000000088e+00,-1.333190000000000097e+00,-1.384810000000000096e+00,-1.370489999999999986e+00,-1.424430000000000085e+00,-1.489079999999999959e+00,-1.503689999999999971e+00,-1.317260000000000097e+00,1.277999999999999969e-02,1.309999999999999967e-03,1.562699999999999922e-01,-2.094399999999999873e-01,-3.276399999999999868e-01,-1.408000000000000050e-02,1.399999999999999877e-04,1.255999999999999998e-02,3.657500000000000195e-01,3.271999999999999909e-01
cmx*c/cref,7.260258053851521842e-02,2.565375432538661848e-01,6.498344831576240432e-01,1.081737494673621347e+00,1.541615045733386813e+00,2.256222562539028864e+00,1.401595806854497805e+00,1.273776509018109682e+00,1.305009837361789327e+00,1.270357860632553182e+00,1.170421849171656259e+00,1.106095169709436776e+00,1.034600109466260021e+00,9.267147338647465649e-01,7.115406826947799912e-01,-7.078552363810013126e-02,-2.489740013958784415e-01,-6.356870635124710622e-01,-1.060243765841383912e+00,-1.511366770102486656e+00,-2.206776178598978344e+00,-1.324065443283253041e+00,-1.189734380395254032e+00,-1.221299104341916797e+00,-1.197764253021342151e+00,-1.101305485802446471e+00,-1.042709654795577201e+00,-9.834803706424712910e-01,-8.855437710759282988e-01,-6.815174106454100489e-01,1.083152297689453716e-02,1.042506979392425351e-03,1.163041326268228898e-01,-1.451223862175366197e-01,-2.102887227711860707e-01,-1.193332108878521897e-02,1.114129596297248420e-04,9.347794879329976436e-03,2.534306376960658302e-01,2.100063181868272733e-01
cmy,-8.841000000000000247e-02,-1.222799999999999998e-01,-2.440400000000000069e-01,-3.181300000000000239e-01,-3.769100000000000228e-01,-4.003300000000000192e-01,-1.393000000000000071e-01,-9.586999999999999689e-02,-7.666000000000000592e-02,-5.949999999999999734e-02,-5.861000000000000237e-02,-6.869999999999999718e-02,-7.994999999999999329e-02,-8.809999999999999776e-02,-8.451000000000000179e-02,-8.340999999999999803e-02,-1.149499999999999966e-01,-2.363099999999999923e-01,-3.099799999999999778e-01,-3.678799999999999848e-01,-3.898400000000000198e-01,-1.265499999999999958e-01,-8.544000000000000206e-02,-6.821000000000000674e-02,-5.322000000000000342e-02,-5.254999999999999949e-02,-6.250000000000000000e-02,-7.462000000000000577e-02,-8.333999999999999742e-02,-8.043000000000000149e-02,1.547000000000000042e-01,-3.574999999999999706e-02,-6.152199999999999891e-01,1.123170000000000002e+00,8.727399999999999602e-01,1.737900000000000000e-01,3.459999999999999968e-03,5.497100000000000319e-01,2.175959999999999894e+00,8.742799999999999461e-01
cmy*c/cref,-1.409175443558755569e-01,-1.813470389009293193e-01,-3.348725790691694515e-01,-4.012793399882451650e-01,-4.336583327517172237e-01,-4.281823682180508350e-01,-1.418623360761121222e-01,-9.272780378723873007e-02,-7.022614131432979023e-02,-5.146335818976600224e-02,-4.709812878815707038e-02,-5.028969713110236633e-02,-5.280391626565770352e-02,-5.188330455864525320e-02,-4.372336241413509600e-02,-1.329479965470374281e-01,-1.704763012893508733e-01,-3.242654448444330373e-01,-3.909991821254085731e-01,-4.232687576681481434e-01,-4.169625419681886047e-01,-1.288778078279395889e-01,-8.263965323439738386e-02,-6.248532610292766715e-02,-4.603159534217389492e-02,-4.222840245380744123e-02,-4.575118006832457063e-02,-4.928365518128053485e-02,-4.908007493663445187e-02,-4.161247235793262556e-02,1.311139753149909992e-01,-2.845009504830473684e-02,-4.578782138265437007e-01,7.782520556147374258e-01,5.601494930757079382e-01,1.472934568196010707e-01,2.753491716563200107e-03,4.091223187194651389e-01,1.507737335341438945e+00,5.611379091209637293e-01
cmz,3.269999999999999903e-03,2.373000000000000109e-02,8.089999999999999969e-03,-2.887999999999999942e-02,-7.248000000000000276e-02,-1.742700000000000082e-01,1.813000000000000028e-02,3.558999999999999664e-02,2.792000000000000037e-02,1.974000000000000060e-02,-3.409999999999999837e-03,7.429999999999999973e-03,1.774999999999999842e-02,2.222000000000000017e-02,2.501000000000000098e-02,-3.020000000000000115e-03,-2.270000000000000143e-02,-8.229999999999999469e-03,2.727999999999999869e-02,6.973999999999999644e-02,1.676900000000000057e-01,-1.762000000000000025e-02,-3.423999999999999960e-02,-2.691999999999999948e-02,-1.927999999999999853e-02,1.319999999999999993e-03,-8.810000000000000123e-03,-1.743000000000000105e-02,-2.103999999999999967e-02,-2.340000000000000066e-02,1.574899999999999911e-01,-1.973000000000000101e-02,-2.383430000000000160e+00,-6.667499999999999538e-01,9.753300000000000303e-01,-1.772600000000000009e-01,-1.135000000000000071e-02,2.402320000000000011e+00,8.564199999999999591e-01,-9.791900000000000048e-01
cmz*c/cref,5.212084266980126883e-03,3.519271535098996567e-02,1.110112753921316600e-02,-3.642833853726627075e-02,-8.339273555449434883e-02,-1.863945777467582443e-01,1.846348997171509340e-02,3.442351660360724180e-02,2.557675274583991187e-02,1.707372589354589840e-02,-2.740225544576277081e-03,5.438900286522424694e-03,1.172319591889211046e-02,1.308566432795797360e-02,1.293954909451566423e-02,-4.813606876538221134e-03,-3.366517650516107074e-02,-1.129323605039856022e-02,3.441014803658670046e-02,8.024019560665611450e-02,1.793567839694375776e-01,-1.794410884178819152e-02,-3.311776365573228242e-02,-2.466067993975681882e-02,-1.667585791426367051e-02,1.060732468868236331e-03,-6.449086342431031155e-03,-1.151184816148109920e-02,-1.239074606031664166e-02,-1.210657532233772732e-02,1.334786035705102236e-01,-1.570126923924622386e-02,-1.773870601054255536e+00,-4.619955644124452698e-01,6.259946892333687618e-01,-1.502344102413400440e-01,-9.032407798552693698e-03,1.787929505932483343e+00,5.934191845130954990e-01,-6.284721476325164646e-01
cs,6.150000000000000085e-03,3.031999999999999973e-02,5.183000000000000107e-02,3.363000000000000017e-02,1.867999999999999869e-02,-8.874999999999999556e-02,-5.603999999999999954e-02,-1.683000000000000121e-02,-1.348000000000000066e-02,-1.238999999999999997e-02,-6.622000000000000108e-02,-5.967999999999999694e-02,-5.356999999999999956e-02,-4.585000000000000187e-02,-3.422999999999999654e-02,-5.799999999999999600e-03,-2.896999999999999922e-02,-4.993999999999999828e-02,-3.252000000000000030e-02,-1.779000000000000026e-02,8.698999999999999788e-02,5.387999999999999734e-02,1.554999999999999959e-02,1.255000000000000039e-02,1.158999999999999961e-02,6.198000000000000037e-02,5.589999999999999830e-02,5.074000000000000038e-02,4.376000000000000029e-02,3.280999999999999889e-02,4.120999999999999663e-02,-3.919999999999999873e-03,-4.598599999999999910e-01,-1.061900000000000066e-01,1.642399999999999971e-01,-4.565000000000000308e-02,-2.550000000000000183e-03,4.558499999999999774e-01,1.325900000000000134e-01,-1.642899999999999916e-01
cs*c/cref,9.802543804870880381e-03,4.496599786944861787e-02,7.112131524813576633e-02,4.241984158615875328e-02,2.149249862248833048e-02,-9.492465011203758685e-02,-5.707082062961466029e-02,-1.627838675017448736e-02,-1.234866142600007238e-02,-1.071648752892774385e-02,-5.321341218822319558e-02,-4.368688682364176706e-02,-3.538093551408735132e-02,-2.700169709436872970e-02,-1.770974672152223622e-02,-9.244675458252211292e-03,-4.296388384821657469e-02,-6.852785034713293477e-02,-4.101972192631229974e-02,-2.046849842045328841e-02,9.304220071263268055e-02,5.487108878521837485e-02,1.504033951070785601e-02,1.149671371634279800e-02,1.002454321713257095e-02,4.980621092458582810e-02,4.091985545310949240e-02,3.351182878448370761e-02,2.577086728134297608e-02,1.697507420196157218e-02,3.492700014693457533e-02,-3.119562869632295631e-03,-3.422513497777613933e-01,-7.357976600668551803e-02,1.054139293979355491e-01,-3.869006446754582468e-02,-2.029307478969988397e-03,3.392669025272746497e-01,9.187250376519855155e-02,-1.054460208279763139e-01
cx,-1.990000000000000102e-02,-2.147999999999999909e-02,4.111000000000000071e-02,5.457999999999999657e-02,6.413000000000000644e-02,6.457000000000000239e-02,-1.854000000000000092e-02,-1.018999999999999941e-02,-6.060000000000000282e-03,-3.550000000000000204e-03,-2.520000000000000104e-03,-3.789999999999999966e-03,-4.709999999999999777e-03,-4.660000000000000080e-03,-4.120000000000000398e-03,-1.941999999999999976e-02,-2.122999999999999887e-02,3.851999999999999869e-02,5.195999999999999924e-02,6.151999999999999830e-02,6.169999999999999790e-02,-1.788000000000000006e-02,-9.679999999999999369e-03,-5.780000000000000415e-03,-3.419999999999999863e-03,-2.449999999999999921e-03,-3.650000000000000033e-03,-4.460000000000000422e-03,-4.400000000000000265e-03,-3.889999999999999795e-03,1.479999999999999979e-03,-6.800000000000000488e-04,-1.058000000000000086e-02,-2.931999999999999884e-02,-1.434999999999999991e-02,1.869999999999999917e-03,1.000000000000000082e-05,-1.240000000000000000e-03,-2.324000000000000024e-02,-1.430000000000000021e-02
cx*c/cref,-3.171880027917569483e-02,-3.185585864893655111e-02,5.641129210593983506e-02,6.884552345443190058e-02,7.378554264776107652e-02,6.906236234066780166e-02,-1.888103166440142575e-02,-9.856016695441354239e-03,-5.551401204863534201e-03,-3.070502883591081072e-03,-2.025034713293905921e-03,-2.774351559343201951e-03,-3.110774804393343345e-03,-2.744338243397126918e-03,-2.131585056753480464e-03,-3.095372368952723635e-02,-3.148509679315283916e-02,5.285728464901003065e-02,6.554073650956909747e-02,7.078257576314143928e-02,6.599268633141092133e-02,-1.820889137861367302e-02,-9.362732248466369353e-03,-5.294900819160268217e-03,-2.958061932924365041e-03,-1.968783749035741843e-03,-2.671868915990154806e-03,-2.945659368915989982e-03,-2.591220659001579416e-03,-2.012588803585203204e-03,1.254354773537082537e-03,-5.411486610586636230e-04,-7.874177533703117723e-03,-2.031602541968188444e-02,-9.210240421702235378e-03,1.584894207104286731e-03,7.958068544980347796e-06,-9.228714689784372691e-04,-1.610315248135767499e-02,-9.178148991661460102e-03
cy,6.150000000000000085e-03,3.031999999999999973e-02,5.183000000000000107e-02,3.363000000000000017e-02,1.867999999999999869e-02,-8.874999999999999556e-02,-5.603999999999999954e-02,-1.683000000000000121e-02,-1.348000000000000066e-02,-1.238999999999999997e-02,-6.622000000000000108e-02,-5.967999999999999694e-02,-5.356999999999999956e-02,-4.585000000000000187e-02,-3.422999999999999654e-02,-5.799999999999999600e-03,-2.896999999999999922e-02,-4.993999999999999828e-02,-3.252000000000000030e-02,-1.779000000000000026e-02,8.698999999999999788e-02,5.387999999999999734e-02,1.554999999999999959e-02,1.255000000000000039e-02,1.158999999999999961e-02,6.198000000000000037e-02,5.589999999999999830e-02,5.074000000000000038e-02,4.376000000000000029e-02,3.280999999999999889e-02,4.120999999999999663e-02,-3.919999999999999873e-03,-4.598599999999999910e-01,-1.061900000000000066e-01,1.642399999999999971e-01,-4.565000000000000308e-02,-2.550000000000000183e-03,4.558499999999999774e-01,1.325900000000000134e-01,-1.642899999999999916e-01
cy*c/cref,9.802543804870880381e-03,4.496599786944861787e-02,7.112131524813576633e-02,4.241984158615875328e-02,2.149249862248833048e-02,-9.492465011203758685e-02,-5.707082062961466029e-02,-1.627838675017448736e-02,-1.234866142600007238e-02,-1.071648752892774385e-02,-5.321341218822319558e-02,-4.368688682364176706e-02,-3.538093551408735132e-02,-2.700169709436872970e-02,-1.770974672152223622e-02,-9.244675458252211292e-03,-4.296388384821657469e-02,-6.852785034713293477e-02,-4.101972192631229974e-02,-2.046849842045328841e-02,9.304220071263268055e-02,5.487108878521837485e-02,1.504033951070785601e-02,1.149671371634279800e-02,1.002454321713257095e-02,4.980621092458582810e-02,4.091985545310949240e-02,3.351182878448370761e-02,2.577086728134297608e-02,1.697507420196157218e-02,3.492700014693457533e-02,-3.119562869632295631e-03,-3.422513497777613933e-01,-7.357976600668551803e-02,1.054139293979355491e-01,-3.869006446754582468e-02,-2.029307478969988397e-03,3.392669025272746497e-01,9.187250376519855155e-02,-1.054460208279763139e-01
cz,4.641199999999999770e-01,5.524099999999999566e-01,8.285900000000000487e-01,9.747900000000000453e-01,1.075639999999999930e+00,1.088959999999999928e+00,4.680799999999999961e-01,3.280399999999999983e-01,2.722800000000000220e-01,2.227200000000000013e-01,1.846200000000000063e-01,1.725200000000000067e-01,1.595699999999999896e-01,1.413800000000000057e-01,1.073400000000000049e-01,4.524000000000000243e-01,5.360000000000000320e-01,8.102599999999999802e-01,9.553099999999999925e-01,1.054450000000000109e+00,1.065059999999999896e+00,4.420999999999999930e-01,3.064100000000000157e-01,2.548199999999999910e-01,2.099999999999999922e-01,1.737400000000000055e-01,1.626599999999999990e-01,1.517000000000000015e-01,1.351100000000000079e-01,1.028099999999999986e-01,-4.055999999999999883e-02,7.210000000000000263e-03,1.259299999999999864e-01,-2.120599999999999985e-01,-1.516200000000000048e-01,-4.485000000000000098e-02,-7.600000000000000418e-04,-9.610000000000000486e-02,-3.990900000000000003e-01,-1.512699999999999878e-01
cz*c/cref,7.397653058075891463e-01,8.192502270139218057e-01,1.136994223450758623e+00,1.229569948848399985e+00,1.237590536311206968e+00,1.164722782940895263e+00,4.766900378356536683e-01,3.172882940895566106e-01,2.494283036403041331e-01,1.926372964037761926e-01,1.483579003048892397e-01,1.262878973661976933e-01,1.053898801564853022e-01,8.326063108400982848e-02,5.553503397862100815e-02,7.210846857436726820e-01,7.949134188002791035e-01,1.111841730521985205e+00,1.204998479502626285e+00,1.213210127006575156e+00,1.139159975755794418e+00,4.502321520405538902e-01,2.963672301913822804e-01,2.334336724460933377e-01,1.816353818462329295e-01,1.396148932887631700e-01,1.190701911986187939e-01,1.001920462476582202e-01,7.956814164493258845e-02,5.319132516621973006e-02,-3.437610109098923616e-02,5.737767420930830510e-03,9.372355168423757155e-02,-1.469378018587223778e-01,-9.731405245564410389e-02,-3.801203486022847883e-02,-6.048132094185063512e-04,-7.152253884582888965e-02,-2.765321481835212869e-01,-9.708941244535868043e-02
Results_Name,VSPAERO_Comp_Load
Results_Timestamp,1759254118
Results_Date,9,30,2025
Results_Time,13,41,58
AoA,1.000000000000000000e+00,1.000000000000000000e+00,1.000000000000000000e+00,1.000000000000000000e+00,1.000000000000000000e+00,1.000000000000000000e+00,1.000000000000000000e+00,1.000000000000000000e+00,1.000000000000000000e+00
Beta,0.000000000000000000e+00,0.000000000000000000e+00,0.000000000000000000e+00,0.000000000000000000e+00,0.000000000000000000e+00,0.000000000000000000e+00,0.000000000000000000e+00,0.000000000000000000e+00,0.000000000000000000e+00
CDi,0.000000000000000000e+00,1.017000000000000022e-02,9.700000000000000289e-03,-8.199999999999999824e-04,-6.800000000000000488e-04,0.000000000000000000e+00,0.000000000000000000e+00,0.000000000000000000e+00,0.000000000000000000e+00
CFx,0.000000000000000000e+00,5.219999999999999814e-03,4.919999999999999894e-03,-7.600000000000000418e-04,-5.100000000000000366e-04,0.000000000000000000e+00,0.000000000000000000e+00,0.000000000000000000e+00,0.000000000000000000e+00
CFy,0.000000000000000000e+00,-9.249999999999999542e-03,8.920000000000000845e-03,-5.700000000000000205e-03,5.830000000000000113e-03,0.000000000000000000e+00,0.000000000000000000e+00,0.000000000000000000e+00,0.000000000000000000e+00
CFz,0.000000000000000000e+00,2.836299999999999932e-01,2.740799999999999903e-01,-3.700000000000000164e-03,-9.939999999999999183e-03,0.000000000000000000e+00,0.000000000000000000e+00,0.000000000000000000e+00,0.000000000000000000e+00
CL,0.000000000000000000e+00,2.834900000000000198e-01,2.739599999999999813e-01,-3.680000000000000111e-03,-9.929999999999999591e-03,0.000000000000000000e+00,0.000000000000000000e+00,0.000000000000000000e+00,0.000000000000000000e+00
Cmx,0.000000000000000000e+00,4.721999999999999809e-02,-4.517000000000000182e-02,-2.200000000000000078e-04,4.899999999999999842e-04,-6.999999999999999387e-05,6.999999999999999387e-05,-0.000000000000000000e+00,0.000000000000000000e+00
Cmy,0.000000000000000000e+00,-1.000999999999999945e-01,-9.531000000000000583e-02,1.333999999999999943e-02,3.774999999999999883e-02,-1.080000000000000014e-03,-1.500000000000000031e-03,0.000000000000000000e+00,5.000000000000000240e-05
Cmz,0.000000000000000000e+00,-6.700000000000000226e-04,6.400000000000000524e-04,-1.789999999999999925e-03,1.889999999999999970e-03,-3.000000000000000076e-05,3.000000000000000076e-05,2.000000000000000164e-05,8.000000000000000654e-05
Comp_ID,0,1,2,3,4,5,6,7,8
Comp_Name,NONE,main_wing,main_wing,horizontal_tail,horizontal_tail,fuselage,fuselage,fuselage,fuselage
Cs,0.000000000000000000e+00,-9.249999999999999542e-03,8.920000000000000845e-03,-5.700000000000000205e-03,5.830000000000000113e-03,0.000000000000000000e+00,0.000000000000000000e+00,0.000000000000000000e+00,0.000000000000000000e+00
Mach,1.499999999999999944e-01,1.499999999999999944e-01,1.499999999999999944e-01,1.499999999999999944e-01,1.499999999999999944e-01,1.499999999999999944e-01,1.499999999999999944e-01,1.499999999999999944e-01,1.499999999999999944e-01
Results_Name,VSPAERO_Load
Results_Timestamp,1759254118
Results_Date,9,30,2025
Results_Time,13,41,58
AnalysisMethod,0
Chord,1.735640000000000072e+00,1.614919999999999911e+00,1.494220000000000104e+00,1.373529999999999918e+00,1.252869999999999928e+00,1.164679999999999938e+00,1.108950000000000102e+00,1.053230000000000111e+00,9.975300000000000278e-01,9.418400000000000105e-01,8.750400000000000400e-01,7.971099999999999852e-01,7.191899999999999959e-01,6.412799999999999612e-01,5.633799999999999919e-01,1.735640000000000072e+00,1.614919999999999911e+00,1.494220000000000104e+00,1.373529999999999918e+00,1.252869999999999928e+00,1.164679999999999938e+00,1.108950000000000102e+00,1.053230000000000111e+00,9.975300000000000278e-01,9.418400000000000105e-01,8.750400000000000400e-01,7.971099999999999852e-01,7.191899999999999959e-01,6.412799999999999612e-01,5.633799999999999919e-01,9.229000000000000536e-01,8.665699999999999514e-01,8.104299999999999837e-01,7.545199999999999685e-01,6.988999999999999657e-01,9.229000000000000536e-01,8.665699999999999514e-01,8.104299999999999837e-01,7.545199999999999685e-01,6.988999999999999657e-01
FC_AoA_,2.000000000000000000e+00
FC_Beta_,0.000000000000000000e+00
FC_Bref_,1.417173599999999922e+01
FC_Cref_,1.088920000000000110e+00
FC_Mach_,1.499999999999999944e-01
FC_Pitch_Rate,0.000000000000000000e+00
FC_Rho_,2.377000000000000206e-03
FC_Roll__Rate,0.000000000000000000e+00
FC_Sref_,1.619368700000000061e+01
FC_Vinf_,5.100000000000000000e+01
FC_Xcg_,1.774861999999999940e+00
FC_Yaw___Rate,0.000000000000000000e+00
FC_Ycg_,0.000000000000000000e+00
FC_Zcg_,7.545150000000000468e-01
S,3.314000000000000279e-02,8.981999999999999706e-02,1.368900000000000117e-01,1.839600000000000124e-01,2.310300000000000131e-01,2.997400000000000064e-01,4.117600000000000149e-01,5.454599999999999449e-01,6.791599999999999859e-01,8.128699999999999815e-01,9.157600000000000184e-01,9.578299999999999592e-01,9.698799999999999644e-01,9.819299999999999695e-01,9.939799999999999747e-01,3.314000000000000279e-02,8.981999999999999706e-02,1.368900000000000117e-01,1.839600000000000124e-01,2.310300000000000131e-01,2.997400000000000064e-01,4.117600000000000149e-01,5.454599999999999449e-01,6.791599999999999859e-01,8.128699999999999815e-01,9.157600000000000184e-01,9.578299999999999592e-01,9.698799999999999644e-01,9.819299999999999695e-01,9.939799999999999747e-01,1.020299999999999957e-01,3.035599999999999965e-01,5.025399999999999867e-01,7.015200000000000324e-01,9.005100000000000326e-01,1.020299999999999957e-01,3.035599999999999965e-01,5.025399999999999867e-01,7.015200000000000324e-01,9.005100000000000326e-01
V/Vref,1.004720000000000057e+00,1.004639999999999977e+00,1.009959999999999969e+00,1.009120000000000017e+00,1.011560000000000015e+00,1.012119999999999909e+00,1.002299999999999969e+00,1.002320000000000100e+00,1.001349999999999962e+00,1.001470000000000082e+00,1.005419999999999980e+00,1.005260000000000042e+00,1.005190000000000028e+00,1.004839999999999955e+00,1.005449999999999955e+00,1.006059999999999954e+00,1.005370000000000097e+00,1.010180000000000078e+00,1.009100000000000108e+00,1.011319999999999997e+00,1.011849999999999916e+00,1.002170000000000005e+00,1.002210000000000045e+00,1.001219999999999999e+00,1.001339999999999897e+00,1.005049999999999999e+00,1.004920000000000035e+00,1.004860000000000086e+00,1.004550000000000054e+00,1.005149999999999988e+00,9.912300000000000555e-01,9.974899999999999878e-01,1.116880000000000095e+00,9.990900000000000336e-01,1.001589999999999980e+00,9.902499999999999636e-01,9.971900000000000208e-01,1.101779999999999982e+00,9.973999999999999533e-01,1.000990000000000046e+00
WingId,1,1,1,1,1,1,1,1,1,1,1,1,1,1,1,2,2,2,2,2,2,2,2,2,2,2,2,2,2,2,3,3,3,3,3,4,4,4,4,4
Xavg,2.391169999999999796e+00,2.380489999999999995e+00,2.369810000000000194e+00,2.359129999999999949e+00,2.348450000000000149e+00,2.336259999999999781e+00,2.322589999999999932e+00,2.308860000000000134e+00,2.295059999999999878e+00,2.281190000000000051e+00,2.284749999999999837e+00,2.305000000000000160e+00,2.325239999999999974e+00,2.345470000000000166e+00,2.365699999999999914e+00,2.391169999999999796e+00,2.380489999999999995e+00,2.369810000000000194e+00,2.359129999999999949e+00,2.348450000000000149e+00,2.336259999999999781e+00,2.322589999999999932e+00,2.308860000000000134e+00,2.295059999999999878e+00,2.281190000000000051e+00,2.284749999999999837e+00,2.305000000000000160e+00,2.325239999999999974e+00,2.345470000000000166e+00,2.365699999999999914e+00,5.722059999999999924e+00,5.820210000000000328e+00,5.918350000000000222e+00,6.016490000000000116e+00,6.114630000000000010e+00,5.722059999999999924e+00,5.820210000000000328e+00,5.918350000000000222e+00,6.016490000000000116e+00,6.114630000000000010e+00
Yavg,1.718899999999999872e-01,5.195499999999999563e-01,8.671900000000000164e-01,1.214790000000000036e+00,1.562359999999999971e+00,2.229140000000000121e+00,3.217070000000000096e+00,4.204979999999999940e+00,5.192870000000000097e+00,6.180740000000000123e+00,6.716649999999999565e+00,6.791660000000000252e+00,6.866660000000000430e+00,6.941650000000000098e+00,7.016610000000000014e+00,-1.718899999999999872e-01,-5.195499999999999563e-01,-8.671900000000000164e-01,-1.214790000000000036e+00,-1.562359999999999971e+00,-2.229140000000000121e+00,-3.217070000000000096e+00,-4.204979999999999940e+00,-5.192870000000000097e+00,-6.180740000000000123e+00,-6.716649999999999565e+00,-6.791660000000000252e+00,-6.866660000000000430e+00,-6.941650000000000098e+00,-7.016610000000000014e+00,1.078800000000000037e-01,3.257399999999999740e-01,5.435900000000000176e-01,7.614400000000000057e-01,9.792699999999999738e-01,-1.078800000000000037e-01,-3.257399999999999740e-01,-5.435900000000000176e-01,-7.614400000000000057e-01,-9.792699999999999738e-01
Zavg,1.027309999999999945e+00,1.024350000000000094e+00,1.021379999999999955e+00,1.018420000000000103e+00,1.015449999999999964e+00,1.037979999999999903e+00,1.086500000000000021e+00,1.135019999999999918e+00,1.183540000000000036e+00,1.232069999999999999e+00,1.270329999999999959e+00,1.298289999999999944e+00,1.326240000000000085e+00,1.354190000000000005e+00,1.382130000000000081e+00,1.027309999999999945e+00,1.024350000000000094e+00,1.021379999999999955e+00,1.018420000000000103e+00,1.015449999999999964e+00,1.037979999999999903e+00,1.086500000000000021e+00,1.135019999999999918e+00,1.183540000000000036e+00,1.232069999999999999e+00,1.270329999999999959e+00,1.298289999999999944e+00,1.326240000000000085e+00,1.354190000000000005e+00,1.382130000000000081e+00,3.777900000000000147e-01,5.956799999999999873e-01,8.135799999999999699e-01,1.031470000000000109e+00,1.249349999999999961e+00,3.777900000000000147e-01,5.956799999999999873e-01,8.135799999999999699e-01,1.031470000000000109e+00,1.249349999999999961e+00
cd,-9.419999999999999554e-03,-8.949999999999999623e-03,6.557000000000000328e-02,8.019999999999999352e-02,9.107999999999999430e-02,9.285999999999999810e-02,-1.106999999999999998e-02,-5.259999999999999919e-03,-9.399999999999999719e-04,1.490000000000000005e-03,2.119999999999999923e-03,-5.699999999999999772e-04,-2.739999999999999814e-03,-3.299999999999999982e-03,-3.579999999999999849e-03,-9.239999999999999949e-03,-9.199999999999999845e-03,6.230999999999999733e-02,7.678999999999999715e-02,8.748999999999999833e-02,8.909999999999999865e-02,-1.099999999999999936e-02,-5.219999999999999814e-03,-1.059999999999999961e-03,1.319999999999999993e-03,1.940000000000000101e-03,-5.900000000000000296e-04,-2.589999999999999854e-03,-3.109999999999999917e-03,-3.380000000000000192e-03,-9.000000000000000567e-05,-6.300000000000000261e-04,-1.446000000000000063e-02,-1.456000000000000003e-02,-1.350999999999999944e-02,1.299999999999999886e-04,-3.200000000000000262e-04,-1.285000000000000031e-02,-1.285999999999999990e-02,-1.225000000000000047e-02
cd*c/cref,-1.501462807185100640e-02,-1.327327443705689745e-02,8.997539341733093443e-02,1.011617988465635387e-01,1.047931892150019834e-01,9.932059728905702489e-02,-1.127362570253094727e-02,-5.087600374683171923e-03,-8.611084377181058708e-04,1.288746280718509971e-03,1.703600631818682652e-03,-4.172507622231200479e-04,-1.809665172831796415e-03,-1.943415494251184237e-03,-1.852202549314916962e-03,-1.472772435073283620e-02,-1.364403629284060941e-02,8.550200951401389082e-02,9.686053034199020029e-02,1.006626715461190619e-01,9.529900084487380463e-02,-1.120233809646254894e-02,-5.048911398449839640e-03,-9.710371744480768676e-04,1.141708114462035729e-03,1.558955295154832322e-03,-4.318911398449839568e-04,-1.710595911545384181e-03,-1.831521874885207049e-03,-1.748727546559893965e-03,-7.627833082320097720e-05,-5.013583183337618366e-04,-1.076187213018403414e-02,-1.008872203651324170e-02,-8.671104397017225310e-03,1.101798111890680556e-04,-2.546581934393711295e-04,-9.563627722881386586e-03,-8.910780589942327717e-03,-7.862400359989713677e-03
cl,5.566200000000000037e-01,6.609000000000000430e-01,9.352300000000000058e-01,1.075839999999999907e+00,1.181890000000000107e+00,1.209889999999999910e+00,5.869299999999999518e-01,4.285700000000000065e-01,3.695599999999999996e-01,3.082599999999999785e-01,2.575999999999999956e-01,2.419900000000000106e-01,2.256199999999999872e-01,2.016799999999999982e-01,1.555300000000000016e-01,5.431700000000000417e-01,6.432400000000000340e-01,9.158399999999999874e-01,1.054610000000000047e+00,1.158400000000000096e+00,1.183850000000000069e+00,5.593200000000000394e-01,4.058300000000000241e-01,3.512700000000000267e-01,2.949600000000000000e-01,2.467199999999999949e-01,2.326300000000000034e-01,2.177900000000000114e-01,1.952599999999999891e-01,1.507999999999999896e-01,-2.528999999999999998e-02,6.629999999999999609e-03,4.343999999999999945e-02,-1.795799999999999896e-01,-1.325699999999999934e-01,-2.698000000000000051e-02,5.640000000000000048e-03,4.998999999999999971e-02,-1.696199999999999930e-01,-1.235399999999999970e-01
cl*c/cref,8.872019402710942249e-01,9.801460419498216892e-01,1.283326020827976421e+00,1.357031292656944110e+00,1.359837751441795417e+00,1.294066309003415904e+00,5.977262089960694302e-01,4.145233636079785344e-01,3.385438662160672463e-01,2.666234419424750590e-01,2.070035484700437078e-01,1.771412490357418268e-01,1.490133782096021431e-01,1.187721323880542024e-01,8.046733589244386975e-02,8.657638566653197421e-01,9.539554244572603370e-01,1.256718992028799109e+00,1.330252427451052100e+00,1.332811049480218779e+00,1.266214614480402512e+00,5.696083403739484741e-01,3.925286806193292732e-01,3.217888945928075173e-01,2.551198677588803476e-01,1.982605414539176381e-01,1.702895523087095131e-01,1.438419627704514425e-01,1.149913058810564381e-01,7.802015207728756063e-02,-2.143421096131947062e-02,5.276199445321969918e-03,3.233027146163170579e-02,-1.244321911618851556e-01,-8.508721761010908102e-02,-2.286654850677735662e-02,4.488350659368915696e-03,3.720511672115490304e-02,-1.175308400984461515e-01,-7.929150534474523060e-02
cmx,5.446999999999999759e-02,2.072499999999999898e-01,5.346499999999999586e-01,9.489499999999999602e-01,1.475340000000000096e+00,2.351589999999999847e+00,1.714979999999999949e+00,1.719100000000000072e+00,1.932129999999999903e+00,2.031989999999999963e+00,2.030559999999999921e+00,2.116150000000000198e+00,2.209999999999999964e+00,2.238539999999999974e+00,1.986539999999999973e+00,-5.317000000000000198e-02,-2.017899999999999971e-01,-5.237000000000000544e-01,-9.302899999999999503e-01,-1.446069999999999967e+00,-2.301039999999999974e+00,-1.634130000000000082e+00,-1.627739999999999965e+00,-1.836459999999999981e+00,-1.944280000000000008e+00,-1.944509999999999961e+00,-2.034040000000000070e+00,-2.133179999999999854e+00,-2.167269999999999808e+00,-1.926120000000000054e+00,7.900000000000000772e-03,-1.030000000000000100e-03,4.837999999999999939e-02,-2.187099999999999878e-01,-2.863399999999999834e-01,-8.410000000000000808e-03,1.289999999999999914e-03,-5.288000000000000339e-02,2.052400000000000058e-01,2.667900000000000271e-01
cmx*c/cref,8.682025382948241332e-02,3.073615784446974142e-01,7.336486821805090486e-01,1.196976172262424809e+00,1.697470177607170116e+00,2.515198399515115479e+00,1.746525980788303789e+00,1.662755476068030758e+00,1.769971750817323164e+00,1.757529902655842191e+00,1.631727971200822802e+00,1.549061755225360715e+00,1.459620449619806637e+00,1.318307066818498852e+00,1.027786159864819915e+00,-8.474817139918451592e-02,-2.992641395143811889e-01,-7.186230521985087494e-01,-1.173439025548249415e+00,-1.663793227142489339e+00,-2.461131457958343649e+00,-1.664188795779304231e+00,-1.574389854351100126e+00,-1.682331065459353958e+00,-1.681666858171398937e+00,-1.562579464423465403e+00,-1.488955684898798593e+00,-1.408883778606325299e+00,-1.276335181280534581e+00,-9.965263615325274937e-01,6.695542372258752109e-03,-8.196810601329758026e-04,3.600687231385225201e-02,-1.515456316350144994e-01,-1.837812015575064628e-01,-7.127786246923557660e-03,1.026590842302464723e-03,-3.935600264482239097e-02,1.422121779377731876e-01,1.712334524115637358e-01
cmy,-1.026699999999999974e-01,-1.475499999999999867e-01,-2.680299999999999905e-01,-3.374599999999999822e-01,-4.012200000000000211e-01,-4.395800000000000263e-01,-1.778599999999999903e-01,-1.220699999999999980e-01,-1.044100000000000028e-01,-8.455000000000000016e-02,-8.348999999999999477e-02,-9.826999999999999624e-02,-1.154400000000000009e-01,-1.282999999999999974e-01,-1.254599999999999882e-01,-9.650999999999999857e-02,-1.394299999999999984e-01,-2.596700000000000119e-01,-3.282200000000000117e-01,-3.907300000000000217e-01,-4.277199999999999891e-01,-1.641100000000000059e-01,-1.110300000000000037e-01,-9.550999999999999768e-02,-7.793999999999999539e-02,-7.754999999999999394e-02,-9.267000000000000237e-02,-1.101700000000000040e-01,-1.233599999999999974e-01,-1.210699999999999971e-01,9.270000000000000462e-02,-2.434000000000000052e-02,-1.627500000000000058e-01,9.557099999999999485e-01,7.709799999999999986e-01,1.012699999999999989e-01,-1.635999999999999954e-02,-1.893799999999999928e-01,9.071099999999999719e-01,7.205300000000000038e-01
cmy*c/cref,-1.636466947066818334e-01,-2.188236472835469459e-01,-3.677917446644381472e-01,-4.256616039745801938e-01,-4.616284955735957540e-01,-4.701631289718252171e-01,-1.811316230760753598e-01,-1.180690832200712581e-01,-9.564716168313557032e-02,-7.312986445285235559e-02,-6.709132865591595218e-02,-7.193549544502808590e-02,-7.624370348602284297e-02,-7.555763876134150014e-02,-6.490986922822611360e-02,-1.538282118061932713e-01,-2.067813022076919749e-01,-3.563201221393674789e-01,-4.140065538331557105e-01,-4.495590999338793803e-01,-4.574779869962898315e-01,-1.671287004554971867e-01,-1.073909257796716032e-01,-8.749411370899605467e-02,-6.741267457664473772e-02,-6.231803254600887937e-02,-6.783618971090621397e-02,-7.276307010616023252e-02,-7.264840465782608503e-02,-6.263859291775335236e-02,7.856668074789699419e-02,-1.936993883848216538e-02,-1.211268803034198926e-01,6.622178940601696207e-01,4.948370146567239725e-01,8.583007291628401425e-02,-1.301940013958784691e-02,-1.409462893509164927e-01,6.285426268229070690e-01,4.624567617455827007e-01
cmz,4.449999999999999963e-03,3.187999999999999862e-02,1.722999999999999879e-02,-1.963000000000000161e-02,-5.544000000000000317e-02,-1.474300000000000055e-01,5.729000000000000065e-02,7.505000000000000560e-02,6.714000000000000523e-02,5.564000000000000196e-02,2.072999999999999843e-02,4.227000000000000202e-02,6.390999999999999459e-02,7.359000000000000263e-02,7.611999999999999322e-02,-4.129999999999999991e-03,-3.064000000000000057e-02,-1.716000000000000164e-02,1.808999999999999844e-02,5.256999999999999867e-02,1.407599999999999962e-01,-5.578999999999999931e-02,-7.244000000000000439e-02,-6.494999999999999385e-02,-5.417000000000000287e-02,-2.183999999999999830e-02,-4.206000000000000016e-02,-6.181999999999999995e-02,-7.066000000000000059e-02,-7.288000000000000034e-02,9.310999999999999832e-02,-5.283000000000000196e-02,-7.382999999999999563e-01,3.951999999999999957e-01,8.432899999999999840e-01,-1.030400000000000066e-01,4.018000000000000044e-02,7.591799999999999660e-01,-3.484700000000000020e-01,-7.867899999999999894e-01
cmz*c/cref,7.092897549865921809e-03,4.727955184953898382e-02,2.364306891231679128e-02,-2.476067470521249939e-02,-6.378715865260992102e-02,-1.576872244058332706e-01,5.834381359512177262e-02,7.259019165778937688e-02,6.150512820041875717e-02,4.812472688535428950e-02,1.665832127245343852e-02,3.094243810380927634e-02,4.221010992543069301e-02,4.333816552180141252e-02,3.938258604856186701e-02,-6.582846490100282243e-03,-4.544057304485177307e-02,-2.354701465672409677e-02,2.281816634830840726e-02,6.048504564155308266e-02,1.505531690114975951e-01,-5.681622203651323644e-02,-7.006573595856445402e-02,-5.949892875509677631e-02,-4.685327921243066102e-02,-1.755030084854718175e-02,-3.078871413877970475e-02,-4.082974488484002185e-02,-4.161264812842081079e-02,-3.770629100393049077e-02,7.891417092164712543e-02,-4.204247612313117416e-02,-5.494806496345001623e-01,2.738367409910736905e-01,5.412476407816918522e-01,-8.733021342247364316e-02,3.197551941373103640e-02,5.650206143702015682e-01,-2.414572093450391144e-01,-5.049843248356168379e-01
cs,8.149999999999999259e-03,3.792000000000000232e-02,5.875999999999999973e-02,3.445999999999999758e-02,2.052000000000000005e-02,-9.268999999999999462e-02,-5.877000000000000279e-02,-2.120999999999999969e-02,-1.832999999999999907e-02,-1.763999999999999943e-02,-9.059999999999999998e-02,-8.103000000000000480e-02,-7.252000000000000113e-02,-6.160000000000000198e-02,-4.642000000000000293e-02,-7.709999999999999840e-03,-3.633999999999999730e-02,-5.661999999999999672e-02,-3.316999999999999810e-02,-1.949000000000000038e-02,9.077000000000000346e-02,5.652000000000000079e-02,1.986999999999999877e-02,1.731999999999999859e-02,1.674000000000000141e-02,8.636000000000000620e-02,7.750999999999999557e-02,6.983000000000000318e-02,5.961000000000000326e-02,4.504999999999999977e-02,2.539999999999999897e-02,-1.221000000000000037e-02,-1.541500000000000092e-01,7.945000000000000673e-02,1.423000000000000098e-01,-2.740000000000000074e-02,1.008000000000000042e-02,1.592800000000000049e-01,-7.015000000000000402e-02,-1.325099999999999889e-01
cs*c/cref,1.299036292840612464e-02,5.623715828527347388e-02,8.063068655181281075e-02,4.346677790838628097e-02,2.360953274804392793e-02,-9.913876979025086633e-02,-5.985103726628218657e-02,-2.051482964772435164e-02,-1.679161453550306535e-02,-1.525737207508356778e-02,-7.280481945413803946e-02,-5.931548993498144545e-02,-4.789668552327076140e-02,-3.627708922602210923e-02,-2.401654813944090888e-02,-1.228904272122837218e-02,-5.389394335672040987e-02,-7.769417073797890705e-02,-4.183961181721337214e-02,-2.242445386254269743e-02,9.708518862726370213e-02,5.755964992836939270e-02,1.921874894390772359e-02,1.586638100135914081e-02,1.447893472431399826e-02,6.939761819050067893e-02,5.673878347353339402e-02,4.612004343753443175e-02,3.510515079161002916e-02,2.330774437056900086e-02,2.152744003232560585e-02,-9.716801693421003513e-03,-1.147263201153436440e-01,5.505143995885831976e-02,9.133220989604377837e-02,-2.322251405061896007e-02,8.021733093340189386e-03,1.185443286926495948e-01,-4.860740733938213876e-02,-8.504870789406014653e-02
cx,-2.884000000000000105e-02,-3.200999999999999679e-02,3.289000000000000257e-02,4.261000000000000204e-02,4.977999999999999786e-02,5.057999999999999996e-02,-3.155000000000000165e-02,-2.021999999999999839e-02,-1.383999999999999987e-02,-9.270000000000000462e-03,-6.870000000000000238e-03,-9.020000000000000240e-03,-1.061999999999999923e-02,-1.034000000000000023e-02,-9.010000000000000647e-03,-2.818999999999999978e-02,-3.164000000000000146e-02,3.031000000000000014e-02,3.994000000000000328e-02,4.700000000000000011e-02,4.773000000000000159e-02,-3.051999999999999852e-02,-1.938000000000000139e-02,-1.332000000000000024e-02,-8.970000000000000542e-03,-6.680000000000000174e-03,-8.710000000000000728e-03,-1.018999999999999941e-02,-9.919999999999999998e-03,-8.640000000000000110e-03,8.000000000000000383e-04,-8.700000000000000051e-04,-1.597000000000000156e-02,-8.279999999999999166e-03,-8.880000000000000740e-03,1.069999999999999988e-03,-5.100000000000000366e-04,-1.459000000000000054e-02,-6.930000000000000396e-03,-7.929999999999999549e-03
cx*c/cref,-4.596835176137824275e-02,-4.747234801454650738e-02,4.513177809205452112e-02,5.374693577122285210e-02,5.727497759247693332e-02,5.409902876244351150e-02,-3.213034244939940581e-02,-1.955727748594937934e-02,-1.267844763618998505e-02,-8.017904712926569519e-03,-5.520630349336957260e-03,-6.602810307460601873e-03,-7.014103699077984568e-03,-6.089368548653711390e-03,-4.661548874113800173e-03,-4.493231054622928711e-02,-4.692362046798662090e-02,4.159149267163795433e-02,5.037908037321382065e-02,5.407641516364837531e-02,5.105074422363441861e-02,-3.108139624582154439e-02,-1.874480898504940832e-02,-1.220208977702677729e-02,-7.758425596003378812e-03,-5.367949160636226874e-03,-6.375884454321713128e-03,-6.730105150056935742e-03,-5.842024758476287334e-03,-4.470120119017006489e-03,6.780296073173419473e-04,-6.923519634132901295e-04,-1.188569141902068131e-02,-5.737267751533628619e-03,-5.699437975241522861e-03,9.068645997869447840e-04,-4.058614957939976902e-04,-1.085862478418983881e-02,-4.801843661609668176e-03,-5.089700804466809961e-03
cy,8.149999999999999259e-03,3.792000000000000232e-02,5.875999999999999973e-02,3.445999999999999758e-02,2.052000000000000005e-02,-9.268999999999999462e-02,-5.877000000000000279e-02,-2.120999999999999969e-02,-1.832999999999999907e-02,-1.763999999999999943e-02,-9.059999999999999998e-02,-8.103000000000000480e-02,-7.252000000000000113e-02,-6.160000000000000198e-02,-4.642000000000000293e-02,-7.709999999999999840e-03,-3.633999999999999730e-02,-5.661999999999999672e-02,-3.316999999999999810e-02,-1.949000000000000038e-02,9.077000000000000346e-02,5.652000000000000079e-02,1.986999999999999877e-02,1.731999999999999859e-02,1.674000000000000141e-02,8.636000000000000620e-02,7.750999999999999557e-02,6.983000000000000318e-02,5.961000000000000326e-02,4.504999999999999977e-02,2.539999999999999897e-02,-1.221000000000000037e-02,-1.541500000000000092e-01,7.945000000000000673e-02,1.423000000000000098e-01,-2.740000000000000074e-02,1.008000000000000042e-02,1.592800000000000049e-01,-7.015000000000000402e-02,-1.325099999999999889e-01
cy*c/cref,1.299036292840612464e-02,5.623715828527347388e-02,8.063068655181281075e-02,4.346677790838628097e-02,2.360953274804392793e-02,-9.913876979025086633e-02,-5.985103726628218657e-02,-2.051482964772435164e-02,-1.679161453550306535e-02,-1.525737207508356778e-02,-7.280481945413803946e-02,-5.931548993498144545e-02,-4.789668552327076140e-02,-3.627708922602210923e-02,-2.401654813944090888e-02,-1.228904272122837218e-02,-5.389394335672040987e-02,-7.769417073797890705e-02,-4.183961181721337214e-02,-2.242445386254269743e-02,9.708518862726370213e-02,5.755964992836939270e-02,1.921874894390772359e-02,1.586638100135914081e-02,1.447893472431399826e-02,6.939761819050067893e-02,5.673878347353339402e-02,4.612004343753443175e-02,3.510515079161002916e-02,2.330774437056900086e-02,2.152744003232560585e-02,-9.716801693421003513e-03,-1.147263201153436440e-01,5.505143995885831976e-02,9.133220989604377837e-02,-2.322251405061896007e-02,8.021733093340189386e-03,1.185443286926495948e-01,-4.860740733938213876e-02,-8.504870789406014653e-02
cz,5.559600000000000097e-01,6.601900000000000546e-01,9.369499999999999496e-01,1.077990000000000004e+00,1.184350000000000014e+00,1.212390000000000079e+00,5.861800000000000344e-01,4.281300000000000106e-01,3.693000000000000171e-01,3.081200000000000050e-01,2.575200000000000267e-01,2.418200000000000072e-01,2.253799999999999970e-01,2.014400000000000079e-01,1.553100000000000036e-01,5.425100000000000477e-01,6.425300000000000455e-01,9.174499999999999877e-01,1.056650000000000089e+00,1.160749999999999948e+00,1.186239999999999961e+00,5.585900000000000309e-01,4.053999999999999826e-01,3.510199999999999987e-01,2.948299999999999810e-01,2.466399999999999981e-01,2.324700000000000100e-01,2.175600000000000034e-01,1.950300000000000089e-01,1.505900000000000016e-01,-2.528000000000000039e-02,6.610000000000000424e-03,4.290999999999999676e-02,-1.799699999999999911e-01,-1.329700000000000049e-01,-2.696000000000000132e-02,5.629999999999999588e-03,4.950999999999999845e-02,-1.699700000000000100e-01,-1.238900000000000001e-01
cz*c/cref,8.861499599603276378e-01,9.790930782793959564e-01,1.285686211108254096e+00,1.359743236142232359e+00,1.362668134022701150e+00,1.296740242809389043e+00,5.969624132167652419e-01,4.140977848694119001e-01,3.383056872864856901e-01,2.665023516879109211e-01,2.069392616537486795e-01,1.770168058259559696e-01,1.488548673915438825e-01,1.186307930793813886e-01,8.035351338941335020e-02,8.647118763545531550e-01,9.529024607868346042e-01,1.258928239907431301e+00,1.332825620339418649e+00,1.335514870238400986e+00,1.268770895198912507e+00,5.688649124820923664e-01,3.921127741248209286e-01,3.215598763912867475e-01,2.550074268082135887e-01,1.981962546376225820e-01,1.701724292877346278e-01,1.436900565698122634e-01,1.148558557102449945e-01,7.791150332439479576e-02,-2.142573559122800536e-02,5.260283308232009507e-03,3.193581833376188395e-02,-1.247024247878631836e-01,-8.534394905043528323e-02,-2.284959776659442263e-02,4.480392590823934623e-03,3.684787615251808313e-02,-1.177733574550931112e-01,-7.951614535503065406e-02
Results_Name,VSPAERO_Comp_Load
Results_Timestamp,1759254118
Results_Date,9,30,2025
Results_Time,13,41,58
AoA,2.000000000000000000e+00,2.000000000000000000e+00,2.000000000000000000e+00,2.000000000000000000e+00,2.000000000000000000e+00,2.000000000000000000e+00,2.000000000000000000e+00,2.000000000000000000e+00,2.000000000000000000e+00
Beta,0.000000000000000000e+00,0.000000000000000000e+00,0.000000000000000000e+00,0.000000000000000000e+00,0.000000000000000000e+00,0.000000000000000000e+00,0.000000000000000000e+00,0.000000000000000000e+00,0.000000000000000000e+00
CDi,0.000000000000000000e+00,1.179999999999999973e-02,1.122000000000000081e-02,-6.199999999999999999e-04,-5.400000000000000069e-04,0.000000000000000000e+00,0.000000000000000000e+00,0.000000000000000000e+00,0.000000000000000000e+00
CFx,0.000000000000000000e+00,9.000000000000000567e-05,-1.299999999999999886e-04,-4.800000000000000122e-04,-4.200000000000000174e-04,0.000000000000000000e+00,0.000000000000000000e+00,0.000000000000000000e+00,0.000000000000000000e+00
CFy,0.000000000000000000e+00,-1.030000000000000013e-02,9.969999999999999696e-03,9.100000000000000016e-04,-6.400000000000000524e-04,0.000000000000000000e+00,0.000000000000000000e+00,0.000000000000000000e+00,0.000000000000000000e+00
CFz,0.000000000000000000e+00,3.354900000000000104e-01,3.252599999999999936e-01,-4.000000000000000083e-03,-3.680000000000000111e-03,0.000000000000000000e+00,0.000000000000000000e+00,0.000000000000000000e+00,0.000000000000000000e+00
CL,0.000000000000000000e+00,3.352800000000000225e-01,3.250600000000000156e-01,-3.980000000000000031e-03,-3.670000000000000085e-03,0.000000000000000000e+00,0.000000000000000000e+00,0.000000000000000000e+00,0.000000000000000000e+00
Cmx,0.000000000000000000e+00,5.822999999999999704e-02,-5.605999999999999872e-02,-2.999999999999999737e-04,2.799999999999999755e-04,-6.000000000000000152e-05,6.000000000000000152e-05,-0.000000000000000000e+00,0.000000000000000000e+00
Cmy,0.000000000000000000e+00,-1.152500000000000052e-01,-1.100000000000000006e-01,1.519000000000000038e-02,1.421000000000000041e-02,1.459999999999999926e-03,1.160000000000000007e-03,0.000000000000000000e+00,2.000000000000000164e-05
Cmz,0.000000000000000000e+00,3.600000000000000227e-04,-3.699999999999999947e-04,2.599999999999999772e-04,-1.900000000000000105e-04,-2.000000000000000164e-05,2.000000000000000164e-05,3.000000000000000076e-05,8.000000000000000654e-05
Comp_ID,0,1,2,3,4,5,6,7,8
Comp_Name,NONE,main_wing,main_wing,horizontal_tail,horizontal_tail,fuselage,fuselage,fuselage,fuselage
Cs,0.000000000000000000e+00,-1.030000000000000013e-02,9.969999999999999696e-03,9.100000000000000016e-04,-6.400000000000000524e-04,0.000000000000000000e+00,0.000000000000000000e+00,0.000000000000000000e+00,0.000000000000000000e+00
Mach,1.499999999999999944e-01,1.499999999999999944e-01,1.499999999999999944e-01,1.499999999999999944e-01,1.499999999999999944e-01,1.499999999999999944e-01,1.499999999999999944e-01,1.499999999999999944e-01,1.499999999999999944e-01
Results_Name,VSPAERO_Load
Results_Timestamp,1759254118
Results_Date,9,30,2025
Results_Time,13,41,58
AnalysisMethod,0
Chord,1.735640000000000072e+00,1.614919999999999911e+00,1.494220000000000104e+00,1.373529999999999918e+00,1.252869999999999928e+00,1.164679999999999938e+00,1.108950000000000102e+00,1.053230000000000111e+00,9.975300000000000278e-01,9.418400000000000105e-01,8.750400000000000400e-01,7.971099999999999852e-01,7.191899999999999959e-01,6.412799999999999612e-01,5.633799999999999919e-01,1.735640000000000072e+00,1.614919999999999911e+00,1.494220000000000104e+00,1.373529999999999918e+00,1.252869999999999928e+00,1.164679999999999938e+00,1.108950000000000102e+00,1.053230000000000111e+00,9.975300000000000278e-01,9.418400000000000105e-01,8.750400000000000400e-01,7.971099999999999852e-01,7.191899999999999959e-01,6.412799999999999612e-01,5.633799999999999919e-01,9.229000000000000536e-01,8.665699999999999514e-01,8.104299999999999837e-01,7.545199999999999685e-01,6.988999999999999657e-01,9.229000000000000536e-01,8.665699999999999514e-01,8.104299999999999837e-01,7.545199999999999685e-01,6.988999999999999657e-01
FC_AoA_,3.000000000000000000e+00
FC_Beta_,0.000000000000000000e+00
FC_Bref_,1.417173599999999922e+01
FC_Cref_,1.088920000000000110e+00
FC_Mach_,1.499999999999999944e-01
FC_Pitch_Rate,0.000000000000000000e+00
FC_Rho_,2.377000000000000206e-03
FC_Roll__Rate,0.000000000000000000e+00
FC_Sref_,1.619368700000000061e+01
FC_Vinf_,5.100000000000000000e+01
FC_Xcg_,1.774861999999999940e+00
FC_Yaw___Rate,0.000000000000000000e+00
FC_Ycg_,0.000000000000000000e+00
FC_Zcg_,7.545150000000000468e-01
S,3.314000000000000279e-02,8.981999999999999706e-02,1.368900000000000117e-01,1.839600000000000124e-01,2.310300000000000131e-01,2.997400000000000064e-01,4.117600000000000149e-01,5.454599999999999449e-01,6.791599999999999859e-01,8.128699999999999815e-01,9.157600000000000184e-01,9.578299999999999592e-01,9.698799999999999644e-01,9.819299999999999695e-01,9.939799999999999747e-01,3.314000000000000279e-02,8.981999999999999706e-02,1.368900000000000117e-01,1.839600000000000124e-01,2.310300000000000131e-01,2.997400000000000064e-01,4.117600000000000149e-01,5.454599999999999449e-01,6.791599999999999859e-01,8.128699999999999815e-01,9.157600000000000184e-01,9.578299999999999592e-01,9.698799999999999644e-01,9.819299999999999695e-01,9.939799999999999747e-01,1.020299999999999957e-01,3.035599999999999965e-01,5.025399999999999867e-01,7.015200000000000324e-01,9.005100000000000326e-01,1.020299999999999957e-01,3.035599999999999965e-01,5.025399999999999867e-01,7.015200000000000324e-01,9.005100000000000326e-01
V/Vref,1.006480000000000041e+00,1.007910000000000084e+00,1.007830000000000004e+00,1.008359999999999923e+00,1.011030000000000095e+00,1.009050000000000002e+00,1.007060000000000066e+00,1.002369999999999983e+00,1.001120000000000010e+00,1.001230000000000064e+00,1.006359999999999921e+00,1.006219999999999892e+00,1.006180000000000074e+00,1.005779999999999896e+00,1.006680000000000019e+00,1.007689999999999975e+00,1.008620000000000072e+00,1.008620000000000072e+00,1.009319999999999995e+00,1.011830000000000007e+00,1.011470000000000091e+00,1.004240000000000022e+00,1.001600000000000046e+00,1.000769999999999937e+00,1.000969999999999915e+00,1.005910000000000082e+00,1.005810000000000093e+00,1.005800000000000027e+00,1.005439999999999889e+00,1.006320000000000103e+00,9.872300000000000519e-01,9.912999999999999590e-01,9.972199999999999953e-01,1.002559999999999896e+00,1.003109999999999946e+00,9.867399999999999505e-01,9.908500000000000085e-01,9.882499999999999618e-01,1.004709999999999992e+00,1.003430000000000044e+00
WingId,1,1,1,1,1,1,1,1,1,1,1,1,1,1,1,2,2,2,2,2,2,2,2,2,2,2,2,2,2,2,3,3,3,3,3,4,4,4,4,4
Xavg,2.391169999999999796e+00,2.380489999999999995e+00,2.369810000000000194e+00,2.359129999999999949e+00,2.348450000000000149e+00,2.336259999999999781e+00,2.322589999999999932e+00,2.308860000000000134e+00,2.295059999999999878e+00,2.281190000000000051e+00,2.284749999999999837e+00,2.305000000000000160e+00,2.325239999999999974e+00,2.345470000000000166e+00,2.365699999999999914e+00,2.391169999999999796e+00,2.380489999999999995e+00,2.369810000000000194e+00,2.359129999999999949e+00,2.348450000000000149e+00,2.336259999999999781e+00,2.322589999999999932e+00,2.308860000000000134e+00,2.295059999999999878e+00,2.281190000000000051e+00,2.284749999999999837e+00,2.305000000000000160e+00,2.325239999999999974e+00,2.345470000000000166e+00,2.365699999999999914e+00,5.722059999999999924e+00,5.820210000000000328e+00,5.918350000000000222e+00,6.016490000000000116e+00,6.114630000000000010e+00,5.722059999999999924e+00,5.820210000000000328e+00,5.918350000000000222e+00,6.016490000000000116e+00,6.114630000000000010e+00
Yavg,1.718899999999999872e-01,5.195499999999999563e-01,8.671900000000000164e-01,1.214790000000000036e+00,1.562359999999999971e+00,2.229140000000000121e+00,3.217070000000000096e+00,4.204979999999999940e+00,5.192870000000000097e+00,6.180740000000000123e+00,6.716649999999999565e+00,6.791660000000000252e+00,6.866660000000000430e+00,6.941650000000000098e+00,7.016610000000000014e+00,-1.718899999999999872e-01,-5.195499999999999563e-01,-8.671900000000000164e-01,-1.214790000000000036e+00,-1.562359999999999971e+00,-2.229140000000000121e+00,-3.217070000000000096e+00,-4.204979999999999940e+00,-5.192870000000000097e+00,-6.180740000000000123e+00,-6.716649999999999565e+00,-6.791660000000000252e+00,-6.866660000000000430e+00,-6.941650000000000098e+00,-7.016610000000000014e+00,1.078800000000000037e-01,3.257399999999999740e-01,5.435900000000000176e-01,7.614400000000000057e-01,9.792699999999999738e-01,-1.078800000000000037e-01,-3.257399999999999740e-01,-5.435900000000000176e-01,-7.614400000000000057e-01,-9.792699999999999738e-01
Zavg,1.027309999999999945e+00,1.024350000000000094e+00,1.021379999999999955e+00,1.018420000000000103e+00,1.015449999999999964e+00,1.037979999999999903e+00,1.086500000000000021e+00,1.135019999999999918e+00,1.183540000000000036e+00,1.232069999999999999e+00,1.270329999999999959e+00,1.298289999999999944e+00,1.326240000000000085e+00,1.354190000000000005e+00,1.382130000000000081e+00,1.027309999999999945e+00,1.024350000000000094e+00,1.021379999999999955e+00,1.018420000000000103e+00,1.015449999999999964e+00,1.037979999999999903e+00,1.086500000000000021e+00,1.135019999999999918e+00,1.183540000000000036e+00,1.232069999999999999e+00,1.270329999999999959e+00,1.298289999999999944e+00,1.326240000000000085e+00,1.354190000000000005e+00,1.382130000000000081e+00,3.777900000000000147e-01,5.956799999999999873e-01,8.135799999999999699e-01,1.031470000000000109e+00,1.249349999999999961e+00,3.777900000000000147e-01,5.956799999999999873e-01,8.135799999999999699e-01,1.031470000000000109e+00,1.249349999999999961e+00
cd,-5.340000000000000129e-03,-6.579999999999999911e-03,7.115000000000000491e-02,8.772000000000000630e-02,9.893000000000000405e-02,9.742000000000000659e-02,-1.332000000000000024e-02,-4.969999999999999592e-03,8.000000000000000654e-05,3.299999999999999982e-03,4.259999999999999898e-03,6.999999999999999387e-05,-3.399999999999999811e-03,-4.329999999999999648e-03,-4.919999999999999894e-03,-5.859999999999999758e-03,-6.930000000000000396e-03,6.864000000000000656e-02,8.505000000000000060e-02,9.631000000000000671e-02,9.618999999999999773e-02,-1.267000000000000071e-02,-5.060000000000000261e-03,-1.700000000000000122e-04,3.010000000000000089e-03,3.959999999999999978e-03,-3.000000000000000076e-05,-3.239999999999999825e-03,-4.120000000000000398e-03,-4.700000000000000185e-03,-1.299999999999999886e-04,-3.699999999999999947e-04,-6.279999999999999992e-03,-2.494000000000000036e-02,-1.641000000000000097e-02,4.000000000000000327e-05,-1.000000000000000082e-05,-4.859999999999999737e-03,-2.849000000000000143e-02,-1.665000000000000160e-02
cd*c/cref,-8.511477059839105824e-03,-9.758452044227306638e-03,9.763228979172024202e-02,1.106472941997575371e-01,1.138251011093560361e-01,1.041978525511515902e-01,-1.356501304044374114e-02,-4.807105296991513732e-03,7.328582448664731767e-05,2.854270286155089105e-03,3.423272967711126283e-03,5.124132167652351168e-05,-2.245569922492010075e-03,-2.549996693972008451e-03,-2.545485067773573321e-03,-9.340310031958270337e-03,-1.027751864232450373e-02,9.418805862689638708e-02,1.072794388017485057e-01,1.108106286044888283e-01,1.028822771186129192e-01,-1.290305669838004606e-02,-4.894155493516512238e-03,-1.557323770341255517e-04,2.603440473129338927e-03,3.182197406604708994e-03,-2.196056643279579556e-05,-2.139896043786503575e-03,-2.426324798883296857e-03,-2.431662564743047698e-03,-1.101798111890680556e-04,-2.944485361642728075e-04,-4.673897439664988218e-03,-1.728109392792858898e-02,-1.053240733938213755e-02,3.390148036586709872e-05,-7.958068544980347796e-06,-3.617060757447745651e-03,-1.974091283106196859e-02,-1.068644620357785645e-02
cl,6.183600000000000207e-01,7.154199999999999449e-01,9.966800000000000104e-01,1.153200000000000003e+00,1.265490000000000004e+00,1.268380000000000063e+00,6.552799999999999736e-01,5.260099999999999776e-01,4.618200000000000083e-01,3.905100000000000238e-01,3.282300000000000217e-01,3.091999999999999749e-01,2.897799999999999820e-01,2.605100000000000193e-01,2.031199999999999950e-01,6.073600000000000110e-01,7.011500000000000510e-01,9.813199999999999701e-01,1.136370000000000102e+00,1.247179999999999955e+00,1.250559999999999894e+00,6.346000000000000529e-01,5.049400000000000555e-01,4.440000000000000058e-01,3.770200000000000218e-01,3.171499999999999875e-01,2.996099999999999874e-01,2.820699999999999874e-01,2.541200000000000125e-01,1.983800000000000008e-01,-2.217999999999999833e-02,4.440000000000000370e-03,8.053000000000000436e-02,-1.386900000000000077e-01,-1.354899999999999993e-01,-2.786999999999999894e-02,-3.499999999999999964e-04,1.233299999999999952e-01,-9.600999999999999812e-02,-1.362599999999999922e-01
cl*c/cref,9.856099166146272683e-01,1.061001787459133539e+00,1.367647935201851350e+00,1.454610803364801530e+00,1.456024736711603929e+00,1.356625664327957725e+00,6.673334643499980734e-01,5.087697097123755618e-01,4.230607433052932520e-01,3.377639664989163237e-01,2.637607714065312581e-01,2.263402380340152897e-01,1.913886035705101851e-01,1.534179304264775834e-01,1.050892127980016660e-01,9.680769114351834848e-01,1.039838700730999488e+00,1.346570887117510829e+00,1.433381962035778390e+00,1.434957946038275978e+00,1.337565864158982931e+00,6.462730687286485365e-01,4.883902914814679530e-01,4.067363259008925924e-01,3.260960555412702466e-01,2.548570473496675204e-01,2.193201769643315924e-01,1.862964435403886010e-01,1.496547713330639295e-01,1.026368552327076161e-01,-1.879837086287330233e-02,3.533382433971274123e-03,5.993454790067222204e-02,-9.609923483818828827e-02,-8.696135712449029609e-02,-2.362085644491789677e-02,-2.785323990743121254e-04,9.178849860412149897e-02,-6.652597546192556832e-02,-8.745556514711821938e-02
cmx,6.042000000000000148e-02,2.247000000000000108e-01,5.722699999999999454e-01,1.017819999999999947e+00,1.580519999999999925e+00,2.451020000000000199e+00,1.919000000000000039e+00,2.107779999999999987e+00,2.412840000000000096e+00,2.573030000000000150e+00,2.584979999999999833e+00,2.699879999999999836e+00,2.832689999999999930e+00,2.884100000000000108e+00,2.586879999999999846e+00,-5.936000000000000304e-02,-2.202699999999999936e-01,-5.635599999999999499e-01,-1.002999999999999892e+00,-1.557670000000000110e+00,-2.418270000000000142e+00,-1.859189999999999898e+00,-2.023249999999999993e+00,-2.319650000000000212e+00,-2.484039999999999804e+00,-2.497349999999999959e+00,-2.615759999999999863e+00,-2.757169999999999899e+00,-2.813390000000000057e+00,-2.526619999999999866e+00,6.850000000000000186e-03,-5.199999999999999544e-04,9.073000000000000509e-02,-1.776399999999999924e-01,-2.928499999999999992e-01,-8.420000000000000401e-03,1.199999999999999895e-03,-1.281100000000000017e-01,1.423399999999999943e-01,2.944100000000000050e-01
cmx*c/cref,9.630401572199977223e-02,3.332407559784005824e-01,7.852709835433272501e-01,1.283846659626051157e+00,1.818486291371266494e+00,2.621546094846269437e+00,1.954298800646512069e+00,2.038696258127318917e+00,2.210337109429526325e+00,2.225491840722917836e+00,2.077251679829555719e+00,1.976363136685890254e+00,1.870883371689380015e+00,1.698486250596921376e+00,1.338387075634573264e+00,-9.461447158652609712e-02,-3.266708558939131479e-01,-7.733190897402930641e-01,-1.265153170113506587e+00,-1.792195949105535480e+00,-2.586517561988024738e+00,-1.893388633232927720e+00,-1.956936779102229629e+00,-2.124968284630643023e+00,-2.148521685339602083e+00,-2.006833508430371449e+00,-1.914785708408330844e+00,-1.821005300940381044e+00,-1.656844156779193833e+00,-1.307210057304484918e+00,5.805628512654740017e-03,-4.138195643389780041e-04,6.752590998420453239e-02,-1.230879520993277548e-01,-1.879595057488152865e-01,-7.136261617015023789e-03,9.549682253976415729e-04,-9.534601926679645012e-02,9.862834441464936319e-02,1.889607583660874723e-01
cmy,-1.060999999999999999e-01,-1.438599999999999879e-01,-2.683499999999999774e-01,-3.499599999999999933e-01,-4.183100000000000152e-01,-4.358699999999999797e-01,-1.789999999999999925e-01,-1.507900000000000074e-01,-1.316900000000000015e-01,-1.097999999999999948e-01,-1.084999999999999992e-01,-1.280499999999999972e-01,-1.515100000000000058e-01,-1.694400000000000073e-01,-1.680500000000000049e-01,-1.018000000000000016e-01,-1.376999999999999891e-01,-2.618300000000000072e-01,-3.425500000000000211e-01,-4.099099999999999966e-01,-4.278699999999999726e-01,-1.688800000000000023e-01,-1.401199999999999946e-01,-1.226799999999999974e-01,-1.027900000000000064e-01,-1.022200000000000053e-01,-1.220399999999999957e-01,-1.462100000000000066e-01,-1.643900000000000083e-01,-1.635300000000000087e-01,8.215000000000000080e-02,-1.598000000000000115e-02,-3.622799999999999909e-01,7.219799999999999551e-01,7.891500000000000181e-01,1.080200000000000049e-01,8.899999999999999925e-03,-5.745700000000000252e-01,4.946800000000000086e-01,7.962599999999999678e-01
cmy*c/cref,-1.691138045035447957e-01,-2.133512022921793538e-01,-3.682308498328619173e-01,-4.414287172611393584e-01,-4.812916005767181038e-01,-4.661950112037614447e-01,-1.822925926606178415e-01,-1.458477681556037131e-01,-1.206376278330823087e-01,-9.496935679388750218e-02,-8.718899460015427927e-02,-9.373501772398337706e-02,-1.000665585166954363e-01,-9.978555192300626875e-02,-8.694487106490833561e-02,-1.622599933879440015e-01,-2.042156301656686823e-01,-3.592840820262278578e-01,-4.320819725048671289e-01,-4.716268795687468818e-01,-4.576384230246481888e-01,-1.719864416118722927e-01,-1.355274837453623593e-01,-1.123838118502736433e-01,-8.890619476178231173e-02,-8.214247952099328065e-02,-8.933558424861329228e-02,-9.656611128457553983e-02,-9.681153730301582383e-02,-8.460633600264480525e-02,6.962516530139954696e-02,-1.271699353487859563e-02,-2.696273191786356938e-01,5.002648032913344922e-01,5.064990403335414282e-01,9.155094772802409298e-02,7.082681005032508657e-03,-4.276244031701134651e-01,3.427671028174705259e-01,5.110624416853394303e-01
cmz,4.930000000000000354e-03,3.048000000000000015e-02,2.010999999999999940e-02,-6.089999999999999927e-03,-3.432000000000000328e-02,-9.267999999999999849e-02,1.207199999999999940e-01,1.222300000000000053e-01,1.194000000000000061e-01,1.056300000000000017e-01,5.809999999999999887e-02,9.349000000000000365e-02,1.302000000000000102e-01,1.470599999999999963e-01,1.487799999999999956e-01,-4.729999999999999830e-03,-2.956999999999999906e-02,-2.000000000000000042e-02,5.130000000000000011e-03,3.268999999999999684e-02,9.536000000000000032e-02,-1.124799999999999967e-01,-1.188599999999999934e-01,-1.163899999999999935e-01,-1.034000000000000058e-01,-5.870999999999999830e-02,-9.264999999999999625e-02,-1.268499999999999905e-01,-1.428099999999999925e-01,-1.442799999999999916e-01,8.132999999999999952e-02,-3.189000000000000168e-02,-9.774500000000000410e-01,1.565199999999999925e-01,8.616000000000000325e-01,-1.076499999999999957e-01,1.110000000000000092e-03,1.008119999999999905e+00,-1.386699999999999877e-01,-8.688799999999999857e-01
cmz*c/cref,7.857974139514381159e-03,4.520328545715019547e-02,2.759501542813062522e-02,-7.681737593211620564e-03,-3.948728868971090183e-02,-9.912807405502697955e-02,1.229405686368144485e-01,1.182238391250046011e-01,1.093790930463211103e-01,9.136259706865516861e-02,4.668830033427615739e-02,6.843644519340262578e-02,8.599211879660580149e-02,8.660566138926641122e-02,7.697505454946183823e-02,-7.539192227160856213e-03,-4.385371230209748200e-02,-2.744407302648495944e-02,6.470823292803878045e-03,3.761187258935457661e-02,1.019945310950299139e-01,-1.145489990081915987e-01,-1.149642928773463579e-01,-1.066217139000110031e-01,-8.943380229952613281e-02,-4.717848730852587658e-02,-6.782154933328433943e-02,-8.377957196120926209e-02,-8.410277779818534083e-02,-7.464686698747380333e-02,6.893018495389927058e-02,-2.537828058994232722e-02,-7.274683204459464481e-01,1.084537618925173474e-01,5.529995224626234052e-01,-9.123735903463982277e-02,8.833456084928185308e-04,7.502945042794694208e-01,-9.608537670352274018e-02,-5.576720346765601244e-01
cs,9.239999999999999949e-03,3.339999999999999913e-02,5.507000000000000089e-02,3.692999999999999755e-02,2.301999999999999880e-02,-7.795000000000000540e-02,-4.481000000000000261e-02,-2.654000000000000109e-02,-2.281000000000000041e-02,-2.290999999999999981e-02,-1.131800000000000028e-01,-1.002099999999999935e-01,-8.917999999999999539e-02,-7.491000000000000436e-02,-5.670000000000000040e-02,-8.859999999999999820e-03,-3.225000000000000089e-02,-5.349000000000000282e-02,-3.590999999999999748e-02,-2.221000000000000058e-02,8.119999999999999440e-02,4.778000000000000302e-02,2.535000000000000100e-02,2.181999999999999912e-02,2.195000000000000076e-02,1.088400000000000062e-01,9.658999999999999531e-02,8.659999999999999643e-02,7.303999999999999382e-02,5.543000000000000010e-02,2.193000000000000158e-02,-7.590000000000000392e-03,-1.976300000000000001e-01,3.719000000000000083e-02,1.453800000000000092e-01,-2.770999999999999852e-02,1.549999999999999946e-03,2.032499999999999862e-01,-3.371999999999999997e-02,-1.461199999999999999e-01
cs*c/cref,1.472772435073283620e-02,4.953378393270395363e-02,7.556725507842633471e-02,4.658235949381037133e-02,2.648593780994011604e-02,-8.337325607023471363e-02,-4.563425182749880626e-02,-2.567013573081585592e-02,-2.089562070675531416e-02,-1.981555522903426930e-02,-9.094977335341439262e-02,-7.335561207434887487e-02,-5.889997814348160721e-02,-4.411553171950188812e-02,-2.933516328104910850e-02,-1.412203871726113932e-02,-4.782827939609887724e-02,-7.339917330933402873e-02,-4.529576304962713851e-02,-2.555398256988575256e-02,8.684937001799945822e-02,4.865888311354369528e-02,2.451913868787422568e-02,1.998870862873305260e-02,1.898522205488006181e-02,8.746221356940822589e-02,7.070570372479152710e-02,5.719598684935531252e-02,4.301426293942620799e-02,2.867809701355470905e-02,1.858648661058663609e-02,-6.040174025640083523e-03,-1.470863616243617278e-01,2.576920141057194302e-02,9.330904198655547155e-02,-2.348525052345442829e-02,1.233500624471953752e-03,1.512690532821510947e-01,-2.336481504610072105e-02,-9.378399515115892759e-02
cx,-3.769999999999999740e-02,-4.401000000000000051e-02,1.890000000000000013e-02,2.724999999999999992e-02,3.255999999999999867e-02,3.090000000000000038e-02,-4.760000000000000342e-02,-3.248999999999999805e-02,-2.409000000000000030e-02,-1.714999999999999858e-02,-1.293000000000000052e-02,-1.610999999999999932e-02,-1.856000000000000011e-02,-1.796000000000000027e-02,-1.553999999999999999e-02,-3.763999999999999985e-02,-4.361999999999999905e-02,1.718000000000000083e-02,2.545999999999999999e-02,3.090999999999999998e-02,3.060999999999999832e-02,-4.587000000000000105e-02,-3.148000000000000104e-02,-2.341000000000000025e-02,-1.671999999999999875e-02,-1.264000000000000019e-02,-1.570999999999999827e-02,-1.799999999999999864e-02,-1.742000000000000146e-02,-1.507999999999999965e-02,1.030000000000000100e-03,-5.999999999999999474e-04,-1.048999999999999932e-02,-1.763999999999999943e-02,-9.299999999999999239e-03,1.500000000000000031e-03,1.000000000000000082e-05,-1.129999999999999928e-02,-2.341999999999999985e-02,-9.499999999999999764e-03
cx*c/cref,-6.009039047863937860e-02,-6.526891709216470217e-02,2.593464901002828435e-02,3.437230696469895791e-02,3.746229952613597952e-02,3.304982184182492233e-02,-4.847557212651067149e-02,-3.142512094552400020e-02,-2.206819389854167146e-02,-1.483355618410902264e-02,-1.039035668368658814e-02,-1.179282417441134163e-02,-1.225816992983873831e-02,-1.057689159901553655e-02,-8.040007714065310410e-03,-5.999475590493332650e-02,-6.469052859714211068e-02,2.357445872975057893e-02,3.211445634206368943e-02,3.556387218528449246e-02,3.273964552033206687e-02,-4.671374986224883369e-02,-3.044822429563236871e-02,-2.144526439040516860e-02,-1.446163611651911721e-02,-1.015731697461705156e-02,-1.150001662197406259e-02,-1.188831135436946469e-02,-1.025887815450170736e-02,-7.802015207728756757e-03,8.729631194210777734e-04,-4.774841126988207864e-04,-7.807194927083714424e-03,-1.222287477500642698e-02,-5.969005987584026160e-03,1.271305513720016097e-03,7.958068544980347796e-06,-8.410038386658338916e-03,-1.622787569334753488e-02,-6.097371707747123795e-03
cy,9.239999999999999949e-03,3.339999999999999913e-02,5.507000000000000089e-02,3.692999999999999755e-02,2.301999999999999880e-02,-7.795000000000000540e-02,-4.481000000000000261e-02,-2.654000000000000109e-02,-2.281000000000000041e-02,-2.290999999999999981e-02,-1.131800000000000028e-01,-1.002099999999999935e-01,-8.917999999999999539e-02,-7.491000000000000436e-02,-5.670000000000000040e-02,-8.859999999999999820e-03,-3.225000000000000089e-02,-5.349000000000000282e-02,-3.590999999999999748e-02,-2.221000000000000058e-02,8.119999999999999440e-02,4.778000000000000302e-02,2.535000000000000100e-02,2.181999999999999912e-02,2.195000000000000076e-02,1.088400000000000062e-01,9.658999999999999531e-02,8.659999999999999643e-02,7.303999999999999382e-02,5.543000000000000010e-02,2.193000000000000158e-02,-7.590000000000000392e-03,-1.976300000000000001e-01,3.719000000000000083e-02,1.453800000000000092e-01,-2.770999999999999852e-02,1.549999999999999946e-03,2.032499999999999862e-01,-3.371999999999999997e-02,-1.461199999999999999e-01
cy*c/cref,1.472772435073283620e-02,4.953378393270395363e-02,7.556725507842633471e-02,4.658235949381037133e-02,2.648593780994011604e-02,-8.337325607023471363e-02,-4.563425182749880626e-02,-2.567013573081585592e-02,-2.089562070675531416e-02,-1.981555522903426930e-02,-9.094977335341439262e-02,-7.335561207434887487e-02,-5.889997814348160721e-02,-4.411553171950188812e-02,-2.933516328104910850e-02,-1.412203871726113932e-02,-4.782827939609887724e-02,-7.339917330933402873e-02,-4.529576304962713851e-02,-2.555398256988575256e-02,8.684937001799945822e-02,4.865888311354369528e-02,2.451913868787422568e-02,1.998870862873305260e-02,1.898522205488006181e-02,8.746221356940822589e-02,7.070570372479152710e-02,5.719598684935531252e-02,4.301426293942620799e-02,2.867809701355470905e-02,1.858648661058663609e-02,-6.040174025640083523e-03,-1.470863616243617278e-01,2.576920141057194302e-02,9.330904198655547155e-02,-2.348525052345442829e-02,1.233500624471953752e-03,1.512690532821510947e-01,-2.336481504610072105e-02,-9.378399515115892759e-02
cz,6.172299999999999454e-01,7.140900000000000025e-01,9.990299999999999736e-01,1.156209999999999960e+00,1.268939999999999957e+00,1.271740000000000093e+00,6.536899999999999933e-01,5.250200000000000422e-01,4.611899999999999888e-01,3.901499999999999968e-01,3.280100000000000238e-01,3.087799999999999989e-01,2.892000000000000126e-01,2.599199999999999844e-01,2.025800000000000101e-01,6.062199999999999811e-01,6.998299999999999521e-01,9.835599999999999898e-01,1.139270000000000005e+00,1.250510000000000010e+00,1.253880000000000106e+00,6.330599999999999561e-01,5.039799999999999836e-01,4.433900000000000063e-01,3.766599999999999948e-01,3.169299999999999895e-01,2.992000000000000215e-01,2.815099999999999825e-01,2.535499999999999976e-01,1.978600000000000081e-01,-2.214999999999999955e-02,4.420000000000000318e-03,8.008999999999999453e-02,-1.398099999999999898e-01,-1.361700000000000133e-01,-2.783000000000000057e-02,-3.499999999999999964e-04,1.229100000000000054e-01,-9.736999999999999822e-02,-1.369499999999999884e-01
cz*c/cref,9.838087988098297432e-01,1.059029334386364374e+00,1.370872613782463389e+00,1.458407524244204945e+00,1.459994175697020502e+00,1.360219431363185461e+00,6.657142172978730565e-01,5.078121575506006069e-01,4.224836174374608788e-01,3.374525915586085167e-01,2.635839826617198955e-01,2.260327901039561604e-01,1.910055357602027659e-01,1.530704712926569122e-01,1.048098302905631080e-01,9.662598545347683698e-01,1.037881078132461221e+00,1.349644623296477386e+00,1.437039932318260105e+00,1.438789317580721816e+00,1.341116848253315119e+00,6.447047413951437766e-01,4.874617560518678672e-01,4.061775214891819030e-01,3.257846806009623841e-01,2.546802586048561579e-01,2.190200492230834073e-01,1.859265849649193447e-01,1.493190904749659986e-01,1.023678202255445535e-01,-1.877294475259890308e-02,3.517466296881313712e-03,5.960707737942180090e-02,-9.687529037945853683e-02,-8.739780057304484540e-02,-2.358695496455203225e-02,-2.785323990743121254e-04,9.147591310656429109e-02,-6.746832861918229673e-02,-8.789842688168091056e-02
Results_Name,VSPAERO_Comp_Load
Results_Timestamp,1759254118
Results_Date,9,30,2025
Results_Time,13,41,58
AoA,3.000000000000000000e+00,3.000000000000000000e+00,3.000000000000000000e+00,3.000000000000000000e+00,3.000000000000000000e+00,3.000000000000000000e+00,3.000000000000000000e+00,3.000000000000000000e+00,3.000000000000000000e+00
Beta,0.000000000000000000e+00,0.000000000000000000e+00,0.000000000000000000e+00,0.000000000000000000e+00,0.000000000000000000e+00,0.000000000000000000e+00,0.000000000000000000e+00,0.000000000000000000e+00,0.000000000000000000e+00
CDi,0.000000000000000000e+00,1.301000000000000073e-02,1.267000000000000071e-02,-6.800000000000000488e-04,-6.999999999999999929e-04,0.000000000000000000e+00,0.000000000000000000e+00,0.000000000000000000e+00,0.000000000000000000e+00
CFx,0.000000000000000000e+00,-6.499999999999999702e-03,-6.409999999999999899e-03,-5.299999999999999807e-04,-6.099999999999999737e-04,0.000000000000000000e+00,0.000000000000000000e+00,0.000000000000000000e+00,0.000000000000000000e+00
CFy,0.000000000000000000e+00,-9.620000000000000079e-03,9.969999999999999696e-03,-2.999999999999999737e-04,2.300000000000000070e-04,0.000000000000000000e+00,0.000000000000000000e+00,0.000000000000000000e+00,0.000000000000000000e+00
CFz,0.000000000000000000e+00,3.727199999999999958e-01,3.642799999999999927e-01,-2.890000000000000208e-03,-1.820000000000000003e-03,0.000000000000000000e+00,0.000000000000000000e+00,0.000000000000000000e+00,0.000000000000000000e+00
CL,0.000000000000000000e+00,3.725499999999999923e-01,3.641199999999999992e-01,-2.860000000000000129e-03,-1.779999999999999898e-03,0.000000000000000000e+00,0.000000000000000000e+00,0.000000000000000000e+00,0.000000000000000000e+00
Cmx,0.000000000000000000e+00,6.710000000000000686e-02,-6.522999999999999632e-02,-2.400000000000000061e-04,1.800000000000000113e-04,-6.000000000000000152e-05,6.000000000000000152e-05,-0.000000000000000000e+00,0.000000000000000000e+00
Cmy,0.000000000000000000e+00,-1.210399999999999948e-01,-1.167500000000000066e-01,1.072999999999999995e-02,6.839999999999999726e-03,4.599999999999999922e-03,4.230000000000000253e-03,-0.000000000000000000e+00,2.000000000000000164e-05
Cmz,0.000000000000000000e+00,1.809999999999999977e-03,-1.709999999999999932e-03,-1.100000000000000039e-04,9.000000000000000567e-05,-1.000000000000000082e-05,1.000000000000000082e-05,2.000000000000000164e-05,6.999999999999999387e-05
Comp_ID,0,1,2,3,4,5,6,7,8
Comp_Name,NONE,main_wing,main_wing,horizontal_tail,horizontal_tail,fuselage,fuselage,fuselage,fuselage
Cs,0.000000000000000000e+00,-9.620000000000000079e-03,9.969999999999999696e-03,-2.999999999999999737e-04,2.300000000000000070e-04,0.000000000000000000e+00,0.000000000000000000e+00,0.000000000000000000e+00,0.000000000000000000e+00
Mach,1.499999999999999944e-01,1.499999999999999944e-01,1.499999999999999944e-01,1.499999999999999944e-01,1.499999999999999944e-01,1.499999999999999944e-01,1.499999999999999944e-01,1.499999999999999944e-01,1.499999999999999944e-01
Results_Name,VSPAERO_Load
Results_Timestamp,1759254118
Results_Date,9,30,2025
Results_Time,13,41,58
AnalysisMethod,0
Chord,1.735640000000000072e+00,1.614919999999999911e+00,1.494220000000000104e+00,1.373529999999999918e+00,1.252869999999999928e+00,1.164679999999999938e+00,1.108950000000000102e+00,1.053230000000000111e+00,9.975300000000000278e-01,9.418400000000000105e-01,8.750400000000000400e-01,7.971099999999999852e-01,7.191899999999999959e-01,6.412799999999999612e-01,5.633799999999999919e-01,1.735640000000000072e+00,1.614919999999999911e+00,1.494220000000000104e+00,1.373529999999999918e+00,1.252869999999999928e+00,1.164679999999999938e+00,1.108950000000000102e+00,1.053230000000000111e+00,9.975300000000000278e-01,9.418400000000000105e-01,8.750400000000000400e-01,7.971099999999999852e-01,7.191899999999999959e-01,6.412799999999999612e-01,5.633799999999999919e-01,9.229000000000000536e-01,8.665699999999999514e-01,8.104299999999999837e-01,7.545199999999999685e-01,6.988999999999999657e-01,9.229000000000000536e-01,8.665699999999999514e-01,8.104299999999999837e-01,7.545199999999999685e-01,6.988999999999999657e-01
FC_AoA_,4.000000000000000000e+00
FC_Beta_,0.000000000000000000e+00
FC_Bref_,1.417173599999999922e+01
FC_Cref_,1.088920000000000110e+00
FC_Mach_,1.499999999999999944e-01
FC_Pitch_Rate,0.000000000000000000e+00
FC_Rho_,2.377000000000000206e-03
FC_Roll__Rate,0.000000000000000000e+00
FC_Sref_,1.619368700000000061e+01
FC_Vinf_,5.100000000000000000e+01
FC_Xcg_,1.774861999999999940e+00
FC_Yaw___Rate,0.000000000000000000e+00
FC_Ycg_,0.000000000000000000e+00
FC_Zcg_,7.545150000000000468e-01
S,3.314000000000000279e-02,8.981999999999999706e-02,1.368900000000000117e-01,1.839600000000000124e-01,2.310300000000000131e-01,2.997400000000000064e-01,4.117600000000000149e-01,5.454599999999999449e-01,6.791599999999999859e-01,8.128699999999999815e-01,9.157600000000000184e-01,9.578299999999999592e-01,9.698799999999999644e-01,9.819299999999999695e-01,9.939799999999999747e-01,3.314000000000000279e-02,8.981999999999999706e-02,1.368900000000000117e-01,1.839600000000000124e-01,2.310300000000000131e-01,2.997400000000000064e-01,4.117600000000000149e-01,5.454599999999999449e-01,6.791599999999999859e-01,8.128699999999999815e-01,9.157600000000000184e-01,9.578299999999999592e-01,9.698799999999999644e-01,9.819299999999999695e-01,9.939799999999999747e-01,1.020299999999999957e-01,3.035599999999999965e-01,5.025399999999999867e-01,7.015200000000000324e-01,9.005100000000000326e-01,1.020299999999999957e-01,3.035599999999999965e-01,5.025399999999999867e-01,7.015200000000000324e-01,9.005100000000000326e-01
V/Vref,1.003700000000000037e+00,1.004029999999999978e+00,1.009989999999999943e+00,1.009260000000000046e+00,1.011719999999999953e+00,1.010080000000000089e+00,1.006729999999999903e+00,1.001759999999999984e+00,1.000830000000000108e+00,1.000739999999999963e+00,1.007139999999999924e+00,1.007039999999999935e+00,1.007060000000000066e+00,1.006610000000000005e+00,1.007840000000000069e+00,1.004809999999999981e+00,1.004629999999999912e+00,1.010059999999999958e+00,1.009330000000000060e+00,1.011549999999999949e+00,1.009840000000000071e+00,1.006639999999999979e+00,1.001659999999999995e+00,1.000699999999999923e+00,1.000609999999999999e+00,1.006769999999999943e+00,1.006690000000000085e+00,1.006720000000000059e+00,1.006310000000000038e+00,1.007530000000000037e+00,9.869499999999999940e-01,9.909700000000000175e-01,9.967099999999999849e-01,1.003730000000000011e+00,1.003500000000000059e+00,9.863300000000000400e-01,9.907700000000000395e-01,9.907500000000000195e-01,1.004569999999999963e+00,1.003640000000000088e+00
WingId,1,1,1,1,1,1,1,1,1,1,1,1,1,1,1,2,2,2,2,2,2,2,2,2,2,2,2,2,2,2,3,3,3,3,3,4,4,4,4,4
Xavg,2.391169999999999796e+00,2.380489999999999995e+00,2.369810000000000194e+00,2.359129999999999949e+00,2.348450000000000149e+00,2.336259999999999781e+00,2.322589999999999932e+00,2.308860000000000134e+00,2.295059999999999878e+00,2.281190000000000051e+00,2.284749999999999837e+00,2.305000000000000160e+00,2.325239999999999974e+00,2.345470000000000166e+00,2.365699999999999914e+00,2.391169999999999796e+00,2.380489999999999995e+00,2.369810000000000194e+00,2.359129999999999949e+00,2.348450000000000149e+00,2.336259999999999781e+00,2.322589999999999932e+00,2.308860000000000134e+00,2.295059999999999878e+00,2.281190000000000051e+00,2.284749999999999837e+00,2.305000000000000160e+00,2.325239999999999974e+00,2.345470000000000166e+00,2.365699999999999914e+00,5.722059999999999924e+00,5.820210000000000328e+00,5.918350000000000222e+00,6.016490000000000116e+00,6.114630000000000010e+00,5.722059999999999924e+00,5.820210000000000328e+00,5.918350000000000222e+00,6.016490000000000116e+00,6.114630000000000010e+00
Yavg,1.718899999999999872e-01,5.195499999999999563e-01,8.671900000000000164e-01,1.214790000000000036e+00,1.562359999999999971e+00,2.229140000000000121e+00,3.217070000000000096e+00,4.204979999999999940e+00,5.192870000000000097e+00,6.180740000000000123e+00,6.716649999999999565e+00,6.791660000000000252e+00,6.866660000000000430e+00,6.941650000000000098e+00,7.016610000000000014e+00,-1.718899999999999872e-01,-5.195499999999999563e-01,-8.671900000000000164e-01,-1.214790000000000036e+00,-1.562359999999999971e+00,-2.229140000000000121e+00,-3.217070000000000096e+00,-4.204979999999999940e+00,-5.192870000000000097e+00,-6.180740000000000123e+00,-6.716649999999999565e+00,-6.791660000000000252e+00,-6.866660000000000430e+00,-6.941650000000000098e+00,-7.016610000000000014e+00,1.078800000000000037e-01,3.257399999999999740e-01,5.435900000000000176e-01,7.614400000000000057e-01,9.792699999999999738e-01,-1.078800000000000037e-01,-3.257399999999999740e-01,-5.435900000000000176e-01,-7.614400000000000057e-01,-9.792699999999999738e-01
Zavg,1.027309999999999945e+00,1.024350000000000094e+00,1.021379999999999955e+00,1.018420000000000103e+00,1.015449999999999964e+00,1.037979999999999903e+00,1.086500000000000021e+00,1.135019999999999918e+00,1.183540000000000036e+00,1.232069999999999999e+00,1.270329999999999959e+00,1.298289999999999944e+00,1.326240000000000085e+00,1.354190000000000005e+00,1.382130000000000081e+00,1.027309999999999945e+00,1.024350000000000094e+00,1.021379999999999955e+00,1.018420000000000103e+00,1.015449999999999964e+00,1.037979999999999903e+00,1.086500000000000021e+00,1.135019999999999918e+00,1.183540000000000036e+00,1.232069999999999999e+00,1.270329999999999959e+00,1.298289999999999944e+00,1.326240000000000085e+00,1.354190000000000005e+00,1.382130000000000081e+00,3.777900000000000147e-01,5.956799999999999873e-01,8.135799999999999699e-01,1.031470000000000109e+00,1.249349999999999961e+00,3.777900000000000147e-01,5.956799999999999873e-01,8.135799999999999699e-01,1.031470000000000109e+00,1.249349999999999961e+00
cd,-9.499999999999999981e-04,-1.240000000000000000e-03,8.254999999999999838e-02,9.686999999999999778e-02,1.069299999999999973e-01,1.065299999999999997e-01,-1.254000000000000080e-02,-4.789999999999999987e-03,1.399999999999999986e-03,5.629999999999999588e-03,7.080000000000000356e-03,1.049999999999999935e-03,-4.020000000000000136e-03,-5.380000000000000233e-03,-6.300000000000000044e-03,-8.800000000000000313e-04,-1.940000000000000101e-03,7.914000000000000201e-02,9.354999999999999427e-02,1.036500000000000060e-01,1.032000000000000001e-01,-1.277000000000000010e-02,-4.959999999999999999e-03,1.129999999999999928e-03,5.279999999999999971e-03,6.640000000000000069e-03,8.199999999999999824e-04,-3.959999999999999978e-03,-5.210000000000000221e-03,-6.089999999999999927e-03,-4.000000000000000192e-04,-4.099999999999999912e-04,-5.349999999999999721e-03,-2.262000000000000122e-02,-1.658000000000000099e-02,-2.400000000000000061e-04,-0.000000000000000000e+00,-4.479999999999999608e-03,-2.316000000000000003e-02,-1.565000000000000072e-02
cd*c/cref,-1.514214083679241759e-03,-1.838978804687212707e-03,1.132754114168166709e-01,1.221888211255188345e-01,1.230295973074238408e-01,1.139416673401167923e-01,-1.277066542996730704e-02,-4.633004903941520189e-03,1.282501928516327971e-03,4.869558094258530194e-03,5.689383242111449926e-03,7.686198251478527227e-04,-2.655056202475847543e-03,-3.168356169415567289e-03,-3.259462586783234278e-03,-1.402640414355508158e-03,-2.877112000881607099e-03,1.085961969658009868e-01,1.180010758366087237e-01,1.192557538662160493e-01,1.103799875105608980e-01,-1.300489613562061386e-02,-4.797433052933181528e-03,1.035162270873893255e-03,4.566832457848142915e-03,5.335805752488704048e-03,6.002554824964183126e-04,-2.615428497961282388e-03,-3.068240825772324508e-03,-3.150813833890459426e-03,-3.390148036586709736e-04,-3.262808103441942257e-04,-3.981743837931160483e-03,-1.567355030672593075e-02,-1.064151820152077141e-02,-2.034088821952025788e-04,-0.000000000000000000e+00,-3.334245307276934370e-03,-1.604771994269551388e-02,-1.004461760276236827e-02
cl,7.001800000000000246e-01,8.140500000000000513e-01,1.095069999999999988e+00,1.246159999999999934e+00,1.361390000000000100e+00,1.379140000000000033e+00,7.684400000000000119e-01,6.219900000000000428e-01,5.551000000000000378e-01,4.739599999999999924e-01,4.004400000000000182e-01,3.779600000000000182e-01,3.556400000000000117e-01,3.211200000000000165e-01,2.528199999999999892e-01,6.887799999999999478e-01,7.980399999999999716e-01,1.077990000000000004e+00,1.227999999999999980e+00,1.341790000000000038e+00,1.357629999999999892e+00,7.458000000000000185e-01,6.028700000000000170e-01,5.392799999999999816e-01,4.614199999999999968e-01,3.894500000000000184e-01,3.683199999999999807e-01,3.474400000000000266e-01,3.146399999999999753e-01,2.480799999999999950e-01,-1.760000000000000106e-02,7.660000000000000142e-03,7.889999999999999791e-02,-1.212099999999999983e-01,-1.243100000000000038e-01,-2.401999999999999968e-02,-1.229999999999999974e-03,9.428999999999999881e-02,-9.618000000000000160e-02,-1.204299999999999954e-01
cl*c/cref,1.116023596958454212e+00,1.207274754802923900e+00,1.502659052455644240e+00,1.571867671454284521e+00,1.566363634885941769e+00,1.475091627667780791e+00,7.825749715314256338e-01,6.016039081842560199e-01,5.085120146567240207e-01,4.099424075230503339e-01,3.217876589648459018e-01,2.766738562979833005e-01,2.348866138926642699e-01,1.891119950042243480e-01,1.308027509826249490e-01,1.097853027954303284e+00,1.183531165558534770e+00,1.479221814091026044e+00,1.548961209271571438e+00,1.543812619200675584e+00,1.452085101201189721e+00,7.595185229401608673e-01,5.831105775447231743e-01,4.940197428644895195e-01,3.990961804356609743e-01,3.129562575763141230e-01,2.696171942842448543e-01,2.294708276090070831e-01,1.852958336700583630e-01,1.283503934173308991e-01,-1.491665136098152371e-02,6.095880505454945829e-03,5.872141846967637163e-02,-8.398722514050618870e-02,-7.978571336737316777e-02,-2.035783895970319154e-02,-9.788424310325826230e-04,7.017544420159423091e-02,-6.664376960658266458e-02,-7.729541839620907018e-02
cmx,6.825000000000000511e-02,2.557699999999999974e-01,6.279799999999999827e-01,1.100589999999999957e+00,1.700679999999999970e+00,2.677070000000000061e+00,2.245359999999999800e+00,2.489419999999999966e+00,2.897609999999999797e+00,3.120899999999999785e+00,3.150360000000000049e+00,3.294639999999999791e+00,3.468430000000000124e+00,3.545080000000000009e+00,3.209810000000000052e+00,-6.715999999999999748e-02,-2.508000000000000229e-01,-6.182699999999999863e-01,-1.084529999999999994e+00,-1.676120000000000054e+00,-2.635110000000000063e+00,-2.179100000000000037e+00,-2.412739999999999885e+00,-2.814880000000000049e+00,-3.038159999999999972e+00,-3.063369999999999926e+00,-3.209940000000000015e+00,-3.388079999999999981e+00,-3.473469999999999835e+00,-3.149830000000000130e+00,5.470000000000000036e-03,3.499999999999999964e-04,8.382000000000000561e-02,-1.610999999999999932e-01,-2.681200000000000250e-01,-7.179999999999999750e-03,1.539999999999999919e-03,-9.768000000000000294e-02,1.366799999999999959e-01,2.602800000000000114e-01
cmx*c/cref,1.087843275906402729e-01,3.793190394152002876e-01,8.617164489586012222e-01,1.388250176964331395e+00,1.956737824266244985e+00,2.863323189582338113e+00,2.286661988024831782e+00,2.407827780369540260e+00,2.654421723634426300e+00,2.699361253351944434e+00,2.531582682290709929e+00,2.411738686404877541e+00,2.290765319490871477e+00,2.087746484957572424e+00,1.660675492965506761e+00,-1.070469661683135509e-01,-3.719482937222201580e-01,-8.483923515042427477e-01,-1.367992589813760151e+00,-1.928480020938176942e+00,-2.818443884582888970e+00,-2.219183176909230948e+00,-2.333661012930242862e+00,-2.578635020387172183e+00,-2.627796912904528881e+00,-2.461678805421885663e+00,-2.349736687176284367e+00,-2.237697218528449827e+00,-2.045574368732321346e+00,-1.629643339639275323e+00,4.636027440032325711e-03,2.785323990743121254e-04,6.238313429820372541e-02,-1.116272747309260405e-01,-1.720870844506483255e-01,-6.085315725673143099e-03,1.225542555926973330e-03,-7.269845571759173120e-02,9.470649230430150389e-02,1.670551482202549121e-01
cmy,-1.183600000000000069e-01,-1.672099999999999975e-01,-2.909700000000000064e-01,-3.679200000000000248e-01,-4.393900000000000028e-01,-4.735500000000000265e-01,-2.196700000000000041e-01,-1.779699999999999893e-01,-1.601599999999999968e-01,-1.365300000000000125e-01,-1.350899999999999879e-01,-1.598400000000000098e-01,-1.902399999999999924e-01,-2.138299999999999923e-01,-2.147699999999999887e-01,-1.128099999999999936e-01,-1.594800000000000106e-01,-2.833800000000000208e-01,-3.599399999999999822e-01,-4.306800000000000073e-01,-4.638100000000000001e-01,-2.085400000000000031e-01,-1.686699999999999866e-01,-1.523500000000000132e-01,-1.300499999999999989e-01,-1.287600000000000133e-01,-1.537199999999999955e-01,-1.842399999999999871e-01,-2.085100000000000009e-01,-2.101000000000000090e-01,6.357000000000000151e-02,-3.262000000000000316e-02,-3.669399999999999884e-01,6.148299999999999876e-01,7.200400000000000134e-01,9.188999999999999946e-02,1.476000000000000055e-02,-4.386700000000000044e-01,4.889800000000000257e-01,7.053700000000000525e-01
cmy*c/cref,-1.886551357308158539e-01,-2.479803596223780771e-01,-3.992700964258164564e-01,-4.640829056312676393e-01,-5.055454480586267785e-01,-5.064965415273848803e-01,-2.237106917863571076e-01,-1.721369275061528648e-01,-1.467182206222679142e-01,-1.180889461117437395e-01,-1.085563251662197276e-01,-1.170058979539359972e-01,-1.256462417808470455e-01,-1.259274348896153584e-01,-1.111166317084817667e-01,-1.798089376630055136e-01,-2.365164030415457252e-01,-3.888550707122653827e-01,-4.540171805091282042e-01,-4.955240528229804542e-01,-4.960788954193144362e-01,-2.123759624214818231e-01,-1.631417405319031677e-01,-1.395636920067589715e-01,-1.124841971862028250e-01,-1.034696308268743398e-01,-1.125259424016456511e-01,-1.216834713293905718e-01,-1.227944135473680171e-01,-1.087004903941519857e-01,5.387792767145428707e-02,-2.595921959372589349e-02,-2.730955296991514070e-01,4.260198468207030409e-01,4.621422657311831106e-01,7.788017577048818307e-02,1.174610917239099148e-02,-3.264806671748153866e-01,3.388175344377915565e-01,4.527266401572199173e-01
cmz,6.279999999999999992e-03,3.935999999999999915e-02,3.169000000000000289e-02,8.089999999999999969e-03,-9.220000000000000764e-03,-7.378999999999999448e-02,1.528899999999999981e-01,1.839399999999999924e-01,1.873900000000000010e-01,1.713699999999999946e-01,1.094699999999999979e-01,1.624299999999999911e-01,2.185400000000000120e-01,2.446800000000000086e-01,2.447699999999999876e-01,-5.960000000000000020e-03,-3.826000000000000234e-02,-3.169999999999999901e-02,-9.299999999999999239e-03,7.239999999999999908e-03,6.923999999999999599e-02,-1.502499999999999947e-01,-1.799399999999999888e-01,-1.834899999999999864e-01,-1.684299999999999964e-01,-1.100099999999999967e-01,-1.615900000000000114e-01,-2.149300000000000099e-01,-2.396300000000000097e-01,-2.392700000000000105e-01,6.198000000000000037e-02,-4.737000000000000238e-02,-8.028100000000000236e-01,2.165600000000000025e-01,7.770799999999999930e-01,-8.981000000000000094e-02,-1.459999999999999926e-03,8.044499999999999984e-01,-1.749100000000000099e-01,-7.636600000000000055e-01
cmz*c/cref,1.000975204790067151e-02,5.837274657458765142e-02,4.348513371046541787e-02,1.020447571906108603e-02,-1.060818186827314907e-02,-7.892383021709581392e-02,1.557023155971053729e-01,1.779112572089776856e-01,1.716628831319104986e-01,1.482231208904235265e-01,8.796847224773168827e-02,1.189018268559673547e-01,1.443373090768834965e-01,1.440954251919332740e-01,1.266378821217352679e-01,-9.499700988135031943e-03,-5.674139440913932714e-02,-4.349885574697865548e-02,-1.173073228520001184e-02,8.330069059251366675e-03,7.405727069022516318e-02,-1.530137544539543759e-01,-1.740423595856444849e-01,-1.680901991881864344e-01,-1.456802255445762695e-01,-8.840240825772324729e-02,-1.182869309958490822e-01,-1.419530421885905336e-01,-1.411214105719428291e-01,-1.237923195459721404e-01,5.253034382691106757e-02,-3.769737069757190390e-02,-5.974922935569186855e-01,1.500558821584689340e-01,4.987521691216984521e-01,-7.611729879146310329e-02,-1.161878007567130602e-03,5.987128654997612154e-01,-1.211963167174815448e-01,-4.901388292987546302e-01
cs,1.145000000000000011e-02,4.100999999999999784e-02,6.228000000000000203e-02,3.844000000000000195e-02,2.554000000000000020e-02,-1.037000000000000005e-01,-7.038999999999999424e-02,-3.098000000000000059e-02,-2.711999999999999827e-02,-2.849000000000000143e-02,-1.353399999999999881e-01,-1.184899999999999981e-01,-1.046799999999999953e-01,-8.673000000000000154e-02,-6.583999999999999575e-02,-1.102999999999999987e-02,-3.962999999999999856e-02,-6.045999999999999985e-02,-3.740000000000000269e-02,-2.472999999999999851e-02,1.020100000000000035e-01,6.844000000000000083e-02,2.982999999999999888e-02,2.624999999999999903e-02,2.756000000000000116e-02,1.308999999999999886e-01,1.146500000000000019e-01,1.018000000000000016e-01,8.482000000000000650e-02,6.464000000000000301e-02,1.717000000000000123e-02,-1.068000000000000026e-02,-1.620399999999999896e-01,5.007999999999999952e-02,1.322599999999999887e-01,-2.344999999999999862e-02,1.369999999999999907e-03,1.636100000000000054e-01,-4.012000000000000288e-02,-1.287300000000000111e-01
cs*c/cref,1.825026448223928191e-02,6.081977482276015173e-02,8.546084340447415717e-02,4.848702677882672091e-02,2.938535411233147640e-02,-1.109147742717554869e-01,-7.168477987363625070e-02,-2.996461209271571863e-02,-2.484389450097343813e-02,-2.464186680380560379e-02,-1.087572214671417431e-01,-8.673691722073245680e-02,-6.913713514307753827e-02,-5.107649267163794776e-02,-3.406397090695367086e-02,-1.758082246629687900e-02,-5.877316937883406145e-02,-8.296343275906402359e-02,-4.717520295338499536e-02,-2.845339887227710945e-02,1.091071950189178158e-01,6.969891084744517240e-02,2.885230402600741720e-02,2.404691115968114745e-02,2.383748154134371355e-02,1.051893031627667702e-01,8.392596471733460017e-02,6.723500532637842475e-02,4.995166734011680792e-02,3.344312089042353331e-02,1.455221044704845153e-02,-8.499217206039010389e-03,-1.205984619623112625e-01,3.470076920251257552e-02,8.488825074385626668e-02,-1.987474286448958488e-02,1.090255390662307452e-03,1.217669363222275147e-01,-2.779941813907357839e-02,-8.262259578297762030e-02
cx,-4.979000000000000092e-02,-5.802000000000000213e-02,5.960000000000000020e-03,9.709999999999999881e-03,1.170000000000000033e-02,1.005999999999999950e-02,-6.611999999999999822e-02,-4.816999999999999754e-02,-3.733000000000000207e-02,-2.744999999999999871e-02,-2.086999999999999966e-02,-2.531999999999999876e-02,-2.881999999999999840e-02,-2.776999999999999955e-02,-2.392999999999999988e-02,-4.891999999999999821e-02,-5.759999999999999842e-02,3.749999999999999861e-03,7.660000000000000142e-03,9.799999999999999684e-03,8.250000000000000389e-03,-6.475999999999999812e-02,-4.701000000000000317e-02,-3.649000000000000160e-02,-2.691999999999999948e-02,-2.054999999999999882e-02,-2.487999999999999934e-02,-2.818000000000000019e-02,-2.714000000000000093e-02,-2.338000000000000148e-02,8.300000000000000086e-04,-9.399999999999999719e-04,-1.084000000000000068e-02,-1.410999999999999928e-02,-7.860000000000000667e-03,1.430000000000000064e-03,8.000000000000000654e-05,-1.105000000000000079e-02,-1.638999999999999832e-02,-7.210000000000000263e-03
cx*c/cref,-7.936075708040994658e-02,-8.604641149028394165e-02,8.178333761892517262e-03,1.224789360099915250e-02,1.346157568967417013e-02,1.075990963523490961e-02,-6.733623590346397847e-02,-4.659119962899018613e-02,-3.419699785108180207e-02,-2.374233919847187554e-02,-1.677082320096976581e-02,-1.853471806927965010e-02,-1.903450740182933282e-02,-1.635413584101678280e-02,-1.238078407963853766e-02,-7.797405576167211472e-02,-8.542353157256729612e-02,5.145763692465929462e-03,9.662087022003450903e-03,1.127550784263306460e-02,8.823981559710538172e-03,-6.595121955699224936e-02,-4.546921931822356377e-02,-3.342749669397200585e-02,-2.328392609190757523e-02,-1.651367593578958667e-02,-1.821262976159864627e-02,-1.861181188700730682e-02,-1.598312015575064846e-02,-1.209622782206222491e-02,7.034557175917422866e-04,-7.480584432281525437e-04,-8.067682841714725328e-03,-9.776914006538586777e-03,-5.044772802409726656e-03,1.211977923079748639e-03,6.366454835984278237e-05,-8.223975590493332738e-03,-1.135674135841016619e-02,-4.627584211879659341e-03
cy,1.145000000000000011e-02,4.100999999999999784e-02,6.228000000000000203e-02,3.844000000000000195e-02,2.554000000000000020e-02,-1.037000000000000005e-01,-7.038999999999999424e-02,-3.098000000000000059e-02,-2.711999999999999827e-02,-2.849000000000000143e-02,-1.353399999999999881e-01,-1.184899999999999981e-01,-1.046799999999999953e-01,-8.673000000000000154e-02,-6.583999999999999575e-02,-1.102999999999999987e-02,-3.962999999999999856e-02,-6.045999999999999985e-02,-3.740000000000000269e-02,-2.472999999999999851e-02,1.020100000000000035e-01,6.844000000000000083e-02,2.982999999999999888e-02,2.624999999999999903e-02,2.756000000000000116e-02,1.308999999999999886e-01,1.146500000000000019e-01,1.018000000000000016e-01,8.482000000000000650e-02,6.464000000000000301e-02,1.717000000000000123e-02,-1.068000000000000026e-02,-1.620399999999999896e-01,5.007999999999999952e-02,1.322599999999999887e-01,-2.344999999999999862e-02,1.369999999999999907e-03,1.636100000000000054e-01,-4.012000000000000288e-02,-1.287300000000000111e-01
cy*c/cref,1.825026448223928191e-02,6.081977482276015173e-02,8.546084340447415717e-02,4.848702677882672091e-02,2.938535411233147640e-02,-1.109147742717554869e-01,-7.168477987363625070e-02,-2.996461209271571863e-02,-2.484389450097343813e-02,-2.464186680380560379e-02,-1.087572214671417431e-01,-8.673691722073245680e-02,-6.913713514307753827e-02,-5.107649267163794776e-02,-3.406397090695367086e-02,-1.758082246629687900e-02,-5.877316937883406145e-02,-8.296343275906402359e-02,-4.717520295338499536e-02,-2.845339887227710945e-02,1.091071950189178158e-01,6.969891084744517240e-02,2.885230402600741720e-02,2.404691115968114745e-02,2.383748154134371355e-02,1.051893031627667702e-01,8.392596471733460017e-02,6.723500532637842475e-02,4.995166734011680792e-02,3.344312089042353331e-02,1.455221044704845153e-02,-8.499217206039010389e-03,-1.205984619623112625e-01,3.470076920251257552e-02,8.488825074385626668e-02,-1.987474286448958488e-02,1.090255390662307452e-03,1.217669363222275147e-01,-2.779941813907357839e-02,-8.262259578297762030e-02
cz,6.984099999999999753e-01,8.119899999999999896e-01,1.098160000000000025e+00,1.249880000000000102e+00,1.365529999999999911e+00,1.383210000000000051e+00,7.656899999999999817e-01,6.201400000000000245e-01,5.538499999999999535e-01,4.732000000000000095e-01,3.999599999999999822e-01,3.771100000000000008e-01,3.544900000000000273e-01,3.199600000000000222e-01,2.517599999999999838e-01,6.870500000000000496e-01,7.959600000000000009e-01,1.080880000000000063e+00,1.231530000000000014e+00,1.345750000000000002e+00,1.361520000000000064e+00,7.430900000000000283e-01,6.010499999999999732e-01,5.380399999999999627e-01,4.606700000000000239e-01,3.889599999999999724e-01,3.674799999999999733e-01,3.463100000000000067e-01,3.135100000000000109e-01,2.470499999999999918e-01,-1.759000000000000147e-02,7.609999999999999577e-03,7.832999999999999685e-02,-1.224900000000000017e-01,-1.251599999999999935e-01,-2.398000000000000131e-02,-1.229999999999999974e-03,9.375000000000000000e-02,-9.755999999999999395e-02,-1.212300000000000044e-01
cz*c/cref,1.113202377034125501e+00,1.204219677111265874e+00,1.506899161738236126e+00,1.576559964368364763e+00,1.571126961668441568e+00,1.479444791903904655e+00,7.797743870073099437e-01,5.998145430334643757e-01,5.073669236491201717e-01,4.092850604268449266e-01,3.214019380670756210e-01,2.760516402490540422e-01,2.341270828894684575e-01,1.884288550123057460e-01,1.302543334680233145e-01,1.095095564412445377e+00,1.180446426918414282e+00,1.483187482643353095e+00,1.553413842063695816e+00,1.548368844818719170e+00,1.456245742203283733e+00,7.567586741909414494e-01,5.813502291261065658e-01,4.928838125849464569e-01,3.984474826433530015e-01,3.125625008265069393e-01,2.690022984241265958e-01,2.287245058406494336e-01,1.846303610917238713e-01,1.278174971531425286e-01,-1.490817599089005671e-02,6.056090162730043934e-03,5.829719529442015102e-02,-8.487414575910075254e-02,-8.033126767806632318e-02,-2.032393747933732356e-02,-9.788424310325826230e-04,6.977354856187781285e-02,-6.759998089850492720e-02,-7.780888127686146072e-02
Results_Name,VSPAERO_Comp_Load
Results_Timestamp,1759254118
Results_Date,9,30,2025
Results_Time,13,41,58
AoA,4.000000000000000000e+00,4.000000000000000000e+00,4.000000000000000000e+00,4.000000000000000000e+00,4.000000000000000000e+00,4.000000000000000000e+00,4.000000000000000000e+00,4.000000000000000000e+00,4.000000000000000000e+00
Beta,0.000000000000000000e+00,0.000000000000000000e+00,0.000000000000000000e+00,0.000000000000000000e+00,0.000000000000000000e+00,0.000000000000000000e+00,0.000000000000000000e+00,0.000000000000000000e+00,0.000000000000000000e+00
CDi,0.000000000000000000e+00,1.515000000000000027e-02,1.452999999999999951e-02,-6.400000000000000524e-04,-6.099999999999999737e-04,0.000000000000000000e+00,0.000000000000000000e+00,0.000000000000000000e+00,0.000000000000000000e+00
CFx,0.000000000000000000e+00,-1.425000000000000051e-02,-1.426000000000000011e-02,-4.699999999999999859e-04,-4.699999999999999859e-04,0.000000000000000000e+00,0.000000000000000000e+00,0.000000000000000000e+00,0.000000000000000000e+00
CFy,0.000000000000000000e+00,-1.366000000000000027e-02,1.333999999999999943e-02,1.200000000000000030e-04,-1.700000000000000122e-04,0.000000000000000000e+00,0.000000000000000000e+00,0.000000000000000000e+00,0.000000000000000000e+00
CFz,0.000000000000000000e+00,4.209399999999999809e-01,4.121900000000000008e-01,-2.390000000000000197e-03,-2.000000000000000042e-03,0.000000000000000000e+00,0.000000000000000000e+00,0.000000000000000000e+00,0.000000000000000000e+00
CL,0.000000000000000000e+00,4.209100000000000064e-01,4.121799999999999908e-01,-2.350000000000000092e-03,-1.969999999999999963e-03,0.000000000000000000e+00,0.000000000000000000e+00,0.000000000000000000e+00,0.000000000000000000e+00
Cmx,0.000000000000000000e+00,7.759000000000000619e-02,-7.571999999999999564e-02,-2.200000000000000078e-04,1.800000000000000113e-04,-6.000000000000000152e-05,6.000000000000000152e-05,-0.000000000000000000e+00,0.000000000000000000e+00
Cmy,0.000000000000000000e+00,-1.360099999999999920e-01,-1.314599999999999935e-01,8.550000000000000308e-03,7.389999999999999868e-03,7.210000000000000263e-03,6.859999999999999779e-03,-0.000000000000000000e+00,-1.000000000000000082e-05
Cmz,0.000000000000000000e+00,3.180000000000000101e-03,-3.139999999999999996e-03,-0.000000000000000000e+00,-3.000000000000000076e-05,-0.000000000000000000e+00,0.000000000000000000e+00,2.000000000000000164e-05,6.999999999999999387e-05
Comp_ID,0,1,2,3,4,5,6,7,8
Comp_Name,NONE,main_wing,main_wing,horizontal_tail,horizontal_tail,fuselage,fuselage,fuselage,fuselage
Cs,0.000000000000000000e+00,-1.366000000000000027e-02,1.333999999999999943e-02,1.200000000000000030e-04,-1.700000000000000122e-04,0.000000000000000000e+00,0.000000000000000000e+00,0.000000000000000000e+00,0.000000000000000000e+00
Mach,1.499999999999999944e-01,1.499999999999999944e-01,1.499999999999999944e-01,1.499999999999999944e-01,1.499999999999999944e-01,1.499999999999999944e-01,1.499999999999999944e-01,1.499999999999999944e-01,1.499999999999999944e-01
Results_Name,VSPAERO_Load
Results_Timestamp,1759254118
Results_Date,9,30,2025
Results_Time,13,41,58
AnalysisMethod,0
Chord,1.735640000000000072e+00,1.614919999999999911e+00,1.494220000000000104e+00,1.373529999999999918e+00,1.252869999999999928e+00,1.164679999999999938e+00,1.108950000000000102e+00,1.053230000000000111e+00,9.975300000000000278e-01,9.418400000000000105e-01,8.750400000000000400e-01,7.971099999999999852e-01,7.191899999999999959e-01,6.412799999999999612e-01,5.633799999999999919e-01,1.735640000000000072e+00,1.614919999999999911e+00,1.494220000000000104e+00,1.373529999999999918e+00,1.252869999999999928e+00,1.164679999999999938e+00,1.108950000000000102e+00,1.053230000000000111e+00,9.975300000000000278e-01,9.418400000000000105e-01,8.750400000000000400e-01,7.971099999999999852e-01,7.191899999999999959e-01,6.412799999999999612e-01,5.633799999999999919e-01,9.229000000000000536e-01,8.665699999999999514e-01,8.104299999999999837e-01,7.545199999999999685e-01,6.988999999999999657e-01,9.229000000000000536e-01,8.665699999999999514e-01,8.104299999999999837e-01,7.545199999999999685e-01,6.988999999999999657e-01
FC_AoA_,5.000000000000000000e+00
FC_Beta_,0.000000000000000000e+00
FC_Bref_,1.417173599999999922e+01
FC_Cref_,1.088920000000000110e+00
FC_Mach_,1.499999999999999944e-01
FC_Pitch_Rate,0.000000000000000000e+00
FC_Rho_,2.377000000000000206e-03
FC_Roll__Rate,0.000000000000000000e+00
FC_Sref_,1.619368700000000061e+01
FC_Vinf_,5.100000000000000000e+01
FC_Xcg_,1.774861999999999940e+00
FC_Yaw___Rate,0.000000000000000000e+00
FC_Ycg_,0.000000000000000000e+00
FC_Zcg_,7.545150000000000468e-01
S,3.314000000000000279e-02,8.981999999999999706e-02,1.368900000000000117e-01,1.839600000000000124e-01,2.310300000000000131e-01,2.997400000000000064e-01,4.117600000000000149e-01,5.454599999999999449e-01,6.791599999999999859e-01,8.128699999999999815e-01,9.157600000000000184e-01,9.578299999999999592e-01,9.698799999999999644e-01,9.819299999999999695e-01,9.939799999999999747e-01,3.314000000000000279e-02,8.981999999999999706e-02,1.368900000000000117e-01,1.839600000000000124e-01,2.310300000000000131e-01,2.997400000000000064e-01,4.117600000000000149e-01,5.454599999999999449e-01,6.791599999999999859e-01,8.128699999999999815e-01,9.157600000000000184e-01,9.578299999999999592e-01,9.698799999999999644e-01,9.819299999999999695e-01,9.939799999999999747e-01,1.020299999999999957e-01,3.035599999999999965e-01,5.025399999999999867e-01,7.015200000000000324e-01,9.005100000000000326e-01,1.020299999999999957e-01,3.035599999999999965e-01,5.025399999999999867e-01,7.015200000000000324e-01,9.005100000000000326e-01
V/Vref,1.002960000000000074e+00,1.003600000000000048e+00,1.010610000000000008e+00,1.010110000000000063e+00,1.012909999999999977e+00,1.013949999999999907e+00,1.002950000000000008e+00,1.000950000000000006e+00,9.995800000000000241e-01,9.999599999999999600e-01,1.007719999999999949e+00,1.007689999999999975e+00,1.007779999999999898e+00,1.007300000000000084e+00,1.008869999999999933e+00,1.004480000000000040e+00,1.004429999999999934e+00,1.010669999999999957e+00,1.010180000000000078e+00,1.012569999999999970e+00,1.013600000000000056e+00,1.002690000000000081e+00,1.000760000000000094e+00,9.994100000000000206e-01,9.997300000000000075e-01,1.007090000000000041e+00,1.007060000000000066e+00,1.007179999999999964e+00,1.006769999999999943e+00,1.008329999999999949e+00,9.868099999999999650e-01,9.908000000000000140e-01,9.928900000000000503e-01,1.007220000000000004e+00,1.005719999999999947e+00,9.863499999999999490e-01,9.903699999999999726e-01,9.905899999999999705e-01,1.007579999999999920e+00,1.005609999999999893e+00
WingId,1,1,1,1,1,1,1,1,1,1,1,1,1,1,1,2,2,2,2,2,2,2,2,2,2,2,2,2,2,2,3,3,3,3,3,4,4,4,4,4
Xavg,2.391169999999999796e+00,2.380489999999999995e+00,2.369810000000000194e+00,2.359129999999999949e+00,2.348450000000000149e+00,2.336259999999999781e+00,2.322589999999999932e+00,2.308860000000000134e+00,2.295059999999999878e+00,2.281190000000000051e+00,2.284749999999999837e+00,2.305000000000000160e+00,2.325239999999999974e+00,2.345470000000000166e+00,2.365699999999999914e+00,2.391169999999999796e+00,2.380489999999999995e+00,2.369810000000000194e+00,2.359129999999999949e+00,2.348450000000000149e+00,2.336259999999999781e+00,2.322589999999999932e+00,2.308860000000000134e+00,2.295059999999999878e+00,2.281190000000000051e+00,2.284749999999999837e+00,2.305000000000000160e+00,2.325239999999999974e+00,2.345470000000000166e+00,2.365699999999999914e+00,5.722059999999999924e+00,5.820210000000000328e+00,5.918350000000000222e+00,6.016490000000000116e+00,6.114630000000000010e+00,5.722059999999999924e+00,5.820210000000000328e+00,5.918350000000000222e+00,6.016490000000000116e+00,6.114630000000000010e+00
Yavg,1.718899999999999872e-01,5.195499999999999563e-01,8.671900000000000164e-01,1.214790000000000036e+00,1.562359999999999971e+00,2.229140000000000121e+00,3.217070000000000096e+00,4.204979999999999940e+00,5.192870000000000097e+00,6.180740000000000123e+00,6.716649999999999565e+00,6.791660000000000252e+00,6.866660000000000430e+00,6.941650000000000098e+00,7.016610000000000014e+00,-1.718899999999999872e-01,-5.195499999999999563e-01,-8.671900000000000164e-01,-1.214790000000000036e+00,-1.562359999999999971e+00,-2.229140000000000121e+00,-3.217070000000000096e+00,-4.204979999999999940e+00,-5.192870000000000097e+00,-6.180740000000000123e+00,-6.716649999999999565e+00,-6.791660000000000252e+00,-6.866660000000000430e+00,-6.941650000000000098e+00,-7.016610000000000014e+00,1.078800000000000037e-01,3.257399999999999740e-01,5.435900000000000176e-01,7.614400000000000057e-01,9.792699999999999738e-01,-1.078800000000000037e-01,-3.257399999999999740e-01,-5.435900000000000176e-01,-7.614400000000000057e-01,-9.792699999999999738e-01
Zavg,1.027309999999999945e+00,1.024350000000000094e+00,1.021379999999999955e+00,1.018420000000000103e+00,1.015449999999999964e+00,1.037979999999999903e+00,1.086500000000000021e+00,1.135019999999999918e+00,1.183540000000000036e+00,1.232069999999999999e+00,1.270329999999999959e+00,1.298289999999999944e+00,1.326240000000000085e+00,1.354190000000000005e+00,1.382130000000000081e+00,1.027309999999999945e+00,1.024350000000000094e+00,1.021379999999999955e+00,1.018420000000000103e+00,1.015449999999999964e+00,1.037979999999999903e+00,1.086500000000000021e+00,1.135019999999999918e+00,1.183540000000000036e+00,1.232069999999999999e+00,1.270329999999999959e+00,1.298289999999999944e+00,1.326240000000000085e+00,1.354190000000000005e+00,1.382130000000000081e+00,3.777900000000000147e-01,5.956799999999999873e-01,8.135799999999999699e-01,1.031470000000000109e+00,1.249349999999999961e+00,3.777900000000000147e-01,5.956799999999999873e-01,8.135799999999999699e-01,1.031470000000000109e+00,1.249349999999999961e+00
cd,4.369999999999999753e-03,3.660000000000000059e-03,9.193999999999999395e-02,1.059400000000000064e-01,1.159799999999999998e-01,1.176900000000000029e-01,-1.081000000000000016e-02,-4.139999999999999583e-03,3.190000000000000127e-03,8.449999999999999178e-03,1.055999999999999994e-02,2.309999999999999987e-03,-4.640000000000000027e-03,-6.510000000000000162e-03,-7.790000000000000049e-03,4.760000000000000342e-03,2.520000000000000104e-03,8.684000000000000052e-02,1.012799999999999950e-01,1.113299999999999984e-01,1.125000000000000028e-01,-1.163999999999999931e-02,-4.700000000000000185e-03,2.540000000000000157e-03,7.769999999999999997e-03,9.549999999999999462e-03,1.619999999999999912e-03,-4.619999999999999975e-03,-6.230000000000000294e-03,-7.409999999999999920e-03,-2.900000000000000017e-04,-4.400000000000000157e-04,-4.369999999999999753e-03,-2.103999999999999967e-02,-1.710000000000000062e-02,-2.599999999999999772e-04,-2.300000000000000070e-04,-2.969999999999999984e-03,-2.023000000000000145e-02,-1.586999999999999869e-02
cd*c/cref,6.965384784924511484e-03,5.427953568673547606e-03,1.261604037027513336e-01,1.336294385262461748e-01,1.334421836314880483e-01,1.258781078499797701e-01,-1.100884316570546924e-02,-4.004309040149873176e-03,2.922272251405061763e-03,7.308661793336515555e-03,8.485859750945890650e-03,1.690963615325276163e-03,-3.064542482459684577e-03,-3.833828747750063753e-03,-4.030351357308157613e-03,7.587009514013885736e-03,3.737279506299819379e-03,1.191621650809976951e-01,1.277514586930169060e-01,1.280920702163611258e-01,1.203270212687800600e-01,-1.185411049480218811e-02,-4.545954707416522550e-03,2.326824927451052061e-03,6.720509128310618585e-03,7.674238695220951881e-03,1.185870587370972716e-03,-3.051333247621496048e-03,-3.668932887631781627e-03,-3.833748852073613593e-03,-2.457857326525364505e-04,-3.501550159791352759e-04,-3.252377676964331252e-03,-1.457875766814825495e-02,-1.097526907394482353e-02,-2.203596223781361112e-04,-1.830355765345479790e-04,-2.210426018440289370e-03,-1.401750321419388025e-02,-1.018581989494177394e-02
cl,7.718300000000000161e-01,8.921000000000000041e-01,1.177540000000000031e+00,1.335639999999999938e+00,1.459270000000000067e+00,1.495770000000000044e+00,8.871099999999999541e-01,7.233199999999999630e-01,6.505699999999999816e-01,5.572899999999999521e-01,4.727700000000000236e-01,4.466300000000000270e-01,4.215300000000000158e-01,3.818300000000000027e-01,3.027699999999999836e-01,7.551999999999999824e-01,8.684399999999999897e-01,1.152330000000000076e+00,1.309099999999999930e+00,1.429780000000000051e+00,1.461829999999999963e+00,8.462699999999999667e-01,6.885999999999999899e-01,6.221999999999999753e-01,5.360399999999999610e-01,4.533200000000000007e-01,4.285300000000000220e-01,4.068100000000000049e-01,3.701800000000000090e-01,2.942600000000000215e-01,-1.699999999999999905e-03,1.693000000000000060e-02,9.771000000000000518e-02,-9.375000000000000000e-02,-1.207899999999999946e-01,-6.049999999999999822e-03,1.352000000000000077e-02,1.162799999999999945e-01,-6.418999999999999706e-02,-1.136999999999999955e-01
cl*c/cref,1.230227217059104428e+00,1.323026606178598685e+00,1.615824687580355024e+00,1.684734975204789542e+00,1.678980645869301291e+00,1.599835987584028008e+00,9.034278317048083373e-01,6.996127572273445061e-01,5.959694854534767217e-01,4.820170569004150196e-01,3.799109767476031574e-01,3.269415928626528411e-01,2.784044380670755992e-01,2.248649509605847585e-01,1.566456329206920295e-01,1.203720501046908753e+00,1.287937704147228191e+00,1.581231433530470687e+00,1.651258240274767308e+00,1.645050571759173907e+00,1.563534662234139949e+00,8.618366055357601363e-01,6.660307258568122224e-01,5.699804999448994103e-01,4.636372861183556959e-01,3.642812445358704077e-01,3.136920511148660884e-01,2.686824412261690220e-01,2.180041053520919425e-01,1.522427715534657999e-01,-1.440812915549351475e-03,1.347301004665172816e-02,7.272078325313154068e-02,-6.496000624471953699e-02,-7.752647669250263551e-02,-5.127598905337398504e-03,1.075930867281342865e-02,8.654152775226828243e-02,-4.447768320905116229e-02,-7.297591191272084776e-02
cmx,7.506000000000000172e-02,2.802999999999999936e-01,6.758100000000000218e-01,1.179699999999999971e+00,1.822670000000000012e+00,2.907360000000000166e+00,2.581399999999999917e+00,2.891319999999999890e+00,3.391779999999999795e+00,3.666580000000000172e+00,3.715019999999999989e+00,3.885670000000000179e+00,4.100240000000000329e+00,4.202060000000000350e+00,3.830729999999999968e+00,-7.346999999999999365e-02,-2.729599999999999804e-01,-6.614400000000000279e-01,-1.156220000000000026e+00,-1.785749999999999948e+00,-2.841250000000000053e+00,-2.461899999999999977e+00,-2.752110000000000056e+00,-3.243559999999999999e+00,-3.526479999999999837e+00,-3.560989999999999878e+00,-3.726480000000000015e+00,-3.956100000000000172e+00,-4.073550000000000004e+00,-3.723190000000000222e+00,5.900000000000000296e-04,1.959999999999999937e-03,9.579999999999999627e-02,-1.327699999999999991e-01,-2.599199999999999844e-01,-1.899999999999999996e-03,-1.389999999999999960e-03,-1.090700000000000003e-01,1.047399999999999998e-01,2.449300000000000088e-01
cmx*c/cref,1.196388517062777768e-01,4.156981927046981551e-01,9.273489496014399869e-01,1.488037083532306903e+00,2.097094885666531461e+00,3.109635276053337005e+00,2.628883232928038716e+00,2.796555269073944583e+00,3.107117422216507663e+00,3.171336468427432553e+00,2.985335103405208912e+00,2.844383805697388024e+00,2.708051652646659146e+00,2.474651064173676307e+00,1.981923986518752123e+00,-1.171045355030672364e-01,-4.048126246188883393e-01,-9.076303831319105786e-01,-1.458420137934834271e+00,-2.054616135712448610e+00,-3.038925770488189571e+00,-2.507185105425559168e+00,-2.661907959537890722e+00,-2.971337110898871980e+00,-3.050159720824302312e+00,-2.861558874481136883e+00,-2.727853720016162331e+00,-2.612852697167835636e+00,-2.398969753517246062e+00,-1.926285477537376112e+00,5.000468353965396807e-04,1.559781434816147816e-03,7.129926349043087808e-02,-9.199722697718840103e-02,-1.668240899239613051e-01,-1.610320317378687071e-03,-1.106171527752268079e-03,-8.117547671086947081e-02,7.257505124343385794e-02,1.572030791977371833e-01
cmy,-1.263799999999999923e-01,-1.778000000000000136e-01,-3.035599999999999965e-01,-3.850100000000000189e-01,-4.624300000000000077e-01,-5.136399999999999855e-01,-2.625100000000000211e-01,-2.089999999999999913e-01,-1.907999999999999974e-01,-1.640600000000000114e-01,-1.624400000000000011e-01,-1.924800000000000122e-01,-2.302700000000000025e-01,-2.598500000000000254e-01,-2.633599999999999830e-01,-1.183199999999999946e-01,-1.664799999999999891e-01,-2.924800000000000177e-01,-3.735800000000000232e-01,-4.494900000000000007e-01,-4.984199999999999742e-01,-2.419999999999999929e-01,-1.917300000000000115e-01,-1.764900000000000080e-01,-1.530600000000000016e-01,-1.510400000000000076e-01,-1.803700000000000025e-01,-2.192699999999999927e-01,-2.500700000000000145e-01,-2.547699999999999965e-01,1.340000000000000045e-03,-6.870999999999999330e-02,-4.621199999999999752e-01,4.586700000000000221e-01,6.976499999999999924e-01,1.984000000000000000e-02,-5.149000000000000105e-02,-5.539199999999999680e-01,3.005099999999999993e-01,6.598100000000000076e-01
cmy*c/cref,-2.014382904161921561e-01,-2.636858318333761830e-01,-4.165461403959886955e-01,-4.856397029166512613e-01,-5.320543971090621049e-01,-5.493757440399661407e-01,-2.673387067002167550e-01,-2.021499008191602609e-01,-1.747866914006538375e-01,-1.419004797413951358e-01,-1.305343804870881252e-01,-1.408989942328178202e-01,-1.520845253094809391e-01,-1.530292473276273491e-01,-1.362558836278146834e-01,-1.885913793483451339e-01,-2.468977350034896323e-01,-4.013421239393160644e-01,-4.712222545274216134e-01,-5.171661245086873748e-01,-5.330968350292031310e-01,-2.464514381221760697e-01,-1.854459353304191427e-01,-1.616776895456047969e-01,-1.323862454542114875e-01,-1.213735091650442605e-01,-1.320342455827792361e-01,-1.448194461484773599e-01,-1.472696704992102201e-01,-1.318116322594864442e-01,1.135699592256547838e-03,-5.467988897255995906e-02,-3.439333574550930694e-01,3.178155313521654479e-01,4.477717233589243451e-01,1.681513426147008064e-02,-4.097609493810380754e-02,-4.122556162068838348e-01,2.082254024170737683e-01,4.234849291040663211e-01
cmz,7.389999999999999868e-03,4.419000000000000011e-02,4.123000000000000276e-02,2.598999999999999921e-02,1.982000000000000081e-02,-2.900000000000000147e-02,2.172300000000000064e-01,2.583699999999999886e-01,2.705899999999999972e-01,2.530100000000000127e-01,1.751399999999999901e-01,2.494300000000000128e-01,3.292200000000000126e-01,3.668000000000000149e-01,3.647900000000000031e-01,-6.910000000000000343e-03,-4.254999999999999755e-02,-4.111000000000000071e-02,-2.716000000000000011e-02,-2.166999999999999829e-02,2.340000000000000066e-02,-2.113299999999999901e-01,-2.497099999999999875e-01,-2.619299999999999962e-01,-2.461599999999999899e-01,-1.753599999999999881e-01,-2.478100000000000025e-01,-3.214600000000000235e-01,-3.561400000000000121e-01,-3.531900000000000039e-01,6.000000000000000152e-05,-8.067000000000000559e-02,-7.525399999999999867e-01,1.957200000000000051e-01,7.412400000000000100e-01,-1.909999999999999892e-02,6.035999999999999699e-02,6.992899999999999672e-01,-1.994299999999999962e-01,-7.024700000000000388e-01
cmz*c/cref,1.177899166146273262e-02,6.553586562832897089e-02,5.657595654409874886e-02,3.278298194541379856e-02,2.280413933071299623e-02,-3.101763214928552823e-02,2.212258095176872497e-01,2.499017697351504086e-01,2.478801405980236849e-01,2.188360379091209562e-01,1.407399125739264567e-01,1.825874695110751844e-01,2.174372146714175225e-01,2.160135767549498376e-01,1.887332312750247543e-01,-1.101391507181427414e-02,-6.310366785438781267e-02,-5.641129210593983506e-02,-3.425878374903573720e-02,-2.493267907651617460e-02,2.502802042390625190e-02,-2.152172827204936745e-01,-2.415256063806340003e-01,-2.399469500973441249e-01,-2.129112647393747726e-01,-1.409167013187378192e-01,-1.814015989237041937e-01,-2.123120315542004755e-01,-2.097357557947323592e-01,-1.827316811152334131e-01,5.085222054880064469e-05,-6.419773895235646177e-02,-5.600787865040589564e-01,1.356157058369760748e-01,4.757490320684714113e-01,-1.618795687470153677e-02,4.803490173750137038e-02,5.204474109209124011e-01,-1.381863898174337801e-01,-4.508653372148549998e-01
cs,1.340000000000000045e-02,4.318999999999999923e-02,6.499000000000000610e-02,4.166999999999999871e-02,2.956999999999999906e-02,-1.068899999999999989e-01,-7.376000000000000612e-02,-3.606000000000000177e-02,-3.164000000000000146e-02,-3.413999999999999674e-02,-1.565300000000000025e-01,-1.352200000000000069e-01,-1.183499999999999969e-01,-9.642000000000000570e-02,-7.315000000000000668e-02,-1.281000000000000021e-02,-4.120000000000000051e-02,-6.237000000000000183e-02,-4.007000000000000145e-02,-2.809999999999999998e-02,1.045900000000000024e-01,7.062999999999999834e-02,3.389999999999999958e-02,3.005999999999999991e-02,3.253000000000000336e-02,1.486000000000000099e-01,1.278499999999999914e-01,1.131000000000000061e-01,9.300999999999999546e-02,7.106999999999999429e-02,1.430000000000000064e-03,-1.931000000000000077e-02,-1.530199999999999894e-01,4.721999999999999809e-02,1.271400000000000030e-01,-5.870000000000000218e-03,1.521999999999999915e-02,1.433300000000000129e-01,-4.678999999999999826e-02,-1.199999999999999956e-01
cs*c/cref,2.135838812768614883e-02,6.405281820519412306e-02,8.917951529956287537e-02,5.256124885207360403e-02,3.402211907210813541e-02,-1.143267138081768830e-01,-7.511676890864342482e-02,-3.487811207434889788e-02,-2.898454358446901288e-02,-2.952872350585901071e-02,-1.257851919332917123e-01,-9.898359310142157419e-02,-7.816564715497922866e-02,-5.678306725930278714e-02,-3.784598225764977675e-02,-2.041798148624324877e-02,-6.110155383315577643e-02,-8.558434173309334425e-02,-5.054305835139403374e-02,-3.233079289571317433e-02,1.118666947066818268e-01,7.192919452301362038e-02,3.278890735774896148e-02,2.753714855085772836e-02,2.813618557837123044e-02,1.194127612680454115e-01,9.358861394776472886e-02,7.469822300995480890e-02,5.477487124857655792e-02,3.676984222899752630e-02,1.211977923079748639e-03,-1.536703036035705003e-02,-1.138853162766777921e-01,3.271905594534033068e-02,8.160208830768099497e-02,-4.975042243690996902e-03,1.211218032546008787e-02,1.066735222973221181e-01,-3.242110605003122037e-02,-7.701943209785841460e-02
cx,-6.292000000000000370e-02,-7.410999999999999532e-02,-1.103999999999999947e-02,-1.086999999999999945e-02,-1.163999999999999931e-02,-1.311999999999999972e-02,-8.808000000000000551e-02,-6.716999999999999360e-02,-5.351999999999999813e-02,-4.016000000000000125e-02,-3.067999999999999894e-02,-3.661999999999999977e-02,-4.136000000000000093e-02,-3.975999999999999673e-02,-3.414999999999999980e-02,-6.108000000000000235e-02,-7.317999999999999505e-02,-1.392999999999999967e-02,-1.319999999999999993e-02,-1.370999999999999996e-02,-1.533999999999999947e-02,-8.536000000000000532e-02,-6.468999999999999750e-02,-5.170000000000000290e-02,-3.898000000000000076e-02,-2.999999999999999889e-02,-3.572999999999999787e-02,-4.005999999999999839e-02,-3.846999999999999725e-02,-3.302999999999999686e-02,-1.399999999999999877e-04,-1.910000000000000022e-03,-1.286999999999999950e-02,-1.278999999999999929e-02,-6.499999999999999702e-03,2.599999999999999772e-04,-1.410000000000000012e-03,-1.310000000000000053e-02,-1.456000000000000003e-02,-5.899999999999999863e-03
cx*c/cref,-1.002887896264188367e-01,-1.099086445285236413e-01,-1.514912831061969618e-02,-1.371108171399184131e-02,-1.339254196818866031e-02,-1.403280461374572727e-02,-8.970017632149285269e-02,-6.496846333982293775e-02,-4.902821658156705092e-02,-3.473560445211769376e-02,-2.465399404914961345e-02,-2.680653142563273195e-02,-2.731669764537339451e-02,-2.341521213679608610e-02,-1.766835672042023006e-02,-9.735599603276641478e-02,-1.085294104250082436e-01,-1.911479686294677294e-02,-1.665007163060646875e-02,-1.577420535943870744e-02,-1.640725783344965452e-02,-8.693014362854939447e-02,-6.256974681335635002e-02,-4.736096407449582463e-02,-3.371498659221981026e-02,-2.410755611064173409e-02,-2.615503462145979049e-02,-2.645809738089115529e-02,-2.265551335267971395e-02,-1.708889670499209867e-02,-1.186551812805348218e-04,-1.519991092091246354e-03,-9.578512746574585970e-03,-8.862277118612937182e-03,-4.171885905300663604e-03,2.203596223781361112e-04,-1.122087664842228924e-03,-9.749690519046394499e-03,-1.008872203651324170e-02,-3.786788744811371999e-03
cy,1.340000000000000045e-02,4.318999999999999923e-02,6.499000000000000610e-02,4.166999999999999871e-02,2.956999999999999906e-02,-1.068899999999999989e-01,-7.376000000000000612e-02,-3.606000000000000177e-02,-3.164000000000000146e-02,-3.413999999999999674e-02,-1.565300000000000025e-01,-1.352200000000000069e-01,-1.183499999999999969e-01,-9.642000000000000570e-02,-7.315000000000000668e-02,-1.281000000000000021e-02,-4.120000000000000051e-02,-6.237000000000000183e-02,-4.007000000000000145e-02,-2.809999999999999998e-02,1.045900000000000024e-01,7.062999999999999834e-02,3.389999999999999958e-02,3.005999999999999991e-02,3.253000000000000336e-02,1.486000000000000099e-01,1.278499999999999914e-01,1.131000000000000061e-01,9.300999999999999546e-02,7.106999999999999429e-02,1.430000000000000064e-03,-1.931000000000000077e-02,-1.530199999999999894e-01,4.721999999999999809e-02,1.271400000000000030e-01,-5.870000000000000218e-03,1.521999999999999915e-02,1.433300000000000129e-01,-4.678999999999999826e-02,-1.199999999999999956e-01
cy*c/cref,2.135838812768614883e-02,6.405281820519412306e-02,8.917951529956287537e-02,5.256124885207360403e-02,3.402211907210813541e-02,-1.143267138081768830e-01,-7.511676890864342482e-02,-3.487811207434889788e-02,-2.898454358446901288e-02,-2.952872350585901071e-02,-1.257851919332917123e-01,-9.898359310142157419e-02,-7.816564715497922866e-02,-5.678306725930278714e-02,-3.784598225764977675e-02,-2.041798148624324877e-02,-6.110155383315577643e-02,-8.558434173309334425e-02,-5.054305835139403374e-02,-3.233079289571317433e-02,1.118666947066818268e-01,7.192919452301362038e-02,3.278890735774896148e-02,2.753714855085772836e-02,2.813618557837123044e-02,1.194127612680454115e-01,9.358861394776472886e-02,7.469822300995480890e-02,5.477487124857655792e-02,3.676984222899752630e-02,1.211977923079748639e-03,-1.536703036035705003e-02,-1.138853162766777921e-01,3.271905594534033068e-02,8.160208830768099497e-02,-4.975042243690996902e-03,1.211218032546008787e-02,1.066735222973221181e-01,-3.242110605003122037e-02,-7.701943209785841460e-02
cz,7.692799999999999638e-01,8.890200000000000324e-01,1.181070000000000064e+00,1.339790000000000036e+00,1.463829999999999965e+00,1.500340000000000007e+00,8.827899999999999636e-01,7.202100000000000168e-01,6.483700000000000019e-01,5.558999999999999497e-01,4.718899999999999761e-01,4.451300000000000257e-01,4.195200000000000040e-01,3.798099999999999810e-01,3.009399999999999853e-01,7.527399999999999647e-01,8.653499999999999526e-01,1.155510000000000037e+00,1.312950000000000061e+00,1.434039999999999981e+00,1.466069999999999984e+00,8.420299999999999452e-01,6.855700000000000127e-01,6.200499999999999901e-01,5.346800000000000441e-01,4.524299999999999988e-01,4.270399999999999752e-01,4.048599999999999977e-01,3.682300000000000018e-01,2.924900000000000277e-01,-1.719999999999999958e-03,1.683000000000000121e-02,9.696000000000000452e-02,-9.522999999999999521e-02,-1.218199999999999977e-01,-6.049999999999999822e-03,1.345000000000000015e-02,1.155800000000000022e-01,-6.571000000000000452e-02,-1.146500000000000019e-01
cz*c/cref,1.226162747676596831e+00,1.318458820115343544e+00,1.620668566469529503e+00,1.689969656815927479e+00,1.684227208702199885e+00,1.604723938581346321e+00,8.990283680160158220e-01,6.966046893252029193e-01,5.939541252800939475e-01,4.808148036586709084e-01,3.792038217683575962e-01,3.258435645410130976e-01,2.770769099658376700e-01,2.236753451125885750e-01,1.556988366454835626e-01,1.199799483524960353e+00,1.283355087609741485e+00,1.585595041141681705e+00,1.656114511167027681e+00,1.649951965984644886e+00,1.568069653969069943e+00,8.575186133967599433e-01,6.631000359071373973e-01,5.680109434118207901e-01,4.624609807883039991e-01,3.635660537045879992e-01,3.126013429820371781e-01,2.673945408294456372e-01,2.168557234691253222e-01,1.513270177790838333e-01,-1.457763655732285035e-03,1.339342936120192437e-02,7.216259486463651174e-02,-6.598550820996949839e-02,-7.818756015134259441e-02,-5.127598905337398504e-03,1.070360219299856634e-02,8.602055192300626929e-02,-4.553090144363221986e-02,-7.358564908349556066e-02
Results_Name,VSPAERO_Comp_Load
Results_Timestamp,1759254118
Results_Date,9,30,2025
Results_Time,13,41,58
AoA,5.000000000000000000e+00,5.000000000000000000e+00,5.000000000000000000e+00,5.000000000000000000e+00,5.000000000000000000e+00,5.000000000000000000e+00,5.000000000000000000e+00,5.000000000000000000e+00,5.000000000000000000e+00
Beta,0.000000000000000000e+00,0.000000000000000000e+00,0.000000000000000000e+00,0.000000000000000000e+00,0.000000000000000000e+00,0.000000000000000000e+00,0.000000000000000000e+00,0.000000000000000000e+00,0.000000000000000000e+00
CDi,0.000000000000000000e+00,1.756999999999999881e-02,1.657000000000000139e-02,-6.099999999999999737e-04,-5.500000000000000331e-04,0.000000000000000000e+00,0.000000000000000000e+00,0.000000000000000000e+00,0.000000000000000000e+00
CFx,0.000000000000000000e+00,-2.336999999999999841e-02,-2.309999999999999901e-02,-5.000000000000000104e-04,-5.000000000000000104e-04,0.000000000000000000e+00,0.000000000000000000e+00,0.000000000000000000e+00,0.000000000000000000e+00
CFy,0.000000000000000000e+00,-1.485999999999999995e-02,1.431999999999999940e-02,-2.599999999999999772e-04,6.999999999999999387e-05,0.000000000000000000e+00,0.000000000000000000e+00,0.000000000000000000e+00,0.000000000000000000e+00
CFz,0.000000000000000000e+00,4.686199999999999810e-01,4.541100000000000136e-01,-1.250000000000000026e-03,-5.800000000000000034e-04,0.000000000000000000e+00,0.000000000000000000e+00,0.000000000000000000e+00,0.000000000000000000e+00
CL,0.000000000000000000e+00,4.688800000000000190e-01,4.544000000000000261e-01,-1.199999999999999895e-03,-5.400000000000000069e-04,0.000000000000000000e+00,0.000000000000000000e+00,0.000000000000000000e+00,0.000000000000000000e+00
Cmx,0.000000000000000000e+00,8.822000000000000675e-02,-8.498999999999999611e-02,-1.800000000000000113e-04,1.399999999999999877e-04,-6.000000000000000152e-05,5.000000000000000240e-05,-0.000000000000000000e+00,0.000000000000000000e+00
Cmy,0.000000000000000000e+00,-1.504099999999999882e-01,-1.428999999999999992e-01,4.360000000000000160e-03,1.930000000000000075e-03,1.025000000000000043e-02,9.669999999999999776e-03,0.000000000000000000e+00,8.000000000000000654e-05
Cmz,0.000000000000000000e+00,5.069999999999999854e-03,-4.959999999999999999e-03,-1.000000000000000048e-04,4.000000000000000327e-05,1.000000000000000082e-05,-0.000000000000000000e+00,2.000000000000000164e-05,1.100000000000000039e-04
Comp_ID,0,1,2,3,4,5,6,7,8
Comp_Name,NONE,main_wing,main_wing,horizontal_tail,horizontal_tail,fuselage,fuselage,fuselage,fuselage
Cs,0.000000000000000000e+00,-1.485999999999999995e-02,1.431999999999999940e-02,-2.599999999999999772e-04,6.999999999999999387e-05,0.000000000000000000e+00,0.000000000000000000e+00,0.000000000000000000e+00,0.000000000000000000e+00
Mach,1.499999999999999944e-01,1.499999999999999944e-01,1.499999999999999944e-01,1.499999999999999944e-01,1.499999999999999944e-01,1.499999999999999944e-01,1.499999999999999944e-01,1.499999999999999944e-01,1.499999999999999944e-01
Results_Name,VSPAERO_Load
Results_Timestamp,1759254118
Results_Date,9,30,2025
Results_Time,13,41,58
AnalysisMethod,0
Chord,1.735640000000000072e+00,1.614919999999999911e+00,1.494220000000000104e+00,1.373529999999999918e+00,1.252869999999999928e+00,1.164679999999999938e+00,1.108950000000000102e+00,1.053230000000000111e+00,9.975300000000000278e-01,9.418400000000000105e-01,8.750400000000000400e-01,7.971099999999999852e-01,7.191899999999999959e-01,6.412799999999999612e-01,5.633799999999999919e-01,1.735640000000000072e+00,1.614919999999999911e+00,1.494220000000000104e+00,1.373529999999999918e+00,1.252869999999999928e+00,1.164679999999999938e+00,1.108950000000000102e+00,1.053230000000000111e+00,9.975300000000000278e-01,9.418400000000000105e-01,8.750400000000000400e-01,7.971099999999999852e-01,7.191899999999999959e-01,6.412799999999999612e-01,5.633799999999999919e-01,9.229000000000000536e-01,8.665699999999999514e-01,8.104299999999999837e-01,7.545199999999999685e-01,6.988999999999999657e-01,9.229000000000000536e-01,8.665699999999999514e-01,8.104299999999999837e-01,7.545199999999999685e-01,6.988999999999999657e-01
FC_AoA_,6.000000000000000000e+00
FC_Beta_,0.000000000000000000e+00
FC_Bref_,1.417173599999999922e+01
FC_Cref_,1.088920000000000110e+00
FC_Mach_,1.499999999999999944e-01
FC_Pitch_Rate,0.000000000000000000e+00
FC_Rho_,2.377000000000000206e-03
FC_Roll__Rate,0.000000000000000000e+00
FC_Sref_,1.619368700000000061e+01
FC_Vinf_,5.100000000000000000e+01
FC_Xcg_,1.774861999999999940e+00
FC_Yaw___Rate,0.000000000000000000e+00
FC_Ycg_,0.000000000000000000e+00
FC_Zcg_,7.545150000000000468e-01
S,3.314000000000000279e-02,8.981999999999999706e-02,1.368900000000000117e-01,1.839600000000000124e-01,2.310300000000000131e-01,2.997400000000000064e-01,4.117600000000000149e-01,5.454599999999999449e-01,6.791599999999999859e-01,8.128699999999999815e-01,9.157600000000000184e-01,9.578299999999999592e-01,9.698799999999999644e-01,9.819299999999999695e-01,9.939799999999999747e-01,3.314000000000000279e-02,8.981999999999999706e-02,1.368900000000000117e-01,1.839600000000000124e-01,2.310300000000000131e-01,2.997400000000000064e-01,4.117600000000000149e-01,5.454599999999999449e-01,6.791599999999999859e-01,8.128699999999999815e-01,9.157600000000000184e-01,9.578299999999999592e-01,9.698799999999999644e-01,9.819299999999999695e-01,9.939799999999999747e-01,1.020299999999999957e-01,3.035599999999999965e-01,5.025399999999999867e-01,7.015200000000000324e-01,9.005100000000000326e-01,1.020299999999999957e-01,3.035599999999999965e-01,5.025399999999999867e-01,7.015200000000000324e-01,9.005100000000000326e-01
V/Vref,1.002070000000000016e+00,1.002899999999999903e+00,1.010639999999999983e+00,1.010059999999999958e+00,1.013460000000000027e+00,1.013959999999999972e+00,1.002250000000000085e+00,1.000410000000000021e+00,9.986699999999999466e-01,9.989099999999999646e-01,1.008140000000000036e+00,1.008150000000000102e+00,1.008340000000000014e+00,1.007830000000000004e+00,1.009800000000000031e+00,1.003049999999999997e+00,1.003419999999999979e+00,1.010729999999999906e+00,1.010140000000000038e+00,1.013339999999999907e+00,1.013779999999999903e+00,1.002150000000000096e+00,1.000289999999999901e+00,9.985600000000000032e-01,9.988000000000000211e-01,1.007849999999999913e+00,1.007849999999999913e+00,1.008070000000000022e+00,1.007579999999999920e+00,1.009540000000000104e+00,9.875399999999999734e-01,9.911100000000000465e-01,9.921499999999999764e-01,1.008520000000000083e+00,1.006119999999999903e+00,9.870900000000000230e-01,9.907700000000000395e-01,9.908700000000000285e-01,1.009339999999999904e+00,1.006680000000000019e+00
WingId,1,1,1,1,1,1,1,1,1,1,1,1,1,1,1,2,2,2,2,2,2,2,2,2,2,2,2,2,2,2,3,3,3,3,3,4,4,4,4,4
Xavg,2.391169999999999796e+00,2.380489999999999995e+00,2.369810000000000194e+00,2.359129999999999949e+00,2.348450000000000149e+00,2.336259999999999781e+00,2.322589999999999932e+00,2.308860000000000134e+00,2.295059999999999878e+00,2.281190000000000051e+00,2.284749999999999837e+00,2.305000000000000160e+00,2.325239999999999974e+00,2.345470000000000166e+00,2.365699999999999914e+00,2.391169999999999796e+00,2.380489999999999995e+00,2.369810000000000194e+00,2.359129999999999949e+00,2.348450000000000149e+00,2.336259999999999781e+00,2.322589999999999932e+00,2.308860000000000134e+00,2.295059999999999878e+00,2.281190000000000051e+00,2.284749999999999837e+00,2.305000000000000160e+00,2.325239999999999974e+00,2.345470000000000166e+00,2.365699999999999914e+00,5.722059999999999924e+00,5.820210000000000328e+00,5.918350000000000222e+00,6.016490000000000116e+00,6.114630000000000010e+00,5.722059999999999924e+00,5.820210000000000328e+00,5.918350000000000222e+00,6.016490000000000116e+00,6.114630000000000010e+00
Yavg,1.718899999999999872e-01,5.195499999999999563e-01,8.671900000000000164e-01,1.214790000000000036e+00,1.562359999999999971e+00,2.229140000000000121e+00,3.217070000000000096e+00,4.204979999999999940e+00,5.192870000000000097e+00,6.180740000000000123e+00,6.716649999999999565e+00,6.791660000000000252e+00,6.866660000000000430e+00,6.941650000000000098e+00,7.016610000000000014e+00,-1.718899999999999872e-01,-5.195499999999999563e-01,-8.671900000000000164e-01,-1.214790000000000036e+00,-1.562359999999999971e+00,-2.229140000000000121e+00,-3.217070000000000096e+00,-4.204979999999999940e+00,-5.192870000000000097e+00,-6.180740000000000123e+00,-6.716649999999999565e+00,-6.791660000000000252e+00,-6.866660000000000430e+00,-6.941650000000000098e+00,-7.016610000000000014e+00,1.078800000000000037e-01,3.257399999999999740e-01,5.435900000000000176e-01,7.614400000000000057e-01,9.792699999999999738e-01,-1.078800000000000037e-01,-3.257399999999999740e-01,-5.435900000000000176e-01,-7.614400000000000057e-01,-9.792699999999999738e-01
Zavg,1.027309999999999945e+00,1.024350000000000094e+00,1.021379999999999955e+00,1.018420000000000103e+00,1.015449999999999964e+00,1.037979999999999903e+00,1.086500000000000021e+00,1.135019999999999918e+00,1.183540000000000036e+00,1.232069999999999999e+00,1.270329999999999959e+00,1.298289999999999944e+00,1.326240000000000085e+00,1.354190000000000005e+00,1.382130000000000081e+00,1.027309999999999945e+00,1.024350000000000094e+00,1.021379999999999955e+00,1.018420000000000103e+00,1.015449999999999964e+00,1.037979999999999903e+00,1.086500000000000021e+00,1.135019999999999918e+00,1.183540000000000036e+00,1.232069999999999999e+00,1.270329999999999959e+00,1.298289999999999944e+00,1.326240000000000085e+00,1.354190000000000005e+00,1.382130000000000081e+00,3.777900000000000147e-01,5.956799999999999873e-01,8.135799999999999699e-01,1.031470000000000109e+00,1.249349999999999961e+00,3.777900000000000147e-01,5.956799999999999873e-01,8.135799999999999699e-01,1.031470000000000109e+00,1.249349999999999961e+00
cd,1.307000000000000002e-02,9.509999999999999357e-03,1.014599999999999946e-01,1.146500000000000019e-01,1.243299999999999961e-01,1.257500000000000007e-01,-1.047000000000000014e-02,-3.340000000000000087e-03,5.429999999999999931e-03,1.187999999999999994e-02,1.465999999999999942e-02,3.840000000000000097e-03,-5.290000000000000431e-03,-7.740000000000000352e-03,-9.469999999999999252e-03,1.190000000000000085e-02,8.630000000000000518e-03,9.883000000000000118e-02,1.118600000000000011e-01,1.213499999999999995e-01,1.226099999999999968e-01,-1.091999999999999915e-02,-3.589999999999999875e-03,5.100000000000000366e-03,1.148000000000000062e-02,1.426000000000000011e-02,3.619999999999999954e-03,-5.120000000000000419e-03,-7.530000000000000235e-03,-9.249999999999999542e-03,4.200000000000000174e-04,-9.000000000000000567e-05,-1.680000000000000070e-03,-1.751000000000000126e-02,-1.609000000000000014e-02,3.699999999999999947e-04,-2.000000000000000164e-05,6.999999999999999387e-05,-1.812000000000000069e-02,-1.592000000000000012e-02
cd*c/cref,2.083239797230283102e-02,1.410378099401241210e-02,1.392237824633581755e-01,1.446159630643205907e-01,1.430493765382213067e-01,1.344988704404363744e-01,-1.066258907908753523e-02,-3.230529515483230966e-03,4.974275337031186170e-03,1.027537303015832112e-02,1.178055908606692737e-02,2.810952503397861832e-03,-3.493842614700804188e-03,-4.558192704698232900e-03,-4.899541380450352958e-03,1.896752378503471434e-02,1.279869926165374747e-02,1.356148868603754276e-01,1.410967433787605751e-01,1.396207017044410748e-01,1.311404095801344261e-01,-1.112086654667009296e-02,-3.472335616941556440e-03,4.671971311023766227e-03,9.929400874260734672e-03,1.145912500459170431e-02,2.649908349557359051e-03,-3.381564118576203641e-03,-4.434520809609520872e-03,-4.785718877419827336e-03,3.559655438416045332e-04,-7.162261690482312339e-05,-1.250341990228850605e-03,-1.213279689968041648e-02,-1.032702218712118133e-02,3.135886933842706344e-04,-1.591613708996069559e-05,5.209758292620209953e-05,-1.255547000697939189e-02,-1.021791132498254921e-02
cl,8.535700000000000509e-01,9.760400000000000187e-01,1.262629999999999919e+00,1.425610000000000044e+00,1.555460000000000065e+00,1.592810000000000059e+00,9.858700000000000241e-01,8.200899999999999856e-01,7.452100000000000390e-01,6.410200000000000342e-01,5.447499999999999565e-01,5.147599999999999953e-01,4.869100000000000095e-01,4.419399999999999995e-01,3.520199999999999996e-01,8.441899999999999959e-01,9.640199999999999880e-01,1.249449999999999950e+00,1.410930000000000017e+00,1.538869999999999960e+00,1.574270000000000058e+00,9.667999999999999927e-01,8.047800000000000509e-01,7.325199999999999489e-01,6.309599999999999653e-01,5.365600000000000369e-01,5.072799999999999532e-01,4.813799999999999746e-01,4.371399999999999730e-01,3.484200000000000075e-01,2.038999999999999840e-02,3.166000000000000064e-02,1.271100000000000008e-01,-6.303000000000000269e-02,-1.093699999999999950e-01,1.735000000000000084e-02,2.795999999999999874e-02,1.382700000000000040e-01,-5.698999999999999899e-02,-1.091099999999999987e-01
cl*c/cref,1.360513384637989986e+00,1.447513606876537962e+00,1.732585496271535019e+00,1.798220349796127993e+00,1.789653207030819093e+00,1.703627402196671747e+00,1.004004459923593995e+00,7.932110629798332369e-01,6.826666158211806001e-01,5.544376784336774167e-01,4.377530397090694803e-01,3.768140392315321163e-01,3.215854267531131350e-01,2.602645586452631554e-01,1.821263523491165048e-01,1.345562512948609513e+00,1.429687376850456992e+00,1.714499852147081560e+00,1.779703451952392879e+00,1.770565383040076046e+00,1.683797509091576661e+00,9.845836792418175554e-01,7.784028573265253659e-01,6.710416519119860590e-01,5.457364787128530237e-01,4.311716768908643305e-01,3.713385380009549541e-01,3.179330733203540316e-01,2.574377724718068805e-01,1.802638022995260991e-01,1.728127961650074984e-02,2.519524501340777989e-02,9.460176808213642541e-02,-4.367391139844983838e-02,-7.019679407118978309e-02,1.470476710869485400e-02,2.225075965176505008e-02,1.029076113029423617e-01,-3.948875472945670428e-02,-7.002991863497776137e-02
cmx,8.280999999999999472e-02,3.066200000000000037e-01,7.250900000000000123e-01,1.259020000000000028e+00,1.942069999999999963e+00,3.094320000000000181e+00,2.862449999999999939e+00,3.273149999999999782e+00,3.880209999999999937e+00,4.213070000000000093e+00,4.274949999999999584e+00,4.468539999999999957e+00,4.722139999999999560e+00,4.846390000000000420e+00,4.436480000000000423e+00,-8.190999999999999670e-02,-3.028899999999999926e-01,-7.175700000000000411e-01,-1.245999999999999996e+00,-1.921240000000000059e+00,-3.058040000000000092e+00,-2.806779999999999831e+00,-3.211860000000000159e+00,-3.813989999999999991e+00,-4.146729999999999805e+00,-4.210210000000000008e+00,-4.403089999999999726e+00,-4.668449999999999989e+00,-4.793809999999999683e+00,-4.391280000000000072e+00,-5.960000000000000020e-03,4.669999999999999672e-03,1.136400000000000049e-01,-1.036900000000000044e-01,-2.351999999999999924e-01,5.000000000000000104e-03,-4.100000000000000346e-03,-1.210600000000000009e-01,1.029400000000000037e-01,2.345899999999999930e-01
cmx*c/cref,1.319916508099768515e-01,4.547320008816073678e-01,9.949711455386989201e-01,1.588088877603496707e+00,2.234471991422693371e+00,3.309602741799213543e+00,2.915102971292656608e+00,3.165870563953274708e+00,3.554554862891671885e+00,3.644012277118612531e+00,3.435286566506262407e+00,3.271055650920177360e+00,3.118792809940123423e+00,2.854105883995150972e+00,2.295323901113029308e+00,-1.305571322043859728e-01,-4.492002339933143795e-01,-9.846521740807406831e-01,-1.571665852404216634e+00,-2.210505784446974431e+00,-3.270798614406934757e+00,-2.858408956580832161e+00,-3.106589380119751720e+00,-3.493892521672849583e+00,-3.586632795062997481e+00,-3.383262460419498296e+00,-3.223145015152627746e+00,-3.083332619017007392e+00,-2.823140797120081480e+00,-2.271938550490393727e+00,-5.051320574514197269e-03,3.716418010505821885e-03,8.457670462476581108e-02,-7.184749917349299297e-02,-1.509580869118024860e-01,4.237685045733387279e-03,-3.262808103441942366e-03,-9.009904841494323358e-02,7.132781912353523823e-02,1.505665714653050269e-01
cmy,-1.366300000000000014e-01,-1.896299999999999930e-01,-3.164699999999999736e-01,-4.020000000000000240e-01,-4.851599999999999802e-01,-5.403700000000000170e-01,-2.907600000000000184e-01,-2.382599999999999996e-01,-2.225399999999999878e-01,-1.934099999999999986e-01,-1.904599999999999904e-01,-2.258400000000000130e-01,-2.712800000000000211e-01,-3.068600000000000216e-01,-3.126099999999999990e-01,-1.330199999999999994e-01,-1.845600000000000018e-01,-3.109500000000000042e-01,-3.956399999999999917e-01,-4.776099999999999790e-01,-5.316300000000000470e-01,-2.811000000000000165e-01,-2.305899999999999894e-01,-2.160600000000000021e-01,-1.880400000000000127e-01,-1.857499999999999984e-01,-2.208400000000000085e-01,-2.674400000000000110e-01,-3.028799999999999826e-01,-3.089799999999999769e-01,-8.565000000000000391e-02,-1.288199999999999901e-01,-6.076300000000000034e-01,2.956900000000000084e-01,6.364600000000000257e-01,-7.370000000000000162e-02,-1.137500000000000039e-01,-6.712099999999999733e-01,2.651000000000000023e-01,6.354600000000000248e-01
cmy*c/cref,-2.177758634243103231e-01,-2.812302828490613749e-01,-4.342612895345847046e-01,-5.070703632957425100e-01,-5.582066719318221626e-01,-5.779654442934282210e-01,-2.961083477206773451e-01,-2.304508869338426913e-01,-2.038628422657311479e-01,-1.672861866803805331e-01,-1.530508378944274994e-01,-1.653191441060867517e-01,-1.791700613451860380e-01,-1.807140844139146774e-01,-1.617366030562391865e-01,-2.120218499063291906e-01,-2.737112324137677133e-01,-4.266867253792748782e-01,-4.990480560555411449e-01,-5.495199286448957388e-01,-5.686173717077470657e-01,-2.862706580832384273e-01,-2.230322757411012657e-01,-1.979266904823127338e-01,-1.626415104874554540e-01,-1.492659515850567331e-01,-1.616590497006207827e-01,-1.766338882562538959e-01,-1.783702075450905034e-01,-1.598585317562354891e-01,-7.259154483341291597e-02,-1.025158389964368200e-01,-4.522293473349740522e-01,2.048855919626786093e-01,4.084982312750247146e-01,-6.246347757411012391e-02,-9.052302969915144992e-02,-4.995488376556587173e-01,1.836895749917349108e-01,4.078564026742092508e-01
cmz,8.580000000000000820e-03,4.954999999999999682e-02,5.183999999999999719e-02,4.619000000000000189e-02,5.294999999999999707e-02,2.367999999999999966e-02,2.904900000000000260e-01,3.453999999999999848e-01,3.680200000000000138e-01,3.492700000000000249e-01,2.550499999999999989e-01,3.544100000000000028e-01,4.622399999999999842e-01,5.135899999999999910e-01,5.094899999999999984e-01,-8.410000000000000808e-03,-4.875000000000000167e-02,-5.163000000000000228e-02,-4.678000000000000214e-02,-5.412999999999999756e-02,-2.688000000000000111e-02,-2.870300000000000074e-01,-3.404599999999999849e-01,-3.632400000000000073e-01,-3.455099999999999838e-01,-2.537900000000000156e-01,-3.518000000000000016e-01,-4.564799999999999969e-01,-5.070799999999999752e-01,-5.029099999999999682e-01,-8.444999999999999729e-02,-1.330099999999999894e-01,-6.873899999999999455e-01,2.379900000000000071e-01,6.683400000000000452e-01,7.255000000000000338e-02,1.181799999999999934e-01,6.535400000000000098e-01,-3.165000000000000036e-01,-6.666199999999999903e-01
cmz*c/cref,1.367574403996620579e-02,7.348499981633176137e-02,7.113503728464901088e-02,5.826263701649339599e-02,6.092225921096130342e-02,2.532750101017521363e-02,2.958333812401278684e-01,3.340793097748227525e-01,3.371331140946993155e-01,3.020942372258751951e-01,2.049544062006391498e-01,2.594348116482385613e-01,3.052918355802078931e-01,3.024602314219593246e-01,2.635973957682841151e-01,-1.340477941446571036e-02,-7.229856187782389421e-02,-7.084687451787091694e-02,-5.900684476361899022e-02,-6.227992240017630327e-02,-2.875013628182051389e-02,-2.923097367116041512e-01,-3.293012212100062119e-01,-3.327542860816221082e-01,-2.988420989604378408e-01,-2.039418888439922251e-01,-2.575242423685853432e-01,-3.014875759468096383e-01,-2.986264026742092570e-01,-2.601930681776438159e-01,-7.157450042243690413e-02,-1.058502697167835876e-01,-5.115908218234580529e-01,1.649048734525952187e-01,4.289597270690224673e-01,6.148881001359144532e-02,9.404845406457773560e-02,4.863979192227160242e-01,-2.193049810821731394e-01,-4.278557818756197895e-01
cs,1.584999999999999951e-02,4.555000000000000021e-02,6.729999999999999871e-02,4.433000000000000135e-02,3.307999999999999829e-02,-1.119099999999999956e-01,-7.766000000000000680e-02,-3.985999999999999960e-02,-3.627999999999999975e-02,-4.044999999999999984e-02,-1.765200000000000102e-01,-1.501500000000000057e-01,-1.298600000000000032e-01,-1.035500000000000032e-01,-7.820000000000000562e-02,-1.545999999999999978e-02,-4.447999999999999871e-02,-6.589000000000000412e-02,-4.340000000000000108e-02,-3.228999999999999926e-02,1.104900000000000049e-01,7.609000000000000485e-02,3.896000000000000157e-02,3.554999999999999827e-02,3.960999999999999938e-02,1.732899999999999996e-01,1.473800000000000110e-01,1.282000000000000084e-01,1.023700000000000027e-01,7.743999999999999495e-02,-1.992000000000000021e-02,-3.228999999999999926e-02,-1.418000000000000094e-01,5.385000000000000203e-02,1.144499999999999962e-01,1.692000000000000101e-02,2.868000000000000063e-02,1.341400000000000092e-01,-6.747000000000000219e-02,-1.140999999999999931e-01
cs*c/cref,2.526346655401682031e-02,6.755281012379237005e-02,9.234930573412188093e-02,5.591649055945339258e-02,3.806059177901038176e-02,-1.196959728905704484e-01,-7.908850696102560918e-02,-3.855356481651544404e-02,-3.323512140469455506e-02,-3.498643426514343874e-02,-1.418488601550159933e-01,-1.099126349961429550e-01,-8.576756180435660126e-02,-6.098202255445761555e-02,-4.045872607721411746e-02,-2.464184182492745040e-02,-6.596594938103808592e-02,-9.041449858575470455e-02,-5.474341733093339435e-02,-3.715164777945118707e-02,1.181771784887778592e-01,7.748962779634867293e-02,3.768306285126547805e-02,3.256638825625389477e-02,3.425989273775850719e-02,1.392532799471035421e-01,1.078849426955148100e-01,8.467119531278698152e-02,6.028710428681628708e-02,4.006552106674501901e-02,-1.688293722220181314e-02,-2.569660333174153891e-02,-1.055348179847922646e-01,3.731302758696690425e-02,7.345728336333245956e-02,1.434032619476178182e-02,2.282374058700363528e-02,9.983385391029643563e-02,-4.675041729419975728e-02,-7.323264335304703609e-02
cx,-7.621999999999999609e-02,-9.256000000000000338e-02,-3.107999999999999999e-02,-3.499000000000000027e-02,-3.894000000000000239e-02,-4.143000000000000155e-02,-1.134700000000000014e-01,-8.905000000000000415e-02,-7.248999999999999888e-02,-5.519000000000000294e-02,-4.236000000000000182e-02,-4.998999999999999971e-02,-5.616000000000000159e-02,-5.389000000000000040e-02,-4.621000000000000107e-02,-7.641000000000000569e-02,-9.217999999999999805e-02,-3.232000000000000151e-02,-3.624000000000000138e-02,-4.016999999999999738e-02,-4.261999999999999816e-02,-1.119200000000000056e-01,-8.769000000000000405e-02,-7.149999999999999412e-02,-5.453999999999999820e-02,-4.191000000000000281e-02,-4.941999999999999865e-02,-5.539999999999999786e-02,-5.319000000000000117e-02,-4.560999999999999777e-02,-1.709999999999999932e-03,-3.399999999999999811e-03,-1.495999999999999934e-02,-1.082999999999999935e-02,-4.570000000000000277e-03,-1.440000000000000091e-03,-2.939999999999999905e-03,-1.439000000000000001e-02,-1.205999999999999954e-02,-4.429999999999999910e-03
cx*c/cref,-1.214877867979282100e-01,-1.372708694853616296e-01,-4.264808948315762516e-02,-4.413530351173639010e-02,-4.480288524409505729e-02,-4.431243103258273447e-02,-1.155572094368732261e-01,-8.613133333945560688e-02,-6.640611771296330013e-02,-4.773550820996950994e-02,-3.403986922822613281e-02,-3.659362386584872479e-02,-3.709153142563273442e-02,-3.173656393490797978e-02,-2.390789938654813360e-02,-1.217906296146640671e-01,-1.367073114645703802e-01,-4.434962201079969274e-02,-4.571201484039230656e-02,-4.621807653454797910e-02,-4.558522352422583052e-02,-1.139786981596444121e-01,-8.481590814752232310e-02,-6.549920563494103509e-02,-4.717330345663592328e-02,-3.367825588656650493e-02,-3.617637310362560588e-02,-3.658958050178157811e-02,-3.132432428461227186e-02,-2.359747437828306482e-02,-1.449288285640818255e-03,-2.705743305293317573e-03,-1.113399772251404823e-02,-7.504179921390000466e-03,-2.933156705726774460e-03,-1.220453293171215635e-03,-2.339672152224222049e-03,-1.070977454725783283e-02,-8.356455203320720115e-03,-2.843300701612606115e-03
cy,1.584999999999999951e-02,4.555000000000000021e-02,6.729999999999999871e-02,4.433000000000000135e-02,3.307999999999999829e-02,-1.119099999999999956e-01,-7.766000000000000680e-02,-3.985999999999999960e-02,-3.627999999999999975e-02,-4.044999999999999984e-02,-1.765200000000000102e-01,-1.501500000000000057e-01,-1.298600000000000032e-01,-1.035500000000000032e-01,-7.820000000000000562e-02,-1.545999999999999978e-02,-4.447999999999999871e-02,-6.589000000000000412e-02,-4.340000000000000108e-02,-3.228999999999999926e-02,1.104900000000000049e-01,7.609000000000000485e-02,3.896000000000000157e-02,3.554999999999999827e-02,3.960999999999999938e-02,1.732899999999999996e-01,1.473800000000000110e-01,1.282000000000000084e-01,1.023700000000000027e-01,7.743999999999999495e-02,-1.992000000000000021e-02,-3.228999999999999926e-02,-1.418000000000000094e-01,5.385000000000000203e-02,1.144499999999999962e-01,1.692000000000000101e-02,2.868000000000000063e-02,1.341400000000000092e-01,-6.747000000000000219e-02,-1.140999999999999931e-01
cy*c/cref,2.526346655401682031e-02,6.755281012379237005e-02,9.234930573412188093e-02,5.591649055945339258e-02,3.806059177901038176e-02,-1.196959728905704484e-01,-7.908850696102560918e-02,-3.855356481651544404e-02,-3.323512140469455506e-02,-3.498643426514343874e-02,-1.418488601550159933e-01,-1.099126349961429550e-01,-8.576756180435660126e-02,-6.098202255445761555e-02,-4.045872607721411746e-02,-2.464184182492745040e-02,-6.596594938103808592e-02,-9.041449858575470455e-02,-5.474341733093339435e-02,-3.715164777945118707e-02,1.181771784887778592e-01,7.748962779634867293e-02,3.768306285126547805e-02,3.256638825625389477e-02,3.425989273775850719e-02,1.392532799471035421e-01,1.078849426955148100e-01,8.467119531278698152e-02,6.028710428681628708e-02,4.006552106674501901e-02,-1.688293722220181314e-02,-2.569660333174153891e-02,-1.055348179847922646e-01,3.731302758696690425e-02,7.345728336333245956e-02,1.434032619476178182e-02,2.282374058700363528e-02,9.983385391029643563e-02,-4.675041729419975728e-02,-7.323264335304703609e-02
cz,8.502600000000000158e-01,9.716799999999999882e-01,1.266319999999999890e+00,1.429789999999999894e+00,1.559930000000000039e+00,1.597220000000000084e+00,9.793699999999999628e-01,8.152500000000000302e-01,7.416899999999999604e-01,6.387500000000000400e-01,5.433000000000000052e-01,5.123400000000000176e-01,4.836900000000000088e-01,4.387099999999999889e-01,3.491000000000000214e-01,8.408099999999999463e-01,9.596400000000000485e-01,1.252939999999999943e+00,1.414889999999999981e+00,1.543129999999999891e+00,1.578470000000000040e+00,9.603699999999999459e-01,8.000000000000000444e-01,7.290400000000000214e-01,6.287000000000000366e-01,5.351099999999999746e-01,5.048799999999999955e-01,4.782000000000000139e-01,4.339600000000000124e-01,3.455400000000000138e-01,2.032000000000000126e-02,3.148000000000000104e-02,1.262399999999999911e-01,-6.450999999999999790e-02,-1.104600000000000026e-01,1.728999999999999981e-02,2.779999999999999832e-02,1.375200000000000033e-01,-5.856999999999999706e-02,-1.101800000000000002e-01
cz*c/cref,1.355237543988539128e+00,1.441047520111669922e+00,1.737648927744921412e+00,1.803492872479153242e+00,1.794796219281489469e+00,1.708344221430407872e+00,9.973848965029569191e-01,7.885296968556000374e-01,6.794420395437680282e-01,5.524742864489585736e-01,4.365878411637218459e-01,3.750425535392865606e-01,3.194587399441648490e-01,2.583623671160415469e-01,1.806156173088931949e-01,1.340175098629834860e+00,1.423191629137126490e+00,1.719288842890203117e+00,1.784698473441574729e+00,1.775466777265547025e+00,1.688289717885611108e+00,9.780354034272489283e-01,7.737795246666422377e-01,6.678537185468169657e-01,5.437817360320317261e-01,4.300064783455166406e-01,3.695816926863313423e-01,3.158328049810821270e-01,2.555650266318921227e-01,1.787737622598537801e-01,1.722195202586048607e-02,2.505199977959813099e-02,9.395426955148218628e-02,-4.469941336369980672e-02,-7.089638724607866260e-02,1.465391488814605202e-02,2.212343055504536332e-02,1.023494229144473328e-01,-4.058354736803437834e-02,-7.071667523785032938e-02
Results_Name,VSPAERO_Comp_Load
Results_Timestamp,1759254118
Results_Date,9,30,2025
Results_Time,13,41,58
AoA,6.000000000000000000e+00,6.000000000000000000e+00,6.000000000000000000e+00,6.000000000000000000e+00,6.000000000000000000e+00,6.000000000000000000e+00,6.000000000000000000e+00,6.000000000000000000e+00,6.000000000000000000e+00
Beta,0.000000000000000000e+00,0.000000000000000000e+00,0.000000000000000000e+00,0.000000000000000000e+00,0.000000000000000000e+00,0.000000000000000000e+00,0.000000000000000000e+00,0.000000000000000000e+00,0.000000000000000000e+00
CDi,0.000000000000000000e+00,1.987999999999999837e-02,1.924000000000000016e-02,-4.800000000000000122e-04,-4.600000000000000139e-04,0.000000000000000000e+00,0.000000000000000000e+00,0.000000000000000000e+00,0.000000000000000000e+00
CFx,0.000000000000000000e+00,-3.400000000000000244e-02,-3.389000000000000346e-02,-5.299999999999999807e-04,-5.199999999999999544e-04,0.000000000000000000e+00,0.000000000000000000e+00,0.000000000000000000e+00,0.000000000000000000e+00
CFy,0.000000000000000000e+00,-1.617000000000000035e-02,1.592000000000000012e-02,-7.399999999999999894e-04,3.299999999999999982e-04,0.000000000000000000e+00,0.000000000000000000e+00,0.000000000000000000e+00,0.000000000000000000e+00
CFz,0.000000000000000000e+00,5.136600000000000055e-01,5.064999999999999503e-01,4.000000000000000192e-04,5.500000000000000331e-04,0.000000000000000000e+00,0.000000000000000000e+00,0.000000000000000000e+00,0.000000000000000000e+00
CL,0.000000000000000000e+00,5.143999999999999684e-01,5.072699999999999987e-01,4.499999999999999877e-04,5.999999999999999474e-04,0.000000000000000000e+00,0.000000000000000000e+00,0.000000000000000000e+00,0.000000000000000000e+00
Cmx,0.000000000000000000e+00,9.818999999999999950e-02,-9.667000000000000592e-02,-1.399999999999999877e-04,1.299999999999999886e-04,-5.000000000000000240e-05,5.000000000000000240e-05,-0.000000000000000000e+00,0.000000000000000000e+00
Cmy,0.000000000000000000e+00,-1.630300000000000082e-01,-1.593400000000000094e-01,-1.469999999999999953e-03,-2.129999999999999949e-03,1.281999999999999980e-02,1.257999999999999917e-02,-0.000000000000000000e+00,3.000000000000000076e-05
Cmz,0.000000000000000000e+00,7.280000000000000013e-03,-7.219999999999999855e-03,-2.100000000000000087e-04,9.000000000000000567e-05,1.000000000000000082e-05,-1.000000000000000082e-05,2.000000000000000164e-05,6.000000000000000152e-05
Comp_ID,0,1,2,3,4,5,6,7,8
Comp_Name,NONE,main_wing,main_wing,horizontal_tail,horizontal_tail,fuselage,fuselage,fuselage,fuselage
Cs,0.000000000000000000e+00,-1.617000000000000035e-02,1.592000000000000012e-02,-7.399999999999999894e-04,3.299999999999999982e-04,0.000000000000000000e+00,0.000000000000000000e+00,0.000000000000000000e+00,0.000000000000000000e+00
Mach,1.499999999999999944e-01,1.499999999999999944e-01,1.499999999999999944e-01,1.499999999999999944e-01,1.499999999999999944e-01,1.499999999999999944e-01,1.499999999999999944e-01,1.499999999999999944e-01,1.499999999999999944e-01
Results_Name,VSPAERO_Load
Results_Timestamp,1759254118
Results_Date,9,30,2025
Results_Time,13,41,58
AnalysisMethod,0
Chord,1.735640000000000072e+00,1.614919999999999911e+00,1.494220000000000104e+00,1.373529999999999918e+00,1.252869999999999928e+00,1.164679999999999938e+00,1.108950000000000102e+00,1.053230000000000111e+00,9.975300000000000278e-01,9.418400000000000105e-01,8.750400000000000400e-01,7.971099999999999852e-01,7.191899999999999959e-01,6.412799999999999612e-01,5.633799999999999919e-01,1.735640000000000072e+00,1.614919999999999911e+00,1.494220000000000104e+00,1.373529999999999918e+00,1.252869999999999928e+00,1.164679999999999938e+00,1.108950000000000102e+00,1.053230000000000111e+00,9.975300000000000278e-01,9.418400000000000105e-01,8.750400000000000400e-01,7.971099999999999852e-01,7.191899999999999959e-01,6.412799999999999612e-01,5.633799999999999919e-01,9.229000000000000536e-01,8.665699999999999514e-01,8.104299999999999837e-01,7.545199999999999685e-01,6.988999999999999657e-01,9.229000000000000536e-01,8.665699999999999514e-01,8.104299999999999837e-01,7.545199999999999685e-01,6.988999999999999657e-01
FC_AoA_,7.000000000000000000e+00
FC_Beta_,0.000000000000000000e+00
FC_Bref_,1.417173599999999922e+01
FC_Cref_,1.088920000000000110e+00
FC_Mach_,1.499999999999999944e-01
FC_Pitch_Rate,0.000000000000000000e+00
FC_Rho_,2.377000000000000206e-03
FC_Roll__Rate,0.000000000000000000e+00
FC_Sref_,1.619368700000000061e+01
FC_Vinf_,5.100000000000000000e+01
FC_Xcg_,1.774861999999999940e+00
FC_Yaw___Rate,0.000000000000000000e+00
FC_Ycg_,0.000000000000000000e+00
FC_Zcg_,7.545150000000000468e-01
S,3.314000000000000279e-02,8.981999999999999706e-02,1.368900000000000117e-01,1.839600000000000124e-01,2.310300000000000131e-01,2.997400000000000064e-01,4.117600000000000149e-01,5.454599999999999449e-01,6.791599999999999859e-01,8.128699999999999815e-01,9.157600000000000184e-01,9.578299999999999592e-01,9.698799999999999644e-01,9.819299999999999695e-01,9.939799999999999747e-01,3.314000000000000279e-02,8.981999999999999706e-02,1.368900000000000117e-01,1.839600000000000124e-01,2.310300000000000131e-01,2.997400000000000064e-01,4.117600000000000149e-01,5.454599999999999449e-01,6.791599999999999859e-01,8.128699999999999815e-01,9.157600000000000184e-01,9.578299999999999592e-01,9.698799999999999644e-01,9.819299999999999695e-01,9.939799999999999747e-01,1.020299999999999957e-01,3.035599999999999965e-01,5.025399999999999867e-01,7.015200000000000324e-01,9.005100000000000326e-01,1.020299999999999957e-01,3.035599999999999965e-01,5.025399999999999867e-01,7.015200000000000324e-01,9.005100000000000326e-01
V/Vref,1.002429999999999932e+00,1.005479999999999929e+00,1.008550000000000058e+00,1.009160000000000057e+00,1.012930000000000108e+00,1.013470000000000093e+00,1.000839999999999952e+00,9.999400000000000510e-01,9.975100000000000078e-01,9.977000000000000313e-01,1.008320000000000105e+00,1.008399999999999963e+00,1.008629999999999916e+00,1.008000000000000007e+00,1.010259999999999936e+00,1.003200000000000092e+00,1.005849999999999911e+00,1.008469999999999978e+00,1.009200000000000097e+00,1.012780000000000014e+00,1.013249999999999984e+00,1.000699999999999923e+00,9.997899999999999565e-01,9.973899999999999988e-01,9.975699999999999568e-01,1.007889999999999953e+00,1.007949999999999902e+00,1.008189999999999920e+00,1.007660000000000000e+00,1.010010000000000074e+00,9.876099999999999879e-01,9.908000000000000140e-01,9.905300000000000216e-01,1.010909999999999975e+00,1.007540000000000102e+00,9.872600000000000264e-01,9.905599999999999961e-01,9.901100000000000456e-01,1.011260000000000048e+00,1.007409999999999917e+00
WingId,1,1,1,1,1,1,1,1,1,1,1,1,1,1,1,2,2,2,2,2,2,2,2,2,2,2,2,2,2,2,3,3,3,3,3,4,4,4,4,4
Xavg,2.391169999999999796e+00,2.380489999999999995e+00,2.369810000000000194e+00,2.359129999999999949e+00,2.348450000000000149e+00,2.336259999999999781e+00,2.322589999999999932e+00,2.308860000000000134e+00,2.295059999999999878e+00,2.281190000000000051e+00,2.284749999999999837e+00,2.305000000000000160e+00,2.325239999999999974e+00,2.345470000000000166e+00,2.365699999999999914e+00,2.391169999999999796e+00,2.380489999999999995e+00,2.369810000000000194e+00,2.359129999999999949e+00,2.348450000000000149e+00,2.336259999999999781e+00,2.322589999999999932e+00,2.308860000000000134e+00,2.295059999999999878e+00,2.281190000000000051e+00,2.284749999999999837e+00,2.305000000000000160e+00,2.325239999999999974e+00,2.345470000000000166e+00,2.365699999999999914e+00,5.722059999999999924e+00,5.820210000000000328e+00,5.918350000000000222e+00,6.016490000000000116e+00,6.114630000000000010e+00,5.722059999999999924e+00,5.820210000000000328e+00,5.918350000000000222e+00,6.016490000000000116e+00,6.114630000000000010e+00
Yavg,1.718899999999999872e-01,5.195499999999999563e-01,8.671900000000000164e-01,1.214790000000000036e+00,1.562359999999999971e+00,2.229140000000000121e+00,3.217070000000000096e+00,4.204979999999999940e+00,5.192870000000000097e+00,6.180740000000000123e+00,6.716649999999999565e+00,6.791660000000000252e+00,6.866660000000000430e+00,6.941650000000000098e+00,7.016610000000000014e+00,-1.718899999999999872e-01,-5.195499999999999563e-01,-8.671900000000000164e-01,-1.214790000000000036e+00,-1.562359999999999971e+00,-2.229140000000000121e+00,-3.217070000000000096e+00,-4.204979999999999940e+00,-5.192870000000000097e+00,-6.180740000000000123e+00,-6.716649999999999565e+00,-6.791660000000000252e+00,-6.866660000000000430e+00,-6.941650000000000098e+00,-7.016610000000000014e+00,1.078800000000000037e-01,3.257399999999999740e-01,5.435900000000000176e-01,7.614400000000000057e-01,9.792699999999999738e-01,-1.078800000000000037e-01,-3.257399999999999740e-01,-5.435900000000000176e-01,-7.614400000000000057e-01,-9.792699999999999738e-01
Zavg,1.027309999999999945e+00,1.024350000000000094e+00,1.021379999999999955e+00,1.018420000000000103e+00,1.015449999999999964e+00,1.037979999999999903e+00,1.086500000000000021e+00,1.135019999999999918e+00,1.183540000000000036e+00,1.232069999999999999e+00,1.270329999999999959e+00,1.298289999999999944e+00,1.326240000000000085e+00,1.354190000000000005e+00,1.382130000000000081e+00,1.027309999999999945e+00,1.024350000000000094e+00,1.021379999999999955e+00,1.018420000000000103e+00,1.015449999999999964e+00,1.037979999999999903e+00,1.086500000000000021e+00,1.135019999999999918e+00,1.183540000000000036e+00,1.232069999999999999e+00,1.270329999999999959e+00,1.298289999999999944e+00,1.326240000000000085e+00,1.354190000000000005e+00,1.382130000000000081e+00,3.777900000000000147e-01,5.956799999999999873e-01,8.135799999999999699e-01,1.031470000000000109e+00,1.249349999999999961e+00,3.777900000000000147e-01,5.956799999999999873e-01,8.135799999999999699e-01,1.031470000000000109e+00,1.249349999999999961e+00
cd,2.063999999999999863e-02,1.396000000000000019e-02,1.088299999999999962e-01,1.237300000000000066e-01,1.331799999999999928e-01,1.343999999999999917e-01,-9.530000000000000276e-03,-1.869999999999999917e-03,8.240000000000000796e-03,1.586999999999999869e-02,1.941999999999999976e-02,5.640000000000000048e-03,-5.969999999999999613e-03,-9.100000000000000450e-03,-1.119999999999999989e-02,1.951999999999999916e-02,1.305000000000000084e-02,1.061300000000000021e-01,1.207799999999999985e-01,1.299800000000000122e-01,1.306700000000000084e-01,-1.026999999999999962e-02,-2.330000000000000040e-03,7.640000000000000090e-03,1.519999999999999997e-02,1.865999999999999950e-02,5.230000000000000274e-03,-5.669999999999999693e-03,-8.649999999999999703e-03,-1.072000000000000036e-02,1.490000000000000005e-03,4.099999999999999912e-04,1.469999999999999953e-03,-1.514000000000000068e-02,-1.553000000000000040e-02,1.379999999999999933e-03,4.699999999999999859e-04,2.089999999999999844e-03,-1.488000000000000086e-02,-1.523000000000000048e-02
cd*c/cref,3.289829335488373557e-02,2.070334202696249085e-02,1.493369233736178969e-01,1.560691941556771600e-01,1.532318504573338402e-01,1.437506814091025764e-01,-9.705298369026190905e-03,-1.808709638908276036e-03,7.548439922124674031e-03,1.372644528523674599e-02,1.560562465562208290e-02,4.128586489365608861e-03,-3.942956599199205943e-03,-5.359115453844175148e-03,-5.794600154281305190e-03,3.111311464570399796e-02,1.935376887190978085e-02,1.456319735150424233e-01,1.523481554200492027e-01,1.495500519781067239e-01,1.397611721705910304e-01,-1.045891020460639788e-02,-2.253632865591595567e-03,6.998796238474817855e-03,1.314694192410828869e-02,1.499489990081915962e-02,3.828458748117400355e-03,-3.744818076626381474e-03,-5.094104250082649374e-03,-5.546260147669249130e-03,1.262830143628549317e-03,3.262808103441942257e-04,1.094049241450244063e-03,-1.049060794181390713e-02,-9.967598170664509691e-03,1.169601072622414740e-03,3.740292216140762719e-04,1.555484975939462697e-03,-1.031045219116188440e-02,-9.775049590419863238e-03
cl,9.181500000000000217e-01,1.035409999999999942e+00,1.327970000000000095e+00,1.506769999999999943e+00,1.644009999999999971e+00,1.684830000000000050e+00,1.083369999999999944e+00,9.175799999999999512e-01,8.386799999999999811e-01,7.231499999999999595e-01,6.156500000000000306e-01,5.815700000000000314e-01,5.507600000000000273e-01,5.004999999999999449e-01,4.006100000000000216e-01,9.097499999999999476e-01,1.023679999999999923e+00,1.314910000000000023e+00,1.491589999999999971e+00,1.626230000000000064e+00,1.663620000000000099e+00,1.059790000000000010e+00,8.979000000000000314e-01,8.217400000000000260e-01,7.096900000000000430e-01,6.042499999999999538e-01,5.716499999999999915e-01,5.437999999999999501e-01,4.951099999999999945e-01,3.967899999999999761e-01,4.193000000000000199e-02,5.222000000000000253e-02,1.582600000000000118e-01,-3.721000000000000002e-02,-1.019599999999999951e-01,3.810000000000000192e-02,4.848000000000000226e-02,1.568700000000000094e-01,-3.012000000000000094e-02,-1.008600000000000052e-01
cl*c/cref,1.463448064136942950e+00,1.535562132388053946e+00,1.822245282849061621e+00,1.900593062943099154e+00,1.891535474323182031e+00,1.802049557726921769e+00,1.103297911233148243e+00,8.875057703045218238e-01,7.682919410057670317e-01,6.254744113433492458e-01,4.947272306505528516e-01,4.257202206773683661e-01,3.637559089740292628e-01,2.947513499614295984e-01,2.072656042684494493e-01,1.450059223818094933e+00,1.518165986114682120e+00,1.804324303162766929e+00,1.881445480567901729e+00,1.871078481522976622e+00,1.779363903317047857e+00,1.079284171931822245e+00,8.684707939977225344e-01,7.527736676707195151e-01,6.138324482973955831e-01,4.855663593285089452e-01,4.184585933769238708e-01,3.591590952503397327e-01,2.915771046541527078e-01,2.052892317158284685e-01,3.553722679352018521e-02,4.155703394188737382e-02,1.177851924842963638e-01,-2.578305954523748070e-02,-6.544084413914702525e-02,3.229116004848841398e-02,3.858071630606472319e-02,1.167506833376189129e-01,-2.087035080630349204e-02,-6.473483267825000387e-02
cmx,8.888000000000000067e-02,3.250299999999999856e-01,7.640299999999999869e-01,1.329960000000000031e+00,2.051180000000000003e+00,3.270690000000000097e+00,3.138770000000000060e+00,3.655499999999999972e+00,4.360089999999999577e+00,4.747200000000000308e+00,4.824209999999999887e+00,5.036270000000000024e+00,5.323699999999999655e+00,5.466870000000000118e+00,5.027269999999999683e+00,-8.808000000000000551e-02,-3.214099999999999735e-01,-7.565899999999999848e-01,-1.316510000000000069e+00,-2.028849999999999820e+00,-3.229140000000000121e+00,-3.069920000000000204e+00,-3.576769999999999783e+00,-4.271690000000000431e+00,-4.658400000000000318e+00,-4.733880000000000088e+00,-4.949209999999999887e+00,-5.256409999999999805e+00,-5.408789999999999765e+00,-4.980430000000000135e+00,-1.230000000000000017e-02,8.670000000000000623e-03,1.329700000000000049e-01,-7.842999999999999972e-02,-2.195499999999999952e-01,1.119000000000000029e-02,-8.000000000000000167e-03,-1.307999999999999996e-01,7.069000000000000283e-02,2.170300000000000007e-01
cmx*c/cref,1.416666818499063285e-01,4.820349039415199321e-01,1.048404755721265236e+00,1.677570398927377360e+00,2.360009813944091039e+00,3.498243423942988706e+00,3.196505704275796056e+00,3.535688815523637896e+00,3.994159881074825336e+00,4.105997546192557301e+00,3.876663775483965679e+00,3.686644730283215932e+00,3.516100175403150896e+00,3.219515110017264092e+00,2.600983885501229942e+00,-1.403915542004922357e-01,-4.766662722697717625e-01,-1.038195560555412733e+00,-1.660604985031039593e+00,-2.334317763931233802e+00,-3.453802644087719642e+00,-3.126389251735664843e+00,-3.459539238052381727e+00,-3.913179045017081137e+00,-4.029191727583293137e+00,-3.804075924034823419e+00,-3.622915166495242367e+00,-3.471657704790066745e+00,-3.185310997318443249e+00,-2.576750039856003482e+00,-1.042470521250413173e-02,6.899645428497961329e-03,9.896308002424419881e-02,-5.434467509091576304e-02,-1.409134693090401125e-01,9.483939132351321133e-03,-6.366454835984277152e-03,-9.734805495353192339e-02,4.898157697535172189e-02,1.392960612349850857e-01
cmy,-1.429199999999999915e-01,-1.896799999999999875e-01,-3.197599999999999887e-01,-4.173700000000000188e-01,-5.059799999999999853e-01,-5.659999999999999476e-01,-3.203900000000000081e-01,-2.699900000000000078e-01,-2.548300000000000010e-01,-2.230600000000000083e-01,-2.189000000000000112e-01,-2.595999999999999974e-01,-3.125700000000000145e-01,-3.540800000000000058e-01,-3.629399999999999848e-01,-1.396399999999999864e-01,-1.846200000000000063e-01,-3.143599999999999728e-01,-4.108499999999999930e-01,-4.979500000000000037e-01,-5.559500000000000552e-01,-3.082799999999999985e-01,-2.600700000000000234e-01,-2.460400000000000087e-01,-2.157100000000000128e-01,-2.120700000000000085e-01,-2.528799999999999937e-01,-3.075499999999999901e-01,-3.496400000000000063e-01,-3.590700000000000003e-01,-1.714799999999999935e-01,-2.187900000000000122e-01,-7.713299999999999601e-01,1.615300000000000069e-01,5.972399999999999931e-01,-1.557499999999999996e-01,-2.029100000000000070e-01,-7.662999999999999812e-01,1.205800000000000066e-01,5.894099999999999895e-01
cmy*c/cref,-2.278015545678286624e-01,-2.813044352202181408e-01,-4.387758395474414819e-01,-5.264576057928955777e-01,-5.821613732872936708e-01,-6.053786136722623112e-01,-3.262833729750578282e-01,-2.611409173309334197e-01,-2.334428331741541796e-01,-1.929313727362891584e-01,-1.759048010873158763e-01,-1.900321015317929241e-01,-2.064405266686257789e-01,-2.085225933952907229e-01,-1.877760874995407780e-01,-2.225735312052308512e-01,-2.738002152591558214e-01,-4.313659398302905346e-01,-5.182334795026263263e-01,-5.729223602284830852e-01,-5.946293997722513769e-01,-3.139506171252249844e-01,-2.515460512250670688e-01,-2.253905532086838137e-01,-1.865741343716710021e-01,-1.704163141461264297e-01,-1.851129346508466611e-01,-2.031250087242404967e-01,-2.059078161848436617e-01,-1.857738461962310794e-01,-1.453356463284722344e-01,-1.741145816956250203e-01,-5.740632662638209815e-01,1.119252246262351647e-01,3.833257135510413360e-01,-1.320038891745950183e-01,-1.614771688461962285e-01,-5.703196828049810208e-01,8.355069389854166695e-02,3.783001956066560645e-01
cmz,9.719999999999999474e-03,5.115000000000000102e-02,6.013999999999999901e-02,6.884999999999999454e-02,8.916000000000000314e-02,8.111000000000000154e-02,3.711400000000000254e-01,4.429699999999999749e-01,4.790800000000000058e-01,4.598300000000000165e-01,3.481600000000000250e-01,4.761699999999999822e-01,6.162300000000000555e-01,6.836699999999999999e-01,6.763400000000000523e-01,-9.539999999999999869e-03,-5.027999999999999831e-02,-5.974999999999999756e-02,-6.912999999999999701e-02,-8.989999999999999380e-02,-8.418000000000000482e-02,-3.661300000000000110e-01,-4.358500000000000152e-01,-4.719400000000000261e-01,-4.541399999999999881e-01,-3.467500000000000027e-01,-4.727600000000000136e-01,-6.071999999999999620e-01,-6.725400000000000267e-01,-6.649500000000000410e-01,-1.686699999999999866e-01,-2.175600000000000034e-01,-6.763000000000000123e-01,2.775900000000000034e-01,6.231100000000000527e-01,1.532999999999999918e-01,2.025599999999999901e-01,6.346600000000000019e-01,-2.802499999999999991e-01,-6.137099999999999778e-01
cmz*c/cref,1.549280094038129295e-02,7.585787569334752345e-02,8.252432759064026735e-02,8.684525998236782007e-02,1.025841101274657247e-01,8.675310840098444942e-02,3.779668873746464541e-01,4.284513950519781011e-01,4.388721599382874317e-01,3.977209411159680630e-01,2.797762245160342331e-01,3.485654306101457767e-01,4.069963392168386984e-01,4.026226881680931013e-01,3.499214168166623340e-01,-1.520589721926312275e-02,-7.456762443522020611e-02,-8.198916816662381313e-02,-8.719844331998675979e-02,-1.034355260257869835e-01,-9.003669911471916254e-02,-3.728647315688939368e-01,-4.215647572824450240e-01,-4.323314001028541464e-01,-3.927994871983249148e-01,-2.786431693788340436e-01,-3.460692462256180213e-01,-4.010323696873966393e-01,-3.960680777283913656e-01,-3.440285154097637577e-01,-1.429540673327700795e-01,-1.731357392645924143e-01,-5.033370761855783249e-01,1.923439800903647412e-01,3.999298194541379692e-01,1.299274235021856405e-01,1.611986364471219013e-01,4.723464568563346400e-01,-1.941871120008815954e-01,-3.938966306064723422e-01
cs,1.795000000000000068e-02,4.284999999999999920e-02,6.547000000000000042e-02,4.834999999999999715e-02,3.760000000000000148e-02,-1.160999999999999949e-01,-8.164000000000000423e-02,-4.401000000000000051e-02,-4.061000000000000026e-02,-4.671000000000000152e-02,-1.951700000000000101e-01,-1.631100000000000050e-01,-1.389700000000000102e-01,-1.078599999999999975e-01,-8.108999999999999542e-02,-1.756999999999999881e-02,-4.173000000000000320e-02,-6.390999999999999459e-02,-4.716999999999999665e-02,-3.656000000000000222e-02,1.146100000000000035e-01,7.978999999999999981e-02,4.283000000000000002e-02,3.962000000000000244e-02,4.551999999999999796e-02,1.904200000000000059e-01,1.591500000000000137e-01,1.369100000000000039e-01,1.070399999999999963e-01,8.074000000000000621e-02,-4.086999999999999661e-02,-5.161000000000000310e-02,-1.396600000000000064e-01,5.918000000000000344e-02,1.065900000000000042e-01,3.715999999999999859e-02,4.809000000000000080e-02,1.310999999999999943e-01,-5.992999999999999716e-02,-1.052400000000000002e-01
cs*c/cref,2.861067663372883138e-02,6.354858208132826980e-02,8.983817305219851668e-02,6.098719419241081102e-02,4.326113213091870024e-02,-1.241774859493810085e-01,-8.314171656320024084e-02,-4.256754610072365635e-02,-3.720171665503434200e-02,-4.040089850494067020e-02,-1.568357242037982657e-01,-1.193995996951107419e-01,-9.178436827315138158e-02,-6.352024097270689285e-02,-4.195393986702419808e-02,-2.800499100025713103e-02,-6.188756896741725438e-02,-8.769753535613267204e-02,-5.949877869815962950e-02,-4.206454762516988882e-02,1.225838214010211841e-01,8.125768697424970433e-02,4.142622130184035745e-02,3.629480457701208390e-02,3.937163134114535223e-02,1.530186944862799714e-01,1.165008049259816936e-01,9.042381708481797564e-02,6.303733166807477806e-02,4.177285861220290941e-02,-3.463883756382470092e-02,-4.107159176064357348e-02,-1.039421204496197987e-01,4.100622047533335895e-02,6.841251056092273464e-02,3.149447525989053365e-02,3.827035163281048563e-02,9.757133030892993497e-02,-4.152590052529110676e-02,-6.754604194982183341e-02
cx,-9.141000000000000514e-02,-1.123299999999999993e-01,-5.381999999999999978e-02,-6.081999999999999906e-02,-6.816999999999999449e-02,-7.192999999999999394e-02,-1.414900000000000047e-01,-1.136800000000000033e-01,-9.403999999999999859e-02,-7.237999999999999989e-02,-5.575999999999999707e-02,-6.528000000000000469e-02,-7.305000000000000382e-02,-7.002999999999999503e-02,-5.994000000000000022e-02,-9.149000000000000188e-02,-1.118100000000000066e-01,-5.489999999999999741e-02,-6.189999999999999669e-02,-6.916999999999999538e-02,-7.305000000000000382e-02,-1.393500000000000016e-01,-1.117299999999999960e-01,-9.256000000000000338e-02,-7.140000000000000513e-02,-5.512000000000000233e-02,-6.447999999999999565e-02,-7.190000000000000557e-02,-6.893000000000000516e-02,-5.899000000000000077e-02,-3.629999999999999980e-03,-5.960000000000000020e-03,-1.782999999999999863e-02,-1.048999999999999932e-02,-2.990000000000000036e-03,-3.269999999999999903e-03,-5.449999999999999983e-03,-1.703999999999999959e-02,-1.110000000000000049e-02,-2.830000000000000050e-03
cx*c/cref,-1.456992730411784120e-01,-1.665907170407375792e-01,-7.385200051427102952e-02,-7.671646640708222609e-02,-7.843381322778530951e-02,-7.693442346545198429e-02,-1.440926197516805563e-01,-1.099540704551298514e-01,-8.614748668405390608e-02,-6.260366160966829296e-02,-4.480791095764610071e-02,-4.778619255776365288e-02,-4.824673024648275244e-02,-4.124163244315467297e-02,-3.101145832568048474e-02,-1.458267858061198241e-01,-1.658195323807074573e-01,-7.533398045770120510e-02,-7.807874499504094401e-02,-7.958437525254377642e-02,-7.813234581052785899e-02,-1.419132557947323792e-01,-1.080679828637549078e-01,-8.479169893105094336e-02,-6.175602982771920269e-02,-4.429361642728574938e-02,-4.720057745288908785e-02,-4.748719924328692610e-02,-4.059382727840428473e-02,-3.051995206259412383e-02,-3.076559343202439102e-03,-4.743008852808286609e-03,-1.326999862248833505e-02,-7.268591632075817495e-03,-1.919067516438305527e-03,-2.771446019909635031e-03,-4.337147357014289190e-03,-1.268204018660691081e-02,-7.691264739374792901e-03,-1.816374940307827635e-03
cy,1.795000000000000068e-02,4.284999999999999920e-02,6.547000000000000042e-02,4.834999999999999715e-02,3.760000000000000148e-02,-1.160999999999999949e-01,-8.164000000000000423e-02,-4.401000000000000051e-02,-4.061000000000000026e-02,-4.671000000000000152e-02,-1.951700000000000101e-01,-1.631100000000000050e-01,-1.389700000000000102e-01,-1.078599999999999975e-01,-8.108999999999999542e-02,-1.756999999999999881e-02,-4.173000000000000320e-02,-6.390999999999999459e-02,-4.716999999999999665e-02,-3.656000000000000222e-02,1.146100000000000035e-01,7.978999999999999981e-02,4.283000000000000002e-02,3.962000000000000244e-02,4.551999999999999796e-02,1.904200000000000059e-01,1.591500000000000137e-01,1.369100000000000039e-01,1.070399999999999963e-01,8.074000000000000621e-02,-4.086999999999999661e-02,-5.161000000000000310e-02,-1.396600000000000064e-01,5.918000000000000344e-02,1.065900000000000042e-01,3.715999999999999859e-02,4.809000000000000080e-02,1.310999999999999943e-01,-5.992999999999999716e-02,-1.052400000000000002e-01
cy*c/cref,2.861067663372883138e-02,6.354858208132826980e-02,8.983817305219851668e-02,6.098719419241081102e-02,4.326113213091870024e-02,-1.241774859493810085e-01,-8.314171656320024084e-02,-4.256754610072365635e-02,-3.720171665503434200e-02,-4.040089850494067020e-02,-1.568357242037982657e-01,-1.193995996951107419e-01,-9.178436827315138158e-02,-6.352024097270689285e-02,-4.195393986702419808e-02,-2.800499100025713103e-02,-6.188756896741725438e-02,-8.769753535613267204e-02,-5.949877869815962950e-02,-4.206454762516988882e-02,1.225838214010211841e-01,8.125768697424970433e-02,4.142622130184035745e-02,3.629480457701208390e-02,3.937163134114535223e-02,1.530186944862799714e-01,1.165008049259816936e-01,9.042381708481797564e-02,6.303733166807477806e-02,4.177285861220290941e-02,-3.463883756382470092e-02,-4.107159176064357348e-02,-1.039421204496197987e-01,4.100622047533335895e-02,6.841251056092273464e-02,3.149447525989053365e-02,3.827035163281048563e-02,9.757133030892993497e-02,-4.152590052529110676e-02,-6.754604194982183341e-02
cz,9.138199999999999656e-01,1.029400000000000093e+00,1.331329999999999902e+00,1.510620000000000074e+00,1.647990000000000066e+00,1.688649999999999984e+00,1.074140000000000095e+00,9.105100000000000415e-01,8.334300000000000042e-01,7.196900000000000519e-01,6.134300000000000308e-01,5.779300000000000548e-01,5.459300000000000264e-01,4.956599999999999895e-01,3.962600000000000011e-01,9.053499999999999881e-01,1.017640000000000100e+00,1.318040000000000100e+00,1.495190000000000019e+00,1.629950000000000010e+00,1.667149999999999910e+00,1.050640000000000018e+00,8.909200000000000452e-01,8.165499999999999980e-01,7.062500000000000444e-01,6.020199999999999996e-01,5.680300000000000349e-01,5.390500000000000291e-01,4.903600000000000181e-01,3.925299999999999900e-01,4.179999999999999688e-02,5.188000000000000250e-02,1.572600000000000109e-01,-3.878000000000000197e-02,-1.030900000000000011e-01,3.797999999999999987e-02,4.818000000000000060e-02,1.559500000000000053e-01,-3.171000000000000207e-02,-1.019599999999999951e-01
cz*c/cref,1.456546435734489053e+00,1.526649017375013573e+00,1.826855887117510902e+00,1.905449333835359527e+00,1.896114711181720924e+00,1.806135328582448407e+00,1.093898131175844002e+00,8.806674937552805282e-01,7.634825587738308661e-01,6.224817521948352583e-01,4.929432714983653652e-01,4.230556719501891716e-01,3.605658787606068061e-01,2.919010072365278985e-01,2.050150229585276651e-01,1.443046021746317464e+00,1.509208379678947720e+00,1.808619300591411960e+00,1.885986409194430724e+00,1.875358572255078071e+00,1.783139497851081501e+00,1.069965863424310326e+00,8.617195676450061237e-01,7.480192498071482898e-01,6.108570877566763535e-01,4.837743643242846114e-01,4.158086850273665092e-01,3.560219019762700388e-01,2.887797641700032836e-01,2.030852141571464764e-01,3.542704698233111599e-02,4.128645961135803816e-02,1.170409412996363391e-01,-2.687092311648238419e-02,-6.616611045806852776e-02,3.218945560739081002e-02,3.834197424971531182e-02,1.160659722477316858e-01,-2.197207251221393667e-02,-6.544084413914702525e-02
Results_Name,VSPAERO_Comp_Load
Results_Timestamp,1759254118
Results_Date,9,30,2025
Results_Time,13,41,58
AoA,7.000000000000000000e+00,7.000000000000000000e+00,7.000000000000000000e+00,7.000000000000000000e+00,7.000000000000000000e+00,7.000000000000000000e+00,7.000000000000000000e+00,7.000000000000000000e+00,7.000000000000000000e+00
Beta,0.000000000000000000e+00,0.000000000000000000e+00,0.000000000000000000e+00,0.000000000000000000e+00,0.000000000000000000e+00,0.000000000000000000e+00,0.000000000000000000e+00,0.000000000000000000e+00,0.000000000000000000e+00
CDi,0.000000000000000000e+00,2.224999999999999895e-02,2.149999999999999828e-02,-3.699999999999999947e-04,-3.499999999999999964e-04,0.000000000000000000e+00,0.000000000000000000e+00,0.000000000000000000e+00,0.000000000000000000e+00
CFx,0.000000000000000000e+00,-4.576999999999999819e-02,-4.549000000000000266e-02,-6.199999999999999999e-04,-5.999999999999999474e-04,0.000000000000000000e+00,0.000000000000000000e+00,0.000000000000000000e+00,0.000000000000000000e+00
CFy,0.000000000000000000e+00,-1.764999999999999902e-02,1.733000000000000165e-02,-1.410000000000000012e-03,1.170000000000000033e-03,0.000000000000000000e+00,0.000000000000000000e+00,0.000000000000000000e+00,0.000000000000000000e+00
CFz,0.000000000000000000e+00,5.553099999999999703e-01,5.468899999999999872e-01,2.040000000000000147e-03,2.010000000000000068e-03,0.000000000000000000e+00,0.000000000000000000e+00,0.000000000000000000e+00,0.000000000000000000e+00
CL,0.000000000000000000e+00,5.567499999999999671e-01,5.483599999999999586e-01,2.099999999999999870e-03,2.069999999999999792e-03,0.000000000000000000e+00,0.000000000000000000e+00,0.000000000000000000e+00,0.000000000000000000e+00
Cmx,0.000000000000000000e+00,1.078500000000000014e-01,-1.059500000000000025e-01,-9.000000000000000567e-05,9.000000000000000567e-05,-5.000000000000000240e-05,5.000000000000000240e-05,-0.000000000000000000e+00,0.000000000000000000e+00
Cmy,0.000000000000000000e+00,-1.744699999999999862e-01,-1.701400000000000134e-01,-7.400000000000000328e-03,-7.369999999999999815e-03,1.575999999999999970e-02,1.554999999999999959e-02,-0.000000000000000000e+00,2.000000000000000164e-05
Cmz,0.000000000000000000e+00,9.719999999999999474e-03,-9.620000000000000079e-03,-3.800000000000000209e-04,3.099999999999999999e-04,2.000000000000000164e-05,-2.000000000000000164e-05,1.000000000000000082e-05,5.000000000000000240e-05
Comp_ID,0,1,2,3,4,5,6,7,8
Comp_Name,NONE,main_wing,main_wing,horizontal_tail,horizontal_tail,fuselage,fuselage,fuselage,fuselage
Cs,0.000000000000000000e+00,-1.764999999999999902e-02,1.733000000000000165e-02,-1.410000000000000012e-03,1.170000000000000033e-03,0.000000000000000000e+00,0.000000000000000000e+00,0.000000000000000000e+00,0.000000000000000000e+00
Mach,1.499999999999999944e-01,1.499999999999999944e-01,1.499999999999999944e-01,1.499999999999999944e-01,1.499999999999999944e-01,1.499999999999999944e-01,1.499999999999999944e-01,1.499999999999999944e-01,1.499999999999999944e-01
Results_Name,VSPAERO_Load
Results_Timestamp,1759254118
Results_Date,9,30,2025
Results_Time,13,41,58
AnalysisMethod,0
Chord,1.735640000000000072e+00,1.614919999999999911e+00,1.494220000000000104e+00,1.373529999999999918e+00,1.252869999999999928e+00,1.164679999999999938e+00,1.108950000000000102e+00,1.053230000000000111e+00,9.975300000000000278e-01,9.418400000000000105e-01,8.750400000000000400e-01,7.971099999999999852e-01,7.191899999999999959e-01,6.412799999999999612e-01,5.633799999999999919e-01,1.735640000000000072e+00,1.614919999999999911e+00,1.494220000000000104e+00,1.373529999999999918e+00,1.252869999999999928e+00,1.164679999999999938e+00,1.108950000000000102e+00,1.053230000000000111e+00,9.975300000000000278e-01,9.418400000000000105e-01,8.750400000000000400e-01,7.971099999999999852e-01,7.191899999999999959e-01,6.412799999999999612e-01,5.633799999999999919e-01,9.229000000000000536e-01,8.665699999999999514e-01,8.104299999999999837e-01,7.545199999999999685e-01,6.988999999999999657e-01,9.229000000000000536e-01,8.665699999999999514e-01,8.104299999999999837e-01,7.545199999999999685e-01,6.988999999999999657e-01
FC_AoA_,8.000000000000000000e+00
FC_Beta_,0.000000000000000000e+00
FC_Bref_,1.417173599999999922e+01
FC_Cref_,1.088920000000000110e+00
FC_Mach_,1.499999999999999944e-01
FC_Pitch_Rate,0.000000000000000000e+00
FC_Rho_,2.377000000000000206e-03
FC_Roll__Rate,0.000000000000000000e+00
FC_Sref_,1.619368700000000061e+01
FC_Vinf_,5.100000000000000000e+01
FC_Xcg_,1.774861999999999940e+00
FC_Yaw___Rate,0.000000000000000000e+00
FC_Ycg_,0.000000000000000000e+00
FC_Zcg_,7.545150000000000468e-01
S,3.314000000000000279e-02,8.981999999999999706e-02,1.368900000000000117e-01,1.839600000000000124e-01,2.310300000000000131e-01,2.997400000000000064e-01,4.117600000000000149e-01,5.454599999999999449e-01,6.791599999999999859e-01,8.128699999999999815e-01,9.157600000000000184e-01,9.578299999999999592e-01,9.698799999999999644e-01,9.819299999999999695e-01,9.939799999999999747e-01,3.314000000000000279e-02,8.981999999999999706e-02,1.368900000000000117e-01,1.839600000000000124e-01,2.310300000000000131e-01,2.997400000000000064e-01,4.117600000000000149e-01,5.454599999999999449e-01,6.791599999999999859e-01,8.128699999999999815e-01,9.157600000000000184e-01,9.578299999999999592e-01,9.698799999999999644e-01,9.819299999999999695e-01,9.939799999999999747e-01,1.020299999999999957e-01,3.035599999999999965e-01,5.025399999999999867e-01,7.015200000000000324e-01,9.005100000000000326e-01,1.020299999999999957e-01,3.035599999999999965e-01,5.025399999999999867e-01,7.015200000000000324e-01,9.005100000000000326e-01
V/Vref,1.001379999999999937e+00,1.003889999999999949e+00,1.007630000000000026e+00,1.008729999999999905e+00,1.012639999999999985e+00,1.013190000000000035e+00,1.000699999999999923e+00,9.978500000000000147e-01,9.958900000000000530e-01,9.962999999999999634e-01,1.008459999999999912e+00,1.008610000000000007e+00,1.008979999999999988e+00,1.008520000000000083e+00,1.011079999999999979e+00,1.001880000000000104e+00,1.003659999999999997e+00,1.007989999999999942e+00,1.008879999999999999e+00,1.012520000000000087e+00,1.012939999999999952e+00,1.000499999999999945e+00,9.977000000000000313e-01,9.957399999999999585e-01,9.961100000000000509e-01,1.007849999999999913e+00,1.007970000000000033e+00,1.008310000000000040e+00,1.007889999999999953e+00,1.010180000000000078e+00,9.881299999999999528e-01,9.917899999999999494e-01,9.920499999999999874e-01,1.012839999999999963e+00,1.008690000000000087e+00,9.879000000000000004e-01,9.916199999999999459e-01,9.922199999999999909e-01,1.012420000000000098e+00,1.008450000000000069e+00
WingId,1,1,1,1,1,1,1,1,1,1,1,1,1,1,1,2,2,2,2,2,2,2,2,2,2,2,2,2,2,2,3,3,3,3,3,4,4,4,4,4
Xavg,2.391169999999999796e+00,2.380489999999999995e+00,2.369810000000000194e+00,2.359129999999999949e+00,2.348450000000000149e+00,2.336259999999999781e+00,2.322589999999999932e+00,2.308860000000000134e+00,2.295059999999999878e+00,2.281190000000000051e+00,2.284749999999999837e+00,2.305000000000000160e+00,2.325239999999999974e+00,2.345470000000000166e+00,2.365699999999999914e+00,2.391169999999999796e+00,2.380489999999999995e+00,2.369810000000000194e+00,2.359129999999999949e+00,2.348450000000000149e+00,2.336259999999999781e+00,2.322589999999999932e+00,2.308860000000000134e+00,2.295059999999999878e+00,2.281190000000000051e+00,2.284749999999999837e+00,2.305000000000000160e+00,2.325239999999999974e+00,2.345470000000000166e+00,2.365699999999999914e+00,5.722059999999999924e+00,5.820210000000000328e+00,5.918350000000000222e+00,6.016490000000000116e+00,6.114630000000000010e+00,5.722059999999999924e+00,5.820210000000000328e+00,5.918350000000000222e+00,6.016490000000000116e+00,6.114630000000000010e+00
Yavg,1.718899999999999872e-01,5.195499999999999563e-01,8.671900000000000164e-01,1.214790000000000036e+00,1.562359999999999971e+00,2.229140000000000121e+00,3.217070000000000096e+00,4.204979999999999940e+00,5.192870000000000097e+00,6.180740000000000123e+00,6.716649999999999565e+00,6.791660000000000252e+00,6.866660000000000430e+00,6.941650000000000098e+00,7.016610000000000014e+00,-1.718899999999999872e-01,-5.195499999999999563e-01,-8.671900000000000164e-01,-1.214790000000000036e+00,-1.562359999999999971e+00,-2.229140000000000121e+00,-3.217070000000000096e+00,-4.204979999999999940e+00,-5.192870000000000097e+00,-6.180740000000000123e+00,-6.716649999999999565e+00,-6.791660000000000252e+00,-6.866660000000000430e+00,-6.941650000000000098e+00,-7.016610000000000014e+00,1.078800000000000037e-01,3.257399999999999740e-01,5.435900000000000176e-01,7.614400000000000057e-01,9.792699999999999738e-01,-1.078800000000000037e-01,-3.257399999999999740e-01,-5.435900000000000176e-01,-7.614400000000000057e-01,-9.792699999999999738e-01
Zavg,1.027309999999999945e+00,1.024350000000000094e+00,1.021379999999999955e+00,1.018420000000000103e+00,1.015449999999999964e+00,1.037979999999999903e+00,1.086500000000000021e+00,1.135019999999999918e+00,1.183540000000000036e+00,1.232069999999999999e+00,1.270329999999999959e+00,1.298289999999999944e+00,1.326240000000000085e+00,1.354190000000000005e+00,1.382130000000000081e+00,1.027309999999999945e+00,1.024350000000000094e+00,1.021379999999999955e+00,1.018420000000000103e+00,1.015449999999999964e+00,1.037979999999999903e+00,1.086500000000000021e+00,1.135019999999999918e+00,1.183540000000000036e+00,1.232069999999999999e+00,1.270329999999999959e+00,1.298289999999999944e+00,1.326240000000000085e+00,1.354190000000000005e+00,1.382130000000000081e+00,3.777900000000000147e-01,5.956799999999999873e-01,8.135799999999999699e-01,1.031470000000000109e+00,1.249349999999999961e+00,3.777900000000000147e-01,5.956799999999999873e-01,8.135799999999999699e-01,1.031470000000000109e+00,1.249349999999999961e+00
cd,2.800000000000000058e-02,2.054999999999999882e-02,1.194199999999999984e-01,1.333499999999999963e-01,1.420099999999999973e-01,1.430700000000000027e-01,-7.550000000000000287e-03,4.299999999999999894e-04,1.141999999999999960e-02,2.037999999999999881e-02,2.504999999999999935e-02,8.019999999999999352e-03,-6.300000000000000044e-03,-1.003000000000000072e-02,-1.243999999999999967e-02,2.908000000000000168e-02,2.042000000000000065e-02,1.169899999999999968e-01,1.300000000000000044e-01,1.383000000000000063e-01,1.384199999999999875e-01,-8.899999999999999925e-03,-4.499999999999999877e-04,1.060000000000000005e-02,1.944999999999999854e-02,2.351999999999999924e-02,6.850000000000000186e-03,-6.680000000000000174e-03,-1.001999999999999939e-02,-1.213999999999999975e-02,3.059999999999999786e-03,1.389999999999999960e-03,2.860000000000000129e-03,-7.289999999999999605e-03,-1.227999999999999925e-02,3.139999999999999996e-03,1.479999999999999979e-03,3.510000000000000099e-03,-7.089999999999999948e-03,-1.203000000000000076e-02
cd*c/cref,4.462946772949344387e-02,3.047662454542114305e-02,1.638685600411416976e-01,1.682035645410130675e-01,1.633913131359511772e-01,1.530238838482165520e-01,-7.688877511662931853e-03,4.159064945083201553e-04,1.046155144546890257e-02,1.762728134298203325e-02,2.012980935238584818e-02,5.870791426367408597e-03,-4.160908974029313423e-03,-5.906805274951327546e-03,-6.436145171362449291e-03,4.635089005620247893e-02,3.028382838041361602e-02,1.605341051684237574e-01,1.639779781802152281e-01,1.591227280240972430e-01,1.480503669691069779e-01,-9.063709914410607651e-03,-4.352509826249861889e-04,9.710371744480769327e-03,1.682289608052014648e-02,1.890032399074311961e-02,5.014329335488372855e-03,-4.411884435954890708e-03,-5.900916137089959150e-03,-6.280932667229914036e-03,2.593463247988832873e-03,1.106171527752268079e-03,2.128558388127685819e-03,-5.051290085589390556e-03,-7.881655218014177455e-03,2.661266208720567111e-03,1.177794144657091230e-03,2.612321658156705698e-03,-4.912708738933989523e-03,-7.721198067810306279e-03
cl,9.867799999999999905e-01,1.110989999999999922e+00,1.407899999999999929e+00,1.592729999999999979e+00,1.736210000000000031e+00,1.779819999999999958e+00,1.187149999999999928e+00,1.019220000000000015e+00,9.333500000000000130e-01,8.062200000000000477e-01,6.884799999999999809e-01,6.508599999999999941e-01,6.178299999999999903e-01,5.631800000000000139e-01,4.537300000000000222e-01,9.796000000000000263e-01,1.102570000000000050e+00,1.396190000000000042e+00,1.576340000000000074e+00,1.716059999999999919e+00,1.754420000000000091e+00,1.156230000000000091e+00,9.928900000000000503e-01,9.117399999999999949e-01,7.889000000000000457e-01,6.717400000000000038e-01,6.351599999999999469e-01,6.039499999999999869e-01,5.520500000000000407e-01,4.453300000000000036e-01,6.476999999999999424e-02,7.453999999999999515e-02,1.647299999999999875e-01,-3.670000000000000085e-03,-8.165999999999999648e-02,6.307999999999999718e-02,7.062000000000000222e-02,1.575100000000000111e-01,-3.310000000000000008e-03,-7.935999999999999999e-02
cl*c/cref,1.572838077361054854e+00,1.647650856628585680e+00,1.931925520699408594e+00,2.009020347592109346e+00,1.997617293005913730e+00,1.903648346618667553e+00,1.208986879201410458e+00,9.858144589134187896e-01,8.550165535576533804e-01,6.973241788193806912e-01,5.532523410351540827e-01,4.764418089483156704e-01,4.080530780038937322e-01,3.316644660764793695e-01,2.347485650001836233e-01,1.561393806707563447e+00,1.635163597325790530e+00,1.915857015942401764e+00,1.988346508650773004e+00,1.974433468207030362e+00,1.876481179149983136e+00,1.177498125206626778e+00,9.603474403078279265e-01,8.352202202181977508e-01,6.823435844690151075e-01,5.398003247254159476e-01,4.649491125151525295e-01,3.988858690261910533e-01,3.251098556367776893e-01,2.304026148844726396e-01,5.489497208243029197e-02,5.931944293428349779e-02,1.226004976490467357e-01,-2.542967711126620841e-03,-5.241172354259264476e-02,5.346263453697240597e-02,5.619988006465120867e-02,1.172270040958013348e-01,-2.293521287146897594e-03,-5.093551776071703063e-02
cmx,9.525999999999999746e-02,3.484499999999999820e-01,8.097900000000000098e-01,1.404719999999999969e+00,2.164039999999999964e+00,3.451509999999999856e+00,3.432859999999999800e+00,4.051899999999999835e+00,4.843539999999999957e+00,5.285140000000000171e+00,5.386370000000000324e+00,5.621769999999999712e+00,5.951360000000000205e+00,6.127030000000000420e+00,5.669740000000000002e+00,-9.458999999999999353e-02,-3.459999999999999742e-01,-8.031800000000000050e-01,-1.390249999999999986e+00,-2.138770000000000060e+00,-3.401749999999999829e+00,-3.342509999999999870e+00,-3.946590000000000042e+00,-4.730859999999999843e+00,-5.170960000000000001e+00,-5.253330000000000055e+00,-5.483259999999999579e+00,-5.815520000000000245e+00,-6.005130000000000301e+00,-5.564949999999999619e+00,-1.895000000000000157e-02,1.289000000000000042e-02,1.308199999999999918e-01,-2.823000000000000162e-02,-1.760899999999999965e-01,1.842999999999999847e-02,-1.220000000000000077e-02,-1.246700000000000030e-01,2.728999999999999829e-02,1.711499999999999966e-01
cmx*c/cref,1.518358248539837529e-01,5.167678745913381055e-01,1.111196794805862753e+00,1.771870350071630185e+00,2.489862244058332230e+00,3.691643708261395762e+00,3.496005305256584261e+00,3.919096569995959012e+00,4.437035279175696623e+00,4.571278200051426488e+00,4.328407233589244285e+00,4.115241785163280319e+00,3.930645592330014537e+00,3.608292435073283233e+00,2.933381810601328965e+00,-1.507679054475994374e-01,-5.131344084046577381e-01,-1.102126528670609451e+00,-1.753618339731109366e+00,-2.460787541692685654e+00,-3.638421729787311154e+00,-3.403993373709730541e+00,-3.817238167817654126e+00,-4.333812195386253840e+00,-4.472520448150460126e+00,-4.221498258090584876e+00,-4.013849849943062154e+00,-3.840928469309039972e+00,-3.536503844543216868e+00,-2.879166082907834490e+00,-1.606082632332953702e-02,1.025795035447966790e-02,9.736293997722512972e-02,-1.956075708040994759e-02,-1.130195983175990571e-01,1.562010707857326361e-02,-9.708843624876024175e-03,-9.278579519156594790e-02,1.890942475112955545e-02,1.098489650295705611e-01
cmy,-1.505700000000000094e-01,-2.003800000000000026e-01,-3.330099999999999727e-01,-4.348500000000000143e-01,-5.284100000000000463e-01,-5.930699999999999861e-01,-3.538799999999999724e-01,-3.049700000000000188e-01,-2.886099999999999777e-01,-2.541700000000000070e-01,-2.492300000000000071e-01,-2.960300000000000153e-01,-3.577400000000000024e-01,-4.068700000000000094e-01,-4.202600000000000224e-01,-1.464799999999999991e-01,-1.968600000000000072e-01,-3.283099999999999907e-01,-4.274899999999999811e-01,-5.191400000000000459e-01,-5.810699999999999754e-01,-3.379400000000000182e-01,-2.915499999999999758e-01,-2.774699999999999944e-01,-2.448599999999999943e-01,-2.391399999999999915e-01,-2.853399999999999825e-01,-3.465699999999999892e-01,-3.967700000000000116e-01,-4.109499999999999820e-01,-2.624199999999999866e-01,-3.163900000000000046e-01,-7.992799999999999905e-01,-4.150000000000000043e-03,4.827400000000000024e-01,-2.559000000000000163e-01,-2.996300000000000074e-01,-7.655199999999999783e-01,-1.389999999999999916e-02,4.653999999999999804e-01
cmy*c/cref,-2.399949627153509790e-01,-2.971730426477610099e-01,-4.569575379274877780e-01,-5.485063370128199223e-01,-6.079684795026263355e-01,-6.343319689233367642e-01,-3.603894005069242512e-01,-2.949744270469823459e-01,-2.643877725636409881e-01,-2.198393571612239361e-01,-2.002775403151746680e-01,-2.166995493700179798e-01,-2.362735835506740434e-01,-2.396113521654482936e-01,-2.174320232891304716e-01,-2.334758726077214019e-01,-2.919527157183263721e-01,-4.505081807662638105e-01,-5.392226607096938240e-01,-5.973027695331153408e-01,-6.214970866546668526e-01,-3.441561942107776439e-01,-2.819942755206993890e-01,-2.541827215038753862e-01,-2.117868552327075993e-01,-1.921693656099621450e-01,-2.088742675311317243e-01,-2.288962258935458571e-01,-2.336633229254674038e-01,-2.126152619108841180e-01,-2.224106619402710650e-01,-2.517853306946332137e-01,-5.948650868750687826e-01,-2.875562943099584882e-03,3.098363387576680839e-01,-2.168847206406347705e-01,-2.384476078132461430e-01,-5.697391668809461684e-01,-9.631403592550415171e-03,2.987070308195275414e-01
cmz,1.103999999999999947e-02,5.745000000000000107e-02,7.338000000000000078e-02,9.370000000000000551e-02,1.296100000000000030e-01,1.453099999999999947e-01,4.595099999999999740e-01,5.514799999999999702e-01,6.057700000000000307e-01,5.863899999999999668e-01,4.550100000000000255e-01,6.148900000000000476e-01,7.912299999999999889e-01,8.761900000000000244e-01,8.646500000000000297e-01,-1.074999999999999914e-02,-5.625000000000000139e-02,-7.237000000000000377e-02,-9.354999999999999427e-02,-1.298799999999999955e-01,-1.483299999999999896e-01,-4.524799999999999933e-01,-5.413099999999999579e-01,-5.950999999999999623e-01,-5.774899999999999478e-01,-4.540600000000000191e-01,-6.122499999999999609e-01,-7.814400000000000235e-01,-8.623499999999999499e-01,-8.483600000000000030e-01,-2.571800000000000197e-01,-3.093699999999999783e-01,-6.486600000000000144e-01,1.460599999999999954e-01,5.000099999999999545e-01,2.506800000000000139e-01,2.929800000000000182e-01,6.097399999999999487e-01,-1.474199999999999955e-01,-4.830200000000000049e-01
cmz*c/cref,1.759676156191455551e-02,8.520107445909706756e-02,1.006923039341733189e-01,1.181902811960474364e-01,1.491243440289460875e-01,1.554197285383682459e-01,4.679623980641368641e-01,5.334049153289497358e-01,5.549294237409543307e-01,5.071865312419644445e-01,3.656393035301032102e-01,4.501110897953935486e-01,5.225771440509862087e-01,5.160003702751349008e-01,4.473483056606545327e-01,-1.713452778900194373e-02,-8.342141755133525294e-02,-9.930637824633582744e-02,-1.180010758366087237e-01,-1.494349957756308522e-01,-1.586498405759834973e-01,-4.608030856261249308e-01,-5.235682431216250876e-01,-5.451549269000476317e-01,-4.994886507732431147e-01,-3.648758975865995513e-01,-4.481785599493074423e-01,-5.161112235976931251e-01,-5.078498034750026369e-01,-4.389202666862578317e-01,-2.179695680123425183e-01,-2.461987665760569655e-01,-4.827659734415750692e-01,1.012059574624398356e-01,3.209207186937514944e-01,2.124605774528890989e-01,2.331554922308342048e-01,4.537997173346066671e-01,-1.021483106196965640e-01,-3.100160507658964448e-01
cs,2.023000000000000145e-02,4.537000000000000061e-02,6.883999999999999841e-02,5.233000000000000151e-02,4.236999999999999794e-02,-1.204599999999999976e-01,-8.730000000000000260e-02,-4.970000000000000112e-02,-4.497000000000000303e-02,-5.324000000000000260e-02,-2.134600000000000108e-01,-1.755899999999999961e-01,-1.476099999999999912e-01,-1.117500000000000021e-01,-8.377999999999999337e-02,-2.000000000000000042e-02,-4.410000000000000031e-02,-6.672000000000000153e-02,-5.057999999999999996e-02,-4.086999999999999661e-02,1.188400000000000012e-01,8.490000000000000324e-02,4.802000000000000018e-02,4.367999999999999661e-02,5.172000000000000208e-02,2.063000000000000111e-01,1.686799999999999966e-01,1.425200000000000078e-01,1.089299999999999990e-01,8.221000000000000529e-02,-6.285999999999999921e-02,-7.252999999999999725e-02,-1.360200000000000020e-01,3.116000000000000020e-02,8.531999999999999307e-02,6.124000000000000277e-02,6.875000000000000555e-02,1.277200000000000002e-01,-3.287999999999999950e-02,-8.303000000000000658e-02
cs*c/cref,3.224479043455901611e-02,6.728586158762810132e-02,9.446249935716122259e-02,6.600744306285125096e-02,4.874931298901662852e-02,-1.288408265069977410e-01,-8.890582871101641860e-02,-4.807105296991514426e-02,-4.119579408955661992e-02,-4.604889394996877078e-02,-1.715332975792528414e-01,-1.285351953311537898e-01,-9.749075772324870826e-02,-6.581111560077873568e-02,-4.334567865407926157e-02,-3.187819123535245991e-02,-6.540239136024683653e-02,-9.155342761635382187e-02,-6.380004720273296792e-02,-4.702346995187891426e-02,1.271081174007273051e-01,8.646168221724277736e-02,4.644611596811519527e-02,4.001406016970943114e-02,4.473419975755794226e-02,1.657796275208463510e-01,1.234769448627998090e-01,9.412900745692980020e-02,6.415037872387317763e-02,4.253339988245233294e-02,-5.327617639496014246e-02,-5.771987115674245133e-02,-1.012330461374572887e-01,2.159097380891157950e-02,5.476081622157732282e-02,5.190316644014252717e-02,5.471172124673989029e-02,9.505576130477903785e-02,-2.278277339014803463e-02,-5.329102872570987137e-02
cx,-1.096000000000000030e-01,-1.342700000000000005e-01,-7.767999999999999905e-02,-8.960999999999999521e-02,-1.010000000000000064e-01,-1.060200000000000031e-01,-1.726900000000000102e-01,-1.414199999999999902e-01,-1.185900000000000010e-01,-9.203000000000000069e-02,-7.101000000000000367e-02,-8.264000000000000512e-02,-9.221999999999999642e-02,-8.831999999999999573e-02,-7.546999999999999542e-02,-1.075399999999999967e-01,-1.332299999999999873e-01,-7.846000000000000196e-02,-9.064999999999999447e-02,-1.018799999999999983e-01,-1.071000000000000008e-01,-1.697200000000000097e-01,-1.386300000000000032e-01,-1.164000000000000035e-01,-9.052999999999999936e-02,-7.019000000000000239e-02,-8.161999999999999811e-02,-9.067000000000000060e-02,-8.674999999999999378e-02,-7.399999999999999634e-02,-5.989999999999999665e-03,-8.989999999999999727e-03,-2.009000000000000022e-02,-6.709999999999999819e-03,-7.900000000000000121e-04,-5.669999999999999693e-03,-8.359999999999999376e-03,-1.845000000000000112e-02,-6.559999999999999859e-03,-8.599999999999999789e-04
cx*c/cref,-1.746924879697314692e-01,-1.991287775043161790e-01,-1.065927796348675738e-01,-1.130312817286852761e-01,-1.162067645006060884e-01,-1.133961848436983305e-01,-1.758665241707379756e-01,-1.367848754729456551e-01,-1.086370740733938051e-01,-7.959954376813722920e-02,-5.706258531388899019e-02,-6.049404033354148502e-02,-6.090778183888622549e-02,-5.201286559159533363e-02,-3.904629228960804221e-02,-1.714090342724901572e-01,-1.975864081842559072e-01,-1.076630984829004961e-01,-1.143431055541269947e-01,-1.172192590823935288e-01,-1.145513242478786164e-01,-1.728418928846930935e-01,-1.340863193806707543e-01,-1.066308746280718450e-01,-7.830214818352128348e-02,-5.640364544686478354e-02,-5.974738107482642502e-02,-5.988406613892663377e-02,-5.108827094736067415e-02,-3.828575101935861869e-02,-5.076746684788597391e-03,-7.154303621937331374e-03,-1.495200629982000422e-02,-4.649404180288725999e-03,-5.070445946442345749e-04,-4.805534841861660439e-03,-6.652945303603569754e-03,-1.373143435697755585e-02,-4.545468170297174357e-03,-5.519725967013186388e-04
cy,2.023000000000000145e-02,4.537000000000000061e-02,6.883999999999999841e-02,5.233000000000000151e-02,4.236999999999999794e-02,-1.204599999999999976e-01,-8.730000000000000260e-02,-4.970000000000000112e-02,-4.497000000000000303e-02,-5.324000000000000260e-02,-2.134600000000000108e-01,-1.755899999999999961e-01,-1.476099999999999912e-01,-1.117500000000000021e-01,-8.377999999999999337e-02,-2.000000000000000042e-02,-4.410000000000000031e-02,-6.672000000000000153e-02,-5.057999999999999996e-02,-4.086999999999999661e-02,1.188400000000000012e-01,8.490000000000000324e-02,4.802000000000000018e-02,4.367999999999999661e-02,5.172000000000000208e-02,2.063000000000000111e-01,1.686799999999999966e-01,1.425200000000000078e-01,1.089299999999999990e-01,8.221000000000000529e-02,-6.285999999999999921e-02,-7.252999999999999725e-02,-1.360200000000000020e-01,3.116000000000000020e-02,8.531999999999999307e-02,6.124000000000000277e-02,6.875000000000000555e-02,1.277200000000000002e-01,-3.287999999999999950e-02,-8.303000000000000658e-02
cy*c/cref,3.224479043455901611e-02,6.728586158762810132e-02,9.446249935716122259e-02,6.600744306285125096e-02,4.874931298901662852e-02,-1.288408265069977410e-01,-8.890582871101641860e-02,-4.807105296991514426e-02,-4.119579408955661992e-02,-4.604889394996877078e-02,-1.715332975792528414e-01,-1.285351953311537898e-01,-9.749075772324870826e-02,-6.581111560077873568e-02,-4.334567865407926157e-02,-3.187819123535245991e-02,-6.540239136024683653e-02,-9.155342761635382187e-02,-6.380004720273296792e-02,-4.702346995187891426e-02,1.271081174007273051e-01,8.646168221724277736e-02,4.644611596811519527e-02,4.001406016970943114e-02,4.473419975755794226e-02,1.657796275208463510e-01,1.234769448627998090e-01,9.412900745692980020e-02,6.415037872387317763e-02,4.253339988245233294e-02,-5.327617639496014246e-02,-5.771987115674245133e-02,-1.012330461374572887e-01,2.159097380891157950e-02,5.476081622157732282e-02,5.190316644014252717e-02,5.471172124673989029e-02,9.505576130477903785e-02,-2.278277339014803463e-02,-5.329102872570987137e-02
cz,9.810699999999999976e-01,1.103029999999999955e+00,1.410819999999999963e+00,1.595790000000000042e+00,1.739079999999999959e+00,1.782410000000000050e+00,1.174549999999999983e+00,1.009370000000000100e+00,9.258499999999999508e-01,8.012099999999999778e-01,6.852599999999999802e-01,6.456399999999999917e-01,6.109499999999999931e-01,5.563000000000000167e-01,4.475799999999999779e-01,9.741100000000000314e-01,1.094680000000000097e+00,1.398889999999999967e+00,1.579090000000000105e+00,1.718609999999999971e+00,1.756610000000000005e+00,1.143739999999999979e+00,9.831600000000000339e-01,9.043400000000000327e-01,7.839199999999999502e-01,6.684799999999999631e-01,6.299400000000000555e-01,5.971400000000000041e-01,5.452900000000000524e-01,4.393099999999999783e-01,6.457000000000000239e-02,7.401000000000000634e-02,1.635300000000000087e-01,-4.649999999999999620e-03,-8.258000000000000063e-02,6.290999999999999370e-02,7.013999999999999402e-02,1.564699999999999980e-01,-4.259999999999999898e-03,-8.025999999999999801e-02
cz*c/cref,1.563736853763361800e+00,1.635845799140432266e+00,1.935932355361275503e+00,2.012880136924658725e+00,2.000919406016970381e+00,1.906418542041655728e+00,1.196155110109098807e+00,9.762872985159608552e-01,8.481460075120300646e-01,6.929908775667633636e-01,5.506647966792784787e-01,4.726206703890091787e-01,4.035091012195569649e-01,3.276127392278587735e-01,2.315667086654666362e-01,1.552643243213459145e+00,1.623462353157256510e+00,1.919561965800977044e+00,1.991815273573815936e+00,1.977367401370164535e+00,1.878823545164015396e+00,1.164778379495279736e+00,9.509363468390699126e-01,8.284412814531828539e-01,6.780362311280900833e-01,5.371806369613928434e-01,4.611279739558460933e-01,3.943881245637879118e-01,3.211287984424934794e-01,2.272880173015464356e-01,5.472546468060095898e-02,5.889766530139955297e-02,1.217073962274547172e-01,-3.222016309738088766e-03,-5.300220585534289736e-02,5.331855324541746877e-02,5.581789277449214492e-02,1.164529828637548975e-01,-2.951782683760055537e-03,-5.151316350145096479e-02
Results_Name,VSPAERO_Comp_Load
Results_Timestamp,1759254118
Results_Date,9,30,2025
Results_Time,13,41,58
AoA,8.000000000000000000e+00,8.000000000000000000e+00,8.000000000000000000e+00,8.000000000000000000e+00,8.000000000000000000e+00,8.000000000000000000e+00,8.000000000000000000e+00,8.000000000000000000e+00,8.000000000000000000e+00
Beta,0.000000000000000000e+00,0.000000000000000000e+00,0.000000000000000000e+00,0.000000000000000000e+00,0.000000000000000000e+00,0.000000000000000000e+00,0.000000000000000000e+00,0.000000000000000000e+00,0.000000000000000000e+00
CDi,0.000000000000000000e+00,2.500000000000000139e-02,2.416000000000000092e-02,-1.499999999999999869e-04,-1.299999999999999886e-04,0.000000000000000000e+00,0.000000000000000000e+00,0.000000000000000000e+00,0.000000000000000000e+00
CFx,0.000000000000000000e+00,-5.897000000000000158e-02,-5.838999999999999746e-02,-6.599999999999999964e-04,-6.199999999999999999e-04,0.000000000000000000e+00,0.000000000000000000e+00,0.000000000000000000e+00,0.000000000000000000e+00
CFy,0.000000000000000000e+00,-1.900999999999999912e-02,1.857999999999999929e-02,-2.759999999999999867e-03,2.550000000000000183e-03,0.000000000000000000e+00,0.000000000000000000e+00,0.000000000000000000e+00,0.000000000000000000e+00
CFz,0.000000000000000000e+00,5.992399999999999949e-01,5.890900000000000025e-01,3.640000000000000006e-03,3.480000000000000020e-03,0.000000000000000000e+00,0.000000000000000000e+00,0.000000000000000000e+00,0.000000000000000000e+00
CL,0.000000000000000000e+00,6.016099999999999781e-01,5.914899999999999602e-01,3.700000000000000164e-03,3.530000000000000152e-03,0.000000000000000000e+00,0.000000000000000000e+00,0.000000000000000000e+00,0.000000000000000000e+00
Cmx,0.000000000000000000e+00,1.178199999999999942e-01,-1.153700000000000003e-01,-3.000000000000000076e-05,3.000000000000000076e-05,-4.000000000000000327e-05,4.000000000000000327e-05,-0.000000000000000000e+00,0.000000000000000000e+00
Cmy,0.000000000000000000e+00,-1.879000000000000115e-01,-1.826399999999999968e-01,-1.290999999999999960e-02,-1.246000000000000059e-02,1.851999999999999827e-02,1.832999999999999907e-02,0.000000000000000000e+00,2.000000000000000164e-05
Cmz,0.000000000000000000e+00,1.250000000000000069e-02,-1.233000000000000068e-02,-7.200000000000000453e-04,6.800000000000000488e-04,3.000000000000000076e-05,-3.000000000000000076e-05,1.000000000000000082e-05,5.000000000000000240e-05
Comp_ID,0,1,2,3,4,5,6,7,8
Comp_Name,NONE,main_wing,main_wing,horizontal_tail,horizontal_tail,fuselage,fuselage,fuselage,fuselage
Cs,0.000000000000000000e+00,-1.900999999999999912e-02,1.857999999999999929e-02,-2.759999999999999867e-03,2.550000000000000183e-03,0.000000000000000000e+00,0.000000000000000000e+00,0.000000000000000000e+00,0.000000000000000000e+00
Mach,1.499999999999999944e-01,1.499999999999999944e-01,1.499999999999999944e-01,1.499999999999999944e-01,1.499999999999999944e-01,1.499999999999999944e-01,1.499999999999999944e-01,1.499999999999999944e-01,1.499999999999999944e-01
Results_Name,VSPAERO_Load
Results_Timestamp,1759254118
Results_Date,9,30,2025
Results_Time,13,41,58
AnalysisMethod,0
Chord,1.735640000000000072e+00,1.614919999999999911e+00,1.494220000000000104e+00,1.373529999999999918e+00,1.252869999999999928e+00,1.164679999999999938e+00,1.108950000000000102e+00,1.053230000000000111e+00,9.975300000000000278e-01,9.418400000000000105e-01,8.750400000000000400e-01,7.971099999999999852e-01,7.191899999999999959e-01,6.412799999999999612e-01,5.633799999999999919e-01,1.735640000000000072e+00,1.614919999999999911e+00,1.494220000000000104e+00,1.373529999999999918e+00,1.252869999999999928e+00,1.164679999999999938e+00,1.108950000000000102e+00,1.053230000000000111e+00,9.975300000000000278e-01,9.418400000000000105e-01,8.750400000000000400e-01,7.971099999999999852e-01,7.191899999999999959e-01,6.412799999999999612e-01,5.633799999999999919e-01,9.229000000000000536e-01,8.665699999999999514e-01,8.104299999999999837e-01,7.545199999999999685e-01,6.988999999999999657e-01,9.229000000000000536e-01,8.665699999999999514e-01,8.104299999999999837e-01,7.545199999999999685e-01,6.988999999999999657e-01
FC_AoA_,9.000000000000000000e+00
FC_Beta_,0.000000000000000000e+00
FC_Bref_,1.417173599999999922e+01
FC_Cref_,1.088920000000000110e+00
FC_Mach_,1.499999999999999944e-01
FC_Pitch_Rate,0.000000000000000000e+00
FC_Rho_,2.377000000000000206e-03
FC_Roll__Rate,0.000000000000000000e+00
FC_Sref_,1.619368700000000061e+01
FC_Vinf_,5.100000000000000000e+01
FC_Xcg_,1.774861999999999940e+00
FC_Yaw___Rate,0.000000000000000000e+00
FC_Ycg_,0.000000000000000000e+00
FC_Zcg_,7.545150000000000468e-01
S,3.314000000000000279e-02,8.981999999999999706e-02,1.368900000000000117e-01,1.839600000000000124e-01,2.310300000000000131e-01,2.997400000000000064e-01,4.117600000000000149e-01,5.454599999999999449e-01,6.791599999999999859e-01,8.128699999999999815e-01,9.157600000000000184e-01,9.578299999999999592e-01,9.698799999999999644e-01,9.819299999999999695e-01,9.939799999999999747e-01,3.314000000000000279e-02,8.981999999999999706e-02,1.368900000000000117e-01,1.839600000000000124e-01,2.310300000000000131e-01,2.997400000000000064e-01,4.117600000000000149e-01,5.454599999999999449e-01,6.791599999999999859e-01,8.128699999999999815e-01,9.157600000000000184e-01,9.578299999999999592e-01,9.698799999999999644e-01,9.819299999999999695e-01,9.939799999999999747e-01,1.020299999999999957e-01,3.035599999999999965e-01,5.025399999999999867e-01,7.015200000000000324e-01,9.005100000000000326e-01,1.020299999999999957e-01,3.035599999999999965e-01,5.025399999999999867e-01,7.015200000000000324e-01,9.005100000000000326e-01
V/Vref,9.976599999999999913e-01,9.991999999999999771e-01,1.008429999999999938e+00,1.008420000000000094e+00,1.012289999999999912e+00,1.012089999999999934e+00,1.000229999999999952e+00,9.963800000000000434e-01,9.941699999999999982e-01,9.947200000000000486e-01,1.008550000000000058e+00,1.008829999999999893e+00,1.009379999999999944e+00,1.008909999999999973e+00,1.012140000000000040e+00,9.986399999999999721e-01,9.997099999999999875e-01,1.008420000000000094e+00,1.008429999999999938e+00,1.012070000000000025e+00,1.011789999999999967e+00,1.000029999999999974e+00,9.962199999999999944e-01,9.940099999999999492e-01,9.945199999999999596e-01,1.007940000000000058e+00,1.008210000000000051e+00,1.008739999999999970e+00,1.008329999999999949e+00,1.011549999999999949e+00,9.890999999999999792e-01,9.923399999999999999e-01,9.931499999999999773e-01,1.013649999999999940e+00,1.009330000000000060e+00,9.884699999999999598e-01,9.919599999999999529e-01,9.925500000000000433e-01,1.012839999999999963e+00,1.008930000000000105e+00
WingId,1,1,1,1,1,1,1,1,1,1,1,1,1,1,1,2,2,2,2,2,2,2,2,2,2,2,2,2,2,2,3,3,3,3,3,4,4,4,4,4
Xavg,2.391169999999999796e+00,2.380489999999999995e+00,2.369810000000000194e+00,2.359129999999999949e+00,2.348450000000000149e+00,2.336259999999999781e+00,2.322589999999999932e+00,2.308860000000000134e+00,2.295059999999999878e+00,2.281190000000000051e+00,2.284749999999999837e+00,2.305000000000000160e+00,2.325239999999999974e+00,2.345470000000000166e+00,2.365699999999999914e+00,2.391169999999999796e+00,2.380489999999999995e+00,2.369810000000000194e+00,2.359129999999999949e+00,2.348450000000000149e+00,2.336259999999999781e+00,2.322589999999999932e+00,2.308860000000000134e+00,2.295059999999999878e+00,2.281190000000000051e+00,2.284749999999999837e+00,2.305000000000000160e+00,2.325239999999999974e+00,2.345470000000000166e+00,2.365699999999999914e+00,5.722059999999999924e+00,5.820210000000000328e+00,5.918350000000000222e+00,6.016490000000000116e+00,6.114630000000000010e+00,5.722059999999999924e+00,5.820210000000000328e+00,5.918350000000000222e+00,6.016490000000000116e+00,6.114630000000000010e+00
Yavg,1.718899999999999872e-01,5.195499999999999563e-01,8.671900000000000164e-01,1.214790000000000036e+00,1.562359999999999971e+00,2.229140000000000121e+00,3.217070000000000096e+00,4.204979999999999940e+00,5.192870000000000097e+00,6.180740000000000123e+00,6.716649999999999565e+00,6.791660000000000252e+00,6.866660000000000430e+00,6.941650000000000098e+00,7.016610000000000014e+00,-1.718899999999999872e-01,-5.195499999999999563e-01,-8.671900000000000164e-01,-1.214790000000000036e+00,-1.562359999999999971e+00,-2.229140000000000121e+00,-3.217070000000000096e+00,-4.204979999999999940e+00,-5.192870000000000097e+00,-6.180740000000000123e+00,-6.716649999999999565e+00,-6.791660000000000252e+00,-6.866660000000000430e+00,-6.941650000000000098e+00,-7.016610000000000014e+00,1.078800000000000037e-01,3.257399999999999740e-01,5.435900000000000176e-01,7.614400000000000057e-01,9.792699999999999738e-01,-1.078800000000000037e-01,-3.257399999999999740e-01,-5.435900000000000176e-01,-7.614400000000000057e-01,-9.792699999999999738e-01
Zavg,1.027309999999999945e+00,1.024350000000000094e+00,1.021379999999999955e+00,1.018420000000000103e+00,1.015449999999999964e+00,1.037979999999999903e+00,1.086500000000000021e+00,1.135019999999999918e+00,1.183540000000000036e+00,1.232069999999999999e+00,1.270329999999999959e+00,1.298289999999999944e+00,1.326240000000000085e+00,1.354190000000000005e+00,1.382130000000000081e+00,1.027309999999999945e+00,1.024350000000000094e+00,1.021379999999999955e+00,1.018420000000000103e+00,1.015449999999999964e+00,1.037979999999999903e+00,1.086500000000000021e+00,1.135019999999999918e+00,1.183540000000000036e+00,1.232069999999999999e+00,1.270329999999999959e+00,1.298289999999999944e+00,1.326240000000000085e+00,1.354190000000000005e+00,1.382130000000000081e+00,3.777900000000000147e-01,5.956799999999999873e-01,8.135799999999999699e-01,1.031470000000000109e+00,1.249349999999999961e+00,3.777900000000000147e-01,5.956799999999999873e-01,8.135799999999999699e-01,1.031470000000000109e+00,1.249349999999999961e+00
cd,3.917999999999999955e-02,3.133999999999999980e-02,1.339400000000000035e-01,1.440899999999999959e-01,1.514699999999999935e-01,1.477799999999999947e-01,-9.820000000000000603e-03,2.609999999999999907e-03,1.508999999999999925e-02,2.544000000000000081e-02,3.139000000000000123e-02,1.081000000000000016e-02,-6.400000000000000307e-03,-1.068999999999999985e-02,-1.328999999999999973e-02,3.939999999999999752e-02,2.997000000000000011e-02,1.298700000000000132e-01,1.402200000000000113e-01,1.475799999999999890e-01,1.436399999999999899e-01,-1.102000000000000028e-02,1.740000000000000010e-03,1.417999999999999990e-02,2.438999999999999849e-02,2.980000000000000010e-02,9.690000000000000696e-03,-6.810000000000000081e-03,-1.072000000000000036e-02,-1.316999999999999942e-02,5.270000000000000379e-03,3.289999999999999956e-03,5.040000000000000209e-03,2.160000000000000028e-03,-8.120000000000000481e-03,5.239999999999999866e-03,3.350000000000000113e-03,5.449999999999999983e-03,1.979999999999999989e-03,-8.000000000000000167e-03
cd*c/cref,6.244937663005546702e-02,4.647870624104616377e-02,1.837929570583697603e-01,1.817506682768247062e-01,1.742756298901663448e-01,1.580615751386694745e-01,-1.000063273702384015e-02,2.524455699224919820e-03,1.382353864379384789e-02,2.200382911508650535e-02,2.522453954376813884e-02,7.913124104617417706e-03,-4.226955148220254768e-03,-6.295488373801563613e-03,-6.875913933071298167e-03,6.280003673364434325e-02,4.444693127135142252e-02,1.782080881974801023e-01,1.768691700033060143e-01,1.697999436138558915e-01,1.536335407559783761e-01,-1.122270598391066423e-02,1.682970466149946763e-03,1.298991239025823648e-02,2.109565220585533918e-02,2.394683906990412517e-02,7.093262957793042278e-03,-4.497744462403114631e-03,-6.313155787385665331e-03,-6.813828931418284586e-03,4.466520038202990116e-03,2.618204551298534011e-03,3.751025970686551383e-03,1.496678543878337967e-03,-5.211648238621752714e-03,4.441093927928589126e-03,2.665952962568416112e-03,4.056168956397163475e-03,1.371955331888476560e-03,-5.134628806523894133e-03
cl,1.065430000000000099e+00,1.204539999999999944e+00,1.500950000000000006e+00,1.682090000000000085e+00,1.829769999999999897e+00,1.849739999999999940e+00,1.260950000000000015e+00,1.114840000000000053e+00,1.026639999999999997e+00,8.887699999999999489e-01,7.612100000000000533e-01,7.203399999999999803e-01,6.857699999999999907e-01,6.271400000000000308e-01,5.081900000000000306e-01,1.055420000000000025e+00,1.189740000000000020e+00,1.484769999999999923e+00,1.664330000000000087e+00,1.809770000000000101e+00,1.826820000000000110e+00,1.234480000000000022e+00,1.091529999999999889e+00,1.006529999999999925e+00,8.721400000000000263e-01,7.456000000000000405e-01,7.062599999999999989e-01,6.728300000000000392e-01,6.167000000000000259e-01,5.002900000000000125e-01,8.623000000000000109e-02,9.647999999999999632e-02,1.639299999999999924e-01,3.180999999999999800e-02,-5.181999999999999801e-02,8.328000000000000680e-02,9.249000000000000277e-02,1.604899999999999938e-01,3.386999999999999733e-02,-5.029000000000000137e-02
cl*c/cref,1.698199064394078528e+00,1.786389943062850927e+00,2.059609070455129753e+00,2.121736287055063563e+00,2.105263876042316351e+00,1.978432927304117461e+00,1.284144383884950225e+00,1.078300456599199153e+00,9.404769856371449910e-01,7.687241824927449896e-01,6.116970928993865630e-01,5.273024808066707481e-01,4.529248487492193442e-01,3.693313918377841842e-01,2.629248082503765072e-01,1.682244029680784569e+00,1.764440841200455301e+00,2.037406815376703317e+00,2.099334372497520196e+00,2.082252635547147346e+00,1.953918302170958077e+00,1.257187484847371639e+00,1.055754455699224881e+00,9.220547615068138692e-01,7.543403901113029386e-01,5.991531278698160046e-01,5.169956549608786256e-01,4.443784738089115449e-01,3.631831319105167655e-01,2.588375456415530351e-01,7.308311629871799830e-02,7.677944532197038263e-02,1.220050967013187188e-01,2.204136318554163546e-02,-3.325955809425851922e-02,7.058288212173530196e-02,7.360417597252323640e-02,1.194448726260882165e-01,2.346875105609227269e-02,-3.227756033501082839e-02
cmx,1.025500000000000023e-01,3.772800000000000042e-01,8.616000000000000325e-01,1.482220000000000093e+00,2.277899999999999814e+00,3.569630000000000081e+00,3.642300000000000093e+00,4.421730000000000160e+00,5.316919999999999646e+00,5.817020000000000302e+00,5.945070000000000299e+00,6.204539999999999722e+00,6.581179999999999808e+00,6.794120000000000381e+00,6.322519999999999918e+00,-1.016200000000000020e-01,-3.726900000000000213e-01,-8.522899999999999920e-01,-1.466369999999999951e+00,-2.252679999999999794e+00,-3.524680000000000035e+00,-3.565119999999999845e+00,-4.328649999999999665e+00,-5.212180000000000035e+00,-5.707429999999999559e+00,-5.820829999999999949e+00,-6.080230000000000246e+00,-6.454760000000000275e+00,-6.679739999999999789e+00,-6.223799999999999777e+00,-2.517000000000000140e-02,1.710000000000000062e-02,1.252099999999999880e-01,3.007999999999999910e-02,-1.115499999999999964e-01,2.429999999999999868e-02,-1.640000000000000138e-02,-1.222199999999999953e-01,-3.207999999999999741e-02,1.085300000000000015e-01
cmx*c/cref,1.634554255592697292e-01,5.595241318003157938e-01,1.182290665980971989e+00,1.869626452448297060e+00,2.620865236197332138e+00,3.817981732726003052e+00,3.709297822613231155e+00,4.276805172005289535e+00,4.870685824119309615e+00,5.031317375748447951e+00,4.777370286889762063e+00,4.541840428497960325e+00,4.346617606619401997e+00,4.001150932667229654e+00,3.271113872093449615e+00,-1.619730896668258313e-01,-5.527169441281268858e-01,-1.169515449987143185e+00,-1.849633752800939890e+00,-2.591848061932923386e+00,-3.769904402894610485e+00,-3.630698144950960327e+00,-4.186775924310325081e+00,-4.774736358410167192e+00,-4.936529654336405670e+00,-4.677532861183557600e+00,-4.450843161389266278e+00,-4.263122033207213946e+00,-3.933790973808910962e+00,-3.220038610733570117e+00,-2.133250652022187013e-02,1.360829721191639426e-02,9.318769083128235209e-02,2.084263453697240975e-02,-7.159598042096754211e-02,2.059514932226426051e-02,-1.305123241376776946e-02,-9.096237978914886724e-02,-2.222844800352642702e-02,6.965765804650478343e-02
cmy,-1.627200000000000035e-01,-2.226700000000000068e-01,-3.553000000000000047e-01,-4.539400000000000102e-01,-5.517800000000000482e-01,-5.981899999999999995e-01,-3.613299999999999845e-01,-3.371000000000000107e-01,-3.229400000000000048e-01,-2.862000000000000099e-01,-2.804200000000000026e-01,-3.337800000000000211e-01,-4.051500000000000101e-01,-4.626299999999999857e-01,-4.806799999999999962e-01,-1.574200000000000044e-01,-2.152399999999999869e-01,-3.478600000000000025e-01,-4.459000000000000186e-01,-5.426199999999999912e-01,-5.874700000000000477e-01,-3.478700000000000125e-01,-3.252800000000000136e-01,-3.124700000000000255e-01,-2.771100000000000230e-01,-2.710500000000000131e-01,-3.244199999999999862e-01,-3.947100000000000053e-01,-4.530799999999999828e-01,-4.719599999999999906e-01,-3.477399999999999936e-01,-4.122799999999999798e-01,-7.900800000000000045e-01,-1.903400000000000092e-01,3.040300000000000225e-01,-3.362700000000000133e-01,-3.955500000000000127e-01,-7.752099999999999547e-01,-2.073299999999999865e-01,2.929100000000000037e-01
cmy*c/cref,-2.593609638908275783e-01,-3.302301697094368049e-01,-4.875439573155053163e-01,-5.725858724240531217e-01,-6.348571140212319053e-01,-6.398081853579692391e-01,-3.679764385813465988e-01,-3.260513472064063278e-01,-2.958365519964735180e-01,-2.475430775447231835e-01,-2.253413628182051875e-01,-2.443332621312860053e-01,-2.675860747345993884e-01,-2.724491848804319050e-01,-2.486918216214230037e-01,-2.509132432134592028e-01,-3.192111273555448547e-01,-4.773347621496528692e-01,-5.624444651581382848e-01,-6.243179658744442140e-01,-6.283423571979575017e-01,-3.542688503287660939e-01,-3.146187547294567177e-01,-2.862452697167836013e-01,-2.396808603019505435e-01,-2.178117694596480858e-01,-2.374815654042536917e-01,-2.606908541490651210e-01,-2.668250582228262058e-01,-2.441803115013039815e-01,-2.947225195606655856e-01,-3.280952499724497096e-01,-5.880179759761965386e-01,-1.318878676119457638e-01,1.951351495059324426e-01,-2.850012700657532094e-01,-3.147814012966976271e-01,-5.769509608603018425e-01,-1.436603530103221227e-01,1.879980154648642210e-01
cmz,1.286999999999999950e-02,6.879000000000000392e-02,9.131999999999999840e-02,1.199199999999999988e-01,1.729799999999999949e-01,2.275600000000000123e-01,5.701199999999999601e-01,6.719100000000000072e-01,7.458399999999999475e-01,7.275199999999999445e-01,5.756499999999999950e-01,7.708599999999999897e-01,9.875399999999999734e-01,1.091509999999999980e+00,1.073809999999999931e+00,-1.251000000000000029e-02,-6.758999999999999730e-02,-9.093999999999999306e-02,-1.202099999999999974e-01,-1.734100000000000086e-01,-2.295000000000000095e-01,-5.628800000000000470e-01,-6.616400000000000059e-01,-7.348400000000000487e-01,-7.181800000000000406e-01,-5.740899999999999892e-01,-7.671700000000000186e-01,-9.769799999999999596e-01,-1.077599999999999891e+00,-1.059120000000000061e+00,-3.396600000000000175e-01,-3.981399999999999939e-01,-6.604100000000000525e-01,-9.113999999999999879e-02,3.098199999999999843e-01,3.285000000000000142e-01,3.824500000000000122e-01,6.338700000000000445e-01,8.748999999999999833e-02,-3.012599999999999723e-01
cmz*c/cref,2.051361605994930434e-02,1.020188322374462608e-01,1.253096374389303103e-01,1.512633780259339256e-01,1.990242190427211899e-01,2.433921507548763574e-01,5.806069995959298735e-01,6.498877505234544882e-01,6.832437416890128068e-01,6.292541571465304351e-01,4.625838225030304840e-01,5.642840746794988149e-01,6.522323886052234787e-01,6.428052867060939368e-01,5.555624635418577872e-01,-1.993980861771296395e-02,-1.002391753296844323e-01,-1.247882000514271006e-01,-1.516291750541820804e-01,-1.995189607133673326e-01,-2.454671233883113091e-01,-5.732338243397127053e-01,-6.399543558755463879e-01,-6.731669408220989359e-01,-6.211757073063218781e-01,-4.613302295852771406e-01,-5.615829250082650104e-01,-6.452579126106600116e-01,-6.346134959409320819e-01,-5.479622245895013899e-01,-2.878744205267604883e-01,-3.168425410498475481e-01,-4.915109248613304671e-01,-6.315151967086654605e-02,1.988513371046541078e-01,2.784159075046835352e-01,3.043563315027733585e-01,4.717584984204532539e-01,6.062241009440545725e-02,-1.933572842816735360e-01
cs,2.351999999999999924e-02,5.394000000000000183e-02,7.722999999999999310e-02,5.582999999999999768e-02,4.694999999999999868e-02,-1.126599999999999963e-01,-7.920000000000000651e-02,-5.390999999999999959e-02,-4.916000000000000231e-02,-5.992000000000000104e-02,-2.305699999999999972e-01,-1.864899999999999891e-01,-1.545700000000000129e-01,-1.138500000000000068e-01,-8.505000000000000060e-02,-2.312000000000000166e-02,-5.256999999999999867e-02,-7.535000000000000031e-02,-5.458999999999999964e-02,-4.585999999999999799e-02,1.110700000000000021e-01,7.714999999999999636e-02,5.242999999999999744e-02,4.794999999999999957e-02,5.838999999999999746e-02,2.237800000000000067e-01,1.801800000000000068e-01,1.497999999999999887e-01,1.109399999999999969e-01,8.340000000000000191e-02,-8.340999999999999803e-02,-9.284000000000000585e-02,-1.395200000000000051e-01,-1.401999999999999948e-02,5.353999999999999732e-02,8.061000000000000110e-02,8.913999999999999702e-02,1.337599999999999900e-01,1.231999999999999935e-02,-5.240000000000000213e-02
cs*c/cref,3.748875289277448647e-02,7.999557800389375806e-02,1.059752879917716523e-01,7.042223478308781703e-02,5.401888706241044641e-02,-1.204981530323623179e-01,-8.065683429453036901e-02,-5.214306771847335154e-02,-4.503413914704477300e-02,-5.182662895345847148e-02,-1.852826404143554928e-01,-1.365142011350695683e-01,-1.020875714469382523e-01,-6.704783455166586636e-02,-4.400274492157366102e-02,-3.685118906806744699e-02,-7.796380303419900293e-02,-1.033955451272820791e-01,-6.885813714506114347e-02,-5.276477445542370609e-02,1.187975311317635702e-01,7.856912583109869341e-02,5.071157559784005703e-02,4.392569105168422916e-02,5.050328545715019463e-02,1.798262968813136020e-01,1.318951619953715459e-01,9.893716893803032597e-02,6.533409543400799102e-02,4.314907614884471582e-02,-7.069306193292436424e-02,-7.388270837159754967e-02,-1.038379252837673961e-01,-9.714552400543656832e-03,3.436350328766116236e-02,6.831995830731366071e-02,7.093822300995480945e-02,9.955103846012561264e-02,8.536610953972742846e-03,-3.363181868273151104e-02
cx,-1.279800000000000104e-01,-1.574800000000000089e-01,-1.025100000000000039e-01,-1.208199999999999968e-01,-1.366300000000000014e-01,-1.433999999999999997e-01,-2.069499999999999951e-01,-1.718300000000000105e-01,-1.456999999999999962e-01,-1.139099999999999974e-01,-8.806999999999999551e-02,-1.020100000000000035e-01,-1.136000000000000065e-01,-1.086600000000000066e-01,-9.263000000000000400e-02,-1.261899999999999966e-01,-1.565100000000000102e-01,-1.039999999999999952e-01,-1.218599999999999961e-01,-1.373399999999999899e-01,-1.439100000000000101e-01,-2.039999999999999869e-01,-1.690399999999999958e-01,-1.434499999999999942e-01,-1.123500000000000054e-01,-8.719999999999999973e-02,-1.009099999999999997e-01,-1.119799999999999962e-01,-1.070600000000000024e-01,-9.127000000000000390e-02,-8.290000000000000493e-03,-1.184999999999999942e-02,-2.066000000000000128e-02,-2.850000000000000103e-03,8.000000000000000654e-05,-7.849999999999999339e-03,-1.115999999999999978e-02,-1.972000000000000142e-02,-3.350000000000000113e-03,-3.000000000000000076e-05
cx*c/cref,-2.039885457150203973e-01,-2.335503081952760296e-01,-1.406645962972486730e-01,-1.523986101825661743e-01,-1.572012894427505802e-01,-1.533768431106049823e-01,-2.107567153693567785e-01,-1.661981696543364251e-01,-1.334718078463064117e-01,-9.852422069573521513e-02,-7.077174888880724546e-02,-7.467324606031663925e-02,-7.502845388090952083e-02,-6.399137200161626737e-02,-4.792444752598904595e-02,-2.011354475994563129e-01,-2.321117521948352358e-01,-1.427091797377217919e-01,-1.537104340080079068e-01,-1.580181884803290859e-01,-1.539223256070234580e-01,-2.077524519707600048e-01,-1.634996135620614965e-01,-1.314106440326194558e-01,-9.717492928773463490e-02,-7.007262976159864265e-02,-7.386802529111412274e-02,-7.395850585901626861e-02,-6.304910994379751832e-02,-4.722081750725488913e-02,-7.026081805825956303e-03,-9.430311225801710912e-03,-1.537622947507622136e-02,-1.974784189839473830e-03,5.134628806523894567e-05,-6.653165521801417126e-03,-8.881204496198067191e-03,-1.467663336149579306e-02,-2.321237556477978147e-03,-1.925485802446460463e-05
cy,2.351999999999999924e-02,5.394000000000000183e-02,7.722999999999999310e-02,5.582999999999999768e-02,4.694999999999999868e-02,-1.126599999999999963e-01,-7.920000000000000651e-02,-5.390999999999999959e-02,-4.916000000000000231e-02,-5.992000000000000104e-02,-2.305699999999999972e-01,-1.864899999999999891e-01,-1.545700000000000129e-01,-1.138500000000000068e-01,-8.505000000000000060e-02,-2.312000000000000166e-02,-5.256999999999999867e-02,-7.535000000000000031e-02,-5.458999999999999964e-02,-4.585999999999999799e-02,1.110700000000000021e-01,7.714999999999999636e-02,5.242999999999999744e-02,4.794999999999999957e-02,5.838999999999999746e-02,2.237800000000000067e-01,1.801800000000000068e-01,1.497999999999999887e-01,1.109399999999999969e-01,8.340000000000000191e-02,-8.340999999999999803e-02,-9.284000000000000585e-02,-1.395200000000000051e-01,-1.401999999999999948e-02,5.353999999999999732e-02,8.061000000000000110e-02,8.913999999999999702e-02,1.337599999999999900e-01,1.231999999999999935e-02,-5.240000000000000213e-02
cy*c/cref,3.748875289277448647e-02,7.999557800389375806e-02,1.059752879917716523e-01,7.042223478308781703e-02,5.401888706241044641e-02,-1.204981530323623179e-01,-8.065683429453036901e-02,-5.214306771847335154e-02,-4.503413914704477300e-02,-5.182662895345847148e-02,-1.852826404143554928e-01,-1.365142011350695683e-01,-1.020875714469382523e-01,-6.704783455166586636e-02,-4.400274492157366102e-02,-3.685118906806744699e-02,-7.796380303419900293e-02,-1.033955451272820791e-01,-6.885813714506114347e-02,-5.276477445542370609e-02,1.187975311317635702e-01,7.856912583109869341e-02,5.071157559784005703e-02,4.392569105168422916e-02,5.050328545715019463e-02,1.798262968813136020e-01,1.318951619953715459e-01,9.893716893803032597e-02,6.533409543400799102e-02,4.314907614884471582e-02,-7.069306193292436424e-02,-7.388270837159754967e-02,-1.038379252837673961e-01,-9.714552400543656832e-03,3.436350328766116236e-02,6.831995830731366071e-02,7.093822300995480945e-02,9.955103846012561264e-02,8.536610953972742846e-03,-3.363181868273151104e-02
cz,1.058440000000000047e+00,1.194609999999999950e+00,1.503430000000000044e+00,1.683920000000000083e+00,1.830940000000000012e+00,1.850079999999999947e+00,1.243889999999999940e+00,1.101520000000000055e+00,1.016359999999999930e+00,8.818099999999999827e-01,7.567399999999999682e-01,7.131600000000000161e-01,6.763299999999999867e-01,6.177500000000000213e-01,4.998500000000000165e-01,1.048589999999999911e+00,1.179789999999999894e+00,1.486809999999999965e+00,1.665769999999999973e+00,1.810580000000000078e+00,1.826799999999999979e+00,1.217559999999999976e+00,1.078359999999999985e+00,9.963600000000000234e-01,8.652199999999999891e-01,7.410799999999999610e-01,6.990800000000000347e-01,6.634900000000000242e-01,6.074300000000000255e-01,4.920800000000000174e-01,8.598999999999999699e-02,9.581000000000000627e-02,1.627000000000000113e-01,3.175999999999999657e-02,-5.244999999999999662e-02,8.308000000000000107e-02,9.186999999999999333e-02,1.593700000000000117e-01,3.377000000000000141e-02,-5.091999999999999998e-02
cz*c/cref,1.687057636557322882e+00,1.771663282151121788e+00,2.063012135510414069e+00,2.124044592440215595e+00,2.106610033611284294e+00,1.978796582301729723e+00,1.266770575891709161e+00,1.065417027513499759e+00,9.310597571906107373e-01,7.627042669801270547e-01,6.081050670389008816e-01,5.220465852404215790e-01,4.466900899055945007e-01,3.638014913859603516e-01,2.586099006354919960e-01,1.671357627373911470e+00,1.749684519340263256e+00,2.040206110825404817e+00,2.101150743948131616e+00,2.083184590787201529e+00,1.953896910700510192e+00,1.239956252066267473e+00,1.043016110274400221e+00,9.127383010689489318e-01,7.483550718142746305e-01,5.955209227491459201e-01,5.117397593946294565e-01,4.382097611394776271e-01,3.577239011130293744e-01,2.545898967784593347e-01,7.287970741652279039e-02,7.624625472945670279e-02,1.210896677441868907e-01,2.200671784887778260e-02,-3.366391011277227591e-02,7.041337471990595509e-02,7.311077572273444458e-02,1.186113112992689955e-01,2.339946038276457391e-02,-3.268191235352458507e-02
Results_Name,VSPAERO_Comp_Load
Results_Timestamp,1759254118
Results_Date,9,30,2025
Results_Time,13,41,58
AoA,9.000000000000000000e+00,9.000000000000000000e+00,9.000000000000000000e+00,9.000000000000000000e+00,9.000000000000000000e+00,9.000000000000000000e+00,9.000000000000000000e+00,9.000000000000000000e+00,9.000000000000000000e+00
Beta,0.000000000000000000e+00,0.000000000000000000e+00,0.000000000000000000e+00,0.000000000000000000e+00,0.000000000000000000e+00,0.000000000000000000e+00,0.000000000000000000e+00,0.000000000000000000e+00,0.000000000000000000e+00
CDi,0.000000000000000000e+00,2.769999999999999893e-02,2.674999999999999947e-02,1.399999999999999877e-04,1.499999999999999869e-04,0.000000000000000000e+00,0.000000000000000000e+00,0.000000000000000000e+00,0.000000000000000000e+00
CFx,0.000000000000000000e+00,-7.334000000000000241e-02,-7.274999999999999523e-02,-6.899999999999999667e-04,-6.599999999999999964e-04,0.000000000000000000e+00,0.000000000000000000e+00,0.000000000000000000e+00,0.000000000000000000e+00
CFy,0.000000000000000000e+00,-1.805000000000000007e-02,1.763999999999999943e-02,-4.559999999999999817e-03,4.349999999999999700e-03,0.000000000000000000e+00,0.000000000000000000e+00,0.000000000000000000e+00,0.000000000000000000e+00
CFz,0.000000000000000000e+00,6.401299999999999768e-01,6.302900000000000169e-01,5.270000000000000379e-03,5.159999999999999656e-03,0.000000000000000000e+00,0.000000000000000000e+00,0.000000000000000000e+00,0.000000000000000000e+00
CL,0.000000000000000000e+00,6.437199999999999589e-01,6.339099999999999735e-01,5.309999999999999616e-03,5.199999999999999761e-03,0.000000000000000000e+00,0.000000000000000000e+00,0.000000000000000000e+00,0.000000000000000000e+00
Cmx,0.000000000000000000e+00,1.268400000000000083e-01,-1.245799999999999963e-01,5.000000000000000240e-05,-5.000000000000000240e-05,-3.000000000000000076e-05,3.000000000000000076e-05,-0.000000000000000000e+00,0.000000000000000000e+00
Cmy,0.000000000000000000e+00,-1.991300000000000014e-01,-1.938900000000000068e-01,-1.864999999999999991e-02,-1.836000000000000132e-02,2.127000000000000071e-02,2.101000000000000090e-02,-0.000000000000000000e+00,2.000000000000000164e-05
Cmz,0.000000000000000000e+00,1.573000000000000093e-02,-1.555999999999999918e-02,-1.219999999999999947e-03,1.170000000000000033e-03,4.000000000000000327e-05,-3.000000000000000076e-05,2.000000000000000164e-05,6.999999999999999387e-05
Comp_ID,0,1,2,3,4,5,6,7,8
Comp_Name,NONE,main_wing,main_wing,horizontal_tail,horizontal_tail,fuselage,fuselage,fuselage,fuselage
Cs,0.000000000000000000e+00,-1.805000000000000007e-02,1.763999999999999943e-02,-4.559999999999999817e-03,4.349999999999999700e-03,0.000000000000000000e+00,0.000000000000000000e+00,0.000000000000000000e+00,0.000000000000000000e+00
Mach,1.499999999999999944e-01,1.499999999999999944e-01,1.499999999999999944e-01,1.499999999999999944e-01,1.499999999999999944e-01,1.499999999999999944e-01,1.499999999999999944e-01,1.499999999999999944e-01,1.499999999999999944e-01
Results_Name,VSPAERO_Load
Results_Timestamp,1759254118
Results_Date,9,30,2025
Results_Time,13,41,58
AnalysisMethod,0
Chord,1.735640000000000072e+00,1.614919999999999911e+00,1.494220000000000104e+00,1.373529999999999918e+00,1.252869999999999928e+00,1.164679999999999938e+00,1.108950000000000102e+00,1.053230000000000111e+00,9.975300000000000278e-01,9.418400000000000105e-01,8.750400000000000400e-01,7.971099999999999852e-01,7.191899999999999959e-01,6.412799999999999612e-01,5.633799999999999919e-01,1.735640000000000072e+00,1.614919999999999911e+00,1.494220000000000104e+00,1.373529999999999918e+00,1.252869999999999928e+00,1.164679999999999938e+00,1.108950000000000102e+00,1.053230000000000111e+00,9.975300000000000278e-01,9.418400000000000105e-01,8.750400000000000400e-01,7.971099999999999852e-01,7.191899999999999959e-01,6.412799999999999612e-01,5.633799999999999919e-01,9.229000000000000536e-01,8.665699999999999514e-01,8.104299999999999837e-01,7.545199999999999685e-01,6.988999999999999657e-01,9.229000000000000536e-01,8.665699999999999514e-01,8.104299999999999837e-01,7.545199999999999685e-01,6.988999999999999657e-01
FC_AoA_,1.000000000000000000e+01
FC_Beta_,0.000000000000000000e+00
FC_Bref_,1.417173599999999922e+01
FC_Cref_,1.088920000000000110e+00
FC_Mach_,1.499999999999999944e-01
FC_Pitch_Rate,0.000000000000000000e+00
FC_Rho_,2.377000000000000206e-03
FC_Roll__Rate,0.000000000000000000e+00
FC_Sref_,1.619368700000000061e+01
FC_Vinf_,5.100000000000000000e+01
FC_Xcg_,1.774861999999999940e+00
FC_Yaw___Rate,0.000000000000000000e+00
FC_Ycg_,0.000000000000000000e+00
FC_Zcg_,7.545150000000000468e-01
S,3.314000000000000279e-02,8.981999999999999706e-02,1.368900000000000117e-01,1.839600000000000124e-01,2.310300000000000131e-01,2.997400000000000064e-01,4.117600000000000149e-01,5.454599999999999449e-01,6.791599999999999859e-01,8.128699999999999815e-01,9.157600000000000184e-01,9.578299999999999592e-01,9.698799999999999644e-01,9.819299999999999695e-01,9.939799999999999747e-01,3.314000000000000279e-02,8.981999999999999706e-02,1.368900000000000117e-01,1.839600000000000124e-01,2.310300000000000131e-01,2.997400000000000064e-01,4.117600000000000149e-01,5.454599999999999449e-01,6.791599999999999859e-01,8.128699999999999815e-01,9.157600000000000184e-01,9.578299999999999592e-01,9.698799999999999644e-01,9.819299999999999695e-01,9.939799999999999747e-01,1.020299999999999957e-01,3.035599999999999965e-01,5.025399999999999867e-01,7.015200000000000324e-01,9.005100000000000326e-01,1.020299999999999957e-01,3.035599999999999965e-01,5.025399999999999867e-01,7.015200000000000324e-01,9.005100000000000326e-01
V/Vref,9.954499999999999460e-01,9.972400000000000153e-01,1.006520000000000081e+00,1.006440000000000001e+00,1.010429999999999939e+00,1.007870000000000044e+00,1.002150000000000096e+00,9.951900000000000190e-01,9.923699999999999743e-01,9.929799999999999738e-01,1.008389999999999898e+00,1.008780000000000010e+00,1.009509999999999907e+00,1.008930000000000105e+00,1.012229999999999963e+00,9.963999999999999524e-01,9.977300000000000058e-01,1.006529999999999925e+00,1.006450000000000067e+00,1.010229999999999961e+00,1.007570000000000077e+00,1.002019999999999911e+00,9.950499999999999901e-01,9.922199999999999909e-01,9.927899999999999503e-01,1.007840000000000069e+00,1.008229999999999960e+00,1.008979999999999988e+00,1.008429999999999938e+00,1.011819999999999942e+00,9.895599999999999952e-01,9.933600000000000207e-01,9.932699999999999863e-01,1.014890000000000070e+00,1.010569999999999968e+00,9.890200000000000102e-01,9.930600000000000538e-01,9.927599999999999758e-01,1.013800000000000034e+00,1.009870000000000045e+00
WingId,1,1,1,1,1,1,1,1,1,1,1,1,1,1,1,2,2,2,2,2,2,2,2,2,2,2,2,2,2,2,3,3,3,3,3,4,4,4,4,4
Xavg,2.391169999999999796e+00,2.380489999999999995e+00,2.369810000000000194e+00,2.359129999999999949e+00,2.348450000000000149e+00,2.336259999999999781e+00,2.322589999999999932e+00,2.308860000000000134e+00,2.295059999999999878e+00,2.281190000000000051e+00,2.284749999999999837e+00,2.305000000000000160e+00,2.325239999999999974e+00,2.345470000000000166e+00,2.365699999999999914e+00,2.391169999999999796e+00,2.380489999999999995e+00,2.369810000000000194e+00,2.359129999999999949e+00,2.348450000000000149e+00,2.336259999999999781e+00,2.322589999999999932e+00,2.308860000000000134e+00,2.295059999999999878e+00,2.281190000000000051e+00,2.284749999999999837e+00,2.305000000000000160e+00,2.325239999999999974e+00,2.345470000000000166e+00,2.365699999999999914e+00,5.722059999999999924e+00,5.820210000000000328e+00,5.918350000000000222e+00,6.016490000000000116e+00,6.114630000000000010e+00,5.722059999999999924e+00,5.820210000000000328e+00,5.918350000000000222e+00,6.016490000000000116e+00,6.114630000000000010e+00
Yavg,1.718899999999999872e-01,5.195499999999999563e-01,8.671900000000000164e-01,1.214790000000000036e+00,1.562359999999999971e+00,2.229140000000000121e+00,3.217070000000000096e+00,4.204979999999999940e+00,5.192870000000000097e+00,6.180740000000000123e+00,6.716649999999999565e+00,6.791660000000000252e+00,6.866660000000000430e+00,6.941650000000000098e+00,7.016610000000000014e+00,-1.718899999999999872e-01,-5.195499999999999563e-01,-8.671900000000000164e-01,-1.214790000000000036e+00,-1.562359999999999971e+00,-2.229140000000000121e+00,-3.217070000000000096e+00,-4.204979999999999940e+00,-5.192870000000000097e+00,-6.180740000000000123e+00,-6.716649999999999565e+00,-6.791660000000000252e+00,-6.866660000000000430e+00,-6.941650000000000098e+00,-7.016610000000000014e+00,1.078800000000000037e-01,3.257399999999999740e-01,5.435900000000000176e-01,7.614400000000000057e-01,9.792699999999999738e-01,-1.078800000000000037e-01,-3.257399999999999740e-01,-5.435900000000000176e-01,-7.614400000000000057e-01,-9.792699999999999738e-01
Zavg,1.027309999999999945e+00,1.024350000000000094e+00,1.021379999999999955e+00,1.018420000000000103e+00,1.015449999999999964e+00,1.037979999999999903e+00,1.086500000000000021e+00,1.135019999999999918e+00,1.183540000000000036e+00,1.232069999999999999e+00,1.270329999999999959e+00,1.298289999999999944e+00,1.326240000000000085e+00,1.354190000000000005e+00,1.382130000000000081e+00,1.027309999999999945e+00,1.024350000000000094e+00,1.021379999999999955e+00,1.018420000000000103e+00,1.015449999999999964e+00,1.037979999999999903e+00,1.086500000000000021e+00,1.135019999999999918e+00,1.183540000000000036e+00,1.232069999999999999e+00,1.270329999999999959e+00,1.298289999999999944e+00,1.326240000000000085e+00,1.354190000000000005e+00,1.382130000000000081e+00,3.777900000000000147e-01,5.956799999999999873e-01,8.135799999999999699e-01,1.031470000000000109e+00,1.249349999999999961e+00,3.777900000000000147e-01,5.956799999999999873e-01,8.135799999999999699e-01,1.031470000000000109e+00,1.249349999999999961e+00
cd,5.161000000000000310e-02,4.028000000000000330e-02,1.452199999999999880e-01,1.536500000000000088e-01,1.597600000000000131e-01,1.519999999999999962e-01,-1.004000000000000031e-02,5.250000000000000326e-03,1.923000000000000057e-02,3.099999999999999978e-02,3.826999999999999846e-02,1.380999999999999936e-02,-6.490000000000000109e-03,-1.125999999999999918e-02,-1.408000000000000050e-02,5.004000000000000115e-02,3.867999999999999911e-02,1.415500000000000091e-01,1.500799999999999912e-01,1.561899999999999955e-01,1.484000000000000041e-01,-1.094999999999999966e-02,4.420000000000000318e-03,1.828000000000000111e-02,2.988000000000000031e-02,3.694000000000000061e-02,1.298000000000000022e-02,-6.459999999999999597e-03,-1.115000000000000019e-02,-1.393999999999999927e-02,8.290000000000000493e-03,5.870000000000000218e-03,7.300000000000000065e-03,1.105000000000000079e-02,-4.329999999999999648e-03,8.189999999999999364e-03,5.850000000000000165e-03,7.470000000000000077e-03,1.064000000000000015e-02,-4.109999999999999938e-03
cd*c/cref,8.226167248282702238e-02,5.973715020387172087e-02,1.992714142453072546e-01,1.938093565183851563e-01,1.838137890754141524e-01,1.625751754031517227e-01,-1.022467949895309106e-02,5.077928130624839720e-03,1.761608006097784701e-02,2.681284208206295705e-02,3.075320574514197464e-02,1.010918074789699667e-02,-4.286396704992101632e-03,-6.631169231899495392e-03,-7.284640193953640687e-03,7.975923447085185580e-02,5.736427432685595879e-02,1.942354268449472954e-01,1.893062689637438345e-01,1.797062826470263719e-01,1.587247107225507603e-01,-1.115141837784226417e-02,4.275131873783198297e-03,1.674581089519891139e-02,2.584412004554971498e-02,2.968443742423685847e-02,9.501605076589647592e-03,-4.266582852734819055e-03,-6.566388715424456048e-03,-7.212207692025123830e-03,7.026081805825956303e-03,4.671386235903463892e-03,5.433033648018219253e-03,7.656619402710942643e-03,-2.779117841531057297e-03,6.941328104911287204e-03,4.655470098813502614e-03,5.559556349410424425e-03,7.372527642067369137e-03,-2.637915549351650332e-03
cl,1.137410000000000032e+00,1.280599999999999961e+00,1.578589999999999938e+00,1.764769999999999950e+00,1.917280000000000095e+00,1.932229999999999892e+00,1.352149999999999963e+00,1.210429999999999895e+00,1.118999999999999995e+00,9.703500000000000458e-01,8.329699999999999882e-01,7.888899999999999801e-01,7.530499999999999972e-01,6.909699999999999731e-01,5.625200000000000200e-01,1.127820000000000045e+00,1.267379999999999951e+00,1.564219999999999944e+00,1.748990000000000045e+00,1.899629999999999930e+00,1.912339999999999929e+00,1.330300000000000038e+00,1.190290000000000070e+00,1.100880000000000081e+00,9.548600000000000421e-01,8.193099999999999827e-01,7.767100000000000115e-01,7.429599999999999538e-01,6.820599999999999996e-01,5.555299999999999683e-01,1.102999999999999953e-01,1.260900000000000076e-01,1.745200000000000085e-01,7.000000000000000666e-02,-2.522999999999999896e-02,1.073000000000000065e-01,1.225300000000000000e-01,1.715000000000000135e-01,6.961000000000000520e-02,-2.361999999999999864e-02
cl*c/cref,1.812928674650112093e+00,1.899190530066487526e+00,2.166146961943944405e+00,2.226026281177680310e+00,2.205949558828931067e+00,2.066662047165998661e+00,1.377021950648348758e+00,1.170757437552804481e+00,1.025085470006979360e+00,8.392852036880578126e-01,6.693623671160415789e-01,5.774823751056090693e-01,4.973607147448848020e-01,4.069217588068911318e-01,2.910337927487785525e-01,1.797643081952760458e+00,1.879584643132644839e+00,2.146428395474415218e+00,2.206121877364727979e+00,2.185642139091943825e+00,2.045388229805678471e+00,1.354770033611284452e+00,1.151277538019321867e+00,1.008486230760753610e+00,8.258874319509238449e-01,6.583853932336626302e-01,5.685663851338940145e-01,4.906966557690187747e-01,4.016745369724129544e-01,2.874173414024904782e-01,9.348333210887851963e-02,1.003432862836571987e-01,1.298867167468684414e-01,4.850347132939059058e-02,-1.619333559857473112e-02,9.094072108143849698e-02,9.751021388164418657e-02,1.276390781691951748e-01,4.823323770341255562e-02,-1.515999155126179603e-02
cmx,1.091899999999999954e-01,4.005199999999999871e-01,9.055499999999999661e-01,1.553050000000000042e+00,2.383030000000000204e+00,3.718719999999999803e+00,3.892399999999999860e+00,4.788610000000000255e+00,5.782309999999999839e+00,6.339629999999999654e+00,6.493140000000000356e+00,6.773950000000000138e+00,7.197230000000000238e+00,7.451279999999999681e+00,6.965239999999999654e+00,-1.082800000000000012e-01,-3.964199999999999946e-01,-8.972599999999999465e-01,-1.538910000000000000e+00,-2.360710000000000086e+00,-3.679619999999999891e+00,-3.828860000000000152e+00,-4.708289999999999864e+00,-5.688019999999999854e+00,-6.237580000000000346e+00,-6.384739999999999860e+00,-6.667290000000000383e+00,-7.100050000000000416e+00,-7.354980000000000295e+00,-6.878619999999999735e+00,-3.219000000000000333e-02,2.309999999999999901e-02,1.302200000000000024e-01,8.938000000000000111e-02,-5.412000000000000144e-02,3.132999999999999674e-02,-2.246000000000000080e-02,-1.277899999999999869e-01,-8.852000000000000146e-02,5.083000000000000018e-02
cmx*c/cref,1.740389850494067359e-01,5.939901539139696984e-01,1.242599016456672700e+00,1.958969223175255792e+00,2.741823821860191135e+00,3.977444449179002195e+00,3.963998255151893080e+00,4.631660462017411994e+00,5.297016947342320314e+00,5.483338646732541122e+00,5.217791229475076342e+00,4.958659299581235302e+00,4.753495062722697284e+00,4.388161516364837311e+00,3.603641140946992394e+00,-1.725885273481982118e-01,-5.879096594791167751e-01,-1.231223448187194647e+00,-1.941133464625500071e+00,-2.716143277467581996e+00,-3.935624124453586337e+00,-3.899289476729236092e+00,-4.553972997740880935e+00,-5.210640442456745625e+00,-5.395072500459169973e+00,-5.130682593395290425e+00,-4.880582165723835963e+00,-4.689311390643940314e+00,-4.331449118759871375e+00,-3.558826117253791832e+00,-2.728221632443154909e-02,1.838313833890459909e-02,9.691638926642912044e-02,6.193200382029900863e-02,-3.473576387613414723e-02,2.655333449656540126e-02,-1.787382195202585899e-02,-9.510785888770523222e-02,-6.133610402968078107e-02,3.262414777945119027e-02
cmy,-1.721399999999999875e-01,-2.341199999999999948e-01,-3.683100000000000263e-01,-4.711600000000000232e-01,-5.736999999999999877e-01,-6.199200000000000266e-01,-3.887399999999999745e-01,-3.706599999999999895e-01,-3.580599999999999894e-01,-3.190100000000000158e-01,-3.120299999999999740e-01,-3.720800000000000218e-01,-4.535399999999999987e-01,-5.200599999999999667e-01,-5.426199999999999912e-01,-1.679299999999999959e-01,-2.279899999999999982e-01,-3.618899999999999895e-01,-4.640500000000000180e-01,-5.655099999999999572e-01,-6.103800000000000336e-01,-3.775100000000000122e-01,-3.602099999999999747e-01,-3.483800000000000230e-01,-3.102099999999999858e-01,-3.036099999999999910e-01,-3.636599999999999833e-01,-4.455100000000000171e-01,-5.117399999999999727e-01,-5.346899999999999986e-01,-4.428099999999999814e-01,-5.464099999999999513e-01,-8.380199999999999871e-01,-3.936100000000000154e-01,1.422400000000000053e-01,-4.309499999999999997e-01,-5.315900000000000070e-01,-8.245400000000000507e-01,-3.933300000000000129e-01,1.319400000000000017e-01
cmy*c/cref,-2.743755919626785778e-01,-3.472110627043308306e-01,-5.053963268192337432e-01,-5.943066476876169846e-01,-6.600774336039376688e-01,-6.630500179994855969e-01,-3.958906283289864714e-01,-3.585113982661719545e-01,-3.280090289461116693e-01,-2.759214436322227626e-01,-2.507426911067846542e-01,-2.723695852771553239e-01,-2.995458184255959666e-01,-3.062705036182639118e-01,-2.807380299746537466e-01,-2.676652327076369242e-01,-3.381199820005141854e-01,-4.965867793777320460e-01,-5.853383136502221529e-01,-6.506543306211657329e-01,-6.528462865958930550e-01,-3.844540595268706729e-01,-3.484039032252139734e-01,-3.191414441832273741e-01,-2.683100562024758329e-01,-2.439765036917312391e-01,-2.662059862983506275e-01,-2.942423106380633868e-01,-3.013707409176063501e-01,-2.766352461154170661e-01,-3.752978630202402077e-01,-4.348368233662711080e-01,-6.236973777687984111e-01,-2.727350192851632493e-01,9.129370017999484388e-02,-3.652460740917606308e-01,-4.230429657826102474e-01,-6.136648717995811797e-01,-2.725410053998457149e-01,8.468286559159532434e-02
cmz,1.443999999999999971e-02,7.617999999999999772e-02,1.068700000000000067e-01,1.491899999999999893e-01,2.207300000000000095e-01,3.156800000000000161e-01,6.870000000000000551e-01,8.035499999999999865e-01,8.993299999999999628e-01,8.828500000000000236e-01,7.105299999999999949e-01,9.447999999999999732e-01,1.205950000000000077e+00,1.330850000000000088e+00,1.306480000000000086e+00,-1.421000000000000041e-02,-7.514999999999999458e-02,-1.064900000000000013e-01,-1.493899999999999950e-01,-2.209800000000000098e-01,-3.168500000000000205e-01,-6.798300000000000454e-01,-7.935799999999999521e-01,-8.884600000000000275e-01,-8.733499999999999597e-01,-7.067499999999999893e-01,-9.381699999999999484e-01,-1.191959999999999908e+00,-1.315010000000000012e+00,-1.291239999999999943e+00,-4.315399999999999792e-01,-5.219399999999999595e-01,-7.266200000000000436e-01,-3.385600000000000276e-01,1.406100000000000128e-01,4.201099999999999834e-01,5.082900000000000196e-01,7.112600000000000033e-01,3.304400000000000115e-01,-1.322200000000000042e-01
cmz*c/cref,2.301605407192447439e-02,1.129785526944127871e-01,1.466474042170223813e-01,1.881836504977408286e-01,2.539635557249384501e-01,3.376429695478088133e-01,6.996369338427065321e-01,7.772131713073503478e-01,8.238517566947065607e-01,7.636037945854607933e-01,5.709713947764757380e-01,6.916114388568488369e-01,7.964838376556587773e-01,7.837559122800572542e-01,6.759401079969142856e-01,-2.264945487271792166e-02,-1.114510138485838853e-01,-1.461259668295191716e-01,-1.884359243103257697e-01,-2.542511962311280183e-01,-3.388943705690041219e-01,-6.923350461925578125e-01,-7.675699439811922709e-01,-8.138940452925833569e-01,-7.553869558828930630e-01,-5.679338427065349082e-01,-6.867581536752009885e-01,-7.872439778863459248e-01,-7.744275179076515192e-01,-6.680553127869813812e-01,-3.657461209271571367e-01,-4.153634296367041956e-01,-5.407877957976711114e-01,-2.345905036182639736e-01,9.024751956066559555e-02,3.560587729126106216e-01,4.045006660728060477e-01,5.293560976012929853e-01,2.289641009440546437e-01,-8.486257759982365756e-02
cs,2.656999999999999987e-02,5.711999999999999716e-02,8.074000000000000621e-02,5.997999999999999859e-02,5.208999999999999742e-02,-1.078999999999999959e-01,-7.438999999999999779e-02,-5.793000000000000232e-02,-5.322999999999999954e-02,-6.671000000000000540e-02,-2.460600000000000009e-01,-1.950800000000000034e-01,-1.589099999999999957e-01,-1.131400000000000045e-01,-8.408000000000000196e-02,-2.611000000000000126e-02,-5.584000000000000075e-02,-7.910999999999999976e-02,-5.895999999999999852e-02,-5.120999999999999858e-02,1.063599999999999962e-01,7.258000000000000562e-02,5.668000000000000121e-02,5.213999999999999885e-02,6.524000000000000632e-02,2.404000000000000026e-01,1.903100000000000069e-01,1.560100000000000098e-01,1.114200000000000051e-01,8.297999999999999821e-02,-1.064599999999999991e-01,-1.201300000000000007e-01,-1.538200000000000123e-01,-6.087999999999999662e-02,2.544000000000000081e-02,1.036299999999999999e-01,1.168799999999999978e-01,1.504099999999999882e-01,5.906000000000000139e-02,-2.410999999999999949e-02
cs*c/cref,4.235017705616574146e-02,8.471166880946257027e-02,1.107917228079197819e-01,7.565691639422544856e-02,5.993277586966901105e-02,-1.154069830657899337e-01,-7.575835736325900460e-02,-5.603130982992322873e-02,-4.876255546780295519e-02,-5.769950629982000673e-02,-1.977301752194835227e-01,-1.428022433236601219e-01,-1.049539754068250924e-01,-6.662970576350878138e-02,-4.350089115821179769e-02,-4.161697865775263599e-02,-8.281336810784996338e-02,-1.085550308562612531e-01,-7.437031995004222962e-02,-5.892028128788155683e-02,1.137598398413106338e-01,7.391506354920471256e-02,5.482227932263159659e-02,4.776403610917238224e-02,5.642805862689637131e-02,1.931818829666090975e-01,1.393105132608455921e-01,1.030386363552878021e-01,6.561677405135363239e-02,4.293177864305916525e-02,-9.022878999375527620e-02,-9.560027743084890950e-02,-1.144807172244058369e-01,-4.218416192190426600e-02,1.632811960474598451e-02,8.783026025787017688e-02,9.301390515373028633e-02,1.119428206847151164e-01,4.092307166734011209e-02,-1.547448756566138610e-02
cx,-1.466899999999999871e-01,-1.827100000000000113e-01,-1.311100000000000043e-01,-1.551299999999999901e-01,-1.756000000000000061e-01,-1.858400000000000052e-01,-2.446800000000000086e-01,-2.050200000000000078e-01,-1.753800000000000081e-01,-1.379700000000000093e-01,-1.069599999999999995e-01,-1.233899999999999997e-01,-1.371600000000000041e-01,-1.310800000000000021e-01,-1.115499999999999964e-01,-1.465700000000000058e-01,-1.819800000000000029e-01,-1.322299999999999864e-01,-1.559000000000000108e-01,-1.760500000000000120e-01,-1.859300000000000119e-01,-2.417900000000000049e-01,-2.023399999999999921e-01,-1.731699999999999906e-01,-1.363800000000000012e-01,-1.058899999999999980e-01,-1.220900000000000041e-01,-1.353800000000000003e-01,-1.294200000000000073e-01,-1.101899999999999963e-01,-1.098999999999999977e-02,-1.611999999999999891e-02,-2.310999999999999860e-02,-1.270000000000000078e-03,1.100000000000000039e-04,-1.056999999999999953e-02,-1.552000000000000081e-02,-2.242999999999999855e-02,-1.610000000000000103e-03,6.000000000000000152e-05
cx*c/cref,-2.338105936156925913e-01,-2.709675946809682601e-01,-1.799096207251221491e-01,-1.956761827315137425e-01,-2.020386915475883838e-01,-1.987695434008007744e-01,-2.491807350402233390e-01,-1.983003476839437229e-01,-1.606608487308525679e-01,-1.193344458729750507e-01,-8.595147338647467217e-02,-9.032380973808909475e-02,-9.058893252029533161e-02,-7.719481908680159155e-02,-5.771318278661424772e-02,-2.336193244682804870e-01,-2.698849700620797876e-01,-1.814464888146052890e-01,-1.966474369099658059e-01,-2.025564444587297230e-01,-1.988658050178157832e-01,-2.462375753039708903e-01,-1.957081862763104529e-01,-1.586363278294089241e-01,-1.179592065532821393e-01,-8.509163721852844309e-02,-8.937218519266795780e-02,-8.941331061969656768e-02,-7.621722220181463558e-02,-5.700955276788009091e-02,-9.314431730521984670e-03,-1.282840649450831851e-02,-1.719964487749329335e-02,-8.799915512618006370e-04,7.060114608970355029e-05,-8.958466186680379487e-03,-1.235092238180949924e-02,-1.669355407192447266e-02,-1.115579840575983608e-03,3.850971604892920925e-05
cy,2.656999999999999987e-02,5.711999999999999716e-02,8.074000000000000621e-02,5.997999999999999859e-02,5.208999999999999742e-02,-1.078999999999999959e-01,-7.438999999999999779e-02,-5.793000000000000232e-02,-5.322999999999999954e-02,-6.671000000000000540e-02,-2.460600000000000009e-01,-1.950800000000000034e-01,-1.589099999999999957e-01,-1.131400000000000045e-01,-8.408000000000000196e-02,-2.611000000000000126e-02,-5.584000000000000075e-02,-7.910999999999999976e-02,-5.895999999999999852e-02,-5.120999999999999858e-02,1.063599999999999962e-01,7.258000000000000562e-02,5.668000000000000121e-02,5.213999999999999885e-02,6.524000000000000632e-02,2.404000000000000026e-01,1.903100000000000069e-01,1.560100000000000098e-01,1.114200000000000051e-01,8.297999999999999821e-02,-1.064599999999999991e-01,-1.201300000000000007e-01,-1.538200000000000123e-01,-6.087999999999999662e-02,2.544000000000000081e-02,1.036299999999999999e-01,1.168799999999999978e-01,1.504099999999999882e-01,5.906000000000000139e-02,-2.410999999999999949e-02
cy*c/cref,4.235017705616574146e-02,8.471166880946257027e-02,1.107917228079197819e-01,7.565691639422544856e-02,5.993277586966901105e-02,-1.154069830657899337e-01,-7.575835736325900460e-02,-5.603130982992322873e-02,-4.876255546780295519e-02,-5.769950629982000673e-02,-1.977301752194835227e-01,-1.428022433236601219e-01,-1.049539754068250924e-01,-6.662970576350878138e-02,-4.350089115821179769e-02,-4.161697865775263599e-02,-8.281336810784996338e-02,-1.085550308562612531e-01,-7.437031995004222962e-02,-5.892028128788155683e-02,1.137598398413106338e-01,7.391506354920471256e-02,5.482227932263159659e-02,4.776403610917238224e-02,5.642805862689637131e-02,1.931818829666090975e-01,1.393105132608455921e-01,1.030386363552878021e-01,6.561677405135363239e-02,4.293177864305916525e-02,-9.022878999375527620e-02,-9.560027743084890950e-02,-1.144807172244058369e-01,-4.218416192190426600e-02,1.632811960474598451e-02,8.783026025787017688e-02,9.301390515373028633e-02,1.119428206847151164e-01,4.092307166734011209e-02,-1.547448756566138610e-02
cz,1.129089999999999927e+00,1.268140000000000045e+00,1.579820000000000002e+00,1.764639999999999986e+00,1.915899999999999936e+00,1.929270000000000040e+00,1.329870000000000108e+00,1.192949999999999955e+00,1.105339999999999989e+00,9.609900000000000109e-01,8.269699999999999829e-01,7.792999999999999927e-01,7.404899999999999816e-01,6.785099999999999465e-01,5.515200000000000102e-01,1.119369999999999976e+00,1.254850000000000021e+00,1.565039999999999987e+00,1.748480000000000034e+00,1.897890000000000077e+00,1.909059999999999979e+00,1.308189999999999964e+00,1.172970000000000068e+00,1.087329999999999908e+00,9.455500000000000016e-01,8.132800000000000029e-01,7.671700000000000186e-01,7.305500000000000327e-01,6.697699999999999765e-01,5.446699999999999875e-01,1.100600000000000050e-01,1.252000000000000057e-01,1.731399999999999884e-01,7.086000000000000631e-02,-2.560000000000000123e-02,1.070900000000000046e-01,1.216900000000000065e-01,1.701900000000000079e-01,7.040000000000000424e-02,-2.398000000000000131e-02
cz*c/cref,1.799667347096205239e+00,1.880711759174227504e+00,2.167834772435073276e+00,2.225862303199499959e+00,2.204361783234764172e+00,2.063496109539727286e+00,1.354332124031150109e+00,1.153850354938838363e+00,1.012571915475884321e+00,8.311894552400542757e-01,6.645408558939132071e-01,5.704623140359253997e-01,4.890653152665025427e-01,3.995838930316275572e-01,2.853426675972522419e-01,1.784174546155824048e+00,1.861002058920765201e+00,2.147553602468501133e+00,2.205478579142636342e+00,2.183640161168864058e+00,2.041880028652242274e+00,1.332253334037394765e+00,1.134525211310289050e+00,9.960734442383276654e-01,8.178349300224074803e-01,6.535397744554236610e-01,5.615829250082650104e-01,4.825003255519229595e-01,3.944367865407926166e-01,2.817986487528927331e-01,9.327992322668332559e-02,9.963501818315394221e-02,1.288596501120375937e-01,4.909937112000881815e-02,-1.643081218087646261e-02,9.076273830951768484e-02,9.684173612386584584e-02,1.266641091172905076e-01,4.878063402270139265e-02,-1.539104984755537350e-02
Results_Name,VSPAERO_Comp_Load
Results_Timestamp,1759254118
Results_Date,9,30,2025
Results_Time,13,41,58
AoA,1.000000000000000000e+01,1.000000000000000000e+01,1.000000000000000000e+01,1.000000000000000000e+01,1.000000000000000000e+01,1.000000000000000000e+01,1.000000000000000000e+01,1.000000000000000000e+01,1.000000000000000000e+01
Beta,0.000000000000000000e+00,0.000000000000000000e+00,0.000000000000000000e+00,0.000000000000000000e+00,0.000000000000000000e+00,0.000000000000000000e+00,0.000000000000000000e+00,0.000000000000000000e+00,0.000000000000000000e+00
CDi,0.000000000000000000e+00,3.040999999999999953e-02,2.946999999999999967e-02,4.499999999999999877e-04,4.499999999999999877e-04,0.000000000000000000e+00,0.000000000000000000e+00,0.000000000000000000e+00,0.000000000000000000e+00
CFx,0.000000000000000000e+00,-8.919000000000000539e-02,-8.860999999999999432e-02,-8.199999999999999824e-04,-8.000000000000000383e-04,0.000000000000000000e+00,0.000000000000000000e+00,0.000000000000000000e+00,0.000000000000000000e+00
CFy,0.000000000000000000e+00,-1.779000000000000026e-02,1.743000000000000105e-02,-6.660000000000000121e-03,6.490000000000000109e-03,0.000000000000000000e+00,0.000000000000000000e+00,0.000000000000000000e+00,0.000000000000000000e+00
CFz,0.000000000000000000e+00,6.809199999999999697e-01,6.722799999999999887e-01,7.239999999999999908e-03,7.100000000000000408e-03,0.000000000000000000e+00,0.000000000000000000e+00,0.000000000000000000e+00,0.000000000000000000e+00
CL,0.000000000000000000e+00,6.860600000000000032e-01,6.774599999999999511e-01,7.270000000000000420e-03,7.130000000000000053e-03,0.000000000000000000e+00,0.000000000000000000e+00,0.000000000000000000e+00,0.000000000000000000e+00
Cmx,0.000000000000000000e+00,1.360599999999999865e-01,-1.340800000000000047e-01,1.299999999999999886e-04,-1.299999999999999886e-04,-2.000000000000000164e-05,2.000000000000000164e-05,-0.000000000000000000e+00,0.000000000000000000e+00
Cmy,0.000000000000000000e+00,-2.119399999999999895e-01,-2.073399999999999965e-01,-2.570000000000000062e-02,-2.527000000000000079e-02,2.397000000000000172e-02,2.372000000000000150e-02,-0.000000000000000000e+00,2.000000000000000164e-05
Cmz,0.000000000000000000e+00,1.921000000000000138e-02,-1.902999999999999831e-02,-1.799999999999999951e-03,1.760000000000000063e-03,5.000000000000000240e-05,-4.000000000000000327e-05,1.000000000000000082e-05,6.000000000000000152e-05
Comp_ID,0,1,2,3,4,5,6,7,8
Comp_Name,NONE,main_wing,main_wing,horizontal_tail,horizontal_tail,fuselage,fuselage,fuselage,fuselage
Cs,0.000000000000000000e+00,-1.779000000000000026e-02,1.743000000000000105e-02,-6.660000000000000121e-03,6.490000000000000109e-03,0.000000000000000000e+00,0.000000000000000000e+00,0.000000000000000000e+00,0.000000000000000000e+00
Mach,1.499999999999999944e-01,1.499999999999999944e-01,1.499999999999999944e-01,1.499999999999999944e-01,1.499999999999999944e-01,1.499999999999999944e-01,1.499999999999999944e-01,1.499999999999999944e-01,1.499999999999999944e-01
Results_Name,VSPAERO_Load
Results_Timestamp,1759254118
Results_Date,9,30,2025
Results_Time,13,41,58
AnalysisMethod,0
Chord,1.735640000000000072e+00,1.614919999999999911e+00,1.494220000000000104e+00,1.373529999999999918e+00,1.252869999999999928e+00,1.164679999999999938e+00,1.108950000000000102e+00,1.053230000000000111e+00,9.975300000000000278e-01,9.418400000000000105e-01,8.750400000000000400e-01,7.971099999999999852e-01,7.191899999999999959e-01,6.412799999999999612e-01,5.633799999999999919e-01,1.735640000000000072e+00,1.614919999999999911e+00,1.494220000000000104e+00,1.373529999999999918e+00,1.252869999999999928e+00,1.164679999999999938e+00,1.108950000000000102e+00,1.053230000000000111e+00,9.975300000000000278e-01,9.418400000000000105e-01,8.750400000000000400e-01,7.971099999999999852e-01,7.191899999999999959e-01,6.412799999999999612e-01,5.633799999999999919e-01,9.229000000000000536e-01,8.665699999999999514e-01,8.104299999999999837e-01,7.545199999999999685e-01,6.988999999999999657e-01,9.229000000000000536e-01,8.665699999999999514e-01,8.104299999999999837e-01,7.545199999999999685e-01,6.988999999999999657e-01
FC_AoA_,1.100000000000000000e+01
FC_Beta_,0.000000000000000000e+00
FC_Bref_,1.417173599999999922e+01
FC_Cref_,1.088920000000000110e+00
FC_Mach_,1.499999999999999944e-01
FC_Pitch_Rate,0.000000000000000000e+00
FC_Rho_,2.377000000000000206e-03
FC_Roll__Rate,0.000000000000000000e+00
FC_Sref_,1.619368700000000061e+01
FC_Vinf_,5.100000000000000000e+01
FC_Xcg_,1.774861999999999940e+00
FC_Yaw___Rate,0.000000000000000000e+00
FC_Ycg_,0.000000000000000000e+00
FC_Zcg_,7.545150000000000468e-01
S,3.314000000000000279e-02,8.981999999999999706e-02,1.368900000000000117e-01,1.839600000000000124e-01,2.310300000000000131e-01,2.997400000000000064e-01,4.117600000000000149e-01,5.454599999999999449e-01,6.791599999999999859e-01,8.128699999999999815e-01,9.157600000000000184e-01,9.578299999999999592e-01,9.698799999999999644e-01,9.819299999999999695e-01,9.939799999999999747e-01,3.314000000000000279e-02,8.981999999999999706e-02,1.368900000000000117e-01,1.839600000000000124e-01,2.310300000000000131e-01,2.997400000000000064e-01,4.117600000000000149e-01,5.454599999999999449e-01,6.791599999999999859e-01,8.128699999999999815e-01,9.157600000000000184e-01,9.578299999999999592e-01,9.698799999999999644e-01,9.819299999999999695e-01,9.939799999999999747e-01,1.020299999999999957e-01,3.035599999999999965e-01,5.025399999999999867e-01,7.015200000000000324e-01,9.005100000000000326e-01,1.020299999999999957e-01,3.035599999999999965e-01,5.025399999999999867e-01,7.015200000000000324e-01,9.005100000000000326e-01
V/Vref,9.934699999999999642e-01,9.955300000000000260e-01,1.005870000000000042e+00,1.006099999999999994e+00,1.010420000000000096e+00,1.010450000000000070e+00,9.963800000000000434e-01,9.924300000000000344e-01,9.900999999999999801e-01,9.908500000000000085e-01,1.008049999999999891e+00,1.008610000000000007e+00,1.009560000000000013e+00,1.008769999999999945e+00,1.012299999999999978e+00,9.944300000000000361e-01,9.960299999999999709e-01,1.005919999999999925e+00,1.006140000000000034e+00,1.010280000000000067e+00,1.010250000000000092e+00,9.962299999999999489e-01,9.923100000000000254e-01,9.899499999999999966e-01,9.907099999999999795e-01,1.007589999999999986e+00,1.008129999999999971e+00,1.009109999999999951e+00,1.008369999999999989e+00,1.011919999999999931e+00,9.903499999999999526e-01,9.930900000000000283e-01,9.927599999999999758e-01,1.013200000000000101e+00,1.010599999999999943e+00,9.896599999999999842e-01,9.933100000000000263e-01,9.922900000000000054e-01,1.012590000000000101e+00,1.010229999999999961e+00
WingId,1,1,1,1,1,1,1,1,1,1,1,1,1,1,1,2,2,2,2,2,2,2,2,2,2,2,2,2,2,2,3,3,3,3,3,4,4,4,4,4
Xavg,2.391169999999999796e+00,2.380489999999999995e+00,2.369810000000000194e+00,2.359129999999999949e+00,2.348450000000000149e+00,2.336259999999999781e+00,2.322589999999999932e+00,2.308860000000000134e+00,2.295059999999999878e+00,2.281190000000000051e+00,2.284749999999999837e+00,2.305000000000000160e+00,2.325239999999999974e+00,2.345470000000000166e+00,2.365699999999999914e+00,2.391169999999999796e+00,2.380489999999999995e+00,2.369810000000000194e+00,2.359129999999999949e+00,2.348450000000000149e+00,2.336259999999999781e+00,2.322589999999999932e+00,2.308860000000000134e+00,2.295059999999999878e+00,2.281190000000000051e+00,2.284749999999999837e+00,2.305000000000000160e+00,2.325239999999999974e+00,2.345470000000000166e+00,2.365699999999999914e+00,5.722059999999999924e+00,5.820210000000000328e+00,5.918350000000000222e+00,6.016490000000000116e+00,6.114630000000000010e+00,5.722059999999999924e+00,5.820210000000000328e+00,5.918350000000000222e+00,6.016490000000000116e+00,6.114630000000000010e+00
Yavg,1.718899999999999872e-01,5.195499999999999563e-01,8.671900000000000164e-01,1.214790000000000036e+00,1.562359999999999971e+00,2.229140000000000121e+00,3.217070000000000096e+00,4.204979999999999940e+00,5.192870000000000097e+00,6.180740000000000123e+00,6.716649999999999565e+00,6.791660000000000252e+00,6.866660000000000430e+00,6.941650000000000098e+00,7.016610000000000014e+00,-1.718899999999999872e-01,-5.195499999999999563e-01,-8.671900000000000164e-01,-1.214790000000000036e+00,-1.562359999999999971e+00,-2.229140000000000121e+00,-3.217070000000000096e+00,-4.204979999999999940e+00,-5.192870000000000097e+00,-6.180740000000000123e+00,-6.716649999999999565e+00,-6.791660000000000252e+00,-6.866660000000000430e+00,-6.941650000000000098e+00,-7.016610000000000014e+00,1.078800000000000037e-01,3.257399999999999740e-01,5.435900000000000176e-01,7.614400000000000057e-01,9.792699999999999738e-01,-1.078800000000000037e-01,-3.257399999999999740e-01,-5.435900000000000176e-01,-7.614400000000000057e-01,-9.792699999999999738e-01
Zavg,1.027309999999999945e+00,1.024350000000000094e+00,1.021379999999999955e+00,1.018420000000000103e+00,1.015449999999999964e+00,1.037979999999999903e+00,1.086500000000000021e+00,1.135019999999999918e+00,1.183540000000000036e+00,1.232069999999999999e+00,1.270329999999999959e+00,1.298289999999999944e+00,1.326240000000000085e+00,1.354190000000000005e+00,1.382130000000000081e+00,1.027309999999999945e+00,1.024350000000000094e+00,1.021379999999999955e+00,1.018420000000000103e+00,1.015449999999999964e+00,1.037979999999999903e+00,1.086500000000000021e+00,1.135019999999999918e+00,1.183540000000000036e+00,1.232069999999999999e+00,1.270329999999999959e+00,1.298289999999999944e+00,1.326240000000000085e+00,1.354190000000000005e+00,1.382130000000000081e+00,3.777900000000000147e-01,5.956799999999999873e-01,8.135799999999999699e-01,1.031470000000000109e+00,1.249349999999999961e+00,3.777900000000000147e-01,5.956799999999999873e-01,8.135799999999999699e-01,1.031470000000000109e+00,1.249349999999999961e+00
cd,6.454000000000000015e-02,4.981000000000000011e-02,1.573599999999999999e-01,1.642000000000000126e-01,1.692599999999999938e-01,1.688000000000000056e-01,-1.469999999999999953e-03,7.810000000000000102e-03,2.336999999999999841e-02,3.695999999999999980e-02,4.596000000000000085e-02,1.723999999999999838e-02,-6.329999999999999689e-03,-1.148000000000000062e-02,-1.440999999999999920e-02,6.271000000000000185e-02,4.848999999999999838e-02,1.545199999999999907e-01,1.611100000000000032e-01,1.660800000000000054e-01,1.655200000000000005e-01,-2.510000000000000078e-03,6.960000000000000041e-03,2.245000000000000120e-02,3.595000000000000279e-02,4.521000000000000019e-02,1.695999999999999938e-02,-5.870000000000000218e-03,-1.116999999999999937e-02,-1.417999999999999990e-02,1.200999999999999984e-02,9.629999999999999671e-03,1.041000000000000085e-02,1.737000000000000002e-02,-4.299999999999999894e-04,1.167999999999999941e-02,9.259999999999999135e-03,1.024000000000000084e-02,1.742000000000000146e-02,1.000000000000000082e-05
cd*c/cref,1.028709231164823823e-01,7.387059214634682236e-02,2.159299665723836414e-01,2.071168001322410968e-01,1.947441283106196575e-01,1.805440105792895378e-01,-1.497039727436358901e-03,7.554022609558094618e-03,2.140862147816184266e-02,3.196782720493699520e-02,3.693277596150314201e-02,1.262000551004664912e-02,-4.180722826286595133e-03,-6.760730264849574948e-03,-7.455373948499428687e-03,9.995406861844763347e-02,7.191296954780881934e-02,2.120329082026227718e-01,2.032191697278036557e-01,1.910853410718877099e-01,1.770358094258531190e-01,-2.556169874738272764e-03,6.731881864599787053e-03,2.056583449656540150e-02,3.109424751129559461e-02,3.633008705873709554e-02,1.241504022334055483e-02,-3.876910425008264598e-03,-6.578166991147190237e-03,-7.336377695331151860e-03,1.017891947985159577e-02,7.663620008816074067e-03,7.747654832310913418e-03,1.203578995702163541e-02,-2.759862983506593194e-04,9.899232266833191823e-03,7.369171472651800392e-03,7.621132130918708246e-03,1.207043529368548654e-02,6.418286008154868208e-06
cl,1.211729999999999974e+00,1.360239999999999894e+00,1.661149999999999904e+00,1.854049999999999976e+00,2.013809999999999878e+00,2.061539999999999928e+00,1.483319999999999972e+00,1.308750000000000080e+00,1.212050000000000072e+00,1.052559999999999940e+00,9.056400000000000006e-01,8.583699999999999664e-01,8.218400000000000150e-01,7.567599999999999882e-01,6.190400000000000347e-01,1.203419999999999934e+00,1.349560000000000093e+00,1.649229999999999974e+00,1.840430000000000010e+00,1.998480000000000034e+00,2.044059999999999988e+00,1.463410000000000100e+00,1.290610000000000035e+00,1.196159999999999890e+00,1.039549999999999974e+00,8.957500000000000462e-01,8.494699999999999473e-01,8.153599999999999737e-01,7.504300000000000415e-01,6.139200000000000212e-01,1.373099999999999876e-01,1.566800000000000137e-01,1.897099999999999898e-01,1.010599999999999971e-01,9.499999999999999981e-04,1.328799999999999981e-01,1.531500000000000083e-01,1.860199999999999909e-01,1.004499999999999976e-01,3.279999999999999930e-03
cl*c/cref,1.931388033280681649e+00,2.017300426844946593e+00,2.279436095397274098e+00,2.338641311115600363e+00,2.317013311078866433e+00,2.204968599346140756e+00,1.510604740476802599e+00,1.265854941134334943e+00,1.110326044613010987e+00,9.103911310289092285e-01,7.277589038680527533e-01,6.283430469639641469e-01,5.427938779708334494e-01,4.456663967968261253e-01,3.202758285273481498e-01,1.918142644822392606e+00,2.001461480365867018e+00,2.263079427873489369e+00,2.321461464478565606e+00,2.299375195239319325e+00,2.186272454174778446e+00,1.490328508522205553e+00,1.248309490412518930e+00,1.095769647724350593e+00,8.991383866583402273e-01,7.198114462035778427e-01,6.218280789222346838e-01,5.385140858832604405e-01,4.419385725305807200e-01,3.176268684568195333e-01,1.163753067259302582e-01,1.246870179627520836e-01,1.411918922418542999e-01,7.002515446497446783e-02,6.097371707747124663e-04,1.126207177754104949e-01,1.218778197663740182e-01,1.384456053704587741e-01,6.960248135767549416e-02,2.105197810674796447e-03
cmx,1.160000000000000059e-01,4.246800000000000019e-01,9.519300000000000539e-01,1.628959999999999964e+00,2.498219999999999885e+00,3.979190000000000005e+00,4.253400000000000070e+00,5.162359999999999616e+00,6.247519999999999740e+00,6.862989999999999924e+00,7.045250000000000234e+00,7.346470000000000056e+00,7.821010000000000240e+00,8.122510000000000119e+00,7.628400000000000070e+00,-1.151999999999999968e-01,-4.213600000000000123e-01,-9.450699999999999656e-01,-1.616770000000000040e+00,-2.478839999999999932e+00,-3.944749999999999979e+00,-4.195520000000000138e+00,-5.090150000000000396e+00,-6.164920000000000400e+00,-6.777260000000000062e+00,-6.967480000000000118e+00,-7.269820000000000171e+00,-7.760209999999999830e+00,-8.055009999999999337e+00,-7.565529999999999866e+00,-3.971999999999999836e-02,2.920000000000000026e-02,1.396300000000000041e-01,1.357200000000000073e-01,1.820000000000000003e-03,3.849999999999999950e-02,-2.866000000000000145e-02,-1.367200000000000082e-01,-1.354400000000000048e-01,-7.040000000000000251e-03
cmx*c/cref,1.848935091650442675e-01,6.298205796569076309e-01,1.306241821805091297e+00,2.054719748741872021e+00,2.874357061492119669e+00,4.256036264555706161e+00,4.331638623590346349e+00,4.993160583697608068e+00,5.723183177460234639e+00,5.936008615508943542e+00,5.661458656283289592e+00,5.377754749384710209e+00,5.165477888090951986e+00,4.783458117033390522e+00,3.946743555082099064e+00,-1.836183815156301469e-01,-6.248968622120999461e-01,-1.296828504757006950e+00,-2.039343659864819802e+00,-2.852059169452300758e+00,-4.219200152444622987e+00,-4.272693957315505386e+00,-4.923317309352386317e+00,-5.647515563677772299e+00,-5.861858133196193421e+00,-5.598963834992469302e+00,-5.321645502148917295e+00,-5.125321814182859370e+00,-4.743706436469160792e+00,-3.914216187966057081e+00,-3.366417000330602233e-02,2.323756015134261291e-02,1.039197929140800031e-01,9.404130184035558448e-02,1.168128053484185878e-03,3.263017485214707997e-02,-2.280782444991367661e-02,-1.017540219667193158e-01,-9.384728795503800847e-02,-4.518473349741027219e-03
cmy,-1.818500000000000116e-01,-2.464300000000000102e-01,-3.827200000000000046e-01,-4.903600000000000181e-01,-5.985000000000000320e-01,-6.767699999999999827e-01,-4.498500000000000276e-01,-4.056000000000000161e-01,-3.939300000000000024e-01,-3.529800000000000160e-01,-3.446299999999999919e-01,-4.116099999999999759e-01,-5.040700000000000180e-01,-5.805900000000000505e-01,-6.084300000000000264e-01,-1.786200000000000010e-01,-2.419199999999999962e-01,-3.775999999999999912e-01,-4.842899999999999983e-01,-5.914300000000000113e-01,-6.683999999999999941e-01,-4.394600000000000173e-01,-3.959599999999999786e-01,-3.853199999999999958e-01,-3.455400000000000138e-01,-3.388300000000000201e-01,-4.053999999999999826e-01,-4.994299999999999851e-01,-5.748799999999999466e-01,-6.027500000000000080e-01,-5.522099999999999786e-01,-6.833000000000000185e-01,-9.108199999999999630e-01,-5.580000000000000515e-01,-1.744000000000000064e-02,-5.341500000000000137e-01,-6.696400000000000130e-01,-8.937899999999999734e-01,-5.527600000000000291e-01,-3.047000000000000056e-02
cmy*c/cref,-2.898524538074422341e-01,-3.654673764831208316e-01,-5.251697814348161852e-01,-6.185249336957718835e-01,-6.886113718179479593e-01,-7.238552727473090975e-01,-4.581247084266980019e-01,-3.923062190059876109e-01,-3.608685605003121855e-01,-3.053031289718252661e-01,-2.769395687470153633e-01,-3.013062916467691976e-01,-3.329189502442786996e-01,-3.419174550931197709e-01,-3.147864796311941604e-01,-2.847041259229328158e-01,-3.587788326047826604e-01,-5.181440987400359743e-01,-6.108684234838186455e-01,-6.804768983029054752e-01,-7.149029423649119197e-01,-4.475435908974029209e-01,-3.829821757337545374e-01,-3.529811736399367517e-01,-2.988680468721301442e-01,-2.722787745656246594e-01,-2.967604543951805063e-01,-3.298544077618190129e-01,-3.385547573742790362e-01,-3.118477895529515043e-01,-4.680184118208867150e-01,-5.437748236785071576e-01,-6.778788640120485542e-01,-3.866419571685706935e-01,-1.119349079822208951e-02,-4.527118934356977320e-01,-5.329041020460639766e-01,-6.652042663372882414e-01,-3.830111258861991774e-01,-1.955651746684788223e-02
cmz,1.617999999999999994e-02,8.447999999999999954e-02,1.242199999999999971e-01,1.814900000000000124e-01,2.731199999999999739e-01,3.746999999999999775e-01,7.810099999999999820e-01,9.506599999999999495e-01,1.070270000000000055e+00,1.054610000000000047e+00,8.592999999999999527e-01,1.136269999999999891e+00,1.446069999999999967e+00,1.593420000000000059e+00,1.561539999999999928e+00,-1.603999999999999870e-02,-8.366999999999999438e-02,-1.237100000000000005e-01,-1.814199999999999979e-01,-2.731399999999999939e-01,-3.753699999999999815e-01,-7.740000000000000213e-01,-9.408300000000000551e-01,-1.059739999999999904e+00,-1.045709999999999917e+00,-8.531999999999999584e-01,-1.126600000000000046e+00,-1.431059999999999999e+00,-1.578270000000000062e+00,-1.547619999999999996e+00,-5.360500000000000265e-01,-6.481299999999999839e-01,-8.057199999999999918e-01,-5.215199999999999836e-01,-1.829000000000000070e-02,5.187699999999999534e-01,6.352700000000000014e-01,7.934999999999999831e-01,5.212299999999999711e-01,3.259999999999999704e-02
cmz*c/cref,2.578945670940013812e-02,1.252878463064320269e-01,1.704551375674980829e-01,2.289258712302097154e-01,3.142415002020349513e-01,4.007691988392167448e-01,7.953761887925649976e-01,9.195015536494874908e-01,9.804452421665502682e-01,9.121642383278844024e-01,6.905207655291480950e-01,8.317710940197624581e-01,9.550739111229473721e-01,9.383870051059763906e-01,8.079017790103953933e-01,-2.556630937075267049e-02,-1.240865778936928038e-01,-1.697553137053227079e-01,-2.288375753958049597e-01,-3.142645114425301478e-01,-4.014858130992174923e-01,-7.882372442420012559e-01,-9.099937377401462468e-01,-9.707989955184951336e-01,-9.044663578591630726e-01,-6.856188957866509170e-01,-8.246924714395914568e-01,-9.451603803768870993e-01,-9.294649612460050836e-01,-8.006999188186458838e-01,-4.543222137530764648e-01,-5.157862966058112120e-01,-5.996580645042793867e-01,-3.613647195386253674e-01,-1.173904510891525359e-02,4.396767742350217723e-01,5.055522204569664613e-01,5.905633150277338483e-01,3.611637765859750382e-01,2.092361238658486597e-02
cs,2.990999999999999909e-02,6.083000000000000212e-02,8.505999999999999672e-02,6.508999999999999508e-02,5.827999999999999847e-02,-1.333100000000000118e-01,-9.980999999999999595e-02,-6.192999999999999894e-02,-5.691999999999999837e-02,-7.381000000000000061e-02,-2.609299999999999953e-01,-2.027400000000000035e-01,-1.622899999999999898e-01,-1.114300000000000013e-01,-8.215000000000000080e-02,-2.951000000000000151e-02,-5.981999999999999817e-02,-8.371000000000000663e-02,-6.414000000000000257e-02,-5.752000000000000168e-02,1.319299999999999917e-01,9.822999999999999787e-02,6.081000000000000294e-02,5.596999999999999892e-02,7.245999999999999663e-02,2.572099999999999942e-01,2.001000000000000001e-01,1.611799999999999899e-01,1.104799999999999949e-01,8.143000000000000238e-02,-1.320000000000000062e-01,-1.483399999999999996e-01,-1.704799999999999927e-01,-9.621999999999999997e-02,-1.160000000000000007e-03,1.278299999999999992e-01,1.449999999999999900e-01,1.677400000000000002e-01,9.651999999999999469e-02,3.759999999999999887e-03
cs*c/cref,4.767383499246959783e-02,9.021377474929286044e-02,1.167196425816405259e-01,8.210251230577082782e-02,6.705475480292398538e-02,-1.425848462696984176e-01,-1.016459423098115405e-01,-5.990020745325643631e-02,-5.214286412224956174e-02,-6.384051206700215586e-02,-2.096794871983249375e-01,-1.484095079528339745e-01,-1.071863360944789179e-01,-6.562266318921498864e-02,-4.250235738162582572e-02,-4.703627116776255140e-02,-8.871589685192665664e-02,-1.148671676523528029e-01,-8.090421169599235074e-02,-6.618032766410754386e-02,1.411088348088013478e-01,1.000368792014105640e-01,5.881691611872313930e-02,5.127259495647062265e-02,6.267285604084779638e-02,2.066901502406053581e-01,1.464769781067479515e-01,1.064532235609594590e-01,6.506319509238510379e-02,4.212984737170773902e-02,-1.118748852073614269e-01,-1.180499887962384586e-01,-1.268799419608419021e-01,-6.667148587591374687e-02,-7.445211769459646580e-04,1.083406558792197744e-01,1.153919939022150232e-01,1.248406937148734408e-01,6.687935789589684321e-02,2.413275539066230338e-03
cx,-1.678600000000000092e-01,-2.106500000000000039e-01,-1.624899999999999956e-01,-1.925900000000000112e-01,-2.180999999999999883e-01,-2.276600000000000013e-01,-2.844700000000000006e-01,-2.420599999999999974e-01,-2.083299999999999874e-01,-1.645500000000000018e-01,-1.276899999999999979e-01,-1.468599999999999905e-01,-1.630300000000000082e-01,-1.556700000000000028e-01,-1.322699999999999987e-01,-1.680699999999999972e-01,-2.099100000000000132e-01,-1.630099999999999882e-01,-1.930199999999999971e-01,-2.182999999999999940e-01,-2.275500000000000023e-01,-2.816899999999999959e-01,-2.394199999999999939e-01,-2.061999999999999944e-01,-1.630699999999999927e-01,-1.265400000000000136e-01,-1.454400000000000137e-01,-1.613400000000000112e-01,-1.541500000000000092e-01,-1.310600000000000098e-01,-1.440999999999999920e-02,-2.043999999999999984e-02,-2.597999999999999962e-02,-2.230000000000000211e-03,-5.999999999999999474e-04,-1.388999999999999957e-02,-2.012999999999999859e-02,-2.544000000000000081e-02,-2.069999999999999792e-03,-6.099999999999999737e-04
cx*c/cref,-2.675536590383131852e-01,-3.124039396833559468e-01,-2.229693713036770275e-01,-2.429270678286742369e-01,-2.509375775998236024e-01,-2.434991081071152530e-01,-2.897026471182455598e-01,-2.341263396760092652e-01,-1.908454476912904152e-01,-1.423242956323696740e-01,-1.026097946589281107e-01,-1.075042928773463358e-01,-1.076750777834918904e-01,-9.167620908790359568e-02,-6.843319307203465929e-02,-2.678883800462843467e-01,-3.113064845902361877e-01,-2.236829172023656331e-01,-2.434694565257318755e-01,-2.511676900047752903e-01,-2.433814550196524706e-01,-2.868715107629577488e-01,-2.315728672446093206e-01,-1.888942126143334510e-01,-1.410441986555485971e-01,-1.016856716746868533e-01,-1.064648260661940210e-01,-1.065588974396649846e-01,-9.078106013297577992e-02,-6.780716930536677400e-02,-1.221300830180362118e-02,-1.626629210593982799e-02,-1.933564577746758190e-02,-1.545182015207728719e-03,-3.850971604892920383e-04,-1.177228905704734950e-02,-1.601959198104543555e-02,-1.893375013775116383e-02,-1.434316937883407155e-03,-3.915154464974469201e-04
cy,2.990999999999999909e-02,6.083000000000000212e-02,8.505999999999999672e-02,6.508999999999999508e-02,5.827999999999999847e-02,-1.333100000000000118e-01,-9.980999999999999595e-02,-6.192999999999999894e-02,-5.691999999999999837e-02,-7.381000000000000061e-02,-2.609299999999999953e-01,-2.027400000000000035e-01,-1.622899999999999898e-01,-1.114300000000000013e-01,-8.215000000000000080e-02,-2.951000000000000151e-02,-5.981999999999999817e-02,-8.371000000000000663e-02,-6.414000000000000257e-02,-5.752000000000000168e-02,1.319299999999999917e-01,9.822999999999999787e-02,6.081000000000000294e-02,5.596999999999999892e-02,7.245999999999999663e-02,2.572099999999999942e-01,2.001000000000000001e-01,1.611799999999999899e-01,1.104799999999999949e-01,8.143000000000000238e-02,-1.320000000000000062e-01,-1.483399999999999996e-01,-1.704799999999999927e-01,-9.621999999999999997e-02,-1.160000000000000007e-03,1.278299999999999992e-01,1.449999999999999900e-01,1.677400000000000002e-01,9.651999999999999469e-02,3.759999999999999887e-03
cy*c/cref,4.767383499246959783e-02,9.021377474929286044e-02,1.167196425816405259e-01,8.210251230577082782e-02,6.705475480292398538e-02,-1.425848462696984176e-01,-1.016459423098115405e-01,-5.990020745325643631e-02,-5.214286412224956174e-02,-6.384051206700215586e-02,-2.096794871983249375e-01,-1.484095079528339745e-01,-1.071863360944789179e-01,-6.562266318921498864e-02,-4.250235738162582572e-02,-4.703627116776255140e-02,-8.871589685192665664e-02,-1.148671676523528029e-01,-8.090421169599235074e-02,-6.618032766410754386e-02,1.411088348088013478e-01,1.000368792014105640e-01,5.881691611872313930e-02,5.127259495647062265e-02,6.267285604084779638e-02,2.066901502406053581e-01,1.464769781067479515e-01,1.064532235609594590e-01,6.506319509238510379e-02,4.212984737170773902e-02,-1.118748852073614269e-01,-1.180499887962384586e-01,-1.268799419608419021e-01,-6.667148587591374687e-02,-7.445211769459646580e-04,1.083406558792197744e-01,1.153919939022150232e-01,1.248406937148734408e-01,6.687935789589684321e-02,2.413275539066230338e-03
cz,1.201780000000000070e+00,1.344759999999999955e+00,1.660660000000000025e+00,1.851320000000000077e+00,2.009110000000000174e+00,2.055870000000000086e+00,1.455789999999999917e+00,1.286189999999999944e+00,1.194239999999999968e+00,1.040280000000000094e+00,8.977600000000000025e-01,8.458799999999999653e-01,8.055400000000000338e-01,7.406700000000000506e-01,6.049200000000000133e-01,1.193279999999999896e+00,1.334019999999999984e+00,1.648409999999999931e+00,1.837350000000000039e+00,1.993449999999999944e+00,2.038089999999999957e+00,1.436050000000000049e+00,1.268219999999999903e+00,1.178469999999999906e+00,1.027309999999999945e+00,8.879200000000000426e-01,8.370999999999999552e-01,7.992599999999999705e-01,7.345099999999999962e-01,5.999299999999999633e-01,1.370699999999999974e-01,1.556299999999999906e-01,1.882099999999999884e-01,1.025100000000000039e-01,8.499999999999999526e-04,1.326700000000000101e-01,1.521000000000000130e-01,1.845499999999999918e-01,1.019300000000000067e-01,3.220000000000000206e-03
cz*c/cref,1.915528633141093895e+00,1.994342852734819482e+00,2.278763715608125739e+00,2.335197773573816082e+00,2.311605669562502019e+00,2.198904117474194120e+00,1.482568343404474076e+00,1.244034358538735674e+00,1.094010787936670948e+00,8.997697858428534978e-01,7.214266524629908695e-01,6.192001311391102103e-01,5.320283515777100014e-01,4.361907739778863036e-01,3.129704933328434913e-01,1.901980401866068870e+00,1.978414923410351189e+00,2.261954220879403454e+00,2.317576447764757130e+00,2.293587868254784112e+00,2.179887100246114873e+00,1.462465238493185771e+00,1.226653335965911085e+00,1.079564319784740656e+00,8.885516386878741235e-01,7.135193740587003619e-01,6.127730053631119667e-01,5.278806518385188440e-01,4.325630650552840795e-01,3.103887920141056300e-01,1.161718978437350641e-01,1.238514207655291299e-01,1.400755154648642420e-01,7.102986922822612792e-02,5.455543106931637571e-04,1.124427350034896966e-01,1.210422225691510784e-01,1.373515561290085396e-01,7.062798332292546943e-02,2.066688094625867590e-03
Results_Name,VSPAERO_Comp_Load
Results_Timestamp,1759254118
Results_Date,9,30,2025
Results_Time,13,41,58
AoA,1.100000000000000000e+01,1.100000000000000000e+01,1.100000000000000000e+01,1.100000000000000000e+01,1.100000000000000000e+01,1.100000000000000000e+01,1.100000000000000000e+01,1.100000000000000000e+01,1.100000000000000000e+01
Beta,0.000000000000000000e+00,0.000000000000000000e+00,0.000000000000000000e+00,0.000000000000000000e+00,0.000000000000000000e+00,0.000000000000000000e+00,0.000000000000000000e+00,0.000000000000000000e+00,0.000000000000000000e+00
CDi,0.000000000000000000e+00,3.475999999999999923e-02,3.391000000000000264e-02,7.600000000000000418e-04,7.600000000000000418e-04,0.000000000000000000e+00,0.000000000000000000e+00,0.000000000000000000e+00,0.000000000000000000e+00
CFx,0.000000000000000000e+00,-1.062199999999999950e-01,-1.056300000000000017e-01,-1.020000000000000073e-03,-9.899999999999999946e-04,0.000000000000000000e+00,0.000000000000000000e+00,0.000000000000000000e+00,0.000000000000000000e+00
CFy,0.000000000000000000e+00,-2.160000000000000114e-02,2.129999999999999949e-02,-8.659999999999999296e-03,8.540000000000000716e-03,0.000000000000000000e+00,0.000000000000000000e+00,0.000000000000000000e+00,0.000000000000000000e+00
CFz,0.000000000000000000e+00,7.286599999999999744e-01,7.211400000000000032e-01,9.230000000000000357e-03,9.060000000000000345e-03,0.000000000000000000e+00,0.000000000000000000e+00,0.000000000000000000e+00,0.000000000000000000e+00
CL,0.000000000000000000e+00,7.355399999999999716e-01,7.280400000000000205e-01,9.249999999999999542e-03,9.079999999999999530e-03,0.000000000000000000e+00,0.000000000000000000e+00,0.000000000000000000e+00,0.000000000000000000e+00
Cmx,0.000000000000000000e+00,1.466200000000000003e-01,-1.449000000000000010e-01,2.100000000000000087e-04,-2.100000000000000087e-04,-1.000000000000000082e-05,1.000000000000000082e-05,-1.000000000000000082e-05,0.000000000000000000e+00
Cmy,0.000000000000000000e+00,-2.302500000000000102e-01,-2.262800000000000089e-01,-3.287000000000000338e-02,-3.230000000000000232e-02,2.665000000000000008e-02,2.639999999999999986e-02,-0.000000000000000000e+00,2.000000000000000164e-05
Cmz,0.000000000000000000e+00,2.265999999999999959e-02,-2.247999999999999998e-02,-2.350000000000000092e-03,2.320000000000000014e-03,5.000000000000000240e-05,-5.000000000000000240e-05,1.000000000000000082e-05,6.999999999999999387e-05
Comp_ID,0,1,2,3,4,5,6,7,8
Comp_Name,NONE,main_wing,main_wing,horizontal_tail,horizontal_tail,fuselage,fuselage,fuselage,fuselage
Cs,0.000000000000000000e+00,-2.160000000000000114e-02,2.129999999999999949e-02,-8.659999999999999296e-03,8.540000000000000716e-03,0.000000000000000000e+00,0.000000000000000000e+00,0.000000000000000000e+00,0.000000000000000000e+00
Mach,1.499999999999999944e-01,1.499999999999999944e-01,1.499999999999999944e-01,1.499999999999999944e-01,1.499999999999999944e-01,1.499999999999999944e-01,1.499999999999999944e-01,1.499999999999999944e-01,1.499999999999999944e-01
Results_Name,VSPAERO_Load
Results_Timestamp,1759254118
Results_Date,9,30,2025
Results_Time,13,41,58
AnalysisMethod,0
Chord,1.735640000000000072e+00,1.614919999999999911e+00,1.494220000000000104e+00,1.373529999999999918e+00,1.252869999999999928e+00,1.164679999999999938e+00,1.108950000000000102e+00,1.053230000000000111e+00,9.975300000000000278e-01,9.418400000000000105e-01,8.750400000000000400e-01,7.971099999999999852e-01,7.191899999999999959e-01,6.412799999999999612e-01,5.633799999999999919e-01,1.735640000000000072e+00,1.614919999999999911e+00,1.494220000000000104e+00,1.373529999999999918e+00,1.252869999999999928e+00,1.164679999999999938e+00,1.108950000000000102e+00,1.053230000000000111e+00,9.975300000000000278e-01,9.418400000000000105e-01,8.750400000000000400e-01,7.971099999999999852e-01,7.191899999999999959e-01,6.412799999999999612e-01,5.633799999999999919e-01,9.229000000000000536e-01,8.665699999999999514e-01,8.104299999999999837e-01,7.545199999999999685e-01,6.988999999999999657e-01,9.229000000000000536e-01,8.665699999999999514e-01,8.104299999999999837e-01,7.545199999999999685e-01,6.988999999999999657e-01
FC_AoA_,1.200000000000000000e+01
FC_Beta_,0.000000000000000000e+00
FC_Bref_,1.417173599999999922e+01
FC_Cref_,1.088920000000000110e+00
FC_Mach_,1.499999999999999944e-01
FC_Pitch_Rate,0.000000000000000000e+00
FC_Rho_,2.377000000000000206e-03
FC_Roll__Rate,0.000000000000000000e+00
FC_Sref_,1.619368700000000061e+01
FC_Vinf_,5.100000000000000000e+01
FC_Xcg_,1.774861999999999940e+00
FC_Yaw___Rate,0.000000000000000000e+00
FC_Ycg_,0.000000000000000000e+00
FC_Zcg_,7.545150000000000468e-01
S,3.314000000000000279e-02,8.981999999999999706e-02,1.368900000000000117e-01,1.839600000000000124e-01,2.310300000000000131e-01,2.997400000000000064e-01,4.117600000000000149e-01,5.454599999999999449e-01,6.791599999999999859e-01,8.128699999999999815e-01,9.157600000000000184e-01,9.578299999999999592e-01,9.698799999999999644e-01,9.819299999999999695e-01,9.939799999999999747e-01,3.314000000000000279e-02,8.981999999999999706e-02,1.368900000000000117e-01,1.839600000000000124e-01,2.310300000000000131e-01,2.997400000000000064e-01,4.117600000000000149e-01,5.454599999999999449e-01,6.791599999999999859e-01,8.128699999999999815e-01,9.157600000000000184e-01,9.578299999999999592e-01,9.698799999999999644e-01,9.819299999999999695e-01,9.939799999999999747e-01,1.020299999999999957e-01,3.035599999999999965e-01,5.025399999999999867e-01,7.015200000000000324e-01,9.005100000000000326e-01,1.020299999999999957e-01,3.035599999999999965e-01,5.025399999999999867e-01,7.015200000000000324e-01,9.005100000000000326e-01
V/Vref,9.910400000000000320e-01,9.933499999999999552e-01,1.004150000000000098e+00,1.004359999999999919e+00,1.008240000000000025e+00,1.009130000000000082e+00,9.944399999999999906e-01,9.902999999999999581e-01,9.874199999999999644e-01,9.886899999999999578e-01,1.007570000000000077e+00,1.008320000000000105e+00,1.009579999999999922e+00,1.008739999999999970e+00,1.012590000000000101e+00,9.919099999999999584e-01,9.938200000000000367e-01,1.004269999999999996e+00,1.004480000000000040e+00,1.008140000000000036e+00,1.008979999999999988e+00,9.942800000000000527e-01,9.901299999999999546e-01,9.872400000000000064e-01,9.884899999999999798e-01,1.007060000000000066e+00,1.007779999999999898e+00,1.009090000000000042e+00,1.008350000000000080e+00,1.012199999999999989e+00,9.891100000000000447e-01,9.947899999999999521e-01,9.919900000000000384e-01,1.011830000000000007e+00,1.010899999999999910e+00,9.885500000000000398e-01,9.944800000000000306e-01,9.915199999999999569e-01,1.011500000000000066e+00,1.010639999999999983e+00
WingId,1,1,1,1,1,1,1,1,1,1,1,1,1,1,1,2,2,2,2,2,2,2,2,2,2,2,2,2,2,2,3,3,3,3,3,4,4,4,4,4
Xavg,2.391169999999999796e+00,2.380489999999999995e+00,2.369810000000000194e+00,2.359129999999999949e+00,2.348450000000000149e+00,2.336259999999999781e+00,2.322589999999999932e+00,2.308860000000000134e+00,2.295059999999999878e+00,2.281190000000000051e+00,2.284749999999999837e+00,2.305000000000000160e+00,2.325239999999999974e+00,2.345470000000000166e+00,2.365699999999999914e+00,2.391169999999999796e+00,2.380489999999999995e+00,2.369810000000000194e+00,2.359129999999999949e+00,2.348450000000000149e+00,2.336259999999999781e+00,2.322589999999999932e+00,2.308860000000000134e+00,2.295059999999999878e+00,2.281190000000000051e+00,2.284749999999999837e+00,2.305000000000000160e+00,2.325239999999999974e+00,2.345470000000000166e+00,2.365699999999999914e+00,5.722059999999999924e+00,5.820210000000000328e+00,5.918350000000000222e+00,6.016490000000000116e+00,6.114630000000000010e+00,5.722059999999999924e+00,5.820210000000000328e+00,5.918350000000000222e+00,6.016490000000000116e+00,6.114630000000000010e+00
Yavg,1.718899999999999872e-01,5.195499999999999563e-01,8.671900000000000164e-01,1.214790000000000036e+00,1.562359999999999971e+00,2.229140000000000121e+00,3.217070000000000096e+00,4.204979999999999940e+00,5.192870000000000097e+00,6.180740000000000123e+00,6.716649999999999565e+00,6.791660000000000252e+00,6.866660000000000430e+00,6.941650000000000098e+00,7.016610000000000014e+00,-1.718899999999999872e-01,-5.195499999999999563e-01,-8.671900000000000164e-01,-1.214790000000000036e+00,-1.562359999999999971e+00,-2.229140000000000121e+00,-3.217070000000000096e+00,-4.204979999999999940e+00,-5.192870000000000097e+00,-6.180740000000000123e+00,-6.716649999999999565e+00,-6.791660000000000252e+00,-6.866660000000000430e+00,-6.941650000000000098e+00,-7.016610000000000014e+00,1.078800000000000037e-01,3.257399999999999740e-01,5.435900000000000176e-01,7.614400000000000057e-01,9.792699999999999738e-01,-1.078800000000000037e-01,-3.257399999999999740e-01,-5.435900000000000176e-01,-7.614400000000000057e-01,-9.792699999999999738e-01
Zavg,1.027309999999999945e+00,1.024350000000000094e+00,1.021379999999999955e+00,1.018420000000000103e+00,1.015449999999999964e+00,1.037979999999999903e+00,1.086500000000000021e+00,1.135019999999999918e+00,1.183540000000000036e+00,1.232069999999999999e+00,1.270329999999999959e+00,1.298289999999999944e+00,1.326240000000000085e+00,1.354190000000000005e+00,1.382130000000000081e+00,1.027309999999999945e+00,1.024350000000000094e+00,1.021379999999999955e+00,1.018420000000000103e+00,1.015449999999999964e+00,1.037979999999999903e+00,1.086500000000000021e+00,1.135019999999999918e+00,1.183540000000000036e+00,1.232069999999999999e+00,1.270329999999999959e+00,1.298289999999999944e+00,1.326240000000000085e+00,1.354190000000000005e+00,1.382130000000000081e+00,3.777900000000000147e-01,5.956799999999999873e-01,8.135799999999999699e-01,1.031470000000000109e+00,1.249349999999999961e+00,3.777900000000000147e-01,5.956799999999999873e-01,8.135799999999999699e-01,1.031470000000000109e+00,1.249349999999999961e+00
cd,7.764999999999999680e-02,5.997999999999999859e-02,1.696400000000000130e-01,1.744199999999999917e-01,1.770100000000000007e-01,1.775100000000000011e-01,1.510000000000000057e-03,1.140000000000000041e-02,2.817000000000000060e-02,4.324999999999999678e-02,5.446000000000000146e-02,2.123999999999999846e-02,-5.769999999999999955e-03,-1.108999999999999916e-02,-1.361000000000000057e-02,7.620000000000000384e-02,5.881999999999999729e-02,1.670699999999999963e-01,1.716100000000000125e-01,1.739499999999999935e-01,1.743999999999999995e-01,4.200000000000000174e-04,1.051999999999999984e-02,2.721000000000000155e-02,4.216000000000000303e-02,5.380000000000000060e-02,2.109000000000000111e-02,-5.259999999999999919e-03,-1.078999999999999924e-02,-1.341000000000000004e-02,1.592999999999999972e-02,1.183999999999999983e-02,1.386000000000000079e-02,2.284999999999999878e-02,2.700000000000000143e-03,1.574000000000000052e-02,1.170000000000000033e-02,1.352000000000000077e-02,2.330000000000000127e-02,3.079999999999999839e-03
cd*c/cref,1.237670774712559124e-01,8.895318443962824118e-02,2.327806274106454243e-01,2.200079919553318275e-01,2.036609840024978524e-01,1.898599959592990882e-01,1.537775502332586457e-03,1.102635822649965062e-02,2.580577094736068514e-02,3.740823935642654391e-02,4.376325019285163404e-02,1.554808103441942049e-02,-3.810864250817323252e-03,-6.531053888256252611e-03,-7.041473937479335830e-03,1.214559086066928639e-01,8.723284942879180881e-02,2.292540640267420882e-01,2.164635448885133540e-01,2.001402642067368898e-01,1.865336223046688002e-01,4.277256364103882574e-04,1.017520074936634385e-02,2.492634105352091803e-02,3.646546523160562603e-02,4.323288395841751175e-02,1.543827820225544475e-02,-3.474028762443521611e-03,-6.354379752415235429e-03,-6.937998934724312616e-03,1.350126455570656997e-02,9.422353157256729839e-03,1.031532141938801619e-02,1.583291885537964003e-02,1.732937222201814389e-03,1.334023252396870224e-02,9.310940197627005227e-03,1.006227601660360758e-02,1.614472688535429495e-02,1.976832090511699246e-03
cl,1.280669999999999975e+00,1.434649999999999981e+00,1.737900000000000000e+00,1.936560000000000059e+00,2.100639999999999841e+00,2.152670000000000083e+00,1.581490000000000062e+00,1.406570000000000098e+00,1.304910000000000014e+00,1.133410000000000029e+00,9.784100000000000019e-01,9.283500000000000085e-01,8.914999999999999591e-01,8.242399999999999727e-01,6.785700000000000065e-01,1.273379999999999956e+00,1.425259999999999971e+00,1.727360000000000007e+00,1.924400000000000110e+00,2.086500000000000021e+00,2.136800000000000033e+00,1.563499999999999890e+00,1.390030000000000099e+00,1.290249999999999897e+00,1.121189999999999909e+00,9.695000000000000284e-01,9.204200000000000159e-01,8.857199999999999518e-01,8.184299999999999908e-01,6.737800000000000455e-01,1.561400000000000010e-01,1.771500000000000019e-01,2.032400000000000040e-01,1.270600000000000063e-01,2.100000000000000130e-02,1.533599999999999963e-01,1.744300000000000017e-01,2.004100000000000048e-01,1.278700000000000114e-01,2.385999999999999927e-02
cl*c/cref,2.041272158468941722e+00,2.127653985600411080e+00,2.384752725636410275e+00,2.442716872497519898e+00,2.416916611688644689e+00,2.302438834441464799e+00,1.610580516015868824e+00,1.360468832512948589e+00,1.195392565385886785e+00,9.803207530397090030e-01,7.862357991404327340e-01,6.795697282628658797e-01,5.888016429122432394e-01,4.854062990853321713e-01,3.510751630973807935e-01,2.029652557763655718e+00,2.113728170297174636e+00,2.370289699151452822e+00,2.427378624692355213e+00,2.400647664658560387e+00,2.285464702641148538e+00,1.592259601256290402e+00,1.344470940840465811e+00,1.181962938048708667e+00,9.697513036770376571e-01,7.790758549755720797e-01,6.737648185357968389e-01,5.849841740440068216e-01,4.819847099878777907e-01,3.485969367813980258e-01,1.323344286081622190e-01,1.409771842743268444e-01,1.512616107703045054e-01,8.804072953017669234e-02,1.347840061712522221e-02,1.299782757227344321e-01,1.388125896300921869e-01,1.491553799177166295e-01,8.860198398413106358e-02,1.531403041545751319e-02
cmx,1.222400000000000014e-01,4.470399999999999929e-01,9.946700000000000541e-01,1.698269999999999946e+00,2.599839999999999929e+00,4.146320000000000228e+00,4.520199999999999996e+00,5.532049999999999912e+00,6.706489999999999618e+00,7.373330000000000162e+00,7.594990000000000130e+00,7.918070000000000164e+00,8.445650000000000546e+00,8.803819999999999979e+00,8.322540000000000049e+00,-1.215299999999999991e-01,-4.441200000000000148e-01,-9.885899999999999688e-01,-1.687380000000000102e+00,-2.581929999999999836e+00,-4.115070000000000228e+00,-4.467929999999999957e+00,-5.466280000000000250e+00,-6.630340000000000344e+00,-7.292819999999999858e+00,-7.525150000000000006e+00,-7.850279999999999703e+00,-8.392129999999999868e+00,-8.742250000000000298e+00,-8.264089999999999492e+00,-4.537000000000000061e-02,3.350999999999999812e-02,1.484900000000000109e-01,1.735800000000000121e-01,4.399999999999999745e-02,4.456000000000000238e-02,-3.307000000000000217e-02,-1.461399999999999921e-01,-1.754799999999999971e-01,-5.029999999999999749e-02
cmx*c/cref,1.948395048304742139e-01,6.629815200382028761e-01,1.364889805862689709e+00,2.142145238493185389e+00,2.991277174448076170e+00,4.434794087352605274e+00,4.603346242148183443e+00,5.350733774290121758e+00,6.143633113268191615e+00,6.377417190610880304e+00,6.103221586158762868e+00,5.796176741817579803e+00,5.578028710557249248e+00,5.184690968666200384e+00,4.305874247143957945e+00,-1.937078290416192061e-01,-6.586510215626490972e-01,-1.356546807662638132e+00,-2.128408929397935356e+00,-2.970670608584651706e+00,-4.401369914777944814e+00,-4.550114768302537804e+00,-5.287119425118466332e+00,-6.073874169084964691e+00,-6.307781644932592968e+00,-6.047099195533188976e+00,-5.746553181868272020e+00,-5.542680798130256825e+00,-5.148431546853762697e+00,-4.275633677588802861e+00,-3.845275410498475571e-02,2.666748769422913959e-02,1.105138584101678645e-01,1.202747507622231177e-01,2.824045843588141730e-02,3.776624912757594460e-02,-2.631733267825000708e-02,-1.087648681262167877e-01,-1.215912735554494223e-01,-3.228397862101898413e-02
cmy,-1.910600000000000076e-01,-2.580399999999999916e-01,-3.961100000000000176e-01,-5.080799999999999761e-01,-6.198200000000000376e-01,-7.045700000000000296e-01,-4.831199999999999939e-01,-4.421900000000000275e-01,-4.313000000000000167e-01,-3.870700000000000252e-01,-3.784000000000000141e-01,-4.527900000000000258e-01,-5.567600000000000326e-01,-6.444299999999999473e-01,-6.795499999999999874e-01,-1.880999999999999894e-01,-2.540000000000000036e-01,-3.915199999999999791e-01,-5.025699999999999612e-01,-6.130799999999999583e-01,-6.968499999999999694e-01,-4.737000000000000099e-01,-4.333299999999999930e-01,-4.232600000000000251e-01,-3.800000000000000044e-01,-3.732099999999999862e-01,-4.472400000000000264e-01,-5.526799999999999491e-01,-6.391999999999999904e-01,-6.742099999999999760e-01,-6.248000000000000220e-01,-7.745800000000000463e-01,-9.754800000000000137e-01,-6.938199999999999923e-01,-1.408999999999999975e-01,-6.140799999999999592e-01,-7.639299999999999979e-01,-9.621300000000000407e-01,-6.944099999999999717e-01,-1.587300000000000100e-01
cmy*c/cref,-3.045323608713220165e-01,-3.826855570657163863e-01,-5.435435883260478773e-01,-6.408763934907980575e-01,-7.131413541857986038e-01,-7.535894166697276741e-01,-4.920066891966351497e-01,-4.276969600154281737e-01,-3.951022012636373204e-01,-3.347886059581970941e-01,-3.040766410755610938e-01,-3.314508291701869225e-01,-3.677186794254858060e-01,-3.795137112000880331e-01,-3.515821906108804185e-01,-2.998143885684898535e-01,-3.766940454762516266e-01,-5.372451735664695027e-01,-6.339262499540827545e-01,-7.053865661389264741e-01,-7.453323090768833037e-01,-4.824134142085735877e-01,-4.191273517797450832e-01,-3.877369759027292639e-01,-3.286735481027072137e-01,-2.999060338684200744e-01,-3.273881243801197161e-01,-3.650239955184952922e-01,-3.764336920985930091e-01,-3.488194080373213102e-01,-5.295411233148440422e-01,-6.164160733570877015e-01,-7.260021456121661387e-01,-4.807525496822539490e-01,-9.043364985490208452e-02,-5.204555265767916161e-01,-6.079407303566836118e-01,-7.160663922969546791e-01,-4.811613646548873469e-01,-1.018774538074422170e-01
cmz,1.801000000000000170e-02,9.303000000000000158e-02,1.423099999999999921e-01,2.153100000000000014e-01,3.295299999999999896e-01,4.629599999999999826e-01,9.045299999999999452e-01,1.105879999999999974e+00,1.254809999999999981e+00,1.242439999999999989e+00,1.021220000000000017e+00,1.344109999999999916e+00,1.706490000000000062e+00,1.878060000000000063e+00,1.834440000000000071e+00,-1.787000000000000047e-02,-9.228000000000000091e-02,-1.417799999999999894e-01,-2.150799999999999934e-01,-3.293300000000000116e-01,-4.632399999999999851e-01,-8.977199999999999624e-01,-1.096240000000000103e+00,-1.244320000000000093e+00,-1.233519999999999950e+00,-1.014350000000000085e+00,-1.333129999999999926e+00,-1.691019999999999968e+00,-1.862819999999999920e+00,-1.820580000000000087e+00,-6.057599999999999651e-01,-7.282600000000000184e-01,-8.772900000000000142e-01,-6.653700000000000170e-01,-1.329400000000000026e-01,5.954300000000000148e-01,7.187400000000000455e-01,8.679599999999999538e-01,6.739000000000000545e-01,1.519800000000000040e-01
cmz*c/cref,2.870631120743489043e-02,1.379679017742349856e-01,1.952783016199537147e-01,2.715853729383241322e-01,3.791447040186605721e-01,4.951697579252836712e-01,9.211682616721154071e-01,1.069634125922932721e+00,1.149497317801123852e+00,1.074624113433493511e+00,8.206372817103184669e-01,9.839138982661717048e-01,1.127071357950997221e+00,1.106015425191933188e+00,9.490934202696247324e-01,-2.848316386878742279e-02,-1.368556162068838566e-01,-1.945510336847518507e-01,-2.712952580538514624e-01,-3.789145916137089398e-01,-4.954692385115526121e-01,-9.142329959960326935e-01,-1.060310082650699925e+00,-1.139887714065312307e+00,-1.066908934356977312e+00,-8.151166513609815478e-01,-9.758763309517685114e-01,-1.116854014803658535e+00,-1.097040379091209328e+00,-9.419226025787016399e-01,-5.134040186606912970e-01,-5.795542998567387860e-01,-6.529241217903977157e-01,-4.610393531205230766e-01,-8.532469419241081598e-02,5.046489613562061827e-01,5.719782186019174430e-01,6.459802582375195890e-01,4.669498475553759964e-01,9.754511075193768310e-02
cs,3.327000000000000096e-02,6.453000000000000402e-02,8.931999999999999662e-02,7.008000000000000340e-02,6.489999999999999936e-02,-1.364599999999999980e-01,-1.037000000000000005e-01,-6.643999999999999906e-02,-5.969000000000000000e-02,-7.939000000000000223e-02,-2.746299999999999852e-01,-2.088599999999999901e-01,-1.640099999999999891e-01,-1.077199999999999963e-01,-7.902000000000000690e-02,-3.293000000000000094e-02,-6.364000000000000212e-02,-8.810999999999999388e-02,-6.916999999999999538e-02,-6.410000000000000420e-02,1.352500000000000091e-01,1.022499999999999937e-01,6.539000000000000368e-02,5.884000000000000341e-02,7.810999999999999888e-02,2.714099999999999846e-01,2.068699999999999983e-01,1.632899999999999907e-01,1.069699999999999956e-01,7.845000000000000584e-02,-1.499999999999999944e-01,-1.661100000000000076e-01,-1.856299999999999895e-01,-1.247100000000000014e-01,-2.038999999999999840e-02,1.473800000000000110e-01,1.636799999999999922e-01,1.836000000000000132e-01,1.270100000000000118e-01,2.353999999999999843e-02
cs*c/cref,5.302937112000881414e-02,9.570105021489180852e-02,1.225652301362818164e-01,8.839674392976526462e-02,7.467147540682508855e-02,-1.459540028652242249e-01,-1.056074964184696707e-01,-6.426238952356462530e-02,-5.468038579509972713e-02,-6.866682364177349729e-02,-2.206886044888513310e-01,-1.528894635051243067e-01,-1.083223302905631097e-01,-6.343779304264775265e-02,-4.088297358850970925e-02,-5.248744186900781983e-02,-9.438113800830179312e-02,-1.209048637181794755e-01,-8.724889808250374523e-02,-7.375102578701832334e-02,1.446598189031333692e-01,1.041308245784814124e-01,6.324680389743966846e-02,5.390172390992910290e-02,6.755971274290122064e-02,2.181010601329757825e-01,1.514327459317488522e-01,1.078467978363883278e-01,6.299610770304520102e-02,4.058806983065789409e-02,-1.271305513720016045e-01,-1.321914766006685449e-01,-1.381553474084413757e-01,-8.641239870697571546e-02,-1.308688517062777355e-02,1.249100044080373312e-01,1.302576659442383211e-01,1.366445175035815307e-01,8.800608419351284295e-02,1.510864526319655697e-02
cx,-1.903100000000000069e-01,-2.396099999999999897e-01,-1.953900000000000081e-01,-2.320200000000000040e-01,-2.636000000000000010e-01,-2.739300000000000068e-01,-3.273400000000000198e-01,-2.812899999999999845e-01,-2.437499999999999944e-01,-1.933499999999999941e-01,-1.501599999999999879e-01,-1.722400000000000042e-01,-1.909899999999999931e-01,-1.822199999999999931e-01,-1.544000000000000095e-01,-1.902200000000000002e-01,-2.388000000000000123e-01,-1.957200000000000051e-01,-2.322500000000000120e-01,-2.636600000000000055e-01,-2.736700000000000244e-01,-3.246499999999999941e-01,-2.787100000000000133e-01,-2.416399999999999937e-01,-1.918700000000000128e-01,-1.489499999999999991e-01,-1.707400000000000029e-01,-1.892999999999999960e-01,-1.807100000000000095e-01,-1.532000000000000028e-01,-1.687999999999999917e-02,-2.525000000000000161e-02,-2.869000000000000022e-02,-4.060000000000000241e-03,-1.719999999999999958e-03,-1.649000000000000118e-02,-2.481999999999999831e-02,-2.844999999999999959e-02,-3.789999999999999966e-03,-1.949999999999999910e-03
cx*c/cref,-3.033369286999963443e-01,-3.553529930573411377e-01,-2.681148714322448279e-01,-2.926628499797964134e-01,-3.032881497263342774e-01,-2.929882749880615145e-01,-3.333612138632773836e-01,-2.720705531168496893e-01,-2.232927464827535180e-01,-1.672342908569958986e-01,-1.206663541857987548e-01,-1.260829320794915887e-01,-1.261415880872791273e-01,-1.073118701098335764e-01,-7.988270212687799410e-02,-3.031934768394372037e-01,-3.541517246446019285e-01,-2.685676986371818287e-01,-2.929529648642691386e-01,-3.033571834478198115e-01,-2.927101858722403471e-01,-3.306217330015060463e-01,-2.695751141497997883e-01,-2.213598328619182098e-01,-1.659541938801748495e-01,-1.196940160893362193e-01,-1.249849037578518035e-01,-1.250254077434522215e-01,-1.064226102927671308e-01,-7.926185211034784961e-02,-1.430642471439591383e-02,-2.009412307607537709e-02,-2.135256648789626149e-02,-2.813201337104654070e-03,-1.103945193402637278e-03,-1.397588528082871137e-02,-1.975192612864121872e-02,-2.117394620357785501e-02,-2.626116519119861634e-03,-1.251565771590199124e-03
cy,3.327000000000000096e-02,6.453000000000000402e-02,8.931999999999999662e-02,7.008000000000000340e-02,6.489999999999999936e-02,-1.364599999999999980e-01,-1.037000000000000005e-01,-6.643999999999999906e-02,-5.969000000000000000e-02,-7.939000000000000223e-02,-2.746299999999999852e-01,-2.088599999999999901e-01,-1.640099999999999891e-01,-1.077199999999999963e-01,-7.902000000000000690e-02,-3.293000000000000094e-02,-6.364000000000000212e-02,-8.810999999999999388e-02,-6.916999999999999538e-02,-6.410000000000000420e-02,1.352500000000000091e-01,1.022499999999999937e-01,6.539000000000000368e-02,5.884000000000000341e-02,7.810999999999999888e-02,2.714099999999999846e-01,2.068699999999999983e-01,1.632899999999999907e-01,1.069699999999999956e-01,7.845000000000000584e-02,-1.499999999999999944e-01,-1.661100000000000076e-01,-1.856299999999999895e-01,-1.247100000000000014e-01,-2.038999999999999840e-02,1.473800000000000110e-01,1.636799999999999922e-01,1.836000000000000132e-01,1.270100000000000118e-01,2.353999999999999843e-02
cy*c/cref,5.302937112000881414e-02,9.570105021489180852e-02,1.225652301362818164e-01,8.839674392976526462e-02,7.467147540682508855e-02,-1.459540028652242249e-01,-1.056074964184696707e-01,-6.426238952356462530e-02,-5.468038579509972713e-02,-6.866682364177349729e-02,-2.206886044888513310e-01,-1.528894635051243067e-01,-1.083223302905631097e-01,-6.343779304264775265e-02,-4.088297358850970925e-02,-5.248744186900781983e-02,-9.438113800830179312e-02,-1.209048637181794755e-01,-8.724889808250374523e-02,-7.375102578701832334e-02,1.446598189031333692e-01,1.041308245784814124e-01,6.324680389743966846e-02,5.390172390992910290e-02,6.755971274290122064e-02,2.181010601329757825e-01,1.514327459317488522e-01,1.078467978363883278e-01,6.299610770304520102e-02,4.058806983065789409e-02,-1.271305513720016045e-01,-1.321914766006685449e-01,-1.381553474084413757e-01,-8.641239870697571546e-02,-1.308688517062777355e-02,1.249100044080373312e-01,1.302576659442383211e-01,1.366445175035815307e-01,8.800608419351284295e-02,1.510864526319655697e-02
cz,1.268829999999999902e+00,1.415769999999999973e+00,1.735190000000000010e+00,1.930509999999999948e+00,2.091540000000000177e+00,2.142539999999999889e+00,1.547250000000000014e+00,1.378200000000000092e+00,1.282249999999999890e+00,1.117629999999999901e+00,9.683500000000000441e-01,9.124799999999999578e-01,8.708200000000000385e-01,8.039199999999999680e-01,6.609099999999999975e-01,1.261390000000000011e+00,1.406339999999999923e+00,1.724350000000000049e+00,1.918029999999999902e+00,2.077069999999999972e+00,2.126360000000000028e+00,1.529420000000000002e+00,1.361839999999999939e+00,1.267709999999999892e+00,1.105450000000000044e+00,9.594899999999999540e-01,9.046899999999999942e-01,8.652699999999999836e-01,7.983000000000000096e-01,6.562700000000000200e-01,1.560400000000000120e-01,1.757400000000000073e-01,2.016799999999999982e-01,1.290399999999999880e-01,2.111000000000000029e-02,1.532799999999999996e-01,1.730500000000000094e-01,1.988399999999999890e-01,1.299200000000000077e-01,2.398000000000000131e-02
cz*c/cref,2.022400269257612848e+00,2.099654050251625215e+00,2.381034053741321710e+00,2.435085589666825090e+00,2.406446497263343254e+00,2.291604054659662104e+00,1.575710692704698213e+00,1.333028676119457856e+00,1.174634355600043811e+00,9.666721514895491030e-01,7.781517319913308084e-01,6.679525886199167983e-01,5.751432940895565560e-01,4.734395709510339501e-01,3.419383203541122573e-01,2.010541582118061665e+00,2.085668913051463402e+00,2.366159366160967004e+00,2.419343703761524633e+00,2.389797864765087709e+00,2.274298355067406074e+00,1.557552721044704658e+00,1.317204884840024848e+00,1.161314656999595574e+00,9.561372993424677169e-01,7.710319670866545572e-01,6.622501615362008653e-01,5.714777314219593451e-01,4.701298754729456020e-01,3.395377002901957542e-01,1.322496749072475386e-01,1.398550966094846137e-01,1.501005789222348563e-01,8.941268486206514765e-02,1.354900176321492504e-02,1.299104727620027100e-01,1.377143761708849168e-01,1.479869055578003634e-01,9.002244278734893024e-02,1.539104984755537350e-02
Results_Name,VSPAERO_Comp_Load
Results_Timestamp,1759254118
Results_Date,9,30,2025
Results_Time,13,41,58
AoA,1.200000000000000000e+01,1.200000000000000000e+01,1.200000000000000000e+01,1.200000000000000000e+01,1.200000000000000000e+01,1.200000000000000000e+01,1.200000000000000000e+01,1.200000000000000000e+01,1.200000000000000000e+01
Beta,0.000000000000000000e+00,0.000000000000000000e+00,0.000000000000000000e+00,0.000000000000000000e+00,0.000000000000000000e+00,0.000000000000000000e+00,0.000000000000000000e+00,0.000000000000000000e+00,0.000000000000000000e+00
CDi,0.000000000000000000e+00,3.828000000000000153e-02,3.746000000000000024e-02,1.039999999999999909e-03,1.039999999999999909e-03,0.000000000000000000e+00,0.000000000000000000e+00,0.000000000000000000e+00,0.000000000000000000e+00
CFx,0.000000000000000000e+00,-1.244999999999999996e-01,-1.238900000000000001e-01,-1.219999999999999947e-03,-1.199999999999999895e-03,0.000000000000000000e+00,0.000000000000000000e+00,0.000000000000000000e+00,0.000000000000000000e+00
CFy,0.000000000000000000e+00,-2.222000000000000017e-02,2.195000000000000076e-02,-1.016000000000000063e-02,1.010999999999999920e-02,0.000000000000000000e+00,0.000000000000000000e+00,0.000000000000000000e+00,0.000000000000000000e+00
CFz,0.000000000000000000e+00,7.698599999999999888e-01,7.630299999999999860e-01,1.072999999999999995e-02,1.064999999999999974e-02,0.000000000000000000e+00,0.000000000000000000e+00,0.000000000000000000e+00,0.000000000000000000e+00
CL,0.000000000000000000e+00,7.789300000000000113e-01,7.721099999999999630e-01,1.074999999999999914e-02,1.065999999999999934e-02,0.000000000000000000e+00,0.000000000000000000e+00,0.000000000000000000e+00,0.000000000000000000e+00
Cmx,0.000000000000000000e+00,1.559699999999999975e-01,-1.543899999999999995e-01,2.700000000000000035e-04,-2.799999999999999755e-04,0.000000000000000000e+00,0.000000000000000000e+00,-1.000000000000000082e-05,0.000000000000000000e+00
Cmy,0.000000000000000000e+00,-2.443700000000000039e-01,-2.407100000000000073e-01,-3.824000000000000316e-02,-3.794999999999999762e-02,2.928000000000000047e-02,2.905999999999999903e-02,-0.000000000000000000e+00,2.000000000000000164e-05
Cmz,0.000000000000000000e+00,2.663000000000000089e-02,-2.645000000000000129e-02,-2.759999999999999867e-03,2.749999999999999840e-03,6.000000000000000152e-05,-5.000000000000000240e-05,1.000000000000000082e-05,6.000000000000000152e-05
Comp_ID,0,1,2,3,4,5,6,7,8
Comp_Name,NONE,main_wing,main_wing,horizontal_tail,horizontal_tail,fuselage,fuselage,fuselage,fuselage
Cs,0.000000000000000000e+00,-2.222000000000000017e-02,2.195000000000000076e-02,-1.016000000000000063e-02,1.010999999999999920e-02,0.000000000000000000e+00,0.000000000000000000e+00,0.000000000000000000e+00,0.000000000000000000e+00
Mach,1.499999999999999944e-01,1.499999999999999944e-01,1.499999999999999944e-01,1.499999999999999944e-01,1.499999999999999944e-01,1.499999999999999944e-01,1.499999999999999944e-01,1.499999999999999944e-01,1.499999999999999944e-01
Results_Name,VSPAERO_Load
Results_Timestamp,1759254118
Results_Date,9,30,2025
Results_Time,13,41,58
AnalysisMethod,0
Chord,1.735640000000000072e+00,1.614919999999999911e+00,1.494220000000000104e+00,1.373529999999999918e+00,1.252869999999999928e+00,1.164679999999999938e+00,1.108950000000000102e+00,1.053230000000000111e+00,9.975300000000000278e-01,9.418400000000000105e-01,8.750400000000000400e-01,7.971099999999999852e-01,7.191899999999999959e-01,6.412799999999999612e-01,5.633799999999999919e-01,1.735640000000000072e+00,1.614919999999999911e+00,1.494220000000000104e+00,1.373529999999999918e+00,1.252869999999999928e+00,1.164679999999999938e+00,1.108950000000000102e+00,1.053230000000000111e+00,9.975300000000000278e-01,9.418400000000000105e-01,8.750400000000000400e-01,7.971099999999999852e-01,7.191899999999999959e-01,6.412799999999999612e-01,5.633799999999999919e-01,9.229000000000000536e-01,8.665699999999999514e-01,8.104299999999999837e-01,7.545199999999999685e-01,6.988999999999999657e-01,9.229000000000000536e-01,8.665699999999999514e-01,8.104299999999999837e-01,7.545199999999999685e-01,6.988999999999999657e-01
FC_AoA_,1.300000000000000000e+01
FC_Beta_,0.000000000000000000e+00
FC_Bref_,1.417173599999999922e+01
FC_Cref_,1.088920000000000110e+00
FC_Mach_,1.499999999999999944e-01
FC_Pitch_Rate,0.000000000000000000e+00
FC_Rho_,2.377000000000000206e-03
FC_Roll__Rate,0.000000000000000000e+00
FC_Sref_,1.619368700000000061e+01
FC_Vinf_,5.100000000000000000e+01
FC_Xcg_,1.774861999999999940e+00
FC_Yaw___Rate,0.000000000000000000e+00
FC_Ycg_,0.000000000000000000e+00
FC_Zcg_,7.545150000000000468e-01
S,3.314000000000000279e-02,8.981999999999999706e-02,1.368900000000000117e-01,1.839600000000000124e-01,2.310300000000000131e-01,2.997400000000000064e-01,4.117600000000000149e-01,5.454599999999999449e-01,6.791599999999999859e-01,8.128699999999999815e-01,9.157600000000000184e-01,9.578299999999999592e-01,9.698799999999999644e-01,9.819299999999999695e-01,9.939799999999999747e-01,3.314000000000000279e-02,8.981999999999999706e-02,1.368900000000000117e-01,1.839600000000000124e-01,2.310300000000000131e-01,2.997400000000000064e-01,4.117600000000000149e-01,5.454599999999999449e-01,6.791599999999999859e-01,8.128699999999999815e-01,9.157600000000000184e-01,9.578299999999999592e-01,9.698799999999999644e-01,9.819299999999999695e-01,9.939799999999999747e-01,1.020299999999999957e-01,3.035599999999999965e-01,5.025399999999999867e-01,7.015200000000000324e-01,9.005100000000000326e-01,1.020299999999999957e-01,3.035599999999999965e-01,5.025399999999999867e-01,7.015200000000000324e-01,9.005100000000000326e-01
V/Vref,9.885599999999999943e-01,9.910999999999999810e-01,1.002429999999999932e+00,1.002599999999999936e+00,1.006780000000000008e+00,1.007570000000000077e+00,9.921200000000000019e-01,9.875699999999999479e-01,9.837900000000000533e-01,9.869900000000000340e-01,1.006950000000000012e+00,1.007800000000000029e+00,1.009269999999999889e+00,1.008429999999999938e+00,1.012510000000000021e+00,9.893600000000000172e-01,9.915300000000000225e-01,1.002499999999999947e+00,1.002799999999999914e+00,1.006499999999999950e+00,1.007309999999999928e+00,9.918200000000000349e-01,9.873399999999999954e-01,9.836099999999999843e-01,9.867200000000000415e-01,1.006280000000000063e+00,1.007090000000000041e+00,1.008529999999999927e+00,1.007870000000000044e+00,1.011910000000000087e+00,9.904500000000000526e-01,9.944199999999999706e-01,9.921999999999999709e-01,1.010410000000000030e+00,1.010799999999999921e+00,9.898200000000000331e-01,9.940299999999999692e-01,9.911900000000000155e-01,1.008739999999999970e+00,1.010429999999999939e+00
WingId,1,1,1,1,1,1,1,1,1,1,1,1,1,1,1,2,2,2,2,2,2,2,2,2,2,2,2,2,2,2,3,3,3,3,3,4,4,4,4,4
Xavg,2.391169999999999796e+00,2.380489999999999995e+00,2.369810000000000194e+00,2.359129999999999949e+00,2.348450000000000149e+00,2.336259999999999781e+00,2.322589999999999932e+00,2.308860000000000134e+00,2.295059999999999878e+00,2.281190000000000051e+00,2.284749999999999837e+00,2.305000000000000160e+00,2.325239999999999974e+00,2.345470000000000166e+00,2.365699999999999914e+00,2.391169999999999796e+00,2.380489999999999995e+00,2.369810000000000194e+00,2.359129999999999949e+00,2.348450000000000149e+00,2.336259999999999781e+00,2.322589999999999932e+00,2.308860000000000134e+00,2.295059999999999878e+00,2.281190000000000051e+00,2.284749999999999837e+00,2.305000000000000160e+00,2.325239999999999974e+00,2.345470000000000166e+00,2.365699999999999914e+00,5.722059999999999924e+00,5.820210000000000328e+00,5.918350000000000222e+00,6.016490000000000116e+00,6.114630000000000010e+00,5.722059999999999924e+00,5.820210000000000328e+00,5.918350000000000222e+00,6.016490000000000116e+00,6.114630000000000010e+00
Yavg,1.718899999999999872e-01,5.195499999999999563e-01,8.671900000000000164e-01,1.214790000000000036e+00,1.562359999999999971e+00,2.229140000000000121e+00,3.217070000000000096e+00,4.204979999999999940e+00,5.192870000000000097e+00,6.180740000000000123e+00,6.716649999999999565e+00,6.791660000000000252e+00,6.866660000000000430e+00,6.941650000000000098e+00,7.016610000000000014e+00,-1.718899999999999872e-01,-5.195499999999999563e-01,-8.671900000000000164e-01,-1.214790000000000036e+00,-1.562359999999999971e+00,-2.229140000000000121e+00,-3.217070000000000096e+00,-4.204979999999999940e+00,-5.192870000000000097e+00,-6.180740000000000123e+00,-6.716649999999999565e+00,-6.791660000000000252e+00,-6.866660000000000430e+00,-6.941650000000000098e+00,-7.016610000000000014e+00,1.078800000000000037e-01,3.257399999999999740e-01,5.435900000000000176e-01,7.614400000000000057e-01,9.792699999999999738e-01,-1.078800000000000037e-01,-3.257399999999999740e-01,-5.435900000000000176e-01,-7.614400000000000057e-01,-9.792699999999999738e-01
Zavg,1.027309999999999945e+00,1.024350000000000094e+00,1.021379999999999955e+00,1.018420000000000103e+00,1.015449999999999964e+00,1.037979999999999903e+00,1.086500000000000021e+00,1.135019999999999918e+00,1.183540000000000036e+00,1.232069999999999999e+00,1.270329999999999959e+00,1.298289999999999944e+00,1.326240000000000085e+00,1.354190000000000005e+00,1.382130000000000081e+00,1.027309999999999945e+00,1.024350000000000094e+00,1.021379999999999955e+00,1.018420000000000103e+00,1.015449999999999964e+00,1.037979999999999903e+00,1.086500000000000021e+00,1.135019999999999918e+00,1.183540000000000036e+00,1.232069999999999999e+00,1.270329999999999959e+00,1.298289999999999944e+00,1.326240000000000085e+00,1.354190000000000005e+00,1.382130000000000081e+00,3.777900000000000147e-01,5.956799999999999873e-01,8.135799999999999699e-01,1.031470000000000109e+00,1.249349999999999961e+00,3.777900000000000147e-01,5.956799999999999873e-01,8.135799999999999699e-01,1.031470000000000109e+00,1.249349999999999961e+00
cd,8.914999999999999314e-02,7.061000000000000609e-02,1.824999999999999956e-01,1.853599999999999970e-01,1.866200000000000081e-01,1.868400000000000061e-01,5.100000000000000366e-03,1.544000000000000060e-02,3.293999999999999706e-02,4.973000000000000337e-02,6.374000000000000499e-02,2.599999999999999881e-02,-4.490000000000000067e-03,-9.759999999999999579e-03,-1.081000000000000016e-02,9.002000000000000279e-02,6.880999999999999617e-02,1.781200000000000006e-01,1.815499999999999892e-01,1.827900000000000080e-01,1.819800000000000029e-01,3.170000000000000075e-03,1.444999999999999930e-02,3.216999999999999721e-02,4.827000000000000041e-02,6.056000000000000272e-02,2.305000000000000104e-02,-6.159999999999999677e-03,-1.051999999999999984e-02,-1.115999999999999978e-02,2.111999999999999988e-02,1.679999999999999896e-02,1.808999999999999844e-02,2.908000000000000168e-02,7.230000000000000315e-03,2.092000000000000109e-02,1.659000000000000058e-02,1.802000000000000129e-02,2.790000000000000119e-02,6.859999999999999779e-03
cd*c/cref,1.420970374315835560e-01,1.047179785475516878e-01,2.504271663666752246e-01,2.338073695037284072e-01,2.147178850604267997e-01,1.998391169231899245e-01,5.193811299269000641e-03,1.493394482606619396e-02,3.017543823237702622e-02,4.301298828196745139e-02,5.122052088307681161e-02,1.903249090842301997e-02,-2.965473221173272125e-03,-5.747798552694411214e-03,-5.592823898909009966e-03,1.434837387503214157e-01,1.020484931859089450e-01,2.444169143738750549e-01,2.290015533739851727e-01,2.103112325056018528e-01,1.946409896043786170e-01,3.228310160526025492e-03,1.397639266429122340e-02,2.947006217169304693e-02,4.175018991294125736e-02,4.866511993534878427e-02,1.687303520919810132e-02,-4.068444330161995019e-03,-6.195373030158320832e-03,-5.773905153730300374e-03,1.789998163317782498e-02,1.336955515556698115e-02,1.346350393049994265e-02,2.014972780369540459e-02,4.640420783895969105e-03,1.773047423134849199e-02,1.320243571612239597e-02,1.341140634757374307e-02,1.933209785842853259e-02,4.402944201594239347e-03
cl,1.343220000000000081e+00,1.504539999999999988e+00,1.811379999999999990e+00,2.016919999999999824e+00,2.187969999999999970e+00,2.243180000000000174e+00,1.678889999999999993e+00,1.502220000000000111e+00,1.392849999999999921e+00,1.210579999999999989e+00,1.049360000000000070e+00,9.974600000000000133e-01,9.607200000000000184e-01,8.913699999999999957e-01,7.403999999999999471e-01,1.334619999999999918e+00,1.491219999999999990e+00,1.796869999999999967e+00,2.000989999999999824e+00,2.169439999999999813e+00,2.220270000000000188e+00,1.653189999999999937e+00,1.482140000000000013e+00,1.376730000000000009e+00,1.195019999999999971e+00,1.032040000000000068e+00,9.807000000000000162e-01,9.448800000000000532e-01,8.791900000000000270e-01,7.311900000000000066e-01,1.872900000000000120e-01,2.111300000000000121e-01,2.288199999999999956e-01,1.587200000000000000e-01,4.581999999999999962e-02,1.841099999999999959e-01,2.064400000000000124e-01,2.244599999999999929e-01,1.576200000000000101e-01,4.562999999999999695e-02
cl*c/cref,2.140971201557506642e+00,2.231304170003305387e+00,2.485582249935716082e+00,2.544080490394151184e+00,2.517395193310802526e+00,2.399245933952907084e+00,1.709772127888182780e+00,1.452983846930904210e+00,1.275952007952833700e+00,1.047067431216250899e+00,8.432501693421003974e-01,7.301595531352164103e-01,6.345188046872130005e-01,5.249400815486903182e-01,3.830644601990962350e-01,2.127263579326304832e+00,2.211549978327149280e+00,2.465671574955001333e+00,2.523986881221760292e+00,2.496075278992027968e+00,2.374742004554971864e+00,1.683599392517356463e+00,1.433561980861771223e+00,1.261184914318774331e+00,1.033609114351834668e+00,8.293320736142233418e-01,7.178909166880944603e-01,6.240570906953678554e-01,5.177671116335450519e-01,3.782994363222274559e-01,1.587352064430812282e-01,1.680187011901700667e-01,1.702995560739080649e-01,1.099781567057267623e-01,2.940858648936560404e-02,1.560400387539947753e-01,1.642863670425742939e-01,1.670546209087903355e-01,1.092159592991220618e-01,2.928663905521065869e-02
cmx,1.277699999999999947e-01,4.677799999999999736e-01,1.035160000000000080e+00,1.764990000000000059e+00,2.701360000000000205e+00,4.310550000000000104e+00,4.782040000000000290e+00,5.889140000000000263e+00,7.136449999999999960e+00,7.856530000000000236e+00,8.127280000000000726e+00,8.477180000000000604e+00,9.059620000000000672e+00,9.476350000000000051e+00,9.044269999999999143e+00,-1.270000000000000018e-01,-4.636500000000000066e-01,-1.026690000000000103e+00,-1.750709999999999988e+00,-2.677960000000000118e+00,-4.265340000000000131e+00,-4.707300000000000040e+00,-5.809590000000000032e+00,-7.053309999999999746e+00,-7.754139999999999588e+00,-7.987260000000000026e+00,-8.325969999999999871e+00,-8.902939999999999188e+00,-9.342370000000000729e+00,-8.929570000000000007e+00,-5.394999999999999796e-02,4.016999999999999738e-02,1.662700000000000011e-01,2.184300000000000130e-01,9.697999999999999676e-02,5.308000000000000218e-02,-3.930999999999999772e-02,-1.630500000000000005e-01,-2.157600000000000073e-01,-9.538000000000000644e-02
cmx*c/cref,2.036538247070491803e-01,6.937399235940195918e-01,1.420450331704808500e+00,2.226303782371523710e+00,3.108082231201557022e+00,4.610450146934576665e+00,4.870002624618888554e+00,5.696119937369136466e+00,6.537507776971677842e+00,6.795351554935164629e+00,6.530961954229879574e+00,6.205455818425595460e+00,5.983532406237372925e+00,5.580753157256730823e+00,4.679279315835872310e+00,-2.024265143444881065e-01,-6.876149377364727533e-01,-1.408827766778092183e+00,-2.208291432152958311e+00,-3.081159079822208380e+00,-4.562094727987362930e+00,-4.793887829225287334e+00,-5.619177235885096877e+00,-6.461345483873929041e+00,-6.706791332329279598e+00,-6.418443954009476649e+00,-6.094767243415493141e+00,-5.880051260515004152e+00,-5.501850488190132893e+00,-4.619936401755866839e+00,-4.572462164346324104e-02,3.196756134518605186e-02,1.237466444734231924e-01,1.513516177496969373e-01,6.224453770708590628e-02,4.498726444550563836e-02,-3.128316745031774204e-02,-1.213501556588179042e-01,-1.495015567718473160e-01,-6.121761194578113213e-02
cmy,-1.995599999999999874e-01,-2.691299999999999804e-01,-4.091799999999999882e-01,-5.256600000000000161e-01,-6.427300000000000235e-01,-7.329299999999999704e-01,-5.168399999999999661e-01,-4.783800000000000274e-01,-4.667999999999999927e-01,-4.203399999999999914e-01,-4.123100000000000098e-01,-4.947900000000000076e-01,-6.105399999999999716e-01,-7.091100000000000181e-01,-7.547700000000000520e-01,-1.942699999999999982e-01,-2.618699999999999917e-01,-4.020699999999999830e-01,-5.182099999999999485e-01,-6.340000000000000080e-01,-7.216200000000000392e-01,-5.034300000000000441e-01,-4.681899999999999951e-01,-4.584500000000000242e-01,-4.115300000000000069e-01,-4.012700000000000156e-01,-4.829300000000000259e-01,-5.966599999999999682e-01,-6.972699999999999454e-01,-7.440099999999999492e-01,-7.506300000000000194e-01,-9.233599999999999586e-01,-1.097809999999999953e+00,-8.569499999999999895e-01,-2.871299999999999963e-01,-7.379499999999999948e-01,-9.034900000000000153e-01,-1.077730000000000077e+00,-8.535800000000000054e-01,-2.897299999999999875e-01
cmy*c/cref,-3.180805921463468189e-01,-3.991325529882818746e-01,-5.614782900488557438e-01,-6.630512616170148865e-01,-7.395007301730153193e-01,-7.839225217646841326e-01,-5.263469474341548882e-01,-4.627008112625353720e-01,-4.276227858795870751e-01,-3.635648400249788526e-01,-3.313262153326231307e-01,-3.621956221761010175e-01,-4.032383119053740694e-01,-4.176046548874113307e-01,-3.904991391470447049e-01,-3.096488105645960887e-01,-3.883656286963229065e-01,-5.517219220879403530e-01,-6.536540620982255190e-01,-7.294563236968738540e-01,-7.718256452264627976e-01,-5.126902789001946958e-01,-4.528447945670939778e-01,-4.199735779487932530e-01,-3.559448032913344884e-01,-3.224546346839070043e-01,-3.535138782463357887e-01,-3.940711029276713906e-01,-4.106319156595524822e-01,-3.849321839988243954e-01,-6.361867051757704727e-01,-7.348162171693052303e-01,-8.170463930316275158e-01,-5.937864250817322942e-01,-1.842882461521506976e-01,-6.254399358997906333e-01,-7.190035349704293477e-01,-8.021018292436542518e-01,-5.914513293905887537e-01,-1.859570005142709703e-01
cmz,2.000000000000000042e-02,1.019899999999999973e-01,1.614299999999999902e-01,2.509399999999999964e-01,3.873800000000000021e-01,5.552899999999999503e-01,1.035339999999999927e+00,1.270969999999999933e+00,1.448960000000000026e+00,1.440029999999999921e+00,1.193820000000000103e+00,1.564200000000000035e+00,1.981540000000000079e+00,2.174069999999999947e+00,2.110829999999999984e+00,-1.958000000000000018e-02,-1.007699999999999985e-01,-1.608799999999999952e-01,-2.504500000000000060e-01,-3.863599999999999812e-01,-5.555400000000000338e-01,-1.025460000000000038e+00,-1.257600000000000051e+00,-1.434530000000000083e+00,-1.427300000000000013e+00,-1.194720000000000004e+00,-1.565849999999999964e+00,-1.971130000000000049e+00,-2.157490000000000130e+00,-2.092119999999999980e+00,-7.249200000000000088e-01,-8.638799999999999812e-01,-9.951299999999999590e-01,-8.310699999999999754e-01,-2.735600000000000254e-01,7.128600000000000492e-01,8.457200000000000273e-01,9.751999999999999558e-01,8.123700000000000365e-01,2.649199999999999888e-01
cmz*c/cref,3.187819123535245991e-02,1.512560066855232477e-01,2.215148354332733271e-01,3.165279526503323448e-01,4.457047171509384564e-01,5.939234812474744052e-01,1.054384429526503242e+00,1.229313203081952688e+00,1.327352853102156116e+00,1.245525709143003867e+00,9.593360878668772962e-01,1.145023933805972671e+00,1.308731360063181803e+00,1.280339795026264271e+00,1.092090700326929120e+00,-3.120874921941005700e-02,-1.494466888292987350e-01,-2.207601234250450017e-01,-3.159098818094992489e-01,-4.445311438856847652e-01,-5.941908746280717413e-01,-1.044322693127135215e+00,-1.216381412775961568e+00,-1.314133922510377195e+00,-1.234515145281563253e+00,-9.600593145501964409e-01,-1.146231764959776411e+00,-1.301855953329904780e+00,-1.270575604452117480e+00,-1.082410613819196676e+00,-6.143965286706093432e-01,-6.874816254637622359e-01,-7.406266813907356195e-01,-5.758539988245233721e-01,-1.755786320390845812e-01,6.041752323403004610e-01,6.730297729860779121e-01,7.257937552804613057e-01,5.628966429122432835e-01,1.700332329280387356e-01
cs,3.656999999999999834e-02,6.837999999999999634e-02,9.407000000000000084e-02,7.578000000000000014e-02,7.170999999999999597e-02,-1.399499999999999911e-01,-1.074699999999999961e-01,-7.038999999999999424e-02,-6.343999999999999639e-02,-8.634999999999999620e-02,-2.864499999999999824e-01,-2.133799999999999863e-01,-1.644400000000000028e-01,-1.044500000000000012e-01,-7.728000000000000147e-02,-3.622999999999999832e-02,-6.711000000000000298e-02,-9.229999999999999316e-02,-7.452999999999999903e-02,-7.049999999999999323e-02,1.383000000000000063e-01,1.053199999999999970e-01,6.905000000000000027e-02,6.244000000000000244e-02,8.487000000000000099e-02,2.779099999999999904e-01,2.039100000000000079e-01,1.572000000000000064e-01,1.006299999999999972e-01,7.552000000000000379e-02,-1.791600000000000137e-01,-1.970399999999999929e-01,-2.106800000000000062e-01,-1.581899999999999973e-01,-4.521000000000000019e-02,1.762100000000000055e-01,1.927999999999999992e-01,2.063399999999999956e-01,1.542800000000000005e-01,4.320999999999999841e-02
cs*c/cref,5.828927267384196448e-02,1.014107827939609713e-01,1.290831974800719928e-01,9.558654758843622423e-02,8.250680279543030904e-02,-1.496868144583623772e-01,-1.094468432024391091e-01,-6.808292592660616926e-02,-5.811565881791131566e-02,-7.468673915439150157e-02,-2.301869815964441568e-01,-1.561981888476655367e-01,-1.086063288395841681e-01,-6.151204496198067057e-02,-3.998274106454100668e-02,-5.774734342284097710e-02,-9.952731256657972037e-02,-1.266543970172280820e-01,-9.400983625978030778e-02,-8.111462274547255602e-02,1.479220181464202810e-01,1.072572953017668779e-01,6.678684522278954816e-02,5.719958601182822955e-02,7.340664217757042476e-02,2.233243639569481576e-01,1.492659700437130033e-01,1.038245858281600098e-01,5.926239429893838395e-02,3.907216104029680170e-02,-1.518447305587187213e-01,-1.568057826102927377e-01,-1.567988395841751204e-01,-1.096109161370899532e-01,-2.901707104286815539e-02,1.493444963817360249e-01,1.534315615472210959e-01,1.535687894427505973e-01,1.069016508099768503e-01,2.773341384123718251e-02
cx,-2.152900000000000091e-01,-2.696500000000000008e-01,-2.296499999999999930e-01,-2.731000000000000094e-01,-3.103500000000000147e-01,-3.225500000000000034e-01,-3.726999999999999758e-01,-3.228800000000000003e-01,-2.812299999999999800e-01,-2.238600000000000034e-01,-1.739499999999999935e-01,-1.990399999999999947e-01,-2.204899999999999916e-01,-2.100200000000000122e-01,-1.770799999999999874e-01,-2.125199999999999867e-01,-2.684000000000000274e-01,-2.306499999999999939e-01,-2.732200000000000184e-01,-3.099100000000000188e-01,-3.221300000000000274e-01,-3.687900000000000067e-01,-3.193300000000000027e-01,-2.783499999999999863e-01,-2.217899999999999872e-01,-1.731499999999999984e-01,-1.981499999999999928e-01,-2.185499999999999943e-01,-2.080299999999999927e-01,-1.753500000000000059e-01,-2.154999999999999971e-02,-3.113000000000000142e-02,-3.384000000000000202e-02,-7.369999999999999815e-03,-3.259999999999999877e-03,-2.103000000000000008e-02,-3.026999999999999830e-02,-3.293999999999999706e-02,-8.269999999999999574e-03,-3.579999999999999849e-03
cx*c/cref,-3.431527895529515315e-01,-3.999037376483119965e-01,-3.151265685266135264e-01,-3.444798910847444717e-01,-3.570769243837930706e-01,-3.449909396466223077e-01,-3.795555825955992391e-01,-3.122974161554567529e-01,-2.576271552547477750e-01,-1.936233170480843313e-01,-1.397836461815376574e-01,-1.457010380927891702e-01,-1.456252094736068536e-01,-1.236836733644344766e-01,-9.161676743929762778e-02,-3.387376600668551840e-01,-3.980499283693935131e-01,-3.164987721779377594e-01,-3.446312553722954419e-01,-3.565706770928993019e-01,-3.445417187672188408e-01,-3.755736605994930422e-01,-3.088637695147485318e-01,-2.549888655732284737e-01,-1.918329111413142885e-01,-1.391407780185872078e-01,-1.450495412886162183e-01,-1.443439136943025780e-01,-1.225117349300223757e-01,-9.072170866546667989e-02,-1.826442254711089716e-02,-2.477346738052382119e-02,-2.518546008889541860e-02,-5.106722624251551663e-03,-2.092361238658486684e-03,-1.782370330235462721e-02,-2.408907348565550791e-02,-2.451563402270138733e-02,-5.730338684200858915e-03,-2.297746390919442466e-03
cy,3.656999999999999834e-02,6.837999999999999634e-02,9.407000000000000084e-02,7.578000000000000014e-02,7.170999999999999597e-02,-1.399499999999999911e-01,-1.074699999999999961e-01,-7.038999999999999424e-02,-6.343999999999999639e-02,-8.634999999999999620e-02,-2.864499999999999824e-01,-2.133799999999999863e-01,-1.644400000000000028e-01,-1.044500000000000012e-01,-7.728000000000000147e-02,-3.622999999999999832e-02,-6.711000000000000298e-02,-9.229999999999999316e-02,-7.452999999999999903e-02,-7.049999999999999323e-02,1.383000000000000063e-01,1.053199999999999970e-01,6.905000000000000027e-02,6.244000000000000244e-02,8.487000000000000099e-02,2.779099999999999904e-01,2.039100000000000079e-01,1.572000000000000064e-01,1.006299999999999972e-01,7.552000000000000379e-02,-1.791600000000000137e-01,-1.970399999999999929e-01,-2.106800000000000062e-01,-1.581899999999999973e-01,-4.521000000000000019e-02,1.762100000000000055e-01,1.927999999999999992e-01,2.063399999999999956e-01,1.542800000000000005e-01,4.320999999999999841e-02
cy*c/cref,5.828927267384196448e-02,1.014107827939609713e-01,1.290831974800719928e-01,9.558654758843622423e-02,8.250680279543030904e-02,-1.496868144583623772e-01,-1.094468432024391091e-01,-6.808292592660616926e-02,-5.811565881791131566e-02,-7.468673915439150157e-02,-2.301869815964441568e-01,-1.561981888476655367e-01,-1.086063288395841681e-01,-6.151204496198067057e-02,-3.998274106454100668e-02,-5.774734342284097710e-02,-9.952731256657972037e-02,-1.266543970172280820e-01,-9.400983625978030778e-02,-8.111462274547255602e-02,1.479220181464202810e-01,1.072572953017668779e-01,6.678684522278954816e-02,5.719958601182822955e-02,7.340664217757042476e-02,2.233243639569481576e-01,1.492659700437130033e-01,1.038245858281600098e-01,5.926239429893838395e-02,3.907216104029680170e-02,-1.518447305587187213e-01,-1.568057826102927377e-01,-1.567988395841751204e-01,-1.096109161370899532e-01,-2.901707104286815539e-02,1.493444963817360249e-01,1.534315615472210959e-01,1.535687894427505973e-01,1.069016508099768503e-01,2.773341384123718251e-02
cz,1.328840000000000021e+00,1.481859999999999955e+00,1.806009999999999893e+00,2.006920000000000037e+00,2.173880000000000035e+00,2.227710000000000079e+00,1.637010000000000076e+00,1.467189999999999994e+00,1.364559999999999995e+00,1.190739999999999910e+00,1.036799999999999944e+00,9.777400000000000535e-01,9.350899999999999768e-01,8.663300000000000445e-01,7.189900000000000180e-01,1.320670000000000011e+00,1.468480000000000008e+00,1.790890000000000093e+00,1.990539999999999976e+00,2.154949999999999921e+00,2.204299999999999926e+00,1.611529999999999907e+00,1.447400000000000020e+00,1.348680000000000101e+00,1.175249999999999906e+00,1.019209999999999949e+00,9.607499999999999929e-01,9.192799999999999860e-01,8.542899999999999938e-01,7.099400000000000155e-01,1.872399999999999898e-01,2.094999999999999918e-01,2.270199999999999996e-01,1.611899999999999999e-01,4.626999999999999863e-02,1.841000000000000136e-01,2.048800000000000066e-01,2.227600000000000136e-01,1.598499999999999921e-01,4.601000000000000228e-02
cz*c/cref,2.118050782059288206e+00,2.197668654446607306e+00,2.478213516328104937e+00,2.531466799764904074e+00,2.501183774381956049e+00,2.382699631561546738e+00,1.667121771571832722e+00,1.419101975994563336e+00,1.250036308268743124e+00,1.029907212283730500e+00,8.331571391837783169e-01,7.157241408000586391e-01,6.175911702420746607e-01,5.101936803438268386e-01,3.719874611541710285e-01,2.105028540939646753e+00,2.177825479925063146e+00,2.457465797120082396e+00,2.510805574514197058e+00,2.479403635253278004e+00,2.357660915402416624e+00,1.641173082962935625e+00,1.399960605003122360e+00,1.235489072108143738e+00,1.016509440546596421e+00,8.190220754509054402e-01,7.032871400102852499e-01,6.071492701024867600e-01,5.031031583587406431e-01,3.673052172795062131e-01,1.586928295926238741e-01,1.667215360173382455e-01,1.689599039415200232e-01,1.116896363369209721e-01,2.969740935973257112e-02,1.560315633839033100e-01,1.630449083495573437e-01,1.657893938948682977e-01,1.107611413143297779e-01,2.953053392352054593e-02
Results_Name,VSPAERO_Comp_Load
Results_Timestamp,1759254118
Results_Date,9,30,2025
Results_Time,13,41,58
AoA,1.300000000000000000e+01,1.300000000000000000e+01,1.300000000000000000e+01,1.300000000000000000e+01,1.300000000000000000e+01,1.300000000000000000e+01,1.300000000000000000e+01,1.300000000000000000e+01,1.300000000000000000e+01
Beta,0.000000000000000000e+00,0.000000000000000000e+00,0.000000000000000000e+00,0.000000000000000000e+00,0.000000000000000000e+00,0.000000000000000000e+00,0.000000000000000000e+00,0.000000000000000000e+00,0.000000000000000000e+00
CDi,0.000000000000000000e+00,4.198000000000000342e-02,4.089000000000000273e-02,1.420000000000000038e-03,1.389999999999999960e-03,0.000000000000000000e+00,0.000000000000000000e+00,0.000000000000000000e+00,0.000000000000000000e+00
CFx,0.000000000000000000e+00,-1.437799999999999911e-01,-1.428099999999999925e-01,-1.539999999999999919e-03,-1.520000000000000084e-03,0.000000000000000000e+00,0.000000000000000000e+00,0.000000000000000000e+00,0.000000000000000000e+00
CFy,0.000000000000000000e+00,-2.290000000000000022e-02,2.247999999999999998e-02,-1.234999999999999987e-02,1.208000000000000046e-02,0.000000000000000000e+00,0.000000000000000000e+00,0.000000000000000000e+00,0.000000000000000000e+00
CFz,0.000000000000000000e+00,8.094099999999999628e-01,8.003700000000000259e-01,1.298999999999999981e-02,1.277999999999999969e-02,0.000000000000000000e+00,0.000000000000000000e+00,0.000000000000000000e+00,0.000000000000000000e+00
CL,0.000000000000000000e+00,8.210100000000000176e-01,8.119800000000000351e-01,1.301000000000000073e-02,1.278999999999999929e-02,0.000000000000000000e+00,0.000000000000000000e+00,0.000000000000000000e+00,0.000000000000000000e+00
Cmx,0.000000000000000000e+00,1.649500000000000133e-01,-1.628900000000000070e-01,3.499999999999999964e-04,-3.499999999999999964e-04,1.000000000000000082e-05,-1.000000000000000082e-05,-1.000000000000000082e-05,0.000000000000000000e+00
Cmy,0.000000000000000000e+00,-2.583699999999999886e-01,-2.533400000000000096e-01,-4.624000000000000332e-02,-4.556000000000000327e-02,3.196999999999999842e-02,3.182999999999999718e-02,0.000000000000000000e+00,2.000000000000000164e-05
Cmz,0.000000000000000000e+00,3.081000000000000058e-02,-3.056000000000000036e-02,-3.350000000000000113e-03,3.279999999999999930e-03,6.999999999999999387e-05,-6.999999999999999387e-05,1.000000000000000082e-05,6.000000000000000152e-05
Comp_ID,0,1,2,3,4,5,6,7,8
Comp_Name,NONE,main_wing,main_wing,horizontal_tail,horizontal_tail,fuselage,fuselage,fuselage,fuselage
Cs,0.000000000000000000e+00,-2.290000000000000022e-02,2.247999999999999998e-02,-1.234999999999999987e-02,1.208000000000000046e-02,0.000000000000000000e+00,0.000000000000000000e+00,0.000000000000000000e+00,0.000000000000000000e+00
Mach,1.499999999999999944e-01,1.499999999999999944e-01,1.499999999999999944e-01,1.499999999999999944e-01,1.499999999999999944e-01,1.499999999999999944e-01,1.499999999999999944e-01,1.499999999999999944e-01,1.499999999999999944e-01
Results_Name,VSPAERO_Load
Results_Timestamp,1759254118
Results_Date,9,30,2025
Results_Time,13,41,58
AnalysisMethod,0
Chord,1.735640000000000072e+00,1.614919999999999911e+00,1.494220000000000104e+00,1.373529999999999918e+00,1.252869999999999928e+00,1.164679999999999938e+00,1.108950000000000102e+00,1.053230000000000111e+00,9.975300000000000278e-01,9.418400000000000105e-01,8.750400000000000400e-01,7.971099999999999852e-01,7.191899999999999959e-01,6.412799999999999612e-01,5.633799999999999919e-01,1.735640000000000072e+00,1.614919999999999911e+00,1.494220000000000104e+00,1.373529999999999918e+00,1.252869999999999928e+00,1.164679999999999938e+00,1.108950000000000102e+00,1.053230000000000111e+00,9.975300000000000278e-01,9.418400000000000105e-01,8.750400000000000400e-01,7.971099999999999852e-01,7.191899999999999959e-01,6.412799999999999612e-01,5.633799999999999919e-01,9.229000000000000536e-01,8.665699999999999514e-01,8.104299999999999837e-01,7.545199999999999685e-01,6.988999999999999657e-01,9.229000000000000536e-01,8.665699999999999514e-01,8.104299999999999837e-01,7.545199999999999685e-01,6.988999999999999657e-01
FC_AoA_,1.400000000000000000e+01
FC_Beta_,0.000000000000000000e+00
FC_Bref_,1.417173599999999922e+01
FC_Cref_,1.088920000000000110e+00
FC_Mach_,1.499999999999999944e-01
FC_Pitch_Rate,0.000000000000000000e+00
FC_Rho_,2.377000000000000206e-03
FC_Roll__Rate,0.000000000000000000e+00
FC_Sref_,1.619368700000000061e+01
FC_Vinf_,5.100000000000000000e+01
FC_Xcg_,1.774861999999999940e+00
FC_Yaw___Rate,0.000000000000000000e+00
FC_Ycg_,0.000000000000000000e+00
FC_Zcg_,7.545150000000000468e-01
S,3.314000000000000279e-02,8.981999999999999706e-02,1.368900000000000117e-01,1.839600000000000124e-01,2.310300000000000131e-01,2.997400000000000064e-01,4.117600000000000149e-01,5.454599999999999449e-01,6.791599999999999859e-01,8.128699999999999815e-01,9.157600000000000184e-01,9.578299999999999592e-01,9.698799999999999644e-01,9.819299999999999695e-01,9.939799999999999747e-01,3.314000000000000279e-02,8.981999999999999706e-02,1.368900000000000117e-01,1.839600000000000124e-01,2.310300000000000131e-01,2.997400000000000064e-01,4.117600000000000149e-01,5.454599999999999449e-01,6.791599999999999859e-01,8.128699999999999815e-01,9.157600000000000184e-01,9.578299999999999592e-01,9.698799999999999644e-01,9.819299999999999695e-01,9.939799999999999747e-01,1.020299999999999957e-01,3.035599999999999965e-01,5.025399999999999867e-01,7.015200000000000324e-01,9.005100000000000326e-01,1.020299999999999957e-01,3.035599999999999965e-01,5.025399999999999867e-01,7.015200000000000324e-01,9.005100000000000326e-01
V/Vref,9.856099999999999861e-01,9.884300000000000308e-01,1.000289999999999901e+00,1.000699999999999923e+00,1.005700000000000038e+00,1.005409999999999915e+00,9.896899999999999586e-01,9.849499999999999922e-01,9.816899999999999515e-01,9.825599999999999890e-01,1.003700000000000037e+00,1.003859999999999975e+00,1.004380000000000051e+00,1.001279999999999948e+00,1.005560000000000009e+00,9.864000000000000545e-01,9.888400000000000523e-01,1.000229999999999952e+00,1.000660000000000105e+00,1.005430000000000046e+00,1.005020000000000024e+00,9.894300000000000317e-01,9.847599999999999687e-01,9.815199999999999481e-01,9.823499999999999455e-01,1.003309999999999924e+00,1.003470000000000084e+00,1.004099999999999993e+00,1.001179999999999959e+00,1.005419999999999980e+00,9.903800000000000381e-01,9.940099999999999492e-01,9.915199999999999569e-01,1.008590000000000098e+00,1.010939999999999950e+00,9.898700000000000276e-01,9.937799999999999967e-01,9.910099999999999465e-01,1.007290000000000019e+00,1.010250000000000092e+00
WingId,1,1,1,1,1,1,1,1,1,1,1,1,1,1,1,2,2,2,2,2,2,2,2,2,2,2,2,2,2,2,3,3,3,3,3,4,4,4,4,4
Xavg,2.391169999999999796e+00,2.380489999999999995e+00,2.369810000000000194e+00,2.359129999999999949e+00,2.348450000000000149e+00,2.336259999999999781e+00,2.322589999999999932e+00,2.308860000000000134e+00,2.295059999999999878e+00,2.281190000000000051e+00,2.284749999999999837e+00,2.305000000000000160e+00,2.325239999999999974e+00,2.345470000000000166e+00,2.365699999999999914e+00,2.391169999999999796e+00,2.380489999999999995e+00,2.369810000000000194e+00,2.359129999999999949e+00,2.348450000000000149e+00,2.336259999999999781e+00,2.322589999999999932e+00,2.308860000000000134e+00,2.295059999999999878e+00,2.281190000000000051e+00,2.284749999999999837e+00,2.305000000000000160e+00,2.325239999999999974e+00,2.345470000000000166e+00,2.365699999999999914e+00,5.722059999999999924e+00,5.820210000000000328e+00,5.918350000000000222e+00,6.016490000000000116e+00,6.114630000000000010e+00,5.722059999999999924e+00,5.820210000000000328e+00,5.918350000000000222e+00,6.016490000000000116e+00,6.114630000000000010e+00
Yavg,1.718899999999999872e-01,5.195499999999999563e-01,8.671900000000000164e-01,1.214790000000000036e+00,1.562359999999999971e+00,2.229140000000000121e+00,3.217070000000000096e+00,4.204979999999999940e+00,5.192870000000000097e+00,6.180740000000000123e+00,6.716649999999999565e+00,6.791660000000000252e+00,6.866660000000000430e+00,6.941650000000000098e+00,7.016610000000000014e+00,-1.718899999999999872e-01,-5.195499999999999563e-01,-8.671900000000000164e-01,-1.214790000000000036e+00,-1.562359999999999971e+00,-2.229140000000000121e+00,-3.217070000000000096e+00,-4.204979999999999940e+00,-5.192870000000000097e+00,-6.180740000000000123e+00,-6.716649999999999565e+00,-6.791660000000000252e+00,-6.866660000000000430e+00,-6.941650000000000098e+00,-7.016610000000000014e+00,1.078800000000000037e-01,3.257399999999999740e-01,5.435900000000000176e-01,7.614400000000000057e-01,9.792699999999999738e-01,-1.078800000000000037e-01,-3.257399999999999740e-01,-5.435900000000000176e-01,-7.614400000000000057e-01,-9.792699999999999738e-01
Zavg,1.027309999999999945e+00,1.024350000000000094e+00,1.021379999999999955e+00,1.018420000000000103e+00,1.015449999999999964e+00,1.037979999999999903e+00,1.086500000000000021e+00,1.135019999999999918e+00,1.183540000000000036e+00,1.232069999999999999e+00,1.270329999999999959e+00,1.298289999999999944e+00,1.326240000000000085e+00,1.354190000000000005e+00,1.382130000000000081e+00,1.027309999999999945e+00,1.024350000000000094e+00,1.021379999999999955e+00,1.018420000000000103e+00,1.015449999999999964e+00,1.037979999999999903e+00,1.086500000000000021e+00,1.135019999999999918e+00,1.183540000000000036e+00,1.232069999999999999e+00,1.270329999999999959e+00,1.298289999999999944e+00,1.326240000000000085e+00,1.354190000000000005e+00,1.382130000000000081e+00,3.777900000000000147e-01,5.956799999999999873e-01,8.135799999999999699e-01,1.031470000000000109e+00,1.249349999999999961e+00,3.777900000000000147e-01,5.956799999999999873e-01,8.135799999999999699e-01,1.031470000000000109e+00,1.249349999999999961e+00
cd,1.040100000000000052e-01,8.218999999999999917e-02,1.957800000000000096e-01,1.968399999999999872e-01,1.983600000000000085e-01,1.962099999999999955e-01,8.729999999999999913e-03,1.965000000000000080e-02,4.000000000000000083e-02,5.791999999999999926e-02,7.138999999999999513e-02,2.620000000000000107e-02,-1.114000000000000060e-02,-2.605000000000000024e-02,-4.032000000000000167e-02,1.048300000000000065e-01,8.018000000000000127e-02,1.909700000000000009e-01,1.923400000000000110e-01,1.934800000000000131e-01,1.905799999999999994e-01,6.490000000000000109e-03,1.851999999999999827e-02,3.885000000000000259e-02,5.630000000000000282e-02,6.836000000000000409e-02,2.318999999999999881e-02,-1.186000000000000075e-02,-2.623999999999999944e-02,-4.104000000000000009e-02,2.597999999999999962e-02,2.127000000000000071e-02,2.292999999999999899e-02,3.343000000000000138e-02,1.252999999999999947e-02,2.580999999999999961e-02,2.103000000000000008e-02,2.279000000000000123e-02,3.175000000000000044e-02,1.149999999999999981e-02
cd*c/cref,1.657825335194504646e-01,1.218916677074532301e-01,2.686500308562612682e-01,2.482878863461043251e-01,2.282254832310913195e-01,2.098610208279763079e-01,8.890582871101641513e-03,1.900595957462439950e-02,3.664291224332365954e-02,5.009676817397053228e-02,5.736794769129044402e-02,1.917889468464166122e-02,-7.357543804870881124e-03,-1.534120412886162167e-02,-2.086056055541269869e-02,1.670895393600999035e-01,1.189107423869521923e-01,2.620497312933916523e-01,2.426117255629430536e-01,2.226107405502699421e-01,2.038393218969253573e-01,6.609379476912904429e-03,1.791299599603276421e-02,3.558942851632810461e-02,4.869558094258531061e-02,5.493308452411563986e-02,1.697551785255114673e-02,-7.833076259045659503e-03,-1.545309774822759864e-02,-2.123307056533078191e-02,2.201901149763067778e-02,1.692681179517319806e-02,1.706567966425448848e-02,2.316387209345039180e-02,8.042112368218048632e-03,2.187493020607574404e-02,1.673581815009366966e-02,1.696148449840208586e-02,2.199978878154501549e-02,7.381028909378097545e-03
cl,1.410220000000000029e+00,1.577730000000000077e+00,1.887450000000000072e+00,2.100200000000000067e+00,2.280530000000000168e+00,2.334849999999999870e+00,1.776340000000000030e+00,1.598510000000000097e+00,1.488949999999999996e+00,1.290300000000000002e+00,1.109499999999999931e+00,1.046030000000000015e+00,9.960099999999999509e-01,8.964100000000000401e-01,7.029100000000000348e-01,1.401510000000000034e+00,1.563949999999999951e+00,1.872069999999999901e+00,2.082720000000000127e+00,2.259900000000000020e+00,2.310039999999999871e+00,1.749190000000000023e+00,1.577210000000000001e+00,1.470720000000000027e+00,1.274040000000000061e+00,1.092219999999999969e+00,1.028040000000000065e+00,9.828400000000000469e-01,8.855899999999999883e-01,6.916200000000000125e-01,2.095100000000000018e-01,2.341000000000000025e-01,2.481800000000000117e-01,1.855300000000000005e-01,7.137000000000000288e-02,2.064499999999999946e-01,2.291900000000000048e-01,2.430299999999999960e-01,1.819500000000000006e-01,6.980999999999999706e-02
cl*c/cref,2.247763142195937203e+00,2.339848410902545250e+00,2.589965781691951907e+00,2.649127305954523059e+00,2.623891214322447318e+00,2.497293738750320902e+00,1.809014659479116771e+00,1.546117884968592815e+00,1.363986604617418941e+00,1.116019681886639914e+00,8.915777834919000888e-01,7.657137101899128551e-01,6.578264995591961428e-01,5.279082070308194208e-01,3.636680709326671757e-01,2.233880189912941017e+00,2.319412017411746962e+00,2.568861289534584813e+00,2.627078574734599048e+00,2.600155119751680122e+00,2.470757619659845972e+00,1.781365252268302557e+00,1.525516005124343266e+00,1.347286597362524097e+00,1.101955913749403049e+00,8.776918311721705335e-01,7.525446905190462665e-01,6.491282184182491921e-01,5.215361598648200481e-01,3.578269070271460905e-01,1.775674787863203707e-01,1.862983846379899222e-01,1.847082590089262621e-01,1.285549862248833719e-01,4.580730724020129485e-02,1.749740155383315565e-01,1.823909729824045589e-01,1.808753654079270912e-01,1.260743801197516667e-01,4.480605462292912983e-02
cmx,1.337200000000000055e-01,4.893799999999999817e-01,1.076719999999999899e+00,1.833469999999999933e+00,2.808619999999999894e+00,4.474759999999999849e+00,5.040729999999999933e+00,6.244629999999999903e+00,7.607990000000000030e+00,8.353550000000000253e+00,8.570669999999999789e+00,8.846090000000000231e+00,9.320520000000000138e+00,9.410259999999999181e+00,8.409710000000000463e+00,-1.329400000000000026e-01,-4.851099999999999857e-01,-1.067730000000000068e+00,-1.817749999999999977e+00,-2.782420000000000115e+00,-4.425559999999999938e+00,-4.961870000000000225e+00,-6.160429999999999851e+00,-7.513869999999999827e+00,-8.246660000000000323e+00,-8.431609999999999161e+00,-8.685019999999999740e+00,-9.192489999999999384e+00,-9.293309999999999960e+00,-8.268240000000000478e+00,-6.011999999999999983e-02,4.470999999999999974e-02,1.799199999999999966e-01,2.542599999999999860e-01,1.505499999999999894e-01,5.929000000000000242e-02,-4.381999999999999784e-02,-1.761800000000000033e-01,-2.478200000000000125e-01,-1.450899999999999967e-01
cmx*c/cref,2.131375865995665531e-01,7.257737479337323938e-01,1.477479115453844027e+00,2.312682335800609223e+00,3.231491513977150731e+00,4.786084815046099727e+00,5.133451064816514808e+00,6.039958541398816827e+00,6.969472747952098146e+00,7.225239257245711144e+00,6.887263597693126904e+00,6.475504903849684801e+00,6.155846874701538241e+00,5.541831845130953837e+00,4.350973827094735569e+00,-2.118943371413877785e-01,-7.194411354369465439e-01,-1.465143004628439272e+00,-2.292853614131432405e+00,-3.201346788928479015e+00,-4.733461797744553223e+00,-5.053140484608602989e+00,-5.958518246427653153e+00,-6.883251975443557491e+00,-7.132786847885978609e+00,-6.775517039268264874e+00,-6.357598622672004041e+00,-6.071287957884875297e+00,-5.472958377842264355e+00,-4.277780783895969385e+00,-5.095392498989824437e-02,3.558052446460713281e-02,1.339056731440325942e-01,1.761784660030121241e-01,9.662729585277152200e-02,5.025046927230650273e-02,-3.487225636410387630e-02,-1.311221737134040943e-01,-1.717161466407082226e-01,-9.312291169231896870e-02
cmy,-2.088500000000000079e-01,-2.810400000000000120e-01,-4.231800000000000006e-01,-5.447600000000000220e-01,-6.694400000000000350e-01,-7.625199999999999756e-01,-5.511399999999999633e-01,-5.155699999999999728e-01,-5.088200000000000500e-01,-4.575099999999999723e-01,-4.396700000000000053e-01,-5.215300000000000491e-01,-6.340200000000000280e-01,-7.068100000000000493e-01,-7.008199999999999985e-01,-2.035500000000000087e-01,-2.735899999999999999e-01,-4.156599999999999739e-01,-5.364900000000000224e-01,-6.595600000000000351e-01,-7.502199999999999980e-01,-5.369099999999999984e-01,-5.045899999999999830e-01,-4.990700000000000136e-01,-4.481800000000000228e-01,-4.283199999999999785e-01,-5.075199999999999712e-01,-6.229099999999999637e-01,-6.963399999999999590e-01,-6.865299999999999736e-01,-8.385899999999999466e-01,-1.022559999999999913e+00,-1.191179999999999906e+00,-1.000459999999999905e+00,-4.409899999999999931e-01,-8.267299999999999649e-01,-1.002050000000000107e+00,-1.167569999999999997e+00,-9.836000000000000298e-01,-4.384399999999999964e-01
cmy*c/cref,-3.328880119751680411e-01,-4.167956477978179697e-01,-5.806891411673952286e-01,-6.871434107188773011e-01,-7.702322418543142701e-01,-8.155712022921792759e-01,-5.612778744076699633e-01,-4.986718869154758704e-01,-4.661161651911985837e-01,-3.957143026117620477e-01,-3.533123065055284173e-01,-3.817698070565330726e-01,-4.187459536054071729e-01,-4.162501531792968668e-01,-3.625867571538771705e-01,-3.244402912977996656e-01,-4.057469444954633353e-01,-5.703701697094368805e-01,-6.767118885684897389e-01,-7.588646890497005026e-01,-8.024154479667926498e-01,-5.467861224883370230e-01,-4.880517629394262036e-01,-4.571844553318884508e-01,-3.876445020754508697e-01,-3.441916144436689140e-01,-3.715142225324173375e-01,-4.114082236527935033e-01,-4.100842258384453376e-01,-3.551934682070307381e-01,-7.107360605003121279e-01,-8.137602571355102565e-01,-8.865371261433344641e-01,-6.932254703743156998e-01,-2.830399946736215089e-01,-7.006842715718325509e-01,-7.974382585497556963e-01,-8.689653556735112971e-01,-6.815430628512654243e-01,-2.814033317415420288e-01
cmz,2.202000000000000138e-02,1.115899999999999948e-01,1.819999999999999951e-01,2.891699999999999826e-01,4.475999999999999979e-01,6.533099999999999463e-01,1.175370000000000026e+00,1.448760000000000048e+00,1.655370000000000008e+00,1.644959999999999978e+00,1.376989999999999936e+00,1.804510000000000058e+00,2.287879999999999914e+00,2.555610000000000159e+00,2.566990000000000105e+00,-2.159000000000000155e-02,-1.102700000000000069e-01,-1.812900000000000067e-01,-2.885800000000000032e-01,-4.467400000000000260e-01,-6.535100000000000353e-01,-1.164260000000000073e+00,-1.433429999999999982e+00,-1.638929999999999998e+00,-1.630470000000000086e+00,-1.374209999999999932e+00,-1.801520000000000010e+00,-2.270579999999999821e+00,-2.533450000000000202e+00,-2.545910000000000117e+00,-8.074400000000000466e-01,-9.521399999999999864e-01,-1.080270000000000064e+00,-9.496700000000000141e-01,-4.098399999999999821e-01,7.962500000000000133e-01,9.334599999999999564e-01,1.056810000000000027e+00,9.137399999999999967e-01,3.892100000000000004e-01
cmz*c/cref,3.509788855012305892e-02,1.654932619476177924e-01,2.497410645410131080e-01,3.647500919259448748e-01,5.149915622818939109e-01,6.987630779120594937e-01,1.196990193494471555e+00,1.401276030195055755e+00,1.516439441005766886e+00,1.422775893913234890e+00,1.106528789626418652e+00,1.320935391121478064e+00,1.511057210079711721e+00,1.505033960988869435e+00,1.328096486610586435e+00,-3.441250743856297950e-02,-1.635356393490798033e-01,-2.487667999485729253e-01,-3.640058841788192945e-01,-5.140020789406015700e-01,-6.989769926165374514e-01,-1.185675832017044407e+00,-1.386448480053631194e+00,-1.501379204073761020e+00,-1.410243052565844923e+00,-1.104294822760165884e+00,-1.318746654667009244e+00,-1.499631221944678794e+00,-1.491983631488079887e+00,-1.317190221320206911e+00,-6.843352826653932297e-01,-7.577195384417587665e-01,-8.039922272526907054e-01,-6.580327373911765143e-01,-2.630470337582190843e-01,6.748513435330418808e-01,7.428538663997353853e-01,7.865320944605663778e-01,6.331365984645336287e-01,2.498061097233955918e-01
cs,4.028999999999999942e-02,7.259999999999999787e-02,9.912999999999999590e-02,8.200999999999999956e-02,7.875000000000000056e-02,-1.440500000000000114e-01,-1.112100000000000033e-01,-7.427999999999999881e-02,-6.900000000000000577e-02,-9.675999999999999879e-02,-2.964600000000000013e-01,-2.102199999999999902e-01,-1.486899999999999888e-01,-6.704999999999999849e-02,-2.946000000000000008e-02,-3.991999999999999715e-02,-7.123000000000000165e-02,-9.715999999999999637e-02,-8.054000000000000048e-02,-7.736999999999999433e-02,1.421499999999999986e-01,1.088699999999999946e-01,7.284000000000000197e-02,6.783999999999999753e-02,9.506000000000000560e-02,2.884900000000000242e-01,2.011699999999999877e-01,1.431600000000000095e-01,6.408999999999999420e-02,2.690000000000000030e-02,-1.997700000000000031e-01,-2.174699999999999966e-01,-2.288000000000000034e-01,-1.817900000000000071e-01,-6.901999999999999802e-02,1.969700000000000062e-01,2.130499999999999894e-01,2.236799999999999899e-01,1.746399999999999897e-01,6.449000000000000565e-02
cs*c/cref,6.421861624361752119e-02,1.076692429195900275e-01,1.360265479557726809e-01,1.034448768504573068e-01,9.060675944972998441e-02,-1.540720659001579285e-01,-1.132556381552363711e-01,-7.184542886529772521e-02,-6.320902361973330941e-02,-8.369066451162618381e-02,-2.382308694853616238e-01,-1.538850091834110534e-01,-9.820405640451086715e-02,-3.948666936046724141e-02,-1.524186790581493270e-02,-6.362886970576350776e-02,-1.056374679498952862e-01,-1.333233067626639345e-01,-1.015906643279579497e-01,-8.901898385556328286e-02,1.520398762076185240e-01,1.108725953238070688e-01,7.045262572089777686e-02,6.214637916467691953e-02,8.222028284906145179e-02,2.318262954119678365e-01,1.472602383095176493e-01,9.455170297175181926e-02,3.774348455350254317e-02,1.391738787055063487e-02,-1.693124683172317346e-01,-1.730641166476875881e-01,-1.702846710502148864e-01,-1.259635150424273653e-01,-4.429901002828489504e-02,1.669393646916210450e-01,1.695466503508062661e-01,1.664741049847555110e-01,1.210092318994967359e-01,4.139152646659074314e-02
cx,-2.402400000000000091e-01,-3.019399999999999862e-01,-2.666499999999999981e-01,-3.170899999999999830e-01,-3.592400000000000038e-01,-3.744700000000000251e-01,-4.212600000000000233e-01,-3.676499999999999768e-01,-3.213900000000000090e-01,-2.559500000000000108e-01,-1.991400000000000114e-01,-2.276400000000000090e-01,-2.517599999999999838e-01,-2.421399999999999941e-01,-2.091699999999999948e-01,-2.373399999999999954e-01,-3.005599999999999938e-01,-2.676000000000000045e-01,-3.172300000000000120e-01,-3.589800000000000213e-01,-3.739299999999999846e-01,-4.168799999999999728e-01,-3.635900000000000243e-01,-3.180999999999999939e-01,-2.535899999999999821e-01,-1.978999999999999926e-01,-2.262000000000000122e-01,-2.492699999999999916e-01,-2.396999999999999964e-01,-2.071399999999999908e-01,-2.547999999999999918e-02,-3.599000000000000116e-02,-3.778999999999999720e-02,-1.244999999999999926e-02,-5.109999999999999959e-03,-2.489999999999999852e-02,-3.504000000000000170e-02,-3.667999999999999733e-02,-1.320999999999999952e-02,-5.729999999999999850e-03
cx*c/cref,-3.829208331190537273e-01,-4.477913389413362699e-01,-3.658981036256107044e-01,-3.999675161628034048e-01,-4.133279017742349515e-01,-4.005231969290672933e-01,-4.290088133196194309e-01,-3.556000528046137088e-01,-2.944166391470447453e-01,-2.213789332549682132e-01,-1.600259574624398606e-01,-1.666367780920544883e-01,-1.662778481431142485e-01,-1.425995841751459825e-01,-1.082193316313411202e-01,-3.782984953899276026e-01,-4.457447334974101727e-01,-3.672016970943687286e-01,-4.001441078316129163e-01,-4.130287556477977295e-01,-3.999456272269770740e-01,-4.245482459684825072e-01,-3.516731217169305479e-01,-2.914027596150313704e-01,-2.193376975351724323e-01,-1.590295118098666305e-01,-1.655826709032802990e-01,-1.646332984057597981e-01,-1.411626345369723923e-01,-1.071690603533776293e-01,-2.159524299305733835e-02,-2.864108869338426872e-02,-2.812525226830253286e-02,-8.626688829298753344e-03,-3.279744150167137207e-03,-2.110367152775226643e-02,-2.788507218161113618e-02,-2.729913345332990113e-02,-9.153297946589280393e-03,-3.677677882672739009e-03
cy,4.028999999999999942e-02,7.259999999999999787e-02,9.912999999999999590e-02,8.200999999999999956e-02,7.875000000000000056e-02,-1.440500000000000114e-01,-1.112100000000000033e-01,-7.427999999999999881e-02,-6.900000000000000577e-02,-9.675999999999999879e-02,-2.964600000000000013e-01,-2.102199999999999902e-01,-1.486899999999999888e-01,-6.704999999999999849e-02,-2.946000000000000008e-02,-3.991999999999999715e-02,-7.123000000000000165e-02,-9.715999999999999637e-02,-8.054000000000000048e-02,-7.736999999999999433e-02,1.421499999999999986e-01,1.088699999999999946e-01,7.284000000000000197e-02,6.783999999999999753e-02,9.506000000000000560e-02,2.884900000000000242e-01,2.011699999999999877e-01,1.431600000000000095e-01,6.408999999999999420e-02,2.690000000000000030e-02,-1.997700000000000031e-01,-2.174699999999999966e-01,-2.288000000000000034e-01,-1.817900000000000071e-01,-6.901999999999999802e-02,1.969700000000000062e-01,2.130499999999999894e-01,2.236799999999999899e-01,1.746399999999999897e-01,6.449000000000000565e-02
cy*c/cref,6.421861624361752119e-02,1.076692429195900275e-01,1.360265479557726809e-01,1.034448768504573068e-01,9.060675944972998441e-02,-1.540720659001579285e-01,-1.132556381552363711e-01,-7.184542886529772521e-02,-6.320902361973330941e-02,-8.369066451162618381e-02,-2.382308694853616238e-01,-1.538850091834110534e-01,-9.820405640451086715e-02,-3.948666936046724141e-02,-1.524186790581493270e-02,-6.362886970576350776e-02,-1.056374679498952862e-01,-1.333233067626639345e-01,-1.015906643279579497e-01,-8.901898385556328286e-02,1.520398762076185240e-01,1.108725953238070688e-01,7.045262572089777686e-02,6.214637916467691953e-02,8.222028284906145179e-02,2.318262954119678365e-01,1.472602383095176493e-01,9.455170297175181926e-02,3.774348455350254317e-02,1.391738787055063487e-02,-1.693124683172317346e-01,-1.730641166476875881e-01,-1.702846710502148864e-01,-1.259635150424273653e-01,-4.429901002828489504e-02,1.669393646916210450e-01,1.695466503508062661e-01,1.664741049847555110e-01,1.210092318994967359e-01,4.139152646659074314e-02
cz,1.393489999999999895e+00,1.550750000000000073e+00,1.878740000000000077e+00,2.085430000000000117e+00,2.260769999999999946e+00,2.312959999999999905e+00,1.725680000000000103e+00,1.555779999999999941e+00,1.454399999999999915e+00,1.265989999999999949e+00,1.093820000000000014e+00,1.021300000000000097e+00,9.637299999999999756e-01,8.634800000000000253e-01,6.722799999999999887e-01,1.385240000000000027e+00,1.536890000000000089e+00,1.862659999999999982e+00,2.067379999999999995e+00,2.239580000000000126e+00,2.287520000000000220e+00,1.698800000000000088e+00,1.534839999999999982e+00,1.436430000000000096e+00,1.249819999999999931e+00,1.076310000000000100e+00,1.003120000000000012e+00,9.507799999999999585e-01,8.529299999999999660e-01,6.611500000000000155e-01,2.095700000000000063e-01,2.323000000000000065e-01,2.463599999999999957e-01,1.880999999999999894e-01,7.227999999999999703e-02,2.065599999999999936e-01,2.274700000000000055e-01,2.413299999999999890e-01,1.842199999999999949e-01,7.051000000000000323e-02
cz*c/cref,2.221097035227564742e+00,2.299835791426366960e+00,2.578013887888917832e+00,2.630496884895125120e+00,2.601156108713219783e+00,2.473880774345222466e+00,1.757422800573044785e+00,1.504788386107335674e+00,1.332336289167248111e+00,1.094993224111963981e+00,8.789775674980714326e-01,7.476108832604781984e-01,6.365067945303602981e-01,5.085152760533371286e-01,3.478208742607353243e-01,2.207947281342982127e+00,2.279280754141717935e+00,2.555948853175623814e+00,2.607729173309333515e+00,2.576775699408587972e+00,2.446670823935642503e+00,1.730048359842780048e+00,1.484534707049186331e+00,1.315874460841935045e+00,1.081007299709804137e+00,8.649067905814936674e-01,7.343027800022039475e-01,6.279538149726333618e-01,5.023022356095947494e-01,3.420624903574183140e-01,1.776183310068691901e-01,1.848659322998934540e-01,1.833537218528449864e-01,1.303357565294052667e-01,4.639137126694337782e-02,1.750672446093376744e-01,1.810221851926679393e-01,1.796101383940050533e-01,1.276472784042904651e-01,4.525533464349997675e-02
Results_Name,VSPAERO_Comp_Load
Results_Timestamp,1759254118
Results_Date,9,30,2025
Results_Time,13,41,58
AoA,1.400000000000000000e+01,1.400000000000000000e+01,1.400000000000000000e+01,1.400000000000000000e+01,1.400000000000000000e+01,1.400000000000000000e+01,1.400000000000000000e+01,1.400000000000000000e+01,1.400000000000000000e+01
Beta,0.000000000000000000e+00,0.000000000000000000e+00,0.000000000000000000e+00,0.000000000000000000e+00,0.000000000000000000e+00,0.000000000000000000e+00,0.000000000000000000e+00,0.000000000000000000e+00,0.000000000000000000e+00
CDi,0.000000000000000000e+00,4.599000000000000310e-02,4.470999999999999974e-02,1.779999999999999898e-03,1.740000000000000010e-03,0.000000000000000000e+00,0.000000000000000000e+00,0.000000000000000000e+00,0.000000000000000000e+00
CFx,0.000000000000000000e+00,-1.643400000000000138e-01,-1.632399999999999962e-01,-1.840000000000000056e-03,-1.820000000000000003e-03,0.000000000000000000e+00,0.000000000000000000e+00,0.000000000000000000e+00,0.000000000000000000e+00
CFy,0.000000000000000000e+00,-2.353999999999999843e-02,2.307999999999999982e-02,-1.396000000000000019e-02,1.359999999999999924e-02,0.000000000000000000e+00,0.000000000000000000e+00,0.000000000000000000e+00,0.000000000000000000e+00
CFz,0.000000000000000000e+00,8.491999999999999549e-01,8.395200000000000440e-01,1.477000000000000014e-02,1.448999999999999941e-02,0.000000000000000000e+00,0.000000000000000000e+00,0.000000000000000000e+00,0.000000000000000000e+00
CL,0.000000000000000000e+00,8.637299999999999978e-01,8.540699999999999958e-01,1.477999999999999974e-02,1.450000000000000074e-02,0.000000000000000000e+00,0.000000000000000000e+00,0.000000000000000000e+00,0.000000000000000000e+00
Cmx,0.000000000000000000e+00,1.737900000000000000e-01,-1.715800000000000103e-01,4.299999999999999894e-04,-4.099999999999999912e-04,2.000000000000000164e-05,-2.000000000000000164e-05,-1.000000000000000082e-05,0.000000000000000000e+00
Cmy,0.000000000000000000e+00,-2.729699999999999904e-01,-2.675699999999999745e-01,-5.258999999999999786e-02,-5.168999999999999984e-02,3.456999999999999656e-02,3.440000000000000002e-02,0.000000000000000000e+00,1.000000000000000082e-05
Cmz,0.000000000000000000e+00,3.527999999999999886e-02,-3.500000000000000333e-02,-3.779999999999999940e-03,3.690000000000000138e-03,8.000000000000000654e-05,-8.000000000000000654e-05,1.000000000000000082e-05,6.000000000000000152e-05
Comp_ID,0,1,2,3,4,5,6,7,8
Comp_Name,NONE,main_wing,main_wing,horizontal_tail,horizontal_tail,fuselage,fuselage,fuselage,fuselage
Cs,0.000000000000000000e+00,-2.353999999999999843e-02,2.307999999999999982e-02,-1.396000000000000019e-02,1.359999999999999924e-02,0.000000000000000000e+00,0.000000000000000000e+00,0.000000000000000000e+00,0.000000000000000000e+00
Mach,1.499999999999999944e-01,1.499999999999999944e-01,1.499999999999999944e-01,1.499999999999999944e-01,1.499999999999999944e-01,1.499999999999999944e-01,1.499999999999999944e-01,1.499999999999999944e-01,1.499999999999999944e-01
Results_Name,VSPAERO_Load
Results_Timestamp,1759254118
Results_Date,9,30,2025
Results_Time,13,41,58
AnalysisMethod,0
Chord,1.735640000000000072e+00,1.614919999999999911e+00,1.494220000000000104e+00,1.373529999999999918e+00,1.252869999999999928e+00,1.164679999999999938e+00,1.108950000000000102e+00,1.053230000000000111e+00,9.975300000000000278e-01,9.418400000000000105e-01,8.750400000000000400e-01,7.971099999999999852e-01,7.191899999999999959e-01,6.412799999999999612e-01,5.633799999999999919e-01,1.735640000000000072e+00,1.614919999999999911e+00,1.494220000000000104e+00,1.373529999999999918e+00,1.252869999999999928e+00,1.164679999999999938e+00,1.108950000000000102e+00,1.053230000000000111e+00,9.975300000000000278e-01,9.418400000000000105e-01,8.750400000000000400e-01,7.971099999999999852e-01,7.191899999999999959e-01,6.412799999999999612e-01,5.633799999999999919e-01,9.229000000000000536e-01,8.665699999999999514e-01,8.104299999999999837e-01,7.545199999999999685e-01,6.988999999999999657e-01,9.229000000000000536e-01,8.665699999999999514e-01,8.104299999999999837e-01,7.545199999999999685e-01,6.988999999999999657e-01
FC_AoA_,1.500000000000000000e+01
FC_Beta_,0.000000000000000000e+00
FC_Bref_,1.417173599999999922e+01
FC_Cref_,1.088920000000000110e+00
FC_Mach_,1.499999999999999944e-01
FC_Pitch_Rate,0.000000000000000000e+00
FC_Rho_,2.377000000000000206e-03
FC_Roll__Rate,0.000000000000000000e+00
FC_Sref_,1.619368700000000061e+01
FC_Vinf_,5.100000000000000000e+01
FC_Xcg_,1.774861999999999940e+00
FC_Yaw___Rate,0.000000000000000000e+00
FC_Ycg_,0.000000000000000000e+00
FC_Zcg_,7.545150000000000468e-01
S,3.314000000000000279e-02,8.981999999999999706e-02,1.368900000000000117e-01,1.839600000000000124e-01,2.310300000000000131e-01,2.997400000000000064e-01,4.117600000000000149e-01,5.454599999999999449e-01,6.791599999999999859e-01,8.128699999999999815e-01,9.157600000000000184e-01,9.578299999999999592e-01,9.698799999999999644e-01,9.819299999999999695e-01,9.939799999999999747e-01,3.314000000000000279e-02,8.981999999999999706e-02,1.368900000000000117e-01,1.839600000000000124e-01,2.310300000000000131e-01,2.997400000000000064e-01,4.117600000000000149e-01,5.454599999999999449e-01,6.791599999999999859e-01,8.128699999999999815e-01,9.157600000000000184e-01,9.578299999999999592e-01,9.698799999999999644e-01,9.819299999999999695e-01,9.939799999999999747e-01,1.020299999999999957e-01,3.035599999999999965e-01,5.025399999999999867e-01,7.015200000000000324e-01,9.005100000000000326e-01,1.020299999999999957e-01,3.035599999999999965e-01,5.025399999999999867e-01,7.015200000000000324e-01,9.005100000000000326e-01
V/Vref,9.824500000000000455e-01,9.855599999999999916e-01,9.979200000000000292e-01,9.984199999999999742e-01,1.003689999999999971e+00,1.003220000000000001e+00,9.869799999999999685e-01,9.819299999999999695e-01,9.785199999999999454e-01,9.796899999999999498e-01,1.003339999999999899e+00,1.004080000000000084e+00,1.005730000000000013e+00,1.003949999999999898e+00,1.009640000000000093e+00,9.832600000000000229e-01,9.859599999999999476e-01,9.978900000000000547e-01,9.983699999999999797e-01,1.003479999999999928e+00,1.002920000000000034e+00,9.867500000000000160e-01,9.817500000000000115e-01,9.783399999999999874e-01,9.794800000000000173e-01,1.002780000000000005e+00,1.003489999999999993e+00,1.004990000000000050e+00,1.003020000000000023e+00,1.008790000000000076e+00,9.901499999999999746e-01,9.933199999999999807e-01,9.906300000000000106e-01,1.005949999999999900e+00,1.011570000000000080e+00,9.896099999999999897e-01,9.931100000000000483e-01,9.902800000000000491e-01,1.005330000000000057e+00,1.010969999999999924e+00
WingId,1,1,1,1,1,1,1,1,1,1,1,1,1,1,1,2,2,2,2,2,2,2,2,2,2,2,2,2,2,2,3,3,3,3,3,4,4,4,4,4
Xavg,2.391169999999999796e+00,2.380489999999999995e+00,2.369810000000000194e+00,2.359129999999999949e+00,2.348450000000000149e+00,2.336259999999999781e+00,2.322589999999999932e+00,2.308860000000000134e+00,2.295059999999999878e+00,2.281190000000000051e+00,2.284749999999999837e+00,2.305000000000000160e+00,2.325239999999999974e+00,2.345470000000000166e+00,2.365699999999999914e+00,2.391169999999999796e+00,2.380489999999999995e+00,2.369810000000000194e+00,2.359129999999999949e+00,2.348450000000000149e+00,2.336259999999999781e+00,2.322589999999999932e+00,2.308860000000000134e+00,2.295059999999999878e+00,2.281190000000000051e+00,2.284749999999999837e+00,2.305000000000000160e+00,2.325239999999999974e+00,2.345470000000000166e+00,2.365699999999999914e+00,5.722059999999999924e+00,5.820210000000000328e+00,5.918350000000000222e+00,6.016490000000000116e+00,6.114630000000000010e+00,5.722059999999999924e+00,5.820210000000000328e+00,5.918350000000000222e+00,6.016490000000000116e+00,6.114630000000000010e+00
Yavg,1.718899999999999872e-01,5.195499999999999563e-01,8.671900000000000164e-01,1.214790000000000036e+00,1.562359999999999971e+00,2.229140000000000121e+00,3.217070000000000096e+00,4.204979999999999940e+00,5.192870000000000097e+00,6.180740000000000123e+00,6.716649999999999565e+00,6.791660000000000252e+00,6.866660000000000430e+00,6.941650000000000098e+00,7.016610000000000014e+00,-1.718899999999999872e-01,-5.195499999999999563e-01,-8.671900000000000164e-01,-1.214790000000000036e+00,-1.562359999999999971e+00,-2.229140000000000121e+00,-3.217070000000000096e+00,-4.204979999999999940e+00,-5.192870000000000097e+00,-6.180740000000000123e+00,-6.716649999999999565e+00,-6.791660000000000252e+00,-6.866660000000000430e+00,-6.941650000000000098e+00,-7.016610000000000014e+00,1.078800000000000037e-01,3.257399999999999740e-01,5.435900000000000176e-01,7.614400000000000057e-01,9.792699999999999738e-01,-1.078800000000000037e-01,-3.257399999999999740e-01,-5.435900000000000176e-01,-7.614400000000000057e-01,-9.792699999999999738e-01
Zavg,1.027309999999999945e+00,1.024350000000000094e+00,1.021379999999999955e+00,1.018420000000000103e+00,1.015449999999999964e+00,1.037979999999999903e+00,1.086500000000000021e+00,1.135019999999999918e+00,1.183540000000000036e+00,1.232069999999999999e+00,1.270329999999999959e+00,1.298289999999999944e+00,1.326240000000000085e+00,1.354190000000000005e+00,1.382130000000000081e+00,1.027309999999999945e+00,1.024350000000000094e+00,1.021379999999999955e+00,1.018420000000000103e+00,1.015449999999999964e+00,1.037979999999999903e+00,1.086500000000000021e+00,1.135019999999999918e+00,1.183540000000000036e+00,1.232069999999999999e+00,1.270329999999999959e+00,1.298289999999999944e+00,1.326240000000000085e+00,1.354190000000000005e+00,1.382130000000000081e+00,3.777900000000000147e-01,5.956799999999999873e-01,8.135799999999999699e-01,1.031470000000000109e+00,1.249349999999999961e+00,3.777900000000000147e-01,5.956799999999999873e-01,8.135799999999999699e-01,1.031470000000000109e+00,1.249349999999999961e+00
cd,1.223299999999999943e-01,9.489999999999999825e-02,2.094499999999999973e-01,2.081999999999999962e-01,2.080599999999999949e-01,2.050200000000000078e-01,1.257999999999999917e-02,2.416000000000000092e-02,4.626000000000000251e-02,6.589000000000000412e-02,8.197000000000000119e-02,3.124000000000000041e-02,-1.007000000000000083e-02,-2.421999999999999847e-02,-4.164000000000000340e-02,1.199400000000000049e-01,9.261999999999999400e-02,2.052900000000000003e-01,2.040299999999999891e-01,2.037100000000000022e-01,2.004199999999999871e-01,1.077999999999999965e-02,2.307000000000000023e-02,4.512000000000000038e-02,6.438000000000000667e-02,8.001999999999999391e-02,2.980999999999999969e-02,-1.043999999999999963e-02,-2.458000000000000115e-02,-4.240000000000000019e-02,3.166999999999999676e-02,2.659999999999999865e-02,2.852999999999999980e-02,3.765000000000000291e-02,2.041000000000000106e-02,3.137000000000000205e-02,2.628000000000000128e-02,2.825000000000000080e-02,3.692000000000000143e-02,1.925999999999999934e-02
cd*c/cref,1.949829566910332990e-01,1.407412004554971507e-01,2.874080547698637522e-01,2.626170389009293005e-01,2.393859348712485124e-01,2.192839635602247816e-01,1.281140120486353243e-02,2.336814164493259544e-02,4.237752800940380871e-02,5.699026338022995103e-02,6.586987914631010910e-02,2.286826984535135499e-02,-6.650849741027807169e-03,-1.426349190023141859e-02,-2.154349557359585415e-02,1.911735128384086935e-01,1.373598523307497099e-01,2.816996875803548517e-01,2.573571299085331554e-01,2.343809900635491494e-01,2.143639253572346415e-01,1.097829133453329803e-02,2.231386704257429243e-02,4.133320501046908180e-02,5.568421849171656390e-02,6.430288799911838826e-02,2.182148284538808561e-02,-6.895220585534289973e-03,-1.447550086324064095e-02,-2.193670058406494219e-02,2.684149707967527221e-02,2.116846232964772132e-02,2.123348629835065601e-02,2.608793850787936505e-02,1.309972174264408505e-02,2.658723597693127272e-02,2.091380413620835127e-02,2.102509596664585076e-02,2.558211659258714799e-02,1.236161885170627452e-02
cl,1.480620000000000047e+00,1.653469999999999995e+00,1.965039999999999898e+00,2.184109999999999996e+00,2.370629999999999793e+00,2.426089999999999858e+00,1.873850000000000016e+00,1.694590000000000041e+00,1.580789999999999917e+00,1.370190000000000019e+00,1.181030000000000024e+00,1.115070000000000006e+00,1.066000000000000059e+00,9.687700000000000200e-01,7.611999999999999877e-01,1.472399999999999931e+00,1.641369999999999996e+00,1.951510000000000078e+00,2.168629999999999836e+00,2.352629999999999999e+00,2.405219999999999914e+00,1.851320000000000077e+00,1.676029999999999909e+00,1.564789999999999903e+00,1.356160000000000032e+00,1.168409999999999949e+00,1.103490000000000082e+00,1.056049999999999933e+00,9.594700000000000450e-01,7.518700000000000383e-01,2.329600000000000004e-01,2.576600000000000001e-01,2.671399999999999886e-01,2.102700000000000125e-01,1.087199999999999972e-01,2.295899999999999885e-01,2.534699999999999731e-01,2.634699999999999820e-01,2.085899999999999976e-01,1.054400000000000059e-01
cl*c/cref,2.359974375344378039e+00,2.452174422730778680e+00,2.696435062998200127e+00,2.754968784024537598e+00,2.727556852753185712e+00,2.594881626933107643e+00,1.908318294732395337e+00,1.639048805881056392e+00,1.448118731128089864e+00,1.185118970723285425e+00,9.490582331117070058e-01,8.162522937405868317e-01,7.040522168754361765e-01,5.705220085956727027e-01,3.938258604856186840e-01,2.346872438746647749e+00,2.434229548910847196e+00,2.677869147595782984e+00,2.735442790930462387e+00,2.706846736307533252e+00,2.572559627520845993e+00,1.885373869522095180e+00,1.621097120908790323e+00,1.433461566230760376e+00,1.172983997355177443e+00,9.389169878411636194e-01,8.077755150975277632e-01,6.974806225434374563e-01,5.650451103846011458e-01,3.889987516070969042e-01,1.974422216508099626e-01,2.050475941299636229e-01,1.988192614700804162e-01,1.456974988061565668e-01,6.977960548065971491e-02,1.945860219299856420e-01,2.017131634096168413e-01,1.960878596223780967e-01,1.445334154942511662e-01,6.767440766998493451e-02
cmx,1.399799999999999933e-01,5.115699999999999692e-01,1.118730000000000002e+00,1.901639999999999997e+00,2.910759999999999792e+00,4.635779999999999568e+00,5.296140000000000292e+00,6.594969999999999999e+00,8.049920000000000186e+00,8.845919999999999561e+00,9.099990000000000023e+00,9.391280000000000072e+00,9.922579999999999956e+00,1.011795000000000044e+01,9.050480000000000302e+00,-1.391900000000000082e-01,-5.078099999999999836e-01,-1.110819999999999919e+00,-1.887659999999999894e+00,-2.887849999999999806e+00,-4.594490000000000407e+00,-5.230959999999999610e+00,-6.521759999999999557e+00,-7.967399999999999594e+00,-8.753719999999999501e+00,-8.999259999999999593e+00,-9.289239999999999498e+00,-9.827040000000000219e+00,-1.001688000000000045e+01,-8.932919999999999305e+00,-6.658000000000000029e-02,4.939000000000000334e-02,1.935099999999999876e-01,2.862000000000000099e-01,2.278199999999999947e-01,6.565999999999999615e-02,-4.864999999999999880e-02,-1.908199999999999896e-01,-2.832399999999999918e-01,-2.197800000000000031e-01
cmx*c/cref,2.231154604562318455e-01,7.586825702530946014e-01,1.535125390845975879e+00,2.398669864820188291e+00,3.349009919185981232e+00,4.958307543621200963e+00,5.393559171472651848e+00,6.378815939738456287e+00,7.374312803144398742e+00,7.651105033243946529e+00,7.312617317709289466e+00,6.874594277632882999e+00,6.553484471035520897e+00,5.958600242442051886e+00,4.682492214671416519e+00,-2.218562719024354535e-01,-7.531063119421076424e-01,-1.524271259964000924e+00,-2.381035925320500457e+00,-3.322650543198764961e+00,-4.914144852881753955e+00,-5.327180226279248032e+00,-6.308005440987400014e+00,-7.298718475186421806e+00,-7.571358451309553317e+00,-7.231672180141790918e+00,-6.799899071006133333e+00,-6.490383956213495509e+00,-5.899078726077213730e+00,-4.621669608052013878e+00,-5.642901406898578193e-02,3.930490054365793490e-02,1.440200467435623910e-01,1.983099070638797978e-01,1.462213918377841815e-01,5.564928002057083212e-02,-3.871600347132938408e-02,-1.420180110568269316e-01,-1.962589031333798473e-01,-1.410610898872276808e-01
cmy,-2.190300000000000025e-01,-2.937600000000000211e-01,-4.377800000000000025e-01,-5.641500000000000403e-01,-6.942199999999999482e-01,-7.921099999999999808e-01,-5.861600000000000144e-01,-5.535600000000000520e-01,-5.487900000000000000e-01,-4.947199999999999931e-01,-4.750099999999999878e-01,-5.646299999999999653e-01,-6.901399999999999757e-01,-7.802400000000000446e-01,-7.739099999999999868e-01,-2.153500000000000136e-01,-2.880400000000000182e-01,-4.315499999999999892e-01,-5.569600000000000106e-01,-6.854999999999999982e-01,-7.815699999999999870e-01,-5.741300000000000292e-01,-5.437100000000000266e-01,-5.400099999999999900e-01,-4.864800000000000235e-01,-4.671199999999999797e-01,-5.564099999999999602e-01,-6.819699999999999651e-01,-7.711299999999999821e-01,-7.621900000000000341e-01,-9.321700000000000541e-01,-1.124970000000000026e+00,-1.283519999999999994e+00,-1.136689999999999978e+00,-6.817900000000000071e-01,-9.189599999999999991e-01,-1.107709999999999972e+00,-1.266920000000000046e+00,-1.128810000000000091e+00,-6.627100000000000213e-01
cmy*c/cref,-3.491140113139624690e-01,-4.356600110200932741e-01,-6.007233144767292199e-01,-7.116013568489878427e-01,-7.987431688278291420e-01,-8.472198828196744191e-01,-5.969420453293170503e-01,-5.354167420930830978e-01,-5.027315952503397245e-01,-4.278983624141350361e-01,-3.817110076038643385e-01,-4.133198208316495870e-01,-4.558110665613634982e-01,-4.594940924953164196e-01,-4.004016969107004331e-01,-3.432484241266576253e-01,-4.271769797597619323e-01,-5.921744857289791275e-01,-7.025321132865590679e-01,-7.887102679719353304e-01,-8.359465778936926439e-01,-5.846907610292767510e-01,-5.258895816956250524e-01,-4.946884760129301450e-01,-4.207713360026448246e-01,-3.753707203467655518e-01,-4.073026256290635527e-01,-4.504150941299635558e-01,-4.541290879036108397e-01,-3.943380617492560636e-01,-7.900485738162583704e-01,-8.952588371046540372e-01,-9.552612805348417169e-01,-7.876201546486426563e-01,-4.375923217499907425e-01,-7.788526099254307056e-01,-8.815232107960179198e-01,-9.429067108694852983e-01,-7.821600495904198480e-01,-4.253462320464312385e-01
cmz,2.406000000000000152e-02,1.217899999999999955e-01,2.038500000000000034e-01,3.297200000000000131e-01,5.133400000000000185e-01,7.585399999999999920e-01,1.324249999999999927e+00,1.637890000000000068e+00,1.878589999999999982e+00,1.871739999999999959e+00,1.576189999999999980e+00,2.058889999999999887e+00,2.605970000000000120e+00,2.899280000000000079e+00,2.917600000000000193e+00,-2.385999999999999927e-02,-1.207099999999999979e-01,-2.031399999999999872e-01,-3.292200000000000126e-01,-5.124300000000000521e-01,-7.577800000000000091e-01,-1.313690000000000024e+00,-1.623680000000000012e+00,-1.863350000000000062e+00,-1.858449999999999935e+00,-1.570249999999999924e+00,-2.050460000000000171e+00,-2.589129999999999932e+00,-2.881310000000000038e+00,-2.900939999999999852e+00,-8.949599999999999778e-01,-1.043169999999999931e+00,-1.162320000000000020e+00,-1.048210000000000086e+00,-6.141600000000000392e-01,8.824600000000000222e-01,1.027490000000000014e+00,1.146470000000000100e+00,1.031859999999999999e+00,5.873099999999999987e-01
cmz*c/cref,3.834946405612901094e-02,1.806203456635932514e-01,2.797237143224479694e-01,4.158986074275428102e-01,5.906295097895161161e-01,8.113142996730704493e-01,1.348608747658230023e+00,1.584207182070308306e+00,1.720925212779634617e+00,1.618924807699371637e+00,1.266602962201079929e+00,1.507146354093964247e+00,1.721143485563677578e+00,1.707425961870477016e+00,1.509493340190280142e+00,-3.803068214377548079e-02,-1.790186544466076113e-01,-2.787494497300077034e-01,-4.152679228960804436e-01,-5.895824983469859504e-01,-8.105014237960547208e-01,-1.337854503085626146e+00,-1.570462923263416855e+00,-1.706964263214928446e+00,-1.607429882819674249e+00,-1.261829666091172752e+00,-1.500975434926348884e+00,-1.710021309829923064e+00,-1.696843181133599998e+00,-1.500873872460786407e+00,-7.585117217059104133e-01,-8.301618364067148148e-01,-8.650580369540461501e-01,-7.263117668882930200e-01,-3.941854534768393648e-01,7.479175090915769486e-01,8.176835849281857138e-01,8.532616556771847049e-01,7.149827417992138390e-01,3.769523555449435515e-01
cs,4.440000000000000197e-02,7.717000000000000248e-02,1.043499999999999983e-01,8.816000000000000225e-02,8.618000000000000660e-02,-1.475200000000000122e-01,-1.147799999999999931e-01,-7.804999999999999438e-02,-7.272000000000000686e-02,-1.045200000000000018e-01,-3.069200000000000261e-01,-2.118299999999999905e-01,-1.452700000000000102e-01,-5.951000000000000040e-02,-2.086000000000000007e-02,-4.392000000000000071e-02,-7.585999999999999688e-02,-1.026500000000000051e-01,-8.697000000000000564e-02,-8.509999999999999509e-02,1.458899999999999919e-01,1.128699999999999981e-01,7.681999999999999940e-02,7.169999999999999984e-02,1.029199999999999976e-01,3.013199999999999767e-01,2.066000000000000059e-01,1.416300000000000059e-01,5.646999999999999936e-02,1.828000000000000111e-02,-2.215100000000000124e-01,-2.384699999999999875e-01,-2.462000000000000022e-01,-2.009400000000000075e-01,-1.021399999999999947e-01,2.184000000000000108e-01,2.346900000000000097e-01,2.426699999999999968e-01,1.976700000000000124e-01,9.748999999999999333e-02
cs*c/cref,7.076958454248245822e-02,1.144467696433162929e-01,1.431894510156852818e-01,1.112022965874444186e-01,9.915543529368546494e-02,-1.577834860228483072e-01,-1.168913060647246704e-01,-7.549186487528927736e-02,-6.661681445836241389e-02,-9.040252433603937487e-02,-2.466363707159387464e-01,-1.550635595819710999e-01,-9.594527724718068806e-02,-3.504625941299635561e-02,-1.079244278734893016e-02,-7.000450795283399974e-02,-1.125039775190096319e-01,-1.408567048084340689e-01,-1.097012674025639872e-01,-9.791282830694630901e-02,1.560400811813539568e-01,1.149461728134298089e-01,7.430217885611431483e-02,6.568242019615765093e-02,8.901863571244901518e-02,2.421362935752855716e-01,1.512351008338536917e-01,9.354119650663041130e-02,3.325596150314071714e-02,9.457615251809129917e-03,-1.877379228960805169e-01,-1.897760605921463284e-01,-1.832346416632993913e-01,-1.392326789846820567e-01,-6.555637328729381486e-02,1.851020827976343486e-01,1.867679106821437673e-01,1.806074349814494884e-01,1.369668739668662427e-01,6.257187029350179397e-02
cx,-2.650500000000000078e-01,-3.362899999999999778e-01,-3.062699999999999867e-01,-3.641900000000000137e-01,-4.126000000000000223e-01,-4.298899999999999944e-01,-4.728399999999999825e-01,-4.152500000000000080e-01,-3.644600000000000062e-01,-2.909900000000000264e-01,-2.265000000000000069e-01,-2.584299999999999931e-01,-2.856199999999999850e-01,-2.741299999999999848e-01,-2.372299999999999964e-01,-2.652300000000000213e-01,-3.353499999999999814e-01,-3.068000000000000171e-01,-3.642000000000000237e-01,-4.121299999999999963e-01,-4.289299999999999780e-01,-4.687399999999999900e-01,-4.115099999999999869e-01,-3.614100000000000090e-01,-2.888100000000000112e-01,-2.251100000000000045e-01,-2.568099999999999827e-01,-2.834099999999999953e-01,-2.720699999999999785e-01,-2.355599999999999916e-01,-2.971000000000000030e-02,-4.098999999999999866e-02,-4.157999999999999891e-02,-1.805999999999999966e-02,-8.420000000000000401e-03,-2.912999999999999964e-02,-4.021999999999999881e-02,-4.089999999999999886e-02,-1.832999999999999907e-02,-8.680000000000000215e-03
cx*c/cref,-4.224657293465084451e-01,-4.987340179260182915e-01,-4.202648122910773720e-01,-4.593779990265583479e-01,-4.747218914153472080e-01,-4.597989615398742624e-01,-4.815375950483046785e-01,-4.016399345222789741e-01,-3.338718949050434870e-01,-2.516860941115968142e-01,-1.820120486353451195e-01,-1.891756394409138953e-01,-1.886410827241670196e-01,-1.614389361936597322e-01,-1.227368745178708948e-01,-4.227526330676266708e-01,-4.973399533482715795e-01,-4.209920802262792638e-01,-4.593906127171876186e-01,-4.741811272637107000e-01,-4.587721709583806873e-01,-4.773621781214413828e-01,-3.980225152444623604e-01,-3.310778728464900400e-01,-2.498005458619549368e-01,-1.808950652022187078e-01,-1.879897688535429046e-01,-1.871814622745472390e-01,-1.602257737942180960e-01,-1.218728582448664471e-01,-2.518032454174778598e-02,-3.262012296587443738e-02,-3.094596425816404858e-02,-1.251389560298277019e-02,-5.404196818866399167e-03,-2.468875307644271405e-02,-3.200735168791095375e-02,-3.043987345259522789e-02,-1.270098042096756176e-02,-5.571072255078425225e-03
cy,4.440000000000000197e-02,7.717000000000000248e-02,1.043499999999999983e-01,8.816000000000000225e-02,8.618000000000000660e-02,-1.475200000000000122e-01,-1.147799999999999931e-01,-7.804999999999999438e-02,-7.272000000000000686e-02,-1.045200000000000018e-01,-3.069200000000000261e-01,-2.118299999999999905e-01,-1.452700000000000102e-01,-5.951000000000000040e-02,-2.086000000000000007e-02,-4.392000000000000071e-02,-7.585999999999999688e-02,-1.026500000000000051e-01,-8.697000000000000564e-02,-8.509999999999999509e-02,1.458899999999999919e-01,1.128699999999999981e-01,7.681999999999999940e-02,7.169999999999999984e-02,1.029199999999999976e-01,3.013199999999999767e-01,2.066000000000000059e-01,1.416300000000000059e-01,5.646999999999999936e-02,1.828000000000000111e-02,-2.215100000000000124e-01,-2.384699999999999875e-01,-2.462000000000000022e-01,-2.009400000000000075e-01,-1.021399999999999947e-01,2.184000000000000108e-01,2.346900000000000097e-01,2.426699999999999968e-01,1.976700000000000124e-01,9.748999999999999333e-02
cy*c/cref,7.076958454248245822e-02,1.144467696433162929e-01,1.431894510156852818e-01,1.112022965874444186e-01,9.915543529368546494e-02,-1.577834860228483072e-01,-1.168913060647246704e-01,-7.549186487528927736e-02,-6.661681445836241389e-02,-9.040252433603937487e-02,-2.466363707159387464e-01,-1.550635595819710999e-01,-9.594527724718068806e-02,-3.504625941299635561e-02,-1.079244278734893016e-02,-7.000450795283399974e-02,-1.125039775190096319e-01,-1.408567048084340689e-01,-1.097012674025639872e-01,-9.791282830694630901e-02,1.560400811813539568e-01,1.149461728134298089e-01,7.430217885611431483e-02,6.568242019615765093e-02,8.901863571244901518e-02,2.421362935752855716e-01,1.512351008338536917e-01,9.354119650663041130e-02,3.325596150314071714e-02,9.457615251809129917e-03,-1.877379228960805169e-01,-1.897760605921463284e-01,-1.832346416632993913e-01,-1.392326789846820567e-01,-6.555637328729381486e-02,1.851020827976343486e-01,1.867679106821437673e-01,1.806074349814494884e-01,1.369668739668662427e-01,6.257187029350179397e-02
cz,1.461829999999999963e+00,1.621690000000000076e+00,1.952290000000000081e+00,2.163569999999999993e+00,2.343700000000000117e+00,2.396490000000000009e+00,1.813260000000000094e+00,1.643100000000000005e+00,1.538899999999999935e+00,1.340549999999999908e+00,1.161999999999999922e+00,1.085159999999999902e+00,1.027069999999999927e+00,9.294900000000000384e-01,7.244899999999999674e-01,1.453270000000000062e+00,1.609410000000000007e+00,1.938150000000000039e+00,2.147549999999999848e+00,2.325190000000000090e+00,2.375140000000000029e+00,1.791029999999999900e+00,1.624889999999999946e+00,1.523150000000000004e+00,1.326610000000000067e+00,1.149299999999999988e+00,1.073600000000000110e+00,1.017370000000000108e+00,9.204200000000000159e-01,7.152800000000000269e-01,2.332200000000000106e-01,2.557699999999999974e-01,2.654199999999999893e-01,2.128500000000000114e-01,1.102999999999999953e-01,2.298900000000000110e-01,2.516300000000000203e-01,2.618099999999999872e-01,2.110400000000000054e-01,1.068299999999999944e-01
cz*c/cref,2.330024814678764322e+00,2.405043175623553076e+00,2.678939466443816197e+00,2.729060263472063319e+00,2.696572217426440599e+00,2.563222250670388558e+00,1.846613779708334846e+00,1.589246421224699723e+00,1.409744441281269189e+00,1.159482433971274151e+00,9.337660066855231200e-01,7.943576090070894047e-01,6.783404412629026048e-01,5.473894750762222650e-01,3.748330237299341561e-01,2.316380948830033315e+00,2.386831353267457434e+00,2.659536506814091261e+00,2.708853131084008936e+00,2.675275314348160904e+00,2.540386855967379898e+00,1.823974872809756231e+00,1.571633264794475293e+00,1.395316294585460692e+00,1.147425304338243413e+00,9.235604745986848441e-01,7.858954707416522245e-01,6.719339623663813654e-01,5.420480270359621100e-01,3.700679998530653769e-01,1.976625812731881149e-01,2.035435191749623285e-01,1.975391494324651720e-01,1.474851981780112287e-01,7.079369466994818449e-02,1.948402830327296831e-01,2.002488787973404905e-01,1.948524026558424438e-01,1.462310369907798557e-01,6.856654942511844486e-02
Results_Name,VSPAERO_Comp_Load
Results_Timestamp,1759254118
Results_Date,9,30,2025
Results_Time,13,41,58
AoA,1.500000000000000000e+01,1.500000000000000000e+01,1.500000000000000000e+01,1.500000000000000000e+01,1.500000000000000000e+01,1.500000000000000000e+01,1.500000000000000000e+01,1.500000000000000000e+01,1.500000000000000000e+01
Beta,0.000000000000000000e+00,0.000000000000000000e+00,0.000000000000000000e+00,0.000000000000000000e+00,0.000000000000000000e+00,0.000000000000000000e+00,0.000000000000000000e+00,0.000000000000000000e+00,0.000000000000000000e+00
CDi,0.000000000000000000e+00,5.023999999999999994e-02,4.900000000000000189e-02,2.220000000000000185e-03,2.180000000000000080e-03,0.000000000000000000e+00,0.000000000000000000e+00,0.000000000000000000e+00,0.000000000000000000e+00
CFx,0.000000000000000000e+00,-1.862499999999999989e-01,-1.852999999999999925e-01,-2.180000000000000080e-03,-2.150000000000000001e-03,0.000000000000000000e+00,0.000000000000000000e+00,0.000000000000000000e+00,0.000000000000000000e+00
CFy,0.000000000000000000e+00,-2.407000000000000112e-02,2.369999999999999885e-02,-1.565000000000000072e-02,1.537999999999999957e-02,0.000000000000000000e+00,0.000000000000000000e+00,0.000000000000000000e+00,0.000000000000000000e+00
CFz,0.000000000000000000e+00,8.891999999999999904e-01,8.808799999999999963e-01,1.670999999999999916e-02,1.645999999999999894e-02,0.000000000000000000e+00,0.000000000000000000e+00,0.000000000000000000e+00,0.000000000000000000e+00
CL,0.000000000000000000e+00,9.071099999999999719e-01,8.988199999999999523e-01,1.669999999999999957e-02,1.644999999999999934e-02,0.000000000000000000e+00,0.000000000000000000e+00,0.000000000000000000e+00,0.000000000000000000e+00
Cmx,0.000000000000000000e+00,1.827799999999999980e-01,-1.809000000000000052e-01,5.100000000000000366e-04,-5.000000000000000104e-04,4.000000000000000327e-05,-4.000000000000000327e-05,-1.000000000000000082e-05,0.000000000000000000e+00
Cmy,0.000000000000000000e+00,-2.881099999999999772e-01,-2.835300000000000042e-01,-5.972000000000000225e-02,-5.886999999999999872e-02,3.710999999999999716e-02,3.692000000000000143e-02,-0.000000000000000000e+00,2.000000000000000164e-05
Cmz,0.000000000000000000e+00,4.005999999999999839e-02,-3.980000000000000204e-02,-4.250000000000000305e-03,4.179999999999999688e-03,9.000000000000000567e-05,-8.000000000000000654e-05,1.000000000000000082e-05,6.000000000000000152e-05
Comp_ID,0,1,2,3,4,5,6,7,8
Comp_Name,NONE,main_wing,main_wing,horizontal_tail,horizontal_tail,fuselage,fuselage,fuselage,fuselage
Cs,0.000000000000000000e+00,-2.407000000000000112e-02,2.369999999999999885e-02,-1.565000000000000072e-02,1.537999999999999957e-02,0.000000000000000000e+00,0.000000000000000000e+00,0.000000000000000000e+00,0.000000000000000000e+00
Mach,1.499999999999999944e-01,1.499999999999999944e-01,1.499999999999999944e-01,1.499999999999999944e-01,1.499999999999999944e-01,1.499999999999999944e-01,1.499999999999999944e-01,1.499999999999999944e-01,1.499999999999999944e-01
