Results_Name,VSPAERO_History
Results_Timestamp,1759253980
Results_Date,9,30,2025
Results_Time,13,39,40
Alpha,-5.000000000000000000e+00,-5.000000000000000000e+00,-5.000000000000000000e+00,-5.000000000000000000e+00,-5.000000000000000000e+00
AnalysisMethod,0
Beta,0.000000000000000000e+00,0.000000000000000000e+00,0.000000000000000000e+00,0.000000000000000000e+00,0.000000000000000000e+00
CDi,5.377911104999999990e-03,6.520938361000000287e-03,6.580265208000000109e-03,6.751351929000000245e-03,6.748697480000000366e-03
CDo,9.332579383000000339e-03,9.439026341000000472e-03,9.446978790999999848e-03,9.455606938999999364e-03,9.461286939000000326e-03
CDt,5.318102090999999969e-03,6.280666427999999878e-03,5.852406099000000139e-03,5.740204888000000408e-03,6.102232095999999585e-03
CDtot,1.471049048700000077e-02,1.595996470199999989e-02,1.602724399900000082e-02,1.620695886799999874e-02,1.620998441799999940e-02
CDtott,1.465068147300000075e-02,1.571969276899999948e-02,1.529938488999999999e-02,1.519581182699999977e-02,1.556351903400000035e-02
CFx,2.044148987999999927e-03,1.888522909999999896e-04,-3.576231740000000107e-04,-6.077333840000000414e-04,-9.713846099999999973e-04
CFxi,-7.306044396000000406e-03,-9.269819683999999324e-03,-9.824444737999999538e-03,-1.008323441600000002e-02,-1.045303392400000024e-02
CFxo,9.350193383999999899e-03,9.458671974999999232e-03,9.466821563999999745e-03,9.475501032999999323e-03,9.481649313999999593e-03
CFy,1.842793422999999950e-03,-7.403287999999999582e-06,-1.139409929999999997e-04,-1.048382179999999978e-04,-2.949709899999999980e-05
CFyi,1.840330213000000064e-03,-6.680417000000000282e-06,-1.136542539999999945e-04,-1.046774600000000059e-04,-2.943470600000000102e-05
CFyo,2.463209999999999833e-06,-7.228710000000000412e-07,-2.867390000000000108e-07,-1.607579999999999894e-07,-6.239299999999999496e-08
CFz,-1.454192197099999917e-01,-1.809614668389999959e-01,-1.879796533510000034e-01,-1.929004229969999984e-01,-1.970916898350000002e-01
CFzi,-1.452130794489999988e-01,-1.807739006719999986e-01,-1.877939932819999991e-01,-1.927149728099999959e-01,-1.969113441439999945e-01
CFzo,-2.061402609999999887e-04,-1.875661669999999963e-04,-1.856600690000000033e-04,-1.854501869999999929e-04,-1.803456909999999989e-04
CL,-1.446876963519999892e-01,-1.802563942619999915e-01,-1.872955029310000019e-01,-1.922193461039999884e-01,-1.964263581990000063e-01
CLi,-1.452972635670000123e-01,-1.808939194230000103e-01,-1.879356372190000013e-01,-1.928604459409999916e-01,-1.970730789659999871e-01
CLo,6.095672139999999987e-04,6.375251610000000129e-04,6.401342890000000316e-04,6.410998380000000217e-04,6.467207680000000092e-04
CMx,-1.489668117100000078e-02,-8.241532840000000528e-04,-1.877325010000000015e-04,-1.977513020000000107e-04,-2.568892349999999823e-04
CMxi,-1.490658758699999961e-02,-8.246654650000000185e-04,-1.878852010000000043e-04,-1.978868329999999875e-04,-2.570223140000000260e-04
CMxo,9.906417000000000396e-06,5.121819999999999736e-07,1.526990000000000096e-07,1.355319999999999989e-07,1.330789999999999967e-07
CMy,5.447743024499999975e-02,6.423368677099999813e-02,6.866767317600000475e-02,7.202360019499999544e-02,7.265207828899999942e-02
CMyi,5.183496370400000192e-02,6.155707455099999892e-02,6.599356929300000119e-02,6.935009435300000524e-02,6.997870257499999580e-02
CMyo,2.642466541000000006e-03,2.676612219000000081e-03,2.674103882000000102e-03,2.673505842000000170e-03,2.673375714000000153e-03
CMz,4.992608000000000159e-04,8.510178000000000092e-06,-4.159438099999999738e-05,-3.965538100000000121e-05,-1.965007200000000020e-05
CMzi,5.367058010000000032e-04,1.039448099999999986e-05,-4.101938099999999696e-05,-3.916465699999999693e-05,-1.906265200000000168e-05
CMzo,-3.744500199999999687e-05,-1.884302999999999982e-06,-5.750000000000000004e-07,-4.907240000000000470e-07,-5.874210000000000294e-07
CS,1.842793422999999950e-03,-7.403287999999999582e-06,-1.139409929999999997e-04,-1.048382179999999978e-04,-2.949709899999999980e-05
CSi,1.840330213000000064e-03,-6.680417000000000282e-06,-1.136542539999999945e-04,-1.046774600000000059e-04,-2.943470600000000102e-05
CSo,2.463209999999999833e-06,-7.228710000000000412e-07,-2.867390000000000108e-07,-1.607579999999999894e-07,-6.239299999999999496e-08
E,1.007514030300000057e-01,1.287916460809999941e-01,1.377605080019999872e-01,1.413987068520000112e-01,1.477013601009999899e-01
FC_AoA_,-5.000000000000000000e+00
FC_Beta_,0.000000000000000000e+00
FC_Bref_,1.417173599999999922e+01
FC_Cref_,1.088920000000000110e+00
FC_Mach_,1.499999999999999944e-01
FC_Pitch_Rate,0.000000000000000000e+00
FC_ReCref_,3.870000000000000000e+06
FC_Rho_,2.377000000000000206e-03
FC_Roll__Rate,0.000000000000000000e+00
FC_Sref_,1.619368700000000061e+01
FC_Vinf_,5.100000000000000000e+01
FC_Xcg_,1.774861999999999940e+00
FC_Yaw___Rate,0.000000000000000000e+00
FC_Ycg_,0.000000000000000000e+00
FC_Zcg_,7.545150000000000468e-01
L/D,-9.877118896475000298e+00,-1.133423054503199978e+01,-1.172601086167900064e+01,-1.189985410042499936e+01,-1.215751193082800086e+01
Mach,1.499999999999999944e-01,1.499999999999999944e-01,1.499999999999999944e-01,1.499999999999999944e-01,1.499999999999999944e-01
T/QS,0.000000000000000000e+00,0.000000000000000000e+00,0.000000000000000000e+00,0.000000000000000000e+00,0.000000000000000000e+00
WakeIter,1,2,3,4,5
Results_Name,VSPAERO_History
Results_Timestamp,1759253980
Results_Date,9,30,2025
Results_Time,13,39,40
Alpha,-4.000000000000000000e+00,-4.000000000000000000e+00,-4.000000000000000000e+00,-4.000000000000000000e+00,-4.000000000000000000e+00
AnalysisMethod,0
Beta,0.000000000000000000e+00,0.000000000000000000e+00,0.000000000000000000e+00,0.000000000000000000e+00,0.000000000000000000e+00
CDi,4.266346814000000071e-03,5.103141287999999991e-03,5.201164985000000275e-03,5.329641621999999662e-03,5.272518908999999747e-03
CDo,9.286218659999999694e-03,9.348464340999999844e-03,9.353851409000000366e-03,9.357427217999999755e-03,9.358907285000000673e-03
CDt,4.257392793999999897e-03,4.953345480000000307e-03,4.775045894999999790e-03,4.778514581000000046e-03,4.975781034000000165e-03
CDtot,1.355256547399999976e-02,1.445160562900000070e-02,1.455501639399999977e-02,1.468706883999999942e-02,1.463142619300000086e-02
CDtott,1.354361145399999959e-02,1.430180982099999928e-02,1.412889730299999973e-02,1.413594179999999936e-02,1.433468831899999997e-02
CFx,7.956284920000000760e-03,8.485534463000000624e-03,8.194602513999999296e-03,7.943286923000000138e-03,7.497152911000000246e-03
CFxi,-1.339760177999999892e-03,-8.727516229999999564e-04,-1.169213364999999952e-03,-1.424052548000000066e-03,-1.871805006000000016e-03
CFxo,9.296045097999999784e-03,9.358286085999999171e-03,9.363815879000000550e-03,9.367339472000000417e-03,9.368957916999999178e-03
CFy,1.874858520999999950e-03,1.455325560000000028e-04,6.347460900000000171e-05,4.696650299999999989e-05,2.478187200000000077e-05
CFyi,1.872917862000000010e-03,1.451636600000000114e-04,6.366141000000000074e-05,4.751030499999999844e-05,2.504963699999999938e-05
CFyo,1.940658000000000012e-06,3.688960000000000231e-07,-1.868010000000000062e-07,-5.438020000000000410e-07,-2.677649999999999893e-07
CFz,-8.050380650299999996e-02,-8.582345379700000165e-02,-9.146642852500000420e-02,-9.695345824999999917e-02,-1.025358018529999998e-01
CFzi,-8.032004921700000577e-02,-8.563745573099999786e-02,-9.128228340100000282e-02,-9.676844152100000374e-02,-1.023527123449999993e-01
CFzo,-1.837572859999999915e-04,-1.859980659999999975e-04,-1.841451239999999988e-04,-1.850167289999999926e-04,-1.830895070000000018e-04
CL,-7.975270089600000611e-02,-8.502247121599999791e-02,-9.067199432700000228e-02,-9.616318881299999732e-02,-1.017630548429999948e-01
CLi,-8.021785055900000627e-02,-8.548972726900000429e-02,-9.114148454800000132e-02,-9.663205534499999527e-02,-1.022339567990000059e-01
CLo,4.651496639999999909e-04,4.672560529999999915e-04,4.694902200000000215e-04,4.688665330000000046e-04,4.709019559999999983e-04
CMx,-9.265838599000000841e-03,-1.191466207000000006e-03,-3.960187260000000149e-04,-2.988999410000000201e-04,-2.148581900000000084e-04
CMxi,-9.272137971000000631e-03,-1.192305723999999983e-03,-3.963190550000000086e-04,-2.991111459999999753e-04,-2.150177189999999915e-04
CMxo,6.299372999999999666e-06,8.395170000000000125e-07,3.003290000000000154e-07,2.112049999999999910e-07,1.595289999999999987e-07
CMy,3.997924246899999673e-02,3.761750234999999831e-02,4.071774018499999676e-02,4.499985897699999848e-02,4.786011116299999923e-02
CMyi,3.737923037299999834e-02,3.498912249399999813e-02,3.809302890499999955e-02,4.237204591200000037e-02,4.522163900600000008e-02
CMyo,2.600012096000000120e-03,2.628379856000000181e-03,2.624711279999999806e-03,2.627813064999999851e-03,2.638472157000000019e-03
CMz,4.385681500000000168e-04,7.950893399999999325e-05,1.302788299999999956e-05,1.849120999999999952e-06,-3.749259000000000181e-06
CMzi,4.584974619999999815e-04,8.228613200000000575e-05,1.388548299999999961e-05,2.429273000000000077e-06,-3.437638999999999936e-06
CMzo,-1.992931199999999856e-05,-2.777197999999999799e-06,-8.575999999999999502e-07,-5.801520000000000191e-07,-3.116199999999999806e-07
CS,1.874858520999999950e-03,1.455325560000000028e-04,6.347460900000000171e-05,4.696650299999999989e-05,2.478187200000000077e-05
CSi,1.872917862000000010e-03,1.451636600000000114e-04,6.366141000000000074e-05,4.751030499999999844e-05,2.504963699999999938e-05
CSo,1.940658000000000012e-06,3.688960000000000231e-07,-1.868010000000000062e-07,-5.438020000000000410e-07,-2.677649999999999893e-07
E,3.871112000000000164e-02,3.675700540299999680e-02,4.099033030299999852e-02,4.496703771200000199e-02,5.087706446799999949e-02
FC_AoA_,-4.000000000000000000e+00
FC_Beta_,0.000000000000000000e+00
FC_Bref_,1.417173599999999922e+01
FC_Cref_,1.088920000000000110e+00
FC_Mach_,1.499999999999999944e-01
FC_Pitch_Rate,0.000000000000000000e+00
FC_ReCref_,3.870000000000000000e+06
FC_Rho_,2.377000000000000206e-03
FC_Roll__Rate,0.000000000000000000e+00
FC_Sref_,1.619368700000000061e+01
FC_Vinf_,5.100000000000000000e+01
FC_Xcg_,1.774861999999999940e+00
FC_Yaw___Rate,0.000000000000000000e+00
FC_Ycg_,0.000000000000000000e+00
FC_Zcg_,7.545150000000000468e-01
L/D,-5.919015902247999783e+00,-5.915586784162999656e+00,-6.261860658923000145e+00,-6.579396909933000082e+00,-6.987285822205000052e+00
Mach,1.499999999999999944e-01,1.499999999999999944e-01,1.499999999999999944e-01,1.499999999999999944e-01,1.499999999999999944e-01
T/QS,0.000000000000000000e+00,0.000000000000000000e+00,0.000000000000000000e+00,0.000000000000000000e+00,0.000000000000000000e+00
WakeIter,1,2,3,4,5
Results_Name,VSPAERO_History
Results_Timestamp,1759253980
Results_Date,9,30,2025
Results_Time,13,39,40
Alpha,-3.000000000000000000e+00,-3.000000000000000000e+00,-3.000000000000000000e+00,-3.000000000000000000e+00,-3.000000000000000000e+00
AnalysisMethod,0
Beta,0.000000000000000000e+00,0.000000000000000000e+00,0.000000000000000000e+00,0.000000000000000000e+00,0.000000000000000000e+00
CDi,3.343382006000000187e-03,4.347610041000000286e-03,4.433302200999999707e-03,4.647003813999999594e-03,5.184343652000000108e-03
CDo,9.289351884999999878e-03,9.370247279000000137e-03,9.369899807000000788e-03,9.368933238999999774e-03,9.357323868999999419e-03
CDt,3.557004087999999977e-03,4.362085180000000069e-03,4.314417198999999717e-03,4.530865626999999903e-03,4.667792553999999990e-03
CDtot,1.263273389099999963e-02,1.371785731899999999e-02,1.380320200700000006e-02,1.401593705200000067e-02,1.454166752099999953e-02
CDtott,1.284635597400000072e-02,1.373233245899999934e-02,1.368431700500000008e-02,1.389979886500000011e-02,1.402511642300000028e-02
CFx,1.180366991900000037e-02,1.387617422700000019e-02,1.378768570299999940e-02,1.384467321900000047e-02,1.408038172100000048e-02
CFxi,2.510074716999999896e-03,4.502899632999999950e-03,4.415001091999999627e-03,4.473444618000000164e-03,4.718766273999999879e-03
CFxo,9.293595202000000041e-03,9.373274593999999377e-03,9.372684610999999777e-03,9.371228601000000311e-03,9.361615446999999729e-03
CFy,2.013122352999999892e-03,2.114018799999999845e-05,-6.876673490000000024e-04,-1.792497860999999913e-03,-1.078720370000000011e-04
CFyi,2.011435958999999857e-03,2.117930599999999871e-05,-6.891019790000000060e-04,-1.791213415999999906e-03,-1.247543969999999911e-04
CFyo,1.686394999999999928e-06,-3.911699999999999882e-08,1.434629999999999976e-06,-1.284444999999999905e-06,1.688236000000000009e-05
CFz,-1.615028274800000066e-02,2.661651826999999852e-03,-6.575182879999999898e-04,-3.634928833000000085e-03,-9.182644376999999150e-03
CFzi,-1.598799982000000119e-02,2.849255768000000157e-03,-4.652960600000000026e-04,-3.433392813000000175e-03,-9.019502407000000097e-03
CFzo,-1.622829280000000077e-04,-1.876039410000000069e-04,-1.922222279999999872e-04,-2.015360209999999869e-04,-1.631419700000000023e-04
CL,-1.551039299500000038e-02,3.384226973000000176e-03,6.497453399999999905e-05,-2.905373077999999845e-03,-8.433149641000000502e-03
CLi,-1.583472166100000078e-02,3.081014520000000066e-03,-2.335950840000000053e-04,-3.194565465000000215e-03,-8.760180346999999271e-03
CLo,3.243286670000000206e-04,3.032124520000000064e-04,2.985696170000000219e-04,2.891923869999999904e-04,3.270307070000000121e-04
CMx,-3.775545217999999939e-03,2.944693599999999734e-04,7.352692100000000658e-05,-4.110336679999999801e-04,-1.964980579999999865e-04
CMxi,-3.777867466000000164e-03,2.947267889999999747e-04,7.349462300000000230e-05,-4.112857840000000149e-04,-1.963648389999999872e-04
CMxo,2.322248000000000030e-06,-2.574290000000000217e-07,3.229800000000000241e-08,2.521149999999999782e-07,-1.332199999999999978e-07
CMy,2.807916398100000072e-02,2.153025323099999958e-02,2.629201038300000084e-02,2.527272322300000082e-02,3.106846316000000038e-02
CMyi,2.549720370199999933e-02,1.889900502100000032e-02,2.365060081699999969e-02,2.259964127900000036e-02,2.852846119200000072e-02
CMyo,2.581960279000000084e-03,2.631248210000000122e-03,2.641409565999999851e-03,2.673081944000000026e-03,2.540001969000000095e-03
CMz,5.272279250000000026e-04,7.526452600000000195e-05,-1.837446829999999894e-04,-5.553786459999999472e-04,-2.165736600000000070e-05
CMzi,5.387364130000000303e-04,7.591064300000000225e-05,-1.840853620000000004e-04,-5.543197569999999599e-04,-2.691044399999999940e-05
CMzo,-1.150848800000000053e-05,-6.461169999999999880e-07,3.406789999999999763e-07,-1.058889000000000053e-06,5.253078000000000394e-06
CS,2.013122352999999892e-03,2.114018799999999845e-05,-6.876673490000000024e-04,-1.792497860999999913e-03,-1.078720370000000011e-04
CSi,2.011435958999999857e-03,2.117930599999999871e-05,-6.891019790000000060e-04,-1.791213415999999906e-03,-1.247543969999999911e-04
CSo,1.686394999999999928e-06,-3.911699999999999882e-08,1.434629999999999976e-06,-1.284444999999999905e-06,1.688236000000000009e-05
E,1.924796048999999907e-03,5.603853299999999915e-05,3.159000000000000163e-07,5.636381799999999988e-05,3.799112590000000241e-04
FC_AoA_,-3.000000000000000000e+00
FC_Beta_,0.000000000000000000e+00
FC_Bref_,1.417173599999999922e+01
FC_Cref_,1.088920000000000110e+00
FC_Mach_,1.499999999999999944e-01
FC_Pitch_Rate,0.000000000000000000e+00
FC_ReCref_,3.870000000000000000e+06
FC_Rho_,2.377000000000000206e-03
FC_Roll__Rate,0.000000000000000000e+00
FC_Sref_,1.619368700000000061e+01
FC_Vinf_,5.100000000000000000e+01
FC_Xcg_,1.774861999999999940e+00
FC_Yaw___Rate,0.000000000000000000e+00
FC_Ycg_,0.000000000000000000e+00
FC_Zcg_,7.545150000000000468e-01
L/D,-1.253467523194000011e+00,2.245988166000000008e-01,-1.692325327000000074e-02,-2.279237879959999935e-01,-6.024192434940000007e-01
Mach,1.499999999999999944e-01,1.499999999999999944e-01,1.499999999999999944e-01,1.499999999999999944e-01,1.499999999999999944e-01
T/QS,0.000000000000000000e+00,0.000000000000000000e+00,0.000000000000000000e+00,0.000000000000000000e+00,0.000000000000000000e+00
WakeIter,1,2,3,4,5
Results_Name,VSPAERO_History
Results_Timestamp,1759253980
Results_Date,9,30,2025
Results_Time,13,39,40
Alpha,-2.000000000000000000e+00,-2.000000000000000000e+00,-2.000000000000000000e+00,-2.000000000000000000e+00,-2.000000000000000000e+00
AnalysisMethod,0
Beta,0.000000000000000000e+00,0.000000000000000000e+00,0.000000000000000000e+00,0.000000000000000000e+00,0.000000000000000000e+00
CDi,2.462109370999999904e-03,3.822233481000000214e-03,4.804117963999999727e-03,4.635282662000000074e-03,4.279388210000000317e-03
CDo,9.338721260000000177e-03,9.481509479000000198e-03,9.484214394000000520e-03,9.475988079000000411e-03,9.467951775000000431e-03
CDt,3.005921294000000066e-03,4.089441777999999576e-03,4.044236023999999569e-03,5.109390192999999775e-03,4.048859099000000177e-03
CDtot,1.180083063100000051e-02,1.330374295999999998e-02,1.428833235900000068e-02,1.411127074099999962e-02,1.374733998500000075e-02
CDtott,1.234464255500000024e-02,1.357095125700000064e-02,1.352845041800000009e-02,1.458537827200000019e-02,1.351681087399999974e-02
CFx,1.358580738800000028e-02,1.680585946299999883e-02,1.763935157899999828e-02,1.784203912099999872e-02,1.713923199400000166e-02
CFxi,4.246583588999999770e-03,7.325485258999999902e-03,8.156525754000000863e-03,8.366570106999999396e-03,7.672073514000000288e-03
CFxo,9.339223799000000506e-03,9.480374204000000665e-03,9.482825825999999583e-03,9.475469013999999329e-03,9.467158479999999640e-03
CFy,2.395709426999999801e-03,-1.262452181999999985e-03,4.391231999999999600e-06,-5.394268689000000089e-03,2.154098145999999974e-03
CFyi,2.396925925000000044e-03,-1.262855650000000015e-03,3.171853600000000317e-05,-5.408131412000000138e-03,2.154556729999999864e-03
CFyo,-1.216498000000000071e-06,4.034690000000000244e-07,-2.732730399999999934e-05,1.386272299999999985e-05,-4.585840000000000253e-07
CFz,5.090906224399999874e-02,1.000552775030000008e-01,9.571123138800000096e-02,1.065889151119999989e-01,9.689111796900000406e-02
CFzi,5.105767940599999916e-02,1.002532878900000007e-01,9.591654236499999597e-02,1.067691831879999942e-01,9.707909867099999424e-02
CFzo,-1.486171610000000109e-04,-1.980103870000000086e-04,-2.053109779999999929e-04,-1.802680759999999971e-04,-1.879807020000000132e-04
CL,5.135218765900000093e-02,1.005808425679999979e-01,9.626853118400000020e-02,1.071466622109999989e-01,9.743024508799999484e-02
CLi,5.117478007699999970e-02,1.004478720449999973e-01,9.614277124299999699e-02,1.069961313719999946e-01,9.728771221099999367e-02
CLo,1.774075830000000056e-04,1.329705229999999930e-04,1.257599410000000075e-04,1.505308379999999960e-04,1.425328770000000025e-04
CMx,2.066045045000000115e-03,1.378536358999999951e-03,6.498098239999999587e-04,6.276936170000000509e-04,-8.186814100000000191e-05
CMxi,2.067826799999999878e-03,1.379562439999999952e-03,6.502684750000000151e-04,6.279803180000000182e-04,-8.210216100000000141e-05
CMxo,-1.781755000000000062e-06,-1.026080000000000093e-06,-4.586510000000000218e-07,-2.867010000000000207e-07,2.340200000000000004e-07
CMy,4.709959982999999649e-03,-1.355108947799999949e-02,-4.125177760000000270e-03,-5.234550512200000089e-02,-2.487982146599999889e-02
CMyi,2.102307549999999844e-03,-1.622892249499999912e-02,-6.820983442000000049e-03,-5.494085174499999807e-02,-2.750731636299999852e-02
CMyo,2.607652431999999808e-03,2.677833017000000055e-03,2.695805682000000213e-03,2.595346622999999790e-03,2.627494897000000069e-03
CMz,8.317356559999999855e-04,-2.239132679999999954e-04,3.786676199999999739e-05,-1.611025400000000007e-03,6.570229320000000152e-04
CMzi,8.442417630000000105e-04,-2.226613250000000039e-04,4.630948800000000157e-05,-1.615646803999999919e-03,6.566843219999999497e-04
CMzo,-1.250610600000000016e-05,-1.251941999999999922e-06,-8.442726000000000793e-06,4.621403999999999604e-06,3.386090000000000114e-07
CS,2.395709426999999801e-03,-1.262452181999999985e-03,4.391231999999999600e-06,-5.394268689000000089e-03,2.154098145999999974e-03
CSi,2.396925925000000044e-03,-1.262855650000000015e-03,3.171853600000000317e-05,-5.408131412000000138e-03,2.154556729999999864e-03
CSo,-1.216498000000000071e-06,4.034690000000000244e-07,-2.732730399999999934e-05,1.386272299999999985e-05,-4.585840000000000253e-07
E,2.729948664799999869e-02,6.775075211400000130e-02,4.938208936099999780e-02,6.338839847900000490e-02,5.676545813500000204e-02
FC_AoA_,-2.000000000000000000e+00
FC_Beta_,0.000000000000000000e+00
FC_Bref_,1.417173599999999922e+01
FC_Cref_,1.088920000000000110e+00
FC_Mach_,1.499999999999999944e-01
FC_Pitch_Rate,0.000000000000000000e+00
FC_ReCref_,3.870000000000000000e+06
FC_Rho_,2.377000000000000206e-03
FC_Roll__Rate,0.000000000000000000e+00
FC_Sref_,1.619368700000000061e+01
FC_Vinf_,5.100000000000000000e+01
FC_Xcg_,1.774861999999999940e+00
FC_Yaw___Rate,0.000000000000000000e+00
FC_Ycg_,0.000000000000000000e+00
FC_Zcg_,7.545150000000000468e-01
L/D,4.336540509471999982e+00,7.550346721806000083e+00,6.728760839886000156e+00,7.582317236510999869e+00,7.076839033237000365e+00
Mach,1.499999999999999944e-01,1.499999999999999944e-01,1.499999999999999944e-01,1.499999999999999944e-01,1.499999999999999944e-01
T/QS,0.000000000000000000e+00,0.000000000000000000e+00,0.000000000000000000e+00,0.000000000000000000e+00,0.000000000000000000e+00
WakeIter,1,2,3,4,5
Results_Name,VSPAERO_History
Results_Timestamp,1759253980
Results_Date,9,30,2025
Results_Time,13,39,40
Alpha,-1.000000000000000000e+00,-1.000000000000000000e+00,-1.000000000000000000e+00,-1.000000000000000000e+00,-1.000000000000000000e+00
AnalysisMethod,0
Beta,0.000000000000000000e+00,0.000000000000000000e+00,0.000000000000000000e+00,0.000000000000000000e+00,0.000000000000000000e+00
CDi,3.529472401000000210e-03,4.407768066999999575e-03,4.916349829999999699e-03,4.477294199000000224e-03,4.453779429999999741e-03
CDo,9.518067163999999192e-03,9.619809299000000105e-03,9.630340310999999445e-03,9.636950442999999561e-03,9.641241973000000062e-03
CDt,4.614702594999999831e-03,4.587987947000000087e-03,4.670442730000000028e-03,5.124651844000000130e-03,4.418765277999999602e-03
CDtot,1.304753956500000027e-02,1.402757736699999924e-02,1.454669014000000045e-02,1.411424464199999979e-02,1.409502140300000067e-02
CDtott,1.413276975899999989e-02,1.420779724699999975e-02,1.430078304000000078e-02,1.476160228799999925e-02,1.406000725099999966e-02
CFx,1.535727624800000031e-02,1.698230419900000066e-02,1.757566584800000081e-02,1.732272016700000042e-02,1.729977467700000160e-02
CFxi,5.840597817000000094e-03,7.364473394000000013e-03,7.947115411000000781e-03,7.687498091000000144e-03,7.660211729999999788e-03
CFxo,9.516678432000000645e-03,9.617830803999999345e-03,9.628550438000000461e-03,9.635222076000000274e-03,9.639562947000000076e-03
CFy,-4.779516439999999798e-04,-7.822568859999999829e-04,-5.249124730000000530e-04,-3.303589770999999960e-03,2.847301385000000195e-03
CFyi,-4.793602819999999757e-04,-7.843241270000000150e-04,-5.234643169999999950e-04,-3.318750052999999874e-03,2.846526838999999948e-03
CFyo,1.408637999999999938e-06,2.067240999999999949e-06,-1.448157000000000042e-06,1.516028200000000028e-05,7.745459999999999531e-07
CFz,1.322108618199999974e-01,1.691537700259999888e-01,1.734029550389999952e-01,1.836902665690000047e-01,1.834771866899999881e-01
CFzi,1.323734851570000093e-01,1.693510687389999936e-01,1.735895395089999960e-01,1.838733850769999900e-01,1.836575158679999986e-01
CFzo,-1.626233370000000134e-04,-1.972987129999999908e-04,-1.865844699999999934e-04,-1.831185089999999896e-04,-1.803291780000000079e-04
CL,1.324587468919999900e-01,1.694243891620000053e-01,1.736832825930000046e-01,1.839646128040000050e-01,1.837511649249999879e-01
CLi,1.324552565209999866e-01,1.694538035339999971e-01,1.737017972700000135e-01,1.839795456109999949e-01,1.837632330669999869e-01
CLo,3.490370999999999908e-06,-2.941437100000000149e-05,-1.851467700000000122e-05,-1.493280699999999955e-05,-1.206814200000000044e-05
CMx,5.564916405000000163e-03,1.268008393000000103e-03,7.832837339999999555e-04,9.610968230000000063e-04,6.751291399999999896e-04
CMxi,5.570281996000000201e-03,1.269012424999999954e-03,7.834514119999999842e-04,9.616662700000000235e-04,6.754630840000000512e-04
CMxo,-5.365591000000000311e-06,-1.004032000000000080e-06,-1.676790000000000022e-07,-5.694470000000000301e-07,-3.339439999999999891e-07
CMy,2.526830920000000102e-03,-1.725988765700000108e-02,-2.322245309300000060e-02,-5.801309302600000245e-02,-5.370690735400000110e-02
CMyi,-1.108504220000000053e-04,-1.997165847699999830e-02,-2.588557762700000042e-02,-6.066312950799999937e-02,-5.635121650799999882e-02
CMyo,2.637681342000000161e-03,2.711770819999999825e-03,2.663124533999999821e-03,2.650036481999999954e-03,2.644309153999999887e-03
CMz,3.453286649999999969e-04,-1.155111340000000058e-04,-1.116759230000000021e-04,-9.522566169999999858e-04,8.780064559999999898e-04
CMzi,3.607532300000000094e-04,-1.134197719999999979e-04,-1.097710289999999958e-04,-9.553770230000000006e-04,8.795335319999999851e-04
CMzo,-1.542456499999999891e-05,-2.091361999999999798e-06,-1.904894000000000011e-06,3.120405999999999970e-06,-1.527074999999999902e-06
CS,-4.779516439999999798e-04,-7.822568859999999829e-04,-5.249124730000000530e-04,-3.303589770999999960e-03,2.847301385000000195e-03
CSi,-4.793602819999999757e-04,-7.843241270000000150e-04,-5.234643169999999950e-04,-3.318750052999999874e-03,2.846526838999999948e-03
CSo,1.408637999999999938e-06,2.067240999999999949e-06,-1.448157000000000042e-06,1.516028200000000028e-05,7.745459999999999531e-07
E,1.275787837189999996e-01,1.671990325050000115e-01,1.575127440730000050e-01,1.940319744260000090e-01,1.945980090030000054e-01
FC_AoA_,-1.000000000000000000e+00
FC_Beta_,0.000000000000000000e+00
FC_Bref_,1.417173599999999922e+01
FC_Cref_,1.088920000000000110e+00
FC_Mach_,1.499999999999999944e-01
FC_Pitch_Rate,0.000000000000000000e+00
FC_ReCref_,3.870000000000000000e+06
FC_Rho_,2.377000000000000206e-03
FC_Roll__Rate,0.000000000000000000e+00
FC_Sref_,1.619368700000000061e+01
FC_Vinf_,5.100000000000000000e+01
FC_Xcg_,1.774861999999999940e+00
FC_Yaw___Rate,0.000000000000000000e+00
FC_Ycg_,0.000000000000000000e+00
FC_Zcg_,7.545150000000000468e-01
L/D,1.015174208602899952e+01,1.208004768791399997e+01,1.194098420962800056e+01,1.303502598109900035e+01,1.303745683043499959e+01
Mach,1.499999999999999944e-01,1.499999999999999944e-01,1.499999999999999944e-01,1.499999999999999944e-01,1.499999999999999944e-01
T/QS,0.000000000000000000e+00,0.000000000000000000e+00,0.000000000000000000e+00,0.000000000000000000e+00,0.000000000000000000e+00
WakeIter,1,2,3,4,5
Results_Name,VSPAERO_History
Results_Timestamp,1759253980
Results_Date,9,30,2025
Results_Time,13,39,40
Alpha,0.000000000000000000e+00,0.000000000000000000e+00,0.000000000000000000e+00,0.000000000000000000e+00,0.000000000000000000e+00
AnalysisMethod,0
Beta,0.000000000000000000e+00,0.000000000000000000e+00,0.000000000000000000e+00,0.000000000000000000e+00,0.000000000000000000e+00
CDi,3.958745916000000302e-03,3.517475486000000168e-03,3.813166300999999876e-03,4.592286125999999608e-03,4.907668561999999936e-03
CDo,9.832900948000000002e-03,9.821966893000000018e-03,9.883549938999999437e-03,9.935196178999999156e-03,9.945154891999999358e-03
CDt,7.386394899999999993e-03,6.146583839999999847e-03,5.492138354000000028e-03,5.293917298999999653e-03,5.591233485000000371e-03
CDtot,1.379164686300000074e-02,1.333944237899999975e-02,1.369671624000000018e-02,1.452748230500000050e-02,1.485282345400000016e-02
CDtott,1.721929584799999913e-02,1.596855073200000030e-02,1.537568829299999947e-02,1.522911347799999968e-02,1.553638837799999929e-02
CFx,1.379164686300000074e-02,1.333944237899999975e-02,1.369671624000000018e-02,1.452748230500000050e-02,1.485282345400000016e-02
CFxi,3.958745916000000302e-03,3.517475486000000168e-03,3.813166300999999876e-03,4.592286125999999608e-03,4.907668561999999936e-03
CFxo,9.832900948000000002e-03,9.821966893000000018e-03,9.883549938999999437e-03,9.935196178999999156e-03,9.945154891999999358e-03
CFy,-1.052249233000000046e-03,-2.903392200000000150e-04,-5.433404100000000002e-04,-2.275087640000000009e-04,-1.978868179999999932e-04
CFyi,-1.060317814000000074e-03,-2.902821379999999873e-04,-5.462516440000000136e-04,-2.287804240000000015e-04,-1.989002380000000076e-04
CFyo,8.068581000000000667e-06,-5.708200000000000120e-08,2.911233999999999849e-06,1.271659999999999993e-06,1.013420000000000031e-06
CFz,2.315171757330000135e-01,2.433786818800000029e-01,2.568464867249999894e-01,2.690890652330000243e-01,2.708288826349999900e-01
CFzi,2.317146991590000038e-01,2.435705129159999871e-01,2.570335120319999778e-01,2.692782563810000029e-01,2.710141367619999797e-01
CFzo,-1.975234259999999911e-04,-1.918310369999999879e-04,-1.870253069999999989e-04,-1.891911490000000129e-04,-1.852541269999999926e-04
CL,2.315171757330000135e-01,2.433786818800000029e-01,2.568464867249999894e-01,2.690890652330000243e-01,2.708288826349999900e-01
CLi,2.317146991590000038e-01,2.435705129159999871e-01,2.570335120319999778e-01,2.692782563810000029e-01,2.710141367619999797e-01
CLo,-1.975234259999999911e-04,-1.918310369999999879e-04,-1.870253069999999989e-04,-1.891911490000000129e-04,-1.852541269999999926e-04
CMx,5.800211993999999927e-03,3.329693743999999952e-03,1.322769604000000087e-03,3.337053100000000124e-04,3.857494350000000060e-04
CMxi,5.805139069999999679e-03,3.332178194999999964e-03,1.323788026999999897e-03,3.340393199999999729e-04,3.860620699999999959e-04
CMxo,-4.927075999999999987e-06,-2.484450999999999805e-06,-1.018423000000000066e-06,-3.340100000000000110e-07,-3.126349999999999934e-07
CMy,-4.850989247000000310e-03,-3.751960244000000083e-02,-3.751506522800000104e-02,-4.347015116599999701e-02,-4.249848920700000088e-02
CMyi,-7.611089962000000195e-03,-4.028004755499999673e-02,-4.024560174499999810e-02,-4.619637224700000322e-02,-4.520366292599999752e-02
CMyo,2.760100714999999885e-03,2.760445114999999800e-03,2.730536517000000090e-03,2.726221081000000136e-03,2.705173718000000119e-03
CMz,2.261187069999999997e-04,1.770670020000000096e-04,-5.282507500000000177e-05,-2.771361800000000101e-05,-2.384583699999999915e-05
CMzi,2.423640309999999971e-04,1.871384629999999893e-04,-4.956525199999999996e-05,-2.703475199999999943e-05,-2.287966000000000110e-05
CMzo,-1.624532400000000079e-05,-1.007146100000000003e-05,-3.259823000000000112e-06,-6.788659999999999857e-07,-9.661779999999999845e-07
CS,-1.052249233000000046e-03,-2.903392200000000150e-04,-5.433404100000000002e-04,-2.275087640000000009e-04,-1.978868179999999932e-04
CSi,-1.060317814000000074e-03,-2.902821379999999873e-04,-5.462516440000000136e-04,-2.287804240000000015e-04,-1.989002380000000076e-04
CSo,8.068581000000000667e-06,-5.708200000000000120e-08,2.911233999999999849e-06,1.271659999999999993e-06,1.013420000000000031e-06
E,3.480962885300000198e-01,4.328806703070000039e-01,4.446759135689999920e-01,4.052504308559999879e-01,3.841125678199999727e-01
FC_AoA_,0.000000000000000000e+00
FC_Beta_,0.000000000000000000e+00
FC_Bref_,1.417173599999999922e+01
FC_Cref_,1.088920000000000110e+00
FC_Mach_,1.499999999999999944e-01
FC_Pitch_Rate,0.000000000000000000e+00
FC_ReCref_,3.870000000000000000e+06
FC_Rho_,2.377000000000000206e-03
FC_Roll__Rate,0.000000000000000000e+00
FC_Sref_,1.619368700000000061e+01
FC_Vinf_,5.100000000000000000e+01
FC_Xcg_,1.774861999999999940e+00
FC_Yaw___Rate,0.000000000000000000e+00
FC_Ycg_,0.000000000000000000e+00
FC_Zcg_,7.545150000000000468e-01
L/D,1.680108992460599993e+01,1.825942239488500007e+01,1.876606826975000075e+01,1.853578278203999830e+01,1.824664095650399886e+01
Mach,1.499999999999999944e-01,1.499999999999999944e-01,1.499999999999999944e-01,1.499999999999999944e-01,1.499999999999999944e-01
T/QS,0.000000000000000000e+00,0.000000000000000000e+00,0.000000000000000000e+00,0.000000000000000000e+00,0.000000000000000000e+00
WakeIter,1,2,3,4,5
Results_Name,VSPAERO_History
Results_Timestamp,1759253980
Results_Date,9,30,2025
Results_Time,13,39,40
Alpha,1.000000000000000000e+00,1.000000000000000000e+00,1.000000000000000000e+00,1.000000000000000000e+00,1.000000000000000000e+00
AnalysisMethod,0
Beta,0.000000000000000000e+00,0.000000000000000000e+00,0.000000000000000000e+00,0.000000000000000000e+00,0.000000000000000000e+00
CDi,6.109040884999999976e-03,5.202795502999999801e-03,5.104864819999999949e-03,5.745774813000000154e-03,6.108028151999999981e-03
CDo,1.015588424700000075e-02,1.021555612000000016e-02,1.024527308000000060e-02,1.029862215899999926e-02,1.030758012200000059e-02
CDt,9.635828459000000262e-03,8.093653834000000269e-03,7.964966457999999444e-03,7.362559353000000181e-03,7.176375056000000238e-03
CDtot,1.626492513099999856e-02,1.541835162300000082e-02,1.535013789999999968e-02,1.604439697200000028e-02,1.641560827400000144e-02
CDtott,1.979171270600000102e-02,1.830920995400000043e-02,1.821023953799999831e-02,1.766118151300000161e-02,1.748395517799999910e-02
CFx,1.058924371200000054e-02,9.445979341999999682e-03,9.300021368999999288e-03,9.795895767000000615e-03,1.009465509600000060e-02
CFxi,4.277925919999999924e-04,-7.749873589999999599e-04,-9.503687019999999515e-04,-5.078782130000000349e-04,-2.179859579999999879e-04
CFxo,1.016145112100000011e-02,1.022096670100000083e-02,1.025039007100000087e-02,1.030377398100000043e-02,1.031264105399999978e-02
CFy,-1.588776625999999961e-03,7.166980750000000134e-04,-7.900962180000000020e-04,-2.717761489999999955e-04,-2.016531329999999992e-04
CFyi,-1.603837836000000013e-03,7.199204260000000109e-04,-7.931180660000000529e-04,-2.751248820000000168e-04,-2.018532460000000133e-04
CFyo,1.506120999999999975e-05,-3.222350000000000158e-06,3.021848000000000074e-06,3.348731999999999840e-06,2.001130000000000132e-07
CFz,3.253015125889999748e-01,3.422915326959999893e-01,3.467449025129999973e-01,3.581164115880000054e-01,3.622704218880000160e-01
CFzi,3.255318095240000154e-01,3.425123548990000044e-01,3.469486456199999957e-01,3.583216845070000267e-01,3.624704095629999734e-01
CFzo,-2.302969350000000099e-04,-2.208222029999999962e-04,-2.037431069999999966e-04,-2.052729190000000098e-04,-1.999876750000000080e-04
CL,3.250671598079999947e-01,3.420745449670000160e-01,3.465297838320000046e-01,3.578909067700000168e-01,3.620390703249999897e-01
CLi,3.254747634419999924e-01,3.424737140019999959e-01,3.469123898809999829e-01,3.582759740759999811e-01,3.624190079440000045e-01
CLo,-4.076036339999999946e-04,-3.991690360000000183e-04,-3.826060499999999788e-04,-3.850673070000000249e-04,-3.799376190000000250e-04
CMx,7.524632457999999753e-03,1.828232261999999985e-03,1.541467288000000074e-03,2.539274820000000086e-04,3.677008579999999798e-04
CMxi,7.531659054999999790e-03,1.829407372999999936e-03,1.542813513999999981e-03,2.540997829999999962e-04,3.679667079999999969e-04
CMxo,-7.026596999999999905e-06,-1.175112000000000100e-06,-1.346226000000000001e-06,-1.723010000000000021e-07,-2.658489999999999872e-07
CMy,-5.102418936699999741e-02,-5.909702854400000066e-02,-5.763936768399999938e-02,-6.462918727800000263e-02,-7.223492336700000627e-02
CMyi,-5.398226583599999989e-02,-6.202501690099999909e-02,-6.049613806299999896e-02,-6.748247553599999449e-02,-7.507021893000000168e-02
CMyo,2.958076467999999886e-03,2.927988357000000166e-03,2.856770380000000012e-03,2.853288258000000101e-03,2.835295563000000182e-03
CMz,3.336273010000000128e-04,3.179680049999999958e-04,-1.030487929999999958e-04,-5.705488899999999807e-05,-2.357148499999999849e-05
CMzi,3.603501480000000090e-04,3.265375339999999882e-04,-9.747916899999999518e-05,-5.707512500000000015e-05,-2.207671599999999864e-05
CMzo,-2.672284600000000019e-05,-8.569528999999999179e-06,-5.569623999999999819e-06,2.023600000000000002e-08,-1.494770000000000090e-06
CS,-1.588776625999999961e-03,7.166980750000000134e-04,-7.900962180000000020e-04,-2.717761489999999955e-04,-2.016531329999999992e-04
CSi,-1.603837836000000013e-03,7.199204260000000109e-04,-7.931180660000000529e-04,-2.751248820000000168e-04,-2.018532460000000133e-04
CSo,1.506120999999999975e-05,-3.222350000000000158e-06,3.021848000000000074e-06,3.348731999999999840e-06,2.001130000000000132e-07
E,4.450527203269999954e-01,5.785855492379999854e-01,6.050694515690000497e-01,5.733721853600000085e-01,5.519131680440000354e-01
FC_AoA_,1.000000000000000000e+00
FC_Beta_,0.000000000000000000e+00
FC_Bref_,1.417173599999999922e+01
FC_Cref_,1.088920000000000110e+00
FC_Mach_,1.499999999999999944e-01
FC_Pitch_Rate,0.000000000000000000e+00
FC_ReCref_,3.870000000000000000e+06
FC_Rho_,2.377000000000000206e-03
FC_Roll__Rate,0.000000000000000000e+00
FC_Sref_,1.619368700000000061e+01
FC_Vinf_,5.100000000000000000e+01
FC_Xcg_,1.774861999999999940e+00
FC_Yaw___Rate,0.000000000000000000e+00
FC_Ycg_,0.000000000000000000e+00
FC_Zcg_,7.545150000000000468e-01
L/D,2.001083686594800071e+01,2.221208352119599994e+01,2.259995266174299999e+01,2.233028606196399934e+01,2.207770811145800138e+01
Mach,1.499999999999999944e-01,1.499999999999999944e-01,1.499999999999999944e-01,1.499999999999999944e-01,1.499999999999999944e-01
T/QS,0.000000000000000000e+00,0.000000000000000000e+00,0.000000000000000000e+00,0.000000000000000000e+00,0.000000000000000000e+00
WakeIter,1,2,3,4,5
Results_Name,VSPAERO_History
Results_Timestamp,1759253980
Results_Date,9,30,2025
Results_Time,13,39,40
Alpha,2.000000000000000000e+00,2.000000000000000000e+00,2.000000000000000000e+00,2.000000000000000000e+00,2.000000000000000000e+00
AnalysisMethod,0
Beta,0.000000000000000000e+00,0.000000000000000000e+00,0.000000000000000000e+00,0.000000000000000000e+00,0.000000000000000000e+00
CDi,9.313606799000000158e-03,8.281187377999999974e-03,7.611608685000000041e-03,8.131757644000000770e-03,8.531339161000000421e-03
CDo,1.073225119500000047e-02,1.070314484799999959e-02,1.072292020499999998e-02,1.078177862699999934e-02,1.080729278799999991e-02
CDt,1.128642051400000068e-02,1.041573216600000067e-02,9.666675060999999763e-03,7.719422190000000197e-03,7.799079324000000001e-03
CDtot,2.004585799400000062e-02,1.898433222599999956e-02,1.833452889000000002e-02,1.891353627099999837e-02,1.933863194799999990e-02
CDtott,2.201867170900000115e-02,2.111887701400000025e-02,2.038959526500000105e-02,1.850120081700000127e-02,1.860637211100000035e-02
CFx,4.455210963000000302e-03,3.560281856999999821e-03,2.908355996999999974e-03,3.104140378999999811e-03,3.252245775999999897e-03
CFxi,-6.292674748000000318e-03,-7.158256309000000060e-03,-7.828851851999999584e-03,-7.691537438000000011e-03,-7.569182528000000312e-03
CFxo,1.074788571199999931e-02,1.071853816499999945e-02,1.073720784800000043e-02,1.079567781700000069e-02,1.082142830399999978e-02
CFy,-4.596606629999999802e-04,-4.494863199999999943e-05,-5.157111599999999801e-04,-3.373935530000000266e-04,-6.240123580000000482e-04
CFyi,-4.697814269999999815e-04,-4.764403899999999990e-05,-5.185114880000000386e-04,-3.366927979999999906e-04,-6.226192939999999464e-04
CFyo,1.012076500000000067e-05,2.695407000000000043e-06,2.800328999999999849e-06,-7.007549999999999509e-07,-1.393064999999999934e-06
CFz,4.468076189749999871e-01,4.420183857680000106e-01,4.420678245519999994e-01,4.530520020179999996e-01,4.609913859259999747e-01
CFzi,4.470680008019999874e-01,4.422723686300000234e-01,4.422897998709999778e-01,4.532618260969999979e-01,4.612075321419999985e-01
CFzo,-2.603818270000000153e-04,-2.539828630000000027e-04,-2.219753189999999874e-04,-2.098240800000000079e-04,-2.161462169999999871e-04
CL,4.463799512250000157e-01,4.416248680650000091e-01,4.416970286169999982e-01,4.526676820419999747e-01,4.605970606879999929e-01
CLi,4.470152702369999953e-01,4.422527677959999792e-01,4.422935918650000020e-01,4.532541420249999731e-01,4.611907376359999922e-01
CLo,-6.353190110000000307e-04,-6.278997300000000240e-04,-5.965632470000000300e-04,-5.864599829999999790e-04,-5.936769480000000194e-04
CMx,4.530568809000000245e-03,2.056600168000000204e-03,1.712333469999999984e-03,6.857123700000000363e-04,7.672669000000000451e-04
CMxi,4.533804326000000218e-03,2.058253959999999973e-03,1.713863740000000010e-03,6.863194689999999824e-04,7.679739669999999588e-04
CMxo,-3.235516000000000211e-06,-1.653790999999999909e-06,-1.530271000000000032e-06,-6.070980000000000275e-07,-7.070670000000000143e-07
CMy,-1.049282440100000047e-01,-9.555787339400000080e-02,-8.475443917199999844e-02,-9.311716912100000132e-02,-1.065142559649999987e-01
CMyi,-1.080495120790000013e-01,-9.868856436799999798e-02,-8.777164374199999952e-02,-9.608831050900000503e-02,-1.094986868560000048e-01
CMyo,3.121268070000000113e-03,3.130690973999999786e-03,3.017204569999999784e-03,2.971141387999999810e-03,2.984430891000000065e-03
CMz,4.169125679999999756e-04,2.084600259999999975e-04,5.712715000000000073e-05,-2.576883899999999968e-05,-1.051756379999999936e-04
CMzi,4.368595159999999976e-04,2.176440279999999883e-04,6.484542100000000508e-05,-2.181812200000000056e-05,-1.004279130000000034e-04
CMzo,-1.994694799999999834e-05,-9.184001999999999284e-06,-7.718270999999999273e-06,-3.950716999999999973e-06,-4.747725000000000355e-06
CS,-4.596606629999999802e-04,-4.494863199999999943e-05,-5.157111599999999801e-04,-3.373935530000000266e-04,-6.240123580000000482e-04
CSi,-4.697814269999999815e-04,-4.764403899999999990e-05,-5.185114880000000386e-04,-3.366927979999999906e-04,-6.226192939999999464e-04
CSo,1.012076500000000067e-05,2.695407000000000043e-06,2.800328999999999849e-06,-7.007549999999999509e-07,-1.393064999999999934e-06
E,5.506513023800000406e-01,6.061754718659999597e-01,6.596213330910000172e-01,6.484089309839999871e-01,6.398730175989999491e-01
FC_AoA_,2.000000000000000000e+00
FC_Beta_,0.000000000000000000e+00
FC_Bref_,1.417173599999999922e+01
FC_Cref_,1.088920000000000110e+00
FC_Mach_,1.499999999999999944e-01
FC_Pitch_Rate,0.000000000000000000e+00
FC_ReCref_,3.870000000000000000e+06
FC_Rho_,2.377000000000000206e-03
FC_Roll__Rate,0.000000000000000000e+00
FC_Sref_,1.619368700000000061e+01
FC_Vinf_,5.100000000000000000e+01
FC_Xcg_,1.774861999999999940e+00
FC_Yaw___Rate,0.000000000000000000e+00
FC_Ycg_,0.000000000000000000e+00
FC_Zcg_,7.545150000000000468e-01
L/D,2.229963269044599983e+01,2.329567153278500058e+01,2.412353186278799910e+01,2.396453711947399867e+01,2.384815735000800174e+01
Mach,1.499999999999999944e-01,1.499999999999999944e-01,1.499999999999999944e-01,1.499999999999999944e-01,1.499999999999999944e-01
T/QS,0.000000000000000000e+00,0.000000000000000000e+00,0.000000000000000000e+00,0.000000000000000000e+00,0.000000000000000000e+00
WakeIter,1,2,3,4,5
Results_Name,VSPAERO_History
Results_Timestamp,1759253980
Results_Date,9,30,2025
Results_Time,13,39,40
Alpha,3.000000000000000000e+00,3.000000000000000000e+00,3.000000000000000000e+00,3.000000000000000000e+00,3.000000000000000000e+00
AnalysisMethod,0
Beta,0.000000000000000000e+00,0.000000000000000000e+00,0.000000000000000000e+00,0.000000000000000000e+00,0.000000000000000000e+00
CDi,1.178103179299999984e-02,1.128040602600000053e-02,1.069146868500000028e-02,1.010710679000000056e-02,1.053083021100000016e-02
CDo,1.127563998599999916e-02,1.128734684400000028e-02,1.131020897200000000e-02,1.131841185399999963e-02,1.133416310999999996e-02
CDt,1.414059564799999974e-02,1.270913423999999944e-02,1.208940124400000038e-02,1.250215405199999949e-02,1.090674358899999981e-02
CDtot,2.305667177799999856e-02,2.256775286999999908e-02,2.200167765600000158e-02,2.142551864400000020e-02,2.186499332100000012e-02
CDtott,2.541623563299999847e-02,2.399648108400000146e-02,2.339961021600000038e-02,2.382056590599999912e-02,2.224090669900000150e-02
CFx,-5.161519031999999702e-03,-5.834468318000000236e-03,-6.421907575999999569e-03,-6.857828094000000332e-03,-6.711695150000000429e-03
CFxi,-1.646597231599999933e-02,-1.715105695399999838e-02,-1.776156045800000166e-02,-1.820388205900000042e-02,-1.807308757299999971e-02
CFxo,1.130445328399999963e-02,1.131658863700000031e-02,1.133965288100000079e-02,1.134605396500000009e-02,1.136139242299999928e-02
CFy,-6.841165130000000311e-04,-4.450435900000000153e-05,-2.660208839999999957e-04,-3.932062379999999731e-04,-2.689830809999999841e-04
CFyi,-6.956894550000000113e-04,-4.554448799999999788e-05,-2.677099889999999863e-04,-3.958212119999999969e-04,-2.683619870000000145e-04
CFyo,1.157294200000000050e-05,1.040127999999999929e-06,1.689104999999999983e-06,2.614974999999999896e-06,-6.210929999999999884e-07
CFz,5.390389161219999448e-01,5.425376221169999624e-01,5.429304491869999527e-01,5.402394520409999901e-01,5.458482538090000391e-01
CFzi,5.392934435849999764e-01,5.428000191809999597e-01,5.431961042059999523e-01,5.404705118960000387e-01,5.460710245359999826e-01
CFzo,-2.545274629999999907e-04,-2.623970649999999996e-04,-2.656550189999999818e-04,-2.310598550000000104e-04,-2.227707270000000054e-04
CL,5.385703150559999486e-01,5.420994456400000105e-01,5.425224785500000202e-01,5.398579836389999498e-01,5.454514507309999871e-01
CLi,5.394161230699999754e-01,5.429537475860000129e-01,5.433812410749999655e-01,5.406825334179999887e-01,5.462685254950000457e-01
CLo,-8.458080140000000290e-04,-8.543019460000000334e-04,-8.587625249999999641e-04,-8.245497799999999692e-04,-8.170747639999999734e-04
CMx,5.096472228999999847e-03,1.431442439999999977e-03,1.109755042000000079e-03,9.355823879999999827e-04,1.052401159999999912e-03
CMxi,5.100239682999999774e-03,1.432648328999999894e-03,1.110963859000000005e-03,9.367420120000000171e-04,1.053245410000000059e-03
CMxo,-3.767453999999999928e-06,-1.205889000000000085e-06,-1.208817000000000017e-06,-1.159624999999999930e-06,-8.442510000000000336e-07
CMy,-1.345984719049999889e-01,-1.349015681530000010e-01,-1.263936294820000028e-01,-1.115445955870000005e-01,-1.235832791789999996e-01
CMyi,-1.378050467820000069e-01,-1.381752021360000138e-01,-1.296865584299999874e-01,-1.147083479680000018e-01,-1.267134770159999979e-01
CMyo,3.206574878000000191e-03,3.273633983000000160e-03,3.292928949000000199e-03,3.163752380999999923e-03,3.130197837000000052e-03
CMz,4.984795579999999615e-04,9.976685399999999596e-05,1.148529980000000008e-04,1.201541199999999967e-05,6.188681000000000252e-06
CMzi,5.268475390000000071e-04,1.087312270000000006e-04,1.214689769999999957e-04,1.688239300000000037e-05,1.310710699999999939e-05
CMzo,-2.836798100000000150e-05,-8.964372999999999561e-06,-6.615978999999999900e-06,-4.866982000000000084e-06,-6.918425999999999988e-06
CS,-6.841165130000000311e-04,-4.450435900000000153e-05,-2.660208839999999957e-04,-3.932062379999999731e-04,-2.689830809999999841e-04
CSi,-6.956894550000000113e-04,-4.554448799999999788e-05,-2.677099889999999863e-04,-3.958212119999999969e-04,-2.683619870000000145e-04
CSo,1.157294200000000050e-05,1.040127999999999929e-06,1.689104999999999983e-06,2.614974999999999896e-06,-6.210929999999999884e-07
E,6.338906854489999576e-01,6.707347231319999992e-01,7.087968291889999994e-01,7.423482298029999704e-01,7.272765718100000498e-01
FC_AoA_,3.000000000000000000e+00
FC_Beta_,0.000000000000000000e+00
FC_Bref_,1.417173599999999922e+01
FC_Cref_,1.088920000000000110e+00
FC_Mach_,1.499999999999999944e-01
FC_Pitch_Rate,0.000000000000000000e+00
FC_ReCref_,3.870000000000000000e+06
FC_Rho_,2.377000000000000206e-03
FC_Roll__Rate,0.000000000000000000e+00
FC_Sref_,1.619368700000000061e+01
FC_Vinf_,5.100000000000000000e+01
FC_Xcg_,1.774861999999999940e+00
FC_Yaw___Rate,0.000000000000000000e+00
FC_Ycg_,0.000000000000000000e+00
FC_Zcg_,7.545150000000000468e-01
L/D,2.339522929661200124e+01,2.405883078916700057e+01,2.469726397957699859e+01,2.523544668433400062e+01,2.498370420078600063e+01
Mach,1.499999999999999944e-01,1.499999999999999944e-01,1.499999999999999944e-01,1.499999999999999944e-01,1.499999999999999944e-01
T/QS,0.000000000000000000e+00,0.000000000000000000e+00,0.000000000000000000e+00,0.000000000000000000e+00,0.000000000000000000e+00
WakeIter,1,2,3,4,5
Results_Name,VSPAERO_History
Results_Timestamp,1759253980
Results_Date,9,30,2025
Results_Time,13,39,40
Alpha,4.000000000000000000e+00,4.000000000000000000e+00,4.000000000000000000e+00,4.000000000000000000e+00,4.000000000000000000e+00
AnalysisMethod,0
Beta,0.000000000000000000e+00,0.000000000000000000e+00,0.000000000000000000e+00,0.000000000000000000e+00,0.000000000000000000e+00
CDi,1.471620469500000035e-02,1.426613161799999974e-02,1.430510695199999939e-02,1.366867707799999943e-02,1.376330021499999959e-02
CDo,1.190657565700000038e-02,1.192230169899999997e-02,1.198105816000000039e-02,1.200292151800000026e-02,1.203297625599999976e-02
CDt,1.766730497600000130e-02,1.572549511000000122e-02,1.447602497499999967e-02,1.349116031799999990e-02,1.430401778099999952e-02
CDtot,2.662278035200000073e-02,2.618843331699999971e-02,2.628616511199999978e-02,2.567159859599999969e-02,2.579627647099999935e-02
CDtott,2.957388063299999995e-02,2.764779680799999903e-02,2.645708313500000006e-02,2.549408183600000016e-02,2.633699403699999927e-02
CFx,-1.745012668099999928e-02,-1.804036268000000151e-02,-1.841112334300000139e-02,-1.898771306399999956e-02,-1.903837633799999873e-02
CFxi,-2.940398279000000156e-02,-3.000973338200000132e-02,-3.044100681200000158e-02,-3.103823402700000081e-02,-3.111786973399999906e-02
CFxo,1.195385610900000055e-02,1.196937070199999981e-02,1.202988347000000062e-02,1.205052096299999952e-02,1.207949339600000033e-02
CFy,-8.732468700000000413e-04,-2.356433359999999925e-04,3.624569000000000194e-06,1.382826200000000045e-04,-4.944190140000000091e-04
CFyi,-8.866138730000000523e-04,-2.363394430000000069e-04,2.088051999999999909e-06,1.362935809999999868e-04,-4.957771069999999860e-04
CFyo,1.336700300000000081e-05,6.961069999999999744e-07,1.536517000000000073e-06,1.989038999999999948e-06,1.358092999999999984e-06
CFz,6.312016224169999523e-01,6.334157707340000165e-01,6.401189378780000050e-01,6.395543832740000489e-01,6.420662323900000468e-01
CFzi,6.314619776080000468e-01,6.336725528900000182e-01,6.403987845669999457e-01,6.398159358039999800e-01,6.423112576849999700e-01
CFzo,-2.603551909999999789e-04,-2.567821560000000227e-04,-2.798466890000000018e-04,-2.615525300000000157e-04,-2.450252960000000161e-04
CL,6.308813062920000103e-01,6.331312338379999627e-01,6.398439353599999491e-01,6.393209768480000443e-01,6.418302413169999499e-01
CLi,6.319748861209999458e-01,6.342223315780000092e-01,6.409622626069999551e-01,6.404224940980000058e-01,6.429172926070000349e-01
CLo,-1.093579829000000062e-03,-1.091097739999999936e-03,-1.118327247000000003e-03,-1.101517250000000076e-03,-1.087051290000000045e-03
CMx,5.704362240000000056e-03,2.079804306999999842e-03,9.174446929999999483e-04,8.860258539999999773e-04,8.589326840000000539e-04
CMxi,5.708798882000000116e-03,2.081949069000000197e-03,9.183522940000000100e-04,8.870010299999999889e-04,8.598491729999999458e-04
CMxo,-4.436641999999999898e-06,-2.144761999999999998e-06,-9.076010000000000285e-07,-9.751759999999999702e-07,-9.164890000000000482e-07
CMy,-1.669678823450000127e-01,-1.632230024449999872e-01,-1.644496683879999865e-01,-1.529412193889999882e-01,-1.498689481059999884e-01
CMyi,-1.703296225010000053e-01,-1.666094365720000026e-01,-1.679323933759999943e-01,-1.563608936489999934e-01,-1.532168072900000066e-01
CMyo,3.361740155000000028e-03,3.386434127000000158e-03,3.482724987999999931e-03,3.419674259999999980e-03,3.347859184000000037e-03
CMz,6.057494999999999980e-04,1.635840810000000129e-04,1.070882310000000005e-04,1.687022380000000098e-04,-3.433582100000000161e-05
CMzi,6.442081210000000138e-04,1.785516670000000100e-04,1.137347300000000026e-04,1.751154069999999929e-04,-2.815482000000000160e-05
CMzo,-3.845862100000000219e-05,-1.496758600000000052e-05,-6.646499000000000414e-06,-6.413169000000000058e-06,-6.181001000000000014e-06
CS,-8.732468700000000413e-04,-2.356433359999999925e-04,3.624569000000000194e-06,1.382826200000000045e-04,-4.944190140000000091e-04
CSi,-8.866138730000000523e-04,-2.363394430000000069e-04,2.088051999999999909e-06,1.362935809999999868e-04,-4.957771069999999860e-04
CSo,1.336700300000000081e-05,6.961069999999999744e-07,1.536517000000000073e-06,1.989038999999999948e-06,1.358092999999999984e-06
E,6.965522062769999856e-01,7.236468647879999994e-01,7.370953369970000280e-01,7.701166683390000545e-01,7.707925045850000378e-01
FC_AoA_,4.000000000000000000e+00
FC_Beta_,0.000000000000000000e+00
FC_Bref_,1.417173599999999922e+01
FC_Cref_,1.088920000000000110e+00
FC_Mach_,1.499999999999999944e-01
FC_Pitch_Rate,0.000000000000000000e+00
FC_ReCref_,3.870000000000000000e+06
FC_Rho_,2.377000000000000206e-03
FC_Roll__Rate,0.000000000000000000e+00
FC_Sref_,1.619368700000000061e+01
FC_Vinf_,5.100000000000000000e+01
FC_Xcg_,1.774861999999999940e+00
FC_Yaw___Rate,0.000000000000000000e+00
FC_Ycg_,0.000000000000000000e+00
FC_Zcg_,7.545150000000000468e-01
L/D,2.373812493523499967e+01,2.421765074300200027e+01,2.438401569356900112e+01,2.494673215249899911e+01,2.492287184640199982e+01
Mach,1.499999999999999944e-01,1.499999999999999944e-01,1.499999999999999944e-01,1.499999999999999944e-01,1.499999999999999944e-01
T/QS,0.000000000000000000e+00,0.000000000000000000e+00,0.000000000000000000e+00,0.000000000000000000e+00,0.000000000000000000e+00
WakeIter,1,2,3,4,5
Results_Name,VSPAERO_History
Results_Timestamp,1759253980
Results_Date,9,30,2025
Results_Time,13,39,40
Alpha,5.000000000000000000e+00,5.000000000000000000e+00,5.000000000000000000e+00,5.000000000000000000e+00,5.000000000000000000e+00
AnalysisMethod,0
Beta,0.000000000000000000e+00,0.000000000000000000e+00,0.000000000000000000e+00,0.000000000000000000e+00,0.000000000000000000e+00
CDi,1.812809756000000050e-02,1.751417443699999910e-02,1.767866693599999886e-02,1.759171213299999884e-02,1.751118231000000150e-02
CDo,1.261785158999999962e-02,1.263090237199999966e-02,1.271384899299999975e-02,1.276832105200000067e-02,1.280735941500000044e-02
CDt,2.122177145799999942e-02,1.915196937899999938e-02,1.741552336200000162e-02,1.610949266699999993e-02,1.760571016100000163e-02
CDtot,3.074594915000000012e-02,3.014507680899999875e-02,3.039251592900000035e-02,3.036003318499999951e-02,3.031854172499999847e-02
CDtott,3.383962304899999773e-02,3.178287175100000250e-02,3.012937235499999963e-02,2.887781371900000060e-02,3.041306957599999861e-02
CFx,-3.224845056799999915e-02,-3.301173747200000091e-02,-3.352041816199999996e-02,-3.393957364900000023e-02,-3.410680765699999895e-02
CFxi,-4.493832520700000166e-02,-4.571386973299999823e-02,-4.630728344499999982e-02,-4.678136118299999757e-02,-4.698672657200000241e-02
CFxo,1.268987463900000077e-02,1.270213226100000078e-02,1.278686528299999986e-02,1.284178753400000081e-02,1.287991891399999957e-02
CFy,-9.429091169999999876e-04,-3.522270979999999750e-04,-1.161042640000000005e-04,-2.571390000000000105e-07,-4.328234930000000218e-04
CFyi,-9.581777009999999616e-04,-3.521062259999999978e-04,-1.164337720000000067e-04,-1.500199000000000025e-06,-4.343637609999999967e-04
CFyo,1.526858400000000106e-05,-1.208719999999999987e-07,3.295079999999999883e-07,1.243059999999999962e-06,1.540268000000000065e-06
CFz,7.213716806909999946e-01,7.232018529899999493e-01,7.318551453870000278e-01,7.362734168350000274e-01,7.377088491879999488e-01
CFzi,7.216440006119999584e-01,7.234645372329999713e-01,7.321346267689999854e-01,7.365556656280000114e-01,7.379790266700000378e-01
CFzo,-2.723199209999999852e-04,-2.626842440000000086e-04,-2.794813819999999809e-04,-2.822487920000000053e-04,-2.701774819999999970e-04
CL,7.214372813199999568e-01,7.233270140969999540e-01,7.319917125479999953e-01,7.364297029470000533e-01,7.378742484510000255e-01
CLi,7.228145604310000083e-01,7.246957625200000086e-01,7.333845791599999941e-01,7.378301132279999619e-01,7.392659567249999508e-01
CLo,-1.377279110999999907e-03,-1.368748422999999971e-03,-1.392866611999999922e-03,-1.400410280999999897e-03,-1.391708273999999954e-03
CMx,6.358220740999999572e-03,2.337601016999999847e-03,8.475304260000000173e-04,1.008811475999999915e-03,1.178063574999999898e-03
CMxi,6.363412522000000231e-03,2.340214622999999862e-03,8.484841460000000024e-04,1.010047030999999904e-03,1.179571795999999990e-03
CMxo,-5.191780999999999683e-06,-2.613606000000000011e-06,-9.537189999999999654e-07,-1.235554999999999896e-06,-1.508220999999999963e-06
CMy,-1.952292057189999874e-01,-1.910964641650000073e-01,-1.939104705530000083e-01,-1.924206329220000122e-01,-1.833172323489999922e-01
CMyi,-1.987872664099999964e-01,-1.946575627830000044e-01,-1.975532395260000129e-01,-1.960907256149999889e-01,-1.869199701519999868e-01
CMyo,3.558060690999999883e-03,3.561098618000000087e-03,3.642768972999999803e-03,3.670092693000000066e-03,3.602737803000000214e-03
CMz,7.254098999999999747e-04,1.729732839999999889e-04,5.911112300000000017e-05,1.299998159999999920e-04,2.956928000000000025e-05
CMzi,7.756826269999999657e-04,1.927353300000000133e-04,6.656908099999999393e-05,1.388023560000000041e-04,3.965009199999999985e-05
CMzo,-5.027272699999999779e-05,-1.976204500000000130e-05,-7.457958999999999926e-06,-8.802540000000000258e-06,-1.008081199999999960e-05
CS,-9.429091169999999876e-04,-3.522270979999999750e-04,-1.161042640000000005e-04,-2.571390000000000105e-07,-4.328234930000000218e-04
CSi,-9.581777009999999616e-04,-3.521062259999999978e-04,-1.164337720000000067e-04,-1.500199000000000025e-06,-4.343637609999999967e-04
CSo,1.526858400000000106e-05,-1.208719999999999987e-07,3.295079999999999883e-07,1.243059999999999962e-06,1.540268000000000065e-06
E,7.396928259889999913e-01,7.696116345539999459e-01,7.808432949229999753e-01,7.942450087389999469e-01,8.010060507599999768e-01
FC_AoA_,5.000000000000000000e+00
FC_Beta_,0.000000000000000000e+00
FC_Bref_,1.417173599999999922e+01
FC_Cref_,1.088920000000000110e+00
FC_Mach_,1.499999999999999944e-01
FC_Pitch_Rate,0.000000000000000000e+00
FC_ReCref_,3.870000000000000000e+06
FC_Rho_,2.377000000000000206e-03
FC_Roll__Rate,0.000000000000000000e+00
FC_Sref_,1.619368700000000061e+01
FC_Vinf_,5.100000000000000000e+01
FC_Xcg_,1.774861999999999940e+00
FC_Yaw___Rate,0.000000000000000000e+00
FC_Ycg_,0.000000000000000000e+00
FC_Zcg_,7.545150000000000468e-01
L/D,2.350926155815499996e+01,2.404026923244899905e+01,2.413043332342299863e+01,2.430267808803100138e+01,2.438329532541299827e+01
Mach,1.499999999999999944e-01,1.499999999999999944e-01,1.499999999999999944e-01,1.499999999999999944e-01,1.499999999999999944e-01
T/QS,0.000000000000000000e+00,0.000000000000000000e+00,0.000000000000000000e+00,0.000000000000000000e+00,0.000000000000000000e+00
WakeIter,1,2,3,4,5
Results_Name,VSPAERO_History
Results_Timestamp,1759253980
Results_Date,9,30,2025
Results_Time,13,39,40
Alpha,6.000000000000000000e+00,6.000000000000000000e+00,6.000000000000000000e+00,6.000000000000000000e+00,6.000000000000000000e+00
AnalysisMethod,0
Beta,0.000000000000000000e+00,0.000000000000000000e+00,0.000000000000000000e+00,0.000000000000000000e+00,0.000000000000000000e+00
CDi,2.186062475499999866e-02,2.157776127499999932e-02,2.149650964100000006e-02,2.184327887099999851e-02,2.184748917900000004e-02
CDo,1.341212169499999933e-02,1.348170365099999983e-02,1.352090640499999975e-02,1.362581819799999969e-02,1.366802315600000074e-02
CDt,2.485553487199999856e-02,2.263670112499999859e-02,2.057821324000000049e-02,1.927811324199999940e-02,2.125384536499999935e-02
CDtot,3.527274645000000319e-02,3.505946492499999873e-02,3.501741604699999677e-02,3.546909706899999820e-02,3.551551233499999904e-02
CDtott,3.826765656699999962e-02,3.611840477600000016e-02,3.409911964500000198e-02,3.290393143999999909e-02,3.492186852100000183e-02
CFx,-4.964946995100000260e-02,-5.084439237599999717e-02,-5.114087398299999726e-02,-5.168993345500000336e-02,-5.186739861800000045e-02
CFxi,-6.316478951199999692e-02,-6.442990509200000049e-02,-6.476601252800000263e-02,-6.542200602700000422e-02,-6.564188600699999432e-02
CFxo,1.351531956099999952e-02,1.358551271599999985e-02,1.362513854500000017e-02,1.373207257200000087e-02,1.377448738800000037e-02
CFy,-1.246082093999999977e-03,-4.247377789999999867e-04,-3.176410020000000091e-04,-5.315512400000000102e-05,-2.283922389999999984e-04
CFyi,-1.264071227000000035e-03,-4.254738029999999868e-04,-3.191394120000000021e-04,-5.399475700000000254e-05,-2.295831239999999930e-04
CFyo,1.798913300000000055e-05,7.360239999999999473e-07,1.498408999999999954e-06,8.396330000000000382e-07,1.190884999999999907e-06
CFz,8.098294834070000059e-01,8.191579950849999792e-01,8.215765571109999721e-01,8.311216384930000256e-01,8.332541510109999772e-01
CFzi,8.101084460049999825e-01,8.194391262150000355e-01,8.218596589969999755e-01,8.314184824610000302e-01,8.335507797760000059e-01
CFzo,-2.789625979999999991e-04,-2.811311300000000251e-04,-2.831018859999999957e-04,-2.968439670000000159e-04,-2.966287659999999817e-04
CL,8.105829355589999619e-01,8.199852480789999731e-01,8.224215517359999561e-01,8.319717365059999814e-01,8.341111170580000067e-01
CLi,8.122731055549999857e-01,8.216849119100000376e-01,8.241273175540000384e-01,8.337023467749999917e-01,8.358459468590000441e-01
CLo,-1.690169995999999970e-03,-1.699663831000000061e-03,-1.705765817999999913e-03,-1.730610269000000057e-03,-1.734829801000000067e-03
CMx,6.941629902999999803e-03,1.874866944999999899e-03,1.488707473999999979e-03,8.731238810000000123e-04,1.104306916000000020e-03
CMxi,6.947608654999999633e-03,1.876846671000000077e-03,1.490457108999999935e-03,8.741799950000000291e-04,1.105743658999999929e-03
CMxo,-5.978751999999999775e-06,-1.979726999999999977e-06,-1.749634000000000035e-06,-1.056113999999999897e-06,-1.436744000000000097e-06
CMy,-2.200724150049999939e-01,-2.268781611329999948e-01,-2.239890651139999911e-01,-2.274198354159999991e-01,-2.207314321269999990e-01
CMyi,-2.238287155049999977e-01,-2.306859930050000063e-01,-2.278294029840000068e-01,-2.313285810369999917e-01,-2.246166345670000120e-01
CMyo,3.756300499999999914e-03,3.807831871999999788e-03,3.840337870000000084e-03,3.908745620999999615e-03,3.885202439999999903e-03
CMz,8.134809219999999995e-04,1.059094550000000033e-04,1.010830949999999941e-04,1.082209740000000017e-04,9.127263000000000639e-05
CMzi,8.759089279999999816e-04,1.238634139999999887e-04,1.152257280000000002e-04,1.169266169999999994e-04,1.021420810000000005e-04
CMzo,-6.242800599999999563e-05,-1.795395899999999904e-05,-1.414263299999999934e-05,-8.705642999999999414e-06,-1.086945100000000084e-05
CS,-1.246082093999999977e-03,-4.247377789999999867e-04,-3.176410020000000091e-04,-5.315512400000000102e-05,-2.283922389999999984e-04
CSi,-1.264071227000000035e-03,-4.254738029999999868e-04,-3.191394120000000021e-04,-5.399475700000000254e-05,-2.295831239999999930e-04
CSo,1.798913300000000055e-05,7.360239999999999473e-07,1.498408999999999954e-06,8.396330000000000382e-07,1.190884999999999907e-06
E,7.746248586989999962e-01,8.030712757069999874e-01,8.109060148910000043e-01,8.166840411829999757e-01,8.207309296500000517e-01
FC_AoA_,6.000000000000000000e+00
FC_Beta_,0.000000000000000000e+00
FC_Bref_,1.417173599999999922e+01
FC_Cref_,1.088920000000000110e+00
FC_Mach_,1.499999999999999944e-01
FC_Pitch_Rate,0.000000000000000000e+00
FC_ReCref_,3.870000000000000000e+06
FC_Rho_,2.377000000000000206e-03
FC_Roll__Rate,0.000000000000000000e+00
FC_Sref_,1.619368700000000061e+01
FC_Vinf_,5.100000000000000000e+01
FC_Xcg_,1.774861999999999940e+00
FC_Yaw___Rate,0.000000000000000000e+00
FC_Ycg_,0.000000000000000000e+00
FC_Zcg_,7.545150000000000468e-01
L/D,2.302834871974500075e+01,2.343689253836900122e+01,2.353478384735300111e+01,2.350503440072600014e+01,2.353467237014400126e+01
Mach,1.499999999999999944e-01,1.499999999999999944e-01,1.499999999999999944e-01,1.499999999999999944e-01,1.499999999999999944e-01
T/QS,0.000000000000000000e+00,0.000000000000000000e+00,0.000000000000000000e+00,0.000000000000000000e+00,0.000000000000000000e+00
WakeIter,1,2,3,4,5
Results_Name,VSPAERO_History
Results_Timestamp,1759253980
Results_Date,9,30,2025
Results_Time,13,39,40
Alpha,7.000000000000000000e+00,7.000000000000000000e+00,7.000000000000000000e+00,7.000000000000000000e+00,7.000000000000000000e+00
AnalysisMethod,0
Beta,0.000000000000000000e+00,0.000000000000000000e+00,0.000000000000000000e+00,0.000000000000000000e+00,0.000000000000000000e+00
CDi,2.611868824500000047e-02,2.608953167799999903e-02,2.597488964100000061e-02,2.626466603100000019e-02,2.640020905399999979e-02
CDo,1.429039063000000012e-02,1.439704076100000070e-02,1.443265779300000051e-02,1.452657491600000024e-02,1.457701689800000068e-02
CDt,2.934337164800000092e-02,2.720609996300000014e-02,2.524430785100000019e-02,2.371184792000000097e-02,2.457046544900000004e-02
CDtot,4.040907887499999712e-02,4.048657243800000277e-02,4.040754743399999765e-02,4.079124094699999870e-02,4.097722595199999873e-02
CDtott,4.363376227799999757e-02,4.160314072400000257e-02,3.967696564499999939e-02,3.823842283599999947e-02,3.914748234700000246e-02
CFx,-6.972312476900000000e-02,-7.111719791800000245e-02,-7.139750559799999674e-02,-7.196668308799999969e-02,-7.221499488799999755e-02
CFxi,-8.415671057100000685e-02,-8.565884215100000310e-02,-8.597502476599999666e-02,-8.663991062400000498e-02,-8.694003886600000508e-02
CFxo,1.443358580199999991e-02,1.454164423300000064e-02,1.457751916799999992e-02,1.467322753600000008e-02,1.472504397800000059e-02
CFy,-1.507719528000000088e-03,-4.140783800000000150e-04,-3.526476740000000039e-04,-2.384835020000000000e-04,-2.686984209999999929e-04
CFyi,-1.530011041000000011e-03,-4.148644019999999971e-04,-3.542308720000000139e-04,-2.396940399999999884e-04,-2.705625789999999793e-04
CFyo,2.229151399999999990e-05,7.860220000000000487e-07,1.583198999999999908e-06,1.210537000000000062e-06,1.864157999999999983e-06
CFz,8.994263445000000301e-01,9.114160333020000504e-01,9.130505157699999597e-01,9.208344950150000319e-01,9.243829339819999991e-01
CFzi,8.997185378509999776e-01,9.117131733419999717e-01,9.133475778220000452e-01,9.211404013699999727e-01,9.246969492550000114e-01
CFzo,-2.921933510000000061e-04,-2.971400399999999937e-04,-2.970620520000000187e-04,-3.059063559999999817e-04,-3.140152739999999974e-04
CL,9.012192683540000138e-01,9.132894826130000254e-01,9.149459428089999902e-01,9.227412667409999880e-01,9.262935177779999529e-01
CLi,9.032682953649999735e-01,9.153565884509999862e-01,9.170173432949999537e-01,9.248331095220000408e-01,9.283997238700000265e-01
CLo,-2.049027010000000100e-03,-2.067105837000000196e-03,-2.071400485999999944e-03,-2.091842780999999922e-03,-2.106206092999999852e-03
CMx,7.545337119000000009e-03,2.048949241999999896e-03,1.522612394999999950e-03,1.266672413000000021e-03,1.377748030999999913e-03
CMxi,7.552239242999999984e-03,2.051285097999999956e-03,1.524539368999999929e-03,1.268305428999999974e-03,1.379664103000000086e-03
CMxo,-6.902124000000000190e-06,-2.335856000000000002e-06,-1.926974000000000060e-06,-1.633015000000000068e-06,-1.916071999999999821e-06
CMy,-2.512189687490000156e-01,-2.599044017980000065e-01,-2.560318152180000029e-01,-2.585127451990000269e-01,-2.562568402029999914e-01
CMyi,-2.552216605800000093e-01,-2.639749618839999923e-01,-2.601234821990000001e-01,-2.626612838799999849e-01,-2.604225555749999921e-01
CMyo,4.002691832000000206e-03,4.070560085999999633e-03,4.091666980999999863e-03,4.148538680999999673e-03,4.165715371999999771e-03
CMz,9.115467380000000360e-04,1.478156069999999938e-04,1.140264080000000051e-04,1.070010430000000053e-04,1.181586349999999997e-04
CMzi,9.872653120000000285e-04,1.698846420000000115e-04,1.302238480000000029e-04,1.207615179999999949e-04,1.330098100000000024e-04
CMzo,-7.571857400000000604e-05,-2.206903500000000071e-05,-1.619744000000000123e-05,-1.376047499999999974e-05,-1.485117499999999931e-05
CS,-1.507719528000000088e-03,-4.140783800000000150e-04,-3.526476740000000039e-04,-2.384835020000000000e-04,-2.686984209999999929e-04
CSi,-1.530011041000000011e-03,-4.148644019999999971e-04,-3.542308720000000139e-04,-2.396940399999999884e-04,-2.705625789999999793e-04
CSo,2.229151399999999990e-05,7.860220000000000487e-07,1.583198999999999908e-06,1.210537000000000062e-06,1.864157999999999983e-06
E,8.017371787979999942e-01,8.242599375260000194e-01,8.309047455950000494e-01,8.358045043430000209e-01,8.379391673099999549e-01
FC_AoA_,7.000000000000000000e+00
FC_Beta_,0.000000000000000000e+00
FC_Bref_,1.417173599999999922e+01
FC_Cref_,1.088920000000000110e+00
FC_Mach_,1.499999999999999944e-01
FC_Pitch_Rate,0.000000000000000000e+00
FC_ReCref_,3.870000000000000000e+06
FC_Rho_,2.377000000000000206e-03
FC_Roll__Rate,0.000000000000000000e+00
FC_Sref_,1.619368700000000061e+01
FC_Vinf_,5.100000000000000000e+01
FC_Xcg_,1.774861999999999940e+00
FC_Yaw___Rate,0.000000000000000000e+00
FC_Ycg_,0.000000000000000000e+00
FC_Zcg_,7.545150000000000468e-01
L/D,2.235310283001100018e+01,2.260889310517899986e+01,2.269420941200500152e+01,2.267234553424399834e+01,2.265648057667100090e+01
Mach,1.499999999999999944e-01,1.499999999999999944e-01,1.499999999999999944e-01,1.499999999999999944e-01,1.499999999999999944e-01
T/QS,0.000000000000000000e+00,0.000000000000000000e+00,0.000000000000000000e+00,0.000000000000000000e+00,0.000000000000000000e+00
WakeIter,1,2,3,4,5
Results_Name,VSPAERO_History
Results_Timestamp,1759253980
Results_Date,9,30,2025
Results_Time,13,39,40
Alpha,8.000000000000000000e+00,8.000000000000000000e+00,8.000000000000000000e+00,8.000000000000000000e+00,8.000000000000000000e+00
AnalysisMethod,0
Beta,0.000000000000000000e+00,0.000000000000000000e+00,0.000000000000000000e+00,0.000000000000000000e+00,0.000000000000000000e+00
CDi,3.087505498000000029e-02,3.089738225000000088e-02,3.124704203999999902e-02,3.138046939999999951e-02,3.175104157400000099e-02
CDo,1.524267312499999992e-02,1.538124481299999943e-02,1.550208889100000015e-02,1.557763862300000010e-02,1.564108801800000170e-02
CDt,3.413946225500000264e-02,3.266875862600000097e-02,2.997957785899999991e-02,2.779837827599999922e-02,2.933630399500000013e-02
CDtot,4.611772810499999847e-02,4.627862706400000248e-02,4.674913093099999917e-02,4.695810802300000308e-02,4.739212959200000269e-02
CDtott,4.938213537999999736e-02,4.805000343899999693e-02,4.548166674999999659e-02,4.337601689799999716e-02,4.497739201300000184e-02
CFx,-9.219237076500000350e-02,-9.392036043399999701e-02,-9.480352631699999477e-02,-9.528899008299999973e-02,-9.552855204799999556e-02
CFxi,-1.076286564730000034e-01,-1.094963006419999996e-01,-1.105029545859999990e-01,-1.110651504190000027e-01,-1.113708747909999963e-01
CFxo,1.543628570799999988e-02,1.557594020800000083e-02,1.569942826900000074e-02,1.577616033599999953e-02,1.584232274300000076e-02
CFy,-1.778195147000000056e-03,-5.074302259999999764e-04,-1.405602200000000079e-05,-1.709116969999999972e-04,-1.195545299999999973e-04
CFyi,-1.804505209999999896e-03,-5.084426109999999523e-04,-1.374969000000000083e-05,-1.716686400000000010e-04,-1.203182039999999936e-04
CFyo,2.631006200000000011e-05,1.012385000000000049e-06,-3.063309999999999920e-07,7.569430000000000303e-07,7.636740000000000129e-07
CFz,9.873523555000000007e-01,1.000803747600000015e+00,1.010468509192999909e+00,1.015424325746999923e+00,1.020247471375999915e+00
CFzi,9.876641090729999517e-01,1.001113515904000106e+00,1.010788640174000053e+00,1.015747586527000035e+00,1.020585599424999934e+00
CFzo,-3.117535729999999956e-04,-3.097683040000000112e-04,-3.201309800000000003e-04,-3.232607789999999959e-04,-3.381280480000000105e-04
CL,9.905742083730000314e-01,1.004135182129999970e+00,1.013828799861999919e+00,1.018803950247999968e+00,1.023613497936999961e+00
CLi,9.930312437299999573e-01,1.006609687689000054e+00,1.016330753465999992e+00,1.021319682231000003e+00,1.026153160528999964e+00
CLo,-2.457035358000000079e-03,-2.474505559000000042e-03,-2.501953603000000095e-03,-2.515731983000000192e-03,-2.539662592000000059e-03
CMx,8.161231749000000604e-03,2.142929780999999929e-03,3.118455530000000062e-04,7.677862070000000512e-04,9.051487499999999724e-04
CMxi,8.169183910000000701e-03,2.145525401999999818e-03,3.123526129999999973e-04,7.688813250000000156e-04,9.064045699999999763e-04
CMxo,-7.952160999999999841e-06,-2.595621000000000131e-06,-5.070600000000000419e-07,-1.095117999999999973e-06,-1.255820000000000031e-06
CMy,-2.798106142649999795e-01,-2.891601918250000236e-01,-2.938721800340000079e-01,-2.927529110320000183e-01,-2.929306047340000108e-01
CMyi,-2.841068490209999742e-01,-2.934968597559999837e-01,-2.982794719890000112e-01,-2.971992921300000146e-01,-2.974124587090000160e-01
CMyo,4.296234755999999919e-03,4.336667930999999962e-03,4.407291954999999900e-03,4.446381097999999726e-03,4.481853975000000059e-03
CMz,1.026448939000000051e-03,1.694707210000000078e-04,3.974274499999999789e-05,7.092389800000000160e-05,1.228178439999999885e-04
CMzi,1.117097402999999963e-03,1.949721689999999916e-04,4.392131799999999831e-05,8.023377199999999411e-05,1.339823989999999970e-04
CMzo,-9.064846400000000617e-05,-2.550144700000000141e-05,-4.178573000000000421e-06,-9.309875000000000374e-06,-1.116455500000000004e-05
CS,-1.778195147000000056e-03,-5.074302259999999764e-04,-1.405602200000000079e-05,-1.709116969999999972e-04,-1.195545299999999973e-04
CSi,-1.804505209999999896e-03,-5.084426109999999523e-04,-1.374969000000000083e-05,-1.716686400000000010e-04,-1.203182039999999936e-04
CSo,2.631006200000000011e-05,1.012385000000000049e-06,-3.063309999999999920e-07,7.569430000000000303e-07,7.636740000000000129e-07
E,8.197245419880000439e-01,8.416865305859999591e-01,8.484203450239999889e-01,8.531272592309999681e-01,8.511698841329999876e-01
FC_AoA_,8.000000000000000000e+00
FC_Beta_,0.000000000000000000e+00
FC_Bref_,1.417173599999999922e+01
FC_Cref_,1.088920000000000110e+00
FC_Mach_,1.499999999999999944e-01
FC_Pitch_Rate,0.000000000000000000e+00
FC_ReCref_,3.870000000000000000e+06
FC_Rho_,2.377000000000000206e-03
FC_Roll__Rate,0.000000000000000000e+00
FC_Sref_,1.619368700000000061e+01
FC_Vinf_,5.100000000000000000e+01
FC_Xcg_,1.774861999999999940e+00
FC_Yaw___Rate,0.000000000000000000e+00
FC_Ycg_,0.000000000000000000e+00
FC_Zcg_,7.545150000000000468e-01
L/D,2.153252739322299902e+01,2.175107066823600022e+01,2.174009940332900115e+01,2.174959182212399966e+01,2.165239607016300027e+01
Mach,1.499999999999999944e-01,1.499999999999999944e-01,1.499999999999999944e-01,1.499999999999999944e-01,1.499999999999999944e-01
T/QS,0.000000000000000000e+00,0.000000000000000000e+00,0.000000000000000000e+00,0.000000000000000000e+00,0.000000000000000000e+00
WakeIter,1,2,3,4,5
Results_Name,VSPAERO_History
Results_Timestamp,1759253980
Results_Date,9,30,2025
Results_Time,13,39,40
Alpha,9.000000000000000000e+00,9.000000000000000000e+00,9.000000000000000000e+00,9.000000000000000000e+00,9.000000000000000000e+00
AnalysisMethod,0
Beta,0.000000000000000000e+00,0.000000000000000000e+00,0.000000000000000000e+00,0.000000000000000000e+00,0.000000000000000000e+00
CDi,3.611242483100000206e-02,3.609039564100000042e-02,3.672509779900000326e-02,3.667277951000000313e-02,3.720811169899999882e-02
CDo,1.626383244000000061e-02,1.643912567799999877e-02,1.655639003599999881e-02,1.663031806099999829e-02,1.672202639999999935e-02
CDt,4.003526586500000262e-02,3.809018648200000051e-02,3.437424100099999852e-02,3.187474282600000208e-02,3.565281780799999661e-02
CDtot,5.237625726999999703e-02,5.252952132000000135e-02,5.328148783500000207e-02,5.330309757099999796e-02,5.393013809899999816e-02
CDtott,5.629909830500000323e-02,5.452931216100000145e-02,5.093063103699999733e-02,4.850506088699999691e-02,5.237484420800000290e-02
CFx,-1.170769459780000021e-01,-1.192996679590000025e-01,-1.201107155640000063e-01,-1.207770192949999960e-01,-1.211627369909999974e-01
CFxi,-1.335959916860000041e-01,-1.359952762639999868e-01,-1.369264032539999898e-01,-1.376678362690000046e-01,-1.381502385170000069e-01
CFxo,1.651904570799999847e-02,1.669560830500000162e-02,1.681568769000000088e-02,1.689081697400000165e-02,1.698750152599999910e-02
CFy,-2.153236058999999977e-03,-5.446625700000000099e-04,-2.396040579999999902e-04,-3.429544200000000259e-04,-9.299132600000000306e-05
CFyi,-2.183023768000000048e-03,-5.455559950000000123e-04,-2.411148280000000076e-04,-3.450197219999999996e-04,-9.399866400000000673e-05
CFyo,2.978770900000000073e-05,8.934259999999999694e-07,1.510770000000000021e-06,2.065302000000000000e-06,1.007338000000000070e-06
CFz,1.074007519520000065e+00,1.089020967061999912e+00,1.098948630875999921e+00,1.103293646295000041e+00,1.109737299227999907e+00
CFzi,1.074338881307000060e+00,1.089346547382000097e+00,1.099282755680000001e+00,1.103629537288000062e+00,1.110097391188000104e+00
CFzo,-3.313617870000000140e-04,-3.255803199999999782e-04,-3.341248039999999736e-04,-3.358909929999999737e-04,-3.600919600000000048e-04
CL,1.079099574153999930e+00,1.094275891567999981e+00,1.104208205164000089e+00,1.108603959100999958e+00,1.115028619515000097e+00
CLi,1.082011004406000065e+00,1.097209232006999935e+00,1.107168769445000089e+00,1.111578020635999975e+00,1.118041708860000094e+00
CLo,-2.911430251999999868e-03,-2.933340439999999969e-03,-2.960564281999999905e-03,-2.974061535000000096e-03,-3.013089343999999972e-03
CMx,8.833081314999999614e-03,2.313348602999999986e-03,1.051399783000000077e-03,1.280049178000000057e-03,8.055742499999999588e-04
CMxi,8.842239176999999728e-03,2.316392218000000013e-03,1.053038077999999969e-03,1.282182254000000052e-03,8.067864859999999928e-04
CMxo,-9.157862000000000242e-06,-3.043615000000000166e-06,-1.638294999999999914e-06,-2.133076999999999957e-06,-1.212235999999999950e-06
CMy,-3.080774299779999725e-01,-3.177787556159999971e-01,-3.288351255020000030e-01,-3.252895121780000065e-01,-3.242954015580000182e-01
CMyi,-3.126857910260000262e-01,-3.224218516199999773e-01,-3.335565699959999741e-01,-3.300415413960000044e-01,-3.290962748110000113e-01
CMyo,4.608361047999999863e-03,4.643096004000000186e-03,4.721444495000000179e-03,4.752029219000000054e-03,4.800873253000000063e-03
CMz,1.141459947999999948e-03,1.783556649999999948e-04,1.041485880000000015e-04,1.213232559999999973e-04,1.083280790000000065e-04
CMzi,1.249282785999999892e-03,2.085717330000000044e-04,1.178722130000000017e-04,1.378610990000000112e-04,1.190352430000000061e-04
CMzo,-1.078228379999999977e-04,-3.021606799999999938e-05,-1.372362500000000025e-05,-1.653784300000000042e-05,-1.070716500000000068e-05
CS,-2.153236058999999977e-03,-5.446625700000000099e-04,-2.396040579999999902e-04,-3.429544200000000259e-04,-9.299132600000000306e-05
CSi,-2.183023768000000048e-03,-5.455559950000000123e-04,-2.411148280000000076e-04,-3.450197219999999996e-04,-9.399866400000000673e-05
CSo,2.978770900000000073e-05,8.934259999999999694e-07,1.510770000000000021e-06,2.065302000000000000e-06,1.007338000000000070e-06
E,8.320636625170000356e-01,8.561248729879999964e-01,8.566719446860000531e-01,8.647407515039999826e-01,8.622401304510000086e-01
FC_AoA_,9.000000000000000000e+00
FC_Beta_,0.000000000000000000e+00
FC_Bref_,1.417173599999999922e+01
FC_Cref_,1.088920000000000110e+00
FC_Mach_,1.499999999999999944e-01
FC_Pitch_Rate,0.000000000000000000e+00
FC_ReCref_,3.870000000000000000e+06
FC_Rho_,2.377000000000000206e-03
FC_Roll__Rate,0.000000000000000000e+00
FC_Sref_,1.619368700000000061e+01
FC_Vinf_,5.100000000000000000e+01
FC_Xcg_,1.774861999999999940e+00
FC_Yaw___Rate,0.000000000000000000e+00
FC_Ycg_,0.000000000000000000e+00
FC_Zcg_,7.545150000000000468e-01
L/D,2.065842541634199847e+01,2.088747821108200142e+01,2.077961435458200157e+01,2.085391039700699878e+01,2.073129697536399974e+01
Mach,1.499999999999999944e-01,1.499999999999999944e-01,1.499999999999999944e-01,1.499999999999999944e-01,1.499999999999999944e-01
T/QS,0.000000000000000000e+00,0.000000000000000000e+00,0.000000000000000000e+00,0.000000000000000000e+00,0.000000000000000000e+00
WakeIter,1,2,3,4,5
Results_Name,VSPAERO_History
Results_Timestamp,1759253980
Results_Date,9,30,2025
Results_Time,13,39,40
Alpha,1.000000000000000000e+01,1.000000000000000000e+01,1.000000000000000000e+01,1.000000000000000000e+01,1.000000000000000000e+01
AnalysisMethod,0
Beta,0.000000000000000000e+00,0.000000000000000000e+00,0.000000000000000000e+00,0.000000000000000000e+00,0.000000000000000000e+00
CDi,4.191497979699999876e-02,4.223713364500000095e-02,4.280073829400000279e-02,4.274273296199999905e-02,4.286477953099999960e-02
CDo,1.736692798699999984e-02,1.760652922800000006e-02,1.774555052599999933e-02,1.778960948599999856e-02,1.785088146100000106e-02
CDt,4.625510312500000221e-02,4.414814566499999926e-02,4.060474150599999860e-02,3.787167938100000075e-02,4.035055817600000094e-02
CDtot,5.928190778299999991e-02,5.984366287299999754e-02,6.054628881900000342e-02,6.053234244800000108e-02,6.071566099200000066e-02
CDtott,6.362203111099999642e-02,6.175467489300000279e-02,5.835029203099999923e-02,5.566128886700000278e-02,5.820143963700000200e-02
CFx,-1.446031155680000124e-01,-1.471003933230000116e-01,-1.482794829859999941e-01,-1.489777922209999939e-01,-1.493404142189999895e-01
CFxi,-1.622996182600000004e-01,-1.650403886659999875e-01,-1.663617322460000103e-01,-1.671052874099999974e-01,-1.675320805839999871e-01
CFxo,1.769650269199999834e-02,1.793999534300000018e-02,1.808224925999999885e-02,1.812749518800000140e-02,1.819166636500000114e-02
CFy,-2.486190132000000007e-03,-5.529568280000000079e-04,-4.285334099999999727e-05,-1.701524889999999908e-04,-3.271206840000000031e-04
CFyi,-2.520167901000000110e-03,-5.542068960000000105e-04,-4.397374699999999733e-05,-1.715201420000000130e-04,-3.290542519999999798e-04
CFyo,3.397776900000000038e-05,1.250068000000000073e-06,1.120406000000000060e-06,1.367653000000000024e-06,1.933567999999999967e-06
CFz,1.161475921108999998e+00,1.178873705665999916e+00,1.189606917000999964e+00,1.193486911519999971e+00,1.196599132477000005e+00
CFzi,1.161825622824999904e+00,1.179224514271000057e+00,1.189963895913999981e+00,1.193846767399000086e+00,1.196970069947999926e+00
CFzo,-3.497017160000000170e-04,-3.508086050000000012e-04,-3.569789130000000209e-04,-3.598558789999999736e-04,-3.709374700000000222e-04
CL,1.168940559548999891e+00,1.186507680397000053e+00,1.197282576904999951e+00,1.201224885715000079e+00,1.204352793693000079e+00
CLi,1.172357913953999908e+00,1.189968406930000056e+00,1.200774082139000054e+00,1.204727081079999929e+00,1.207877045502000035e+00
CLo,-3.417354405000000168e-03,-3.460726532999999945e-03,-3.491505233000000152e-03,-3.502195364999999890e-03,-3.524251810000000179e-03
CMx,9.429813049000000669e-03,2.484568625000000038e-03,5.564321239999999802e-04,8.501094430000000072e-04,1.146844105999999955e-03
CMxi,9.440326743999999382e-03,2.488119486999999797e-03,5.571557380000000202e-04,8.515295860000000015e-04,1.148866973999999918e-03
CMxo,-1.051369500000000031e-05,-3.550861999999999970e-06,-7.236140000000000102e-07,-1.420143000000000093e-06,-2.022866999999999872e-06
CMy,-3.411081502430000079e-01,-3.506477527549999862e-01,-3.598024830689999787e-01,-3.622114675879999912e-01,-3.580484122590000262e-01
CMyi,-3.460483007890000073e-01,-3.556601114330000257e-01,-3.648658157540000113e-01,-3.673203696369999882e-01,-3.631871414499999728e-01
CMyo,4.940150546000000344e-03,5.012358677000000075e-03,5.063332684999999680e-03,5.108902048999999605e-03,5.138729191000000404e-03
CMz,1.289213957000000070e-03,2.393051219999999869e-04,9.051016900000000143e-05,1.018828319999999938e-04,1.044625910000000004e-04
CMzi,1.414610621000000077e-03,2.745493960000000067e-04,9.847173599999999960e-05,1.136324330000000035e-04,1.202786910000000064e-04
CMzo,-1.253966640000000066e-04,-3.524427399999999954e-05,-7.961566999999999866e-06,-1.174960000000000013e-05,-1.581609999999999922e-05
CS,-2.486190132000000007e-03,-5.529568280000000079e-04,-4.285334099999999727e-05,-1.701524889999999908e-04,-3.271206840000000031e-04
CSi,-2.520167901000000110e-03,-5.542068960000000105e-04,-4.397374699999999733e-05,-1.715201420000000130e-04,-3.290542519999999798e-04
CSo,3.397776900000000038e-05,1.250068000000000073e-06,1.120406000000000060e-06,1.367653000000000024e-06,1.933567999999999967e-06
E,8.415908970119999610e-01,8.604512626439999590e-01,8.646118866130000358e-01,8.714950206229999941e-01,8.735639698449999546e-01
FC_AoA_,1.000000000000000000e+01
FC_Beta_,0.000000000000000000e+00
FC_Bref_,1.417173599999999922e+01
FC_Cref_,1.088920000000000110e+00
FC_Mach_,1.499999999999999944e-01
FC_Pitch_Rate,0.000000000000000000e+00
FC_ReCref_,3.870000000000000000e+06
FC_Rho_,2.377000000000000206e-03
FC_Roll__Rate,0.000000000000000000e+00
FC_Sref_,1.619368700000000061e+01
FC_Vinf_,5.100000000000000000e+01
FC_Xcg_,1.774861999999999940e+00
FC_Yaw___Rate,0.000000000000000000e+00
FC_Ycg_,0.000000000000000000e+00
FC_Zcg_,7.545150000000000468e-01
L/D,1.977598153951599969e+01,1.988461851768499855e+01,1.983233168458700035e+01,1.990220487677699879e+01,1.989399482395799978e+01
Mach,1.499999999999999944e-01,1.499999999999999944e-01,1.499999999999999944e-01,1.499999999999999944e-01,1.499999999999999944e-01
T/QS,0.000000000000000000e+00,0.000000000000000000e+00,0.000000000000000000e+00,0.000000000000000000e+00,0.000000000000000000e+00
WakeIter,1,2,3,4,5
Results_Name,VSPAERO_History
Results_Timestamp,1759253980
Results_Date,9,30,2025
Results_Time,13,39,40
Alpha,1.100000000000000000e+01,1.100000000000000000e+01,1.100000000000000000e+01,1.100000000000000000e+01,1.100000000000000000e+01
AnalysisMethod,0
Beta,0.000000000000000000e+00,0.000000000000000000e+00,0.000000000000000000e+00,0.000000000000000000e+00,0.000000000000000000e+00
CDi,4.939555291500000167e-02,4.849322451100000070e-02,4.883454798800000024e-02,4.963153280899999797e-02,5.012425053399999914e-02
CDo,1.884000954199999828e-02,1.883883032700000085e-02,1.896444486400000046e-02,1.908238696200000029e-02,1.915460236600000088e-02
CDt,5.390653218400000279e-02,5.105990708000000128e-02,4.596486367000000156e-02,4.291930051799999757e-02,4.759046148400000037e-02
CDtot,6.823556245700000689e-02,6.733205483800000501e-02,6.779899285200000070e-02,6.871391977200000389e-02,6.927885289999999308e-02
CDtott,7.274654172599999413e-02,6.989873740700000559e-02,6.492930853299999638e-02,6.200168748099999655e-02,6.674506384999999431e-02
CFx,-1.769089356999999918e-01,-1.777991348799999871e-01,-1.790494821189999863e-01,-1.799521891820000108e-01,-1.801011581449999954e-01
CFxi,-1.961771346260000048e-01,-1.970642282400000000e-01,-1.984412891160000081e-01,-1.994654504280000129e-01,-1.996924260419999930e-01
CFxo,1.926819892700000134e-02,1.926509335999999906e-02,1.939180699799999963e-02,1.951326124499999995e-02,1.959126789700000107e-02
CFy,-1.088958803999999937e-03,-5.296739310000000023e-04,-1.148033169999999989e-04,-1.844278309999999876e-04,-4.261546259999999782e-04
CFyi,-1.107690969999999961e-03,-5.335244869999999614e-04,-1.154290099999999962e-04,-1.853379260000000042e-04,-4.282318480000000269e-04
CFyo,1.873216500000000092e-05,3.850555999999999662e-06,6.256930000000000164e-07,9.100950000000000507e-07,2.077221999999999964e-06
CFz,1.267729449846999978e+00,1.267573985976000017e+00,1.276453613734999992e+00,1.285892627388999898e+00,1.289619732126999985e+00
CFzi,1.268118206678999993e+00,1.267952946134000003e+00,1.276826132972999961e+00,1.286271858532000101e+00,1.290021803107999965e+00
CFzo,-3.887568320000000122e-04,-3.789601569999999863e-04,-3.725192379999999999e-04,-3.792311430000000266e-04,-4.020709810000000148e-04
CL,1.278193505521000084e+00,1.278210755971000090e+00,1.287165817458000072e+00,1.296603654474000056e+00,1.300290706418000042e+00
CLi,1.282251665475000024e+00,1.282258706673000015e+00,1.291231623680000107e+00,1.300699223847000097e+00,1.304423580367999991e+00
CLo,-4.058159954000000076e-03,-4.047950701999999609e-03,-4.065806221999999914e-03,-4.095569373999999666e-03,-4.132873950000000123e-03
CMx,5.514752159000000167e-03,2.211722410999999826e-03,4.894550299999999568e-04,9.409510799999999892e-04,1.269291355999999961e-03
CMxi,5.522732919999999608e-03,2.215434841000000175e-03,4.902552249999999560e-04,9.427422189999999863e-04,1.271812314000000032e-03
CMxo,-7.980760999999999872e-06,-3.712431000000000032e-06,-8.001950000000000526e-07,-1.791138999999999903e-06,-2.520958000000000199e-06
CMy,-3.841597433569999831e-01,-3.823874420069999780e-01,-3.904531161020000085e-01,-4.018330471350000099e-01,-3.972869087409999778e-01
CMyi,-3.895617604650000176e-01,-3.877899111249999975e-01,-3.958802067789999879e-01,-4.073347428429999750e-01,-4.028286566070000130e-01
CMyo,5.402017107999999845e-03,5.402469118000000417e-03,5.427090677999999759e-03,5.501695707999999796e-03,5.541747865999999655e-03
CMz,8.491364250000000462e-04,2.622653930000000259e-04,5.759456900000000100e-05,1.121997730000000022e-04,1.023081859999999991e-04
CMzi,9.293610170000000080e-04,2.952945579999999748e-04,6.515708199999999735e-05,1.265387909999999975e-04,1.212634460000000010e-04
CMzo,-8.022459200000000245e-05,-3.302916500000000312e-05,-7.562512999999999739e-06,-1.433901800000000034e-05,-1.895525999999999849e-05
CS,-1.088958803999999937e-03,-5.296739310000000023e-04,-1.148033169999999989e-04,-1.844278309999999876e-04,-4.261546259999999782e-04
CSi,-1.107690969999999961e-03,-5.335244869999999614e-04,-1.154290099999999962e-04,-1.853379260000000042e-04,-4.282318480000000269e-04
CSo,1.873216500000000092e-05,3.850555999999999662e-06,6.256930000000000164e-07,9.100950000000000507e-07,2.077221999999999964e-06
E,8.542963367429999844e-01,8.702020494609999934e-01,8.762559642599999643e-01,8.748748371529999623e-01,8.712428793080000400e-01
FC_AoA_,1.100000000000000000e+01
FC_Beta_,0.000000000000000000e+00
FC_Bref_,1.417173599999999922e+01
FC_Cref_,1.088920000000000110e+00
FC_Mach_,1.499999999999999944e-01
FC_Pitch_Rate,0.000000000000000000e+00
FC_ReCref_,3.870000000000000000e+06
FC_Rho_,2.377000000000000206e-03
FC_Roll__Rate,0.000000000000000000e+00
FC_Sref_,1.619368700000000061e+01
FC_Vinf_,5.100000000000000000e+01
FC_Xcg_,1.774861999999999940e+00
FC_Yaw___Rate,0.000000000000000000e+00
FC_Ycg_,0.000000000000000000e+00
FC_Zcg_,7.545150000000000468e-01
L/D,1.879154533654299897e+01,1.904380773411000050e+01,1.904499712120799870e+01,1.892919554242000046e+01,1.882859668956400157e+01
Mach,1.499999999999999944e-01,1.499999999999999944e-01,1.499999999999999944e-01,1.499999999999999944e-01,1.499999999999999944e-01
T/QS,0.000000000000000000e+00,0.000000000000000000e+00,0.000000000000000000e+00,0.000000000000000000e+00,0.000000000000000000e+00
WakeIter,1,2,3,4,5
Results_Name,VSPAERO_History
Results_Timestamp,1759253980
Results_Date,9,30,2025
Results_Time,13,39,40
Alpha,1.200000000000000000e+01,1.200000000000000000e+01,1.200000000000000000e+01,1.200000000000000000e+01,1.200000000000000000e+01
AnalysisMethod,0
Beta,0.000000000000000000e+00,0.000000000000000000e+00,0.000000000000000000e+00,0.000000000000000000e+00,0.000000000000000000e+00
CDi,5.626790161999999790e-02,5.542278028799999673e-02,5.562385953099999863e-02,5.639806864199999742e-02,5.738393681799999757e-02
CDo,2.011599756500000169e-02,2.012964054099999900e-02,2.026448553600000008e-02,2.039034463699999911e-02,2.049880984700000117e-02
CDt,6.101523932700000236e-02,5.832160984200000092e-02,5.261954406399999701e-02,4.884671950999999734e-02,5.410778331700000221e-02
CDtot,7.638389918500000653e-02,7.555242082900000267e-02,7.588834506699999871e-02,7.678841327900000346e-02,7.788274666500000221e-02
CDtott,8.113123689199999711e-02,7.845125038300000686e-02,7.288402959999999708e-02,6.923706414699999645e-02,7.460659316400000685e-02
CFx,-2.097742679060000115e-01,-2.108316623039999949e-01,-2.122305877010000064e-01,-2.132011075409999956e-01,-2.136742429809999899e-01
CFxi,-2.304267599719999893e-01,-2.314966354009999894e-01,-2.330328366349999902e-01,-2.341313114630000081e-01,-2.347220832119999989e-01
CFxo,2.065249206599999859e-02,2.066497309700000146e-02,2.080224893400000122e-02,2.093020392199999857e-02,2.104784023099999860e-02
CFy,-1.203230945999999918e-03,-6.173197640000000538e-04,-1.025741310000000025e-04,-1.721866920000000075e-04,-3.712834350000000262e-04
CFyi,-1.224538607000000019e-03,-6.216705869999999880e-04,-1.032065830000000023e-04,-1.726845089999999876e-04,-3.731356780000000262e-04
CFyo,2.130766099999999928e-05,4.350823000000000339e-06,6.324520000000000308e-07,4.978169999999999637e-07,1.852242999999999945e-06
CFz,1.354296600280999963e+00,1.355272059795000095e+00,1.363469192684999998e+00,1.372364218538999925e+00,1.379853598646999968e+00
CFzi,1.354706331924000029e+00,1.355674890980000047e+00,1.363869287305000011e+00,1.372760945203000071e+00,1.380282071789000087e+00
CFzo,-4.097316430000000169e-04,-4.028311840000000027e-04,-4.000946190000000016e-04,-3.967266640000000262e-04,-4.284731419999999904e-04
CL,1.368316492976999976e+00,1.369490481017999972e+00,1.377799339832000092e+00,1.386701770449999982e+00,1.394125860021999896e+00
CLi,1.373011165546000001e+00,1.374180998871000092e+00,1.382515722171999917e+00,1.391441461771000032e+00,1.398921062049000019e+00
CLo,-4.694672569000000323e-03,-4.690517852999999578e-03,-4.716382340999999805e-03,-4.739691320999999888e-03,-4.795202026999999603e-03
CMx,5.837452186000000043e-03,2.309117011999999806e-03,3.922869809999999743e-04,8.769396289999999540e-04,1.090614379999999949e-03
CMxi,5.846612672000000080e-03,2.313320907000000065e-03,3.929722519999999733e-04,8.786617510000000169e-04,1.092664640999999959e-03
CMxo,-9.160485999999999830e-06,-4.203893999999999937e-06,-6.852709999999999692e-07,-1.722121999999999967e-06,-2.050261000000000071e-06
CMy,-4.185696474310000026e-01,-4.189615645190000182e-01,-4.241847666649999904e-01,-4.329239671849999804e-01,-4.368227097060000119e-01
CMyi,-4.243623105370000204e-01,-4.247669552169999752e-01,-4.300318219820000176e-01,-4.388141841859999892e-01,-4.427892842009999996e-01
CMyo,5.792663106000000423e-03,5.805390698000000363e-03,5.847055317999999904e-03,5.890217001000000105e-03,5.966574494999999853e-03
CMz,9.526544519999999728e-04,2.884614799999999811e-04,4.316678800000000200e-05,1.075645509999999960e-04,9.669822899999999449e-05
CMzi,1.044062808999999918e-03,3.254999319999999979e-04,4.964504600000000241e-05,1.219348610000000038e-04,1.143354229999999993e-04
CMzo,-9.140835799999999555e-05,-3.703845200000000328e-05,-6.478258999999999803e-06,-1.437030999999999930e-05,-1.763719400000000141e-05
CS,-1.203230945999999918e-03,-6.173197640000000538e-04,-1.025741310000000025e-04,-1.721866920000000075e-04,-3.712834350000000262e-04
CSi,-1.224538607000000019e-03,-6.216705869999999880e-04,-1.032065830000000023e-04,-1.726845089999999876e-04,-3.731356780000000262e-04
CSo,2.130766099999999928e-05,4.350823000000000339e-06,6.324520000000000308e-07,4.978169999999999637e-07,1.852242999999999945e-06
E,8.598788562239999544e-01,8.744790740919999861e-01,8.819193869220000037e-01,8.810803186190000469e-01,8.752778329129999868e-01
FC_AoA_,1.200000000000000000e+01
FC_Beta_,0.000000000000000000e+00
FC_Bref_,1.417173599999999922e+01
FC_Cref_,1.088920000000000110e+00
FC_Mach_,1.499999999999999944e-01
FC_Pitch_Rate,0.000000000000000000e+00
FC_ReCref_,3.870000000000000000e+06
FC_Rho_,2.377000000000000206e-03
FC_Roll__Rate,0.000000000000000000e+00
FC_Sref_,1.619368700000000061e+01
FC_Vinf_,5.100000000000000000e+01
FC_Xcg_,1.774861999999999940e+00
FC_Yaw___Rate,0.000000000000000000e+00
FC_Ycg_,0.000000000000000000e+00
FC_Zcg_,7.545150000000000468e-01
L/D,1.797513848062800079e+01,1.818844431189799948e+01,1.821776085576900073e+01,1.812046117833299874e+01,1.796188657893300089e+01
Mach,1.499999999999999944e-01,1.499999999999999944e-01,1.499999999999999944e-01,1.499999999999999944e-01,1.499999999999999944e-01
T/QS,0.000000000000000000e+00,0.000000000000000000e+00,0.000000000000000000e+00,0.000000000000000000e+00,0.000000000000000000e+00
WakeIter,1,2,3,4,5
Results_Name,VSPAERO_History
Results_Timestamp,1759253980
Results_Date,9,30,2025
Results_Time,13,39,40
Alpha,1.300000000000000000e+01,1.300000000000000000e+01,1.300000000000000000e+01,1.300000000000000000e+01,1.300000000000000000e+01
AnalysisMethod,0
Beta,0.000000000000000000e+00,0.000000000000000000e+00,0.000000000000000000e+00,0.000000000000000000e+00,0.000000000000000000e+00
CDi,6.356705417400000668e-02,6.282901748199999636e-02,6.307821703600000052e-02,6.377736700399999625e-02,6.488891895300000212e-02
CDo,2.145803679700000050e-02,2.148864397100000087e-02,2.163129304499999961e-02,2.176184163800000057e-02,2.185123305699999963e-02
CDt,6.854942766200000648e-02,6.606665993499999390e-02,5.985314094000000057e-02,5.572382850500000318e-02,6.150688006099999661e-02
CDtot,8.502509097100000024e-02,8.431766145300000070e-02,8.470951008100000013e-02,8.553920864099999466e-02,8.674015200899999611e-02
CDtott,9.000746445900000003e-02,8.755530390599999824e-02,8.148443398499999324e-02,7.748567014299999334e-02,8.335811311799999623e-02
CFx,-2.451456218649999963e-01,-2.463281898449999896e-01,-2.476923086599999990e-01,-2.488349565909999950e-01,-2.492124700899999989e-01
CFxi,-2.672676923499999746e-01,-2.684807559430000268e-01,-2.699913974750000056e-01,-2.712661805439999796e-01,-2.717422349679999849e-01
CFxo,2.212207048499999912e-02,2.215256609700000032e-02,2.229908881499999967e-02,2.243122395299999849e-02,2.252976487899999852e-02
CFy,-1.311902833999999910e-03,-6.328909110000000395e-04,-5.733615400000000256e-05,-2.011036510000000031e-04,-3.191180359999999812e-04
CFyi,-1.335928638999999947e-03,-6.378735059999999938e-04,-5.752056200000000224e-05,-2.020458350000000052e-04,-3.206730890000000214e-04
CFyo,2.402580499999999993e-05,4.982595000000000023e-06,1.844079999999999927e-07,9.421840000000000411e-07,1.555052999999999916e-06
CFz,1.439813862505999964e+00,1.441791311880000093e+00,1.449441888004000090e+00,1.458079591456000079e+00,1.465053469507000106e+00
CFzi,1.440245273928000058e+00,1.442218752827999939e+00,1.449869854741999919e+00,1.458499556140999909e+00,1.465502880193999991e+00
CFzo,-4.314114209999999781e-04,-4.274409490000000166e-04,-4.279667379999999802e-04,-4.199646850000000203e-04,-4.494106869999999875e-04
CL,1.458057292594999943e+00,1.460250079983000049e+00,1.468011432303000019e+00,1.476684791832000077e+00,1.483564851899999981e+00
CLi,1.463454030050000076e+00,1.465649808748000105e+00,1.473444633821000105e+00,1.482139920327000038e+00,1.489070838583000045e+00
CLo,-5.396737454000000329e-03,-5.399728765000000319e-03,-5.433201518000000015e-03,-5.455128495999999813e-03,-5.505986683000000347e-03
CMx,6.122219174999999659e-03,2.484631299999999834e-03,2.985375829999999792e-04,7.805921270000000176e-04,1.214384094000000051e-03
CMxi,6.132616145000000310e-03,2.489491154000000178e-03,2.991426149999999989e-04,7.822576110000000133e-04,1.217081140999999936e-03
CMxo,-1.039697000000000017e-05,-4.859852999999999598e-06,-6.050310000000000395e-07,-1.665483999999999960e-06,-2.697046999999999997e-06
CMy,-4.532369277080000036e-01,-4.550076324169999853e-01,-4.584139418120000142e-01,-4.667004965559999885e-01,-4.738628371629999836e-01
CMyi,-4.594476275980000080e-01,-4.612400688089999812e-01,-4.647028729759999921e-01,-4.730176543130000244e-01,-4.802531639779999972e-01
CMyo,6.210699891000000424e-03,6.232436392999999783e-03,6.288931164000000421e-03,6.317157757000000338e-03,6.390326814999999772e-03
CMz,1.051490172999999936e-03,3.328704479999999746e-04,3.781607299999999812e-05,9.144593499999999371e-05,1.402602309999999872e-04
CMzi,1.154127452999999942e-03,3.755801260000000172e-04,4.315278999999999719e-05,1.049627530000000022e-04,1.613209920000000007e-04
CMzo,-1.026372800000000061e-04,-4.270967699999999911e-05,-5.336716999999999916e-06,-1.351681799999999998e-05,-2.106076100000000000e-05
CS,-1.311902833999999910e-03,-6.328909110000000395e-04,-5.733615400000000256e-05,-2.011036510000000031e-04,-3.191180359999999812e-04
CSi,-1.335928638999999947e-03,-6.378735059999999938e-04,-5.752056200000000224e-05,-2.020458350000000052e-04,-3.206730890000000214e-04
CSo,2.402580499999999993e-05,4.982595000000000023e-06,1.844079999999999927e-07,9.421840000000000411e-07,1.555052999999999916e-06
E,8.647208597600000157e-01,8.775058382529999923e-01,8.833607231669999837e-01,8.840191549739999655e-01,8.770210755830000204e-01
FC_AoA_,1.300000000000000000e+01
FC_Beta_,0.000000000000000000e+00
FC_Bref_,1.417173599999999922e+01
FC_Cref_,1.088920000000000110e+00
FC_Mach_,1.499999999999999944e-01
FC_Pitch_Rate,0.000000000000000000e+00
FC_ReCref_,3.870000000000000000e+06
FC_Rho_,2.377000000000000206e-03
FC_Roll__Rate,0.000000000000000000e+00
FC_Sref_,1.619368700000000061e+01
FC_Vinf_,5.100000000000000000e+01
FC_Xcg_,1.774861999999999940e+00
FC_Yaw___Rate,0.000000000000000000e+00
FC_Ycg_,0.000000000000000000e+00
FC_Zcg_,7.545150000000000468e-01
L/D,1.721202545423799890e+01,1.738247697445600082e+01,1.739408754004800173e+01,1.732702399134999993e+01,1.716703053995099992e+01
Mach,1.499999999999999944e-01,1.499999999999999944e-01,1.499999999999999944e-01,1.499999999999999944e-01,1.499999999999999944e-01
T/QS,0.000000000000000000e+00,0.000000000000000000e+00,0.000000000000000000e+00,0.000000000000000000e+00,0.000000000000000000e+00
WakeIter,1,2,3,4,5
Results_Name,VSPAERO_History
Results_Timestamp,1759253980
Results_Date,9,30,2025
Results_Time,13,39,40
Alpha,1.400000000000000000e+01,1.400000000000000000e+01,1.400000000000000000e+01,1.400000000000000000e+01,1.400000000000000000e+01
AnalysisMethod,0
Beta,0.000000000000000000e+00,0.000000000000000000e+00,0.000000000000000000e+00,0.000000000000000000e+00,0.000000000000000000e+00
CDi,7.147791780199999612e-02,7.042838445799999569e-02,7.080764183500000419e-02,7.173612890000000131e-02,7.290089502799999843e-02
CDo,2.286292764299999863e-02,2.287948713399999903e-02,2.304058091599999955e-02,2.320022323300000022e-02,2.332617294099999933e-02
CDt,7.726861049199999776e-02,7.443458296799999874e-02,6.697425460000000497e-02,6.365948425799999866e-02,7.003132832199999991e-02
CDtot,9.434084544599999345e-02,9.330787159299999689e-02,9.384822275099999334e-02,9.493635213199999590e-02,9.622706796900000470e-02
CDtott,1.001315381359999951e-01,9.731407010299999993e-02,9.001483551599999411e-02,8.685970748999999325e-02,9.335750126300000618e-02
CFx,-2.829524535590000056e-01,-2.841358750030000269e-01,-2.856959688799999841e-01,-2.869511792889999913e-01,-2.875757748489999877e-01
CFxi,-3.066290750299999757e-01,-3.078280455010000138e-01,-3.095541572070000247e-01,-3.109736843520000127e-01,-3.117359487949999952e-01
CFxo,2.367662147100000128e-02,2.369217049699999869e-02,2.385818832699999892e-02,2.402250506300000060e-02,2.416017394600000062e-02
CFy,-1.415616469000000044e-03,-6.356888019999999695e-04,-1.356253749999999957e-04,-3.510703109999999886e-04,-2.124934550000000114e-04
CFyi,-1.442908286000000066e-03,-6.413226459999999633e-04,-1.363514920000000088e-04,-3.531183010000000198e-04,-2.140773299999999997e-04
CFyo,2.729181599999999891e-05,5.633843999999999689e-06,7.261179999999999908e-07,2.047989999999999852e-06,1.583874999999999934e-06
CFz,1.524824369282999914e+00,1.525300948373000010e+00,1.533791720048000018e+00,1.543323948090999931e+00,1.551164322498999937e+00
CFzi,1.525280702441000003e+00,1.525751195527000004e+00,1.534241936651999927e+00,1.543773311157000006e+00,1.551645223925999906e+00
CFzo,-4.563331569999999789e-04,-4.502471540000000088e-04,-4.502166030000000034e-04,-4.493630659999999942e-04,-4.809014270000000241e-04
CL,1.547982962767000092e+00,1.548731680978999936e+00,1.557347661317000087e+00,1.566900404330000107e+00,1.574658989453000091e+00
CLi,1.554153634026999908e+00,1.554900208667000072e+00,1.563556322708999913e+00,1.573147989353999909e+00,1.580970481130999916e+00
CLo,-6.170671259999999797e-03,-6.168527687000000329e-03,-6.208661392000000036e-03,-6.247585023999999848e-03,-6.311491677999999696e-03
CMx,6.416065266000000114e-03,2.505338877000000148e-03,4.159402359999999840e-04,9.801982170000000504e-04,7.594851849999999759e-04
CMxi,6.427849743000000303e-03,2.510733970999999825e-03,4.166677860000000174e-04,9.827989819999999842e-04,7.612600340000000125e-04
CMxo,-1.178447800000000024e-05,-5.395093999999999645e-06,-7.275500000000000264e-07,-2.600764999999999823e-06,-1.774849000000000013e-06
CMy,-4.904980498129999922e-01,-4.899349394590000184e-01,-4.953091510850000101e-01,-5.019935615320000322e-01,-5.080812523090000310e-01
CMyi,-4.971538164239999724e-01,-4.966052354520000267e-01,-5.020462593669999807e-01,-5.087855804130000381e-01,-5.149372865679999745e-01
CMyo,6.655766609999999757e-03,6.670295994000000062e-03,6.737108280999999643e-03,6.792018880999999876e-03,6.856034258999999832e-03
CMz,1.170873723999999935e-03,3.668012549999999979e-04,4.529147999999999687e-05,1.069538089999999970e-04,1.069875990000000027e-04
CMzi,1.285481445999999946e-03,4.126225590000000103e-04,5.300924900000000134e-05,1.248694240000000134e-04,1.215704159999999944e-04
CMzo,-1.146077219999999973e-04,-4.582130399999999879e-05,-7.717768999999999392e-06,-1.791561499999999940e-05,-1.458281600000000082e-05
CS,-1.415616469000000044e-03,-6.356888019999999695e-04,-1.356253749999999957e-04,-3.510703109999999886e-04,-2.124934550000000114e-04
CSi,-1.442908286000000066e-03,-6.413226459999999633e-04,-1.363514920000000088e-04,-3.531183010000000198e-04,-2.140773299999999997e-04
CSo,2.729181599999999891e-05,5.633843999999999689e-06,7.261179999999999908e-07,2.047989999999999852e-06,1.583874999999999934e-06
E,8.672930282680000325e-01,8.810634166490000085e-01,8.861286551960000368e-01,8.854235593989999709e-01,8.799632063740000509e-01
FC_AoA_,1.400000000000000000e+01
FC_Beta_,0.000000000000000000e+00
FC_Bref_,1.417173599999999922e+01
FC_Cref_,1.088920000000000110e+00
FC_Mach_,1.499999999999999944e-01
FC_Pitch_Rate,0.000000000000000000e+00
FC_ReCref_,3.870000000000000000e+06
FC_Rho_,2.377000000000000206e-03
FC_Roll__Rate,0.000000000000000000e+00
FC_Sref_,1.619368700000000061e+01
FC_Vinf_,5.100000000000000000e+01
FC_Xcg_,1.774861999999999940e+00
FC_Yaw___Rate,0.000000000000000000e+00
FC_Ycg_,0.000000000000000000e+00
FC_Zcg_,7.545150000000000468e-01
L/D,1.647381499163400065e+01,1.666419115692400155e+01,1.666047876961900087e+01,1.657055441903399995e+01,1.642958176429199924e+01
Mach,1.499999999999999944e-01,1.499999999999999944e-01,1.499999999999999944e-01,1.499999999999999944e-01,1.499999999999999944e-01
T/QS,0.000000000000000000e+00,0.000000000000000000e+00,0.000000000000000000e+00,0.000000000000000000e+00,0.000000000000000000e+00
WakeIter,1,2,3,4,5
Results_Name,VSPAERO_History
Results_Timestamp,1759253980
Results_Date,9,30,2025
Results_Time,13,39,40
Alpha,1.500000000000000000e+01,1.500000000000000000e+01,1.500000000000000000e+01,1.500000000000000000e+01,1.500000000000000000e+01
AnalysisMethod,0
Beta,0.000000000000000000e+00,0.000000000000000000e+00,0.000000000000000000e+00,0.000000000000000000e+00,0.000000000000000000e+00
CDi,7.981260144799999512e-02,7.862403863599999598e-02,7.909154872699999950e-02,8.014152922299999648e-02,8.143271386200000295e-02
CDo,2.432724889799999998e-02,2.435010676000000027e-02,2.452230576000000162e-02,2.469168035499999872e-02,2.486505005299999987e-02
CDt,8.625787085699999912e-02,8.345087041500000302e-02,7.520298840000000373e-02,7.188117659999999909e-02,7.881076903200000261e-02
CDtot,1.041398503459999986e-01,1.029741453959999997e-01,1.036138544870000011e-01,1.048332095780000056e-01,1.062977639140000041e-01
CDtott,1.105851197550000026e-01,1.078009771750000068e-01,9.972529416000000535e-02,9.657285695499999434e-02,1.036758190849999955e-01
CFx,-3.232621926209999774e-01,-3.245150654399999723e-01,-3.261832081859999954e-01,-3.274328011820000217e-01,-3.284884108889999932e-01
CFxi,-3.485762893370000226e-01,-3.498517230809999878e-01,-3.516979250519999822e-01,-3.531229711459999976e-01,-3.543682230979999792e-01
CFxo,2.531409671600000008e-02,2.533665764100000162e-02,2.551471686499999850e-02,2.569016996400000016e-02,2.587981220999999860e-02
CFy,-1.497595052000000012e-03,-7.327906690000000195e-04,-8.056230799999999459e-05,-2.905589590000000224e-04,-1.700584109999999879e-04
CFyi,-1.528409495000000078e-03,-7.390676149999999721e-04,-8.171094600000000316e-05,-2.925069779999999895e-04,-1.716485549999999987e-04
CFyo,3.081444299999999855e-05,6.276945999999999990e-06,1.148638000000000098e-06,1.948019000000000127e-06,1.590143999999999975e-06
CFz,1.608796411009000060e+00,1.608968257956000070e+00,1.617665497569999999e+00,1.627040268413000090e+00,1.636638460901000069e+00
CFzi,1.609276634124999994e+00,1.609444363596000072e+00,1.618140803438000042e+00,1.627515960975999931e+00,1.637152058886000017e+00
CFzo,-4.802231170000000201e-04,-4.761056399999999867e-04,-4.753058679999999777e-04,-4.756925630000000257e-04,-5.135979850000000442e-04
CL,1.637644414646000079e+00,1.638134673396999919e+00,1.646967308870999958e+00,1.656346060610000004e+00,1.665890414516000062e+00
CLi,1.644660044896999906e+00,1.645152165667999933e+00,1.654030113739000107e+00,1.663454649600000002e+00,1.673084700356999965e+00
CLo,-7.015630249999999998e-03,-7.017492271000000392e-03,-7.062804869000000214e-03,-7.108588990000000267e-03,-7.194285840999999591e-03
CMx,6.692451739000000385e-03,2.675395208000000153e-03,4.593519469999999974e-04,9.965824359999999726e-04,4.437875160000000099e-04
CMxi,6.705772238000000385e-03,2.681449104999999826e-03,4.602363399999999860e-04,9.989943760000000259e-04,4.449296350000000056e-04
CMxo,-1.332049899999999953e-05,-6.053895999999999644e-06,-8.843929999999999705e-07,-2.411940999999999800e-06,-1.142118999999999932e-06
CMy,-5.286514497019999537e-01,-5.265369082940000167e-01,-5.326676536769999748e-01,-5.385709621399999980e-01,-5.441151962379999762e-01
CMyi,-5.357752242000000109e-01,-5.336806959619999624e-01,-5.398827774209999930e-01,-5.458535275770000084e-01,-5.514692546510000515e-01
CMyo,7.123774497999999997e-03,7.143787668000000333e-03,7.215123743999999999e-03,7.282565436999999947e-03,7.354058412999999773e-03
CMz,1.298617191000000061e-03,4.034280849999999862e-04,7.852661000000000200e-05,1.306403550000000005e-04,6.206961899999999808e-05
CMzi,1.425506295999999897e-03,4.553533079999999914e-04,8.762066299999999826e-05,1.496842319999999932e-04,7.076052799999999778e-05
CMzo,-1.268891049999999981e-04,-5.192522299999999838e-05,-9.094052999999999648e-06,-1.904387799999999887e-05,-8.690910000000000787e-06
CS,-1.497595052000000012e-03,-7.327906690000000195e-04,-8.056230799999999459e-05,-2.905589590000000224e-04,-1.700584109999999879e-04
CSi,-1.528409495000000078e-03,-7.390676149999999721e-04,-8.171094600000000316e-05,-2.925069779999999895e-04,-1.716485549999999987e-04
CSo,3.081444299999999855e-05,6.276945999999999990e-06,1.148638000000000098e-06,1.948019000000000127e-06,1.590143999999999975e-06
E,8.698225623899999981e-01,8.835001963340000097e-01,8.877825331649999985e-01,8.861641100210000399e-01,8.822401101010000080e-01
FC_AoA_,1.500000000000000000e+01
FC_Beta_,0.000000000000000000e+00
FC_Bref_,1.417173599999999922e+01
FC_Cref_,1.088920000000000110e+00
FC_Mach_,1.499999999999999944e-01
FC_Pitch_Rate,0.000000000000000000e+00
FC_ReCref_,3.870000000000000000e+06
FC_Rho_,2.377000000000000206e-03
FC_Roll__Rate,0.000000000000000000e+00
FC_Sref_,1.619368700000000061e+01
FC_Vinf_,5.100000000000000000e+01
FC_Xcg_,1.774861999999999940e+00
FC_Yaw___Rate,0.000000000000000000e+00
FC_Ycg_,0.000000000000000000e+00
FC_Zcg_,7.545150000000000468e-01
L/D,1.579280207753200038e+01,1.597636143849200074e+01,1.596340684290099965e+01,1.586763065157500030e+01,1.573960390835200052e+01
Mach,1.499999999999999944e-01,1.499999999999999944e-01,1.499999999999999944e-01,1.499999999999999944e-01,1.499999999999999944e-01
T/QS,0.000000000000000000e+00,0.000000000000000000e+00,0.000000000000000000e+00,0.000000000000000000e+00,0.000000000000000000e+00
WakeIter,1,2,3,4,5
Results_Name,VSPAERO_Polar
Results_Timestamp,1759253980
Results_Date,9,30,2025
Results_Time,13,39,40
Alpha,-5.000000000000000000e+00,-4.000000000000000000e+00,-3.000000000000000000e+00,-2.000000000000000000e+00,-1.000000000000000000e+00,0.000000000000000000e+00,1.000000000000000000e+00,2.000000000000000000e+00,3.000000000000000000e+00,4.000000000000000000e+00,5.000000000000000000e+00,6.000000000000000000e+00,7.000000000000000000e+00,8.000000000000000000e+00,9.000000000000000000e+00,1.000000000000000000e+01,1.100000000000000000e+01,1.200000000000000000e+01,1.300000000000000000e+01,1.400000000000000000e+01,1.500000000000000000e+01
Beta,0.000000000000000000e+00,0.000000000000000000e+00,0.000000000000000000e+00,0.000000000000000000e+00,0.000000000000000000e+00,0.000000000000000000e+00,0.000000000000000000e+00,0.000000000000000000e+00,0.000000000000000000e+00,0.000000000000000000e+00,0.000000000000000000e+00,0.000000000000000000e+00,0.000000000000000000e+00,0.000000000000000000e+00,0.000000000000000000e+00,0.000000000000000000e+00,0.000000000000000000e+00,0.000000000000000000e+00,0.000000000000000000e+00,0.000000000000000000e+00,0.000000000000000000e+00
CDi,6.748697480000000366e-03,5.272518908999999747e-03,5.184343652000000108e-03,4.279388210000000317e-03,4.453779429999999741e-03,4.907668561999999936e-03,6.108028151999999981e-03,8.531339161000000421e-03,1.053083021100000016e-02,1.376330021499999959e-02,1.751118231000000150e-02,2.184748917900000004e-02,2.640020905399999979e-02,3.175104157400000099e-02,3.720811169899999882e-02,4.286477953099999960e-02,5.012425053399999914e-02,5.738393681799999757e-02,6.488891895300000212e-02,7.290089502799999843e-02,8.143271386200000295e-02
CDo,9.461286939000000326e-03,9.358907285000000673e-03,9.357323868999999419e-03,9.467951775000000431e-03,9.641241973000000062e-03,9.945154891999999358e-03,1.030758012200000059e-02,1.080729278799999991e-02,1.133416310999999996e-02,1.203297625599999976e-02,1.280735941500000044e-02,1.366802315600000074e-02,1.457701689800000068e-02,1.564108801800000170e-02,1.672202639999999935e-02,1.785088146100000106e-02,1.915460236600000088e-02,2.049880984700000117e-02,2.185123305699999963e-02,2.332617294099999933e-02,2.486505005299999987e-02
CDt,6.102232095999999585e-03,4.975781034000000165e-03,4.667792553999999990e-03,4.048859099000000177e-03,4.418765277999999602e-03,5.591233485000000371e-03,7.176375056000000238e-03,7.799079324000000001e-03,1.090674358899999981e-02,1.430401778099999952e-02,1.760571016100000163e-02,2.125384536499999935e-02,2.457046544900000004e-02,2.933630399500000013e-02,3.565281780799999661e-02,4.035055817600000094e-02,4.759046148400000037e-02,5.410778331700000221e-02,6.150688006099999661e-02,7.003132832199999991e-02,7.881076903200000261e-02
CDtot,1.620998441799999940e-02,1.463142619300000086e-02,1.454166752099999953e-02,1.374733998500000075e-02,1.409502140300000067e-02,1.485282345400000016e-02,1.641560827400000144e-02,1.933863194799999990e-02,2.186499332100000012e-02,2.579627647099999935e-02,3.031854172499999847e-02,3.551551233499999904e-02,4.097722595199999873e-02,4.739212959200000269e-02,5.393013809899999816e-02,6.071566099200000066e-02,6.927885289999999308e-02,7.788274666500000221e-02,8.674015200899999611e-02,9.622706796900000470e-02,1.062977639140000041e-01
CDtott,1.556351903400000035e-02,1.433468831899999997e-02,1.402511642300000028e-02,1.351681087399999974e-02,1.406000725099999966e-02,1.553638837799999929e-02,1.748395517799999910e-02,1.860637211100000035e-02,2.224090669900000150e-02,2.633699403699999927e-02,3.041306957599999861e-02,3.492186852100000183e-02,3.914748234700000246e-02,4.497739201300000184e-02,5.237484420800000290e-02,5.820143963700000200e-02,6.674506384999999431e-02,7.460659316400000685e-02,8.335811311799999623e-02,9.335750126300000618e-02,1.036758190849999955e-01
CFx,-9.713846099999999973e-04,7.497152911000000246e-03,1.408038172100000048e-02,1.713923199400000166e-02,1.729977467700000160e-02,1.485282345400000016e-02,1.009465509600000060e-02,3.252245775999999897e-03,-6.711695150000000429e-03,-1.903837633799999873e-02,-3.410680765699999895e-02,-5.186739861800000045e-02,-7.221499488799999755e-02,-9.552855204799999556e-02,-1.211627369909999974e-01,-1.493404142189999895e-01,-1.801011581449999954e-01,-2.136742429809999899e-01,-2.492124700899999989e-01,-2.875757748489999877e-01,-3.284884108889999932e-01
CFy,-2.949709899999999980e-05,2.478187200000000077e-05,-1.078720370000000011e-04,2.154098145999999974e-03,2.847301385000000195e-03,-1.978868179999999932e-04,-2.016531329999999992e-04,-6.240123580000000482e-04,-2.689830809999999841e-04,-4.944190140000000091e-04,-4.328234930000000218e-04,-2.283922389999999984e-04,-2.686984209999999929e-04,-1.195545299999999973e-04,-9.299132600000000306e-05,-3.271206840000000031e-04,-4.261546259999999782e-04,-3.712834350000000262e-04,-3.191180359999999812e-04,-2.124934550000000114e-04,-1.700584109999999879e-04
CFz,-1.970916898350000002e-01,-1.025358018529999998e-01,-9.182644376999999150e-03,9.689111796900000406e-02,1.834771866899999881e-01,2.708288826349999900e-01,3.622704218880000160e-01,4.609913859259999747e-01,5.458482538090000391e-01,6.420662323900000468e-01,7.377088491879999488e-01,8.332541510109999772e-01,9.243829339819999991e-01,1.020247471375999915e+00,1.109737299227999907e+00,1.196599132477000005e+00,1.289619732126999985e+00,1.379853598646999968e+00,1.465053469507000106e+00,1.551164322498999937e+00,1.636638460901000069e+00
CL,-1.964263581990000063e-01,-1.017630548429999948e-01,-8.433149641000000502e-03,9.743024508799999484e-02,1.837511649249999879e-01,2.708288826349999900e-01,3.620390703249999897e-01,4.605970606879999929e-01,5.454514507309999871e-01,6.418302413169999499e-01,7.378742484510000255e-01,8.341111170580000067e-01,9.262935177779999529e-01,1.023613497936999961e+00,1.115028619515000097e+00,1.204352793693000079e+00,1.300290706418000042e+00,1.394125860021999896e+00,1.483564851899999981e+00,1.574658989453000091e+00,1.665890414516000062e+00
CMl,2.568892349999999823e-04,2.148581900000000084e-04,1.964980579999999865e-04,8.186814100000000191e-05,-6.751291399999999896e-04,-3.857494350000000060e-04,-3.677008579999999798e-04,-7.672669000000000451e-04,-1.052401159999999912e-03,-8.589326840000000539e-04,-1.178063574999999898e-03,-1.104306916000000020e-03,-1.377748030999999913e-03,-9.051487499999999724e-04,-8.055742499999999588e-04,-1.146844105999999955e-03,-1.269291355999999961e-03,-1.090614379999999949e-03,-1.214384094000000051e-03,-7.594851849999999759e-04,-4.437875160000000099e-04
CMm,7.265207828899999942e-02,4.786011116299999923e-02,3.106846316000000038e-02,-2.487982146599999889e-02,-5.370690735400000110e-02,-4.249848920700000088e-02,-7.223492336700000627e-02,-1.065142559649999987e-01,-1.235832791789999996e-01,-1.498689481059999884e-01,-1.833172323489999922e-01,-2.207314321269999990e-01,-2.562568402029999914e-01,-2.929306047340000108e-01,-3.242954015580000182e-01,-3.580484122590000262e-01,-3.972869087409999778e-01,-4.368227097060000119e-01,-4.738628371629999836e-01,-5.080812523090000310e-01,-5.441151962379999762e-01
CMn,1.965007200000000020e-05,3.749259000000000181e-06,2.165736600000000070e-05,-6.570229320000000152e-04,-8.780064559999999898e-04,2.384583699999999915e-05,2.357148499999999849e-05,1.051756379999999936e-04,-6.188681000000000252e-06,3.433582100000000161e-05,-2.956928000000000025e-05,-9.127263000000000639e-05,-1.181586349999999997e-04,-1.228178439999999885e-04,-1.083280790000000065e-04,-1.044625910000000004e-04,-1.023081859999999991e-04,-9.669822899999999449e-05,-1.402602309999999872e-04,-1.069875990000000027e-04,-6.206961899999999808e-05
CMx,-2.568892349999999823e-04,-2.148581900000000084e-04,-1.964980579999999865e-04,-8.186814100000000191e-05,6.751291399999999896e-04,3.857494350000000060e-04,3.677008579999999798e-04,7.672669000000000451e-04,1.052401159999999912e-03,8.589326840000000539e-04,1.178063574999999898e-03,1.104306916000000020e-03,1.377748030999999913e-03,9.051487499999999724e-04,8.055742499999999588e-04,1.146844105999999955e-03,1.269291355999999961e-03,1.090614379999999949e-03,1.214384094000000051e-03,7.594851849999999759e-04,4.437875160000000099e-04
CMy,7.265207828899999942e-02,4.786011116299999923e-02,3.106846316000000038e-02,-2.487982146599999889e-02,-5.370690735400000110e-02,-4.249848920700000088e-02,-7.223492336700000627e-02,-1.065142559649999987e-01,-1.235832791789999996e-01,-1.498689481059999884e-01,-1.833172323489999922e-01,-2.207314321269999990e-01,-2.562568402029999914e-01,-2.929306047340000108e-01,-3.242954015580000182e-01,-3.580484122590000262e-01,-3.972869087409999778e-01,-4.368227097060000119e-01,-4.738628371629999836e-01,-5.080812523090000310e-01,-5.441151962379999762e-01
CMz,-1.965007200000000020e-05,-3.749259000000000181e-06,-2.165736600000000070e-05,6.570229320000000152e-04,8.780064559999999898e-04,-2.384583699999999915e-05,-2.357148499999999849e-05,-1.051756379999999936e-04,6.188681000000000252e-06,-3.433582100000000161e-05,2.956928000000000025e-05,9.127263000000000639e-05,1.181586349999999997e-04,1.228178439999999885e-04,1.083280790000000065e-04,1.044625910000000004e-04,1.023081859999999991e-04,9.669822899999999449e-05,1.402602309999999872e-04,1.069875990000000027e-04,6.206961899999999808e-05
CS,-2.949709899999999980e-05,2.478187200000000077e-05,-1.078720370000000011e-04,2.154098145999999974e-03,2.847301385000000195e-03,-1.978868179999999932e-04,-2.016531329999999992e-04,-6.240123580000000482e-04,-2.689830809999999841e-04,-4.944190140000000091e-04,-4.328234930000000218e-04,-2.283922389999999984e-04,-2.686984209999999929e-04,-1.195545299999999973e-04,-9.299132600000000306e-05,-3.271206840000000031e-04,-4.261546259999999782e-04,-3.712834350000000262e-04,-3.191180359999999812e-04,-2.124934550000000114e-04,-1.700584109999999879e-04
E,6.108952998199999873e-02,1.816533711499999926e-02,1.255206720000000026e-04,1.772224631199999928e-02,6.148148008100000339e-02,1.267449862339999900e-01,2.049291570260000084e-01,2.815570640300000260e-01,3.492309335470000220e-01,4.098577775660000033e-01,4.608995146129999942e-01,5.027818441319999998e-01,5.374085192430000379e-01,5.674343667369999844e-01,5.916847123670000430e-01,6.131356564490000327e-01,6.263687473210000078e-01,6.404903024610000273e-01,6.512425136480000099e-01,6.613412808280000332e-01,6.700675421189999925e-01
Fopt,0.000000000000000000e+00,0.000000000000000000e+00,0.000000000000000000e+00,0.000000000000000000e+00,0.000000000000000000e+00,0.000000000000000000e+00,0.000000000000000000e+00,0.000000000000000000e+00,0.000000000000000000e+00,0.000000000000000000e+00,0.000000000000000000e+00,0.000000000000000000e+00,0.000000000000000000e+00,0.000000000000000000e+00,0.000000000000000000e+00,0.000000000000000000e+00,0.000000000000000000e+00,0.000000000000000000e+00,0.000000000000000000e+00,0.000000000000000000e+00,0.000000000000000000e+00
L_D,-1.211761548485799977e+01,-6.955101539545999856e+00,-5.799300271649999727e-01,7.087207066427000157e+00,1.303660063151700044e+01,1.823416830257399823e+01,2.205456321100700023e+01,2.381745833524400169e+01,2.494633511715500163e+01,2.488073199372500000e+01,2.433739244898200127e+01,2.348582526961800099e+01,2.260508114579700134e+01,2.159880779265899875e+01,2.067542674305099837e+01,1.983594963838200087e+01,1.876894105473499863e+01,1.790031707564600083e+01,1.710355374684100127e+01,1.636399219774499869e+01,1.567192340806199979e+01
Mach,1.499999999999999944e-01,1.499999999999999944e-01,1.499999999999999944e-01,1.499999999999999944e-01,1.499999999999999944e-01,1.499999999999999944e-01,1.499999999999999944e-01,1.499999999999999944e-01,1.499999999999999944e-01,1.499999999999999944e-01,1.499999999999999944e-01,1.499999999999999944e-01,1.499999999999999944e-01,1.499999999999999944e-01,1.499999999999999944e-01,1.499999999999999944e-01,1.499999999999999944e-01,1.499999999999999944e-01,1.499999999999999944e-01,1.499999999999999944e-01,1.499999999999999944e-01
Re_1e6,3.870000000000000107e+00,3.870000000000000107e+00,3.870000000000000107e+00,3.870000000000000107e+00,3.870000000000000107e+00,3.870000000000000107e+00,3.870000000000000107e+00,3.870000000000000107e+00,3.870000000000000107e+00,3.870000000000000107e+00,3.870000000000000107e+00,3.870000000000000107e+00,3.870000000000000107e+00,3.870000000000000107e+00,3.870000000000000107e+00,3.870000000000000107e+00,3.870000000000000107e+00,3.870000000000000107e+00,3.870000000000000107e+00,3.870000000000000107e+00,3.870000000000000107e+00
Results_Name,VSPAERO_Load
Results_Timestamp,1759253980
Results_Date,9,30,2025
Results_Time,13,39,40
AnalysisMethod,0
Chord,1.735640000000000072e+00,1.614919999999999911e+00,1.494220000000000104e+00,1.373529999999999918e+00,1.252869999999999928e+00,1.164679999999999938e+00,1.108950000000000102e+00,1.053230000000000111e+00,9.975300000000000278e-01,9.418400000000000105e-01,8.750400000000000400e-01,7.971099999999999852e-01,7.191899999999999959e-01,6.412799999999999612e-01,5.633799999999999919e-01,1.735640000000000072e+00,1.614919999999999911e+00,1.494220000000000104e+00,1.373529999999999918e+00,1.252869999999999928e+00,1.164679999999999938e+00,1.108950000000000102e+00,1.053230000000000111e+00,9.975300000000000278e-01,9.418400000000000105e-01,8.750400000000000400e-01,7.971099999999999852e-01,7.191899999999999959e-01,6.412799999999999612e-01,5.633799999999999919e-01,9.229000000000000536e-01,8.665699999999999514e-01,8.104299999999999837e-01,7.545199999999999685e-01,6.988999999999999657e-01,9.229000000000000536e-01,8.665699999999999514e-01,8.104299999999999837e-01,7.545199999999999685e-01,6.988999999999999657e-01
FC_AoA_,-5.000000000000000000e+00
FC_Beta_,0.000000000000000000e+00
FC_Bref_,1.417173599999999922e+01
FC_Cref_,1.088920000000000110e+00
FC_Mach_,1.499999999999999944e-01
FC_Pitch_Rate,0.000000000000000000e+00
FC_Rho_,2.377000000000000206e-03
FC_Roll__Rate,0.000000000000000000e+00
FC_Sref_,1.619368700000000061e+01
FC_Vinf_,5.100000000000000000e+01
FC_Xcg_,1.774861999999999940e+00
FC_Yaw___Rate,0.000000000000000000e+00
FC_Ycg_,0.000000000000000000e+00
FC_Zcg_,7.545150000000000468e-01
S,3.314000000000000279e-02,8.981999999999999706e-02,1.368900000000000117e-01,1.839600000000000124e-01,2.310300000000000131e-01,2.997400000000000064e-01,4.117600000000000149e-01,5.454599999999999449e-01,6.791599999999999859e-01,8.128699999999999815e-01,9.157600000000000184e-01,9.578299999999999592e-01,9.698799999999999644e-01,9.819299999999999695e-01,9.939799999999999747e-01,3.314000000000000279e-02,8.981999999999999706e-02,1.368900000000000117e-01,1.839600000000000124e-01,2.310300000000000131e-01,2.997400000000000064e-01,4.117600000000000149e-01,5.454599999999999449e-01,6.791599999999999859e-01,8.128699999999999815e-01,9.157600000000000184e-01,9.578299999999999592e-01,9.698799999999999644e-01,9.819299999999999695e-01,9.939799999999999747e-01,1.020299999999999957e-01,3.035599999999999965e-01,5.025399999999999867e-01,7.015200000000000324e-01,9.005100000000000326e-01,1.020299999999999957e-01,3.035599999999999965e-01,5.025399999999999867e-01,7.015200000000000324e-01,9.005100000000000326e-01
V/Vref,1.001100000000000101e+00,9.998700000000000365e-01,9.940099999999999492e-01,9.936599999999999877e-01,9.928599999999999648e-01,9.919099999999999584e-01,9.934600000000000097e-01,9.941699999999999982e-01,9.956399999999999695e-01,9.962100000000000399e-01,9.938099999999999712e-01,9.940799999999999637e-01,9.946000000000000396e-01,9.951400000000000245e-01,9.949299999999999811e-01,1.000820000000000043e+00,9.997300000000000075e-01,9.938900000000000512e-01,9.935100000000000042e-01,9.927700000000000413e-01,9.918599999999999639e-01,9.934500000000000552e-01,9.941699999999999982e-01,9.956500000000000350e-01,9.962100000000000399e-01,9.938099999999999712e-01,9.940600000000000547e-01,9.945800000000000196e-01,9.951100000000000501e-01,9.949099999999999611e-01,9.754000000000000448e-01,9.880900000000000238e-01,9.996399999999999730e-01,9.895800000000000152e-01,9.922199999999999909e-01,9.757000000000000117e-01,9.883600000000000163e-01,9.997800000000000020e-01,9.893100000000000227e-01,9.921900000000000164e-01
WingId,1,1,1,1,1,1,1,1,1,1,1,1,1,1,1,2,2,2,2,2,2,2,2,2,2,2,2,2,2,2,3,3,3,3,3,4,4,4,4,4
Xavg,2.391169999999999796e+00,2.380489999999999995e+00,2.369810000000000194e+00,2.359129999999999949e+00,2.348450000000000149e+00,2.336259999999999781e+00,2.322589999999999932e+00,2.308860000000000134e+00,2.295059999999999878e+00,2.281190000000000051e+00,2.284749999999999837e+00,2.305000000000000160e+00,2.325239999999999974e+00,2.345470000000000166e+00,2.365699999999999914e+00,2.391169999999999796e+00,2.380489999999999995e+00,2.369810000000000194e+00,2.359129999999999949e+00,2.348450000000000149e+00,2.336259999999999781e+00,2.322589999999999932e+00,2.308860000000000134e+00,2.295059999999999878e+00,2.281190000000000051e+00,2.284749999999999837e+00,2.305000000000000160e+00,2.325239999999999974e+00,2.345470000000000166e+00,2.365699999999999914e+00,5.722059999999999924e+00,5.820210000000000328e+00,5.918350000000000222e+00,6.016490000000000116e+00,6.114630000000000010e+00,5.722059999999999924e+00,5.820210000000000328e+00,5.918350000000000222e+00,6.016490000000000116e+00,6.114630000000000010e+00
Yavg,1.718899999999999872e-01,5.195499999999999563e-01,8.671900000000000164e-01,1.214790000000000036e+00,1.562359999999999971e+00,2.229140000000000121e+00,3.217070000000000096e+00,4.204979999999999940e+00,5.192870000000000097e+00,6.180740000000000123e+00,6.716649999999999565e+00,6.791660000000000252e+00,6.866660000000000430e+00,6.941650000000000098e+00,7.016610000000000014e+00,-1.718899999999999872e-01,-5.195499999999999563e-01,-8.671900000000000164e-01,-1.214790000000000036e+00,-1.562359999999999971e+00,-2.229140000000000121e+00,-3.217070000000000096e+00,-4.204979999999999940e+00,-5.192870000000000097e+00,-6.180740000000000123e+00,-6.716649999999999565e+00,-6.791660000000000252e+00,-6.866660000000000430e+00,-6.941650000000000098e+00,-7.016610000000000014e+00,1.078800000000000037e-01,3.257399999999999740e-01,5.435900000000000176e-01,7.614400000000000057e-01,9.792699999999999738e-01,-1.078800000000000037e-01,-3.257399999999999740e-01,-5.435900000000000176e-01,-7.614400000000000057e-01,-9.792699999999999738e-01
Zavg,1.027309999999999945e+00,1.024350000000000094e+00,1.021379999999999955e+00,1.018420000000000103e+00,1.015449999999999964e+00,1.037979999999999903e+00,1.086500000000000021e+00,1.135019999999999918e+00,1.183540000000000036e+00,1.232069999999999999e+00,1.270329999999999959e+00,1.298289999999999944e+00,1.326240000000000085e+00,1.354190000000000005e+00,1.382130000000000081e+00,1.027309999999999945e+00,1.024350000000000094e+00,1.021379999999999955e+00,1.018420000000000103e+00,1.015449999999999964e+00,1.037979999999999903e+00,1.086500000000000021e+00,1.135019999999999918e+00,1.183540000000000036e+00,1.232069999999999999e+00,1.270329999999999959e+00,1.298289999999999944e+00,1.326240000000000085e+00,1.354190000000000005e+00,1.382130000000000081e+00,3.777900000000000147e-01,5.956799999999999873e-01,8.135799999999999699e-01,1.031470000000000109e+00,1.249349999999999961e+00,3.777900000000000147e-01,5.956799999999999873e-01,8.135799999999999699e-01,1.031470000000000109e+00,1.249349999999999961e+00
cd,8.880000000000000740e-03,3.830000000000000071e-03,3.910000000000000281e-03,3.769999999999999914e-03,4.839999999999999684e-03,5.610000000000000403e-03,4.320000000000000055e-03,5.020000000000000157e-03,4.689999999999999725e-03,5.150000000000000064e-03,5.170000000000000116e-03,3.860000000000000150e-03,2.190000000000000106e-03,1.840000000000000056e-03,3.200000000000000262e-04,8.670000000000000623e-03,3.629999999999999980e-03,3.980000000000000031e-03,3.899999999999999821e-03,5.009999999999999697e-03,5.790000000000000008e-03,4.190000000000000148e-03,4.950000000000000407e-03,4.640000000000000027e-03,5.120000000000000419e-03,5.139999999999999604e-03,3.840000000000000097e-03,2.190000000000000106e-03,1.840000000000000056e-03,3.200000000000000262e-04,2.044999999999999943e-02,1.822000000000000008e-02,2.488999999999999893e-02,-7.089999999999999948e-03,-3.640000000000000006e-03,2.051000000000000045e-02,1.849999999999999908e-02,2.633999999999999883e-02,-6.459999999999999597e-03,-3.609999999999999928e-03
cd*c/cref,1.415391690849649234e-02,5.680071630606471633e-03,5.365316276677810185e-03,4.755361367226241219e-03,5.568720199831023350e-03,6.000307460603165714e-03,4.399463688792564810e-03,4.855466517283179954e-03,4.296381460529698736e-03,4.454391507181427318e-03,4.154535503067258856e-03,2.825592881019725524e-03,1.446411214781618366e-03,1.083601366491569523e-03,1.655600044080373105e-04,1.381919590052529088e-02,5.383462145979501373e-03,5.461370532270506430e-03,4.919339345406456912e-03,5.764315744039964946e-03,6.192830694633213659e-03,4.267072420379825794e-03,4.787760808874848457e-03,4.250577820225543910e-03,4.428443595489108334e-03,4.130427946956617170e-03,2.810952503397861832e-03,1.446411214781618366e-03,1.083601366491569523e-03,1.655600044080373105e-04,1.733213183704955182e-02,1.449960088895419115e-02,1.852441198618814608e-02,-4.912708738933989523e-03,-2.336256106968371757e-03,1.738298405759835380e-02,1.472242680821364037e-02,1.960357620394519162e-02,-4.476177496969473840e-03,-2.317001248943907112e-03
cl,-1.499199999999999977e-01,-1.274099999999999955e-01,-6.289999999999999584e-03,4.469999999999999668e-02,7.292999999999999483e-02,7.137000000000000288e-02,-2.567800000000000082e-01,-3.198199999999999932e-01,-3.295699999999999741e-01,-3.059399999999999897e-01,-2.611200000000000188e-01,-2.551499999999999879e-01,-2.454999999999999960e-01,-2.291300000000000003e-01,-1.799199999999999966e-01,-1.470499999999999863e-01,-1.241700000000000026e-01,-2.919999999999999853e-03,4.832999999999999796e-02,7.681000000000000327e-02,7.520999999999999908e-02,-2.533000000000000251e-01,-3.172900000000000165e-01,-3.276899999999999813e-01,-3.045599999999999974e-01,-2.600100000000000189e-01,-2.541499999999999870e-01,-2.447000000000000008e-01,-2.284100000000000019e-01,-1.793599999999999917e-01,-2.277299999999999880e-01,-2.082900000000000029e-01,-2.209699999999999998e-01,-2.741799999999999793e-01,-2.132999999999999896e-01,-2.272000000000000131e-01,-2.091399999999999926e-01,-2.252300000000000135e-01,-2.750400000000000067e-01,-2.143799999999999872e-01
cl*c/cref,-2.389589215002020095e-01,-1.889550721816110890e-01,-8.631160966829518055e-03,5.638319711273553914e-02,8.391048846563564645e-02,7.633546229291407470e-02,-2.615033069463321147e-01,-3.093377094736068922e-01,-3.019101147008044217e-01,-2.646168034382690992e-01,-2.098321683870256749e-01,-1.867746175109282203e-01,-1.621433576387613096e-01,-1.349378158175072173e-01,-9.308611247841895586e-02,-2.343844010579289316e-01,-1.841499985306541964e-01,-4.006834661866803468e-03,6.096196681115231830e-02,8.837466912169854305e-02,8.044262461888843085e-02,-2.579592945303603724e-01,-3.068906317268486617e-01,-3.001878978253681995e-01,-2.634231995004224225e-01,-2.089401888109319316e-01,-1.860425986298350209e-01,-1.616149882452337927e-01,-1.345137978914887900e-01,-9.279638247070488843e-02,-1.930096030929728257e-01,-1.657586097233956501e-01,-1.644571842743268453e-01,-1.899811681298901322e-01,-1.369020405539433105e-01,-1.925604084781251113e-01,-1.664350455497189685e-01,-1.676276943209785708e-01,-1.905770679205083806e-01,-1.375952154428240481e-01
cmx,-1.519000000000000038e-02,-4.268999999999999878e-02,-6.799999999999999621e-03,3.665000000000000202e-02,8.841000000000000247e-02,1.360599999999999865e-01,-7.457700000000000440e-01,-1.281029999999999891e+00,-1.720129999999999937e+00,-2.012239999999999807e+00,-2.062180000000000124e+00,-2.240629999999999900e+00,-2.419389999999999930e+00,-2.566419999999999924e+00,-2.321250000000000036e+00,1.490999999999999964e-02,4.166000000000000258e-02,4.879999999999999789e-03,-3.982000000000000123e-02,-9.321000000000000119e-02,-1.434300000000000019e-01,7.355800000000000116e-01,1.270869999999999944e+00,1.710299999999999931e+00,2.003140000000000143e+00,2.053399999999999892e+00,2.231869999999999798e+00,2.411420000000000119e+00,2.558339999999999836e+00,2.313959999999999795e+00,7.313000000000000056e-02,-3.581000000000000155e-02,-1.636799999999999922e-01,-3.790499999999999980e-01,-4.608800000000000119e-01,-7.291999999999999871e-02,3.595999999999999891e-02,1.666100000000000081e-01,3.804100000000000259e-01,4.631299999999999861e-01
cmx*c/cref,-2.421148624325019164e-02,-6.331129449362669914e-02,-9.330984829004886072e-03,4.622917615619144549e-02,1.017211886088968675e-01,1.455261734562685594e-01,-7.594879711089886909e-01,-1.239043480604635761e+00,-1.575764315927707937e+00,-1.740447527458398813e+00,-1.657137335341439144e+00,-1.640183465543841201e+00,-1.597914533758219013e+00,-1.511400119017007437e+00,-1.200956750725489242e+00,2.376519156595525636e-02,6.178375564779781115e-02,6.696353818462329535e-03,-5.022771608566285045e-02,-1.072438863277375559e-01,-1.534089303162766427e-01,7.491105324541746935e-01,1.229216480641369458e+00,1.566759320243911180e+00,1.732576660911729016e+00,1.650081857253058004e+00,1.633770980145464735e+00,1.592650653675200978e+00,1.506641695625022592e+00,1.197185086875068416e+00,6.198038147889652072e-02,-2.849784345957462328e-02,-1.218190339051537091e-01,-2.626462972486500180e-01,-2.958059655438415314e-01,-6.180239870697571553e-02,2.861721448774932550e-02,1.239996898762076166e-01,2.635886504059067881e-01,2.972500798956763668e-01
cmy,-1.498999999999999985e-02,-2.538999999999999937e-02,-8.512000000000000122e-02,-1.084600000000000009e-01,-1.209400000000000058e-01,-1.165000000000000063e-01,3.309000000000000136e-02,5.509000000000000008e-02,6.525000000000000244e-02,6.780999999999999528e-02,7.222000000000000641e-02,8.662000000000000255e-02,1.023000000000000020e-01,1.187900000000000067e-01,1.146599999999999980e-01,-1.608000000000000054e-02,-2.670000000000000151e-02,-8.649999999999999356e-02,-1.100300000000000028e-01,-1.227199999999999958e-01,-1.182799999999999963e-01,3.141000000000000042e-02,5.392999999999999877e-02,6.439999999999999891e-02,6.715999999999999748e-02,7.162999999999999923e-02,8.601999999999999924e-02,1.018000000000000016e-01,1.182600000000000040e-01,1.141500000000000015e-01,9.162299999999999889e-01,9.248199999999999754e-01,1.096810000000000063e+00,1.442639999999999922e+00,1.237149999999999972e+00,9.142000000000000126e-01,9.290000000000000480e-01,1.117439999999999989e+00,1.447419999999999929e+00,1.243339999999999890e+00
cmy*c/cref,-2.389270433089666842e-02,-3.765457407339381501e-02,-1.168019748007199793e-01,-1.368080885648164935e-01,-1.391489712742901008e-01,-1.246053153583366879e-01,3.369866978290415871e-02,5.328439251735664350e-02,5.977375059692171394e-02,5.865092972853835906e-02,5.803492341035154656e-02,6.340747548029239400e-02,6.756523619733313668e-02,6.995706865518126760e-02,5.932221907945486178e-02,-2.563006575322337652e-02,-3.959736619770046900e-02,-1.186956158395474359e-01,-1.387884379936083212e-01,-1.411969716783601780e-01,-1.265091562281893678e-01,3.198776723726260568e-02,5.216241220659001421e-02,5.899508871175108277e-02,5.808872497520477934e-02,5.756080814017558445e-02,6.296826415163647717e-02,6.723500532637842475e-02,6.964494434852880334e-02,5.905835782242955384e-02,7.765388338904601895e-01,7.359780951768724044e-01,8.163021418469675883e-01,9.996149696947432828e-01,7.940382534988794649e-01,7.748183337618924638e-01,7.393045678286742639e-01,8.316560437865039290e-01,1.002927063879807346e+00,7.980111725379271936e-01
cmz,4.699999999999999859e-04,7.470000000000000077e-03,8.300000000000000086e-03,1.039999999999999909e-03,-9.310000000000000567e-03,-3.135999999999999899e-02,5.091999999999999998e-02,9.443000000000000005e-02,1.290600000000000080e-01,1.443899999999999906e-01,1.650000000000000078e-01,1.944200000000000095e-01,2.302700000000000025e-01,2.538099999999999801e-01,2.484800000000000064e-01,-5.000000000000000104e-04,-7.519999999999999775e-03,-8.200000000000000691e-03,-7.299999999999999632e-04,9.879999999999999893e-03,3.248000000000000193e-02,-5.025000000000000300e-02,-9.375999999999999612e-02,-1.283799999999999941e-01,-1.438000000000000111e-01,-1.642599999999999894e-01,-1.936100000000000043e-01,-2.293699999999999906e-01,-2.528699999999999837e-01,-2.476299999999999890e-01,9.370600000000000041e-01,9.437299999999999578e-01,1.041050000000000031e+00,1.567720000000000002e+00,1.402549999999999963e+00,-9.345200000000000173e-01,-9.471500000000000474e-01,-1.057450000000000001e+00,-1.568470000000000031e+00,-1.408889999999999976e+00
cmz*c/cref,7.491374940307827341e-04,1.107836425081732204e-02,1.138929030599125820e-02,1.311823825441721641e-03,-1.071173245050141207e-02,-3.354182566212392941e-02,5.185664144289754696e-02,9.133500064283878173e-02,1.182283563530837772e-01,1.248872989751313028e-01,1.325915586085295583e-01,1.423191108621386092e-01,1.520845253094809391e-01,1.494722080593615388e-01,1.285573434228409473e-01,-7.969547808838114977e-04,-1.115251662197406374e-02,-1.125206994085883351e-02,-9.207994159350546591e-04,1.136755280461374321e-02,3.473974800719979023e-02,-5.117431721338574352e-02,-9.068696029093045730e-02,-1.176054268449472640e-01,-1.243769900451823784e-01,-1.319969055578003869e-01,-1.417261755684531277e-01,-1.514901097417624687e-01,-1.489186291003930240e-01,-1.281175746611321054e-01,7.941930297909854941e-01,7.510268027954302150e-01,7.748026957903243472e-01,1.086283743893031506e+00,9.001967040737609560e-01,-7.920402857877529845e-01,-7.537484622378135546e-01,-7.870084152187487581e-01,-1.086803423942989344e+00,-9.042658974029311736e-01
cs,1.319999999999999993e-03,9.570000000000000381e-03,1.716000000000000164e-02,1.340000000000000045e-02,8.880000000000000740e-03,-6.709999999999999819e-03,8.800000000000000530e-03,1.632000000000000117e-02,1.686999999999999958e-02,1.378000000000000058e-02,1.039299999999999946e-01,1.046300000000000008e-01,1.029100000000000015e-01,9.964000000000000634e-02,7.954999999999999571e-02,-1.360000000000000098e-03,-9.660000000000000184e-03,-1.728999999999999981e-02,-1.349000000000000025e-02,-8.949999999999999623e-03,6.949999999999999581e-03,-8.569999999999999493e-03,-1.618999999999999953e-02,-1.677999999999999978e-02,-1.372999999999999915e-02,-1.034999999999999948e-01,-1.042300000000000032e-01,-1.025599999999999984e-01,-9.929999999999999938e-02,-7.928999999999999937e-02,2.345700000000000007e-01,2.140499999999999903e-01,2.129000000000000059e-01,2.894100000000000006e-01,2.327700000000000047e-01,-2.339100000000000068e-01,-2.147499999999999964e-01,-2.165100000000000080e-01,-2.896500000000000186e-01,-2.338500000000000023e-01
cs*c/cref,2.103960621533262128e-03,1.419276383940050457e-02,2.354701465672409677e-02,1.690234544319141677e-02,1.021699077985526762e-02,-7.176838335231236488e-03,8.961870477170039845e-03,1.578510230319950247e-02,1.545414823862175172e-02,1.191874077067185678e-02,8.351661021929984718e-02,7.659113552878080156e-02,6.796811785989786969e-02,5.867936965066303245e-02,4.115718234581051960e-02,-2.167717004003967291e-03,-1.432623810748264066e-02,-2.372540113139624818e-02,-1.701586865885464095e-02,-1.029753012158836009e-02,7.433535980604633747e-03,-8.727639771516731287e-03,-1.565936313044117081e-02,-1.537170168607427355e-02,-1.187549425118465847e-02,-8.317106858171398331e-02,-7.629832797634351904e-02,-6.773695625022957412e-02,-5.847913896337654516e-02,-4.102266484222898829e-02,1.988067562355361195e-01,1.703424572053043040e-01,1.584510772141204116e-01,2.005341376776989815e-01,1.493984434118208471e-01,-1.982473818094993290e-01,-1.708995220034529305e-01,-1.611378239907431120e-01,-2.007004352936854752e-01,-1.500916183007015847e-01
cx,-4.219999999999999793e-03,-7.289999999999999605e-03,3.350000000000000113e-03,7.660000000000000142e-03,1.116999999999999937e-02,1.180999999999999932e-02,-1.807999999999999885e-02,-2.287000000000000144e-02,-2.406000000000000152e-02,-2.153000000000000053e-02,-1.761000000000000065e-02,-1.839000000000000010e-02,-1.922000000000000097e-02,-1.813999999999999987e-02,-1.536000000000000039e-02,-4.179999999999999688e-03,-7.210000000000000263e-03,3.710000000000000190e-03,8.099999999999999561e-03,1.167999999999999941e-02,1.231999999999999935e-02,-1.789999999999999925e-02,-2.272000000000000061e-02,-2.392999999999999988e-02,-2.145000000000000032e-02,-1.754000000000000004e-02,-1.831999999999999948e-02,-1.915000000000000036e-02,-1.807999999999999885e-02,-1.531000000000000069e-02,5.199999999999999544e-04,-0.000000000000000000e+00,5.539999999999999786e-03,-3.094999999999999835e-02,-2.222000000000000017e-02,6.300000000000000261e-04,2.000000000000000096e-04,6.610000000000000424e-03,-3.039999999999999994e-02,-2.229000000000000078e-02
cx*c/cref,-6.726298350659368208e-03,-1.081141571465304811e-02,4.596882231936230689e-03,9.662087022003450903e-03,1.285177781655217656e-02,1.263166329941593259e-02,-1.841257025309480863e-02,-2.212042216140763448e-02,-2.204071171435918047e-02,-1.862195129118759604e-02,-1.415113543694669976e-02,-1.346182722330382248e-02,-1.269407467949895153e-02,-1.068289608052014686e-02,-7.946880211585790471e-03,-6.662541968188663045e-03,-1.069277192080226105e-02,5.090875546412959932e-03,1.021708940969033239e-02,1.343856444917899962e-02,1.317714579583440133e-02,-1.822925926606178484e-02,-2.197533850053263668e-02,-2.192162224956837810e-02,-1.855275686000807875e-02,-1.409488447268853438e-02,-1.341058590162729804e-02,-1.264784235756529276e-02,-1.064756125335194169e-02,-7.921011460897034451e-03,4.407192447562722224e-04,-0.000000000000000000e+00,4.123151563016565907e-03,-2.144546339492340789e-02,-1.426143151012011605e-02,5.339483157624067998e-04,1.591613708996069559e-04,4.919500330602798871e-03,-2.106436469162105418e-02,-1.430635951217720109e-02
cy,1.319999999999999993e-03,9.570000000000000381e-03,1.716000000000000164e-02,1.340000000000000045e-02,8.880000000000000740e-03,-6.709999999999999819e-03,8.800000000000000530e-03,1.632000000000000117e-02,1.686999999999999958e-02,1.378000000000000058e-02,1.039299999999999946e-01,1.046300000000000008e-01,1.029100000000000015e-01,9.964000000000000634e-02,7.954999999999999571e-02,-1.360000000000000098e-03,-9.660000000000000184e-03,-1.728999999999999981e-02,-1.349000000000000025e-02,-8.949999999999999623e-03,6.949999999999999581e-03,-8.569999999999999493e-03,-1.618999999999999953e-02,-1.677999999999999978e-02,-1.372999999999999915e-02,-1.034999999999999948e-01,-1.042300000000000032e-01,-1.025599999999999984e-01,-9.929999999999999938e-02,-7.928999999999999937e-02,2.345700000000000007e-01,2.140499999999999903e-01,2.129000000000000059e-01,2.894100000000000006e-01,2.327700000000000047e-01,-2.339100000000000068e-01,-2.147499999999999964e-01,-2.165100000000000080e-01,-2.896500000000000186e-01,-2.338500000000000023e-01
cy*c/cref,2.103960621533262128e-03,1.419276383940050457e-02,2.354701465672409677e-02,1.690234544319141677e-02,1.021699077985526762e-02,-7.176838335231236488e-03,8.961870477170039845e-03,1.578510230319950247e-02,1.545414823862175172e-02,1.191874077067185678e-02,8.351661021929984718e-02,7.659113552878080156e-02,6.796811785989786969e-02,5.867936965066303245e-02,4.115718234581051960e-02,-2.167717004003967291e-03,-1.432623810748264066e-02,-2.372540113139624818e-02,-1.701586865885464095e-02,-1.029753012158836009e-02,7.433535980604633747e-03,-8.727639771516731287e-03,-1.565936313044117081e-02,-1.537170168607427355e-02,-1.187549425118465847e-02,-8.317106858171398331e-02,-7.629832797634351904e-02,-6.773695625022957412e-02,-5.847913896337654516e-02,-4.102266484222898829e-02,1.988067562355361195e-01,1.703424572053043040e-01,1.584510772141204116e-01,2.005341376776989815e-01,1.493984434118208471e-01,-1.982473818094993290e-01,-1.708995220034529305e-01,-1.611378239907431120e-01,-2.007004352936854752e-01,-1.500916183007015847e-01
cz,-1.501200000000000034e-01,-1.272600000000000120e-01,-6.610000000000000424e-03,4.420000000000000318e-02,7.223000000000000254e-02,7.061000000000000609e-02,-2.561800000000000188e-01,-3.190399999999999903e-01,-3.287300000000000222e-01,-3.052300000000000013e-01,-2.605700000000000238e-01,-2.545100000000000140e-01,-2.447600000000000053e-01,-2.284200000000000119e-01,-1.792700000000000127e-01,-1.472499999999999920e-01,-1.240099999999999952e-01,-3.259999999999999877e-03,4.780000000000000221e-02,7.607999999999999485e-02,7.442000000000000004e-02,-2.526999999999999802e-01,-3.165100000000000136e-01,-3.268499999999999739e-01,-3.038500000000000090e-01,-2.594600000000000239e-01,-2.535200000000000231e-01,-2.439500000000000002e-01,-2.277000000000000135e-01,-1.786999999999999977e-01,-2.286499999999999921e-01,-2.090799999999999881e-01,-2.222899999999999876e-01,-2.725099999999999745e-01,-2.121699999999999975e-01,-2.281299999999999994e-01,-2.099600000000000077e-01,-2.266700000000000104e-01,-2.734300000000000064e-01,-2.132499999999999951e-01
cz*c/cref,-2.392777034125555535e-01,-1.887326150681409020e-01,-9.070266135253279502e-03,5.575251258127317949e-02,8.310509504830472516e-02,7.552258641589831845e-02,-2.608922703228887530e-01,-3.085832744370569092e-01,-3.011406135436946463e-01,-2.640027028615508642e-01,-2.093901965249972685e-01,-1.863061254270285960e-01,-1.616546159497483648e-01,-1.345196870293501601e-01,-9.274981871946515188e-02,-2.347031829702824479e-01,-1.839127109429526119e-01,-4.473383903317047945e-03,6.029344120780221611e-02,8.753475884362485471e-02,7.959766153620098650e-02,-2.573482579069168996e-01,-3.061361966902986786e-01,-2.994183966682583686e-01,-2.628090989237041875e-01,-2.084982169489034975e-01,-1.855814267347463409e-01,-1.611196419388017387e-01,-1.340956691033317327e-01,-9.245491496161331590e-02,-1.937893371413877686e-01,-1.663872971384490751e-01,-1.654395958380780740e-01,-1.888240138853175265e-01,-1.361767742350218358e-01,-1.933486178966315194e-01,-1.670876071704073540e-01,-1.686994160268890097e-01,-1.894614880799324053e-01,-1.368699491239025456e-01
Results_Name,VSPAERO_Comp_Load
Results_Timestamp,1759253980
Results_Date,9,30,2025
Results_Time,13,39,40
AoA,-5.000000000000000000e+00,-5.000000000000000000e+00,-5.000000000000000000e+00,-5.000000000000000000e+00,-5.000000000000000000e+00,-5.000000000000000000e+00,-5.000000000000000000e+00,-5.000000000000000000e+00,-5.000000000000000000e+00
Beta,0.000000000000000000e+00,0.000000000000000000e+00,0.000000000000000000e+00,0.000000000000000000e+00,0.000000000000000000e+00,0.000000000000000000e+00,0.000000000000000000e+00,0.000000000000000000e+00,0.000000000000000000e+00
CDi,0.000000000000000000e+00,2.480000000000000000e-03,2.469999999999999973e-03,8.800000000000000313e-04,9.100000000000000016e-04,0.000000000000000000e+00,0.000000000000000000e+00,0.000000000000000000e+00,0.000000000000000000e+00
CFx,0.000000000000000000e+00,-4.660000000000000080e-03,-4.539999999999999765e-03,-6.400000000000000524e-04,-6.099999999999999737e-04,0.000000000000000000e+00,0.000000000000000000e+00,0.000000000000000000e+00,0.000000000000000000e+00
CFy,0.000000000000000000e+00,6.329999999999999689e-03,-6.279999999999999992e-03,1.796999999999999986e-02,-1.804000000000000048e-02,0.000000000000000000e+00,0.000000000000000000e+00,0.000000000000000000e+00,0.000000000000000000e+00
CFz,0.000000000000000000e+00,-8.169999999999999485e-02,-8.028000000000000413e-02,-1.742000000000000146e-02,-1.752000000000000085e-02,0.000000000000000000e+00,0.000000000000000000e+00,0.000000000000000000e+00,0.000000000000000000e+00
CL,0.000000000000000000e+00,-8.179000000000000159e-02,-8.036999999999999700e-02,-1.740999999999999839e-02,-1.750000000000000167e-02,0.000000000000000000e+00,0.000000000000000000e+00,0.000000000000000000e+00,0.000000000000000000e+00
Cmx,0.000000000000000000e+00,-2.641999999999999904e-02,2.615999999999999923e-02,-6.899999999999999667e-04,6.899999999999999667e-04,-6.999999999999999387e-05,6.999999999999999387e-05,0.000000000000000000e+00,-0.000000000000000000e+00
Cmy,0.000000000000000000e+00,-8.760000000000000425e-03,-9.480000000000000579e-03,6.253000000000000225e-02,6.289000000000000146e-02,-1.863000000000000073e-02,-1.856999999999999970e-02,-0.000000000000000000e+00,0.000000000000000000e+00
Cmz,0.000000000000000000e+00,1.879999999999999944e-03,-1.860000000000000108e-03,5.000000000000000104e-03,-5.020000000000000157e-03,-6.999999999999999387e-05,6.999999999999999387e-05,-1.000000000000000082e-05,-1.000000000000000082e-05
Comp_ID,0,1,2,3,4,5,6,7,8
Comp_Name,NONE,main_wing,main_wing,horizontal_tail,horizontal_tail,fuselage,fuselage,fuselage,fuselage
Cs,0.000000000000000000e+00,6.329999999999999689e-03,-6.279999999999999992e-03,1.796999999999999986e-02,-1.804000000000000048e-02,0.000000000000000000e+00,0.000000000000000000e+00,0.000000000000000000e+00,0.000000000000000000e+00
Mach,1.499999999999999944e-01,1.499999999999999944e-01,1.499999999999999944e-01,1.499999999999999944e-01,1.499999999999999944e-01,1.499999999999999944e-01,1.499999999999999944e-01,1.499999999999999944e-01,1.499999999999999944e-01
Results_Name,VSPAERO_Load
Results_Timestamp,1759253980
Results_Date,9,30,2025
Results_Time,13,39,40
AnalysisMethod,0
Chord,1.735640000000000072e+00,1.614919999999999911e+00,1.494220000000000104e+00,1.373529999999999918e+00,1.252869999999999928e+00,1.164679999999999938e+00,1.108950000000000102e+00,1.053230000000000111e+00,9.975300000000000278e-01,9.418400000000000105e-01,8.750400000000000400e-01,7.971099999999999852e-01,7.191899999999999959e-01,6.412799999999999612e-01,5.633799999999999919e-01,1.735640000000000072e+00,1.614919999999999911e+00,1.494220000000000104e+00,1.373529999999999918e+00,1.252869999999999928e+00,1.164679999999999938e+00,1.108950000000000102e+00,1.053230000000000111e+00,9.975300000000000278e-01,9.418400000000000105e-01,8.750400000000000400e-01,7.971099999999999852e-01,7.191899999999999959e-01,6.412799999999999612e-01,5.633799999999999919e-01,9.229000000000000536e-01,8.665699999999999514e-01,8.104299999999999837e-01,7.545199999999999685e-01,6.988999999999999657e-01,9.229000000000000536e-01,8.665699999999999514e-01,8.104299999999999837e-01,7.545199999999999685e-01,6.988999999999999657e-01
FC_AoA_,-4.000000000000000000e+00
FC_Beta_,0.000000000000000000e+00
FC_Bref_,1.417173599999999922e+01
FC_Cref_,1.088920000000000110e+00
FC_Mach_,1.499999999999999944e-01
FC_Pitch_Rate,0.000000000000000000e+00
FC_Rho_,2.377000000000000206e-03
FC_Roll__Rate,0.000000000000000000e+00
FC_Sref_,1.619368700000000061e+01
FC_Vinf_,5.100000000000000000e+01
FC_Xcg_,1.774861999999999940e+00
FC_Yaw___Rate,0.000000000000000000e+00
FC_Ycg_,0.000000000000000000e+00
FC_Zcg_,7.545150000000000468e-01
S,3.314000000000000279e-02,8.981999999999999706e-02,1.368900000000000117e-01,1.839600000000000124e-01,2.310300000000000131e-01,2.997400000000000064e-01,4.117600000000000149e-01,5.454599999999999449e-01,6.791599999999999859e-01,8.128699999999999815e-01,9.157600000000000184e-01,9.578299999999999592e-01,9.698799999999999644e-01,9.819299999999999695e-01,9.939799999999999747e-01,3.314000000000000279e-02,8.981999999999999706e-02,1.368900000000000117e-01,1.839600000000000124e-01,2.310300000000000131e-01,2.997400000000000064e-01,4.117600000000000149e-01,5.454599999999999449e-01,6.791599999999999859e-01,8.128699999999999815e-01,9.157600000000000184e-01,9.578299999999999592e-01,9.698799999999999644e-01,9.819299999999999695e-01,9.939799999999999747e-01,1.020299999999999957e-01,3.035599999999999965e-01,5.025399999999999867e-01,7.015200000000000324e-01,9.005100000000000326e-01,1.020299999999999957e-01,3.035599999999999965e-01,5.025399999999999867e-01,7.015200000000000324e-01,9.005100000000000326e-01
V/Vref,1.002529999999999921e+00,1.001449999999999951e+00,9.960400000000000365e-01,9.957700000000000440e-01,9.951999999999999735e-01,9.942699999999999871e-01,9.954399999999999915e-01,9.958900000000000530e-01,9.970700000000000118e-01,9.975699999999999568e-01,9.957599999999999785e-01,9.959299999999999820e-01,9.962699999999999889e-01,9.966399999999999704e-01,9.964600000000000124e-01,1.002310000000000034e+00,1.001330000000000053e+00,9.960099999999999509e-01,9.957399999999999585e-01,9.952100000000000390e-01,9.942699999999999871e-01,9.954499999999999460e-01,9.959000000000000075e-01,9.970799999999999663e-01,9.975699999999999568e-01,9.957799999999999985e-01,9.959400000000000475e-01,9.962800000000000544e-01,9.966399999999999704e-01,9.964499999999999469e-01,9.777000000000000135e-01,9.893499999999999517e-01,9.998200000000000420e-01,9.889200000000000212e-01,9.932499999999999662e-01,9.777700000000000280e-01,9.893899999999999917e-01,9.997200000000000530e-01,9.890900000000000247e-01,9.932900000000000063e-01
WingId,1,1,1,1,1,1,1,1,1,1,1,1,1,1,1,2,2,2,2,2,2,2,2,2,2,2,2,2,2,2,3,3,3,3,3,4,4,4,4,4
Xavg,2.391169999999999796e+00,2.380489999999999995e+00,2.369810000000000194e+00,2.359129999999999949e+00,2.348450000000000149e+00,2.336259999999999781e+00,2.322589999999999932e+00,2.308860000000000134e+00,2.295059999999999878e+00,2.281190000000000051e+00,2.284749999999999837e+00,2.305000000000000160e+00,2.325239999999999974e+00,2.345470000000000166e+00,2.365699999999999914e+00,2.391169999999999796e+00,2.380489999999999995e+00,2.369810000000000194e+00,2.359129999999999949e+00,2.348450000000000149e+00,2.336259999999999781e+00,2.322589999999999932e+00,2.308860000000000134e+00,2.295059999999999878e+00,2.281190000000000051e+00,2.284749999999999837e+00,2.305000000000000160e+00,2.325239999999999974e+00,2.345470000000000166e+00,2.365699999999999914e+00,5.722059999999999924e+00,5.820210000000000328e+00,5.918350000000000222e+00,6.016490000000000116e+00,6.114630000000000010e+00,5.722059999999999924e+00,5.820210000000000328e+00,5.918350000000000222e+00,6.016490000000000116e+00,6.114630000000000010e+00
Yavg,1.718899999999999872e-01,5.195499999999999563e-01,8.671900000000000164e-01,1.214790000000000036e+00,1.562359999999999971e+00,2.229140000000000121e+00,3.217070000000000096e+00,4.204979999999999940e+00,5.192870000000000097e+00,6.180740000000000123e+00,6.716649999999999565e+00,6.791660000000000252e+00,6.866660000000000430e+00,6.941650000000000098e+00,7.016610000000000014e+00,-1.718899999999999872e-01,-5.195499999999999563e-01,-8.671900000000000164e-01,-1.214790000000000036e+00,-1.562359999999999971e+00,-2.229140000000000121e+00,-3.217070000000000096e+00,-4.204979999999999940e+00,-5.192870000000000097e+00,-6.180740000000000123e+00,-6.716649999999999565e+00,-6.791660000000000252e+00,-6.866660000000000430e+00,-6.941650000000000098e+00,-7.016610000000000014e+00,1.078800000000000037e-01,3.257399999999999740e-01,5.435900000000000176e-01,7.614400000000000057e-01,9.792699999999999738e-01,-1.078800000000000037e-01,-3.257399999999999740e-01,-5.435900000000000176e-01,-7.614400000000000057e-01,-9.792699999999999738e-01
Zavg,1.027309999999999945e+00,1.024350000000000094e+00,1.021379999999999955e+00,1.018420000000000103e+00,1.015449999999999964e+00,1.037979999999999903e+00,1.086500000000000021e+00,1.135019999999999918e+00,1.183540000000000036e+00,1.232069999999999999e+00,1.270329999999999959e+00,1.298289999999999944e+00,1.326240000000000085e+00,1.354190000000000005e+00,1.382130000000000081e+00,1.027309999999999945e+00,1.024350000000000094e+00,1.021379999999999955e+00,1.018420000000000103e+00,1.015449999999999964e+00,1.037979999999999903e+00,1.086500000000000021e+00,1.135019999999999918e+00,1.183540000000000036e+00,1.232069999999999999e+00,1.270329999999999959e+00,1.298289999999999944e+00,1.326240000000000085e+00,1.354190000000000005e+00,1.382130000000000081e+00,3.777900000000000147e-01,5.956799999999999873e-01,8.135799999999999699e-01,1.031470000000000109e+00,1.249349999999999961e+00,3.777900000000000147e-01,5.956799999999999873e-01,8.135799999999999699e-01,1.031470000000000109e+00,1.249349999999999961e+00
cd,3.889999999999999795e-03,5.000000000000000104e-04,4.780000000000000394e-03,6.190000000000000190e-03,8.109999999999999154e-03,8.909999999999999518e-03,2.259999999999999856e-03,3.050000000000000194e-03,2.789999999999999945e-03,2.939999999999999905e-03,2.899999999999999800e-03,2.309999999999999987e-03,1.490000000000000005e-03,1.330000000000000019e-03,4.800000000000000122e-04,3.779999999999999940e-03,4.000000000000000192e-04,4.839999999999999684e-03,6.309999999999999637e-03,8.259999999999999981e-03,9.060000000000000345e-03,2.190000000000000106e-03,3.000000000000000062e-03,2.749999999999999840e-03,2.919999999999999853e-03,2.870000000000000155e-03,2.299999999999999961e-03,1.490000000000000005e-03,1.330000000000000019e-03,4.899999999999999842e-04,1.562000000000000020e-02,1.389999999999999916e-02,1.898000000000000034e-02,-1.046000000000000055e-02,-5.199999999999999761e-03,1.554999999999999959e-02,1.389999999999999916e-02,1.887000000000000136e-02,-1.069999999999999944e-02,-5.300000000000000024e-03
cd*c/cref,6.200308195276053001e-03,7.415237115674244575e-04,6.559133453329905709e-03,7.807874499504094574e-03,9.331058020791239971e-03,9.529900084487379769e-03,2.301571281636851079e-03,2.950034437791573642e-03,2.555843128971824890e-03,2.542895345847261297e-03,2.330397090695367560e-03,1.690963615325276163e-03,9.840879954450280822e-04,7.832553355618409631e-04,2.483400066120559522e-04,6.024978143481614021e-03,5.932189692539396528e-04,6.641465672409359138e-03,7.959238787055062173e-03,9.503642324505011049e-03,9.690336112845754357e-03,2.230283675568453181e-03,2.901673217499908287e-03,2.519200216728501116e-03,2.525596738052381975e-03,2.306289534584726308e-03,1.683643426514344101e-03,9.840879954450280822e-04,7.832553355618409631e-04,2.535137567498071021e-04,1.323852808287110175e-02,1.106171527752268166e-02,1.412588748484737075e-02,-7.247804430077507513e-03,-3.337508724240531143e-03,1.317920049223083277e-02,1.106171527752268166e-02,1.404401985453476720e-02,-7.414102046063989100e-03,-3.401691584322079961e-03
cl,-7.435999999999999555e-02,-4.673999999999999683e-02,8.015999999999999515e-02,1.370599999999999874e-01,1.710399999999999976e-01,1.715800000000000103e-01,-1.574899999999999911e-01,-2.220999999999999919e-01,-2.357899999999999996e-01,-2.220199999999999951e-01,-1.903600000000000014e-01,-1.864099999999999924e-01,-1.800900000000000001e-01,-1.685300000000000131e-01,-1.333999999999999908e-01,-7.244000000000000439e-02,-4.460000000000000075e-02,8.240000000000000102e-02,1.395800000000000096e-01,1.738399999999999945e-01,1.743599999999999872e-01,-1.549200000000000021e-01,-2.198799999999999921e-01,-2.339900000000000035e-01,-2.207300000000000095e-01,-1.893499999999999905e-01,-1.855400000000000105e-01,-1.794000000000000039e-01,-1.679799999999999904e-01,-1.329799999999999871e-01,-1.992800000000000127e-01,-1.779999999999999916e-01,-1.848100000000000021e-01,-2.643900000000000139e-01,-1.950600000000000112e-01,-1.986499999999999932e-01,-1.779799999999999993e-01,-1.846800000000000108e-01,-2.638199999999999990e-01,-1.955600000000000116e-01
cl*c/cref,-1.185231150130404282e-01,-6.931763655732282869e-02,1.099958446901517090e-01,1.728832437644638176e-01,1.967921287146897347e-01,1.835174249715313954e-01,-1.603869297101715163e-01,-2.148205405355765318e-01,-2.160008069463321134e-01,-1.920318451309554197e-01,-1.529704793740586932e-01,-1.364556396245821257e-01,-1.189425551004665016e-01,-9.924964037762185054e-02,-6.901782683760053494e-02,-1.154628086544466081e-01,-6.614391507181426044e-02,1.130695808691180304e-01,1.760618938030341640e-01,2.000137023840134753e-01,1.864908393637732253e-01,-1.577696561730889124e-01,-2.126733023546265866e-01,-2.143518758953825432e-01,-1.909160849281857086e-01,-1.521588583183337562e-01,-1.358187831980310623e-01,-1.184868364985490058e-01,-9.892573779524664601e-02,-6.880052933181499131e-02,-1.688971751827498813e-01,-1.416536201006501627e-01,-1.375450614370201663e-01,-1.831976112111082522e-01,-1.251950868750688617e-01,-1.683632268669874588e-01,-1.416377039635602075e-01,-1.374483087830143668e-01,-1.828026543731403331e-01,-1.255160011754765936e-01
cmx,-7.599999999999999985e-03,-1.661999999999999936e-02,4.347999999999999782e-02,1.184400000000000036e-01,2.108399999999999996e-01,3.289199999999999902e-01,-4.568599999999999883e-01,-8.904400000000000093e-01,-1.231819999999999915e+00,-1.461559999999999970e+00,-1.503679999999999906e+00,-1.637199999999999989e+00,-1.774960000000000093e+00,-1.887389999999999901e+00,-1.720779999999999976e+00,7.409999999999999920e-03,1.593999999999999931e-02,-4.476000000000000117e-02,-1.206499999999999934e-01,-2.142999999999999905e-01,-3.342499999999999916e-01,4.493300000000000072e-01,8.815300000000000358e-01,1.222380000000000022e+00,1.453009999999999913e+00,1.495710000000000095e+00,1.629559999999999897e+00,1.768189999999999928e+00,1.881140000000000034e+00,1.715430000000000010e+00,6.371000000000000274e-02,-3.089000000000000079e-02,-1.397299999999999931e-01,-3.606599999999999806e-01,-4.213799999999999768e-01,-6.350000000000000089e-02,3.090000000000000038e-02,1.394900000000000029e-01,3.603799999999999781e-01,4.224899999999999767e-01
cmx*c/cref,-1.211371266943393407e-02,-2.464824817250118802e-02,5.966341475957829404e-02,1.493965518128053116e-01,2.425844973000770843e-01,3.518041229842411854e-01,-4.652636529772618545e-01,-8.612552999302061085e-01,-1.128436803989273596e+00,-1.264147660434191467e+00,-1.208334999081658756e+00,-1.198461312125775891e+00,-1.172293173419534984e+00,-1.111509990816588633e+00,-8.902885762039449702e-01,1.181086985269808563e-02,2.363977592476949191e-02,-6.141983543327333983e-02,-1.521841774418689619e-01,-2.465654419057413949e-01,-3.575049498585753938e-01,4.575951433530470180e-01,8.526373304742314030e-01,1.119789076699849284e+00,1.256752505601880454e+00,1.201930425008265191e+00,1.192868687874223621e+00,1.167821847426808057e+00,1.107829279653234300e+00,8.875206198802481072e-01,5.399658285273482156e-02,-2.458247373544429279e-02,-1.039942180325459931e-01,-2.499037424236858207e-01,-2.704537358116297918e-01,-5.381860008081401636e-02,2.459043180398927039e-02,1.038155977482275866e-01,2.497097285383682586e-01,2.711661655585350106e-01
cmy,-2.181999999999999912e-02,-3.364000000000000323e-02,-9.482999999999999763e-02,-1.211600000000000038e-01,-1.373199999999999976e-01,-1.353999999999999926e-01,1.383000000000000028e-02,3.590999999999999748e-02,4.653000000000000191e-02,5.050000000000000322e-02,5.353000000000000119e-02,6.440999999999999504e-02,7.660000000000000142e-02,8.896999999999999353e-02,8.698000000000000176e-02,-2.249999999999999917e-02,-3.443999999999999839e-02,-9.568999999999999728e-02,-1.222099999999999992e-01,-1.385800000000000087e-01,-1.366400000000000114e-01,1.261999999999999927e-02,3.486000000000000210e-02,4.567999999999999838e-02,4.986000000000000154e-02,5.299000000000000238e-02,6.389999999999999847e-02,7.617999999999999772e-02,8.859000000000000208e-02,8.665000000000000480e-02,7.993400000000000505e-01,7.894099999999999451e-01,9.214400000000000368e-01,1.392260000000000053e+00,1.132689999999999975e+00,7.968699999999999672e-01,7.895100000000000451e-01,9.204099999999999504e-01,1.389100000000000001e+00,1.135469999999999979e+00
cmy*c/cref,-3.477910663776952876e-02,-4.988971531425632350e-02,-1.301260722550784399e-01,-1.528274756639605991e-01,-1.579951772398339171e-01,-1.448202549314917265e-01,1.408439417037064129e-02,3.473302841347390008e-02,4.262486766704624147e-02,4.367898468207030704e-02,4.301591595342173918e-02,4.714933613121256861e-02,5.059136943026117106e-02,5.239565955258419783e-02,4.500127869815963300e-02,-3.586296513977151046e-02,-5.107615325276419760e-02,-1.313061673952172770e-01,-1.541519131800315467e-01,-1.594448853910296060e-01,-1.461465260992542980e-01,1.285213697975976128e-02,3.371744278734893630e-02,4.184620578187561030e-02,4.312542923263416872e-02,4.258197994343018711e-02,4.677600650185503861e-02,5.031397549865921498e-02,5.217187231385225082e-02,4.483054494361384673e-02,6.774702328913051463e-01,6.282178890092935397e-01,6.857828115931381419e-01,9.647063284722476872e-01,7.269928378576936412e-01,6.753768164787128381e-01,6.282974696947434268e-01,6.850162328729382244e-01,9.625167431950922836e-01,7.287771213679606896e-01
cmz,4.000000000000000192e-04,6.219999999999999835e-03,4.420000000000000318e-03,-6.139999999999999625e-03,-2.043999999999999984e-02,-4.993999999999999828e-02,2.266999999999999918e-02,5.165000000000000147e-02,7.378999999999999448e-02,8.479000000000000425e-02,1.016600000000000004e-01,1.184199999999999975e-01,1.392599999999999949e-01,1.536700000000000010e-01,1.505199999999999871e-01,-4.099999999999999912e-04,-6.270000000000000399e-03,-4.380000000000000213e-03,6.329999999999999689e-03,2.082000000000000170e-02,5.068999999999999895e-02,-2.225999999999999854e-02,-5.118999999999999939e-02,-7.328999999999999404e-02,-8.436000000000000443e-02,-1.010899999999999993e-01,-1.178300000000000042e-01,-1.386400000000000132e-01,-1.530400000000000094e-01,-1.499500000000000000e-01,8.163099999999999801e-01,8.039300000000000335e-01,8.466799999999999882e-01,1.490539999999999976e+00,1.276219999999999910e+00,-8.137600000000000389e-01,-8.038499999999999535e-01,-8.497099999999999653e-01,-1.492240000000000011e+00,-1.279859999999999998e+00
cmz*c/cref,6.375638247070491331e-04,9.224554971898760516e-03,6.065140138853176467e-03,-7.744806046357856702e-03,-2.351748778606324933e-02,-5.341450170811445214e-02,2.308700042243690825e-02,4.995714056129008790e-02,6.759701236087130305e-02,7.333744774639092134e-02,8.169247180692795762e-02,8.668567589905593063e-02,9.197590217830509118e-02,9.049838151563015243e-02,7.787528707343052692e-02,-6.535029203247253154e-04,-9.298707343055503949e-03,-6.010251992800206070e-03,7.984466168313556628e-03,2.395470135547147356e-02,5.421668184990632161e-02,-2.266945872975057591e-02,-4.951221733460676316e-02,-6.713897595782976346e-02,-7.296552767880100376e-02,-8.123442824082577340e-02,-8.625378475921094412e-02,-9.156641589832127670e-02,-9.012736583036401461e-02,-7.758038331557871869e-02,6.918529359365241937e-01,6.397730045366050167e-01,6.301425930279542786e-01,1.032805202218711971e+00,8.191144969327404102e-01,-6.896917165632002744e-01,-6.397093399882450848e-01,-6.323976741174740512e-01,-1.033983143665282878e+00,-8.214507530397089363e-01
cs,1.149999999999999981e-03,9.180000000000000659e-03,1.655999999999999833e-02,1.242000000000000048e-02,7.810000000000000102e-03,-1.209000000000000005e-02,3.690000000000000138e-03,1.131000000000000061e-02,1.204999999999999995e-02,1.037000000000000074e-02,7.459000000000000352e-02,7.463000000000000189e-02,7.324999999999999567e-02,7.058999999999999997e-02,5.653999999999999998e-02,-1.180000000000000059e-03,-9.249999999999999542e-03,-1.667000000000000079e-02,-1.251000000000000029e-02,-7.870000000000000259e-03,1.226999999999999966e-02,-3.510000000000000099e-03,-1.119000000000000029e-02,-1.196000000000000014e-02,-1.030999999999999972e-02,-7.420000000000000207e-02,-7.428999999999999493e-02,-7.295999999999999708e-02,-7.034999999999999587e-02,-5.634999999999999731e-02,2.046000000000000041e-01,1.824300000000000088e-01,1.728200000000000014e-01,2.757200000000000206e-01,2.122600000000000042e-01,-2.039400000000000102e-01,-1.823700000000000043e-01,-1.734700000000000131e-01,-2.759800000000000031e-01,-2.128599999999999937e-01
cs*c/cref,1.832995996032766271e-03,1.361437534437791481e-02,2.272369246592954514e-02,1.566620376152517979e-02,8.985889413363697814e-03,-1.293114388568489606e-02,3.757875234176982424e-03,1.093930802997465472e-02,1.103867731330125147e-02,8.969328141644932265e-03,5.993942034309223538e-02,5.463056909598500155e-02,4.837882259486462472e-02,4.157142416339124069e-02,2.925238327884508924e-02,-1.880813282885795143e-03,-1.371818866399735284e-02,-2.287463486757521439e-02,-1.577972697718840397e-02,-9.054923134849205899e-03,1.312366711971494487e-02,-3.574564247143959071e-03,-1.082324110127465787e-02,-1.095623076075377331e-02,-8.917432318260294297e-03,-5.962602211365389260e-02,-5.438168267641331488e-02,-4.818728868971090123e-02,-4.143008485471842695e-02,-2.915408202622781289e-02,1.734060720714102055e-01,1.451790444660764623e-01,1.286214897329464035e-01,1.910482444991367657e-01,1.362345388090952236e-01,-1.728466976453733872e-01,-1.451312960548065967e-01,-1.291052530029754286e-01,-1.912284002497887658e-01,-1.366196359695845131e-01
cx,-1.309999999999999967e-03,-2.759999999999999867e-03,1.035999999999999942e-02,1.574000000000000052e-02,2.001999999999999960e-02,2.086000000000000007e-02,-8.729999999999999913e-03,-1.244999999999999926e-02,-1.366999999999999986e-02,-1.255000000000000039e-02,-1.038999999999999993e-02,-1.069999999999999944e-02,-1.106999999999999998e-02,-1.043000000000000003e-02,-8.819999999999999715e-03,-1.280000000000000105e-03,-2.710000000000000169e-03,1.058000000000000086e-02,1.602999999999999911e-02,2.036999999999999922e-02,2.120000000000000009e-02,-8.619999999999999191e-03,-1.234999999999999987e-02,-1.358000000000000006e-02,-1.248999999999999937e-02,-1.034000000000000023e-02,-1.064999999999999974e-02,-1.102999999999999987e-02,-1.038999999999999993e-02,-8.789999999999999203e-03,1.680000000000000070e-03,1.449999999999999900e-03,6.040000000000000230e-03,-2.886999999999999983e-02,-1.880000000000000074e-02,1.649999999999999991e-03,1.449999999999999900e-03,5.939999999999999968e-03,-2.908000000000000168e-02,-1.892999999999999891e-02
cx*c/cref,-2.088021525915586055e-03,-4.093210887852183170e-03,1.421602982771920723e-02,1.985394905043529057e-02,2.303425173566469100e-02,2.231130367703779496e-02,-8.890582871101641513e-03,-1.204194385262461788e-02,-1.252271525915585847e-02,-1.085487639128677843e-02,-8.349250266318920810e-03,-7.832602027697166749e-03,-7.311311482937221488e-03,-6.142370789406015677e-03,-4.563247621496527295e-03,-2.040204239062557399e-03,-4.019058516695440605e-03,1.451791463101054398e-02,2.021974607868345930e-02,2.343694844433015512e-02,2.267495867465010861e-02,-8.778559490137014323e-03,-1.194522141204128890e-02,-1.244026870660838030e-02,-1.080298056790214047e-02,-8.309071006134517712e-03,-7.796001083642506435e-03,-7.284893013260844430e-03,-6.118814237960547298e-03,-4.547726371083273683e-03,1.423862175366418133e-03,1.153919939022150180e-03,4.495277155346581732e-03,-2.000421738970722951e-02,-1.206637769533115169e-02,1.398436065092017793e-03,1.153919939022150180e-03,4.420852036880578741e-03,-2.014972780369540459e-02,-1.214981541343716429e-02
cy,1.149999999999999981e-03,9.180000000000000659e-03,1.655999999999999833e-02,1.242000000000000048e-02,7.810000000000000102e-03,-1.209000000000000005e-02,3.690000000000000138e-03,1.131000000000000061e-02,1.204999999999999995e-02,1.037000000000000074e-02,7.459000000000000352e-02,7.463000000000000189e-02,7.324999999999999567e-02,7.058999999999999997e-02,5.653999999999999998e-02,-1.180000000000000059e-03,-9.249999999999999542e-03,-1.667000000000000079e-02,-1.251000000000000029e-02,-7.870000000000000259e-03,1.226999999999999966e-02,-3.510000000000000099e-03,-1.119000000000000029e-02,-1.196000000000000014e-02,-1.030999999999999972e-02,-7.420000000000000207e-02,-7.428999999999999493e-02,-7.295999999999999708e-02,-7.034999999999999587e-02,-5.634999999999999731e-02,2.046000000000000041e-01,1.824300000000000088e-01,1.728200000000000014e-01,2.757200000000000206e-01,2.122600000000000042e-01,-2.039400000000000102e-01,-1.823700000000000043e-01,-1.734700000000000131e-01,-2.759800000000000031e-01,-2.128599999999999937e-01
cy*c/cref,1.832995996032766271e-03,1.361437534437791481e-02,2.272369246592954514e-02,1.566620376152517979e-02,8.985889413363697814e-03,-1.293114388568489606e-02,3.757875234176982424e-03,1.093930802997465472e-02,1.103867731330125147e-02,8.969328141644932265e-03,5.993942034309223538e-02,5.463056909598500155e-02,4.837882259486462472e-02,4.157142416339124069e-02,2.925238327884508924e-02,-1.880813282885795143e-03,-1.371818866399735284e-02,-2.287463486757521439e-02,-1.577972697718840397e-02,-9.054923134849205899e-03,1.312366711971494487e-02,-3.574564247143959071e-03,-1.082324110127465787e-02,-1.095623076075377331e-02,-8.917432318260294297e-03,-5.962602211365389260e-02,-5.438168267641331488e-02,-4.818728868971090123e-02,-4.143008485471842695e-02,-2.915408202622781289e-02,1.734060720714102055e-01,1.451790444660764623e-01,1.286214897329464035e-01,1.910482444991367657e-01,1.362345388090952236e-01,-1.728466976453733872e-01,-1.451312960548065967e-01,-1.291052530029754286e-01,-1.912284002497887658e-01,-1.366196359695845131e-01
cz,-7.445000000000000229e-02,-4.666000000000000009e-02,7.963000000000000633e-02,1.362899999999999945e-01,1.700599999999999890e-01,1.705399999999999971e-01,-1.572699999999999931e-01,-2.217699999999999949e-01,-2.354100000000000081e-01,-2.216899999999999982e-01,-1.900999999999999912e-01,-1.861200000000000077e-01,-1.797600000000000031e-01,-1.682200000000000084e-01,-1.331100000000000061e-01,-7.252999999999999725e-02,-4.451999999999999708e-02,8.186000000000000221e-02,1.388000000000000067e-01,1.728399999999999936e-01,1.733000000000000096e-01,-1.546899999999999942e-01,-2.195499999999999952e-01,-2.336100000000000121e-01,-2.203900000000000026e-01,-1.890900000000000081e-01,-1.852499999999999980e-01,-1.790700000000000069e-01,-1.676600000000000035e-01,-1.326900000000000024e-01,-1.998900000000000121e-01,-1.785400000000000043e-01,-1.856800000000000117e-01,-2.630100000000000215e-01,-1.942200000000000037e-01,-1.992500000000000104e-01,-1.785200000000000120e-01,-1.855499999999999927e-01,-2.624299999999999966e-01,-1.947200000000000042e-01
cz*c/cref,-1.186665668735995272e-01,-6.919899276347205030e-02,1.092685767549498727e-01,1.719119895860117819e-01,1.956645779304264088e-01,1.824050685082466705e-01,-1.601628829482422689e-01,-2.145013564816515284e-01,-2.156526992800205378e-01,-1.917464181023399161e-01,-1.527615472210998027e-01,-1.362433541490651046e-01,-1.187246027256363967e-01,-9.906707710391947364e-02,-6.886778808360576043e-02,-1.156062605150056793e-01,-6.602527127796346818e-02,1.123285908974029357e-01,1.750780259339528855e-01,1.988631403592549807e-01,1.853570914300407546e-01,-1.575354254674355969e-01,-2.123541183007016109e-01,-2.140037682290709953e-01,-1.906220085956727706e-01,-1.519499261653748656e-01,-1.356064977225140133e-01,-1.182688841237189009e-01,-9.873728538368289898e-02,-6.865049057782021680e-02,-1.694141727583293455e-01,-1.420833558020791199e-01,-1.381925599676743777e-01,-1.822413999191859757e-01,-1.246559508503838343e-01,-1.688717490724754855e-01,-1.420674396649891646e-01,-1.380958073136685782e-01,-1.818395140138852895e-01,-1.249768651507915801e-01
Results_Name,VSPAERO_Comp_Load
Results_Timestamp,1759253980
Results_Date,9,30,2025
Results_Time,13,39,40
AoA,-4.000000000000000000e+00,-4.000000000000000000e+00,-4.000000000000000000e+00,-4.000000000000000000e+00,-4.000000000000000000e+00,-4.000000000000000000e+00,-4.000000000000000000e+00,-4.000000000000000000e+00,-4.000000000000000000e+00
Beta,0.000000000000000000e+00,0.000000000000000000e+00,0.000000000000000000e+00,0.000000000000000000e+00,0.000000000000000000e+00,0.000000000000000000e+00,0.000000000000000000e+00,0.000000000000000000e+00,0.000000000000000000e+00
CDi,0.000000000000000000e+00,2.069999999999999792e-03,2.069999999999999792e-03,5.699999999999999772e-04,5.599999999999999509e-04,0.000000000000000000e+00,0.000000000000000000e+00,0.000000000000000000e+00,0.000000000000000000e+00
CFx,0.000000000000000000e+00,-4.499999999999999877e-04,-3.800000000000000209e-04,-5.199999999999999544e-04,-5.199999999999999544e-04,0.000000000000000000e+00,0.000000000000000000e+00,0.000000000000000000e+00,0.000000000000000000e+00
CFy,0.000000000000000000e+00,4.179999999999999688e-03,-4.150000000000000043e-03,1.585999999999999910e-02,-1.586999999999999869e-02,0.000000000000000000e+00,0.000000000000000000e+00,0.000000000000000000e+00,0.000000000000000000e+00
CFz,0.000000000000000000e+00,-3.622999999999999832e-02,-3.515000000000000069e-02,-1.549000000000000030e-02,-1.548000000000000070e-02,0.000000000000000000e+00,0.000000000000000000e+00,0.000000000000000000e+00,0.000000000000000000e+00
CL,0.000000000000000000e+00,-3.617000000000000076e-02,-3.509000000000000313e-02,-1.549000000000000030e-02,-1.548000000000000070e-02,0.000000000000000000e+00,0.000000000000000000e+00,0.000000000000000000e+00,0.000000000000000000e+00
Cmx,0.000000000000000000e+00,-1.628999999999999893e-02,1.608000000000000054e-02,-6.300000000000000261e-04,6.300000000000000261e-04,-6.999999999999999387e-05,6.999999999999999387e-05,0.000000000000000000e+00,-0.000000000000000000e+00
Cmy,0.000000000000000000e+00,-1.716000000000000164e-02,-1.769000000000000086e-02,5.569999999999999951e-02,5.564999999999999808e-02,-1.567999999999999949e-02,-1.561000000000000061e-02,-0.000000000000000000e+00,0.000000000000000000e+00
Cmz,0.000000000000000000e+00,8.099999999999999561e-04,-7.900000000000000121e-04,4.420000000000000318e-03,-4.420000000000000318e-03,-6.999999999999999387e-05,6.999999999999999387e-05,-0.000000000000000000e+00,-1.000000000000000082e-05
Comp_ID,0,1,2,3,4,5,6,7,8
Comp_Name,NONE,main_wing,main_wing,horizontal_tail,horizontal_tail,fuselage,fuselage,fuselage,fuselage
Cs,0.000000000000000000e+00,4.179999999999999688e-03,-4.150000000000000043e-03,1.585999999999999910e-02,-1.586999999999999869e-02,0.000000000000000000e+00,0.000000000000000000e+00,0.000000000000000000e+00,0.000000000000000000e+00
Mach,1.499999999999999944e-01,1.499999999999999944e-01,1.499999999999999944e-01,1.499999999999999944e-01,1.499999999999999944e-01,1.499999999999999944e-01,1.499999999999999944e-01,1.499999999999999944e-01,1.499999999999999944e-01
Results_Name,VSPAERO_Load
Results_Timestamp,1759253980
Results_Date,9,30,2025
Results_Time,13,39,40
AnalysisMethod,0
Chord,1.735640000000000072e+00,1.614919999999999911e+00,1.494220000000000104e+00,1.373529999999999918e+00,1.252869999999999928e+00,1.164679999999999938e+00,1.108950000000000102e+00,1.053230000000000111e+00,9.975300000000000278e-01,9.418400000000000105e-01,8.750400000000000400e-01,7.971099999999999852e-01,7.191899999999999959e-01,6.412799999999999612e-01,5.633799999999999919e-01,1.735640000000000072e+00,1.614919999999999911e+00,1.494220000000000104e+00,1.373529999999999918e+00,1.252869999999999928e+00,1.164679999999999938e+00,1.108950000000000102e+00,1.053230000000000111e+00,9.975300000000000278e-01,9.418400000000000105e-01,8.750400000000000400e-01,7.971099999999999852e-01,7.191899999999999959e-01,6.412799999999999612e-01,5.633799999999999919e-01,9.229000000000000536e-01,8.665699999999999514e-01,8.104299999999999837e-01,7.545199999999999685e-01,6.988999999999999657e-01,9.229000000000000536e-01,8.665699999999999514e-01,8.104299999999999837e-01,7.545199999999999685e-01,6.988999999999999657e-01
FC_AoA_,-3.000000000000000000e+00
FC_Beta_,0.000000000000000000e+00
FC_Bref_,1.417173599999999922e+01
FC_Cref_,1.088920000000000110e+00
FC_Mach_,1.499999999999999944e-01
FC_Pitch_Rate,0.000000000000000000e+00
FC_Rho_,2.377000000000000206e-03
FC_Roll__Rate,0.000000000000000000e+00
FC_Sref_,1.619368700000000061e+01
FC_Vinf_,5.100000000000000000e+01
FC_Xcg_,1.774861999999999940e+00
FC_Yaw___Rate,0.000000000000000000e+00
FC_Ycg_,0.000000000000000000e+00
FC_Zcg_,7.545150000000000468e-01
S,3.314000000000000279e-02,8.981999999999999706e-02,1.368900000000000117e-01,1.839600000000000124e-01,2.310300000000000131e-01,2.997400000000000064e-01,4.117600000000000149e-01,5.454599999999999449e-01,6.791599999999999859e-01,8.128699999999999815e-01,9.157600000000000184e-01,9.578299999999999592e-01,9.698799999999999644e-01,9.819299999999999695e-01,9.939799999999999747e-01,3.314000000000000279e-02,8.981999999999999706e-02,1.368900000000000117e-01,1.839600000000000124e-01,2.310300000000000131e-01,2.997400000000000064e-01,4.117600000000000149e-01,5.454599999999999449e-01,6.791599999999999859e-01,8.128699999999999815e-01,9.157600000000000184e-01,9.578299999999999592e-01,9.698799999999999644e-01,9.819299999999999695e-01,9.939799999999999747e-01,1.020299999999999957e-01,3.035599999999999965e-01,5.025399999999999867e-01,7.015200000000000324e-01,9.005100000000000326e-01,1.020299999999999957e-01,3.035599999999999965e-01,5.025399999999999867e-01,7.015200000000000324e-01,9.005100000000000326e-01
V/Vref,1.003640000000000088e+00,1.002729999999999899e+00,9.978700000000000347e-01,9.976899999999999658e-01,9.973499999999999588e-01,9.963899999999999979e-01,9.971900000000000208e-01,9.973499999999999588e-01,9.982699999999999907e-01,9.987000000000000322e-01,9.975699999999999568e-01,9.976500000000000368e-01,9.978399999999999492e-01,9.980499999999999927e-01,9.978900000000000547e-01,1.003360000000000030e+00,1.002590000000000092e+00,9.978599999999999692e-01,9.976899999999999658e-01,9.973999999999999533e-01,9.964499999999999469e-01,9.972299999999999498e-01,9.974100000000000188e-01,9.982900000000000107e-01,9.987200000000000522e-01,9.976099999999999968e-01,9.976899999999999658e-01,9.978700000000000347e-01,9.980700000000000127e-01,9.979099999999999637e-01,9.774399999999999755e-01,9.892699999999999827e-01,9.993499999999999606e-01,9.852499999999999591e-01,9.932900000000000063e-01,9.778599999999999515e-01,9.870200000000000085e-01,9.848000000000000087e-01,9.996599999999999930e-01,9.969900000000000428e-01
WingId,1,1,1,1,1,1,1,1,1,1,1,1,1,1,1,2,2,2,2,2,2,2,2,2,2,2,2,2,2,2,3,3,3,3,3,4,4,4,4,4
Xavg,2.391169999999999796e+00,2.380489999999999995e+00,2.369810000000000194e+00,2.359129999999999949e+00,2.348450000000000149e+00,2.336259999999999781e+00,2.322589999999999932e+00,2.308860000000000134e+00,2.295059999999999878e+00,2.281190000000000051e+00,2.284749999999999837e+00,2.305000000000000160e+00,2.325239999999999974e+00,2.345470000000000166e+00,2.365699999999999914e+00,2.391169999999999796e+00,2.380489999999999995e+00,2.369810000000000194e+00,2.359129999999999949e+00,2.348450000000000149e+00,2.336259999999999781e+00,2.322589999999999932e+00,2.308860000000000134e+00,2.295059999999999878e+00,2.281190000000000051e+00,2.284749999999999837e+00,2.305000000000000160e+00,2.325239999999999974e+00,2.345470000000000166e+00,2.365699999999999914e+00,5.722059999999999924e+00,5.820210000000000328e+00,5.918350000000000222e+00,6.016490000000000116e+00,6.114630000000000010e+00,5.722059999999999924e+00,5.820210000000000328e+00,5.918350000000000222e+00,6.016490000000000116e+00,6.114630000000000010e+00
Yavg,1.718899999999999872e-01,5.195499999999999563e-01,8.671900000000000164e-01,1.214790000000000036e+00,1.562359999999999971e+00,2.229140000000000121e+00,3.217070000000000096e+00,4.204979999999999940e+00,5.192870000000000097e+00,6.180740000000000123e+00,6.716649999999999565e+00,6.791660000000000252e+00,6.866660000000000430e+00,6.941650000000000098e+00,7.016610000000000014e+00,-1.718899999999999872e-01,-5.195499999999999563e-01,-8.671900000000000164e-01,-1.214790000000000036e+00,-1.562359999999999971e+00,-2.229140000000000121e+00,-3.217070000000000096e+00,-4.204979999999999940e+00,-5.192870000000000097e+00,-6.180740000000000123e+00,-6.716649999999999565e+00,-6.791660000000000252e+00,-6.866660000000000430e+00,-6.941650000000000098e+00,-7.016610000000000014e+00,1.078800000000000037e-01,3.257399999999999740e-01,5.435900000000000176e-01,7.614400000000000057e-01,9.792699999999999738e-01,-1.078800000000000037e-01,-3.257399999999999740e-01,-5.435900000000000176e-01,-7.614400000000000057e-01,-9.792699999999999738e-01
Zavg,1.027309999999999945e+00,1.024350000000000094e+00,1.021379999999999955e+00,1.018420000000000103e+00,1.015449999999999964e+00,1.037979999999999903e+00,1.086500000000000021e+00,1.135019999999999918e+00,1.183540000000000036e+00,1.232069999999999999e+00,1.270329999999999959e+00,1.298289999999999944e+00,1.326240000000000085e+00,1.354190000000000005e+00,1.382130000000000081e+00,1.027309999999999945e+00,1.024350000000000094e+00,1.021379999999999955e+00,1.018420000000000103e+00,1.015449999999999964e+00,1.037979999999999903e+00,1.086500000000000021e+00,1.135019999999999918e+00,1.183540000000000036e+00,1.232069999999999999e+00,1.270329999999999959e+00,1.298289999999999944e+00,1.326240000000000085e+00,1.354190000000000005e+00,1.382130000000000081e+00,3.777900000000000147e-01,5.956799999999999873e-01,8.135799999999999699e-01,1.031470000000000109e+00,1.249349999999999961e+00,3.777900000000000147e-01,5.956799999999999873e-01,8.135799999999999699e-01,1.031470000000000109e+00,1.249349999999999961e+00
cd,-2.000000000000000164e-05,-2.020000000000000094e-03,6.279999999999999992e-03,9.020000000000000240e-03,1.163999999999999931e-02,1.244999999999999926e-02,5.000000000000000104e-04,1.440000000000000091e-03,1.340000000000000045e-03,1.340000000000000045e-03,1.280000000000000105e-03,1.160000000000000007e-03,9.100000000000000016e-04,8.700000000000000051e-04,5.000000000000000104e-04,-1.200000000000000030e-04,-2.139999999999999975e-03,6.450000000000000004e-03,9.239999999999999949e-03,1.191000000000000045e-02,1.271000000000000081e-02,4.299999999999999894e-04,1.410000000000000012e-03,1.319999999999999993e-03,1.319999999999999993e-03,1.270000000000000078e-03,1.149999999999999981e-03,9.100000000000000016e-04,8.800000000000000313e-04,5.100000000000000366e-04,1.285999999999999990e-02,1.173000000000000084e-02,1.435999999999999950e-02,4.000000000000000327e-05,-5.470000000000000036e-03,1.297000000000000063e-02,1.238999999999999997e-02,2.824000000000000121e-02,1.510000000000000057e-03,-5.599999999999999943e-03
cd*c/cref,-3.187819123535245937e-05,-2.995755794732395030e-03,8.617438930316276974e-03,1.137754894758108773e-02,1.339254196818866031e-02,1.331619035374499195e-02,5.091971862028431533e-04,1.392803144399955935e-03,1.227537560151342527e-03,1.159006722256915051e-03,1.028589060720714156e-03,8.491419020681040047e-04,6.010201851375674559e-04,5.123549939389486366e-04,2.586875068875582519e-04,-1.912691474121147562e-04,-3.173721485508576492e-03,8.850713551041399646e-03,1.165505014142452847e-02,1.370319371487344930e-02,1.359427946956617492e-02,4.379095801344450923e-04,1.363786412224956938e-03,1.209216104029680640e-03,1.141708114462035729e-03,1.020553208683833450e-03,8.418217132571720503e-04,6.010201851375674559e-04,5.182441318003158399e-04,2.638612570253094560e-04,1.089932593762627140e-02,9.334814403261946711e-03,1.068744701171803028e-02,2.771626933108033673e-05,-3.510802446460712517e-03,1.099255500863240663e-02,9.860046927230648947e-03,2.101765345479924760e-02,1.046289167248282657e-03,-3.594240164566725980e-03
cl,2.220000000000000185e-03,3.493000000000000271e-02,1.673999999999999932e-01,2.299900000000000000e-01,2.696399999999999908e-01,2.722700000000000120e-01,-5.756000000000000005e-02,-1.239800000000000069e-01,-1.417799999999999894e-01,-1.380399999999999960e-01,-1.195500000000000035e-01,-1.179400000000000032e-01,-1.150599999999999956e-01,-1.086799999999999988e-01,-8.733000000000000485e-02,5.049999999999999802e-03,3.817999999999999866e-02,1.708500000000000019e-01,2.337799999999999878e-01,2.737600000000000033e-01,2.763100000000000001e-01,-5.430999999999999717e-02,-1.220200000000000035e-01,-1.402799999999999880e-01,-1.368999999999999939e-01,-1.186900000000000038e-01,-1.172099999999999947e-01,-1.145300000000000068e-01,-1.082300000000000068e-01,-8.701000000000000401e-02,-1.824699999999999933e-01,-1.579399999999999971e-01,-1.455400000000000027e-01,-2.776199999999999779e-01,-1.895000000000000018e-01,-1.830700000000000105e-01,-1.630800000000000027e-01,-1.579099999999999948e-01,-2.978399999999999936e-01,-2.001000000000000001e-01
cl*c/cref,3.538479227124123085e-03,5.180284649010027942e-02,2.297068912316790890e-01,2.901022707820592461e-01,3.102375443558754720e-01,2.912127829408955315e-01,-5.861878007567130483e-02,-1.199164818352128764e-01,-1.298808024464606914e-01,-1.193949910002571196e-01,-9.606861110090732236e-02,-8.633430683613120549e-02,-7.599272802409726135e-02,-6.400315027733900763e-02,-4.518235995298092861e-02,8.049243286926495780e-03,5.662275061528852793e-02,2.344409938287477513e-01,2.948828595305439393e-01,3.149778598978804078e-01,2.955338599713476788e-01,-5.530899836535282249e-02,-1.180207219997796014e-01,-1.285066932373360449e-01,-1.184089703559489948e-01,-9.537752782573559462e-02,-8.579993305293316663e-02,-7.564268330088527725e-02,-6.373813907357747666e-02,-4.501679994857289008e-02,-1.546500780589942226e-01,-1.256897345994195947e-01,-1.083183174154207784e-01,-1.923647672923630425e-01,-1.216265198545347370e-01,-1.551586002644822493e-01,-1.297801818315394984e-01,-1.175247045696653364e-01,-2.063753414392241747e-01,-1.284299030231788874e-01
cmx,6.000000000000000152e-05,9.749999999999999986e-03,9.428999999999999881e-02,2.008999999999999952e-01,3.341399999999999926e-01,5.232400000000000384e-01,-1.654799999999999882e-01,-4.974199999999999733e-01,-7.412499999999999645e-01,-9.093599999999999461e-01,-9.443799999999999972e-01,-1.035709999999999908e+00,-1.133829999999999893e+00,-1.216399999999999926e+00,-1.125950000000000006e+00,-3.299999999999999982e-04,-1.077999999999999965e-02,-9.625000000000000222e-02,-2.042200000000000126e-01,-3.392399999999999860e-01,-5.310200000000000475e-01,1.559800000000000075e-01,4.895200000000000107e-01,7.333899999999999864e-01,9.018000000000000460e-01,9.376100000000000545e-01,1.029290000000000038e+00,1.128549999999999942e+00,1.211449999999999916e+00,1.121739999999999959e+00,5.773999999999999966e-02,-2.784999999999999976e-02,-1.066300000000000026e-01,-3.715300000000000269e-01,-4.074900000000000189e-01,-5.782999999999999946e-02,2.912999999999999964e-02,1.119700000000000001e-01,3.966999999999999971e-01,4.291300000000000114e-01
cmx*c/cref,9.563457370605737810e-05,1.445971237556477676e-02,1.293850822833633452e-01,2.534090447415787706e-01,3.844487949527971571e-01,5.596436498549020033e-01,-1.685239007456929561e-01,-4.811167639496014004e-01,-6.790389675090914290e-01,-7.865330992175731950e-01,-7.588897946589280297e-01,-7.581592753370309801e-01,-7.488513368291516148e-01,-7.163547294567091939e-01,-5.825383967600924473e-01,-5.259901553833155321e-04,-1.598725122139367169e-02,-1.320746014399588608e-01,-2.575967900304889091e-01,-3.903166612790653911e-01,-5.679649318590896945e-01,1.588491542078389607e-01,4.734756911435183402e-01,6.718386352532783601e-01,7.799942254711089706e-01,7.534495228299600278e-01,7.534597141204127935e-01,7.453640988318699367e-01,7.134396062153324225e-01,5.803602479520991730e-01,4.893678690812915122e-02,-2.216322089777026522e-02,-7.935950382029900718e-02,-2.574356386144069364e-01,-2.615387365463027192e-01,-4.901306523895235245e-02,2.318185367152774887e-02,8.333380514638356884e-02,2.748761010909892000e-01,2.754279074679498174e-01
cmy,-2.895000000000000004e-02,-4.238000000000000100e-02,-1.050999999999999990e-01,-1.344700000000000062e-01,-1.544200000000000017e-01,-1.552000000000000046e-01,-6.579999999999999911e-03,1.549999999999999989e-02,2.650999999999999884e-02,3.200999999999999679e-02,3.404999999999999694e-02,4.127000000000000113e-02,4.970000000000000112e-02,5.815000000000000030e-02,5.802999999999999825e-02,-3.004000000000000073e-02,-4.374000000000000110e-02,-1.065799999999999942e-01,-1.361900000000000055e-01,-1.564000000000000112e-01,-1.571799999999999864e-01,-8.219999999999999876e-03,1.459000000000000054e-02,2.581999999999999920e-02,3.146000000000000185e-02,3.361000000000000099e-02,4.086000000000000049e-02,4.941000000000000253e-02,5.788000000000000089e-02,5.779000000000000109e-02,7.307099999999999707e-01,7.010300000000000420e-01,7.334800000000000209e-01,1.480750000000000011e+00,1.105890000000000040e+00,7.333899999999999864e-01,7.247900000000000453e-01,7.963000000000000078e-01,1.590810000000000057e+00,1.169059999999999988e+00
cmy*c/cref,-4.614368181317268086e-02,-6.285154979245489992e-02,-1.442186037541784427e-01,-1.696162978914887987e-01,-1.776697878632038652e-01,-1.659978106747970195e-01,-6.701034970429415455e-03,1.499197829041619238e-02,2.428509008926275220e-02,2.768642177570436111e-02,2.736207618557836771e-02,3.021041922271608046e-02,3.282494857289791623e-02,3.424533666385041336e-02,3.002327204937001170e-02,-4.788104323549939589e-02,-6.486849428791829908e-02,-1.462494651581383309e-01,-1.717858526797193253e-01,-1.799479006722256580e-01,-1.681155662491275182e-01,-8.371201741174741362e-03,1.411180408110788639e-02,2.365299985306541786e-02,2.721071006134518494e-02,2.700849869595562530e-02,2.991029148146787109e-02,3.263341466774418581e-02,3.408632994159350310e-02,2.989910204606398281e-02,6.193037679535686735e-01,5.578844792087572779e-01,5.458933589244387985e-01,1.026021645299930229e+00,7.097918313558386760e-01,6.215751671380816967e-01,5.767928500716306139e-01,5.926472183447819564e-01,1.102282960364397768e+00,7.503361440693528950e-01
cmz,4.299999999999999894e-04,5.550000000000000246e-03,1.830000000000000029e-03,-1.091999999999999915e-02,-2.768999999999999934e-02,-6.235000000000000264e-02,3.510000000000000099e-03,2.094999999999999987e-02,3.314000000000000279e-02,4.023000000000000187e-02,5.201000000000000068e-02,5.970999999999999919e-02,6.963999999999999357e-02,7.718999999999999473e-02,7.589999999999999525e-02,-4.600000000000000139e-04,-5.649999999999999641e-03,-1.779999999999999898e-03,1.119999999999999989e-02,2.824000000000000121e-02,6.340999999999999415e-02,-3.089999999999999865e-03,-2.061999999999999944e-02,-3.280000000000000276e-02,-3.991999999999999715e-02,-5.158999999999999697e-02,-5.929000000000000242e-02,-6.922999999999999987e-02,-7.677000000000000490e-02,-7.552000000000000379e-02,7.421999999999999709e-01,7.093500000000000361e-01,5.418800000000000283e-01,1.387590000000000101e+00,1.217459999999999987e+00,-7.437700000000000422e-01,-7.244099999999999984e-01,-4.832600000000000229e-01,-1.409180000000000099e+00,-1.279050000000000020e+00
cmz*c/cref,6.853811115600777883e-04,8.230913198398411706e-03,2.511132681923373793e-03,-1.377415016713807831e-02,-3.185906246556220039e-02,-6.668790912096388135e-02,3.574564247143959071e-03,2.026335130220769179e-02,3.035865279359365246e-02,3.479614957939976966e-02,4.179446644381588916e-02,4.370884739007455805e-02,4.599455570657164094e-02,4.545825515189360483e-02,3.926876354553134052e-02,-7.331983984131065519e-04,-8.379217940711896837e-03,-2.442522499357161012e-03,1.412733350475700415e-02,3.249187157917936275e-02,6.782165705469637984e-02,-3.146838610733570379e-03,-1.994416724828270218e-02,-3.004718803952539929e-02,-3.452802115857913495e-02,-4.145696065826690035e-02,-4.340139946001542182e-02,-4.572376639238878021e-02,-4.521091136171619118e-02,-3.907216104029680170e-02,6.290419681886639802e-01,5.645055922381809754e-01,4.032948319435771256e-01,9.614704540278441458e-01,7.814006483488225019e-01,-6.303726012930243039e-01,-5.764904434669213540e-01,-3.596668274988061298e-01,-9.764303103992947319e-01,-8.209308718730483623e-01
cs,1.190000000000000085e-03,9.029999999999999832e-03,1.626000000000000015e-02,1.180999999999999932e-02,7.170000000000000158e-03,-1.745999999999999983e-02,-1.420000000000000038e-03,6.309999999999999637e-03,7.250000000000000368e-03,6.669999999999999714e-03,4.606999999999999984e-02,4.601000000000000228e-02,4.528999999999999693e-02,4.367000000000000048e-02,3.531999999999999723e-02,-1.250000000000000026e-03,-9.180000000000000659e-03,-1.645999999999999894e-02,-1.192999999999999963e-02,-7.259999999999999960e-03,1.771999999999999964e-02,1.649999999999999991e-03,-6.199999999999999782e-03,-7.170000000000000158e-03,-6.620000000000000016e-03,-4.574000000000000288e-02,-4.571999999999999675e-02,-4.508000000000000201e-02,-4.347999999999999782e-02,-3.518000000000000294e-02,1.860600000000000032e-01,1.608499999999999930e-01,1.096000000000000030e-01,2.578599999999999781e-01,2.028800000000000048e-01,-1.864099999999999924e-01,-1.642299999999999871e-01,-1.020100000000000035e-01,-2.632800000000000140e-01,-2.130799999999999916e-01
cs*c/cref,1.896752378503471434e-03,1.339191823090768625e-02,2.231203137053227106e-02,1.489676863314108937e-02,8.249529717518272465e-03,-1.867475370091466538e-02,-1.446120008816074564e-03,6.103186000808140041e-03,6.641527844102412467e-03,5.769085699592255839e-03,3.702117033390882328e-02,3.368018871909781581e-02,2.991231229107739129e-02,2.571786504059067266e-02,1.827368548653711400e-02,-1.992386952209528744e-03,-1.361437534437791481e-02,-2.258647210079712045e-02,-1.504813292069205784e-02,-8.353080299746535459e-03,1.895284281673584315e-02,1.680350714469382471e-03,-5.996791316166476260e-03,-6.568242019615765787e-03,-5.725839180105057533e-03,-3.675598721669176561e-02,-3.346790324358078772e-02,-2.977361532527642018e-02,-2.560597142122469222e-02,-1.820125298460860061e-02,1.576927359218308067e-01,1.280055325460088822e-01,8.156992983873929959e-02,1.786729302428093635e-01,1.302141865334459636e-01,-1.579893738750321186e-01,-1.306953597142122281e-01,-7.592106334716966498e-02,-1.824284847371707707e-01,-1.367608382617639118e-01
cx,1.000000000000000048e-04,-1.900000000000000105e-04,1.502999999999999996e-02,2.103999999999999967e-02,2.572999999999999940e-02,2.668999999999999845e-02,-2.510000000000000078e-03,-5.049999999999999802e-03,-6.089999999999999927e-03,-5.890000000000000270e-03,-4.980000000000000052e-03,-5.020000000000000157e-03,-5.120000000000000419e-03,-4.810000000000000039e-03,-4.069999999999999833e-03,1.399999999999999877e-04,-1.399999999999999877e-04,1.537999999999999957e-02,2.146999999999999950e-02,2.622999999999999984e-02,2.716000000000000011e-02,-2.419999999999999842e-03,-4.980000000000000052e-03,-6.029999999999999770e-03,-5.839999999999999705e-03,-4.950000000000000407e-03,-4.980000000000000052e-03,-5.089999999999999906e-03,-4.789999999999999987e-03,-4.049999999999999781e-03,3.289999999999999956e-03,3.449999999999999942e-03,6.720000000000000279e-03,-1.448999999999999941e-02,-1.537999999999999957e-02,3.370000000000000166e-03,3.840000000000000097e-03,1.993999999999999939e-02,-1.408000000000000050e-02,-1.607000000000000095e-02
cx*c/cref,1.593909561767622833e-04,-2.817790103956213351e-04,2.062422087940344803e-02,2.653920508393637148e-02,2.960396089703558678e-02,2.854691731256657136e-02,-2.556169874738272764e-03,-4.884483249458178300e-03,-5.578883389046026056e-03,-5.094439995591962256e-03,-4.001854314366528470e-03,-3.674734783087829637e-03,-3.381564118576203641e-03,-2.832675311317635510e-03,-2.105716306064724010e-03,2.231473386474671749e-04,-2.076266392388788243e-04,2.110449215736693099e-02,2.708159378099400660e-02,3.017924190941482718e-02,2.904961686808947910e-02,-2.464514381221760871e-03,-4.816777541049847670e-03,-5.523919020681040612e-03,-5.051193476104763949e-03,-3.977746758255886785e-03,-3.645454027844101819e-03,-3.361750266318921064e-03,-2.820897035594900886e-03,-2.095368805789221602e-03,2.788396760092568590e-03,2.745533648018219468e-03,5.001367960915402422e-03,-1.004021856518385117e-02,-9.871323880542185597e-03,2.856199720824302828e-03,3.055898321272453120e-03,1.484036862212099843e-02,-9.756126804540278530e-03,-1.031418561510487331e-02
cy,1.190000000000000085e-03,9.029999999999999832e-03,1.626000000000000015e-02,1.180999999999999932e-02,7.170000000000000158e-03,-1.745999999999999983e-02,-1.420000000000000038e-03,6.309999999999999637e-03,7.250000000000000368e-03,6.669999999999999714e-03,4.606999999999999984e-02,4.601000000000000228e-02,4.528999999999999693e-02,4.367000000000000048e-02,3.531999999999999723e-02,-1.250000000000000026e-03,-9.180000000000000659e-03,-1.645999999999999894e-02,-1.192999999999999963e-02,-7.259999999999999960e-03,1.771999999999999964e-02,1.649999999999999991e-03,-6.199999999999999782e-03,-7.170000000000000158e-03,-6.620000000000000016e-03,-4.574000000000000288e-02,-4.571999999999999675e-02,-4.508000000000000201e-02,-4.347999999999999782e-02,-3.518000000000000294e-02,1.860600000000000032e-01,1.608499999999999930e-01,1.096000000000000030e-01,2.578599999999999781e-01,2.028800000000000048e-01,-1.864099999999999924e-01,-1.642299999999999871e-01,-1.020100000000000035e-01,-2.632800000000000140e-01,-2.130799999999999916e-01
cy*c/cref,1.896752378503471434e-03,1.339191823090768625e-02,2.231203137053227106e-02,1.489676863314108937e-02,8.249529717518272465e-03,-1.867475370091466538e-02,-1.446120008816074564e-03,6.103186000808140041e-03,6.641527844102412467e-03,5.769085699592255839e-03,3.702117033390882328e-02,3.368018871909781581e-02,2.991231229107739129e-02,2.571786504059067266e-02,1.827368548653711400e-02,-1.992386952209528744e-03,-1.361437534437791481e-02,-2.258647210079712045e-02,-1.504813292069205784e-02,-8.353080299746535459e-03,1.895284281673584315e-02,1.680350714469382471e-03,-5.996791316166476260e-03,-6.568242019615765787e-03,-5.725839180105057533e-03,-3.675598721669176561e-02,-3.346790324358078772e-02,-2.977361532527642018e-02,-2.560597142122469222e-02,-1.820125298460860061e-02,1.576927359218308067e-01,1.280055325460088822e-01,8.156992983873929959e-02,1.786729302428093635e-01,1.302141865334459636e-01,-1.579893738750321186e-01,-1.306953597142122281e-01,-7.592106334716966498e-02,-1.824284847371707707e-01,-1.367608382617639118e-01
cz,2.220000000000000185e-03,3.497999999999999721e-02,1.668399999999999883e-01,2.291999999999999871e-01,2.686600000000000099e-01,2.712399999999999811e-01,-5.750000000000000250e-02,-1.238900000000000001e-01,-1.416600000000000081e-01,-1.379299999999999971e-01,-1.194500000000000006e-01,-1.178400000000000003e-01,-1.149499999999999966e-01,-1.085699999999999998e-01,-8.723999999999999810e-02,5.049999999999999802e-03,3.824000000000000316e-02,1.702799999999999869e-01,2.329799999999999927e-01,2.727600000000000025e-01,2.752700000000000147e-01,-5.426000000000000267e-02,-1.219200000000000006e-01,-1.401600000000000068e-01,-1.367800000000000127e-01,-1.185999999999999971e-01,-1.171100000000000058e-01,-1.144199999999999939e-01,-1.081300000000000039e-01,-8.691000000000000114e-02,-1.828899999999999970e-01,-1.583400000000000085e-01,-1.460899999999999976e-01,-2.772399999999999864e-01,-1.889500000000000068e-01,-1.834899999999999864e-01,-1.635000000000000064e-01,-1.591799999999999882e-01,-2.975099999999999967e-01,-1.995399999999999952e-01
cz*c/cref,3.538479227124123085e-03,5.187699886125701071e-02,2.289384571869375051e-01,2.891057892223486969e-01,3.091099935716121738e-01,2.901111222128346379e-01,-5.855767641332696588e-02,-1.198294316386878666e-01,-1.297708737097307274e-01,-1.192998486573852851e-01,-9.598825258053851617e-02,-8.626110494802187445e-02,-7.592007723248722639e-02,-6.393836976086396395e-02,-4.513579620174116430e-02,8.049243286926495780e-03,5.671173346067662907e-02,2.336588377474929090e-01,2.938737642802041750e-01,3.138272978731219132e-01,2.944215035080630094e-01,-5.525807864673254466e-02,-1.179239995591962742e-01,-1.283967645006060809e-01,-1.183051787091797397e-01,-9.530520515740366350e-02,-8.572673116482384947e-02,-7.557003250927522842e-02,-6.367924769496380311e-02,-4.496506244719537804e-02,-1.550060436028358191e-01,-1.260080573412188099e-01,-1.087276555669837858e-01,-1.921014627337177816e-01,-1.212735141240862263e-01,-1.555145658083238180e-01,-1.301144207104286687e-01,-1.184699035741835771e-01,-2.061466822172427493e-01,-1.280704790067222210e-01
Results_Name,VSPAERO_Comp_Load
Results_Timestamp,1759253980
Results_Date,9,30,2025
Results_Time,13,39,40
AoA,-3.000000000000000000e+00,-3.000000000000000000e+00,-3.000000000000000000e+00,-3.000000000000000000e+00,-3.000000000000000000e+00,-3.000000000000000000e+00,-3.000000000000000000e+00,-3.000000000000000000e+00,-3.000000000000000000e+00
Beta,0.000000000000000000e+00,0.000000000000000000e+00,0.000000000000000000e+00,0.000000000000000000e+00,0.000000000000000000e+00,0.000000000000000000e+00,0.000000000000000000e+00,0.000000000000000000e+00,0.000000000000000000e+00
CDi,0.000000000000000000e+00,1.899999999999999996e-03,1.920000000000000049e-03,5.599999999999999509e-04,8.000000000000000383e-04,0.000000000000000000e+00,0.000000000000000000e+00,0.000000000000000000e+00,0.000000000000000000e+00
CFx,0.000000000000000000e+00,2.409999999999999816e-03,2.500000000000000052e-03,-2.000000000000000096e-04,1.000000000000000082e-05,0.000000000000000000e+00,0.000000000000000000e+00,0.000000000000000000e+00,0.000000000000000000e+00
CFy,0.000000000000000000e+00,2.089999999999999844e-03,-2.060000000000000199e-03,1.384999999999999946e-02,-1.400999999999999988e-02,0.000000000000000000e+00,0.000000000000000000e+00,0.000000000000000000e+00,0.000000000000000000e+00
CFz,0.000000000000000000e+00,9.579999999999999974e-03,1.093000000000000048e-02,-1.439999999999999961e-02,-1.512999999999999935e-02,0.000000000000000000e+00,0.000000000000000000e+00,0.000000000000000000e+00,0.000000000000000000e+00
CL,0.000000000000000000e+00,9.690000000000000696e-03,1.105000000000000079e-02,-1.439000000000000001e-02,-1.510000000000000057e-02,0.000000000000000000e+00,0.000000000000000000e+00,0.000000000000000000e+00,0.000000000000000000e+00
Cmx,0.000000000000000000e+00,-6.109999999999999980e-03,5.870000000000000218e-03,-5.999999999999999474e-04,6.400000000000000524e-04,-6.999999999999999387e-05,6.999999999999999387e-05,0.000000000000000000e+00,-0.000000000000000000e+00
Cmy,0.000000000000000000e+00,-2.604000000000000065e-02,-2.675999999999999907e-02,5.206999999999999823e-02,5.476000000000000312e-02,-1.277999999999999969e-02,-1.273000000000000000e-02,-0.000000000000000000e+00,0.000000000000000000e+00
Cmz,0.000000000000000000e+00,4.000000000000000327e-05,-3.000000000000000076e-05,3.860000000000000150e-03,-3.880000000000000202e-03,-6.000000000000000152e-05,6.000000000000000152e-05,-1.000000000000000082e-05,-1.000000000000000082e-05
Comp_ID,0,1,2,3,4,5,6,7,8
Comp_Name,NONE,main_wing,main_wing,horizontal_tail,horizontal_tail,fuselage,fuselage,fuselage,fuselage
Cs,0.000000000000000000e+00,2.089999999999999844e-03,-2.060000000000000199e-03,1.384999999999999946e-02,-1.400999999999999988e-02,0.000000000000000000e+00,0.000000000000000000e+00,0.000000000000000000e+00,0.000000000000000000e+00
Mach,1.499999999999999944e-01,1.499999999999999944e-01,1.499999999999999944e-01,1.499999999999999944e-01,1.499999999999999944e-01,1.499999999999999944e-01,1.499999999999999944e-01,1.499999999999999944e-01,1.499999999999999944e-01
Results_Name,VSPAERO_Load
Results_Timestamp,1759253980
Results_Date,9,30,2025
Results_Time,13,39,40
AnalysisMethod,0
Chord,1.735640000000000072e+00,1.614919999999999911e+00,1.494220000000000104e+00,1.373529999999999918e+00,1.252869999999999928e+00,1.164679999999999938e+00,1.108950000000000102e+00,1.053230000000000111e+00,9.975300000000000278e-01,9.418400000000000105e-01,8.750400000000000400e-01,7.971099999999999852e-01,7.191899999999999959e-01,6.412799999999999612e-01,5.633799999999999919e-01,1.735640000000000072e+00,1.614919999999999911e+00,1.494220000000000104e+00,1.373529999999999918e+00,1.252869999999999928e+00,1.164679999999999938e+00,1.108950000000000102e+00,1.053230000000000111e+00,9.975300000000000278e-01,9.418400000000000105e-01,8.750400000000000400e-01,7.971099999999999852e-01,7.191899999999999959e-01,6.412799999999999612e-01,5.633799999999999919e-01,9.229000000000000536e-01,8.665699999999999514e-01,8.104299999999999837e-01,7.545199999999999685e-01,6.988999999999999657e-01,9.229000000000000536e-01,8.665699999999999514e-01,8.104299999999999837e-01,7.545199999999999685e-01,6.988999999999999657e-01
FC_AoA_,-2.000000000000000000e+00
FC_Beta_,0.000000000000000000e+00
FC_Bref_,1.417173599999999922e+01
FC_Cref_,1.088920000000000110e+00
FC_Mach_,1.499999999999999944e-01
FC_Pitch_Rate,0.000000000000000000e+00
FC_Rho_,2.377000000000000206e-03
FC_Roll__Rate,0.000000000000000000e+00
FC_Sref_,1.619368700000000061e+01
FC_Vinf_,5.100000000000000000e+01
FC_Xcg_,1.774861999999999940e+00
FC_Yaw___Rate,0.000000000000000000e+00
FC_Ycg_,0.000000000000000000e+00
FC_Zcg_,7.545150000000000468e-01
S,3.314000000000000279e-02,8.981999999999999706e-02,1.368900000000000117e-01,1.839600000000000124e-01,2.310300000000000131e-01,2.997400000000000064e-01,4.117600000000000149e-01,5.454599999999999449e-01,6.791599999999999859e-01,8.128699999999999815e-01,9.157600000000000184e-01,9.578299999999999592e-01,9.698799999999999644e-01,9.819299999999999695e-01,9.939799999999999747e-01,3.314000000000000279e-02,8.981999999999999706e-02,1.368900000000000117e-01,1.839600000000000124e-01,2.310300000000000131e-01,2.997400000000000064e-01,4.117600000000000149e-01,5.454599999999999449e-01,6.791599999999999859e-01,8.128699999999999815e-01,9.157600000000000184e-01,9.578299999999999592e-01,9.698799999999999644e-01,9.819299999999999695e-01,9.939799999999999747e-01,1.020299999999999957e-01,3.035599999999999965e-01,5.025399999999999867e-01,7.015200000000000324e-01,9.005100000000000326e-01,1.020299999999999957e-01,3.035599999999999965e-01,5.025399999999999867e-01,7.015200000000000324e-01,9.005100000000000326e-01
V/Vref,1.004420000000000091e+00,1.003779999999999895e+00,9.995600000000000041e-01,9.994800000000000351e-01,9.993699999999999806e-01,9.983899999999999997e-01,9.987300000000000066e-01,9.986099999999999977e-01,9.992499999999999716e-01,9.996300000000000185e-01,9.992499999999999716e-01,9.992699999999999916e-01,9.993300000000000516e-01,9.993900000000000006e-01,9.992799999999999461e-01,1.004410000000000025e+00,1.003779999999999895e+00,9.996000000000000441e-01,9.995300000000000296e-01,9.994199999999999751e-01,9.984100000000000197e-01,9.987200000000000522e-01,9.985800000000000232e-01,9.992299999999999516e-01,9.996000000000000441e-01,9.991900000000000226e-01,9.992100000000000426e-01,9.992699999999999916e-01,9.993400000000000061e-01,9.992400000000000171e-01,9.856300000000000061e-01,9.957899999999999530e-01,1.013789999999999969e+00,9.941499999999999782e-01,9.960700000000000109e-01,9.857599999999999696e-01,9.951299999999999590e-01,1.010480000000000045e+00,9.941999999999999726e-01,9.969400000000000484e-01
WingId,1,1,1,1,1,1,1,1,1,1,1,1,1,1,1,2,2,2,2,2,2,2,2,2,2,2,2,2,2,2,3,3,3,3,3,4,4,4,4,4
Xavg,2.391169999999999796e+00,2.380489999999999995e+00,2.369810000000000194e+00,2.359129999999999949e+00,2.348450000000000149e+00,2.336259999999999781e+00,2.322589999999999932e+00,2.308860000000000134e+00,2.295059999999999878e+00,2.281190000000000051e+00,2.284749999999999837e+00,2.305000000000000160e+00,2.325239999999999974e+00,2.345470000000000166e+00,2.365699999999999914e+00,2.391169999999999796e+00,2.380489999999999995e+00,2.369810000000000194e+00,2.359129999999999949e+00,2.348450000000000149e+00,2.336259999999999781e+00,2.322589999999999932e+00,2.308860000000000134e+00,2.295059999999999878e+00,2.281190000000000051e+00,2.284749999999999837e+00,2.305000000000000160e+00,2.325239999999999974e+00,2.345470000000000166e+00,2.365699999999999914e+00,5.722059999999999924e+00,5.820210000000000328e+00,5.918350000000000222e+00,6.016490000000000116e+00,6.114630000000000010e+00,5.722059999999999924e+00,5.820210000000000328e+00,5.918350000000000222e+00,6.016490000000000116e+00,6.114630000000000010e+00
Yavg,1.718899999999999872e-01,5.195499999999999563e-01,8.671900000000000164e-01,1.214790000000000036e+00,1.562359999999999971e+00,2.229140000000000121e+00,3.217070000000000096e+00,4.204979999999999940e+00,5.192870000000000097e+00,6.180740000000000123e+00,6.716649999999999565e+00,6.791660000000000252e+00,6.866660000000000430e+00,6.941650000000000098e+00,7.016610000000000014e+00,-1.718899999999999872e-01,-5.195499999999999563e-01,-8.671900000000000164e-01,-1.214790000000000036e+00,-1.562359999999999971e+00,-2.229140000000000121e+00,-3.217070000000000096e+00,-4.204979999999999940e+00,-5.192870000000000097e+00,-6.180740000000000123e+00,-6.716649999999999565e+00,-6.791660000000000252e+00,-6.866660000000000430e+00,-6.941650000000000098e+00,-7.016610000000000014e+00,1.078800000000000037e-01,3.257399999999999740e-01,5.435900000000000176e-01,7.614400000000000057e-01,9.792699999999999738e-01,-1.078800000000000037e-01,-3.257399999999999740e-01,-5.435900000000000176e-01,-7.614400000000000057e-01,-9.792699999999999738e-01
Zavg,1.027309999999999945e+00,1.024350000000000094e+00,1.021379999999999955e+00,1.018420000000000103e+00,1.015449999999999964e+00,1.037979999999999903e+00,1.086500000000000021e+00,1.135019999999999918e+00,1.183540000000000036e+00,1.232069999999999999e+00,1.270329999999999959e+00,1.298289999999999944e+00,1.326240000000000085e+00,1.354190000000000005e+00,1.382130000000000081e+00,1.027309999999999945e+00,1.024350000000000094e+00,1.021379999999999955e+00,1.018420000000000103e+00,1.015449999999999964e+00,1.037979999999999903e+00,1.086500000000000021e+00,1.135019999999999918e+00,1.183540000000000036e+00,1.232069999999999999e+00,1.270329999999999959e+00,1.298289999999999944e+00,1.326240000000000085e+00,1.354190000000000005e+00,1.382130000000000081e+00,3.777900000000000147e-01,5.956799999999999873e-01,8.135799999999999699e-01,1.031470000000000109e+00,1.249349999999999961e+00,3.777900000000000147e-01,5.956799999999999873e-01,8.135799999999999699e-01,1.031470000000000109e+00,1.249349999999999961e+00
cd,-2.929999999999999879e-03,-3.880000000000000202e-03,8.439999999999999586e-03,1.230999999999999976e-02,1.542999999999999927e-02,1.620999999999999872e-02,-1.000000000000000021e-03,1.700000000000000122e-04,3.200000000000000262e-04,3.299999999999999982e-04,2.999999999999999737e-04,3.699999999999999947e-04,3.899999999999999929e-04,4.200000000000000174e-04,3.400000000000000244e-04,-2.990000000000000036e-03,-3.950000000000000386e-03,8.999999999999999320e-03,1.273000000000000000e-02,1.586999999999999869e-02,1.679999999999999896e-02,-1.049999999999999935e-03,2.100000000000000087e-04,3.600000000000000227e-04,3.600000000000000227e-04,3.200000000000000262e-04,3.800000000000000209e-04,4.000000000000000192e-04,4.299999999999999894e-04,3.499999999999999964e-04,6.939999999999999988e-03,6.409999999999999899e-03,2.449999999999999921e-03,-1.729999999999999984e-03,-4.360000000000000160e-03,7.479999999999999670e-03,4.709999999999999777e-03,-8.800000000000000313e-04,-1.449999999999999900e-03,-4.000000000000000083e-03
cd*c/cref,-4.670155015979135169e-03,-5.754224001763214198e-03,1.158139881717665243e-02,1.552745316460345595e-02,1.775317204202328525e-02,1.733778679792821742e-02,-1.018394372405686307e-03,1.644281489916614750e-04,2.931432979465892707e-04,2.854270286155089322e-04,2.410755611064173431e-04,2.708469860044814470e-04,2.575800793446717668e-04,2.473437901774234592e-04,1.759075046835396373e-04,-4.765789589685192479e-03,-5.858037321382653963e-03,1.234983286191823106e-02,1.605722817103184472e-02,1.825941933291701236e-02,1.796883517613782205e-02,-1.069314091025970644e-03,2.031171252249935693e-04,3.297862101899129363e-04,3.113749403078279162e-04,2.571472651801785391e-04,2.781671748154134014e-04,2.641846967637659230e-04,2.532329280387906625e-04,1.810812548212907872e-04,5.881906843477941252e-03,5.101121937332401927e-03,1.823415402417073511e-03,-1.198728648569224401e-03,-2.798372699555522376e-03,6.339576828417146925e-03,3.748250284685743141e-03,-6.549410425008264560e-04,-1.004714763251662044e-03,-2.567314403261947067e-03
cl,8.552999999999999492e-02,1.220200000000000035e-01,2.591700000000000115e-01,3.269099999999999784e-01,3.717099999999999849e-01,3.757099999999999884e-01,4.485000000000000098e-02,-2.375000000000000028e-02,-4.617000000000000270e-02,-5.294999999999999707e-02,-4.796000000000000263e-02,-4.909999999999999781e-02,-4.984000000000000236e-02,-4.898000000000000270e-02,-4.125000000000000194e-02,8.749999999999999445e-02,1.269299999999999873e-01,2.648599999999999843e-01,3.322599999999999998e-01,3.772900000000000142e-01,3.822999999999999732e-01,4.807999999999999774e-02,-2.631000000000000005e-02,-4.920000000000000068e-02,-5.525000000000000050e-02,-4.968999999999999806e-02,-5.052000000000000240e-02,-5.099000000000000060e-02,-4.991999999999999910e-02,-4.191999999999999893e-02,-1.227099999999999996e-01,-9.408999999999999309e-02,-1.128600000000000020e-01,-1.922699999999999965e-01,-1.324700000000000044e-01,-1.249699999999999978e-01,-7.545000000000000318e-02,-1.165000000000000063e-02,-1.816300000000000137e-01,-1.259000000000000119e-01
cl*c/cref,1.363270848179847783e-01,1.809614465709142861e-01,3.556340203137053346e-01,4.123541603607242534e-01,4.276754102229731180e-01,4.018494680968298094e-01,4.567498760239502992e-02,-2.297157963854094126e-02,-4.229508145685632881e-02,-4.579806413694301886e-02,-3.853994636887925901e-02,-3.594212706167577986e-02,-3.291741321676523030e-02,-2.884499724497667159e-02,-2.134171931822355719e-02,1.394670866546670052e-01,1.882432094185063631e-01,3.634418590897403045e-01,4.191024848473716147e-01,4.340955463211254584e-01,4.088979576093743074e-01,4.896440142526539696e-02,-2.544767411747419356e-02,-4.507078205928809894e-02,-4.778740403335414444e-02,-3.993014877125959650e-02,-3.698159387282811544e-02,-3.367694421996105664e-02,-2.939857620394518631e-02,-2.168836057745288440e-02,-1.040012663923887831e-01,-7.487746693972008316e-02,-8.399618870073098653e-02,-1.332251776071703975e-01,-8.502303475002753741e-02,-1.059167000330602793e-01,-6.004362717187671644e-02,-8.670526301289350687e-03,-1.258526499651030361e-01,-8.080622084266979310e-02
cmx,8.349999999999999784e-03,3.783999999999999864e-02,1.477499999999999925e-01,2.869999999999999774e-01,4.619599999999999818e-01,7.233000000000000540e-01,1.334799999999999875e-01,-9.532000000000000195e-02,-2.415200000000000125e-01,-3.490099999999999869e-01,-3.788300000000000001e-01,-4.309999999999999942e-01,-4.908299999999999885e-01,-5.476699999999999902e-01,-5.313200000000000145e-01,-8.529999999999999388e-03,-3.935999999999999915e-02,-1.509699999999999931e-01,-2.916900000000000048e-01,-4.688800000000000190e-01,-7.359499999999999931e-01,-1.429799999999999960e-01,1.055999999999999994e-01,2.573500000000000232e-01,3.641199999999999992e-01,3.924500000000000210e-01,4.435000000000000053e-01,5.022299999999999542e-01,5.582200000000000495e-01,5.399599999999999955e-01,3.935999999999999915e-02,-1.583000000000000032e-02,-8.260000000000000675e-02,-2.464899999999999869e-01,-2.854999999999999760e-01,-3.959000000000000019e-02,1.179999999999999973e-02,6.749999999999999924e-03,2.267599999999999894e-01,2.711500000000000021e-01
cmx*c/cref,1.330914484075965132e-02,5.611851449142268161e-02,2.027430894831576125e-01,3.620129210593981961e-01,5.315136329574255969e-01,7.736225287440766651e-01,1.359352808287110081e-01,-9.219583036403042331e-02,-2.212499041251882459e-01,-3.018693553245417327e-01,-3.044221827131469715e-01,-3.155001377511662541e-01,-3.241744367813980121e-01,-3.225304132534987933e-01,-2.748916923189949069e-01,-1.359604856187782151e-02,-5.837274657458765142e-02,-2.071615852404216918e-01,-3.679287419645152490e-01,-5.394755221687542734e-01,-7.871526338022993841e-01,-1.456100273665650313e-01,1.021388972559967717e-01,2.357513366454835890e-01,3.149384535135730245e-01,3.153670131873783089e-01,3.246503737648311350e-01,3.317037006391653220e-01,3.287434536972412835e-01,2.793618124380118917e-01,3.335905668001322433e-02,-1.259762250670388994e-02,-6.147514785291848666e-02,-1.707945806854497817e-01,-1.832420655328214631e-01,-3.355399019211696005e-02,9.390520883076809017e-03,5.023695496455202365e-03,1.571235308378944040e-01,1.740318251111192260e-01
cmy,-3.767999999999999822e-02,-5.254999999999999949e-02,-1.167799999999999949e-01,-1.492600000000000038e-01,-1.731100000000000139e-01,-1.766000000000000070e-01,-2.868000000000000063e-02,-6.660000000000000121e-03,4.810000000000000039e-03,1.209000000000000005e-02,1.362000000000000016e-02,1.709000000000000102e-02,2.145000000000000032e-02,2.608999999999999861e-02,2.751999999999999932e-02,-3.925000000000000017e-02,-5.555999999999999828e-02,-1.198300000000000060e-01,-1.518899999999999972e-01,-1.757100000000000051e-01,-1.798800000000000121e-01,-3.031000000000000014e-02,-5.000000000000000104e-03,6.479999999999999649e-03,1.332999999999999984e-02,1.459000000000000054e-02,1.793000000000000149e-02,2.216999999999999874e-02,2.674999999999999947e-02,2.804999999999999855e-02,4.825900000000000190e-01,4.166599999999999748e-01,6.180400000000000338e-01,1.024199999999999999e+00,7.717300000000000271e-01,4.951499999999999790e-01,3.309599999999999764e-01,8.434999999999999443e-02,9.707900000000000418e-01,7.334300000000000264e-01
cmy*c/cref,-6.005851228740402559e-02,-7.793414208573630486e-02,-1.602459424016456635e-01,-1.882719463321455844e-01,-1.991737921059398009e-01,-1.888866840539249747e-01,-2.920755060059508287e-02,-6.441714542849795791e-03,4.406310197259669624e-03,1.045700841200455401e-02,1.094483047423134778e-02,1.251020267788267165e-02,1.416690436395694717e-02,1.536476068030709005e-02,1.423816037909120605e-02,-6.256095029937919216e-02,-8.239811482937220433e-02,-1.644311635381846270e-01,-1.915893469676376026e-01,-2.021652533703118260e-01,-1.923948852073613935e-01,-3.086753342761635113e-02,-4.836122029166513812e-03,5.936151783418431443e-03,1.152952209528707202e-02,1.172430812180876546e-02,1.312509853800095452e-02,1.464243681813172382e-02,1.575344377915732785e-02,1.451236913639201813e-02,4.090128852440950702e-01,3.315808839951511211e-01,4.599770021672849873e-01,7.096750762223119624e-01,4.953183861073356398e-01,4.196579500789772710e-01,2.633802365646695232e-01,6.277758742607353337e-02,6.726669275979869633e-01,4.707363506961024791e-01
cmz,5.999999999999999474e-04,5.510000000000000141e-03,4.699999999999999859e-04,-1.349000000000000025e-02,-3.123000000000000081e-02,-6.870999999999999330e-02,-6.579999999999999911e-03,2.259999999999999856e-03,6.989999999999999686e-03,1.058000000000000086e-02,1.598000000000000115e-02,1.828000000000000111e-02,2.143000000000000113e-02,2.443000000000000033e-02,2.470999999999999933e-02,-6.800000000000000488e-04,-5.760000000000000363e-03,-3.699999999999999947e-04,1.388999999999999957e-02,3.189999999999999780e-02,7.048999999999999710e-02,6.949999999999999581e-03,-2.540000000000000157e-03,-7.429999999999999973e-03,-1.101000000000000069e-02,-1.668000000000000038e-02,-1.889000000000000054e-02,-2.199999999999999872e-02,-2.495999999999999955e-02,-2.515999999999999834e-02,4.933299999999999907e-01,4.450600000000000112e-01,3.615599999999999925e-01,7.971000000000000307e-01,8.488700000000000134e-01,-5.061499999999999888e-01,-3.800499999999999989e-01,1.948900000000000077e-01,-6.863899999999999446e-01,-8.033900000000000485e-01
cmz*c/cref,9.563457370605736455e-04,8.171591301473017308e-03,6.449357161223965348e-04,-1.701586865885464095e-02,-3.593205203320720686e-02,-7.349039672335890006e-02,-6.701034970429415455e-03,2.185927157183264070e-03,6.403348914520808587e-03,9.150963523491165152e-03,1.284129155493516500e-02,1.338130514638357152e-02,1.415369512911875821e-02,1.438716379532013062e-02,1.278433659038312811e-02,-1.083858502001983646e-03,-8.542353157256731000e-03,-5.077153509899717332e-04,1.752041628402453352e-02,3.670292858979538192e-02,7.539423759321160767e-02,7.077840888219519809e-03,-2.456749990816589190e-03,-6.806420949197368800e-03,-9.522883591081070589e-03,-1.340380119751680491e-02,-1.382783666385041868e-02,-1.453015832200712371e-02,-1.469928810197259315e-02,-1.301715534658193056e-02,4.181154327223303713e-01,3.541817986628953419e-01,2.690914583256804327e-01,5.523159570951033936e-01,5.448290443742422884e-01,-4.289808571795907799e-01,-3.024463950519780675e-01,1.450471133783932665e-01,-4.756042526540057436e-01,-5.156386796091539937e-01
cs,1.510000000000000057e-03,9.199999999999999845e-03,1.626000000000000015e-02,1.146999999999999929e-02,6.899999999999999883e-03,-2.297000000000000083e-02,-6.629999999999999609e-03,1.240000000000000000e-03,2.399999999999999790e-03,2.650000000000000012e-03,1.813999999999999987e-02,1.859999999999999848e-02,1.890999999999999973e-02,1.875999999999999890e-02,1.582000000000000073e-02,-1.610000000000000103e-03,-9.579999999999999974e-03,-1.670999999999999916e-02,-1.166000000000000023e-02,-7.060000000000000303e-03,2.335999999999999882e-02,6.899999999999999883e-03,-1.360000000000000098e-03,-2.550000000000000183e-03,-2.759999999999999867e-03,-1.879000000000000115e-02,-1.915000000000000036e-02,-1.934999999999999915e-02,-1.913000000000000117e-02,-1.608000000000000054e-02,1.256200000000000094e-01,1.009800000000000003e-01,6.339000000000000190e-02,1.494499999999999995e-01,1.422799999999999898e-01,-1.279399999999999982e-01,-8.638999999999999457e-02,4.166999999999999871e-02,-1.295000000000000040e-01,-1.347500000000000087e-01
cs*c/cref,2.406803438269110567e-03,1.364403629284060941e-02,2.231203137053227106e-02,1.446790315174668017e-02,7.938877970833485218e-03,-2.456810380927891557e-02,-6.751954689049700226e-03,1.199358263233295382e-03,2.198574734599419069e-03,2.292065532821511119e-03,1.457703559490136982e-02,1.361555118833339059e-02,1.248933153950703215e-02,1.104802262792491455e-02,8.184872717922344124e-03,-2.566194394445873040e-03,-1.420759431363185360e-02,-2.292952301362818218e-02,-1.470756327370238183e-02,-8.122967894794840688e-03,2.498523748301068395e-02,7.026921169599235038e-03,-1.315425191933291800e-03,-2.335985655511883113e-03,-2.387207875693347393e-03,-1.509936597729860837e-02,-1.401816157293464885e-02,-1.277993470594717546e-02,-1.126592072879550183e-02,-8.319390221503873695e-03,1.064675990890056184e-01,8.036057616721153929e-02,4.717808259559930911e-02,1.035549112882488965e-01,9.131937332402745300e-02,-1.084338849502259061e-01,-6.874975416008520523e-02,3.101294686478344928e-02,-8.973142195937258703e-02,-8.648640395988684004e-02
cx,6.000000000000000152e-05,3.800000000000000209e-04,1.747999999999999901e-02,2.370999999999999844e-02,2.838999999999999857e-02,2.931999999999999884e-02,5.599999999999999509e-04,-6.599999999999999964e-04,-1.289999999999999914e-03,-1.520000000000000084e-03,-1.369999999999999907e-03,-1.350000000000000071e-03,-1.350000000000000071e-03,-1.289999999999999914e-03,-1.100000000000000066e-03,6.999999999999999387e-05,4.899999999999999842e-04,1.823999999999999927e-02,2.432000000000000134e-02,2.902000000000000066e-02,3.013000000000000053e-02,6.300000000000000261e-04,-7.100000000000000191e-04,-1.360000000000000098e-03,-1.569999999999999998e-03,-1.420000000000000038e-03,-1.379999999999999933e-03,-1.379999999999999933e-03,-1.309999999999999967e-03,-1.110000000000000092e-03,2.660000000000000038e-03,3.129999999999999970e-03,-1.490000000000000005e-03,-8.439999999999999586e-03,-8.980000000000000135e-03,3.119999999999999944e-03,2.079999999999999818e-03,-1.280000000000000105e-03,-7.790000000000000049e-03,-8.389999999999999888e-03
cx*c/cref,9.563457370605737810e-05,5.635580207912426701e-04,2.398611982514785301e-02,2.990706048194540639e-02,3.266445588289313556e-02,3.135989567645005444e-02,5.703008485471842710e-04,-6.383681078499797582e-04,-1.181733919847187701e-03,-1.314694192410828955e-03,-1.100911729052639213e-03,-9.882254894758107054e-04,-8.916233515777100037e-04,-7.596987841163720416e-04,-5.691125151526282193e-04,1.115736693237335875e-04,7.266932373360759662e-04,2.502899460015428276e-02,3.067649561032949682e-02,3.338930995849097305e-02,3.222625022958527236e-02,6.415884546155823862e-04,-6.867293281416448963e-04,-1.245859016273004414e-03,-1.357940711898027262e-03,-1.141090989237042094e-03,-1.010186055908606460e-03,-9.114372038349923639e-04,-7.714770598391064481e-04,-5.742862652903794234e-04,2.254448444330162116e-03,2.490875454578848555e-03,-1.108934265143444748e-03,-5.848132828857949966e-03,-5.763620835323070811e-03,2.644315468537633551e-03,1.655278257355912016e-03,-9.526415163648385307e-04,-5.397743452227894874e-03,-5.384941960841933654e-03
cy,1.510000000000000057e-03,9.199999999999999845e-03,1.626000000000000015e-02,1.146999999999999929e-02,6.899999999999999883e-03,-2.297000000000000083e-02,-6.629999999999999609e-03,1.240000000000000000e-03,2.399999999999999790e-03,2.650000000000000012e-03,1.813999999999999987e-02,1.859999999999999848e-02,1.890999999999999973e-02,1.875999999999999890e-02,1.582000000000000073e-02,-1.610000000000000103e-03,-9.579999999999999974e-03,-1.670999999999999916e-02,-1.166000000000000023e-02,-7.060000000000000303e-03,2.335999999999999882e-02,6.899999999999999883e-03,-1.360000000000000098e-03,-2.550000000000000183e-03,-2.759999999999999867e-03,-1.879000000000000115e-02,-1.915000000000000036e-02,-1.934999999999999915e-02,-1.913000000000000117e-02,-1.608000000000000054e-02,1.256200000000000094e-01,1.009800000000000003e-01,6.339000000000000190e-02,1.494499999999999995e-01,1.422799999999999898e-01,-1.279399999999999982e-01,-8.638999999999999457e-02,4.166999999999999871e-02,-1.295000000000000040e-01,-1.347500000000000087e-01
cy*c/cref,2.406803438269110567e-03,1.364403629284060941e-02,2.231203137053227106e-02,1.446790315174668017e-02,7.938877970833485218e-03,-2.456810380927891557e-02,-6.751954689049700226e-03,1.199358263233295382e-03,2.198574734599419069e-03,2.292065532821511119e-03,1.457703559490136982e-02,1.361555118833339059e-02,1.248933153950703215e-02,1.104802262792491455e-02,8.184872717922344124e-03,-2.566194394445873040e-03,-1.420759431363185360e-02,-2.292952301362818218e-02,-1.470756327370238183e-02,-8.122967894794840688e-03,2.498523748301068395e-02,7.026921169599235038e-03,-1.315425191933291800e-03,-2.335985655511883113e-03,-2.387207875693347393e-03,-1.509936597729860837e-02,-1.401816157293464885e-02,-1.277993470594717546e-02,-1.126592072879550183e-02,-8.319390221503873695e-03,1.064675990890056184e-01,8.036057616721153929e-02,4.717808259559930911e-02,1.035549112882488965e-01,9.131937332402745300e-02,-1.084338849502259061e-01,-6.874975416008520523e-02,3.101294686478344928e-02,-8.973142195937258703e-02,-8.648640395988684004e-02
cz,8.558000000000000329e-02,1.220799999999999941e-01,2.587099999999999955e-01,3.262800000000000145e-01,3.709399999999999920e-01,3.749199999999999755e-01,4.485999999999999710e-02,-2.374000000000000069e-02,-4.614999999999999658e-02,-5.292999999999999788e-02,-4.794000000000000344e-02,-4.907999999999999863e-02,-4.982000000000000317e-02,-4.895999999999999658e-02,-4.123999999999999888e-02,8.755000000000000282e-02,1.269899999999999918e-01,2.643800000000000039e-01,3.316100000000000159e-01,3.765000000000000013e-01,3.814799999999999858e-01,4.809000000000000080e-02,-2.631000000000000005e-02,-4.918000000000000149e-02,-5.523000000000000131e-02,-4.966999999999999887e-02,-5.050000000000000322e-02,-5.097999999999999754e-02,-4.989999999999999991e-02,-4.191000000000000281e-02,-1.228699999999999931e-01,-9.425999999999999657e-02,-1.128699999999999981e-01,-1.920900000000000107e-01,-1.322399999999999964e-01,-1.251500000000000112e-01,-7.556999999999999829e-02,-1.161000000000000053e-02,-1.814699999999999924e-01,-1.256799999999999862e-01
cz*c/cref,1.364067802960731712e-01,1.810504294163023387e-01,3.550028066340961685e-01,4.115594978510817570e-01,4.267894774639091060e-01,4.010045050141423650e-01,4.568517154611908410e-02,-2.296190739448260645e-02,-4.227676000073466583e-02,-4.578076552914814301e-02,-3.852387466480549499e-02,-3.592748668405391921e-02,-3.290420398192704654e-02,-2.883321896925393132e-02,-2.133654556808580599e-02,1.395467821327553981e-01,1.883321922638944435e-01,3.627832013371046771e-01,4.182825949564705770e-01,4.331866023215662498e-01,4.080209073210152582e-01,4.897458536898945808e-02,-2.544767411747419356e-02,-4.505246060316643597e-02,-4.777010542555926859e-02,-3.991407706718583248e-02,-3.696695349520625479e-02,-3.367033960254196129e-02,-2.938679792822245299e-02,-2.168318682731513319e-02,-1.041368723138522412e-01,-7.501275410498474405e-02,-8.400363121257758969e-02,-1.331004543951805341e-01,-8.487541417183996906e-02,-1.060692566947066817e-01,-6.013912399441648238e-02,-8.640756253902948450e-03,-1.257417848877787070e-01,-8.066501855049036662e-02
Results_Name,VSPAERO_Comp_Load
Results_Timestamp,1759253980
Results_Date,9,30,2025
Results_Time,13,39,40
AoA,-2.000000000000000000e+00,-2.000000000000000000e+00,-2.000000000000000000e+00,-2.000000000000000000e+00,-2.000000000000000000e+00,-2.000000000000000000e+00,-2.000000000000000000e+00,-2.000000000000000000e+00,-2.000000000000000000e+00
Beta,0.000000000000000000e+00,0.000000000000000000e+00,0.000000000000000000e+00,0.000000000000000000e+00,0.000000000000000000e+00,0.000000000000000000e+00,0.000000000000000000e+00,0.000000000000000000e+00,0.000000000000000000e+00
CDi,0.000000000000000000e+00,1.949999999999999910e-03,2.030000000000000120e-03,1.800000000000000113e-04,1.200000000000000030e-04,0.000000000000000000e+00,0.000000000000000000e+00,0.000000000000000000e+00,0.000000000000000000e+00
CFx,0.000000000000000000e+00,3.939999999999999926e-03,4.049999999999999781e-03,-1.700000000000000122e-04,-1.499999999999999869e-04,0.000000000000000000e+00,0.000000000000000000e+00,0.000000000000000000e+00,0.000000000000000000e+00
CFy,0.000000000000000000e+00,4.000000000000000327e-05,-6.999999999999999387e-05,8.789999999999999203e-03,-6.599999999999999964e-03,0.000000000000000000e+00,0.000000000000000000e+00,0.000000000000000000e+00,0.000000000000000000e+00
CFz,0.000000000000000000e+00,5.691999999999999837e-02,5.782999999999999946e-02,-9.860000000000000708e-03,-7.810000000000000102e-03,0.000000000000000000e+00,0.000000000000000000e+00,0.000000000000000000e+00,0.000000000000000000e+00
CL,0.000000000000000000e+00,5.702000000000000124e-02,5.793999999999999845e-02,-9.860000000000000708e-03,-7.810000000000000102e-03,0.000000000000000000e+00,0.000000000000000000e+00,0.000000000000000000e+00,0.000000000000000000e+00
Cmx,0.000000000000000000e+00,4.309999999999999595e-03,-4.290000000000000410e-03,-4.200000000000000174e-04,3.200000000000000262e-04,-6.999999999999999387e-05,6.999999999999999387e-05,-0.000000000000000000e+00,0.000000000000000000e+00
Cmy,0.000000000000000000e+00,-3.577999999999999931e-02,-3.644000000000000017e-02,3.611999999999999933e-02,2.828999999999999918e-02,-9.790000000000000091e-03,-9.900000000000000813e-03,0.000000000000000000e+00,0.000000000000000000e+00
Cmz,0.000000000000000000e+00,-4.200000000000000174e-04,4.299999999999999894e-04,2.469999999999999973e-03,-1.820000000000000003e-03,-5.000000000000000240e-05,5.000000000000000240e-05,-1.000000000000000082e-05,1.000000000000000082e-05
Comp_ID,0,1,2,3,4,5,6,7,8
Comp_Name,NONE,main_wing,main_wing,horizontal_tail,horizontal_tail,fuselage,fuselage,fuselage,fuselage
Cs,0.000000000000000000e+00,4.000000000000000327e-05,-6.999999999999999387e-05,8.789999999999999203e-03,-6.599999999999999964e-03,0.000000000000000000e+00,0.000000000000000000e+00,0.000000000000000000e+00,0.000000000000000000e+00
Mach,1.499999999999999944e-01,1.499999999999999944e-01,1.499999999999999944e-01,1.499999999999999944e-01,1.499999999999999944e-01,1.499999999999999944e-01,1.499999999999999944e-01,1.499999999999999944e-01,1.499999999999999944e-01
Results_Name,VSPAERO_Load
Results_Timestamp,1759253980
Results_Date,9,30,2025
Results_Time,13,39,40
AnalysisMethod,0
Chord,1.735640000000000072e+00,1.614919999999999911e+00,1.494220000000000104e+00,1.373529999999999918e+00,1.252869999999999928e+00,1.164679999999999938e+00,1.108950000000000102e+00,1.053230000000000111e+00,9.975300000000000278e-01,9.418400000000000105e-01,8.750400000000000400e-01,7.971099999999999852e-01,7.191899999999999959e-01,6.412799999999999612e-01,5.633799999999999919e-01,1.735640000000000072e+00,1.614919999999999911e+00,1.494220000000000104e+00,1.373529999999999918e+00,1.252869999999999928e+00,1.164679999999999938e+00,1.108950000000000102e+00,1.053230000000000111e+00,9.975300000000000278e-01,9.418400000000000105e-01,8.750400000000000400e-01,7.971099999999999852e-01,7.191899999999999959e-01,6.412799999999999612e-01,5.633799999999999919e-01,9.229000000000000536e-01,8.665699999999999514e-01,8.104299999999999837e-01,7.545199999999999685e-01,6.988999999999999657e-01,9.229000000000000536e-01,8.665699999999999514e-01,8.104299999999999837e-01,7.545199999999999685e-01,6.988999999999999657e-01
FC_AoA_,-1.000000000000000000e+00
FC_Beta_,0.000000000000000000e+00
FC_Bref_,1.417173599999999922e+01
FC_Cref_,1.088920000000000110e+00
FC_Mach_,1.499999999999999944e-01
FC_Pitch_Rate,0.000000000000000000e+00
FC_Rho_,2.377000000000000206e-03
FC_Roll__Rate,0.000000000000000000e+00
FC_Sref_,1.619368700000000061e+01
FC_Vinf_,5.100000000000000000e+01
FC_Xcg_,1.774861999999999940e+00
FC_Yaw___Rate,0.000000000000000000e+00
FC_Ycg_,0.000000000000000000e+00
FC_Zcg_,7.545150000000000468e-01
S,3.314000000000000279e-02,8.981999999999999706e-02,1.368900000000000117e-01,1.839600000000000124e-01,2.310300000000000131e-01,2.997400000000000064e-01,4.117600000000000149e-01,5.454599999999999449e-01,6.791599999999999859e-01,8.128699999999999815e-01,9.157600000000000184e-01,9.578299999999999592e-01,9.698799999999999644e-01,9.819299999999999695e-01,9.939799999999999747e-01,3.314000000000000279e-02,8.981999999999999706e-02,1.368900000000000117e-01,1.839600000000000124e-01,2.310300000000000131e-01,2.997400000000000064e-01,4.117600000000000149e-01,5.454599999999999449e-01,6.791599999999999859e-01,8.128699999999999815e-01,9.157600000000000184e-01,9.578299999999999592e-01,9.698799999999999644e-01,9.819299999999999695e-01,9.939799999999999747e-01,1.020299999999999957e-01,3.035599999999999965e-01,5.025399999999999867e-01,7.015200000000000324e-01,9.005100000000000326e-01,1.020299999999999957e-01,3.035599999999999965e-01,5.025399999999999867e-01,7.015200000000000324e-01,9.005100000000000326e-01
V/Vref,1.004850000000000021e+00,1.004380000000000051e+00,1.000439999999999996e+00,1.000369999999999981e+00,1.000590000000000090e+00,9.994399999999999951e-01,1.000340000000000007e+00,9.998500000000000165e-01,1.000070000000000014e+00,1.000369999999999981e+00,1.000769999999999937e+00,1.000669999999999948e+00,1.000639999999999974e+00,1.000569999999999959e+00,1.000550000000000050e+00,1.004760000000000097e+00,1.004320000000000102e+00,1.000389999999999890e+00,1.000329999999999941e+00,1.000459999999999905e+00,9.993400000000000061e-01,1.000289999999999901e+00,9.997899999999999565e-01,1.000029999999999974e+00,1.000340000000000007e+00,1.000669999999999948e+00,1.000569999999999959e+00,1.000550000000000050e+00,1.000480000000000036e+00,1.000459999999999905e+00,9.884399999999999853e-01,9.982100000000000417e-01,1.020340000000000025e+00,9.942100000000000382e-01,9.980400000000000382e-01,9.876000000000000334e-01,9.972699999999999898e-01,1.016559999999999908e+00,9.939299999999999802e-01,9.979099999999999637e-01
WingId,1,1,1,1,1,1,1,1,1,1,1,1,1,1,1,2,2,2,2,2,2,2,2,2,2,2,2,2,2,2,3,3,3,3,3,4,4,4,4,4
Xavg,2.391169999999999796e+00,2.380489999999999995e+00,2.369810000000000194e+00,2.359129999999999949e+00,2.348450000000000149e+00,2.336259999999999781e+00,2.322589999999999932e+00,2.308860000000000134e+00,2.295059999999999878e+00,2.281190000000000051e+00,2.284749999999999837e+00,2.305000000000000160e+00,2.325239999999999974e+00,2.345470000000000166e+00,2.365699999999999914e+00,2.391169999999999796e+00,2.380489999999999995e+00,2.369810000000000194e+00,2.359129999999999949e+00,2.348450000000000149e+00,2.336259999999999781e+00,2.322589999999999932e+00,2.308860000000000134e+00,2.295059999999999878e+00,2.281190000000000051e+00,2.284749999999999837e+00,2.305000000000000160e+00,2.325239999999999974e+00,2.345470000000000166e+00,2.365699999999999914e+00,5.722059999999999924e+00,5.820210000000000328e+00,5.918350000000000222e+00,6.016490000000000116e+00,6.114630000000000010e+00,5.722059999999999924e+00,5.820210000000000328e+00,5.918350000000000222e+00,6.016490000000000116e+00,6.114630000000000010e+00
Yavg,1.718899999999999872e-01,5.195499999999999563e-01,8.671900000000000164e-01,1.214790000000000036e+00,1.562359999999999971e+00,2.229140000000000121e+00,3.217070000000000096e+00,4.204979999999999940e+00,5.192870000000000097e+00,6.180740000000000123e+00,6.716649999999999565e+00,6.791660000000000252e+00,6.866660000000000430e+00,6.941650000000000098e+00,7.016610000000000014e+00,-1.718899999999999872e-01,-5.195499999999999563e-01,-8.671900000000000164e-01,-1.214790000000000036e+00,-1.562359999999999971e+00,-2.229140000000000121e+00,-3.217070000000000096e+00,-4.204979999999999940e+00,-5.192870000000000097e+00,-6.180740000000000123e+00,-6.716649999999999565e+00,-6.791660000000000252e+00,-6.866660000000000430e+00,-6.941650000000000098e+00,-7.016610000000000014e+00,1.078800000000000037e-01,3.257399999999999740e-01,5.435900000000000176e-01,7.614400000000000057e-01,9.792699999999999738e-01,-1.078800000000000037e-01,-3.257399999999999740e-01,-5.435900000000000176e-01,-7.614400000000000057e-01,-9.792699999999999738e-01
Zavg,1.027309999999999945e+00,1.024350000000000094e+00,1.021379999999999955e+00,1.018420000000000103e+00,1.015449999999999964e+00,1.037979999999999903e+00,1.086500000000000021e+00,1.135019999999999918e+00,1.183540000000000036e+00,1.232069999999999999e+00,1.270329999999999959e+00,1.298289999999999944e+00,1.326240000000000085e+00,1.354190000000000005e+00,1.382130000000000081e+00,1.027309999999999945e+00,1.024350000000000094e+00,1.021379999999999955e+00,1.018420000000000103e+00,1.015449999999999964e+00,1.037979999999999903e+00,1.086500000000000021e+00,1.135019999999999918e+00,1.183540000000000036e+00,1.232069999999999999e+00,1.270329999999999959e+00,1.298289999999999944e+00,1.326240000000000085e+00,1.354190000000000005e+00,1.382130000000000081e+00,3.777900000000000147e-01,5.956799999999999873e-01,8.135799999999999699e-01,1.031470000000000109e+00,1.249349999999999961e+00,3.777900000000000147e-01,5.956799999999999873e-01,8.135799999999999699e-01,1.031470000000000109e+00,1.249349999999999961e+00
cd,-4.230000000000000253e-03,-4.490000000000000067e-03,1.112999999999999927e-02,1.573000000000000093e-02,1.933999999999999955e-02,1.992999999999999980e-02,-2.060000000000000199e-03,-6.700000000000000226e-04,-2.200000000000000078e-04,-8.000000000000000654e-05,-4.000000000000000327e-05,-9.000000000000000567e-05,-1.000000000000000048e-04,-6.999999999999999387e-05,-4.000000000000000327e-05,-4.239999999999999845e-03,-4.420000000000000318e-03,1.153999999999999991e-02,1.573000000000000093e-02,1.889000000000000054e-02,1.888000000000000095e-02,-1.940000000000000101e-03,-5.900000000000000296e-04,-1.900000000000000105e-04,-6.999999999999999387e-05,-3.000000000000000076e-05,-6.999999999999999387e-05,-8.000000000000000654e-05,-6.000000000000000152e-05,-2.000000000000000164e-05,4.740000000000000289e-03,4.060000000000000241e-03,-1.830000000000000029e-03,-2.020000000000000094e-03,-4.449999999999999963e-03,4.740000000000000289e-03,2.010000000000000068e-03,-3.200000000000000153e-03,-2.399999999999999790e-03,-3.749999999999999861e-03
cd*c/cref,-6.742237446277045583e-03,-6.658882929875472277e-03,1.527262663923887806e-02,1.984133535980604421e-02,2.225186955882892462e-02,2.131660030121588015e-02,-2.097892407155714165e-03,-6.480403519083128292e-04,-2.015360173382801066e-04,-6.919443117951731771e-05,-3.214340814752231738e-05,-6.588169929838738669e-05,-6.604617419094148075e-05,-4.122396502957057201e-05,-2.069500055100466381e-05,-6.758176541894720356e-03,-6.555069610256032513e-03,1.583523013628182138e-02,1.984133535980604421e-02,2.173411664768761312e-02,2.019354810270726844e-02,-1.975685082467031495e-03,-5.706623994416485865e-04,-1.740538331557873845e-04,-6.054512728207764284e-05,-2.410755611064173634e-05,-5.124132167652351168e-05,-5.283693935275318189e-05,-3.533482716820335518e-05,-1.034750027550233191e-05,4.017325423355251439e-03,3.230975829262021110e-03,-1.361979667927855093e-03,-1.399671601219556897e-03,-2.856137273628915878e-03,4.017325423355251439e-03,1.599571777541049710e-03,-2.381603790912096164e-03,-1.662976159864819987e-03,-2.406857253058075456e-03
cl,1.546599999999999919e-01,1.963999999999999913e-01,3.385000000000000231e-01,4.115400000000000169e-01,4.620699999999999807e-01,4.683599999999999985e-01,1.372200000000000086e-01,6.872000000000000330e-02,4.404999999999999888e-02,2.834000000000000061e-02,2.023000000000000145e-02,1.619999999999999912e-02,1.196999999999999974e-02,7.329999999999999710e-03,2.370000000000000145e-03,1.559999999999999998e-01,1.986199999999999910e-01,3.392600000000000060e-01,4.086299999999999932e-01,4.550199999999999800e-01,4.558599999999999874e-01,1.244399999999999951e-01,5.936999999999999916e-02,3.769999999999999740e-02,2.424000000000000113e-02,1.728000000000000022e-02,1.355999999999999914e-02,9.799999999999999684e-03,5.539999999999999786e-03,1.080000000000000014e-03,-1.028700000000000031e-01,-6.766999999999999404e-02,-5.523999999999999744e-02,-1.693900000000000128e-01,-1.159499999999999975e-01,-1.015400000000000053e-01,-4.415000000000000174e-02,6.822999999999999898e-02,-1.487499999999999933e-01,-1.026799999999999935e-01
cl*c/cref,2.465140528229805561e-01,2.912705139036843027e-01,4.644909359732579679e-01,5.191038241560443911e-01,5.316401947801490113e-01,5.009454549461851425e-01,1.397440757815082979e-01,6.646766116886457243e-02,4.035300710796017182e-02,2.451212724534400714e-02,1.625652867060941101e-02,1.185870587370972846e-02,7.905727050655694463e-03,4.316738052382175506e-03,1.226178782647026257e-03,2.486498916357491595e-01,2.945628791830436910e-01,4.655338107482643872e-01,5.154332401829334609e-01,5.235287325056017238e-01,4.875757859163206698e-01,1.267289957021635882e-01,5.742411297432318401e-02,3.453594478933254275e-02,2.096591264739374599e-02,1.388595231972964035e-02,9.926176027623698564e-03,6.472525070712263975e-03,3.262582375197442541e-03,5.587650148771258112e-04,-8.718613213091870595e-02,-5.385224984388200381e-02,-4.111243544062005706e-02,-1.173714715497924527e-01,-7.442002626455568315e-02,-8.605890790875363183e-02,-3.513487262608823436e-02,5.078025832935385148e-02,-1.030698765749549911e-01,-6.590296073173416980e-02
cmx,1.519999999999999997e-02,6.180999999999999689e-02,1.940199999999999980e-01,3.622299999999999964e-01,5.752300000000000191e-01,9.026399999999999979e-01,4.031899999999999928e-01,2.759300000000000086e-01,2.304100000000000037e-01,1.868299999999999961e-01,1.597300000000000109e-01,1.421300000000000063e-01,1.178000000000000019e-01,8.194999999999999507e-02,3.054000000000000117e-02,-1.532000000000000028e-02,-6.250000000000000000e-02,-1.944700000000000040e-01,-3.597600000000000242e-01,-5.665599999999999525e-01,-8.785699999999999621e-01,-3.658000000000000140e-01,-2.383500000000000063e-01,-1.972299999999999887e-01,-1.598100000000000076e-01,-1.364599999999999980e-01,-1.190100000000000047e-01,-9.643999999999999795e-02,-6.192000000000000282e-02,-1.397999999999999937e-02,3.280999999999999889e-02,-1.129999999999999928e-02,-3.697000000000000286e-02,-2.100799999999999890e-01,-2.494500000000000051e-01,-3.216999999999999721e-02,6.190000000000000190e-03,-5.718000000000000166e-02,1.757700000000000096e-01,2.207600000000000118e-01
cmx*c/cref,2.422742533886786814e-02,9.166716122396501021e-02,2.662349524299305603e-01,4.569057156632258532e-01,6.618377935018181502e-01,9.654398442493478116e-01,4.106064270102486313e-01,2.668862303015832049e-01,2.110723352496050864e-01,1.615949447158652463e-01,1.283566645850934829e-01,1.040418435697755412e-01,7.780239319692905386e-02,4.826148477390440616e-02,1.580063292069205927e-02,-2.441869448627998276e-02,-9.269046394592805882e-02,-2.668524440730264957e-01,-4.537901340778017767e-01,-6.518624207471621634e-01,-9.396952095654408366e-01,-3.725286614260000517e-01,-2.305379371303677150e-01,-1.806770395437680976e-01,-1.382245255849832710e-01,-1.096572368952723753e-01,-8.711756703890091713e-02,-6.369493038974395616e-02,-3.646554163758586320e-02,-7.232902692576128646e-03,2.780768927010248553e-02,-8.992617455827791803e-03,-2.751496629688131301e-02,-1.455658465268339086e-01,-1.601041444734231656e-01,-2.726526558424860816e-02,4.926044429342834804e-03,-4.255628273886052221e-02,1.217922165080997654e-01,1.416900819160268610e-01
cmy,-4.422999999999999848e-02,-6.069000000000000089e-02,-1.263100000000000056e-01,-1.617099999999999926e-01,-1.892699999999999938e-01,-1.957299999999999873e-01,-4.846000000000000307e-02,-2.753999999999999851e-02,-1.662999999999999895e-02,-8.030000000000000679e-03,-6.360000000000000202e-03,-6.519999999999999754e-03,-6.329999999999999689e-03,-5.239999999999999866e-03,-2.720000000000000195e-03,-4.567999999999999838e-02,-6.278999999999999859e-02,-1.276299999999999935e-01,-1.609899999999999942e-01,-1.862000000000000044e-01,-1.895699999999999885e-01,-4.204000000000000098e-02,-2.305000000000000104e-02,-1.370000000000000037e-02,-6.130000000000000032e-03,-4.989999999999999644e-03,-5.109999999999999959e-03,-5.080000000000000314e-03,-4.060000000000000241e-03,-1.709999999999999932e-03,4.013700000000000045e-01,2.971500000000000252e-01,3.307800000000000185e-01,9.022700000000000164e-01,6.733999999999999986e-01,3.983499999999999819e-01,1.880900000000000072e-01,-3.264699999999999824e-01,7.966900000000000093e-01,5.961899999999999977e-01
cmy*c/cref,-7.049861991698196106e-02,-9.000614811005398785e-02,-1.733230431987657638e-01,-2.039759911655584790e-01,-2.177668744260367606e-01,-2.093476255372294925e-01,-4.935139128677955983e-02,-2.663736013664915608e-02,-1.523429076516180820e-02,-6.945391029644050647e-03,-5.110801895456047739e-03,-4.772763104727619117e-03,-4.180722826286595133e-03,-3.085908239356425792e-03,-1.407260037468317099e-03,-7.280978878154500955e-02,-9.312054769863715997e-02,-1.751343520185137670e-01,-2.030678054402526855e-01,-2.142346490100282275e-01,-2.027590526393122927e-01,-4.281329941593505634e-02,-2.229452255445762976e-02,-1.255019744333835292e-02,-5.302023289130514128e-03,-4.009890166403408743e-03,-3.740616482386216902e-03,-3.355145648899827016e-03,-2.390989971715093421e-03,-8.847112735554491739e-04,3.401759293612018897e-01,2.364740068140910312e-01,2.461834068618447557e-01,6.251889582338463480e-01,4.322073797891488045e-01,3.376163675935789366e-01,1.496833112625353401e-01,-2.429756842559600005e-01,5.520318653344598037e-01,3.826517935201850240e-01
cmz,8.400000000000000348e-04,5.969999999999999613e-03,6.800000000000000488e-04,-1.291999999999999919e-02,-3.009999999999999828e-02,-6.715000000000000135e-02,-6.539999999999999807e-03,-3.540000000000000178e-03,-3.680000000000000111e-03,-3.190000000000000127e-03,-4.899999999999999842e-03,-4.210000000000000200e-03,-3.510000000000000099e-03,-2.589999999999999854e-03,-1.129999999999999928e-03,-8.899999999999999491e-04,-6.080000000000000335e-03,-4.099999999999999912e-04,1.328999999999999973e-02,2.986000000000000112e-02,6.439000000000000279e-02,5.700000000000000205e-03,2.919999999999999853e-03,3.089999999999999865e-03,2.680000000000000090e-03,4.020000000000000136e-03,3.399999999999999811e-03,2.850000000000000103e-03,2.010000000000000068e-03,6.700000000000000226e-04,4.081899999999999973e-01,3.240199999999999747e-01,2.300000000000000070e-04,5.692700000000000538e-01,7.315599999999999881e-01,-4.068200000000000149e-01,-2.412999999999999867e-01,7.012899999999999689e-01,-3.787099999999999911e-01,-6.453900000000000192e-01
cmz*c/cref,1.338884031884803212e-03,8.853793116115046824e-03,9.330984829004886289e-04,-1.629688829298754291e-02,-3.463191694523012898e-02,-7.182186202843182654e-02,-6.660299195533188332e-03,-3.423974396649891953e-03,-3.371147926385776369e-03,-2.759127943283252830e-03,-3.937567498071483686e-03,-3.081799489402343387e-03,-2.318220714102045901e-03,-1.525286706094111178e-03,-5.846337655658816147e-04,-1.418579509973184232e-03,-9.016928332659882722e-03,-5.626034970429415888e-04,1.676359484626969293e-02,3.435578205928809664e-02,6.886983910663775632e-02,5.804847922712411817e-03,2.824295265033243719e-03,2.830664970796752111e-03,2.318013444513830103e-03,3.230412518825992799e-03,2.488864195716856704e-03,1.882315964441832025e-03,1.183716710134812304e-03,3.466412592293280706e-04,3.459561317635822530e-01,2.578573369944531790e-01,1.711777724718069023e-04,3.944510160526025766e-01,4.695361312125774789e-01,-3.447950060610512901e-01,-1.920281939903757673e-01,5.219359132902324783e-01,-2.624107089593358255e-01,-4.142297606803070353e-01
cs,1.920000000000000049e-03,9.450000000000000067e-03,1.645999999999999894e-02,1.162999999999999971e-02,7.210000000000000263e-03,-2.742999999999999952e-02,-1.088000000000000078e-02,-3.370000000000000166e-03,-2.129999999999999949e-03,-1.440000000000000091e-03,-7.570000000000000340e-03,-6.020000000000000177e-03,-4.429999999999999910e-03,-2.739999999999999814e-03,-9.200000000000000278e-04,-1.979999999999999989e-03,-9.620000000000000079e-03,-1.638999999999999832e-02,-1.106999999999999998e-02,-6.610000000000000424e-03,2.681000000000000050e-02,1.000999999999999980e-02,2.870000000000000155e-03,1.809999999999999977e-03,1.229999999999999974e-03,6.450000000000000004e-03,5.029999999999999749e-03,3.619999999999999954e-03,2.079999999999999818e-03,4.400000000000000157e-04,1.046399999999999969e-01,7.401000000000000634e-02,-8.460000000000000506e-03,1.084999999999999992e-01,1.235900000000000054e-01,-1.037000000000000005e-01,-5.559000000000000052e-02,1.396100000000000119e-01,-7.369000000000000550e-02,-1.091300000000000048e-01
cs*c/cref,3.060306358593836099e-03,1.401479814862432310e-02,2.258647210079712045e-02,1.466972220181463928e-02,8.295552198508611766e-03,-2.933840171913455058e-02,-1.108013077177386757e-02,-3.259546247658230179e-03,-1.951235076956984570e-03,-1.245499761231311665e-03,-6.083139991918598034e-03,-4.406753664181022913e-03,-2.925845516658707405e-03,-1.613623774014619552e-03,-4.759850126731071966e-04,-3.155940932299893410e-03,-1.426691621055724626e-02,-2.249041784520442247e-02,-1.396335552657678933e-02,-7.605214983653526585e-03,2.867526613525327520e-02,1.019412766778091985e-02,2.775934044741578798e-03,1.658091779010395462e-03,1.063864379385078560e-03,5.183124563787972795e-03,3.682054971898761266e-03,2.390871505712081294e-03,1.224940675164382835e-03,2.276450060610512715e-04,8.868627263710832098e-02,5.889766530139955297e-02,-6.296365022223854649e-03,7.518038056055541263e-02,7.932359677478600934e-02,-8.788958784851044759e-02,-4.423890304154574904e-02,1.039049078903867968e-01,-5.106029717518274780e-02,-7.004275520699407287e-02
cx,-1.529999999999999893e-03,-1.059999999999999961e-03,1.703000000000000000e-02,2.290999999999999981e-02,2.740000000000000074e-02,2.809999999999999998e-02,3.299999999999999982e-04,5.299999999999999807e-04,5.500000000000000331e-04,4.200000000000000174e-04,3.099999999999999999e-04,2.000000000000000096e-04,1.100000000000000039e-04,5.000000000000000240e-05,1.000000000000000082e-05,-1.520000000000000084e-03,-9.499999999999999981e-04,1.745999999999999983e-02,2.284999999999999878e-02,2.682999999999999968e-02,2.682999999999999968e-02,2.300000000000000070e-04,4.400000000000000157e-04,4.600000000000000139e-04,3.600000000000000227e-04,2.700000000000000035e-04,1.700000000000000122e-04,1.000000000000000048e-04,4.000000000000000327e-05,-0.000000000000000000e+00,2.949999999999999931e-03,2.880000000000000181e-03,-2.789999999999999945e-03,-4.980000000000000052e-03,-6.470000000000000057e-03,2.969999999999999984e-03,1.240000000000000000e-03,-2.010000000000000068e-03,-4.989999999999999644e-03,-5.539999999999999786e-03
cx*c/cref,-2.438681629504462715e-03,-1.572030268522939863e-03,2.336862818205194189e-02,2.889796523160562125e-02,3.152539947838224610e-02,3.005501597913528417e-02,3.360701428938764725e-04,5.126289350916503774e-04,5.038400433457002666e-04,3.632707636924658841e-04,2.491114131432979411e-04,1.464037762186386280e-04,7.265079161003562341e-05,2.944568930683612819e-05,5.173750137751165954e-06,-2.422742533886787075e-03,-1.408895051978106567e-03,2.395867575212136738e-02,2.882228308783013615e-02,3.086957912426991149e-02,2.869665760570105570e-02,2.342307056533078527e-04,4.255787385666532263e-04,4.213934907982220461e-04,3.113749403078279162e-04,2.169680049957756305e-04,1.244432097858428460e-04,6.604617419094148075e-05,2.355655144546890120e-05,-0.000000000000000000e+00,2.500234176982698078e-03,2.291923740954339948e-03,-2.076460805201483639e-03,-3.450675531719501598e-03,-4.152631047276198958e-03,2.517184917165632072e-03,9.868004995775630454e-04,-1.495944881166660391e-03,-3.457604599052271303e-03,-3.555730448517796689e-03
cy,1.920000000000000049e-03,9.450000000000000067e-03,1.645999999999999894e-02,1.162999999999999971e-02,7.210000000000000263e-03,-2.742999999999999952e-02,-1.088000000000000078e-02,-3.370000000000000166e-03,-2.129999999999999949e-03,-1.440000000000000091e-03,-7.570000000000000340e-03,-6.020000000000000177e-03,-4.429999999999999910e-03,-2.739999999999999814e-03,-9.200000000000000278e-04,-1.979999999999999989e-03,-9.620000000000000079e-03,-1.638999999999999832e-02,-1.106999999999999998e-02,-6.610000000000000424e-03,2.681000000000000050e-02,1.000999999999999980e-02,2.870000000000000155e-03,1.809999999999999977e-03,1.229999999999999974e-03,6.450000000000000004e-03,5.029999999999999749e-03,3.619999999999999954e-03,2.079999999999999818e-03,4.400000000000000157e-04,1.046399999999999969e-01,7.401000000000000634e-02,-8.460000000000000506e-03,1.084999999999999992e-01,1.235900000000000054e-01,-1.037000000000000005e-01,-5.559000000000000052e-02,1.396100000000000119e-01,-7.369000000000000550e-02,-1.091300000000000048e-01
cy*c/cref,3.060306358593836099e-03,1.401479814862432310e-02,2.258647210079712045e-02,1.466972220181463928e-02,8.295552198508611766e-03,-2.933840171913455058e-02,-1.108013077177386757e-02,-3.259546247658230179e-03,-1.951235076956984570e-03,-1.245499761231311665e-03,-6.083139991918598034e-03,-4.406753664181022913e-03,-2.925845516658707405e-03,-1.613623774014619552e-03,-4.759850126731071966e-04,-3.155940932299893410e-03,-1.426691621055724626e-02,-2.249041784520442247e-02,-1.396335552657678933e-02,-7.605214983653526585e-03,2.867526613525327520e-02,1.019412766778091985e-02,2.775934044741578798e-03,1.658091779010395462e-03,1.063864379385078560e-03,5.183124563787972795e-03,3.682054971898761266e-03,2.390871505712081294e-03,1.224940675164382835e-03,2.276450060610512715e-04,8.868627263710832098e-02,5.889766530139955297e-02,-6.296365022223854649e-03,7.518038056055541263e-02,7.932359677478600934e-02,-8.788958784851044759e-02,-4.423890304154574904e-02,1.039049078903867968e-01,-5.106029717518274780e-02,-7.004275520699407287e-02
cz,1.547099999999999864e-01,1.964500000000000135e-01,3.382600000000000051e-01,4.112000000000000099e-01,4.616600000000000148e-01,4.679400000000000226e-01,1.372299999999999909e-01,6.872999999999999943e-02,4.404000000000000276e-02,2.834000000000000061e-02,2.021999999999999839e-02,1.618999999999999953e-02,1.196999999999999974e-02,7.329999999999999710e-03,2.370000000000000145e-03,1.560499999999999943e-01,1.986700000000000133e-01,3.390099999999999780e-01,4.082999999999999963e-01,4.546200000000000241e-01,4.554599999999999760e-01,1.244600000000000012e-01,5.936999999999999916e-02,3.769999999999999740e-02,2.424000000000000113e-02,1.728000000000000022e-02,1.355999999999999914e-02,9.799999999999999684e-03,5.539999999999999786e-03,1.080000000000000014e-03,-1.029400000000000037e-01,-6.772999999999999854e-02,-5.519000000000000294e-02,-1.693300000000000083e-01,-1.158600000000000046e-01,-1.016100000000000059e-01,-4.417999999999999705e-02,6.826999999999999735e-02,-1.486899999999999888e-01,-1.025999999999999968e-01
cz*c/cref,2.465937483010689213e-01,2.913446662748410687e-01,4.641616070969400987e-01,5.186749586746499663e-01,5.311684643499980929e-01,5.004962340667816756e-01,1.397542597252323104e-01,6.647733341292288989e-02,4.034384637989934380e-02,2.451212724534400714e-02,1.624849281857252900e-02,1.185138568489879640e-02,7.905727050655694463e-03,4.316738052382175506e-03,1.226178782647026257e-03,2.487295871138375525e-01,2.946370315542004570e-01,4.651907598354332873e-01,5.150169883921682512e-01,5.230685076956983481e-01,4.871479565073649765e-01,1.267493635896117243e-01,5.742411297432318401e-02,3.453594478933254275e-02,2.096591264739374599e-02,1.388595231972964035e-02,9.926176027623698564e-03,6.472525070712263975e-03,3.262582375197442541e-03,5.587650148771258112e-04,-8.724545972155897666e-02,-5.389999825515189025e-02,-4.107522288138706207e-02,-1.173298971457958362e-01,-7.436226169048229528e-02,-8.611823549939390254e-02,-3.515874683172316717e-02,5.081002837674025024e-02,-1.030283021709583607e-01,-6.585161444366893768e-02
Results_Name,VSPAERO_Comp_Load
Results_Timestamp,1759253980
Results_Date,9,30,2025
Results_Time,13,39,40
AoA,-1.000000000000000000e+00,-1.000000000000000000e+00,-1.000000000000000000e+00,-1.000000000000000000e+00,-1.000000000000000000e+00,-1.000000000000000000e+00,-1.000000000000000000e+00,-1.000000000000000000e+00,-1.000000000000000000e+00
Beta,0.000000000000000000e+00,0.000000000000000000e+00,0.000000000000000000e+00,0.000000000000000000e+00,0.000000000000000000e+00,0.000000000000000000e+00,0.000000000000000000e+00,0.000000000000000000e+00,0.000000000000000000e+00
CDi,0.000000000000000000e+00,2.249999999999999830e-03,2.190000000000000106e-03,3.000000000000000076e-05,-2.000000000000000164e-05,0.000000000000000000e+00,0.000000000000000000e+00,0.000000000000000000e+00,0.000000000000000000e+00
CFx,0.000000000000000000e+00,3.989999999999999623e-03,3.880000000000000202e-03,-1.000000000000000048e-04,-1.000000000000000048e-04,0.000000000000000000e+00,0.000000000000000000e+00,0.000000000000000000e+00,0.000000000000000000e+00
CFy,0.000000000000000000e+00,-1.740000000000000010e-03,1.580000000000000024e-03,6.060000000000000282e-03,-3.059999999999999786e-03,0.000000000000000000e+00,0.000000000000000000e+00,0.000000000000000000e+00,0.000000000000000000e+00
CFz,0.000000000000000000e+00,9.969000000000000083e-02,9.654000000000000081e-02,-7.660000000000000142e-03,-4.910000000000000302e-03,0.000000000000000000e+00,0.000000000000000000e+00,0.000000000000000000e+00,0.000000000000000000e+00
CL,0.000000000000000000e+00,9.973999999999999533e-02,9.658999999999999531e-02,-7.660000000000000142e-03,-4.910000000000000302e-03,0.000000000000000000e+00,0.000000000000000000e+00,0.000000000000000000e+00,0.000000000000000000e+00
Cmx,0.000000000000000000e+00,1.393999999999999927e-02,-1.312999999999999931e-02,-3.299999999999999982e-04,2.000000000000000096e-04,-6.999999999999999387e-05,6.999999999999999387e-05,-0.000000000000000000e+00,0.000000000000000000e+00
Cmy,0.000000000000000000e+00,-4.460999999999999688e-02,-4.327000000000000290e-02,2.809000000000000039e-02,1.747999999999999901e-02,-7.009999999999999738e-03,-7.049999999999999843e-03,0.000000000000000000e+00,1.000000000000000082e-05
Cmz,0.000000000000000000e+00,-5.599999999999999509e-04,5.299999999999999807e-04,1.690000000000000096e-03,-7.900000000000000121e-04,-4.000000000000000327e-05,5.000000000000000240e-05,-0.000000000000000000e+00,1.000000000000000082e-05
Comp_ID,0,1,2,3,4,5,6,7,8
Comp_Name,NONE,main_wing,main_wing,horizontal_tail,horizontal_tail,fuselage,fuselage,fuselage,fuselage
Cs,0.000000000000000000e+00,-1.740000000000000010e-03,1.580000000000000024e-03,6.060000000000000282e-03,-3.059999999999999786e-03,0.000000000000000000e+00,0.000000000000000000e+00,0.000000000000000000e+00,0.000000000000000000e+00
Mach,1.499999999999999944e-01,1.499999999999999944e-01,1.499999999999999944e-01,1.499999999999999944e-01,1.499999999999999944e-01,1.499999999999999944e-01,1.499999999999999944e-01,1.499999999999999944e-01,1.499999999999999944e-01
Results_Name,VSPAERO_Load
Results_Timestamp,1759253980
Results_Date,9,30,2025
Results_Time,13,39,40
AnalysisMethod,0
Chord,1.735640000000000072e+00,1.614919999999999911e+00,1.494220000000000104e+00,1.373529999999999918e+00,1.252869999999999928e+00,1.164679999999999938e+00,1.108950000000000102e+00,1.053230000000000111e+00,9.975300000000000278e-01,9.418400000000000105e-01,8.750400000000000400e-01,7.971099999999999852e-01,7.191899999999999959e-01,6.412799999999999612e-01,5.633799999999999919e-01,1.735640000000000072e+00,1.614919999999999911e+00,1.494220000000000104e+00,1.373529999999999918e+00,1.252869999999999928e+00,1.164679999999999938e+00,1.108950000000000102e+00,1.053230000000000111e+00,9.975300000000000278e-01,9.418400000000000105e-01,8.750400000000000400e-01,7.971099999999999852e-01,7.191899999999999959e-01,6.412799999999999612e-01,5.633799999999999919e-01,9.229000000000000536e-01,8.665699999999999514e-01,8.104299999999999837e-01,7.545199999999999685e-01,6.988999999999999657e-01,9.229000000000000536e-01,8.665699999999999514e-01,8.104299999999999837e-01,7.545199999999999685e-01,6.988999999999999657e-01
FC_AoA_,0.000000000000000000e+00
FC_Beta_,0.000000000000000000e+00
FC_Bref_,1.417173599999999922e+01
FC_Cref_,1.088920000000000110e+00
FC_Mach_,1.499999999999999944e-01
FC_Pitch_Rate,0.000000000000000000e+00
FC_Rho_,2.377000000000000206e-03
FC_Roll__Rate,0.000000000000000000e+00
FC_Sref_,1.619368700000000061e+01
FC_Vinf_,5.100000000000000000e+01
FC_Xcg_,1.774861999999999940e+00
FC_Yaw___Rate,0.000000000000000000e+00
FC_Ycg_,0.000000000000000000e+00
FC_Zcg_,7.545150000000000468e-01
S,3.314000000000000279e-02,8.981999999999999706e-02,1.368900000000000117e-01,1.839600000000000124e-01,2.310300000000000131e-01,2.997400000000000064e-01,4.117600000000000149e-01,5.454599999999999449e-01,6.791599999999999859e-01,8.128699999999999815e-01,9.157600000000000184e-01,9.578299999999999592e-01,9.698799999999999644e-01,9.819299999999999695e-01,9.939799999999999747e-01,3.314000000000000279e-02,8.981999999999999706e-02,1.368900000000000117e-01,1.839600000000000124e-01,2.310300000000000131e-01,2.997400000000000064e-01,4.117600000000000149e-01,5.454599999999999449e-01,6.791599999999999859e-01,8.128699999999999815e-01,9.157600000000000184e-01,9.578299999999999592e-01,9.698799999999999644e-01,9.819299999999999695e-01,9.939799999999999747e-01,1.020299999999999957e-01,3.035599999999999965e-01,5.025399999999999867e-01,7.015200000000000324e-01,9.005100000000000326e-01,1.020299999999999957e-01,3.035599999999999965e-01,5.025399999999999867e-01,7.015200000000000324e-01,9.005100000000000326e-01
V/Vref,1.005069999999999908e+00,1.004869999999999930e+00,1.001849999999999907e+00,1.001910000000000078e+00,1.002410000000000023e+00,1.002459999999999907e+00,9.998599999999999710e-01,1.000250000000000083e+00,1.000410000000000021e+00,1.000799999999999912e+00,1.002170000000000005e+00,1.002040000000000042e+00,1.001929999999999987e+00,1.001710000000000100e+00,1.001740000000000075e+00,1.005290000000000017e+00,1.004999999999999893e+00,1.001910000000000078e+00,1.001970000000000027e+00,1.002420000000000089e+00,1.002450000000000063e+00,9.998599999999999710e-01,1.000189999999999912e+00,1.000450000000000061e+00,1.000790000000000068e+00,1.002119999999999900e+00,1.001989999999999936e+00,1.001880000000000104e+00,1.001670000000000060e+00,1.001700000000000035e+00,9.775099999999999900e-01,9.861199999999999966e-01,9.871600000000000374e-01,1.012150000000000105e+00,1.000669999999999948e+00,9.772100000000000231e-01,9.860900000000000221e-01,9.872699999999999809e-01,1.013190000000000035e+00,1.000820000000000043e+00
WingId,1,1,1,1,1,1,1,1,1,1,1,1,1,1,1,2,2,2,2,2,2,2,2,2,2,2,2,2,2,2,3,3,3,3,3,4,4,4,4,4
Xavg,2.391169999999999796e+00,2.380489999999999995e+00,2.369810000000000194e+00,2.359129999999999949e+00,2.348450000000000149e+00,2.336259999999999781e+00,2.322589999999999932e+00,2.308860000000000134e+00,2.295059999999999878e+00,2.281190000000000051e+00,2.284749999999999837e+00,2.305000000000000160e+00,2.325239999999999974e+00,2.345470000000000166e+00,2.365699999999999914e+00,2.391169999999999796e+00,2.380489999999999995e+00,2.369810000000000194e+00,2.359129999999999949e+00,2.348450000000000149e+00,2.336259999999999781e+00,2.322589999999999932e+00,2.308860000000000134e+00,2.295059999999999878e+00,2.281190000000000051e+00,2.284749999999999837e+00,2.305000000000000160e+00,2.325239999999999974e+00,2.345470000000000166e+00,2.365699999999999914e+00,5.722059999999999924e+00,5.820210000000000328e+00,5.918350000000000222e+00,6.016490000000000116e+00,6.114630000000000010e+00,5.722059999999999924e+00,5.820210000000000328e+00,5.918350000000000222e+00,6.016490000000000116e+00,6.114630000000000010e+00
Yavg,1.718899999999999872e-01,5.195499999999999563e-01,8.671900000000000164e-01,1.214790000000000036e+00,1.562359999999999971e+00,2.229140000000000121e+00,3.217070000000000096e+00,4.204979999999999940e+00,5.192870000000000097e+00,6.180740000000000123e+00,6.716649999999999565e+00,6.791660000000000252e+00,6.866660000000000430e+00,6.941650000000000098e+00,7.016610000000000014e+00,-1.718899999999999872e-01,-5.195499999999999563e-01,-8.671900000000000164e-01,-1.214790000000000036e+00,-1.562359999999999971e+00,-2.229140000000000121e+00,-3.217070000000000096e+00,-4.204979999999999940e+00,-5.192870000000000097e+00,-6.180740000000000123e+00,-6.716649999999999565e+00,-6.791660000000000252e+00,-6.866660000000000430e+00,-6.941650000000000098e+00,-7.016610000000000014e+00,1.078800000000000037e-01,3.257399999999999740e-01,5.435900000000000176e-01,7.614400000000000057e-01,9.792699999999999738e-01,-1.078800000000000037e-01,-3.257399999999999740e-01,-5.435900000000000176e-01,-7.614400000000000057e-01,-9.792699999999999738e-01
Zavg,1.027309999999999945e+00,1.024350000000000094e+00,1.021379999999999955e+00,1.018420000000000103e+00,1.015449999999999964e+00,1.037979999999999903e+00,1.086500000000000021e+00,1.135019999999999918e+00,1.183540000000000036e+00,1.232069999999999999e+00,1.270329999999999959e+00,1.298289999999999944e+00,1.326240000000000085e+00,1.354190000000000005e+00,1.382130000000000081e+00,1.027309999999999945e+00,1.024350000000000094e+00,1.021379999999999955e+00,1.018420000000000103e+00,1.015449999999999964e+00,1.037979999999999903e+00,1.086500000000000021e+00,1.135019999999999918e+00,1.183540000000000036e+00,1.232069999999999999e+00,1.270329999999999959e+00,1.298289999999999944e+00,1.326240000000000085e+00,1.354190000000000005e+00,1.382130000000000081e+00,3.777900000000000147e-01,5.956799999999999873e-01,8.135799999999999699e-01,1.031470000000000109e+00,1.249349999999999961e+00,3.777900000000000147e-01,5.956799999999999873e-01,8.135799999999999699e-01,1.031470000000000109e+00,1.249349999999999961e+00
cd,-4.640000000000000027e-03,-4.420000000000000318e-03,1.456000000000000003e-02,1.985999999999999918e-02,2.375000000000000028e-02,2.484000000000000097e-02,-2.720000000000000195e-03,-1.199999999999999895e-03,-3.299999999999999982e-04,9.000000000000000567e-05,2.300000000000000070e-04,-2.500000000000000052e-04,-5.999999999999999474e-04,-6.899999999999999667e-04,-6.899999999999999667e-04,-4.629999999999999567e-03,-4.400000000000000265e-03,1.434000000000000032e-02,1.958999999999999977e-02,2.342999999999999944e-02,2.449000000000000135e-02,-2.710000000000000169e-03,-1.199999999999999895e-03,-3.400000000000000244e-04,9.000000000000000567e-05,2.200000000000000078e-04,-2.400000000000000061e-04,-5.800000000000000034e-04,-6.700000000000000226e-04,-6.700000000000000226e-04,4.499999999999999660e-03,4.219999999999999793e-03,1.910000000000000022e-03,-2.506999999999999854e-02,-1.268000000000000030e-02,4.429999999999999910e-03,4.100000000000000346e-03,1.600000000000000077e-03,-2.804999999999999855e-02,-1.306000000000000043e-02
cd*c/cref,-7.395740366601770248e-03,-6.555069610256032513e-03,1.997928516328105128e-02,2.505078958968518649e-02,2.732584808801380438e-02,2.656820629614663545e-02,-2.770032692943466893e-03,-1.160669286999963098e-03,-3.023040260074201600e-04,7.784373507695697904e-05,1.848245968482533199e-04,-1.830047202732982918e-04,-3.962770451456488303e-04,-4.063505124343385439e-04,-3.569887595048303703e-04,-7.379801270984092873e-03,-6.525408661793335313e-03,1.967740035998971626e-02,2.471021994269551048e-02,2.695766824009109344e-02,2.619385556331043155e-02,-2.759848749219410112e-03,-1.160669286999963098e-03,-3.114647540682511035e-04,7.784373507695697904e-05,1.767887448113727219e-04,-1.756845314623663645e-04,-3.830678103074605721e-04,-3.945722367116040832e-04,-3.466412592293280706e-04,3.813916541160047857e-03,3.358304925981706133e-03,1.421519762700657399e-03,-1.737117180325459947e-02,-8.138386658340372726e-03,3.754588950519780616e-03,3.262808103441942366e-03,1.190801895456048082e-03,-1.943603386842008424e-02,-8.382281526650258233e-03
cl,2.258000000000000007e-01,2.740500000000000158e-01,4.227699999999999791e-01,5.028599999999999737e-01,5.608699999999999797e-01,5.787400000000000322e-01,2.486099999999999977e-01,1.691100000000000103e-01,1.388500000000000012e-01,1.118699999999999972e-01,9.089999999999999469e-02,8.354000000000000314e-02,7.546999999999999542e-02,6.483999999999999486e-02,4.685999999999999888e-02,2.236200000000000132e-01,2.713200000000000056e-01,4.197000000000000175e-01,4.992800000000000016e-01,5.567499999999999671e-01,5.740600000000000147e-01,2.436599999999999877e-01,1.649299999999999933e-01,1.355600000000000138e-01,1.096000000000000030e-01,8.905000000000000415e-02,8.193000000000000282e-02,7.419000000000000594e-02,6.379999999999999560e-02,4.610999999999999821e-02,-1.371699999999999864e-01,-1.238599999999999979e-01,-6.424000000000000543e-02,-1.933900000000000063e-01,-1.692400000000000015e-01,-1.373199999999999976e-01,-1.243400000000000061e-01,-6.088999999999999968e-02,-1.906599999999999961e-01,-1.730200000000000071e-01
cl*c/cref,3.599047790471292529e-01,4.064291463101053492e-01,5.801265376703522714e-01,6.342920469823309926e-01,6.453157228262864642e-01,6.190049803475001777e-01,2.531830249237776442e-01,1.635673192704698298e-01,1.271967091246372361e-01,9.675976270065751728e-02,7.304589501524445805e-02,6.115285732652535333e-02,4.984504766190352848e-02,3.818516989310508786e-02,2.424419314550195839e-02,3.564300562024758645e-01,4.023804268449472366e-01,5.759138724607868465e-01,6.297763457370604279e-01,6.405754072842815283e-01,6.139993762627189433e-01,2.481419727803695074e-01,1.595243212540866096e-01,1.241828295926238751e-01,9.479637071593871589e-02,7.155926238842155729e-02,5.997430692796531376e-02,4.899965663225948342e-02,3.757269955552289264e-02,2.385616188517062156e-02,-1.162566515446497306e-01,-9.856863699812656865e-02,-4.781069610256033497e-02,-1.340012331484406460e-01,-1.086230724020129795e-01,-1.163837820960217373e-01,-9.895062428828563239e-02,-4.531745463394922652e-02,-1.321095977665944221e-01,-1.110491845130955196e-01
cmx,2.222000000000000017e-02,8.674999999999999378e-02,2.430599999999999983e-01,4.433099999999999818e-01,6.989400000000000057e-01,1.119590000000000085e+00,7.270499999999999741e-01,6.789899999999999824e-01,7.264199999999999546e-01,7.376200000000000534e-01,7.175599999999999756e-01,7.323699999999999655e-01,7.419099999999999584e-01,7.229999999999999760e-01,6.015899999999999581e-01,-2.200999999999999832e-02,-8.587999999999999801e-02,-2.413099999999999967e-01,-4.401700000000000057e-01,-6.938199999999999923e-01,-1.110559999999999992e+00,-7.125500000000000167e-01,-6.621700000000000363e-01,-7.092199999999999616e-01,-7.226700000000000346e-01,-7.029100000000000348e-01,-7.182399999999999896e-01,-7.292499999999999538e-01,-7.114000000000000323e-01,-5.919600000000000417e-01,4.259999999999999898e-02,-2.213999999999999996e-02,-5.412999999999999756e-02,-3.043399999999999994e-01,-3.625099999999999989e-01,-4.270999999999999797e-02,2.216999999999999874e-02,5.104999999999999816e-02,3.036699999999999955e-01,3.698199999999999821e-01
cmx*c/cref,3.541667046247658213e-02,1.286543639569481257e-01,3.335278194908716798e-01,5.591775192851631271e-01,8.041738215846891968e-01,1.197483819931675297e+00,7.404236284575541616e-01,6.567356993167542401e-01,6.654536077948791650e-01,6.379899540829445659e-01,5.766205987584027692e-01,5.361086679462218063e-01,4.900031709400138880e-01,4.257846673768503898e-01,3.112476345369723507e-01,-3.508194945450537894e-02,-1.273641126988208361e-01,-3.311264631010542581e-01,-5.552168204275794716e-01,-7.982829440179258773e-01,-1.187825571024501148e+00,-7.256569100576717446e-01,-6.404669848106381291e-01,-6.496971555302499812e-01,-6.250592447562722809e-01,-5.648480755243727724e-01,-5.257652411563750183e-01,-4.816417252874407029e-01,-4.189532674576644244e-01,-3.062653131543179863e-01,3.610507658964845490e-02,-1.761916375858648895e-02,-4.028631662564742533e-02,-2.108792352055247343e-01,-2.326692860816221009e-01,-3.619830566065458666e-02,1.764303796422142870e-02,3.799402297689453284e-02,2.104149876942291164e-01,2.373610531535833013e-01
cmy,-5.043999999999999873e-02,-6.926000000000000212e-02,-1.369900000000000007e-01,-1.761600000000000110e-01,-2.085400000000000031e-01,-2.249899999999999956e-01,-7.978000000000000369e-02,-5.222000000000000253e-02,-4.062999999999999945e-02,-2.974999999999999867e-02,-2.830999999999999836e-02,-3.234000000000000069e-02,-3.661999999999999977e-02,-3.905999999999999750e-02,-3.536000000000000254e-02,-4.963999999999999663e-02,-6.816999999999999449e-02,-1.357599999999999918e-01,-1.746499999999999997e-01,-2.066800000000000026e-01,-2.228100000000000080e-01,-7.734000000000000596e-02,-5.022000000000000075e-02,-3.907000000000000056e-02,-2.866000000000000145e-02,-2.731000000000000094e-02,-3.139000000000000123e-02,-3.581000000000000155e-02,-3.831999999999999990e-02,-3.472999999999999698e-02,5.500800000000000134e-01,5.508300000000000418e-01,2.959800000000000209e-01,9.837900000000000533e-01,9.863899999999999890e-01,5.504599999999999493e-01,5.525799999999999601e-01,2.782200000000000228e-01,9.629499999999999726e-01,1.007360000000000033e+00
cmy*c/cref,-8.039679829555890223e-02,-1.027158645263196446e-01,-1.879781781949087238e-01,-2.222027741248208954e-01,-2.399382046431325910e-01,-2.406433468023362054e-01,-8.124750303052566403e-02,-5.050845847261507121e-02,-3.722003811115600497e-02,-2.573167909488300112e-02,-2.274949711640891770e-02,-2.367349061455386802e-02,-2.418610898872276815e-02,-2.300297248650038165e-02,-1.829438048708812228e-02,-7.912167064614479550e-02,-1.010993428351026485e-01,-1.862903677037798800e-01,-2.202981068398045250e-01,-2.377981592770818386e-01,-2.383116765235278600e-01,-7.876262076185579220e-02,-4.857400966094846395e-02,-3.579096453366638342e-02,-2.478890497006207977e-02,-2.194591191272085920e-02,-2.297807267751533419e-02,-2.365113497777614204e-02,-2.256717628475920709e-02,-1.796843422840979643e-02,4.662131579914043367e-01,4.383542896631524854e-01,2.202834656356757181e-01,6.816747151305880825e-01,6.330933135583879379e-01,4.665352220548800166e-01,4.397469516585239546e-01,2.070655645961135827e-01,6.672345388090952234e-01,6.465524593174887258e-01
cmz,1.199999999999999895e-03,7.119999999999999593e-03,2.259999999999999856e-03,-1.016000000000000063e-02,-2.545000000000000040e-02,-6.590999999999999637e-02,-2.830000000000000050e-03,2.190000000000000106e-03,-2.599999999999999772e-04,-2.269999999999999882e-03,-1.277000000000000010e-02,-9.990000000000000616e-03,-7.479999999999999670e-03,-6.089999999999999927e-03,-3.500000000000000073e-03,-1.180000000000000059e-03,-7.029999999999999791e-03,-2.249999999999999830e-03,1.001999999999999939e-02,2.513999999999999915e-02,6.507999999999999896e-02,2.690000000000000117e-03,-2.279999999999999909e-03,1.399999999999999877e-04,2.160000000000000028e-03,1.229000000000000058e-02,9.620000000000000079e-03,7.309999999999999658e-03,6.020000000000000177e-03,3.500000000000000073e-03,5.534799999999999720e-01,5.495700000000000029e-01,7.806199999999999806e-01,1.631999999999999895e+00,1.063369999999999926e+00,-5.541899999999999604e-01,-5.516499999999999737e-01,-7.900300000000000100e-01,-1.647119999999999918e+00,-1.079949999999999966e+00
cmz*c/cref,1.912691474121147291e-03,1.055929765272012322e-02,3.101180251992800146e-03,-1.281550967931528381e-02,-2.928180353010321688e-02,-7.049559086066926883e-02,-2.882056073908092347e-03,2.118221448774933006e-03,-2.381789295816037451e-04,-1.963391984718803555e-03,-1.026178305109649858e-02,-7.312868622120999827e-03,-4.940253829482422337e-03,-3.586484957572640131e-03,-1.810812548212907764e-03,-1.880813282885795143e-03,-1.042582338463798712e-02,-3.087458215479557764e-03,1.263891801050581916e-02,2.892512930242808686e-02,6.960784483708627735e-02,2.739480861771296117e-03,-2.205271645299930212e-03,1.282501928516327754e-04,1.868249641846967497e-03,9.876062153326231607e-03,7.042021636116517838e-03,4.827975333357821357e-03,3.545260992543069600e-03,1.810812548212907764e-03,4.690947838225029698e-01,4.373515730264849188e-01,5.809773597693126401e-01,1.130823788708077648e+00,6.825012792491641500e-01,-4.696965350989971144e-01,-4.390068512838408155e-01,-5.879807634169635921e-01,-1.141300538515225949e+00,-6.931427974506848555e-01
cs,2.550000000000000183e-03,1.014999999999999930e-02,1.734000000000000125e-02,1.251000000000000029e-02,8.290000000000000493e-03,-3.667999999999999733e-02,-2.018000000000000002e-02,-8.410000000000000808e-03,-6.859999999999999779e-03,-5.890000000000000270e-03,-3.325000000000000178e-02,-2.994000000000000133e-02,-2.657999999999999946e-02,-2.244000000000000161e-02,-1.606000000000000136e-02,-2.500000000000000052e-03,-1.001999999999999939e-02,-1.714999999999999858e-02,-1.234999999999999987e-02,-8.160000000000000586e-03,3.640000000000000180e-02,1.985999999999999918e-02,8.170000000000000179e-03,6.680000000000000174e-03,5.769999999999999955e-03,3.253999999999999948e-02,2.932999999999999843e-02,2.612000000000000086e-02,2.207999999999999893e-02,1.580000000000000154e-02,1.380300000000000138e-01,1.240499999999999936e-01,1.568299999999999972e-01,3.044799999999999729e-01,1.783500000000000085e-01,-1.382599999999999940e-01,-1.246000000000000024e-01,-1.589599999999999902e-01,-3.079600000000000115e-01,-1.812999999999999889e-01
cs*c/cref,4.064469382507438291e-03,1.505293134481871554e-02,2.379401131396246052e-02,1.577972697718840397e-02,9.538159185247765959e-03,-3.923195680123424400e-02,-2.055119843514674818e-02,-8.134357253058076276e-03,-6.284259449730007080e-03,-5.094439995591962256e-03,-2.671920802262792508e-02,-2.191664529993020416e-02,-1.755507309995224530e-02,-1.321522536090805403e-02,-8.309042721228371287e-03,-3.984773904419057489e-03,-1.486013517981118505e-02,-2.353329262021084875e-02,-1.557790792712044660e-02,-9.388586122029165398e-03,3.893247621496528227e-02,2.022531223597692773e-02,7.902223395658082572e-03,6.119366344635050747e-03,4.990648348822686320e-03,2.614866252800940316e-02,2.147011378246335353e-02,1.725126069867391476e-02,1.300321639789883341e-02,8.174525217646841715e-03,1.169855333725158958e-01,9.871984030048119862e-02,1.167209132902325142e-01,2.109762421481834738e-01,1.144701309554420759e-01,-1.171804668846196107e-01,-9.915753407045511947e-02,-1.183061683135583630e-01,-2.133875575799875079e-01,-1.163635253278477444e-01
cx,-4.640000000000000027e-03,-4.420000000000000318e-03,1.456000000000000003e-02,1.985999999999999918e-02,2.375000000000000028e-02,2.484000000000000097e-02,-2.720000000000000195e-03,-1.199999999999999895e-03,-3.299999999999999982e-04,9.000000000000000567e-05,2.300000000000000070e-04,-2.500000000000000052e-04,-5.999999999999999474e-04,-6.899999999999999667e-04,-6.899999999999999667e-04,-4.629999999999999567e-03,-4.400000000000000265e-03,1.434000000000000032e-02,1.958999999999999977e-02,2.342999999999999944e-02,2.449000000000000135e-02,-2.710000000000000169e-03,-1.199999999999999895e-03,-3.400000000000000244e-04,9.000000000000000567e-05,2.200000000000000078e-04,-2.400000000000000061e-04,-5.800000000000000034e-04,-6.700000000000000226e-04,-6.700000000000000226e-04,4.499999999999999660e-03,4.219999999999999793e-03,1.910000000000000022e-03,-2.506999999999999854e-02,-1.268000000000000030e-02,4.429999999999999910e-03,4.100000000000000346e-03,1.600000000000000077e-03,-2.804999999999999855e-02,-1.306000000000000043e-02
cx*c/cref,-7.395740366601770248e-03,-6.555069610256032513e-03,1.997928516328105128e-02,2.505078958968518649e-02,2.732584808801380438e-02,2.656820629614663545e-02,-2.770032692943466893e-03,-1.160669286999963098e-03,-3.023040260074201600e-04,7.784373507695697904e-05,1.848245968482533199e-04,-1.830047202732982918e-04,-3.962770451456488303e-04,-4.063505124343385439e-04,-3.569887595048303703e-04,-7.379801270984092873e-03,-6.525408661793335313e-03,1.967740035998971626e-02,2.471021994269551048e-02,2.695766824009109344e-02,2.619385556331043155e-02,-2.759848749219410112e-03,-1.160669286999963098e-03,-3.114647540682511035e-04,7.784373507695697904e-05,1.767887448113727219e-04,-1.756845314623663645e-04,-3.830678103074605721e-04,-3.945722367116040832e-04,-3.466412592293280706e-04,3.813916541160047857e-03,3.358304925981706133e-03,1.421519762700657399e-03,-1.737117180325459947e-02,-8.138386658340372726e-03,3.754588950519780616e-03,3.262808103441942366e-03,1.190801895456048082e-03,-1.943603386842008424e-02,-8.382281526650258233e-03
cy,2.550000000000000183e-03,1.014999999999999930e-02,1.734000000000000125e-02,1.251000000000000029e-02,8.290000000000000493e-03,-3.667999999999999733e-02,-2.018000000000000002e-02,-8.410000000000000808e-03,-6.859999999999999779e-03,-5.890000000000000270e-03,-3.325000000000000178e-02,-2.994000000000000133e-02,-2.657999999999999946e-02,-2.244000000000000161e-02,-1.606000000000000136e-02,-2.500000000000000052e-03,-1.001999999999999939e-02,-1.714999999999999858e-02,-1.234999999999999987e-02,-8.160000000000000586e-03,3.640000000000000180e-02,1.985999999999999918e-02,8.170000000000000179e-03,6.680000000000000174e-03,5.769999999999999955e-03,3.253999999999999948e-02,2.932999999999999843e-02,2.612000000000000086e-02,2.207999999999999893e-02,1.580000000000000154e-02,1.380300000000000138e-01,1.240499999999999936e-01,1.568299999999999972e-01,3.044799999999999729e-01,1.783500000000000085e-01,-1.382599999999999940e-01,-1.246000000000000024e-01,-1.589599999999999902e-01,-3.079600000000000115e-01,-1.812999999999999889e-01
cy*c/cref,4.064469382507438291e-03,1.505293134481871554e-02,2.379401131396246052e-02,1.577972697718840397e-02,9.538159185247765959e-03,-3.923195680123424400e-02,-2.055119843514674818e-02,-8.134357253058076276e-03,-6.284259449730007080e-03,-5.094439995591962256e-03,-2.671920802262792508e-02,-2.191664529993020416e-02,-1.755507309995224530e-02,-1.321522536090805403e-02,-8.309042721228371287e-03,-3.984773904419057489e-03,-1.486013517981118505e-02,-2.353329262021084875e-02,-1.557790792712044660e-02,-9.388586122029165398e-03,3.893247621496528227e-02,2.022531223597692773e-02,7.902223395658082572e-03,6.119366344635050747e-03,4.990648348822686320e-03,2.614866252800940316e-02,2.147011378246335353e-02,1.725126069867391476e-02,1.300321639789883341e-02,8.174525217646841715e-03,1.169855333725158958e-01,9.871984030048119862e-02,1.167209132902325142e-01,2.109762421481834738e-01,1.144701309554420759e-01,-1.171804668846196107e-01,-9.915753407045511947e-02,-1.183061683135583630e-01,-2.133875575799875079e-01,-1.163635253278477444e-01
cz,2.258000000000000007e-01,2.740500000000000158e-01,4.227699999999999791e-01,5.028599999999999737e-01,5.608699999999999797e-01,5.787400000000000322e-01,2.486099999999999977e-01,1.691100000000000103e-01,1.388500000000000012e-01,1.118699999999999972e-01,9.089999999999999469e-02,8.354000000000000314e-02,7.546999999999999542e-02,6.483999999999999486e-02,4.685999999999999888e-02,2.236200000000000132e-01,2.713200000000000056e-01,4.197000000000000175e-01,4.992800000000000016e-01,5.567499999999999671e-01,5.740600000000000147e-01,2.436599999999999877e-01,1.649299999999999933e-01,1.355600000000000138e-01,1.096000000000000030e-01,8.905000000000000415e-02,8.193000000000000282e-02,7.419000000000000594e-02,6.379999999999999560e-02,4.610999999999999821e-02,-1.371699999999999864e-01,-1.238599999999999979e-01,-6.424000000000000543e-02,-1.933900000000000063e-01,-1.692400000000000015e-01,-1.373199999999999976e-01,-1.243400000000000061e-01,-6.088999999999999968e-02,-1.906599999999999961e-01,-1.730200000000000071e-01
cz*c/cref,3.599047790471292529e-01,4.064291463101053492e-01,5.801265376703522714e-01,6.342920469823309926e-01,6.453157228262864642e-01,6.190049803475001777e-01,2.531830249237776442e-01,1.635673192704698298e-01,1.271967091246372361e-01,9.675976270065751728e-02,7.304589501524445805e-02,6.115285732652535333e-02,4.984504766190352848e-02,3.818516989310508786e-02,2.424419314550195839e-02,3.564300562024758645e-01,4.023804268449472366e-01,5.759138724607868465e-01,6.297763457370604279e-01,6.405754072842815283e-01,6.139993762627189433e-01,2.481419727803695074e-01,1.595243212540866096e-01,1.241828295926238751e-01,9.479637071593871589e-02,7.155926238842155729e-02,5.997430692796531376e-02,4.899965663225948342e-02,3.757269955552289264e-02,2.385616188517062156e-02,-1.162566515446497306e-01,-9.856863699812656865e-02,-4.781069610256033497e-02,-1.340012331484406460e-01,-1.086230724020129795e-01,-1.163837820960217373e-01,-9.895062428828563239e-02,-4.531745463394922652e-02,-1.321095977665944221e-01,-1.110491845130955196e-01
Results_Name,VSPAERO_Comp_Load
Results_Timestamp,1759253980
Results_Date,9,30,2025
Results_Time,13,39,40
AoA,0.000000000000000000e+00,0.000000000000000000e+00,0.000000000000000000e+00,0.000000000000000000e+00,0.000000000000000000e+00,0.000000000000000000e+00,0.000000000000000000e+00,0.000000000000000000e+00,0.000000000000000000e+00
Beta,0.000000000000000000e+00,0.000000000000000000e+00,0.000000000000000000e+00,0.000000000000000000e+00,0.000000000000000000e+00,0.000000000000000000e+00,0.000000000000000000e+00,0.000000000000000000e+00,0.000000000000000000e+00
CDi,0.000000000000000000e+00,2.860000000000000129e-03,2.809999999999999998e-03,-3.499999999999999964e-04,-4.099999999999999912e-04,0.000000000000000000e+00,0.000000000000000000e+00,0.000000000000000000e+00,0.000000000000000000e+00
CFx,0.000000000000000000e+00,2.860000000000000129e-03,2.809999999999999998e-03,-3.499999999999999964e-04,-4.099999999999999912e-04,0.000000000000000000e+00,0.000000000000000000e+00,0.000000000000000000e+00,0.000000000000000000e+00
CFy,0.000000000000000000e+00,-4.159999999999999636e-03,4.089999999999999886e-03,1.349000000000000025e-02,-1.362000000000000016e-02,0.000000000000000000e+00,0.000000000000000000e+00,0.000000000000000000e+00,0.000000000000000000e+00
CFz,0.000000000000000000e+00,1.467400000000000093e-01,1.449499999999999955e-01,-1.034999999999999983e-02,-1.031999999999999931e-02,0.000000000000000000e+00,0.000000000000000000e+00,0.000000000000000000e+00,0.000000000000000000e+00
CL,0.000000000000000000e+00,1.467400000000000093e-01,1.449499999999999955e-01,-1.034999999999999983e-02,-1.031999999999999931e-02,0.000000000000000000e+00,0.000000000000000000e+00,0.000000000000000000e+00,0.000000000000000000e+00
Cmx,0.000000000000000000e+00,2.445999999999999910e-02,-2.408000000000000071e-02,-4.899999999999999842e-04,4.899999999999999842e-04,-8.000000000000000654e-05,8.000000000000000654e-05,-0.000000000000000000e+00,0.000000000000000000e+00
Cmy,0.000000000000000000e+00,-5.571000000000000257e-02,-5.482999999999999680e-02,3.660999999999999671e-02,3.640999999999999792e-02,-3.810000000000000019e-03,-3.889999999999999795e-03,-0.000000000000000000e+00,0.000000000000000000e+00
Cmz,0.000000000000000000e+00,-4.600000000000000139e-04,4.499999999999999877e-04,3.779999999999999940e-03,-3.810000000000000019e-03,-3.000000000000000076e-05,3.000000000000000076e-05,0.000000000000000000e+00,1.000000000000000082e-05
Comp_ID,0,1,2,3,4,5,6,7,8
Comp_Name,NONE,main_wing,main_wing,horizontal_tail,horizontal_tail,fuselage,fuselage,fuselage,fuselage
Cs,0.000000000000000000e+00,-4.159999999999999636e-03,4.089999999999999886e-03,1.349000000000000025e-02,-1.362000000000000016e-02,0.000000000000000000e+00,0.000000000000000000e+00,0.000000000000000000e+00,0.000000000000000000e+00
Mach,1.499999999999999944e-01,1.499999999999999944e-01,1.499999999999999944e-01,1.499999999999999944e-01,1.499999999999999944e-01,1.499999999999999944e-01,1.499999999999999944e-01,1.499999999999999944e-01,1.499999999999999944e-01
Results_Name,VSPAERO_Load
Results_Timestamp,1759253980
Results_Date,9,30,2025
Results_Time,13,39,40
AnalysisMethod,0
Chord,1.735640000000000072e+00,1.614919999999999911e+00,1.494220000000000104e+00,1.373529999999999918e+00,1.252869999999999928e+00,1.164679999999999938e+00,1.108950000000000102e+00,1.053230000000000111e+00,9.975300000000000278e-01,9.418400000000000105e-01,8.750400000000000400e-01,7.971099999999999852e-01,7.191899999999999959e-01,6.412799999999999612e-01,5.633799999999999919e-01,1.735640000000000072e+00,1.614919999999999911e+00,1.494220000000000104e+00,1.373529999999999918e+00,1.252869999999999928e+00,1.164679999999999938e+00,1.108950000000000102e+00,1.053230000000000111e+00,9.975300000000000278e-01,9.418400000000000105e-01,8.750400000000000400e-01,7.971099999999999852e-01,7.191899999999999959e-01,6.412799999999999612e-01,5.633799999999999919e-01,9.229000000000000536e-01,8.665699999999999514e-01,8.104299999999999837e-01,7.545199999999999685e-01,6.988999999999999657e-01,9.229000000000000536e-01,8.665699999999999514e-01,8.104299999999999837e-01,7.545199999999999685e-01,6.988999999999999657e-01
FC_AoA_,1.000000000000000000e+00
FC_Beta_,0.000000000000000000e+00
FC_Bref_,1.417173599999999922e+01
FC_Cref_,1.088920000000000110e+00
FC_Mach_,1.499999999999999944e-01
FC_Pitch_Rate,0.000000000000000000e+00
FC_Rho_,2.377000000000000206e-03
FC_Roll__Rate,0.000000000000000000e+00
FC_Sref_,1.619368700000000061e+01
FC_Vinf_,5.100000000000000000e+01
FC_Xcg_,1.774861999999999940e+00
FC_Yaw___Rate,0.000000000000000000e+00
FC_Ycg_,0.000000000000000000e+00
FC_Zcg_,7.545150000000000468e-01
S,3.314000000000000279e-02,8.981999999999999706e-02,1.368900000000000117e-01,1.839600000000000124e-01,2.310300000000000131e-01,2.997400000000000064e-01,4.117600000000000149e-01,5.454599999999999449e-01,6.791599999999999859e-01,8.128699999999999815e-01,9.157600000000000184e-01,9.578299999999999592e-01,9.698799999999999644e-01,9.819299999999999695e-01,9.939799999999999747e-01,3.314000000000000279e-02,8.981999999999999706e-02,1.368900000000000117e-01,1.839600000000000124e-01,2.310300000000000131e-01,2.997400000000000064e-01,4.117600000000000149e-01,5.454599999999999449e-01,6.791599999999999859e-01,8.128699999999999815e-01,9.157600000000000184e-01,9.578299999999999592e-01,9.698799999999999644e-01,9.819299999999999695e-01,9.939799999999999747e-01,1.020299999999999957e-01,3.035599999999999965e-01,5.025399999999999867e-01,7.015200000000000324e-01,9.005100000000000326e-01,1.020299999999999957e-01,3.035599999999999965e-01,5.025399999999999867e-01,7.015200000000000324e-01,9.005100000000000326e-01
V/Vref,1.005600000000000049e+00,1.005430000000000046e+00,1.002110000000000056e+00,1.002439999999999998e+00,1.003049999999999997e+00,1.002010000000000067e+00,1.002110000000000056e+00,1.000830000000000108e+00,1.000820000000000043e+00,1.001039999999999930e+00,1.003509999999999902e+00,1.003370000000000095e+00,1.003279999999999950e+00,1.003030000000000088e+00,1.003330000000000055e+00,1.005810000000000093e+00,1.005549999999999944e+00,1.002159999999999940e+00,1.002499999999999947e+00,1.003060000000000063e+00,1.002010000000000067e+00,1.002119999999999900e+00,1.000830000000000108e+00,1.000799999999999912e+00,1.001020000000000021e+00,1.003440000000000110e+00,1.003300000000000081e+00,1.003209999999999935e+00,1.002960000000000074e+00,1.003270000000000106e+00,9.787500000000000089e-01,9.867599999999999705e-01,9.874000000000000554e-01,1.010699999999999932e+00,1.000450000000000061e+00,9.787400000000000544e-01,9.868599999999999595e-01,9.875399999999999734e-01,1.011980000000000102e+00,1.000750000000000028e+00
WingId,1,1,1,1,1,1,1,1,1,1,1,1,1,1,1,2,2,2,2,2,2,2,2,2,2,2,2,2,2,2,3,3,3,3,3,4,4,4,4,4
Xavg,2.391169999999999796e+00,2.380489999999999995e+00,2.369810000000000194e+00,2.359129999999999949e+00,2.348450000000000149e+00,2.336259999999999781e+00,2.322589999999999932e+00,2.308860000000000134e+00,2.295059999999999878e+00,2.281190000000000051e+00,2.284749999999999837e+00,2.305000000000000160e+00,2.325239999999999974e+00,2.345470000000000166e+00,2.365699999999999914e+00,2.391169999999999796e+00,2.380489999999999995e+00,2.369810000000000194e+00,2.359129999999999949e+00,2.348450000000000149e+00,2.336259999999999781e+00,2.322589999999999932e+00,2.308860000000000134e+00,2.295059999999999878e+00,2.281190000000000051e+00,2.284749999999999837e+00,2.305000000000000160e+00,2.325239999999999974e+00,2.345470000000000166e+00,2.365699999999999914e+00,5.722059999999999924e+00,5.820210000000000328e+00,5.918350000000000222e+00,6.016490000000000116e+00,6.114630000000000010e+00,5.722059999999999924e+00,5.820210000000000328e+00,5.918350000000000222e+00,6.016490000000000116e+00,6.114630000000000010e+00
Yavg,1.718899999999999872e-01,5.195499999999999563e-01,8.671900000000000164e-01,1.214790000000000036e+00,1.562359999999999971e+00,2.229140000000000121e+00,3.217070000000000096e+00,4.204979999999999940e+00,5.192870000000000097e+00,6.180740000000000123e+00,6.716649999999999565e+00,6.791660000000000252e+00,6.866660000000000430e+00,6.941650000000000098e+00,7.016610000000000014e+00,-1.718899999999999872e-01,-5.195499999999999563e-01,-8.671900000000000164e-01,-1.214790000000000036e+00,-1.562359999999999971e+00,-2.229140000000000121e+00,-3.217070000000000096e+00,-4.204979999999999940e+00,-5.192870000000000097e+00,-6.180740000000000123e+00,-6.716649999999999565e+00,-6.791660000000000252e+00,-6.866660000000000430e+00,-6.941650000000000098e+00,-7.016610000000000014e+00,1.078800000000000037e-01,3.257399999999999740e-01,5.435900000000000176e-01,7.614400000000000057e-01,9.792699999999999738e-01,-1.078800000000000037e-01,-3.257399999999999740e-01,-5.435900000000000176e-01,-7.614400000000000057e-01,-9.792699999999999738e-01
Zavg,1.027309999999999945e+00,1.024350000000000094e+00,1.021379999999999955e+00,1.018420000000000103e+00,1.015449999999999964e+00,1.037979999999999903e+00,1.086500000000000021e+00,1.135019999999999918e+00,1.183540000000000036e+00,1.232069999999999999e+00,1.270329999999999959e+00,1.298289999999999944e+00,1.326240000000000085e+00,1.354190000000000005e+00,1.382130000000000081e+00,1.027309999999999945e+00,1.024350000000000094e+00,1.021379999999999955e+00,1.018420000000000103e+00,1.015449999999999964e+00,1.037979999999999903e+00,1.086500000000000021e+00,1.135019999999999918e+00,1.183540000000000036e+00,1.232069999999999999e+00,1.270329999999999959e+00,1.298289999999999944e+00,1.326240000000000085e+00,1.354190000000000005e+00,1.382130000000000081e+00,3.777900000000000147e-01,5.956799999999999873e-01,8.135799999999999699e-01,1.031470000000000109e+00,1.249349999999999961e+00,3.777900000000000147e-01,5.956799999999999873e-01,8.135799999999999699e-01,1.031470000000000109e+00,1.249349999999999961e+00
cd,-3.899999999999999821e-03,-3.550000000000000204e-03,1.858999999999999889e-02,2.428999999999999909e-02,2.830999999999999836e-02,2.886000000000000024e-02,-3.160000000000000048e-03,-1.289999999999999914e-03,4.000000000000000327e-05,8.599999999999999789e-04,1.149999999999999981e-03,-6.999999999999999387e-05,-1.059999999999999961e-03,-1.369999999999999907e-03,-1.539999999999999919e-03,-3.950000000000000386e-03,-3.569999999999999823e-03,1.832999999999999907e-02,2.398000000000000131e-02,2.798000000000000140e-02,2.851000000000000062e-02,-3.170000000000000075e-03,-1.289999999999999914e-03,3.000000000000000076e-05,8.400000000000000348e-04,1.129999999999999928e-03,-6.999999999999999387e-05,-1.039999999999999909e-03,-1.350000000000000071e-03,-1.510000000000000057e-03,2.629999999999999959e-03,2.629999999999999959e-03,7.200000000000000453e-04,-3.070000000000000159e-02,-1.238000000000000038e-02,2.550000000000000183e-03,2.569999999999999802e-03,1.289999999999999914e-03,-3.459999999999999881e-02,-1.281999999999999980e-02
cd*c/cref,-6.216247290893728641e-03,-5.264818352128714310e-03,2.550926587811776919e-02,3.063865453844175080e-02,3.257241092091245349e-02,3.086789185615104389e-02,-3.218126216801968711e-03,-1.247719483524960520e-03,3.664291224332365883e-05,7.438401351798110909e-04,9.241229842412664909e-04,-5.124132167652351168e-05,-7.000894464239795821e-04,-8.068118870073097762e-04,-7.967575212136793553e-04,-6.295942768982111179e-03,-5.294479300591410642e-03,2.515249292877346290e-02,3.024763012893508587e-02,3.219272545274216163e-02,3.049354112331483999e-02,-3.228310160526025492e-03,-1.247719483524960520e-03,2.748218418249274243e-05,7.265415273849317682e-04,9.080512801675052949e-04,-5.124132167652351168e-05,-6.868802115857912697e-04,-7.950336112845754781e-04,-7.812362708004259599e-04,2.229022334055761560e-03,2.092972027329831342e-03,5.358608529552216261e-04,-2.127223671160415747e-02,-7.945838078095726273e-03,2.161219373324027321e-03,2.045223616059948808e-03,9.600840282114386564e-04,-2.397457297138448976e-02,-8.228242662454539336e-03
cl,2.983199999999999741e-01,3.513299999999999756e-01,5.054899999999999949e-01,5.906599999999999628e-01,6.532299999999999773e-01,6.682900000000000507e-01,3.392800000000000260e-01,2.642700000000000049e-01,2.314599999999999991e-01,1.949500000000000122e-01,1.616100000000000037e-01,1.510599999999999998e-01,1.396399999999999864e-01,1.234900000000000025e-01,9.346999999999999753e-02,2.961400000000000143e-01,3.484700000000000020e-01,5.023499999999999632e-01,5.871600000000000152e-01,6.493600000000000483e-01,6.639399999999999746e-01,3.347700000000000120e-01,2.605000000000000093e-01,2.284799999999999887e-01,1.927399999999999947e-01,1.598600000000000021e-01,1.496200000000000030e-01,1.385200000000000042e-01,1.225799999999999945e-01,9.281000000000000361e-02,-1.147699999999999970e-01,-1.012500000000000067e-01,-1.506000000000000047e-02,-1.417400000000000049e-01,-1.503800000000000137e-01,-1.160199999999999981e-01,-1.040200000000000014e-01,-2.611000000000000126e-02,-1.468500000000000083e-01,-1.514399999999999913e-01
cl*c/cref,4.754951004665172176e-01,5.210390511699664051e-01,6.936352237078940997e-01,7.450402507071224312e-01,7.515816314329792913e-01,7.147852892774491096e-01,3.455208426698012647e-01,2.556083937295668962e-01,2.120342116959923195e-01,1.686181794805862721e-01,1.298674047680270227e-01,1.105787721779377536e-01,9.222687764023067281e-02,7.272496345002386897e-02,4.835904253756014015e-02,4.720203776218638847e-01,5.167975355398007897e-01,6.893265042427358935e-01,7.406254589868859206e-01,7.471289563971640346e-01,7.101326444550561945e-01,3.409278840502515950e-01,2.519619577195753579e-01,2.093043147338647103e-01,1.667066833192520914e-01,1.284611306615729420e-01,1.095246649891635643e-01,9.148716048929213251e-02,7.218905190463943689e-02,4.801757502846856762e-02,-9.727182253976415782e-02,-8.057544401792601785e-02,-1.120842284098005209e-02,-9.821260037468317050e-02,-9.651818499063290202e-02,-9.833124380119750985e-02,-8.277982900488556339e-02,-1.943239843147338483e-02,-1.017533537817286865e-01,-9.719852330749731428e-02
cmx,2.934000000000000150e-02,1.115300000000000041e-01,2.912399999999999989e-01,5.212599999999999456e-01,8.146299999999999653e-01,1.292519999999999891e+00,9.927000000000000268e-01,1.060689999999999911e+00,1.210760000000000058e+00,1.285409999999999942e+00,1.274939999999999962e+00,1.322980000000000045e+00,1.370759999999999978e+00,1.374409999999999910e+00,1.197429999999999994e+00,-2.912999999999999964e-02,-1.106300000000000061e-01,-2.894499999999999851e-01,-5.181799999999999740e-01,-8.098100000000000298e-01,-1.284089999999999954e+00,-9.795099999999999918e-01,-1.045530000000000070e+00,-1.195160000000000000e+00,-1.270860000000000101e+00,-1.261130000000000084e+00,-1.310349999999999904e+00,-1.359699999999999909e+00,-1.364279999999999937e+00,-1.189060000000000006e+00,3.540000000000000091e-02,-1.832999999999999907e-02,-1.186000000000000075e-02,-2.431000000000000105e-01,-3.211899999999999755e-01,-3.581000000000000155e-02,1.879000000000000115e-02,1.999000000000000082e-02,2.478799999999999892e-01,3.232400000000000273e-01
cmx*c/cref,4.676530654226206118e-02,1.654042791022297121e-01,3.996405914116739622e-01,6.575012377401460162e-01,9.372823422289973117e-01,1.382445169158431852e+00,1.010960093487124789e+00,1.025925255023325766e+00,1.109144310693163771e+00,1.111790172280791911e+00,1.024522919590052483e+00,9.684463393086726324e-01,9.053345373397493345e-01,8.094089968041727756e-01,6.195203627447377626e-01,-4.643058553429085106e-02,-1.640695364214083407e-01,-3.971843468758035622e-01,-6.536162210263378736e-01,-9.317366332696614961e-01,-1.373428664364691354e+00,-9.975274717150938164e-01,-1.011262133030893073e+00,-1.094853574918267514e+00,-1.099205435110017337e+00,-1.013425407927120547e+00,-9.592009408404655879e-01,-8.980298304742312387e-01,-8.034433001506077199e-01,-6.151899338794400984e-01,3.000281012379238041e-02,-1.458713964294897428e-02,-8.826819050067956363e-03,-1.684456268596407347e-01,-2.061489282959261815e-01,-3.035030029754251860e-02,1.495321079601807240e-02,1.487758118135400036e-02,1.717577210447048253e-01,2.074646769275979574e-01
cmy,-5.747000000000000025e-02,-7.803999999999999826e-02,-1.479699999999999904e-01,-1.903900000000000037e-01,-2.263199999999999934e-01,-2.427400000000000113e-01,-9.930999999999999550e-02,-7.628000000000000058e-02,-6.518000000000000183e-02,-5.269000000000000072e-02,-5.131000000000000144e-02,-5.963000000000000245e-02,-6.919999999999999762e-02,-7.600999999999999424e-02,-7.267999999999999461e-02,-5.664999999999999897e-02,-7.682999999999999552e-02,-1.466399999999999926e-01,-1.888700000000000101e-01,-2.245699999999999918e-01,-2.406899999999999873e-01,-9.707999999999999963e-02,-7.445999999999999841e-02,-6.375000000000000111e-02,-5.158000000000000085e-02,-5.034999999999999892e-02,-5.879000000000000198e-02,-6.847999999999999921e-02,-7.535000000000000031e-02,-7.212000000000000355e-02,4.592200000000000171e-01,4.507900000000000240e-01,5.555999999999999828e-02,7.026000000000000023e-01,8.752199999999999980e-01,4.645799999999999930e-01,4.634099999999999886e-01,1.103999999999999981e-01,7.276700000000000390e-01,8.811799999999999633e-01
cmy*c/cref,-9.160198251478528231e-02,-1.157370209014436102e-01,-2.030449742864489648e-01,-2.401520558902398295e-01,-2.603951974433382777e-01,-2.596282768247437645e-01,-1.011367451236087067e-01,-7.377987767696432553e-02,-5.970962550049589701e-02,-4.557318223560959114e-02,-4.123195680123425272e-02,-4.365028587958710848e-02,-4.570395254013150110e-02,-4.476333688425227636e-02,-3.760281600117546669e-02,-9.029497667413582951e-02,-1.139425335194504396e-01,-2.012199434301877032e-01,-2.382347749145942439e-01,-2.583817139000109675e-01,-2.574356511038459749e-01,-9.886572567314402815e-02,-7.201952925834771702e-02,-5.839964138779707437e-02,-4.461310950299379047e-02,-4.046051500569371184e-02,-4.303539001946882214e-02,-4.522842008595671925e-02,-4.437465378540204203e-02,-3.731308599346140620e-02,3.892059453403372005e-01,3.587417719391690629e-01,4.135059581971126802e-02,4.868362708004260742e-01,5.617412280057303420e-01,3.937487437093633580e-01,3.687848544429342401e-01,8.216533078646731658e-02,5.042074426036806667e-01,5.655665264665905578e-01
cmz,1.660000000000000017e-03,8.689999999999999808e-03,4.910000000000000302e-03,-5.199999999999999761e-03,-1.721999999999999920e-02,-5.301000000000000156e-02,1.387000000000000038e-02,1.980000000000000163e-02,1.772999999999999923e-02,1.363999999999999935e-02,-6.899999999999999883e-03,1.440000000000000091e-03,9.690000000000000696e-03,1.349999999999999985e-02,1.649000000000000118e-02,-1.629999999999999939e-03,-8.580000000000000820e-03,-4.890000000000000249e-03,5.060000000000000261e-03,1.696999999999999897e-02,5.233000000000000151e-02,-1.384999999999999946e-02,-1.966999999999999998e-02,-1.761000000000000065e-02,-1.361000000000000057e-02,6.579999999999999911e-03,-1.569999999999999998e-03,-9.560000000000000789e-03,-1.327000000000000055e-02,-1.621999999999999831e-02,4.603599999999999914e-01,4.461899999999999755e-01,5.664000000000000146e-01,1.387080000000000091e+00,9.305499999999999883e-01,-4.658999999999999808e-01,-4.589500000000000246e-01,-5.836999999999999966e-01,-1.388970000000000038e+00,-9.363099999999999756e-01
cmz*c/cref,2.645889872534253843e-03,1.288768210704183646e-02,6.737519928002057984e-03,-6.559119127208608638e-03,-1.981267806634095727e-02,-5.669809242184916526e-02,1.412512994526687014e-02,1.915104323549939383e-02,1.624197085185321091e-02,1.179765051610770152e-02,-5.544737905447598945e-03,1.054107188774198187e-03,6.399874279102229883e-03,7.950336112845754130e-03,8.531513977151671327e-03,-2.598072585681225188e-03,-1.272454689049700577e-02,-6.710075854975572351e-03,6.382527458399146585e-03,1.952503756015133707e-02,5.597078242662453795e-02,-1.410476205781875485e-02,-1.902530406274106564e-02,-1.613204211512324002e-02,-1.177170260441538253e-02,5.287590640267420677e-03,-1.149269643316313269e-03,-6.314014252654005961e-03,-7.814885942034308780e-03,-8.391822723432388817e-03,3.901721375307644069e-01,3.550810604084780886e-01,4.215438709914410276e-01,9.611170715938728293e-01,5.972536044888512308e-01,-3.948674925614369946e-01,-3.652355558718730077e-01,-4.344194164860595286e-01,-9.624266653197662835e-01,-6.009505372295483872e-01
cs,3.370000000000000166e-03,1.086999999999999945e-02,1.818000000000000171e-02,1.335000000000000075e-02,9.259999999999999135e-03,-4.214999999999999997e-02,-2.551000000000000142e-02,-1.315000000000000023e-02,-1.141999999999999960e-02,-1.058000000000000086e-02,-5.800000000000000294e-02,-5.249000000000000193e-02,-4.726000000000000340e-02,-4.050000000000000128e-02,-3.019000000000000156e-02,-3.320000000000000034e-03,-1.072999999999999995e-02,-1.798999999999999905e-02,-1.322000000000000085e-02,-9.150000000000000147e-03,4.188999999999999668e-02,2.520999999999999977e-02,1.294000000000000011e-02,1.125999999999999918e-02,1.044999999999999922e-02,5.732000000000000289e-02,5.195999999999999924e-02,4.687000000000000194e-02,4.021000000000000268e-02,2.998999999999999930e-02,1.149099999999999983e-01,1.005800000000000027e-01,1.149400000000000005e-01,2.616100000000000092e-01,1.569399999999999962e-01,-1.162200000000000039e-01,-1.033899999999999958e-01,-1.188899999999999957e-01,-2.619000000000000217e-01,-1.578199999999999881e-01
cs*c/cref,5.371475223156889356e-03,1.612072548947580605e-02,2.494666238107482933e-02,1.683927699004518150e-02,1.065420434926348664e-02,-4.508252396870292972e-02,-2.597924044006905825e-02,-1.271900093670793111e-02,-1.046155144546890257e-02,-9.150963523491165152e-03,-4.660794181390735813e-02,-3.842367106858170928e-02,-3.121342192263894255e-02,-2.385100833853726413e-02,-1.561955166587076886e-02,-5.291779745068507686e-03,-1.591309885023692999e-02,-2.468594368732321756e-02,-1.667529901186496494e-02,-1.052764252654005660e-02,4.480443485288174155e-02,2.567372212834735309e-02,1.251588381148293662e-02,1.031497979649560748e-02,9.038522572824447820e-03,4.606150387539947877e-02,3.803570106160231168e-02,3.095584184329427252e-02,2.368022334055761360e-02,1.551607666311574478e-02,9.739047772104469924e-02,8.004225342541232413e-02,8.554423116482384737e-02,1.812713304925981650e-01,1.007285806119824906e-01,-9.850075120302685672e-02,-8.227847068655180784e-02,-8.848402334423097204e-02,-1.814722734452484942e-01,-1.012933897807001132e-01
cx,-9.110000000000000042e-03,-9.679999999999999369e-03,9.759999999999999579e-03,1.397999999999999937e-02,1.689999999999999836e-02,1.719000000000000042e-02,-9.079999999999999530e-03,-5.899999999999999863e-03,-4.000000000000000083e-03,-2.540000000000000157e-03,-1.670000000000000043e-03,-2.700000000000000143e-03,-3.500000000000000073e-03,-3.530000000000000152e-03,-3.170000000000000075e-03,-9.110000000000000042e-03,-9.650000000000000591e-03,9.560000000000000789e-03,1.372999999999999915e-02,1.665000000000000160e-02,1.692000000000000101e-02,-9.010000000000000647e-03,-5.839999999999999705e-03,-3.959999999999999978e-03,-2.520000000000000104e-03,-1.660000000000000017e-03,-2.680000000000000090e-03,-3.459999999999999968e-03,-3.490000000000000047e-03,-3.129999999999999970e-03,4.629999999999999567e-03,4.389999999999999805e-03,9.799999999999999684e-04,-2.821999999999999856e-02,-9.749999999999999986e-03,4.570000000000000277e-03,4.380000000000000213e-03,1.750000000000000036e-03,-3.203000000000000291e-02,-1.017000000000000022e-02
cx*c/cref,-1.452051610770304507e-02,-1.435589905594533700e-02,1.339270763692465907e-02,1.763393949968776117e-02,1.944449821841824286e-02,1.838596884986959390e-02,-9.247020901443631438e-03,-5.706623994416485865e-03,-3.664291224332365694e-03,-2.196923189949674844e-03,-1.341987290159056719e-03,-1.976450978951621411e-03,-2.311616096682951853e-03,-2.078865665062630454e-03,-1.640078793667119330e-03,-1.452051610770304507e-02,-1.431140763325129336e-02,1.311826690665981142e-02,1.731859723395657441e-02,1.915685771222862613e-02,1.809718399882452242e-02,-9.175733295375234841e-03,-5.648590530066487439e-03,-3.627648312089041920e-03,-2.179624582154795522e-03,-1.333951438122176012e-03,-1.961810601329757719e-03,-2.285197627006575229e-03,-2.055309113617161641e-03,-1.619383793116114731e-03,3.924096352349116211e-03,3.493592091246372228e-03,7.293661609668294476e-04,-1.955382801307717355e-02,-6.257828857950995839e-03,3.873244131800315966e-03,3.485634022701392023e-03,1.302439573155052569e-03,-2.219380266686258110e-02,-6.527396870293500873e-03
cy,3.370000000000000166e-03,1.086999999999999945e-02,1.818000000000000171e-02,1.335000000000000075e-02,9.259999999999999135e-03,-4.214999999999999997e-02,-2.551000000000000142e-02,-1.315000000000000023e-02,-1.141999999999999960e-02,-1.058000000000000086e-02,-5.800000000000000294e-02,-5.249000000000000193e-02,-4.726000000000000340e-02,-4.050000000000000128e-02,-3.019000000000000156e-02,-3.320000000000000034e-03,-1.072999999999999995e-02,-1.798999999999999905e-02,-1.322000000000000085e-02,-9.150000000000000147e-03,4.188999999999999668e-02,2.520999999999999977e-02,1.294000000000000011e-02,1.125999999999999918e-02,1.044999999999999922e-02,5.732000000000000289e-02,5.195999999999999924e-02,4.687000000000000194e-02,4.021000000000000268e-02,2.998999999999999930e-02,1.149099999999999983e-01,1.005800000000000027e-01,1.149400000000000005e-01,2.616100000000000092e-01,1.569399999999999962e-01,-1.162200000000000039e-01,-1.033899999999999958e-01,-1.188899999999999957e-01,-2.619000000000000217e-01,-1.578199999999999881e-01
cy*c/cref,5.371475223156889356e-03,1.612072548947580605e-02,2.494666238107482933e-02,1.683927699004518150e-02,1.065420434926348664e-02,-4.508252396870292972e-02,-2.597924044006905825e-02,-1.271900093670793111e-02,-1.046155144546890257e-02,-9.150963523491165152e-03,-4.660794181390735813e-02,-3.842367106858170928e-02,-3.121342192263894255e-02,-2.385100833853726413e-02,-1.561955166587076886e-02,-5.291779745068507686e-03,-1.591309885023692999e-02,-2.468594368732321756e-02,-1.667529901186496494e-02,-1.052764252654005660e-02,4.480443485288174155e-02,2.567372212834735309e-02,1.251588381148293662e-02,1.031497979649560748e-02,9.038522572824447820e-03,4.606150387539947877e-02,3.803570106160231168e-02,3.095584184329427252e-02,2.368022334055761360e-02,1.551607666311574478e-02,9.739047772104469924e-02,8.004225342541232413e-02,8.554423116482384737e-02,1.812713304925981650e-01,1.007285806119824906e-01,-9.850075120302685672e-02,-8.227847068655180784e-02,-8.848402334423097204e-02,-1.814722734452484942e-01,-1.012933897807001132e-01
cz,2.982000000000000206e-01,3.512100000000000222e-01,5.057399999999999674e-01,5.909900000000000153e-01,6.536300000000000443e-01,6.686900000000000066e-01,3.391799999999999815e-01,2.642100000000000004e-01,2.314199999999999868e-01,1.949299999999999922e-01,1.615999999999999936e-01,1.510299999999999976e-01,1.396000000000000019e-01,1.234500000000000042e-01,9.342000000000000304e-02,2.960300000000000153e-01,3.483600000000000030e-01,5.026000000000000467e-01,5.874899999999999567e-01,6.497500000000000497e-01,6.643400000000000416e-01,3.346600000000000130e-01,2.604400000000000048e-01,2.284400000000000042e-01,1.927300000000000124e-01,1.598600000000000021e-01,1.495900000000000007e-01,1.384799999999999920e-01,1.225399999999999961e-01,9.277000000000000524e-02,-1.147100000000000064e-01,-1.011800000000000060e-01,-1.504999999999999914e-02,-1.422499999999999876e-01,-1.505799999999999916e-01,-1.159599999999999936e-01,-1.039599999999999969e-01,-2.607999999999999902e-02,-1.474300000000000055e-01,-1.516399999999999970e-01
cz*c/cref,4.753038313191051967e-01,5.208610854791903000e-01,6.939782746207251440e-01,7.454565024978876409e-01,7.520418562428827780e-01,7.152131186864048029e-01,3.454190032325606396e-01,2.555503602652169359e-01,2.119975687837490075e-01,1.686008808727913755e-01,1.298593689159901476e-01,1.105568116115049626e-01,9.220045917055430529e-02,7.270140689857840233e-02,4.833317378687138760e-02,4.718450475700694535e-01,5.166344003232560267e-01,6.896695551555670489e-01,7.410417107776510193e-01,7.475776755868198675e-01,7.105604738640119988e-01,3.408158606692869852e-01,2.519039242552253421e-01,2.092676718216213982e-01,1.666980340153546569e-01,1.284611306615729420e-01,1.095027044227307594e-01,9.146074201961575112e-02,7.216549535319397024e-02,4.799688002791756281e-02,-9.722097031921536625e-02,-8.051973753811114687e-02,-1.120098032913345067e-02,-9.856598280865443151e-02,-9.664655071079598925e-02,-9.828039158064870440e-02,-8.273208059361568389e-02,-1.941007089593358229e-02,-1.021552396870293450e-01,-9.732688902766041539e-02
Results_Name,VSPAERO_Comp_Load
Results_Timestamp,1759253980
Results_Date,9,30,2025
Results_Time,13,39,40
AoA,1.000000000000000000e+00,1.000000000000000000e+00,1.000000000000000000e+00,1.000000000000000000e+00,1.000000000000000000e+00,1.000000000000000000e+00,1.000000000000000000e+00,1.000000000000000000e+00,1.000000000000000000e+00
Beta,0.000000000000000000e+00,0.000000000000000000e+00,0.000000000000000000e+00,0.000000000000000000e+00,0.000000000000000000e+00,0.000000000000000000e+00,0.000000000000000000e+00,0.000000000000000000e+00,0.000000000000000000e+00
CDi,0.000000000000000000e+00,3.609999999999999928e-03,3.559999999999999797e-03,-5.000000000000000104e-04,-5.599999999999999509e-04,0.000000000000000000e+00,0.000000000000000000e+00,0.000000000000000000e+00,0.000000000000000000e+00
CFx,0.000000000000000000e+00,2.900000000000000017e-04,2.700000000000000035e-04,-3.699999999999999947e-04,-4.099999999999999912e-04,0.000000000000000000e+00,0.000000000000000000e+00,0.000000000000000000e+00,0.000000000000000000e+00
CFy,0.000000000000000000e+00,-5.989999999999999665e-03,5.930000000000000375e-03,1.116999999999999937e-02,-1.132000000000000020e-02,0.000000000000000000e+00,0.000000000000000000e+00,0.000000000000000000e+00,0.000000000000000000e+00
CFz,0.000000000000000000e+00,1.901100000000000012e-01,1.884299999999999864e-01,-7.870000000000000259e-03,-8.189999999999999364e-03,0.000000000000000000e+00,0.000000000000000000e+00,0.000000000000000000e+00,0.000000000000000000e+00
CL,0.000000000000000000e+00,1.900699999999999890e-01,1.883900000000000019e-01,-7.860000000000000667e-03,-8.189999999999999364e-03,0.000000000000000000e+00,0.000000000000000000e+00,0.000000000000000000e+00,0.000000000000000000e+00
Cmx,0.000000000000000000e+00,3.422999999999999654e-02,-3.388000000000000039e-02,-3.800000000000000209e-04,4.000000000000000192e-04,-6.999999999999999387e-05,6.999999999999999387e-05,-0.000000000000000000e+00,0.000000000000000000e+00
Cmy,0.000000000000000000e+00,-6.522000000000000020e-02,-6.436999999999999666e-02,2.753999999999999851e-02,2.870999999999999941e-02,-8.499999999999999526e-04,-8.899999999999999491e-04,-0.000000000000000000e+00,0.000000000000000000e+00
Cmz,0.000000000000000000e+00,-1.000000000000000082e-05,0.000000000000000000e+00,3.109999999999999917e-03,-3.150000000000000022e-03,-2.000000000000000164e-05,2.000000000000000164e-05,1.000000000000000082e-05,1.000000000000000082e-05
Comp_ID,0,1,2,3,4,5,6,7,8
Comp_Name,NONE,main_wing,main_wing,horizontal_tail,horizontal_tail,fuselage,fuselage,fuselage,fuselage
Cs,0.000000000000000000e+00,-5.989999999999999665e-03,5.930000000000000375e-03,1.116999999999999937e-02,-1.132000000000000020e-02,0.000000000000000000e+00,0.000000000000000000e+00,0.000000000000000000e+00,0.000000000000000000e+00
Mach,1.499999999999999944e-01,1.499999999999999944e-01,1.499999999999999944e-01,1.499999999999999944e-01,1.499999999999999944e-01,1.499999999999999944e-01,1.499999999999999944e-01,1.499999999999999944e-01,1.499999999999999944e-01
Results_Name,VSPAERO_Load
Results_Timestamp,1759253980
Results_Date,9,30,2025
Results_Time,13,39,40
AnalysisMethod,0
Chord,1.735640000000000072e+00,1.614919999999999911e+00,1.494220000000000104e+00,1.373529999999999918e+00,1.252869999999999928e+00,1.164679999999999938e+00,1.108950000000000102e+00,1.053230000000000111e+00,9.975300000000000278e-01,9.418400000000000105e-01,8.750400000000000400e-01,7.971099999999999852e-01,7.191899999999999959e-01,6.412799999999999612e-01,5.633799999999999919e-01,1.735640000000000072e+00,1.614919999999999911e+00,1.494220000000000104e+00,1.373529999999999918e+00,1.252869999999999928e+00,1.164679999999999938e+00,1.108950000000000102e+00,1.053230000000000111e+00,9.975300000000000278e-01,9.418400000000000105e-01,8.750400000000000400e-01,7.971099999999999852e-01,7.191899999999999959e-01,6.412799999999999612e-01,5.633799999999999919e-01,9.229000000000000536e-01,8.665699999999999514e-01,8.104299999999999837e-01,7.545199999999999685e-01,6.988999999999999657e-01,9.229000000000000536e-01,8.665699999999999514e-01,8.104299999999999837e-01,7.545199999999999685e-01,6.988999999999999657e-01
FC_AoA_,2.000000000000000000e+00
FC_Beta_,0.000000000000000000e+00
FC_Bref_,1.417173599999999922e+01
FC_Cref_,1.088920000000000110e+00
FC_Mach_,1.499999999999999944e-01
FC_Pitch_Rate,0.000000000000000000e+00
FC_Rho_,2.377000000000000206e-03
FC_Roll__Rate,0.000000000000000000e+00
FC_Sref_,1.619368700000000061e+01
FC_Vinf_,5.100000000000000000e+01
FC_Xcg_,1.774861999999999940e+00
FC_Yaw___Rate,0.000000000000000000e+00
FC_Ycg_,0.000000000000000000e+00
FC_Zcg_,7.545150000000000468e-01
S,3.314000000000000279e-02,8.981999999999999706e-02,1.368900000000000117e-01,1.839600000000000124e-01,2.310300000000000131e-01,2.997400000000000064e-01,4.117600000000000149e-01,5.454599999999999449e-01,6.791599999999999859e-01,8.128699999999999815e-01,9.157600000000000184e-01,9.578299999999999592e-01,9.698799999999999644e-01,9.819299999999999695e-01,9.939799999999999747e-01,3.314000000000000279e-02,8.981999999999999706e-02,1.368900000000000117e-01,1.839600000000000124e-01,2.310300000000000131e-01,2.997400000000000064e-01,4.117600000000000149e-01,5.454599999999999449e-01,6.791599999999999859e-01,8.128699999999999815e-01,9.157600000000000184e-01,9.578299999999999592e-01,9.698799999999999644e-01,9.819299999999999695e-01,9.939799999999999747e-01,1.020299999999999957e-01,3.035599999999999965e-01,5.025399999999999867e-01,7.015200000000000324e-01,9.005100000000000326e-01,1.020299999999999957e-01,3.035599999999999965e-01,5.025399999999999867e-01,7.015200000000000324e-01,9.005100000000000326e-01
V/Vref,1.004590000000000094e+00,1.004189999999999916e+00,1.003980000000000095e+00,1.003710000000000102e+00,1.004639999999999977e+00,1.004440000000000000e+00,1.001049999999999995e+00,1.001160000000000050e+00,1.000729999999999897e+00,1.001030000000000086e+00,1.004669999999999952e+00,1.004520000000000080e+00,1.004450000000000065e+00,1.004129999999999967e+00,1.004680000000000017e+00,1.005100000000000104e+00,1.004469999999999974e+00,1.004050000000000109e+00,1.003759999999999986e+00,1.004599999999999937e+00,1.004380000000000051e+00,1.000990000000000046e+00,1.001130000000000075e+00,1.000699999999999923e+00,1.000990000000000046e+00,1.004529999999999923e+00,1.004399999999999959e+00,1.004329999999999945e+00,1.004019999999999913e+00,1.004569999999999963e+00,9.816399999999999570e-01,9.890700000000000047e-01,9.909200000000000230e-01,1.005460000000000020e+00,1.000350000000000072e+00,9.813800000000000301e-01,9.887799999999999923e-01,9.899999999999999911e-01,1.006599999999999939e+00,1.000909999999999966e+00
WingId,1,1,1,1,1,1,1,1,1,1,1,1,1,1,1,2,2,2,2,2,2,2,2,2,2,2,2,2,2,2,3,3,3,3,3,4,4,4,4,4
Xavg,2.391169999999999796e+00,2.380489999999999995e+00,2.369810000000000194e+00,2.359129999999999949e+00,2.348450000000000149e+00,2.336259999999999781e+00,2.322589999999999932e+00,2.308860000000000134e+00,2.295059999999999878e+00,2.281190000000000051e+00,2.284749999999999837e+00,2.305000000000000160e+00,2.325239999999999974e+00,2.345470000000000166e+00,2.365699999999999914e+00,2.391169999999999796e+00,2.380489999999999995e+00,2.369810000000000194e+00,2.359129999999999949e+00,2.348450000000000149e+00,2.336259999999999781e+00,2.322589999999999932e+00,2.308860000000000134e+00,2.295059999999999878e+00,2.281190000000000051e+00,2.284749999999999837e+00,2.305000000000000160e+00,2.325239999999999974e+00,2.345470000000000166e+00,2.365699999999999914e+00,5.722059999999999924e+00,5.820210000000000328e+00,5.918350000000000222e+00,6.016490000000000116e+00,6.114630000000000010e+00,5.722059999999999924e+00,5.820210000000000328e+00,5.918350000000000222e+00,6.016490000000000116e+00,6.114630000000000010e+00
Yavg,1.718899999999999872e-01,5.195499999999999563e-01,8.671900000000000164e-01,1.214790000000000036e+00,1.562359999999999971e+00,2.229140000000000121e+00,3.217070000000000096e+00,4.204979999999999940e+00,5.192870000000000097e+00,6.180740000000000123e+00,6.716649999999999565e+00,6.791660000000000252e+00,6.866660000000000430e+00,6.941650000000000098e+00,7.016610000000000014e+00,-1.718899999999999872e-01,-5.195499999999999563e-01,-8.671900000000000164e-01,-1.214790000000000036e+00,-1.562359999999999971e+00,-2.229140000000000121e+00,-3.217070000000000096e+00,-4.204979999999999940e+00,-5.192870000000000097e+00,-6.180740000000000123e+00,-6.716649999999999565e+00,-6.791660000000000252e+00,-6.866660000000000430e+00,-6.941650000000000098e+00,-7.016610000000000014e+00,1.078800000000000037e-01,3.257399999999999740e-01,5.435900000000000176e-01,7.614400000000000057e-01,9.792699999999999738e-01,-1.078800000000000037e-01,-3.257399999999999740e-01,-5.435900000000000176e-01,-7.614400000000000057e-01,-9.792699999999999738e-01
Zavg,1.027309999999999945e+00,1.024350000000000094e+00,1.021379999999999955e+00,1.018420000000000103e+00,1.015449999999999964e+00,1.037979999999999903e+00,1.086500000000000021e+00,1.135019999999999918e+00,1.183540000000000036e+00,1.232069999999999999e+00,1.270329999999999959e+00,1.298289999999999944e+00,1.326240000000000085e+00,1.354190000000000005e+00,1.382130000000000081e+00,1.027309999999999945e+00,1.024350000000000094e+00,1.021379999999999955e+00,1.018420000000000103e+00,1.015449999999999964e+00,1.037979999999999903e+00,1.086500000000000021e+00,1.135019999999999918e+00,1.183540000000000036e+00,1.232069999999999999e+00,1.270329999999999959e+00,1.298289999999999944e+00,1.326240000000000085e+00,1.354190000000000005e+00,1.382130000000000081e+00,3.777900000000000147e-01,5.956799999999999873e-01,8.135799999999999699e-01,1.031470000000000109e+00,1.249349999999999961e+00,3.777900000000000147e-01,5.956799999999999873e-01,8.135799999999999699e-01,1.031470000000000109e+00,1.249349999999999961e+00
cd,-2.109999999999999896e-03,-1.639999999999999965e-03,2.390000000000000110e-02,2.930999999999999925e-02,3.323999999999999871e-02,3.398000000000000326e-02,-3.220000000000000206e-03,-1.180000000000000059e-03,8.099999999999999561e-04,2.180000000000000080e-03,2.700000000000000143e-03,4.000000000000000192e-04,-1.549999999999999946e-03,-2.170000000000000054e-03,-2.599999999999999881e-03,-2.190000000000000106e-03,-1.750000000000000036e-03,2.324999999999999983e-02,2.860000000000000042e-02,3.250999999999999723e-02,3.325000000000000178e-02,-3.279999999999999930e-03,-1.240000000000000000e-03,7.399999999999999894e-04,2.099999999999999870e-03,2.619999999999999933e-03,3.899999999999999929e-04,-1.510000000000000057e-03,-2.109999999999999896e-03,-2.540000000000000157e-03,1.069999999999999988e-03,1.369999999999999907e-03,9.300000000000000541e-04,-1.819000000000000131e-02,-1.016000000000000063e-02,1.020000000000000073e-03,1.219999999999999947e-03,6.700000000000000226e-04,-2.001999999999999960e-02,-1.016000000000000063e-02
cd*c/cref,-3.363149175329684104e-03,-2.432197773941152143e-03,3.279566726664952941e-02,3.697072723432390934e-02,3.824468170297173897e-02,3.634410829078352917e-02,-3.279229879146310263e-03,-1.141324798883297173e-03,7.420189729273039304e-04,1.885548249641846820e-03,2.169680049957756467e-03,2.928075524372772561e-04,-1.023715699959592803e-03,-1.277942915916687990e-03,-1.345175035815302867e-03,-3.490661940271094429e-03,-2.595332990485985872e-03,3.190373489328876544e-02,3.607515519964735184e-02,3.740477142489805062e-02,3.556331961943944020e-02,-3.340333541490650947e-03,-1.199358263233295382e-03,6.778938765014876511e-04,1.816353818462329312e-03,2.105393233662711684e-03,2.854873636263453016e-04,-9.972972302832163946e-04,-1.242608088748484553e-03,-1.314132534988796076e-03,9.068645997869447840e-04,1.090255390662307452e-03,6.921536017338279518e-04,-1.260397347830878242e-02,-6.520978584285345991e-03,8.644877493296109936e-04,9.708843624876023091e-04,4.986482937222201303e-04,-1.387199280020570691e-02,-6.520978584285345991e-03
cl,3.801300000000000234e-01,4.420499999999999985e-01,5.996599999999999708e-01,6.872500000000000275e-01,7.558399999999999563e-01,7.761599999999999611e-01,4.450899999999999856e-01,3.633000000000000118e-01,3.268199999999999994e-01,2.793999999999999817e-01,2.336900000000000088e-01,2.197199999999999986e-01,2.049300000000000010e-01,1.831099999999999950e-01,1.410899999999999932e-01,3.754299999999999859e-01,4.360700000000000132e-01,5.930499999999999661e-01,6.799199999999999688e-01,7.477599999999999802e-01,7.673100000000000476e-01,4.356800000000000117e-01,3.551500000000000212e-01,3.201800000000000201e-01,2.743399999999999728e-01,2.296300000000000008e-01,2.163599999999999968e-01,2.021499999999999964e-01,1.808200000000000085e-01,1.394100000000000061e-01,-8.765000000000000568e-02,-7.338999999999999690e-02,1.353999999999999995e-02,-1.054599999999999982e-01,-1.247999999999999943e-01,-8.891000000000000292e-02,-7.399000000000000021e-02,1.833999999999999866e-02,-1.013000000000000012e-01,-1.235499999999999932e-01
cl*c/cref,6.058928417147265710e-01,6.555811133967599513e-01,8.228556415530984269e-01,8.668758884950223953e-01,8.696408007934464113e-01,8.301601851375672858e-01,4.532771512140468806e-01,3.513926266392388698e-01,2.993909144840758985e-01,2.416615508944641999e-01,1.877898262498622350e-01,1.608391885537963917e-01,1.353484247694963782e-01,1.078360033794952544e-01,7.299644069353118658e-02,5.984014667744186333e-01,6.467124898064136040e-01,8.137853754178452359e-01,8.576300532637840535e-01,8.603442596333980008e-01,8.206944594644233204e-01,4.436940601697094144e-01,3.435097477316974568e-01,2.933081910516842084e-01,2.372850031223597278e-01,1.845272703228887368e-01,1.583796051133232741e-01,1.335123411269882043e-01,1.064873908092421745e-01,7.212725067038899818e-02,-7.428661885170627366e-02,-5.840426505161076115e-02,1.007716104029680697e-02,-7.307394409139329750e-02,-8.010020938177274397e-02,-7.535451548323109094e-02,-5.888174916430958389e-02,1.364956672666495056e-02,-7.019145208096094768e-02,-7.929792363075338635e-02
cmx,3.733999999999999819e-02,1.404900000000000038e-01,3.455400000000000138e-01,6.068900000000000405e-01,9.428499999999999659e-01,1.502059999999999951e+00,1.299479999999999968e+00,1.457519999999999927e+00,1.708919999999999995e+00,1.841860000000000053e+00,1.842270000000000074e+00,1.921950000000000047e+00,2.008140000000000036e+00,2.033409999999999940e+00,1.803109999999999991e+00,-3.688000000000000306e-02,-1.386199999999999932e-01,-3.417600000000000082e-01,-6.004199999999999537e-01,-9.327900000000000080e-01,-1.484920000000000018e+00,-1.271970000000000045e+00,-1.424800000000000066e+00,-1.674209999999999976e+00,-1.808429999999999982e+00,-1.810210000000000097e+00,-1.892490000000000006e+00,-1.980879999999999974e+00,-2.008059999999999956e+00,-1.781660000000000021e+00,2.690000000000000030e-02,-1.350999999999999944e-02,1.976999999999999938e-02,-1.790400000000000047e-01,-2.668599999999999861e-01,-2.727999999999999869e-02,1.361000000000000057e-02,-2.068000000000000047e-02,1.797100000000000086e-01,2.644699999999999829e-01
cmx*c/cref,5.951658303640303821e-02,2.083533324762149308e-01,4.741512496785806330e-01,7.655122705983909981e-01,1.084807405043529016e+00,1.606563605039855736e+00,1.323383119053741286e+00,1.409748915990155282e+00,1.565495139771516442e+00,1.593080687653821936e+00,1.480420913198398303e+00,1.406903688517062490e+00,1.326299642397972267e+00,1.197503181868272870e+00,9.328840610880503315e-01,-5.878338463798993968e-02,-2.055800337949527379e-01,-4.689643198765749976e-01,-7.573512127612678224e-01,-1.073232751074458813e+00,-1.588231114866105687e+00,-1.295367089868860955e+00,-1.378101333431289710e+00,-1.533698252672372364e+00,-1.564166064724681116e+00,-1.454657971568159347e+00,-1.385338412280057163e+00,-1.308295455313521538e+00,-1.182574217389706916e+00,-9.217863670425741063e-01,2.279874554604562065e-02,-1.075135060426844757e-02,1.471384592072879326e-02,-1.240580215259155794e-01,-1.712783804136207844e-01,-2.312080960952135958e-02,1.083093128971825310e-02,-1.539111449876942074e-02,1.245222690372111835e-01,1.697444100576717685e-01
cmy,-6.772999999999999854e-02,-9.316000000000000669e-02,-1.638199999999999934e-01,-2.073200000000000043e-01,-2.479600000000000137e-01,-2.705799999999999872e-01,-1.277200000000000002e-01,-1.020699999999999941e-01,-9.180000000000000659e-02,-7.710999999999999799e-02,-7.567000000000000115e-02,-8.856999999999999595e-02,-1.039100000000000024e-01,-1.153600000000000042e-01,-1.127599999999999991e-01,-6.574000000000000676e-02,-9.055000000000000548e-02,-1.610000000000000042e-01,-2.040899999999999936e-01,-2.442699999999999871e-01,-2.664400000000000102e-01,-1.231199999999999933e-01,-9.815000000000000113e-02,-8.856999999999999595e-02,-7.453999999999999515e-02,-7.342999999999999527e-02,-8.659000000000000030e-02,-1.020699999999999941e-01,-1.136299999999999949e-01,-1.112299999999999955e-01,3.492600000000000149e-01,3.274599999999999733e-01,-7.266000000000000236e-02,5.311500000000000110e-01,7.277099999999999680e-01,3.549599999999999977e-01,3.309900000000000064e-01,-9.757000000000000395e-02,5.058000000000000274e-01,7.208900000000000308e-01
cmy*c/cref,-1.079554946185210945e-01,-1.381606979392425438e-01,-2.247944021599382891e-01,-2.615070341255555375e-01,-2.852933596591117338e-01,-2.894052036880578327e-01,-1.300693292436542470e-01,-9.872459510340519939e-02,-8.409548359842779208e-02,-6.669478235315724757e-02,-6.080729236307533953e-02,-6.483491229842411330e-02,-6.862857960180729355e-02,-6.793709436873231200e-02,-5.833920655328213994e-02,-1.047836145906035354e-01,-1.342899441648605918e-01,-2.209247878632039364e-01,-2.574328120523086683e-01,-2.810477857877529129e-01,-2.849771693053667621e-01,-1.253847151305881036e-01,-9.493307543253866332e-02,-8.113656843477939917e-02,-6.447191125151524593e-02,-5.900726150681408211e-02,-6.338551491385958914e-02,-6.741332999669395754e-02,-6.691827351871577900e-02,-5.754762278220620919e-02,2.960107758145685830e-01,2.605949125739264183e-01,-5.407729107739778218e-02,3.680374113800830016e-01,4.670650910994378346e-01,3.008417367667046149e-01,2.634041107703045115e-01,-7.261658808727913805e-02,3.504722256915108192e-01,4.626878200418762521e-01
cmz,2.370000000000000145e-03,1.221000000000000037e-02,9.919999999999999998e-03,2.129999999999999949e-03,-4.879999999999999789e-03,-3.413999999999999674e-02,4.141000000000000236e-02,5.061000000000000221e-02,5.088999999999999774e-02,4.513999999999999957e-02,1.307000000000000002e-02,3.075999999999999915e-02,4.913000000000000006e-02,5.768999999999999823e-02,6.072999999999999926e-02,-2.309999999999999987e-03,-1.193999999999999923e-02,-9.839999999999999789e-03,-2.360000000000000119e-03,4.449999999999999963e-03,3.300000000000000155e-02,-4.102999999999999703e-02,-4.993000000000000216e-02,-5.025000000000000300e-02,-4.470999999999999974e-02,-1.354999999999999954e-02,-3.072000000000000078e-02,-4.841999999999999776e-02,-5.671999999999999958e-02,-5.965000000000000163e-02,3.490500000000000269e-01,3.209099999999999731e-01,1.575600000000000056e-01,8.604100000000000081e-01,7.694499999999999673e-01,-3.551199999999999912e-01,-3.254900000000000015e-01,-2.344999999999999862e-01,-9.536099999999999577e-01,-7.647899999999999698e-01
cmz*c/cref,3.777565661389266360e-03,1.810800903647650714e-02,1.361226022113653893e-02,2.686716104029680287e-03,-5.614742680821362651e-03,-3.651524005436578707e-02,4.217171096131946961e-02,4.895122717922345545e-02,4.661894510156851940e-02,3.904295779304264163e-02,1.050285861220291543e-02,2.251690078242661944e-02,3.244848538000954380e-02,3.397443632222751919e-02,3.142018458656282293e-02,-3.681931087683209050e-03,-1.770758623223009365e-02,-1.350248392903059987e-02,-2.976830988502368689e-03,5.120001010175218199e-03,3.529592623884215269e-02,-4.178472109980530674e-02,-4.829351458325680663e-02,-4.603265850567534595e-02,-3.867103772545273793e-02,-1.088857950997318413e-02,-2.248762002718289466e-02,-3.197955754325386424e-02,-3.340318994967490102e-02,-3.086141957168569983e-02,2.958327930426477570e-01,2.553823776769643117e-01,1.172642166550343368e-01,5.961838823788707664e-01,4.938550168974762400e-01,-3.009773426881680591e-01,-2.590271730705653308e-01,-1.745269028027770231e-01,-6.607627899202879185e-01,-4.908640956176760772e-01
cs,4.629999999999999567e-03,1.354999999999999954e-02,2.084000000000000088e-02,1.461999999999999932e-02,1.094999999999999966e-02,-4.701999999999999930e-02,-2.995000000000000093e-02,-1.786000000000000087e-02,-1.610999999999999932e-02,-1.561000000000000061e-02,-8.225000000000000366e-02,-7.395999999999999797e-02,-6.648999999999999355e-02,-5.666999999999999815e-02,-4.274000000000000021e-02,-4.519999999999999712e-03,-1.319999999999999993e-02,-2.037999999999999881e-02,-1.434999999999999991e-02,-1.072000000000000036e-02,4.646999999999999742e-02,2.932999999999999843e-02,1.740999999999999839e-02,1.575999999999999970e-02,1.528000000000000018e-02,8.068000000000000171e-02,7.270999999999999686e-02,6.554999999999999716e-02,5.596999999999999892e-02,4.225000000000000283e-02,8.737999999999999934e-02,7.216999999999999804e-02,3.273000000000000215e-02,1.648100000000000120e-01,1.303600000000000037e-01,-8.873999999999999944e-02,-7.301000000000000545e-02,-4.785999999999999976e-02,-1.818899999999999961e-01,-1.293999999999999873e-01
cs*c/cref,7.379801270984092873e-03,2.009529258347720129e-02,2.859672409359732825e-02,1.844121569995958720e-02,1.259865417110531127e-02,-5.029134702273811708e-02,-3.050091145355030703e-02,-1.727462788818278847e-02,-1.475793290599860218e-02,-1.350156338390331653e-02,-6.609488300334276367e-02,-5.414011644565256548e-02,-4.391410121955698076e-02,-3.337374426036806424e-02,-2.211260808874847966e-02,-7.204471219189654760e-03,-1.957622598538000594e-02,-2.796551041398817258e-02,-1.810064605296991119e-02,-1.233402490541086333e-02,4.970308158542408039e-02,2.986950694265877795e-02,1.683937690555779854e-02,1.443730742386951926e-02,1.321613635528780771e-02,6.483325423355250361e-02,5.322509284428607323e-02,4.329326718216213593e-02,3.296150461007235632e-02,2.185909433199867413e-02,7.405778385923666995e-02,5.743338068912316047e-02,2.435934127392278339e-02,1.141979587113837596e-01,8.366877640230685476e-02,-7.521043419167615374e-02,-5.810185844690151508e-02,-3.561986169782904027e-02,-1.260328057157550363e-01,-8.305262094552397223e-02
cx,-1.536999999999999998e-02,-1.705999999999999878e-02,2.949999999999999931e-03,5.300000000000000024e-03,6.850000000000000186e-03,6.879999999999999831e-03,-1.874999999999999931e-02,-1.386000000000000079e-02,-1.059000000000000045e-02,-7.570000000000000340e-03,-5.449999999999999983e-03,-7.270000000000000420e-03,-8.710000000000000728e-03,-8.559999999999999901e-03,-7.519999999999999775e-03,-1.528999999999999977e-02,-1.696999999999999897e-02,2.540000000000000157e-03,4.859999999999999737e-03,6.400000000000000307e-03,6.450000000000000004e-03,-1.848999999999999949e-02,-1.362999999999999975e-02,-1.043999999999999963e-02,-7.479999999999999670e-03,-5.389999999999999826e-03,-7.170000000000000158e-03,-8.559999999999999901e-03,-8.420000000000000401e-03,-7.400000000000000328e-03,4.129999999999999991e-03,3.930000000000000333e-03,4.600000000000000139e-04,-1.450000000000000074e-02,-5.790000000000000008e-03,4.120000000000000398e-03,3.799999999999999992e-03,3.000000000000000076e-05,-1.648000000000000159e-02,-5.839999999999999705e-03
cx*c/cref,-2.449838996436836530e-02,-2.530078903868052120e-02,4.048000771406531050e-03,6.685256033501082648e-03,7.881349869595561525e-03,7.358665834037393313e-03,-1.909489448260661901e-02,-1.340573026484957568e-02,-9.701211016419937841e-03,-6.547523050361826226e-03,-4.379539360099915166e-03,-5.321777265547514291e-03,-5.752621772031002792e-03,-5.041102009330345086e-03,-3.890660103588875970e-03,-2.437087719942695324e-02,-2.516731477059838337e-02,3.485397274363589894e-03,6.130253645814199431e-03,7.363596958454246555e-03,6.898749219410056123e-03,-1.883011194578114098e-02,-1.318326865150791505e-02,-9.563800095507474230e-03,-6.469679315284868407e-03,-4.331324247878631795e-03,-5.248575377438194529e-03,-5.653552510744589907e-03,-4.958654079271204024e-03,-3.828575101935862389e-03,3.500327847775777657e-03,3.127520938177276704e-03,3.423555449436138046e-04,-1.004714763251662174e-02,-3.716187598721668300e-03,3.491852477684311094e-03,3.024066047092531864e-03,2.232753553980090222e-05,-1.141910296440509960e-02,-3.748279028762442708e-03
cy,4.629999999999999567e-03,1.354999999999999954e-02,2.084000000000000088e-02,1.461999999999999932e-02,1.094999999999999966e-02,-4.701999999999999930e-02,-2.995000000000000093e-02,-1.786000000000000087e-02,-1.610999999999999932e-02,-1.561000000000000061e-02,-8.225000000000000366e-02,-7.395999999999999797e-02,-6.648999999999999355e-02,-5.666999999999999815e-02,-4.274000000000000021e-02,-4.519999999999999712e-03,-1.319999999999999993e-02,-2.037999999999999881e-02,-1.434999999999999991e-02,-1.072000000000000036e-02,4.646999999999999742e-02,2.932999999999999843e-02,1.740999999999999839e-02,1.575999999999999970e-02,1.528000000000000018e-02,8.068000000000000171e-02,7.270999999999999686e-02,6.554999999999999716e-02,5.596999999999999892e-02,4.225000000000000283e-02,8.737999999999999934e-02,7.216999999999999804e-02,3.273000000000000215e-02,1.648100000000000120e-01,1.303600000000000037e-01,-8.873999999999999944e-02,-7.301000000000000545e-02,-4.785999999999999976e-02,-1.818899999999999961e-01,-1.293999999999999873e-01
cy*c/cref,7.379801270984092873e-03,2.009529258347720129e-02,2.859672409359732825e-02,1.844121569995958720e-02,1.259865417110531127e-02,-5.029134702273811708e-02,-3.050091145355030703e-02,-1.727462788818278847e-02,-1.475793290599860218e-02,-1.350156338390331653e-02,-6.609488300334276367e-02,-5.414011644565256548e-02,-4.391410121955698076e-02,-3.337374426036806424e-02,-2.211260808874847966e-02,-7.204471219189654760e-03,-1.957622598538000594e-02,-2.796551041398817258e-02,-1.810064605296991119e-02,-1.233402490541086333e-02,4.970308158542408039e-02,2.986950694265877795e-02,1.683937690555779854e-02,1.443730742386951926e-02,1.321613635528780771e-02,6.483325423355250361e-02,5.322509284428607323e-02,4.329326718216213593e-02,3.296150461007235632e-02,2.185909433199867413e-02,7.405778385923666995e-02,5.743338068912316047e-02,2.435934127392278339e-02,1.141979587113837596e-01,8.366877640230685476e-02,-7.521043419167615374e-02,-5.810185844690151508e-02,-3.561986169782904027e-02,-1.260328057157550363e-01,-8.305262094552397223e-02
cz,3.798199999999999910e-01,4.417200000000000015e-01,6.001300000000000523e-01,6.878499999999999615e-01,7.565399999999999903e-01,7.768800000000000150e-01,4.446999999999999842e-01,3.630399999999999738e-01,3.266499999999999959e-01,2.793100000000000027e-01,2.336399999999999866e-01,2.195999999999999897e-01,2.047499999999999876e-01,1.829199999999999993e-01,1.409199999999999897e-01,3.751200000000000090e-01,4.357400000000000162e-01,5.935000000000000275e-01,6.804999999999999938e-01,7.484399999999999942e-01,7.680099999999999705e-01,4.353000000000000203e-01,3.548899999999999832e-01,3.200100000000000167e-01,2.742399999999999838e-01,2.295800000000000063e-01,2.162399999999999878e-01,2.019700000000000106e-01,1.806399999999999950e-01,1.392400000000000027e-01,-8.755999999999999894e-02,-7.330000000000000404e-02,1.355999999999999914e-02,-1.060299999999999992e-01,-1.250799999999999967e-01,-8.881999999999999618e-02,-7.389999999999999347e-02,1.835000000000000173e-02,-1.019400000000000028e-01,-1.238299999999999956e-01
cz*c/cref,6.053987297505785126e-01,6.550917077471254402e-01,8.235005772692209902e-01,8.676327099327771908e-01,8.704461942107774020e-01,8.309302780736875782e-01,4.528799774088086982e-01,3.511411482937221717e-01,2.992351821070418083e-01,2.415837071593872620e-01,1.877496469896778319e-01,1.607513462880652000e-01,1.352295416559526620e-01,1.077241097601292774e-01,7.290848694118941264e-02,5.979073548102706859e-01,6.462230841567790929e-01,8.144028670609412268e-01,8.583616473202804187e-01,8.611266418102337949e-01,8.214431609300957282e-01,4.433070703081952724e-01,3.432582693861807588e-01,2.931524586746500627e-01,2.371985100833853277e-01,1.844870910627043337e-01,1.582917628475920824e-01,1.333934580134445158e-01,1.063813863277375538e-01,7.203929691804722424e-02,-7.421034052088307242e-02,-5.833264243470594190e-02,1.009204606399000635e-02,-7.346890092936118888e-02,-8.027992139000107719e-02,-7.527823715240788971e-02,-5.881012654740475770e-02,1.365700923851155199e-02,-7.063491239025823654e-02,-7.947763563898171957e-02
Results_Name,VSPAERO_Comp_Load
Results_Timestamp,1759253980
Results_Date,9,30,2025
Results_Time,13,39,40
AoA,2.000000000000000000e+00,2.000000000000000000e+00,2.000000000000000000e+00,2.000000000000000000e+00,2.000000000000000000e+00,2.000000000000000000e+00,2.000000000000000000e+00,2.000000000000000000e+00,2.000000000000000000e+00
Beta,0.000000000000000000e+00,0.000000000000000000e+00,0.000000000000000000e+00,0.000000000000000000e+00,0.000000000000000000e+00,0.000000000000000000e+00,0.000000000000000000e+00,0.000000000000000000e+00,0.000000000000000000e+00
CDi,0.000000000000000000e+00,4.689999999999999725e-03,4.550000000000000225e-03,-3.400000000000000244e-04,-3.699999999999999947e-04,0.000000000000000000e+00,0.000000000000000000e+00,0.000000000000000000e+00,0.000000000000000000e+00
CFx,0.000000000000000000e+00,-3.619999999999999954e-03,-3.629999999999999980e-03,-1.399999999999999877e-04,-1.800000000000000113e-04,0.000000000000000000e+00,0.000000000000000000e+00,0.000000000000000000e+00,0.000000000000000000e+00
CFy,0.000000000000000000e+00,-7.550000000000000287e-03,7.429999999999999973e-03,7.250000000000000368e-03,-7.749999999999999944e-03,0.000000000000000000e+00,0.000000000000000000e+00,0.000000000000000000e+00,0.000000000000000000e+00
CFz,0.000000000000000000e+00,2.379900000000000071e-01,2.344199999999999895e-01,-5.660000000000000100e-03,-5.539999999999999786e-03,0.000000000000000000e+00,0.000000000000000000e+00,0.000000000000000000e+00,0.000000000000000000e+00
CL,0.000000000000000000e+00,2.379799999999999971e-01,2.343999999999999972e-01,-5.649999999999999641e-03,-5.530000000000000193e-03,0.000000000000000000e+00,0.000000000000000000e+00,0.000000000000000000e+00,0.000000000000000000e+00
Cmx,0.000000000000000000e+00,4.469999999999999668e-02,-4.392999999999999683e-02,-2.799999999999999755e-04,2.700000000000000035e-04,-6.999999999999999387e-05,6.999999999999999387e-05,-0.000000000000000000e+00,0.000000000000000000e+00
Cmy,0.000000000000000000e+00,-7.738000000000000433e-02,-7.556000000000000216e-02,1.993999999999999939e-02,1.948000000000000079e-02,2.069999999999999792e-03,1.930000000000000075e-03,-0.000000000000000000e+00,1.000000000000000082e-05
Cmz,0.000000000000000000e+00,7.699999999999999597e-04,-7.699999999999999597e-04,2.000000000000000042e-03,-2.150000000000000001e-03,-1.000000000000000082e-05,2.000000000000000164e-05,1.000000000000000082e-05,3.000000000000000076e-05
Comp_ID,0,1,2,3,4,5,6,7,8
Comp_Name,NONE,main_wing,main_wing,horizontal_tail,horizontal_tail,fuselage,fuselage,fuselage,fuselage
Cs,0.000000000000000000e+00,-7.550000000000000287e-03,7.429999999999999973e-03,7.250000000000000368e-03,-7.749999999999999944e-03,0.000000000000000000e+00,0.000000000000000000e+00,0.000000000000000000e+00,0.000000000000000000e+00
Mach,1.499999999999999944e-01,1.499999999999999944e-01,1.499999999999999944e-01,1.499999999999999944e-01,1.499999999999999944e-01,1.499999999999999944e-01,1.499999999999999944e-01,1.499999999999999944e-01,1.499999999999999944e-01
Results_Name,VSPAERO_Load
Results_Timestamp,1759253980
Results_Date,9,30,2025
Results_Time,13,39,40
AnalysisMethod,0
Chord,1.735640000000000072e+00,1.614919999999999911e+00,1.494220000000000104e+00,1.373529999999999918e+00,1.252869999999999928e+00,1.164679999999999938e+00,1.108950000000000102e+00,1.053230000000000111e+00,9.975300000000000278e-01,9.418400000000000105e-01,8.750400000000000400e-01,7.971099999999999852e-01,7.191899999999999959e-01,6.412799999999999612e-01,5.633799999999999919e-01,1.735640000000000072e+00,1.614919999999999911e+00,1.494220000000000104e+00,1.373529999999999918e+00,1.252869999999999928e+00,1.164679999999999938e+00,1.108950000000000102e+00,1.053230000000000111e+00,9.975300000000000278e-01,9.418400000000000105e-01,8.750400000000000400e-01,7.971099999999999852e-01,7.191899999999999959e-01,6.412799999999999612e-01,5.633799999999999919e-01,9.229000000000000536e-01,8.665699999999999514e-01,8.104299999999999837e-01,7.545199999999999685e-01,6.988999999999999657e-01,9.229000000000000536e-01,8.665699999999999514e-01,8.104299999999999837e-01,7.545199999999999685e-01,6.988999999999999657e-01
FC_AoA_,3.000000000000000000e+00
FC_Beta_,0.000000000000000000e+00
FC_Bref_,1.417173599999999922e+01
FC_Cref_,1.088920000000000110e+00
FC_Mach_,1.499999999999999944e-01
FC_Pitch_Rate,0.000000000000000000e+00
FC_Rho_,2.377000000000000206e-03
FC_Roll__Rate,0.000000000000000000e+00
FC_Sref_,1.619368700000000061e+01
FC_Vinf_,5.100000000000000000e+01
FC_Xcg_,1.774861999999999940e+00
FC_Yaw___Rate,0.000000000000000000e+00
FC_Ycg_,0.000000000000000000e+00
FC_Zcg_,7.545150000000000468e-01
S,3.314000000000000279e-02,8.981999999999999706e-02,1.368900000000000117e-01,1.839600000000000124e-01,2.310300000000000131e-01,2.997400000000000064e-01,4.117600000000000149e-01,5.454599999999999449e-01,6.791599999999999859e-01,8.128699999999999815e-01,9.157600000000000184e-01,9.578299999999999592e-01,9.698799999999999644e-01,9.819299999999999695e-01,9.939799999999999747e-01,3.314000000000000279e-02,8.981999999999999706e-02,1.368900000000000117e-01,1.839600000000000124e-01,2.310300000000000131e-01,2.997400000000000064e-01,4.117600000000000149e-01,5.454599999999999449e-01,6.791599999999999859e-01,8.128699999999999815e-01,9.157600000000000184e-01,9.578299999999999592e-01,9.698799999999999644e-01,9.819299999999999695e-01,9.939799999999999747e-01,1.020299999999999957e-01,3.035599999999999965e-01,5.025399999999999867e-01,7.015200000000000324e-01,9.005100000000000326e-01,1.020299999999999957e-01,3.035599999999999965e-01,5.025399999999999867e-01,7.015200000000000324e-01,9.005100000000000326e-01
V/Vref,1.005090000000000039e+00,1.005370000000000097e+00,1.003160000000000052e+00,1.003640000000000088e+00,1.004799999999999915e+00,1.003400000000000070e+00,1.003200000000000092e+00,1.001160000000000050e+00,1.000499999999999945e+00,1.000809999999999977e+00,1.005630000000000024e+00,1.005489999999999995e+00,1.005449999999999955e+00,1.005069999999999908e+00,1.005910000000000082e+00,1.005540000000000100e+00,1.005640000000000089e+00,1.003470000000000084e+00,1.004029999999999978e+00,1.005130000000000079e+00,1.004520000000000080e+00,1.001940000000000053e+00,1.000839999999999952e+00,1.000359999999999916e+00,1.000680000000000014e+00,1.005360000000000031e+00,1.005220000000000002e+00,1.005209999999999937e+00,1.004860000000000086e+00,1.005689999999999973e+00,9.819900000000000295e-01,9.893699999999999717e-01,9.914199999999999680e-01,1.006930000000000103e+00,1.001900000000000013e+00,9.821400000000000130e-01,9.893499999999999517e-01,9.914500000000000535e-01,1.007889999999999953e+00,1.001859999999999973e+00
WingId,1,1,1,1,1,1,1,1,1,1,1,1,1,1,1,2,2,2,2,2,2,2,2,2,2,2,2,2,2,2,3,3,3,3,3,4,4,4,4,4
Xavg,2.391169999999999796e+00,2.380489999999999995e+00,2.369810000000000194e+00,2.359129999999999949e+00,2.348450000000000149e+00,2.336259999999999781e+00,2.322589999999999932e+00,2.308860000000000134e+00,2.295059999999999878e+00,2.281190000000000051e+00,2.284749999999999837e+00,2.305000000000000160e+00,2.325239999999999974e+00,2.345470000000000166e+00,2.365699999999999914e+00,2.391169999999999796e+00,2.380489999999999995e+00,2.369810000000000194e+00,2.359129999999999949e+00,2.348450000000000149e+00,2.336259999999999781e+00,2.322589999999999932e+00,2.308860000000000134e+00,2.295059999999999878e+00,2.281190000000000051e+00,2.284749999999999837e+00,2.305000000000000160e+00,2.325239999999999974e+00,2.345470000000000166e+00,2.365699999999999914e+00,5.722059999999999924e+00,5.820210000000000328e+00,5.918350000000000222e+00,6.016490000000000116e+00,6.114630000000000010e+00,5.722059999999999924e+00,5.820210000000000328e+00,5.918350000000000222e+00,6.016490000000000116e+00,6.114630000000000010e+00
Yavg,1.718899999999999872e-01,5.195499999999999563e-01,8.671900000000000164e-01,1.214790000000000036e+00,1.562359999999999971e+00,2.229140000000000121e+00,3.217070000000000096e+00,4.204979999999999940e+00,5.192870000000000097e+00,6.180740000000000123e+00,6.716649999999999565e+00,6.791660000000000252e+00,6.866660000000000430e+00,6.941650000000000098e+00,7.016610000000000014e+00,-1.718899999999999872e-01,-5.195499999999999563e-01,-8.671900000000000164e-01,-1.214790000000000036e+00,-1.562359999999999971e+00,-2.229140000000000121e+00,-3.217070000000000096e+00,-4.204979999999999940e+00,-5.192870000000000097e+00,-6.180740000000000123e+00,-6.716649999999999565e+00,-6.791660000000000252e+00,-6.866660000000000430e+00,-6.941650000000000098e+00,-7.016610000000000014e+00,1.078800000000000037e-01,3.257399999999999740e-01,5.435900000000000176e-01,7.614400000000000057e-01,9.792699999999999738e-01,-1.078800000000000037e-01,-3.257399999999999740e-01,-5.435900000000000176e-01,-7.614400000000000057e-01,-9.792699999999999738e-01
Zavg,1.027309999999999945e+00,1.024350000000000094e+00,1.021379999999999955e+00,1.018420000000000103e+00,1.015449999999999964e+00,1.037979999999999903e+00,1.086500000000000021e+00,1.135019999999999918e+00,1.183540000000000036e+00,1.232069999999999999e+00,1.270329999999999959e+00,1.298289999999999944e+00,1.326240000000000085e+00,1.354190000000000005e+00,1.382130000000000081e+00,1.027309999999999945e+00,1.024350000000000094e+00,1.021379999999999955e+00,1.018420000000000103e+00,1.015449999999999964e+00,1.037979999999999903e+00,1.086500000000000021e+00,1.135019999999999918e+00,1.183540000000000036e+00,1.232069999999999999e+00,1.270329999999999959e+00,1.298289999999999944e+00,1.326240000000000085e+00,1.354190000000000005e+00,1.382130000000000081e+00,3.777900000000000147e-01,5.956799999999999873e-01,8.135799999999999699e-01,1.031470000000000109e+00,1.249349999999999961e+00,3.777900000000000147e-01,5.956799999999999873e-01,8.135799999999999699e-01,1.031470000000000109e+00,1.249349999999999961e+00
cd,7.100000000000000191e-04,5.900000000000000296e-04,2.857000000000000164e-02,3.440000000000000002e-02,3.831999999999999990e-02,3.803999999999999743e-02,-3.360000000000000139e-03,-4.299999999999999894e-04,2.109999999999999896e-03,4.100000000000000346e-03,4.969999999999999592e-03,1.270000000000000078e-03,-1.920000000000000049e-03,-2.909999999999999826e-03,-3.680000000000000111e-03,5.699999999999999772e-04,3.400000000000000244e-04,2.762999999999999831e-02,3.348999999999999894e-02,3.738999999999999962e-02,3.746000000000000024e-02,-3.350000000000000113e-03,-5.999999999999999474e-04,1.920000000000000049e-03,3.870000000000000176e-03,4.590000000000000330e-03,9.300000000000000541e-04,-1.969999999999999963e-03,-2.870000000000000155e-03,-3.589999999999999875e-03,1.700000000000000122e-04,4.200000000000000174e-04,1.110000000000000092e-03,-2.372000000000000150e-02,-1.122000000000000081e-02,6.999999999999999387e-05,3.600000000000000227e-04,1.010000000000000047e-03,-2.654000000000000109e-02,-1.120999999999999948e-02
cd*c/cref,1.131675788855012301e-03,8.749979796495608794e-04,3.920385831833376328e-02,4.339109576461079587e-02,4.408953678874480420e-02,4.068657679168349167e-02,-3.421805091283106059e-03,-4.159064945083201553e-04,1.932913620835322683e-03,3.546214597950262445e-03,3.993818462329647330e-03,9.296639789883552867e-04,-1.268086544466076257e-03,-1.713739117657862333e-03,-1.903940050692428786e-03,9.085284502075449903e-04,5.042361238658487049e-04,3.791398688608896977e-02,4.224324991734929036e-02,4.301951410571942108e-02,4.006622414869778770e-02,-3.411621147559049279e-03,-5.803346434999815491e-04,1.758859787679535516e-03,3.347280608309150234e-03,3.688456084928185691e-03,6.807775594166697031e-04,-1.301109631561547146e-03,-1.690182566212393737e-03,-1.857376299452668167e-03,1.440812915549351746e-04,3.342388788891745939e-04,8.261188149726334667e-04,-1.643574771333063816e-02,-7.201316901149761723e-03,5.932759064026741090e-05,2.864904676192924935e-04,7.516936965066303667e-04,-1.838974470117180418e-02,-7.194898615141605974e-03
cl,4.473199999999999954e-01,5.111299999999999732e-01,6.755400000000000293e-01,7.721799999999999775e-01,8.468299999999999716e-01,8.622199999999999864e-01,5.346699999999999786e-01,4.603499999999999814e-01,4.197400000000000020e-01,3.622500000000000164e-01,3.049600000000000088e-01,2.876900000000000013e-01,2.699199999999999933e-01,2.428299999999999903e-01,1.895499999999999963e-01,4.425999999999999934e-01,5.042100000000000470e-01,6.675900000000000167e-01,7.636699999999999600e-01,8.375700000000000367e-01,8.530299999999999550e-01,5.240799999999999903e-01,4.493500000000000272e-01,4.098300000000000276e-01,3.536400000000000099e-01,2.961599999999999788e-01,2.787000000000000033e-01,2.635199999999999765e-01,2.380200000000000093e-01,1.861500000000000099e-01,-7.190000000000000557e-02,-5.902999999999999914e-02,1.907000000000000015e-02,-1.012300000000000005e-01,-1.149799999999999989e-01,-7.345000000000000140e-02,-6.058000000000000190e-02,1.298000000000000022e-02,-1.014899999999999969e-01,-1.128900000000000042e-01
cl*c/cref,7.129876251698931133e-01,7.580300293869153272e-01,9.269784546155824811e-01,9.740039630092198752e-01,9.743304394262202184e-01,9.222076824743781209e-01,5.445049190941483319e-01,4.452617552253608779e-01,3.845123996253168031e-01,3.133210336847518374e-01,2.450613437167101227e-01,2.105945119017007261e-01,1.782718333761892371e-01,1.430059346875803272e-01,9.806843386107333416e-02,7.054643720383498851e-01,7.477673412188222679e-01,9.160694355875547146e-01,9.632697122837303727e-01,9.636762350769567664e-01,9.123783018036217829e-01,5.337201226903720563e-01,4.346222867611945762e-01,3.754341181170333663e-01,3.058739830290562733e-01,2.379897939242552052e-01,2.040136621606729317e-01,1.740448782279689632e-01,1.401732593762627099e-01,9.630935881423793865e-02,-6.093791095764611310e-02,-4.697647862101898830e-02,1.419287009146677318e-02,-7.014294860963155021e-02,-7.379745252176467263e-02,-6.225159332182345767e-02,-4.820997924549094010e-02,9.660380376887189521e-03,-7.032310436028357814e-02,-7.245603074606030147e-02
cmx,4.386999999999999927e-02,1.625500000000000000e-01,3.899199999999999888e-01,6.819499999999999451e-01,1.056310000000000082e+00,1.664740000000000109e+00,1.561199999999999921e+00,1.845450000000000035e+00,2.193529999999999980e+00,2.387039999999999829e+00,2.402149999999999785e+00,2.512999999999999901e+00,2.639920000000000044e+00,2.690080000000000027e+00,2.415760000000000129e+00,-4.340999999999999720e-02,-1.603700000000000125e-01,-3.853599999999999803e-01,-6.744299999999999740e-01,-1.044740000000000002e+00,-1.647350000000000092e+00,-1.530270000000000019e+00,-1.801299999999999901e+00,-2.141680000000000028e+00,-2.330229999999999801e+00,-2.332489999999999952e+00,-2.433840000000000003e+00,-2.576929999999999943e+00,-2.636629999999999807e+00,-2.372419999999999973e+00,2.177000000000000116e-02,-1.099999999999999936e-02,1.776000000000000148e-02,-1.771600000000000119e-01,-2.456699999999999995e-01,-2.231999999999999956e-02,1.122000000000000081e-02,-1.165000000000000063e-02,1.770299999999999929e-01,2.408800000000000108e-01
cmx*c/cref,6.992481247474562067e-02,2.410693586305696912e-01,5.350496477243507076e-01,8.601906324615212762e-01,1.215350172372625881e+00,1.780561825662123843e+00,1.589917294199757469e+00,1.784964279745068438e+00,2.009433182327443390e+00,2.064623437534437222e+00,1.930332197039267950e+00,1.839563448187194306e+00,1.743566161701502137e+00,1.584225197810674501e+00,1.249853863277375465e+00,-6.919161407633250827e-02,-2.378363152481357545e-01,-5.287923990743121916e-01,-8.507051371083272917e-01,-1.202038169746170171e+00,-1.761961942107776347e+00,-1.558418356261249693e+00,-1.742261322227528053e+00,-1.961934807332035291e+00,-2.015486742093082650e+00,-1.874354451750358086e+00,-1.781616833559857227e+00,-1.701963676578628126e+00,-1.552747755941666474e+00,-1.227430830180362031e+00,1.845088068912316762e-02,-8.753875399478380434e-03,1.321790103956213547e-02,-1.227553568673548090e-01,-1.576780323623406255e-01,-1.891702604415384029e-02,8.928952907467950159e-03,-8.670526301289350687e-03,1.226652789920287812e-01,1.546036733644344519e-01
cmy,-7.326000000000000567e-02,-9.804999999999999827e-02,-1.717400000000000038e-01,-2.214099999999999957e-01,-2.664400000000000102e-01,-2.863600000000000034e-01,-1.466200000000000003e-01,-1.292099999999999915e-01,-1.188099999999999989e-01,-1.021999999999999992e-01,-1.007300000000000001e-01,-1.184499999999999997e-01,-1.401499999999999968e-01,-1.568499999999999894e-01,-1.559200000000000030e-01,-7.134000000000000064e-02,-9.497999999999999499e-02,-1.682099999999999984e-01,-2.175700000000000134e-01,-2.620999999999999996e-01,-2.820500000000000229e-01,-1.413800000000000057e-01,-1.237199999999999966e-01,-1.138300000000000006e-01,-9.767000000000000681e-02,-9.521000000000000296e-02,-1.118500000000000050e-01,-1.353000000000000036e-01,-1.528899999999999981e-01,-1.526200000000000057e-01,2.876900000000000013e-01,2.649799999999999933e-01,-1.053000000000000047e-01,4.975499999999999923e-01,6.704400000000000359e-01,2.936599999999999766e-01,2.712999999999999856e-01,-7.527000000000000357e-02,4.952099999999999835e-01,6.569800000000000084e-01
cmy*c/cref,-1.167698144950960609e-01,-1.454127998383719367e-01,-2.356622550784263359e-01,-2.792797242221650156e-01,-3.065557458766483556e-01,-3.062830738713587242e-01,-1.493169828821217238e-01,-1.249750654777210396e-01,-1.088386100907320908e-01,-8.839588583183335957e-02,-8.094513756749806277e-02,-8.670763646548872161e-02,-9.256371312860448008e-02,-9.237112735554492415e-02,-8.066911214781616324e-02,-1.137095081365022131e-01,-1.408598442493479430e-01,-2.308183761892517449e-01,-2.744360670205340802e-01,-3.015623066891965909e-01,-3.016732119898614672e-01,-1.439805963707159464e-01,-1.196650034896962062e-01,-1.042765675164382955e-01,-8.447775116629320513e-02,-7.650934724313998569e-02,-8.187631185027365033e-02,-8.936047368034381877e-02,-9.003902876244350428e-02,-7.896177460235828671e-02,2.438279221614076120e-01,2.108729003048892270e-01,-7.836964974470116141e-02,3.447557451419754893e-01,4.303075671307349803e-01,2.488877181060132615e-01,2.159023996253167932e-01,-5.601978666936046486e-02,3.431343433861073211e-01,4.216685541637584800e-01
cmz,2.969999999999999984e-03,1.384999999999999946e-02,1.434000000000000032e-02,1.208000000000000046e-02,1.102999999999999987e-02,-4.270000000000000358e-03,8.093000000000000194e-02,9.191000000000000558e-02,9.800999999999999990e-02,9.135999999999999677e-02,4.648000000000000048e-02,7.684000000000000552e-02,1.092299999999999938e-01,1.245300000000000018e-01,1.270000000000000018e-01,-2.899999999999999800e-03,-1.355999999999999914e-02,-1.430000000000000021e-02,-1.230000000000000017e-02,-1.145000000000000011e-02,4.420000000000000318e-03,-7.900999999999999690e-02,-9.057999999999999385e-02,-9.657999999999999918e-02,-9.024000000000000077e-02,-4.837999999999999939e-02,-7.886999999999999567e-02,-1.086000000000000021e-01,-1.226899999999999935e-01,-1.246000000000000024e-01,2.858399999999999830e-01,2.577999999999999736e-01,2.395200000000000107e-01,9.628499999999999837e-01,7.026999999999999913e-01,-2.921000000000000263e-01,-2.644000000000000239e-01,-2.786000000000000143e-01,-9.801900000000000057e-01,-6.858699999999999797e-01
cmz*c/cref,4.733911398449840331e-03,2.054020681041765842e-02,1.967740035998971626e-02,1.523733828013076885e-02,1.269069913308598987e-02,-4.567078940601696814e-03,8.241865655879219987e-02,8.889759514013885477e-02,8.978429572420378035e-02,7.902004040700877363e-02,3.735064026742093007e-02,5.624833082320096489e-02,7.214223606876536687e-02,7.333743378760605724e-02,6.570662674943980597e-02,-4.622337729126105646e-03,-2.011012305770855033e-02,-1.962251221393674500e-02,-1.551483947397420959e-02,-1.317393518348454994e-02,4.727514968960069668e-03,-8.046333936377327023e-02,-8.761118668038055113e-02,-8.847431161150497159e-02,-7.805131837049553156e-02,-3.887745215442824087e-02,-5.773432915182014069e-02,-7.172614517136244316e-02,-7.225383242111448057e-02,-6.446492671637951699e-02,2.422599786944862610e-01,2.051590070895933093e-01,1.782630437497703946e-01,6.671652481357674969e-01,4.510129577930425682e-01,-2.475655603717444864e-01,-2.104113323292803872e-01,-2.073483800462843918e-01,-6.791802508907908154e-01,-4.402109824413178996e-01
cs,5.729999999999999850e-03,1.345999999999999974e-02,2.114999999999999866e-02,1.645999999999999894e-02,1.299999999999999940e-02,-4.734000000000000014e-02,-3.042999999999999872e-02,-2.271000000000000102e-02,-2.061999999999999944e-02,-2.077000000000000027e-02,-1.052700000000000025e-01,-9.382000000000000062e-02,-8.398999999999999522e-02,-7.091999999999999693e-02,-5.385000000000000203e-02,-5.610000000000000403e-03,-1.307999999999999961e-02,-2.063999999999999863e-02,-1.612999999999999851e-02,-1.273000000000000000e-02,4.750000000000000056e-02,3.048999999999999974e-02,2.211000000000000118e-02,2.009000000000000022e-02,2.019999999999999921e-02,1.016999999999999987e-01,9.009999999999999953e-02,8.154999999999999749e-02,6.934999999999999498e-02,5.285999999999999727e-02,7.119999999999999940e-02,5.761000000000000149e-02,4.873999999999999860e-02,1.841700000000000004e-01,1.192600000000000049e-01,-7.281999999999999584e-02,-5.922999999999999793e-02,-5.655000000000000304e-02,-1.875000000000000000e-01,-1.165800000000000031e-01
cs*c/cref,9.133101788928479209e-03,1.996181831539506693e-02,2.902210722550784341e-02,2.076213477574109442e-02,1.495730632186018788e-02,-5.063361054990264676e-02,-3.098974075230503250e-02,-2.196566625647430535e-02,-1.888942126143334371e-02,-1.796460419498218178e-02,-8.459341439224185577e-02,-6.867801142416338211e-02,-5.547218170297174566e-02,-4.176576571281635786e-02,-2.786064449179002575e-02,-8.941832641516364588e-03,-1.939826029460382448e-02,-2.832228336333247540e-02,-2.034588298497593331e-02,-1.464665457517539890e-02,5.080474231348491160e-02,3.105084441464937492e-02,2.138533161297432456e-02,1.840390267420930620e-02,1.747159387282811935e-02,8.172461521507548565e-02,6.595490118649670330e-02,5.386065505271277198e-02,4.084117106858170532e-02,2.734844322815265655e-02,6.034463505124343374e-02,4.584643288763178004e-02,3.627480274032986174e-02,1.276126330676266296e-01,7.654447893325495855e-02,-6.171764500606104209e-02,-4.713563999191858894e-02,-4.208740449252470345e-02,-1.299200124894390740e-01,-7.482437828306945371e-02
cx,-2.270000000000000143e-02,-2.615999999999999923e-02,-6.830000000000000134e-03,-6.060000000000000282e-03,-6.049999999999999822e-03,-7.139999999999999646e-03,-3.132999999999999674e-02,-2.452999999999999972e-02,-1.985999999999999918e-02,-1.485999999999999995e-02,-1.099999999999999936e-02,-1.378000000000000058e-02,-1.603999999999999870e-02,-1.562000000000000020e-02,-1.359999999999999924e-02,-2.258999999999999897e-02,-2.605000000000000024e-02,-7.349999999999999763e-03,-6.530000000000000214e-03,-6.499999999999999702e-03,-7.230000000000000315e-03,-3.076999999999999874e-02,-2.410999999999999949e-02,-1.952999999999999875e-02,-1.464000000000000024e-02,-1.091999999999999915e-02,-1.366000000000000027e-02,-1.575999999999999970e-02,-1.532000000000000028e-02,-1.332999999999999984e-02,3.939999999999999926e-03,3.510000000000000099e-03,1.100000000000000039e-04,-1.839000000000000010e-02,-5.190000000000000169e-03,3.910000000000000281e-03,3.530000000000000152e-03,3.299999999999999982e-04,-2.119000000000000050e-02,-5.279999999999999971e-03
cx*c/cref,-3.618174705212504061e-02,-3.879652058920764895e-02,-9.372150938544612786e-03,-7.643896521323878882e-03,-6.960900249788779838e-03,-7.636754949858573678e-03,-3.190629568747015143e-02,-2.372601467509091386e-02,-1.819320592881019244e-02,-1.285286559159534020e-02,-8.839437240568636528e-03,-1.008722018146420221e-02,-1.059380634022701224e-02,-9.198833339455605995e-03,-7.036300187341584626e-03,-3.600641700033060250e-02,-3.863338537266281653e-02,-1.008569683723322188e-02,-8.236739980898502914e-03,-7.478653160930093940e-03,-7.733016566873598084e-03,-3.133599483892296478e-02,-2.331978042464092835e-02,-1.789090190280277423e-02,-1.266258090585166765e-02,-8.775150424273590877e-03,-9.999377915733019193e-03,-1.040887705249237717e-02,-9.022159203614588813e-03,-6.896608933622302984e-03,3.339295816037909058e-03,2.793282059288102002e-03,8.186763031260330700e-05,-1.274255482496418346e-02,-3.331090438232376261e-03,3.313869705763508935e-03,2.809198196378062413e-03,2.456028909378098939e-04,-1.468269367813980660e-02,-3.388855012305770197e-03
cy,5.729999999999999850e-03,1.345999999999999974e-02,2.114999999999999866e-02,1.645999999999999894e-02,1.299999999999999940e-02,-4.734000000000000014e-02,-3.042999999999999872e-02,-2.271000000000000102e-02,-2.061999999999999944e-02,-2.077000000000000027e-02,-1.052700000000000025e-01,-9.382000000000000062e-02,-8.398999999999999522e-02,-7.091999999999999693e-02,-5.385000000000000203e-02,-5.610000000000000403e-03,-1.307999999999999961e-02,-2.063999999999999863e-02,-1.612999999999999851e-02,-1.273000000000000000e-02,4.750000000000000056e-02,3.048999999999999974e-02,2.211000000000000118e-02,2.009000000000000022e-02,2.019999999999999921e-02,1.016999999999999987e-01,9.009999999999999953e-02,8.154999999999999749e-02,6.934999999999999498e-02,5.285999999999999727e-02,7.119999999999999940e-02,5.761000000000000149e-02,4.873999999999999860e-02,1.841700000000000004e-01,1.192600000000000049e-01,-7.281999999999999584e-02,-5.922999999999999793e-02,-5.655000000000000304e-02,-1.875000000000000000e-01,-1.165800000000000031e-01
cy*c/cref,9.133101788928479209e-03,1.996181831539506693e-02,2.902210722550784341e-02,2.076213477574109442e-02,1.495730632186018788e-02,-5.063361054990264676e-02,-3.098974075230503250e-02,-2.196566625647430535e-02,-1.888942126143334371e-02,-1.796460419498218178e-02,-8.459341439224185577e-02,-6.867801142416338211e-02,-5.547218170297174566e-02,-4.176576571281635786e-02,-2.786064449179002575e-02,-8.941832641516364588e-03,-1.939826029460382448e-02,-2.832228336333247540e-02,-2.034588298497593331e-02,-1.464665457517539890e-02,5.080474231348491160e-02,3.105084441464937492e-02,2.138533161297432456e-02,1.840390267420930620e-02,1.747159387282811935e-02,8.172461521507548565e-02,6.595490118649670330e-02,5.386065505271277198e-02,4.084117106858170532e-02,2.734844322815265655e-02,6.034463505124343374e-02,4.584643288763178004e-02,3.627480274032986174e-02,1.276126330676266296e-01,7.654447893325495855e-02,-6.171764500606104209e-02,-4.713563999191858894e-02,-4.208740449252470345e-02,-1.299200124894390740e-01,-7.482437828306945371e-02
cz,4.467499999999999805e-01,5.104600000000000248e-01,6.761099999999999888e-01,7.729200000000000514e-01,8.476799999999999891e-01,8.630299999999999638e-01,5.337600000000000122e-01,4.596999999999999975e-01,4.192799999999999860e-01,3.619700000000000140e-01,3.048000000000000154e-01,2.873700000000000143e-01,2.694500000000000228e-01,2.423500000000000099e-01,1.890999999999999903e-01,4.420299999999999785e-01,5.035399999999999876e-01,6.681200000000000472e-01,7.643699999999999939e-01,8.383800000000000141e-01,8.538200000000000234e-01,5.231799999999999784e-01,4.486999999999999877e-01,4.093700000000000117e-01,3.533600000000000074e-01,2.959999999999999853e-01,2.783700000000000063e-01,2.630600000000000160e-01,2.375500000000000111e-01,1.857099999999999862e-01,-7.180000000000000271e-02,-5.893000000000000321e-02,1.909999999999999892e-02,-1.023300000000000043e-01,-1.154099999999999987e-01,-7.334999999999999853e-02,-6.047999999999999904e-02,1.301000000000000073e-02,-1.027399999999999980e-01,-1.133200000000000041e-01
cz*c/cref,7.120790967196855004e-01,7.570363876134150738e-01,9.277606106968372401e-01,9.749373761157843488e-01,9.753084171472649055e-01,9.230740370275133388e-01,5.435781802152591657e-01,4.446330593615692717e-01,3.840910061345185200e-01,3.130788531756235060e-01,2.449327700841200384e-01,2.103602658597509278e-01,1.779614163574918251e-01,1.427232560702346997e-01,9.783561510487452650e-02,7.045558435881422721e-01,7.467736994453217925e-01,9.167967035227565509e-01,9.641526706277777636e-01,9.646081903170111715e-01,9.132232648863092273e-01,5.328035677552069860e-01,4.339935908974029144e-01,3.750127246262351388e-01,3.056318025199279975e-01,2.378612202916651208e-01,2.037720959299121892e-01,1.737410658266906605e-01,1.398964698967784526e-01,9.608171380817688567e-02,-6.085315725673143966e-02,-4.689689793556918451e-02,1.421519762700657226e-02,-7.090514601623626456e-02,-7.407343882011532821e-02,-6.216683962090878424e-02,-4.813039856004113631e-02,9.682707912426992067e-03,-7.118923777687984067e-02,-7.273201704441095705e-02
Results_Name,VSPAERO_Comp_Load
Results_Timestamp,1759253980
Results_Date,9,30,2025
Results_Time,13,39,40
AoA,3.000000000000000000e+00,3.000000000000000000e+00,3.000000000000000000e+00,3.000000000000000000e+00,3.000000000000000000e+00,3.000000000000000000e+00,3.000000000000000000e+00,3.000000000000000000e+00,3.000000000000000000e+00
Beta,0.000000000000000000e+00,0.000000000000000000e+00,0.000000000000000000e+00,0.000000000000000000e+00,0.000000000000000000e+00,0.000000000000000000e+00,0.000000000000000000e+00,0.000000000000000000e+00,0.000000000000000000e+00
CDi,0.000000000000000000e+00,5.839999999999999705e-03,5.660000000000000100e-03,-4.600000000000000139e-04,-5.000000000000000104e-04,0.000000000000000000e+00,0.000000000000000000e+00,0.000000000000000000e+00,0.000000000000000000e+00
CFx,0.000000000000000000e+00,-8.840000000000000635e-03,-8.779999999999999610e-03,-2.000000000000000096e-04,-2.400000000000000061e-04,0.000000000000000000e+00,0.000000000000000000e+00,0.000000000000000000e+00,0.000000000000000000e+00
CFy,0.000000000000000000e+00,-8.649999999999999703e-03,8.569999999999999493e-03,7.110000000000000001e-03,-7.300000000000000065e-03,0.000000000000000000e+00,0.000000000000000000e+00,0.000000000000000000e+00,0.000000000000000000e+00
CFz,0.000000000000000000e+00,2.802299999999999791e-01,2.757499999999999951e-01,-4.890000000000000249e-03,-5.009999999999999697e-03,0.000000000000000000e+00,0.000000000000000000e+00,0.000000000000000000e+00,0.000000000000000000e+00
CL,0.000000000000000000e+00,2.803100000000000036e-01,2.758300000000000196e-01,-4.870000000000000197e-03,-4.989999999999999644e-03,0.000000000000000000e+00,0.000000000000000000e+00,0.000000000000000000e+00,0.000000000000000000e+00
Cmx,0.000000000000000000e+00,5.437000000000000166e-02,-5.331999999999999934e-02,-2.700000000000000035e-04,2.700000000000000035e-04,-6.999999999999999387e-05,6.999999999999999387e-05,-0.000000000000000000e+00,0.000000000000000000e+00
Cmy,0.000000000000000000e+00,-8.676000000000000378e-02,-8.445999999999999341e-02,1.704999999999999918e-02,1.742000000000000146e-02,5.089999999999999906e-03,4.950000000000000407e-03,-0.000000000000000000e+00,1.000000000000000082e-05
Cmz,0.000000000000000000e+00,1.869999999999999917e-03,-1.850000000000000082e-03,1.979999999999999989e-03,-2.030000000000000120e-03,-1.000000000000000082e-05,1.000000000000000082e-05,1.000000000000000082e-05,3.000000000000000076e-05
Comp_ID,0,1,2,3,4,5,6,7,8
Comp_Name,NONE,main_wing,main_wing,horizontal_tail,horizontal_tail,fuselage,fuselage,fuselage,fuselage
Cs,0.000000000000000000e+00,-8.649999999999999703e-03,8.569999999999999493e-03,7.110000000000000001e-03,-7.300000000000000065e-03,0.000000000000000000e+00,0.000000000000000000e+00,0.000000000000000000e+00,0.000000000000000000e+00
Mach,1.499999999999999944e-01,1.499999999999999944e-01,1.499999999999999944e-01,1.499999999999999944e-01,1.499999999999999944e-01,1.499999999999999944e-01,1.499999999999999944e-01,1.499999999999999944e-01,1.499999999999999944e-01
Results_Name,VSPAERO_Load
Results_Timestamp,1759253980
Results_Date,9,30,2025
Results_Time,13,39,40
AnalysisMethod,0
Chord,1.735640000000000072e+00,1.614919999999999911e+00,1.494220000000000104e+00,1.373529999999999918e+00,1.252869999999999928e+00,1.164679999999999938e+00,1.108950000000000102e+00,1.053230000000000111e+00,9.975300000000000278e-01,9.418400000000000105e-01,8.750400000000000400e-01,7.971099999999999852e-01,7.191899999999999959e-01,6.412799999999999612e-01,5.633799999999999919e-01,1.735640000000000072e+00,1.614919999999999911e+00,1.494220000000000104e+00,1.373529999999999918e+00,1.252869999999999928e+00,1.164679999999999938e+00,1.108950000000000102e+00,1.053230000000000111e+00,9.975300000000000278e-01,9.418400000000000105e-01,8.750400000000000400e-01,7.971099999999999852e-01,7.191899999999999959e-01,6.412799999999999612e-01,5.633799999999999919e-01,9.229000000000000536e-01,8.665699999999999514e-01,8.104299999999999837e-01,7.545199999999999685e-01,6.988999999999999657e-01,9.229000000000000536e-01,8.665699999999999514e-01,8.104299999999999837e-01,7.545199999999999685e-01,6.988999999999999657e-01
FC_AoA_,4.000000000000000000e+00
FC_Beta_,0.000000000000000000e+00
FC_Bref_,1.417173599999999922e+01
FC_Cref_,1.088920000000000110e+00
FC_Mach_,1.499999999999999944e-01
FC_Pitch_Rate,0.000000000000000000e+00
FC_Rho_,2.377000000000000206e-03
FC_Roll__Rate,0.000000000000000000e+00
FC_Sref_,1.619368700000000061e+01
FC_Vinf_,5.100000000000000000e+01
FC_Xcg_,1.774861999999999940e+00
FC_Yaw___Rate,0.000000000000000000e+00
FC_Ycg_,0.000000000000000000e+00
FC_Zcg_,7.545150000000000468e-01
S,3.314000000000000279e-02,8.981999999999999706e-02,1.368900000000000117e-01,1.839600000000000124e-01,2.310300000000000131e-01,2.997400000000000064e-01,4.117600000000000149e-01,5.454599999999999449e-01,6.791599999999999859e-01,8.128699999999999815e-01,9.157600000000000184e-01,9.578299999999999592e-01,9.698799999999999644e-01,9.819299999999999695e-01,9.939799999999999747e-01,3.314000000000000279e-02,8.981999999999999706e-02,1.368900000000000117e-01,1.839600000000000124e-01,2.310300000000000131e-01,2.997400000000000064e-01,4.117600000000000149e-01,5.454599999999999449e-01,6.791599999999999859e-01,8.128699999999999815e-01,9.157600000000000184e-01,9.578299999999999592e-01,9.698799999999999644e-01,9.819299999999999695e-01,9.939799999999999747e-01,1.020299999999999957e-01,3.035599999999999965e-01,5.025399999999999867e-01,7.015200000000000324e-01,9.005100000000000326e-01,1.020299999999999957e-01,3.035599999999999965e-01,5.025399999999999867e-01,7.015200000000000324e-01,9.005100000000000326e-01
V/Vref,1.003500000000000059e+00,1.003509999999999902e+00,1.004129999999999967e+00,1.004119999999999902e+00,1.005300000000000082e+00,1.004099999999999993e+00,1.003039999999999932e+00,1.000680000000000014e+00,1.000170000000000003e+00,1.000350000000000072e+00,1.006420000000000092e+00,1.006299999999999972e+00,1.006320000000000103e+00,1.005889999999999951e+00,1.007050000000000001e+00,1.004050000000000109e+00,1.003810000000000091e+00,1.004219999999999891e+00,1.004210000000000047e+00,1.005270000000000108e+00,1.004040000000000044e+00,1.003039999999999932e+00,1.000639999999999974e+00,1.000119999999999898e+00,1.000289999999999901e+00,1.006219999999999892e+00,1.006119999999999903e+00,1.006140000000000034e+00,1.005730000000000013e+00,1.006879999999999997e+00,9.844300000000000272e-01,9.908900000000000485e-01,9.937500000000000222e-01,1.006750000000000034e+00,1.001759999999999984e+00,9.835300000000000153e-01,9.905399999999999761e-01,9.926099999999999923e-01,1.008890000000000065e+00,1.002089999999999925e+00
WingId,1,1,1,1,1,1,1,1,1,1,1,1,1,1,1,2,2,2,2,2,2,2,2,2,2,2,2,2,2,2,3,3,3,3,3,4,4,4,4,4
Xavg,2.391169999999999796e+00,2.380489999999999995e+00,2.369810000000000194e+00,2.359129999999999949e+00,2.348450000000000149e+00,2.336259999999999781e+00,2.322589999999999932e+00,2.308860000000000134e+00,2.295059999999999878e+00,2.281190000000000051e+00,2.284749999999999837e+00,2.305000000000000160e+00,2.325239999999999974e+00,2.345470000000000166e+00,2.365699999999999914e+00,2.391169999999999796e+00,2.380489999999999995e+00,2.369810000000000194e+00,2.359129999999999949e+00,2.348450000000000149e+00,2.336259999999999781e+00,2.322589999999999932e+00,2.308860000000000134e+00,2.295059999999999878e+00,2.281190000000000051e+00,2.284749999999999837e+00,2.305000000000000160e+00,2.325239999999999974e+00,2.345470000000000166e+00,2.365699999999999914e+00,5.722059999999999924e+00,5.820210000000000328e+00,5.918350000000000222e+00,6.016490000000000116e+00,6.114630000000000010e+00,5.722059999999999924e+00,5.820210000000000328e+00,5.918350000000000222e+00,6.016490000000000116e+00,6.114630000000000010e+00
Yavg,1.718899999999999872e-01,5.195499999999999563e-01,8.671900000000000164e-01,1.214790000000000036e+00,1.562359999999999971e+00,2.229140000000000121e+00,3.217070000000000096e+00,4.204979999999999940e+00,5.192870000000000097e+00,6.180740000000000123e+00,6.716649999999999565e+00,6.791660000000000252e+00,6.866660000000000430e+00,6.941650000000000098e+00,7.016610000000000014e+00,-1.718899999999999872e-01,-5.195499999999999563e-01,-8.671900000000000164e-01,-1.214790000000000036e+00,-1.562359999999999971e+00,-2.229140000000000121e+00,-3.217070000000000096e+00,-4.204979999999999940e+00,-5.192870000000000097e+00,-6.180740000000000123e+00,-6.716649999999999565e+00,-6.791660000000000252e+00,-6.866660000000000430e+00,-6.941650000000000098e+00,-7.016610000000000014e+00,1.078800000000000037e-01,3.257399999999999740e-01,5.435900000000000176e-01,7.614400000000000057e-01,9.792699999999999738e-01,-1.078800000000000037e-01,-3.257399999999999740e-01,-5.435900000000000176e-01,-7.614400000000000057e-01,-9.792699999999999738e-01
Zavg,1.027309999999999945e+00,1.024350000000000094e+00,1.021379999999999955e+00,1.018420000000000103e+00,1.015449999999999964e+00,1.037979999999999903e+00,1.086500000000000021e+00,1.135019999999999918e+00,1.183540000000000036e+00,1.232069999999999999e+00,1.270329999999999959e+00,1.298289999999999944e+00,1.326240000000000085e+00,1.354190000000000005e+00,1.382130000000000081e+00,1.027309999999999945e+00,1.024350000000000094e+00,1.021379999999999955e+00,1.018420000000000103e+00,1.015449999999999964e+00,1.037979999999999903e+00,1.086500000000000021e+00,1.135019999999999918e+00,1.183540000000000036e+00,1.232069999999999999e+00,1.270329999999999959e+00,1.298289999999999944e+00,1.326240000000000085e+00,1.354190000000000005e+00,1.382130000000000081e+00,3.777900000000000147e-01,5.956799999999999873e-01,8.135799999999999699e-01,1.031470000000000109e+00,1.249349999999999961e+00,3.777900000000000147e-01,5.956799999999999873e-01,8.135799999999999699e-01,1.031470000000000109e+00,1.249349999999999961e+00
cd,4.980000000000000052e-03,4.409999999999999858e-03,3.527000000000000274e-02,4.023000000000000187e-02,4.358000000000000068e-02,4.347000000000000169e-02,-2.569999999999999802e-03,4.400000000000000157e-04,3.779999999999999940e-03,6.570000000000000319e-03,7.860000000000000667e-03,2.399999999999999790e-03,-2.340000000000000066e-03,-3.799999999999999992e-03,-4.950000000000000407e-03,4.810000000000000039e-03,4.109999999999999938e-03,3.438999999999999696e-02,3.937000000000000222e-02,4.272000000000000103e-02,4.263999999999999735e-02,-2.729999999999999788e-03,2.999999999999999737e-04,3.599999999999999901e-03,6.340000000000000149e-03,7.599999999999999985e-03,2.259999999999999856e-03,-2.330000000000000040e-03,-3.729999999999999809e-03,-4.859999999999999737e-03,-5.500000000000000331e-04,-2.200000000000000078e-04,8.400000000000000348e-04,-1.918999999999999873e-02,-1.039999999999999952e-02,-5.599999999999999509e-04,-2.400000000000000061e-04,8.800000000000000313e-04,-2.103999999999999967e-02,-1.051999999999999984e-02
cd*c/cref,7.937669617602761962e-03,6.540239136024683479e-03,4.839762278220623160e-02,5.074487740146198939e-02,5.014149303897438847e-02,4.649436101825661638e-02,-2.617273537082613448e-03,4.255787385666532263e-04,3.462755206994085587e-03,5.682592660617859226e-03,6.316179700988135484e-03,1.756845314623663428e-03,-1.545480476068030601e-03,-2.237872387319545485e-03,-2.561006318186826933e-03,7.666704992102266539e-03,6.095324909084228956e-03,4.719008356904088458e-02,4.966010000734671914e-02,4.915200969768209610e-02,4.560661499467361102e-02,-2.780216636667523240e-03,2.901673217499907745e-04,3.297862101899128821e-03,5.483658670976747015e-03,6.107247548029239720e-03,1.654362671270616283e-03,-1.538875858648936336e-03,-2.196648422289974954e-03,-2.514442566947066096e-03,-4.661453550306726159e-04,-1.750775079895676380e-04,6.251709951144253027e-04,-1.329688021158578932e-02,-6.675017448481062286e-03,-4.746207251221392872e-04,-1.909936450795283200e-04,6.549410425008264560e-04,-1.457875766814825495e-02,-6.752036880578920867e-03
cl,5.284900000000000153e-01,6.005200000000000538e-01,7.680399999999999450e-01,8.667399999999999549e-01,9.459499999999999575e-01,9.665099999999999802e-01,6.386300000000000310e-01,5.577999999999999625e-01,5.138300000000000090e-01,4.460600000000000120e-01,3.770100000000000118e-01,3.561300000000000021e-01,3.352299999999999724e-01,3.026400000000000201e-01,2.382199999999999873e-01,5.232900000000000329e-01,5.937799999999999745e-01,7.608500000000000263e-01,8.591199999999999948e-01,9.377499999999999725e-01,9.576400000000000468e-01,6.294600000000000195e-01,5.495200000000000085e-01,5.062299999999999578e-01,4.393000000000000238e-01,3.711900000000000199e-01,3.511699999999999822e-01,3.310799999999999854e-01,2.993399999999999950e-01,2.357799999999999896e-01,-4.846999999999999920e-02,-3.767000000000000209e-02,2.306000000000000064e-02,-9.689000000000000390e-02,-1.013499999999999956e-01,-5.168999999999999984e-02,-4.032000000000000167e-02,1.703000000000000000e-02,-1.032700000000000007e-01,-1.021999999999999992e-01
cl*c/cref,8.423652642985710592e-01,8.905996385409395977e-01,1.053907292363075232e+00,1.093279021599382617e+00,1.088374147320280372e+00,1.033753505124343164e+00,6.503771980494434946e-01,5.395177735738162506e-01,4.707056899496748770e-01,3.858108496491936545e-01,3.029596576424347099e-01,2.606938841237188553e-01,2.214065897402930916e-01,1.782288682364177035e-01,1.232490757815082466e-01,8.340769345773794141e-01,8.806038989090105851e-01,1.044041148110053996e+00,1.083667389339896259e+00,1.078939538717260893e+00,1.024266387980751425e+00,6.410385216544832732e-01,5.315091554935165163e-01,4.637435366234433087e-01,3.799639202145244643e-01,2.982827917569702003e-01,2.570630704734966354e-01,2.186656735113690353e-01,1.762854527421665041e-01,1.219866807478969667e-01,-4.108011883333945180e-02,-2.997804420894096752e-02,1.716243231826029489e-02,-6.713573338720933703e-02,-6.504932869264958006e-02,-4.380918800279175185e-02,-3.208693237336075754e-02,1.267459767476031111e-02,-7.155647834551664976e-02,-6.559488300334274935e-02
cmx,5.172000000000000208e-02,1.909200000000000064e-01,4.430600000000000094e-01,7.653699999999999948e-01,1.179499999999999993e+00,1.868470000000000075e+00,1.862030000000000074e+00,2.233839999999999826e+00,2.683009999999999895e+00,2.937539999999999818e+00,2.966730000000000089e+00,3.105649999999999800e+00,3.271100000000000119e+00,3.343150000000000066e+00,3.026450000000000085e+00,-5.120999999999999858e-02,-1.887900000000000134e-01,-4.389299999999999868e-01,-7.586300000000000265e-01,-1.169249999999999901e+00,-1.851259999999999906e+00,-1.835239999999999982e+00,-2.200639999999999930e+00,-2.643269999999999786e+00,-2.892939999999999845e+00,-2.920659999999999812e+00,-3.062009999999999899e+00,-3.230510000000000215e+00,-3.306599999999999984e+00,-2.995530000000000026e+00,1.461999999999999932e-02,-7.199999999999999803e-03,1.992000000000000021e-02,-1.620300000000000074e-01,-2.159000000000000086e-01,-1.558999999999999969e-02,7.620000000000000037e-03,-1.431999999999999940e-02,1.706799999999999984e-01,2.174699999999999966e-01
cmx*c/cref,8.243700253462145355e-02,2.831434140249053932e-01,6.079685497557213436e-01,9.654140396907024968e-01,1.357087908202622373e+00,1.998466039378466563e+00,1.896280873250560051e+00,2.160624566726664586e+00,2.457832499448994845e+00,2.540767617088490749e+00,2.384020331337472154e+00,2.273394438067075196e+00,2.160436403959886675e+00,1.968827124122983996e+00,1.565809610439701460e+00,-8.162410865811996208e-02,-2.799845230136281393e-01,-6.023013486757521351e-01,-9.569124122065898463e-01,-1.345294647448848080e+00,-1.980058679058148918e+00,-1.868998088013811731e+00,-2.128512716452999332e+00,-2.421427766135252568e+00,-2.502191721705909977e+00,-2.346999161003562762e+00,-2.241449134096168194e+00,-2.133628261855783581e+00,-1.947302325239686605e+00,-1.549812375013774890e+00,1.239099107372442291e-02,-5.729809352385849437e-03,1.482548359842779905e-02,-1.122716779928736724e-01,-1.385707949160635832e-01,-1.321310197259670076e-02,6.064048231275024139e-03,-1.065767696433162978e-02,1.182653212357197836e-01,1.395784658193439109e-01
cmy,-8.376999999999999724e-02,-1.133500000000000063e-01,-1.880199999999999927e-01,-2.388599999999999890e-01,-2.878299999999999748e-01,-3.149000000000000132e-01,-1.770200000000000107e-01,-1.566500000000000115e-01,-1.472499999999999920e-01,-1.287600000000000133e-01,-1.269599999999999895e-01,-1.496800000000000075e-01,-1.780100000000000016e-01,-1.999499999999999889e-01,-2.008600000000000108e-01,-8.144999999999999463e-02,-1.102599999999999969e-01,-1.848200000000000121e-01,-2.354600000000000026e-01,-2.840900000000000092e-01,-3.107599999999999807e-01,-1.725500000000000089e-01,-1.526200000000000057e-01,-1.434400000000000119e-01,-1.251299999999999912e-01,-1.234999999999999987e-01,-1.464799999999999991e-01,-1.749600000000000044e-01,-1.972299999999999887e-01,-1.984499999999999875e-01,1.938300000000000023e-01,1.716499999999999970e-01,-1.190100000000000047e-01,4.830599999999999894e-01,5.947900000000000409e-01,2.066999999999999948e-01,1.823799999999999866e-01,-8.901000000000000578e-02,5.176600000000000090e-01,5.989999999999999769e-01
cmy*c/cref,-1.335218039892737685e-01,-1.681034254123351390e-01,-2.580017305219851065e-01,-3.012906143702016037e-01,-3.311662675862321326e-01,-3.368087022003452558e-01,-1.802761718032546145e-01,-1.515157031737868754e-01,-1.348917206957352122e-01,-1.113684369834331278e-01,-1.020231774602358144e-01,-1.095685861220291463e-01,-1.175687946772949188e-01,-1.177533115380376555e-01,-1.039199452668699147e-01,-1.298239338059728742e-01,-1.635208088748484334e-01,-2.536106788377475163e-01,-2.970019595562575221e-01,-3.268631656136354868e-01,-3.323806678176541296e-01,-1.757239489586011894e-01,-1.476177888182786668e-01,-1.314014833045586417e-01,-1.082287396686625047e-01,-9.924277265547513938e-02,-1.072261257025309278e-01,-1.155543863644712121e-01,-1.161514660397457710e-01,-1.026730714836718711e-01,1.642780984829004809e-01,1.366002465745876637e-01,-8.857333348639018222e-02,3.347155265767916554e-01,3.817532334790433857e-01,1.751858997906182158e-01,1.451392541233515465e-01,-6.624579794658927434e-02,3.586900995481761556e-01,3.844553318884765813e-01
cmz,3.910000000000000281e-03,1.847999999999999990e-02,2.194000000000000117e-02,2.423000000000000154e-02,3.125000000000000000e-02,2.212000000000000077e-02,1.206499999999999934e-01,1.466000000000000081e-01,1.605600000000000083e-01,1.532100000000000128e-01,9.432999999999999718e-02,1.413200000000000012e-01,1.922699999999999965e-01,2.165900000000000047e-01,2.179399999999999948e-01,-3.830000000000000071e-03,-1.820000000000000090e-02,-2.187000000000000055e-02,-2.437999999999999889e-02,-3.150000000000000022e-02,-2.284999999999999878e-02,-1.196200000000000041e-01,-1.450700000000000045e-01,-1.589500000000000079e-01,-1.519399999999999917e-01,-9.482000000000000151e-02,-1.410700000000000010e-01,-1.905900000000000094e-01,-2.142900000000000083e-01,-2.154500000000000026e-01,1.924399999999999999e-01,1.661900000000000044e-01,1.426900000000000113e-01,8.269499999999999629e-01,6.122199999999999864e-01,-2.049999999999999878e-01,-1.766900000000000137e-01,-1.809099999999999875e-01,-8.759799999999999809e-01,-6.145399999999999752e-01
cmz*c/cref,6.232186386511406016e-03,2.740671637953200762e-02,3.010614811005399988e-02,3.056297239466626917e-02,3.595506327370237565e-02,2.365896631524813318e-02,1.228692810307460415e-01,1.417950978951621754e-01,1.470846497447011736e-01,1.325159850126731154e-01,7.580219226389449394e-02,1.034489082760900597e-01,1.269869791169231654e-01,1.275528369393527373e-01,1.127567105021488880e-01,-6.104673621569995691e-03,-2.699146310105425203e-02,-3.001009385446130190e-02,-3.075217775410497845e-02,-3.624270377989199238e-02,-2.443975498659221521e-02,-1.218203348271681974e-01,-1.403152445542372173e-01,-1.456097725269073773e-01,-1.314175234176982454e-01,-7.619594901370164985e-02,-1.032659035558167598e-01,-1.258774033905153689e-01,-1.261983352312382733e-01,-1.114684467178488625e-01,1.631000220401865874e-01,1.322551411490283935e-01,1.061972015391396962e-01,5.729992230834219935e-01,3.929403059912572882e-01,-1.737450868750688437e-01,-1.406111131212577636e-01,-1.346424818168460158e-01,-6.069724402159937249e-01,-3.944293483451492000e-01
cs,7.429999999999999973e-03,1.658000000000000099e-02,2.434000000000000052e-02,1.840999999999999928e-02,1.546999999999999938e-02,-5.738000000000000045e-02,-4.030000000000000249e-02,-2.730000000000000135e-02,-2.505999999999999894e-02,-2.624999999999999903e-02,-1.275300000000000045e-01,-1.122500000000000026e-01,-9.962999999999999634e-02,-8.286999999999999922e-02,-6.302000000000000657e-02,-7.289999999999999605e-03,-1.623000000000000137e-02,-2.391000000000000070e-02,-1.813999999999999987e-02,-1.524000000000000007e-02,5.680999999999999939e-02,3.967999999999999999e-02,2.683999999999999928e-02,2.464999999999999830e-02,2.576000000000000165e-02,1.251800000000000135e-01,1.102800000000000030e-01,9.818999999999999950e-02,8.187999999999999445e-02,6.237000000000000183e-02,4.793000000000000038e-02,3.656999999999999834e-02,2.808000000000000079e-02,1.586500000000000132e-01,1.038700000000000040e-01,-5.104999999999999816e-02,-3.917000000000000343e-02,-3.583000000000000074e-02,-1.675599999999999867e-01,-1.044000000000000067e-01
cs*c/cref,1.184274804393343865e-02,2.458892627557579535e-02,3.339943687323219251e-02,2.322180444844432548e-02,1.779919452301362282e-02,-6.137212871468977066e-02,-4.104129320794915742e-02,-2.640522627924916585e-02,-2.295678452044227005e-02,-2.270442273077911619e-02,-1.024812210263380263e-01,-8.216911940271093284e-02,-6.580180334643498385e-02,-4.880328545715019450e-02,-3.260497336810784519e-02,-1.161960070528597101e-02,-2.406985967747860000e-02,-3.280938930316276703e-02,-2.288123480145464600e-02,-1.753456525731917487e-02,6.076247180692795347e-02,4.040988869705763181e-02,2.596030305256584458e-02,2.258119466994819996e-02,2.228060683980457451e-02,1.005927957976710946e-01,8.072704220695733901e-02,6.485073843808543403e-02,4.822026080887483607e-02,3.226867960915402039e-02,4.062244884840025133e-02,2.910265666899312584e-02,2.089857326525364559e-02,1.099296532343973787e-01,6.666673676670460680e-02,-4.326676431693787794e-02,-3.117175449068802090e-02,-2.666651994636887527e-02,-1.161034522278955178e-01,-6.700690592513681987e-02
cx,-3.189999999999999780e-02,-3.749000000000000249e-02,-1.839000000000000010e-02,-2.033000000000000085e-02,-2.251999999999999835e-02,-2.406000000000000152e-02,-4.710999999999999910e-02,-3.846999999999999725e-02,-3.207000000000000128e-02,-2.455999999999999850e-02,-1.845000000000000112e-02,-2.244000000000000161e-02,-2.571999999999999981e-02,-2.489999999999999852e-02,-2.154999999999999971e-02,-3.171000000000000207e-02,-3.731999999999999901e-02,-1.876999999999999849e-02,-2.066000000000000128e-02,-2.279000000000000123e-02,-2.426000000000000031e-02,-4.662999999999999784e-02,-3.803000000000000130e-02,-3.171999999999999820e-02,-2.432000000000000134e-02,-1.830999999999999989e-02,-2.223999999999999935e-02,-2.542000000000000162e-02,-2.460000000000000034e-02,-2.129999999999999949e-02,2.830000000000000050e-03,2.409999999999999816e-03,-7.699999999999999597e-04,-1.238000000000000038e-02,-3.299999999999999982e-03,3.050000000000000194e-03,2.569999999999999802e-03,-3.099999999999999999e-04,-1.378000000000000058e-02,-3.360000000000000139e-03
cx*c/cref,-5.084571502038716384e-02,-5.559944789332549320e-02,-2.523482514785291980e-02,-2.564363304925981399e-02,-2.591065679756087911e-02,-2.573393894868309523e-02,-4.797655888403187796e-02,-3.720912289240715237e-02,-2.937845489108474248e-02,-2.124269037211181516e-02,-1.482614700804466869e-02,-1.642650369173125416e-02,-1.698707600191014591e-02,-1.466395327480438972e-02,-1.114943154685376150e-02,-5.054287220365132755e-02,-5.534732983139255963e-02,-2.575626253535613294e-02,-2.605988484002497510e-02,-2.622130854424567156e-02,-2.594785365316092454e-02,-4.748772958527715249e-02,-3.678354415384050419e-02,-2.905782940895565783e-02,-2.103510707857326328e-02,-1.471364507952833967e-02,-1.628009991551261637e-02,-1.678893747933732361e-02,-1.448727913896337427e-02,-1.102008779340998140e-02,2.398529735885097155e-03,1.917894519340263351e-03,-5.730734121882231219e-04,-8.578185357969364544e-03,-2.118034382691106211e-03,2.584987877897366310e-03,2.045223616059948808e-03,-2.307178672446093173e-04,-9.548254784557175245e-03,-2.156544098740035501e-03
cy,7.429999999999999973e-03,1.658000000000000099e-02,2.434000000000000052e-02,1.840999999999999928e-02,1.546999999999999938e-02,-5.738000000000000045e-02,-4.030000000000000249e-02,-2.730000000000000135e-02,-2.505999999999999894e-02,-2.624999999999999903e-02,-1.275300000000000045e-01,-1.122500000000000026e-01,-9.962999999999999634e-02,-8.286999999999999922e-02,-6.302000000000000657e-02,-7.289999999999999605e-03,-1.623000000000000137e-02,-2.391000000000000070e-02,-1.813999999999999987e-02,-1.524000000000000007e-02,5.680999999999999939e-02,3.967999999999999999e-02,2.683999999999999928e-02,2.464999999999999830e-02,2.576000000000000165e-02,1.251800000000000135e-01,1.102800000000000030e-01,9.818999999999999950e-02,8.187999999999999445e-02,6.237000000000000183e-02,4.793000000000000038e-02,3.656999999999999834e-02,2.808000000000000079e-02,1.586500000000000132e-01,1.038700000000000040e-01,-5.104999999999999816e-02,-3.917000000000000343e-02,-3.583000000000000074e-02,-1.675599999999999867e-01,-1.044000000000000067e-01
cy*c/cref,1.184274804393343865e-02,2.458892627557579535e-02,3.339943687323219251e-02,2.322180444844432548e-02,1.779919452301362282e-02,-6.137212871468977066e-02,-4.104129320794915742e-02,-2.640522627924916585e-02,-2.295678452044227005e-02,-2.270442273077911619e-02,-1.024812210263380263e-01,-8.216911940271093284e-02,-6.580180334643498385e-02,-4.880328545715019450e-02,-3.260497336810784519e-02,-1.161960070528597101e-02,-2.406985967747860000e-02,-3.280938930316276703e-02,-2.288123480145464600e-02,-1.753456525731917487e-02,6.076247180692795347e-02,4.040988869705763181e-02,2.596030305256584458e-02,2.258119466994819996e-02,2.228060683980457451e-02,1.005927957976710946e-01,8.072704220695733901e-02,6.485073843808543403e-02,4.822026080887483607e-02,3.226867960915402039e-02,4.062244884840025133e-02,2.910265666899312584e-02,2.089857326525364559e-02,1.099296532343973787e-01,6.666673676670460680e-02,-4.326676431693787794e-02,-3.117175449068802090e-02,-2.666651994636887527e-02,-1.161034522278955178e-01,-6.700690592513681987e-02
cz,5.275499999999999634e-01,5.993699999999999584e-01,7.686300000000000354e-01,8.674300000000000344e-01,9.466900000000000315e-01,9.671800000000000397e-01,6.368899999999999562e-01,5.564700000000000202e-01,5.128399999999999626e-01,4.454299999999999926e-01,3.766399999999999748e-01,3.554300000000000237e-01,3.342499999999999916e-01,3.016400000000000192e-01,2.372900000000000009e-01,5.223499999999999810e-01,5.926200000000000356e-01,7.613900000000000112e-01,8.597700000000000342e-01,9.384500000000000064e-01,9.582800000000000207e-01,6.277300000000000102e-01,5.482099999999999751e-01,5.052499999999999769e-01,4.386700000000000044e-01,3.708099999999999730e-01,3.504700000000000037e-01,3.301200000000000245e-01,2.983500000000000041e-01,2.348699999999999954e-01,-4.839000000000000246e-02,-3.758999999999999841e-02,2.307000000000000023e-02,-9.800000000000000377e-02,-1.018300000000000038e-01,-5.160000000000000003e-02,-4.023999999999999799e-02,1.704999999999999918e-02,-1.044899999999999995e-01,-1.026900000000000035e-01
cz*c/cref,8.408669893105094051e-01,8.888941340043343686e-01,1.054716892517356674e+00,1.094149366252800792e+00,1.089225563218601645e+00,1.034470119384343967e+00,6.486051918414574846e-01,5.382313651140580024e-01,4.697987778716525287e-01,3.852659435036549507e-01,3.026623311170700825e-01,2.601814709069536491e-01,2.207593372332218862e-01,1.776399544502809957e-01,1.227679170186973950e-01,8.325786595893177600e-01,8.788835638981742360e-01,1.044782138081769229e+00,1.084487279230797352e+00,1.079744932134591773e+00,1.024950915035080401e+00,6.392766993902214701e-01,5.302420915218748476e-01,4.628457852734819133e-01,3.794190140689857604e-01,2.979774293795687257e-01,2.565506572567313737e-01,2.180316302391360206e-01,1.757024280938911664e-01,1.215158694853616106e-01,-4.101231587260772277e-02,-2.991437966058112241e-02,1.716987483010689458e-02,-6.790485986114681849e-02,-6.535740642104101439e-02,-4.373290967196855061e-02,-3.202326782500091590e-02,1.268948269845351223e-02,-7.240182456011459711e-02,-6.590937901774233942e-02
Results_Name,VSPAERO_Comp_Load
Results_Timestamp,1759253980
Results_Date,9,30,2025
Results_Time,13,39,40
AoA,4.000000000000000000e+00,4.000000000000000000e+00,4.000000000000000000e+00,4.000000000000000000e+00,4.000000000000000000e+00,4.000000000000000000e+00,4.000000000000000000e+00,4.000000000000000000e+00,4.000000000000000000e+00
Beta,0.000000000000000000e+00,0.000000000000000000e+00,0.000000000000000000e+00,0.000000000000000000e+00,0.000000000000000000e+00,0.000000000000000000e+00,0.000000000000000000e+00,0.000000000000000000e+00,0.000000000000000000e+00
CDi,0.000000000000000000e+00,7.409999999999999920e-03,7.210000000000000263e-03,-4.099999999999999912e-04,-4.400000000000000157e-04,0.000000000000000000e+00,0.000000000000000000e+00,0.000000000000000000e+00,0.000000000000000000e+00
CFx,0.000000000000000000e+00,-1.545000000000000019e-02,-1.537999999999999957e-02,-1.399999999999999877e-04,-1.499999999999999869e-04,0.000000000000000000e+00,0.000000000000000000e+00,0.000000000000000000e+00,0.000000000000000000e+00
CFy,0.000000000000000000e+00,-1.081000000000000016e-02,1.065999999999999934e-02,5.490000000000000088e-03,-5.830000000000000113e-03,0.000000000000000000e+00,0.000000000000000000e+00,0.000000000000000000e+00,0.000000000000000000e+00
CFz,0.000000000000000000e+00,3.270500000000000074e-01,3.232300000000000173e-01,-3.840000000000000097e-03,-4.129999999999999991e-03,0.000000000000000000e+00,0.000000000000000000e+00,0.000000000000000000e+00,0.000000000000000000e+00
CL,0.000000000000000000e+00,3.273400000000000198e-01,3.235100000000000198e-01,-3.820000000000000045e-03,-4.109999999999999938e-03,0.000000000000000000e+00,0.000000000000000000e+00,0.000000000000000000e+00,0.000000000000000000e+00
Cmx,0.000000000000000000e+00,6.464000000000000301e-02,-6.378999999999999948e-02,-2.400000000000000061e-04,2.500000000000000052e-04,-6.999999999999999387e-05,6.999999999999999387e-05,-0.000000000000000000e+00,0.000000000000000000e+00
Cmy,0.000000000000000000e+00,-9.951999999999999735e-02,-9.753000000000000558e-02,1.353000000000000036e-02,1.456999999999999962e-02,7.919999999999999957e-03,7.790000000000000049e-03,-0.000000000000000000e+00,1.000000000000000082e-05
Cmz,0.000000000000000000e+00,3.200000000000000153e-03,-3.180000000000000101e-03,1.529999999999999893e-03,-1.629999999999999939e-03,-0.000000000000000000e+00,0.000000000000000000e+00,1.000000000000000082e-05,3.000000000000000076e-05
Comp_ID,0,1,2,3,4,5,6,7,8
Comp_Name,NONE,main_wing,main_wing,horizontal_tail,horizontal_tail,fuselage,fuselage,fuselage,fuselage
Cs,0.000000000000000000e+00,-1.081000000000000016e-02,1.065999999999999934e-02,5.490000000000000088e-03,-5.830000000000000113e-03,0.000000000000000000e+00,0.000000000000000000e+00,0.000000000000000000e+00,0.000000000000000000e+00
Mach,1.499999999999999944e-01,1.499999999999999944e-01,1.499999999999999944e-01,1.499999999999999944e-01,1.499999999999999944e-01,1.499999999999999944e-01,1.499999999999999944e-01,1.499999999999999944e-01,1.499999999999999944e-01
Results_Name,VSPAERO_Load
Results_Timestamp,1759253980
Results_Date,9,30,2025
Results_Time,13,39,40
AnalysisMethod,0
Chord,1.735640000000000072e+00,1.614919999999999911e+00,1.494220000000000104e+00,1.373529999999999918e+00,1.252869999999999928e+00,1.164679999999999938e+00,1.108950000000000102e+00,1.053230000000000111e+00,9.975300000000000278e-01,9.418400000000000105e-01,8.750400000000000400e-01,7.971099999999999852e-01,7.191899999999999959e-01,6.412799999999999612e-01,5.633799999999999919e-01,1.735640000000000072e+00,1.614919999999999911e+00,1.494220000000000104e+00,1.373529999999999918e+00,1.252869999999999928e+00,1.164679999999999938e+00,1.108950000000000102e+00,1.053230000000000111e+00,9.975300000000000278e-01,9.418400000000000105e-01,8.750400000000000400e-01,7.971099999999999852e-01,7.191899999999999959e-01,6.412799999999999612e-01,5.633799999999999919e-01,9.229000000000000536e-01,8.665699999999999514e-01,8.104299999999999837e-01,7.545199999999999685e-01,6.988999999999999657e-01,9.229000000000000536e-01,8.665699999999999514e-01,8.104299999999999837e-01,7.545199999999999685e-01,6.988999999999999657e-01
FC_AoA_,5.000000000000000000e+00
FC_Beta_,0.000000000000000000e+00
FC_Bref_,1.417173599999999922e+01
FC_Cref_,1.088920000000000110e+00
FC_Mach_,1.499999999999999944e-01
FC_Pitch_Rate,0.000000000000000000e+00
FC_Rho_,2.377000000000000206e-03
FC_Roll__Rate,0.000000000000000000e+00
FC_Sref_,1.619368700000000061e+01
FC_Vinf_,5.100000000000000000e+01
FC_Xcg_,1.774861999999999940e+00
FC_Yaw___Rate,0.000000000000000000e+00
FC_Ycg_,0.000000000000000000e+00
FC_Zcg_,7.545150000000000468e-01
S,3.314000000000000279e-02,8.981999999999999706e-02,1.368900000000000117e-01,1.839600000000000124e-01,2.310300000000000131e-01,2.997400000000000064e-01,4.117600000000000149e-01,5.454599999999999449e-01,6.791599999999999859e-01,8.128699999999999815e-01,9.157600000000000184e-01,9.578299999999999592e-01,9.698799999999999644e-01,9.819299999999999695e-01,9.939799999999999747e-01,3.314000000000000279e-02,8.981999999999999706e-02,1.368900000000000117e-01,1.839600000000000124e-01,2.310300000000000131e-01,2.997400000000000064e-01,4.117600000000000149e-01,5.454599999999999449e-01,6.791599999999999859e-01,8.128699999999999815e-01,9.157600000000000184e-01,9.578299999999999592e-01,9.698799999999999644e-01,9.819299999999999695e-01,9.939799999999999747e-01,1.020299999999999957e-01,3.035599999999999965e-01,5.025399999999999867e-01,7.015200000000000324e-01,9.005100000000000326e-01,1.020299999999999957e-01,3.035599999999999965e-01,5.025399999999999867e-01,7.015200000000000324e-01,9.005100000000000326e-01
V/Vref,1.002830000000000110e+00,1.003069999999999906e+00,1.004399999999999959e+00,1.004520000000000080e+00,1.005970000000000031e+00,1.005929999999999991e+00,1.001309999999999922e+00,1.000089999999999923e+00,9.991400000000000281e-01,9.996599999999999930e-01,1.007030000000000092e+00,1.006960000000000077e+00,1.007050000000000001e+00,1.006580000000000030e+00,1.008080000000000087e+00,1.003390000000000004e+00,1.003339999999999899e+00,1.004440000000000000e+00,1.004569999999999963e+00,1.005889999999999951e+00,1.005830000000000002e+00,1.001239999999999908e+00,1.000040000000000040e+00,9.990900000000000336e-01,9.995500000000000496e-01,1.006769999999999943e+00,1.006699999999999928e+00,1.006790000000000074e+00,1.006359999999999921e+00,1.007859999999999978e+00,9.861900000000000110e-01,9.922900000000000054e-01,9.952100000000000390e-01,1.006999999999999895e+00,1.002019999999999911e+00,9.858500000000000041e-01,9.920200000000000129e-01,9.943199999999999816e-01,1.009330000000000060e+00,1.002359999999999918e+00
WingId,1,1,1,1,1,1,1,1,1,1,1,1,1,1,1,2,2,2,2,2,2,2,2,2,2,2,2,2,2,2,3,3,3,3,3,4,4,4,4,4
Xavg,2.391169999999999796e+00,2.380489999999999995e+00,2.369810000000000194e+00,2.359129999999999949e+00,2.348450000000000149e+00,2.336259999999999781e+00,2.322589999999999932e+00,2.308860000000000134e+00,2.295059999999999878e+00,2.281190000000000051e+00,2.284749999999999837e+00,2.305000000000000160e+00,2.325239999999999974e+00,2.345470000000000166e+00,2.365699999999999914e+00,2.391169999999999796e+00,2.380489999999999995e+00,2.369810000000000194e+00,2.359129999999999949e+00,2.348450000000000149e+00,2.336259999999999781e+00,2.322589999999999932e+00,2.308860000000000134e+00,2.295059999999999878e+00,2.281190000000000051e+00,2.284749999999999837e+00,2.305000000000000160e+00,2.325239999999999974e+00,2.345470000000000166e+00,2.365699999999999914e+00,5.722059999999999924e+00,5.820210000000000328e+00,5.918350000000000222e+00,6.016490000000000116e+00,6.114630000000000010e+00,5.722059999999999924e+00,5.820210000000000328e+00,5.918350000000000222e+00,6.016490000000000116e+00,6.114630000000000010e+00
Yavg,1.718899999999999872e-01,5.195499999999999563e-01,8.671900000000000164e-01,1.214790000000000036e+00,1.562359999999999971e+00,2.229140000000000121e+00,3.217070000000000096e+00,4.204979999999999940e+00,5.192870000000000097e+00,6.180740000000000123e+00,6.716649999999999565e+00,6.791660000000000252e+00,6.866660000000000430e+00,6.941650000000000098e+00,7.016610000000000014e+00,-1.718899999999999872e-01,-5.195499999999999563e-01,-8.671900000000000164e-01,-1.214790000000000036e+00,-1.562359999999999971e+00,-2.229140000000000121e+00,-3.217070000000000096e+00,-4.204979999999999940e+00,-5.192870000000000097e+00,-6.180740000000000123e+00,-6.716649999999999565e+00,-6.791660000000000252e+00,-6.866660000000000430e+00,-6.941650000000000098e+00,-7.016610000000000014e+00,1.078800000000000037e-01,3.257399999999999740e-01,5.435900000000000176e-01,7.614400000000000057e-01,9.792699999999999738e-01,-1.078800000000000037e-01,-3.257399999999999740e-01,-5.435900000000000176e-01,-7.614400000000000057e-01,-9.792699999999999738e-01
Zavg,1.027309999999999945e+00,1.024350000000000094e+00,1.021379999999999955e+00,1.018420000000000103e+00,1.015449999999999964e+00,1.037979999999999903e+00,1.086500000000000021e+00,1.135019999999999918e+00,1.183540000000000036e+00,1.232069999999999999e+00,1.270329999999999959e+00,1.298289999999999944e+00,1.326240000000000085e+00,1.354190000000000005e+00,1.382130000000000081e+00,1.027309999999999945e+00,1.024350000000000094e+00,1.021379999999999955e+00,1.018420000000000103e+00,1.015449999999999964e+00,1.037979999999999903e+00,1.086500000000000021e+00,1.135019999999999918e+00,1.183540000000000036e+00,1.232069999999999999e+00,1.270329999999999959e+00,1.298289999999999944e+00,1.326240000000000085e+00,1.354190000000000005e+00,1.382130000000000081e+00,3.777900000000000147e-01,5.956799999999999873e-01,8.135799999999999699e-01,1.031470000000000109e+00,1.249349999999999961e+00,3.777900000000000147e-01,5.956799999999999873e-01,8.135799999999999699e-01,1.031470000000000109e+00,1.249349999999999961e+00
cd,9.730000000000000801e-03,8.510000000000000203e-03,4.182000000000000300e-02,4.628000000000000169e-02,4.925000000000000211e-02,4.963000000000000050e-02,-1.270000000000000078e-03,1.750000000000000036e-03,5.910000000000000323e-03,9.549999999999999462e-03,1.145999999999999970e-02,3.889999999999999795e-03,-2.700000000000000143e-03,-4.669999999999999672e-03,-6.219999999999999835e-03,1.008000000000000042e-02,8.149999999999999259e-03,4.057999999999999802e-02,4.510000000000000120e-02,4.796000000000000263e-02,4.818999999999999673e-02,-1.670000000000000043e-03,1.529999999999999893e-03,5.649999999999999641e-03,9.190000000000000252e-03,1.090999999999999956e-02,3.469999999999999994e-03,-2.830000000000000050e-03,-4.649999999999999620e-03,-6.119999999999999572e-03,-4.299999999999999894e-04,-1.299999999999999886e-04,7.600000000000000418e-04,-1.285000000000000031e-02,-7.700000000000000247e-03,-5.199999999999999544e-04,-1.600000000000000131e-04,8.400000000000000348e-04,-1.401999999999999948e-02,-7.839999999999999747e-03
cd*c/cref,1.550874003599897119e-02,1.262073357087756427e-02,5.738555669838005246e-02,5.837616023215662364e-02,5.666517971935494669e-02,5.308293391617381618e-02,-1.293360852955221770e-03,1.692642710208279834e-03,5.413990283951070591e-03,8.260085222054878301e-03,9.209086434265142951e-03,2.847553447452521279e-03,-1.783246703155420007e-03,-2.750227381258494013e-03,-3.218072585681224645e-03,1.606660838261763855e-02,1.208683649854901815e-02,5.568402417073797794e-02,5.688774473790543518e-02,5.518095470741651160e-02,5.154274804393342568e-02,-1.700718601917496249e-03,1.479853340924953140e-03,5.175811354369465843e-03,7.948710281747052228e-03,8.767114572236710604e-03,2.540105517393380277e-03,-1.869106729603643713e-03,-2.738449105535759390e-03,-3.166335084303713038e-03,-3.644409139330712587e-04,-1.034548910847445010e-04,5.656309003416228878e-04,-8.903851522609557145e-03,-4.942080226279248548e-03,-4.407192447562722224e-04,-1.273290967196855647e-04,6.251709951144253027e-04,-9.714552400543656832e-03,-5.031936230393416025e-03
cl,6.023399999999999865e-01,6.803700000000000303e-01,8.535099999999999909e-01,9.588299999999999601e-01,1.045139999999999958e+00,1.072999999999999954e+00,7.454499999999999460e-01,6.582700000000000218e-01,6.091299999999999493e-01,5.297300000000000342e-01,4.495199999999999751e-01,4.250300000000000189e-01,4.012600000000000056e-01,3.634299999999999753e-01,2.882799999999999807e-01,5.968200000000000172e-01,6.721899999999999542e-01,8.443800000000000194e-01,9.487900000000000222e-01,1.033689999999999998e+00,1.059660000000000046e+00,7.315399999999999681e-01,6.469700000000000450e-01,5.992800000000000349e-01,5.209799999999999986e-01,4.410200000000000231e-01,4.171900000000000053e-01,3.944400000000000128e-01,3.583100000000000174e-01,2.846000000000000196e-01,-2.019999999999999921e-02,-6.899999999999999883e-03,3.883000000000000340e-02,-6.392000000000000459e-02,-7.444000000000000616e-02,-2.043000000000000024e-02,-8.750000000000000833e-03,3.370000000000000079e-02,-6.571000000000000452e-02,-7.491000000000000436e-02
cl*c/cref,9.600754854351098988e-01,1.009020975278257293e+00,1.171189538441758771e+00,1.209438498604121115e+00,1.202498394556073658e+00,1.147652389523564409e+00,7.591620849098188462e-01,6.366948096278881586e-01,5.580074283693934323e-01,4.581795753590713338e-01,3.612276207618557722e-01,3.111299850310398907e-01,2.650168785585717557e-01,2.140289372956690472e-01,1.491488689710905868e-01,9.512771046541527165e-01,9.968896473570140193e-01,1.158661319105168452e+00,1.196774353212356923e+00,1.189324459372589127e+00,1.133384278734893114e+00,7.449962191896557506e-01,6.257651738419719445e-01,5.489841112294749914e-01,4.506114344488116319e-01,3.543971465305073010e-01,3.053909570032692367e-01,2.605125294787495882e-01,2.110136987106490669e-01,1.472449289203981715e-01,-1.712024758476288211e-02,-5.491067296036438936e-03,2.889927350034897022e-02,-4.429059839106637420e-02,-4.777772104470483922e-02,-1.731518109686661783e-02,-6.963309976857803840e-03,2.508126492304301250e-02,-4.553090144363221986e-02,-4.807938048708811779e-02
cmx,5.881999999999999729e-02,2.161700000000000010e-01,4.923000000000000154e-01,8.462300000000000377e-01,1.302249999999999908e+00,2.073999999999999844e+00,2.168989999999999974e+00,2.633090000000000153e+00,3.177049999999999930e+00,3.485930000000000195e+00,3.533420000000000005e+00,3.699520000000000142e+00,3.905450000000000088e+00,4.002320000000000100e+00,3.650040000000000173e+00,-5.827999999999999847e-02,-2.135900000000000021e-01,-4.870599999999999929e-01,-8.373599999999999932e-01,-1.287930000000000019e+00,-2.048080000000000123e+00,-2.128359999999999808e+00,-2.587819999999999787e+00,-3.125589999999999868e+00,-3.428179999999999783e+00,-3.465939999999999799e+00,-3.630409999999999915e+00,-3.838410000000000100e+00,-3.945489999999999942e+00,-3.603299999999999947e+00,6.029999999999999770e-03,-1.629999999999999939e-03,3.045000000000000137e-02,-1.067799999999999999e-01,-1.594200000000000061e-01,-6.219999999999999835e-03,1.910000000000000022e-03,-2.587000000000000063e-02,1.094200000000000034e-01,1.603799999999999948e-01
cmx*c/cref,9.375376042317157266e-02,3.205903614590602801e-01,6.755358575469272431e-01,1.067408342118796538e+00,1.498319396741725207e+00,2.218295485435109349e+00,2.208887209804209384e+00,2.546788910755611202e+00,2.910409108566285319e+00,3.015086793520184827e+00,2.839404030415457303e+00,2.708118490981890059e+00,2.579400309940123925e+00,2.357021424530727494e+00,1.888439495279726321e+00,-9.289304925981706207e-02,-3.167640991073724099e-01,-6.683455104139881531e-01,-1.056219998530653958e+00,-1.481843348547184025e+00,-2.190572139734782819e+00,-2.167509846453366418e+00,-2.503002661903537263e+00,-2.863268001965249443e+00,-2.965137063512470750e+00,-2.785178100870587148e+00,-2.657528666109539195e+00,-2.535122954762516923e+00,-2.323553454064577473e+00,-1.864257387135877408e+00,5.110648165154464510e-03,-1.297165172831796481e-03,2.266244857289791484e-02,-7.398858097931895750e-02,-1.023203155420049082e-01,-5.271680196892333109e-03,1.519991092091246354e-03,-1.925377814715497835e-02,7.581785475517026363e-02,1.029364709987877630e-01
cmy,-9.195000000000000395e-02,-1.239299999999999985e-01,-2.008300000000000085e-01,-2.558599999999999763e-01,-3.100100000000000078e-01,-3.447100000000000164e-01,-2.090799999999999881e-01,-1.866500000000000103e-01,-1.773299999999999876e-01,-1.561899999999999955e-01,-1.542100000000000137e-01,-1.821899999999999908e-01,-2.177699999999999914e-01,-2.456099999999999950e-01,-2.491599999999999926e-01,-8.891000000000000292e-02,-1.197799999999999976e-01,-1.965800000000000047e-01,-2.512699999999999934e-01,-3.047000000000000264e-01,-3.383499999999999841e-01,-2.021999999999999909e-01,-1.812199999999999922e-01,-1.724700000000000122e-01,-1.515700000000000103e-01,-1.490599999999999981e-01,-1.769199999999999939e-01,-2.124099999999999877e-01,-2.412100000000000077e-01,-2.454000000000000070e-01,8.004999999999999616e-02,3.547999999999999765e-02,-1.889399999999999968e-01,3.234099999999999753e-01,4.400100000000000122e-01,8.039999999999999925e-02,4.315000000000000085e-02,-1.650899999999999868e-01,3.281100000000000128e-01,4.397499999999999742e-01
cmy*c/cref,-1.465599842045329226e-01,-1.837940671491018196e-01,-2.755796592954486979e-01,-3.227338884399220120e-01,-3.566857332953751736e-01,-3.686926889027660192e-01,-2.129258953825808875e-01,-1.805324353487859634e-01,-1.624471907027145723e-01,-1.350934775741101102e-01,-1.239208742607354197e-01,-1.333665199463688611e-01,-1.438287535356132518e-01,-1.446431150130404186e-01,-1.289091584322080153e-01,-1.417144991367593476e-01,-1.776394203430922136e-01,-2.697477937773206658e-01,-3.169442044410974990e-01,-3.505762489439076535e-01,-3.618902013003709173e-01,-2.059193421004297531e-01,-1.752804068251111180e-01,-1.579950768651507687e-01,-1.310974991734930040e-01,-1.197824104617419005e-01,-1.295087804430077316e-01,-1.402886785989787832e-01,-1.420518943540388379e-01,-1.269638283804135903e-01,6.784533758219152277e-02,2.823522719759026869e-02,-1.406188188296660646e-01,2.240929666091172612e-01,2.824110026448223287e-01,6.814197553539286245e-02,3.433906577159019646e-02,-1.228684280755243524e-01,2.273496282555192149e-01,2.822441272086103070e-01
cmz,4.870000000000000197e-03,2.259999999999999856e-02,3.012000000000000094e-02,3.917999999999999955e-02,5.548999999999999766e-02,5.974999999999999756e-02,1.754999999999999893e-01,2.138400000000000023e-01,2.382900000000000018e-01,2.308199999999999974e-01,1.561599999999999933e-01,2.233499999999999930e-01,2.970599999999999907e-01,3.324599999999999778e-01,3.319599999999999773e-01,-4.729999999999999830e-03,-2.221000000000000058e-02,-2.997000000000000011e-02,-3.919999999999999873e-02,-5.564000000000000196e-02,-6.076999999999999763e-02,-1.737200000000000133e-01,-2.111399999999999944e-01,-2.354199999999999904e-01,-2.284899999999999987e-01,-1.572000000000000064e-01,-2.238300000000000012e-01,-2.950999999999999734e-01,-3.289799999999999947e-01,-3.278599999999999848e-01,7.914000000000000201e-02,3.225000000000000089e-02,-2.341000000000000025e-02,5.425699999999999967e-01,4.562399999999999789e-01,-8.000999999999999779e-02,-4.009000000000000064e-02,-9.809999999999999276e-03,-5.631699999999999484e-01,-4.559099999999999819e-01
cmz*c/cref,7.762339565808323849e-03,3.351687176284758735e-02,4.133077397788634949e-02,4.942043988539102095e-02,6.384468675384782910e-02,6.390701796275206903e-02,1.787282123571979353e-01,2.068312669433934603e-01,2.182909889615398391e-01,1.996432325607023217e-01,1.254878654079271127e-01,1.634964170921646698e-01,1.961967650516107387e-01,1.957902773390147455e-01,1.717478095727876797e-01,-7.539192227160856213e-03,-3.293848326782499586e-02,-4.112494343018770898e-02,-4.944566726664951367e-02,-6.401727105756160885e-02,-6.499798295558900652e-02,-1.769154703743158474e-01,-2.042197610476435277e-01,-2.156618600080813519e-01,-1.976279447525988719e-01,-1.263235940197627027e-01,-1.638477861550894088e-01,-1.949022600374682723e-01,-1.937408573632589670e-01,-1.696265720163097068e-01,6.707407890386804517e-02,2.566477105756161808e-02,-1.742292023289130493e-02,3.759504062741064190e-01,2.928278808360576524e-01,-6.781143610182566173e-02,-3.190389679682621021e-02,-7.301104121514893734e-03,-3.902242849796127566e-01,-2.926160773977885543e-01
cs,9.129999999999999227e-03,1.856999999999999970e-02,2.675999999999999907e-02,2.111999999999999988e-02,1.868999999999999828e-02,-6.181999999999999995e-02,-4.472999999999999893e-02,-3.216999999999999721e-02,-2.953000000000000069e-02,-3.182999999999999718e-02,-1.489800000000000013e-01,-1.294200000000000073e-01,-1.138099999999999945e-01,-9.310999999999999832e-02,-7.083000000000000407e-02,-8.999999999999999320e-03,-1.814999999999999947e-02,-2.614000000000000004e-02,-2.066000000000000128e-02,-1.827000000000000152e-02,6.097999999999999948e-02,4.377000000000000335e-02,3.151999999999999941e-02,2.900000000000000147e-02,3.121000000000000163e-02,1.454199999999999937e-01,1.260400000000000131e-01,1.111999999999999933e-01,9.148000000000000576e-02,6.984999999999999543e-02,1.987999999999999837e-02,6.259999999999999939e-03,-6.830000000000000134e-03,1.033099999999999991e-01,7.725999999999999535e-02,-2.023000000000000145e-02,-8.139999999999999666e-03,-2.900000000000000017e-04,-1.080200000000000049e-01,-7.770000000000000517e-02
cs*c/cref,1.455239429893839635e-02,2.754019064761414545e-02,3.672016970943687425e-02,2.664011460897034930e-02,2.150400424273591488e-02,-6.612103515409763210e-02,-4.555278027770634508e-02,-3.111560913565734540e-02,-2.705162996363369085e-02,-2.753073430555044721e-02,-1.197181236454468584e-01,-9.473788359108105406e-02,-7.516715084671049540e-02,-5.483376262719023148e-02,-3.664567222569150434e-02,-1.434518605590860522e-02,-2.691731072989750687e-02,-3.586940344561584393e-02,-2.605988484002497510e-02,-2.102076819233736002e-02,6.522259339529073996e-02,4.457512168019689414e-02,3.048691327186570099e-02,2.656611137640964987e-02,2.699447746390919167e-02,1.168573603203173633e-01,9.226365977298607579e-02,7.344334570032691467e-02,5.387383315578737897e-02,3.613864471219188634e-02,1.684903574183594516e-02,4.981750909157697110e-03,-5.083235591228005106e-03,7.158419461484773205e-02,4.958767769900450373e-02,-1.714567369503728483e-02,-6.477867795614001764e-03,-2.158328435514087135e-04,-7.484778532858245292e-02,-4.987008228336332200e-02
cx,-4.279999999999999777e-02,-5.081999999999999712e-02,-3.273000000000000215e-02,-3.746000000000000024e-02,-4.202999999999999792e-02,-4.408000000000000113e-02,-6.623999999999999333e-02,-5.562000000000000277e-02,-4.719999999999999890e-02,-3.665999999999999814e-02,-2.775999999999999995e-02,-3.316999999999999810e-02,-3.765999999999999903e-02,-3.633000000000000118e-02,-3.132000000000000062e-02,-4.198000000000000342e-02,-5.045999999999999791e-02,-3.316000000000000197e-02,-3.776999999999999802e-02,-4.231000000000000039e-02,-4.435000000000000053e-02,-6.542000000000000592e-02,-5.485999999999999904e-02,-4.660000000000000253e-02,-3.624999999999999750e-02,-2.757000000000000076e-02,-3.289999999999999869e-02,-3.719999999999999696e-02,-3.586000000000000298e-02,-3.090000000000000038e-02,1.330000000000000019e-03,4.800000000000000122e-04,-2.629999999999999959e-03,-7.230000000000000315e-03,-1.180000000000000059e-03,1.260000000000000052e-03,5.999999999999999474e-04,-2.099999999999999870e-03,-8.240000000000000796e-03,-1.280000000000000105e-03
cx*c/cref,-6.821932924365425865e-02,-7.536847004371301229e-02,-4.491222550784263606e-02,-4.725088509716048046e-02,-4.835812190059874532e-02,-4.714680086691400152e-02,-6.745844322815265637e-02,-5.379702145244830147e-02,-4.323863644712191284e-02,-3.170834808801380883e-02,-2.230752525438048708e-02,-2.428106628586121363e-02,-2.487298920030855953e-02,-2.139523785034713049e-02,-1.620418543143664972e-02,-6.691232340300481973e-02,-7.483457297138447484e-02,-4.550227307791206155e-02,-4.764190950666714192e-02,-4.868027926753112217e-02,-4.743558571795906953e-02,-6.662335984278000556e-02,-5.306193090401498808e-02,-4.268899276347205840e-02,-3.135372662821878098e-02,-2.215484406567975670e-02,-2.408342118796605313e-02,-2.456917679903022553e-02,-2.111844837086286966e-02,-1.598688792565109915e-02,1.127224222165081058e-03,3.819872901590566400e-04,-1.957380615655879025e-03,-5.009715681592770593e-03,-7.573577489622744215e-04,1.067896631524813600e-03,4.774841126988207864e-04,-1.562927487786063040e-03,-5.709551482202549801e-03,-8.215406090438231307e-04
cy,9.129999999999999227e-03,1.856999999999999970e-02,2.675999999999999907e-02,2.111999999999999988e-02,1.868999999999999828e-02,-6.181999999999999995e-02,-4.472999999999999893e-02,-3.216999999999999721e-02,-2.953000000000000069e-02,-3.182999999999999718e-02,-1.489800000000000013e-01,-1.294200000000000073e-01,-1.138099999999999945e-01,-9.310999999999999832e-02,-7.083000000000000407e-02,-8.999999999999999320e-03,-1.814999999999999947e-02,-2.614000000000000004e-02,-2.066000000000000128e-02,-1.827000000000000152e-02,6.097999999999999948e-02,4.377000000000000335e-02,3.151999999999999941e-02,2.900000000000000147e-02,3.121000000000000163e-02,1.454199999999999937e-01,1.260400000000000131e-01,1.111999999999999933e-01,9.148000000000000576e-02,6.984999999999999543e-02,1.987999999999999837e-02,6.259999999999999939e-03,-6.830000000000000134e-03,1.033099999999999991e-01,7.725999999999999535e-02,-2.023000000000000145e-02,-8.139999999999999666e-03,-2.900000000000000017e-04,-1.080200000000000049e-01,-7.770000000000000517e-02
cy*c/cref,1.455239429893839635e-02,2.754019064761414545e-02,3.672016970943687425e-02,2.664011460897034930e-02,2.150400424273591488e-02,-6.612103515409763210e-02,-4.555278027770634508e-02,-3.111560913565734540e-02,-2.705162996363369085e-02,-2.753073430555044721e-02,-1.197181236454468584e-01,-9.473788359108105406e-02,-7.516715084671049540e-02,-5.483376262719023148e-02,-3.664567222569150434e-02,-1.434518605590860522e-02,-2.691731072989750687e-02,-3.586940344561584393e-02,-2.605988484002497510e-02,-2.102076819233736002e-02,6.522259339529073996e-02,4.457512168019689414e-02,3.048691327186570099e-02,2.656611137640964987e-02,2.699447746390919167e-02,1.168573603203173633e-01,9.226365977298607579e-02,7.344334570032691467e-02,5.387383315578737897e-02,3.613864471219188634e-02,1.684903574183594516e-02,4.981750909157697110e-03,-5.083235591228005106e-03,7.158419461484773205e-02,4.958767769900450373e-02,-1.714567369503728483e-02,-6.477867795614001764e-03,-2.158328435514087135e-04,-7.484778532858245292e-02,-4.987008228336332200e-02
cz,6.008900000000000352e-01,6.785200000000000120e-01,8.538999999999999924e-01,9.592100000000000071e-01,1.045460000000000056e+00,1.073250000000000037e+00,7.425000000000000488e-01,6.559099999999999930e-01,6.073300000000000365e-01,5.285499999999999643e-01,4.488099999999999867e-01,4.237500000000000155e-01,3.995000000000000218e-01,3.616400000000000170e-01,2.866400000000000059e-01,5.954300000000000148e-01,6.703400000000000469e-01,8.447000000000000064e-01,9.491100000000000092e-01,1.033930000000000016e+00,1.059830000000000050e+00,7.286200000000000454e-01,6.446399999999999908e-01,5.974899999999999656e-01,5.198000000000000398e-01,4.402900000000000147e-01,4.159100000000000019e-01,3.926899999999999835e-01,3.565400000000000236e-01,2.829800000000000093e-01,-2.016000000000000084e-02,-6.890000000000000291e-03,3.874999999999999972e-02,-6.479000000000000037e-02,-7.481999999999999762e-02,-2.040000000000000147e-02,-8.739999999999999505e-03,3.364999999999999936e-02,-6.668999999999999928e-02,-7.531000000000000194e-02
cz*c/cref,9.577643165705469475e-01,1.006277337545457673e+00,1.171724697865775378e+00,1.209917818848032622e+00,1.202866574403996358e+00,1.147919782904161856e+00,7.561578215112221280e-01,6.344121600301215746e-01,5.563584973184438898e-01,4.571589574991734017e-01,3.606570752672372260e-01,3.101930008632405866e-01,2.638544658928111963e-01,2.129747816184843490e-01,1.483003739484994032e-01,9.490615703632957478e-01,9.941460096242147326e-01,1.159100424273592278e+00,1.197177991312492917e+00,1.189600594258531041e+00,1.133566106233699244e+00,7.420225076222312088e-01,6.235115409763802852e-01,5.473443409065862353e-01,4.495908165889137553e-01,3.538105293318150046e-01,3.044539728354699326e-01,2.593567214304080548e-01,2.099713213091870534e-01,1.464067813980824695e-01,-1.708634610439701759e-02,-5.483109227491458730e-03,2.883973340557616227e-02,-4.489342724901736886e-02,-4.802161591301471605e-02,-1.728975498659221857e-02,-6.955351908312822767e-03,2.504405236381001057e-02,-4.620995004224368735e-02,-4.833611192741430612e-02
Results_Name,VSPAERO_Comp_Load
Results_Timestamp,1759253980
Results_Date,9,30,2025
Results_Time,13,39,40
AoA,5.000000000000000000e+00,5.000000000000000000e+00,5.000000000000000000e+00,5.000000000000000000e+00,5.000000000000000000e+00,5.000000000000000000e+00,5.000000000000000000e+00,5.000000000000000000e+00,5.000000000000000000e+00
Beta,0.000000000000000000e+00,0.000000000000000000e+00,0.000000000000000000e+00,0.000000000000000000e+00,0.000000000000000000e+00,0.000000000000000000e+00,0.000000000000000000e+00,0.000000000000000000e+00,0.000000000000000000e+00
CDi,0.000000000000000000e+00,9.199999999999999845e-03,8.899999999999999925e-03,-2.799999999999999755e-04,-2.999999999999999737e-04,0.000000000000000000e+00,0.000000000000000000e+00,0.000000000000000000e+00,0.000000000000000000e+00
CFx,0.000000000000000000e+00,-2.343999999999999903e-02,-2.327999999999999861e-02,-1.299999999999999886e-04,-1.299999999999999886e-04,0.000000000000000000e+00,0.000000000000000000e+00,0.000000000000000000e+00,0.000000000000000000e+00
CFy,0.000000000000000000e+00,-1.221999999999999996e-02,1.200000000000000025e-02,2.840000000000000076e-03,-3.059999999999999786e-03,0.000000000000000000e+00,0.000000000000000000e+00,0.000000000000000000e+00,0.000000000000000000e+00
CFz,0.000000000000000000e+00,3.734700000000000242e-01,3.682300000000000018e-01,-1.779999999999999898e-03,-1.930000000000000075e-03,0.000000000000000000e+00,0.000000000000000000e+00,0.000000000000000000e+00,0.000000000000000000e+00
CL,0.000000000000000000e+00,3.740899999999999781e-01,3.688600000000000212e-01,-1.770000000000000089e-03,-1.910000000000000022e-03,0.000000000000000000e+00,0.000000000000000000e+00,0.000000000000000000e+00,0.000000000000000000e+00
Cmx,0.000000000000000000e+00,7.499000000000000110e-02,-7.381000000000000061e-02,-1.499999999999999869e-04,1.600000000000000131e-04,-6.000000000000000152e-05,6.000000000000000152e-05,-0.000000000000000000e+00,0.000000000000000000e+00
Cmy,0.000000000000000000e+00,-1.122699999999999948e-01,-1.095000000000000001e-01,6.420000000000000359e-03,6.839999999999999726e-03,1.082999999999999935e-02,1.074999999999999914e-02,-0.000000000000000000e+00,1.000000000000000082e-05
Cmz,0.000000000000000000e+00,4.899999999999999842e-03,-4.859999999999999737e-03,8.099999999999999561e-04,-8.599999999999999789e-04,1.000000000000000082e-05,-1.000000000000000082e-05,1.000000000000000082e-05,4.000000000000000327e-05
Comp_ID,0,1,2,3,4,5,6,7,8
Comp_Name,NONE,main_wing,main_wing,horizontal_tail,horizontal_tail,fuselage,fuselage,fuselage,fuselage
Cs,0.000000000000000000e+00,-1.221999999999999996e-02,1.200000000000000025e-02,2.840000000000000076e-03,-3.059999999999999786e-03,0.000000000000000000e+00,0.000000000000000000e+00,0.000000000000000000e+00,0.000000000000000000e+00
Mach,1.499999999999999944e-01,1.499999999999999944e-01,1.499999999999999944e-01,1.499999999999999944e-01,1.499999999999999944e-01,1.499999999999999944e-01,1.499999999999999944e-01,1.499999999999999944e-01,1.499999999999999944e-01
Results_Name,VSPAERO_Load
Results_Timestamp,1759253980
Results_Date,9,30,2025
Results_Time,13,39,40
AnalysisMethod,0
Chord,1.735640000000000072e+00,1.614919999999999911e+00,1.494220000000000104e+00,1.373529999999999918e+00,1.252869999999999928e+00,1.164679999999999938e+00,1.108950000000000102e+00,1.053230000000000111e+00,9.975300000000000278e-01,9.418400000000000105e-01,8.750400000000000400e-01,7.971099999999999852e-01,7.191899999999999959e-01,6.412799999999999612e-01,5.633799999999999919e-01,1.735640000000000072e+00,1.614919999999999911e+00,1.494220000000000104e+00,1.373529999999999918e+00,1.252869999999999928e+00,1.164679999999999938e+00,1.108950000000000102e+00,1.053230000000000111e+00,9.975300000000000278e-01,9.418400000000000105e-01,8.750400000000000400e-01,7.971099999999999852e-01,7.191899999999999959e-01,6.412799999999999612e-01,5.633799999999999919e-01,9.229000000000000536e-01,8.665699999999999514e-01,8.104299999999999837e-01,7.545199999999999685e-01,6.988999999999999657e-01,9.229000000000000536e-01,8.665699999999999514e-01,8.104299999999999837e-01,7.545199999999999685e-01,6.988999999999999657e-01
FC_AoA_,6.000000000000000000e+00
FC_Beta_,0.000000000000000000e+00
FC_Bref_,1.417173599999999922e+01
FC_Cref_,1.088920000000000110e+00
FC_Mach_,1.499999999999999944e-01
FC_Pitch_Rate,0.000000000000000000e+00
FC_Rho_,2.377000000000000206e-03
FC_Roll__Rate,0.000000000000000000e+00
FC_Sref_,1.619368700000000061e+01
FC_Vinf_,5.100000000000000000e+01
FC_Xcg_,1.774861999999999940e+00
FC_Yaw___Rate,0.000000000000000000e+00
FC_Ycg_,0.000000000000000000e+00
FC_Zcg_,7.545150000000000468e-01
S,3.314000000000000279e-02,8.981999999999999706e-02,1.368900000000000117e-01,1.839600000000000124e-01,2.310300000000000131e-01,2.997400000000000064e-01,4.117600000000000149e-01,5.454599999999999449e-01,6.791599999999999859e-01,8.128699999999999815e-01,9.157600000000000184e-01,9.578299999999999592e-01,9.698799999999999644e-01,9.819299999999999695e-01,9.939799999999999747e-01,3.314000000000000279e-02,8.981999999999999706e-02,1.368900000000000117e-01,1.839600000000000124e-01,2.310300000000000131e-01,2.997400000000000064e-01,4.117600000000000149e-01,5.454599999999999449e-01,6.791599999999999859e-01,8.128699999999999815e-01,9.157600000000000184e-01,9.578299999999999592e-01,9.698799999999999644e-01,9.819299999999999695e-01,9.939799999999999747e-01,1.020299999999999957e-01,3.035599999999999965e-01,5.025399999999999867e-01,7.015200000000000324e-01,9.005100000000000326e-01,1.020299999999999957e-01,3.035599999999999965e-01,5.025399999999999867e-01,7.015200000000000324e-01,9.005100000000000326e-01
V/Vref,1.001800000000000024e+00,1.002280000000000060e+00,1.004229999999999956e+00,1.004340000000000011e+00,1.006259999999999932e+00,1.005849999999999911e+00,1.000690000000000079e+00,9.994499999999999496e-01,9.982299999999999507e-01,9.986599999999999921e-01,1.007479999999999931e+00,1.007439999999999891e+00,1.007630000000000026e+00,1.007130000000000081e+00,1.009020000000000028e+00,1.002310000000000034e+00,1.002569999999999961e+00,1.004299999999999971e+00,1.004410000000000025e+00,1.006210000000000049e+00,1.005759999999999987e+00,1.000620000000000065e+00,9.993699999999999806e-01,9.981600000000000472e-01,9.985600000000000032e-01,1.007209999999999939e+00,1.007179999999999964e+00,1.007360000000000033e+00,1.006899999999999906e+00,1.008780000000000010e+00,9.878400000000000514e-01,9.933999999999999497e-01,9.964300000000000379e-01,1.008019999999999916e+00,1.002650000000000041e+00,9.871999999999999664e-01,9.930499999999999883e-01,9.957000000000000295e-01,1.009600000000000053e+00,1.002669999999999950e+00
WingId,1,1,1,1,1,1,1,1,1,1,1,1,1,1,1,2,2,2,2,2,2,2,2,2,2,2,2,2,2,2,3,3,3,3,3,4,4,4,4,4
Xavg,2.391169999999999796e+00,2.380489999999999995e+00,2.369810000000000194e+00,2.359129999999999949e+00,2.348450000000000149e+00,2.336259999999999781e+00,2.322589999999999932e+00,2.308860000000000134e+00,2.295059999999999878e+00,2.281190000000000051e+00,2.284749999999999837e+00,2.305000000000000160e+00,2.325239999999999974e+00,2.345470000000000166e+00,2.365699999999999914e+00,2.391169999999999796e+00,2.380489999999999995e+00,2.369810000000000194e+00,2.359129999999999949e+00,2.348450000000000149e+00,2.336259999999999781e+00,2.322589999999999932e+00,2.308860000000000134e+00,2.295059999999999878e+00,2.281190000000000051e+00,2.284749999999999837e+00,2.305000000000000160e+00,2.325239999999999974e+00,2.345470000000000166e+00,2.365699999999999914e+00,5.722059999999999924e+00,5.820210000000000328e+00,5.918350000000000222e+00,6.016490000000000116e+00,6.114630000000000010e+00,5.722059999999999924e+00,5.820210000000000328e+00,5.918350000000000222e+00,6.016490000000000116e+00,6.114630000000000010e+00
Yavg,1.718899999999999872e-01,5.195499999999999563e-01,8.671900000000000164e-01,1.214790000000000036e+00,1.562359999999999971e+00,2.229140000000000121e+00,3.217070000000000096e+00,4.204979999999999940e+00,5.192870000000000097e+00,6.180740000000000123e+00,6.716649999999999565e+00,6.791660000000000252e+00,6.866660000000000430e+00,6.941650000000000098e+00,7.016610000000000014e+00,-1.718899999999999872e-01,-5.195499999999999563e-01,-8.671900000000000164e-01,-1.214790000000000036e+00,-1.562359999999999971e+00,-2.229140000000000121e+00,-3.217070000000000096e+00,-4.204979999999999940e+00,-5.192870000000000097e+00,-6.180740000000000123e+00,-6.716649999999999565e+00,-6.791660000000000252e+00,-6.866660000000000430e+00,-6.941650000000000098e+00,-7.016610000000000014e+00,1.078800000000000037e-01,3.257399999999999740e-01,5.435900000000000176e-01,7.614400000000000057e-01,9.792699999999999738e-01,-1.078800000000000037e-01,-3.257399999999999740e-01,-5.435900000000000176e-01,-7.614400000000000057e-01,-9.792699999999999738e-01
Zavg,1.027309999999999945e+00,1.024350000000000094e+00,1.021379999999999955e+00,1.018420000000000103e+00,1.015449999999999964e+00,1.037979999999999903e+00,1.086500000000000021e+00,1.135019999999999918e+00,1.183540000000000036e+00,1.232069999999999999e+00,1.270329999999999959e+00,1.298289999999999944e+00,1.326240000000000085e+00,1.354190000000000005e+00,1.382130000000000081e+00,1.027309999999999945e+00,1.024350000000000094e+00,1.021379999999999955e+00,1.018420000000000103e+00,1.015449999999999964e+00,1.037979999999999903e+00,1.086500000000000021e+00,1.135019999999999918e+00,1.183540000000000036e+00,1.232069999999999999e+00,1.270329999999999959e+00,1.298289999999999944e+00,1.326240000000000085e+00,1.354190000000000005e+00,1.382130000000000081e+00,3.777900000000000147e-01,5.956799999999999873e-01,8.135799999999999699e-01,1.031470000000000109e+00,1.249349999999999961e+00,3.777900000000000147e-01,5.956799999999999873e-01,8.135799999999999699e-01,1.031470000000000109e+00,1.249349999999999961e+00
cd,1.625000000000000056e-02,1.354999999999999954e-02,4.886999999999999678e-02,5.262000000000000011e-02,5.521000000000000213e-02,5.521000000000000213e-02,-9.000000000000000567e-05,3.380000000000000192e-03,8.519999999999999796e-03,1.312999999999999931e-02,1.570999999999999827e-02,5.669999999999999693e-03,-3.050000000000000194e-03,-5.629999999999999588e-03,-7.609999999999999577e-03,1.632000000000000117e-02,1.316999999999999942e-02,4.782000000000000139e-02,5.154000000000000248e-02,5.403000000000000164e-02,5.390000000000000346e-02,-5.199999999999999544e-04,3.079999999999999839e-03,8.179999999999999771e-03,1.271000000000000081e-02,1.515000000000000027e-02,5.309999999999999616e-03,-3.150000000000000022e-03,-5.590000000000000351e-03,-7.490000000000000130e-03,1.399999999999999877e-04,4.899999999999999842e-04,1.170000000000000033e-03,-3.429999999999999889e-03,-4.409999999999999858e-03,8.000000000000000654e-05,4.899999999999999842e-04,1.170000000000000033e-03,-3.510000000000000099e-03,-4.270000000000000358e-03
cd*c/cref,2.590103037872387368e-02,2.009529258347720129e-02,6.705959244021598986e-02,6.637324009109941969e-02,6.352252938691546613e-02,5.905115417110530507e-02,-9.165549351651177139e-05,3.269218491716563250e-03,7.804940307827938281e-03,1.135653601733827879e-02,1.262432354993938723e-02,4.150547055798405049e-03,-2.014408312823714933e-03,-3.315584615949747696e-03,-3.937223854828636807e-03,2.601260404804760576e-02,1.953173456268595884e-02,6.561877860632553405e-02,6.501096150314071564e-02,6.216486619770045935e-02,5.765001285677551213e-02,-5.295650736509568230e-04,2.979051169966571988e-03,7.493475553759687720e-03,1.099326525364581301e-02,1.217431583587407634e-02,3.887020258604855123e-03,-2.080454487014656711e-03,-3.292028064504278883e-03,-3.875138853175622792e-03,1.186551812805348218e-04,3.899453587040369539e-04,8.707738860522351966e-04,-2.376670095140138387e-03,-2.830464129596296351e-03,6.780296073173419744e-05,3.899453587040369539e-04,8.707738860522351966e-04,-2.432102633802299494e-03,-2.740608125482128874e-03
cl,6.782899999999999485e-01,7.610900000000000443e-01,9.385499999999999954e-01,1.049879999999999924e+00,1.142910000000000093e+00,1.172330000000000094e+00,8.449299999999999589e-01,7.560000000000000053e-01,7.037200000000000122e-01,6.133999999999999453e-01,5.216499999999999471e-01,4.933699999999999752e-01,4.667600000000000082e-01,4.235800000000000121e-01,3.378499999999999837e-01,6.733700000000000241e-01,7.542100000000000470e-01,9.309199999999999697e-01,1.041190000000000060e+00,1.132840000000000069e+00,1.160560000000000036e+00,8.322100000000000053e-01,7.449900000000000411e-01,6.938400000000000123e-01,6.047299999999999898e-01,5.137000000000000455e-01,4.864499999999999935e-01,4.605000000000000204e-01,4.187600000000000211e-01,3.343400000000000261e-01,8.049999999999999864e-03,2.382000000000000089e-02,5.761000000000000149e-02,-1.076000000000000047e-02,-4.118999999999999745e-02,5.760000000000000363e-03,2.189999999999999933e-02,5.630000000000000282e-02,-6.590000000000000371e-03,-3.912000000000000199e-02
cl*c/cref,1.081132916651360798e+00,1.128732563273702194e+00,1.287881736950372780e+00,1.324286151783418131e+00,1.314988843716709876e+00,1.253893127502479388e+00,8.604719570767365155e-01,7.312216508099768086e-01,6.446587550967930458e-01,5.305483010689489021e-01,4.191902215038753599e-01,3.611561553649486611e-01,3.082771226536384357e-01,2.494521015317929247e-01,1.747951484039231007e-01,1.073290881607464220e+00,1.118529197002534392e+00,1.277411823090768950e+00,1.313324854626602312e+00,1.303402684127392019e+00,1.241304247143959039e+00,8.475179806597361587e-01,7.205725101017522727e-01,6.356079557726921347e-01,5.230493545898687868e-01,4.128017191345553782e-01,3.560905847077838193e-01,3.041426321492854967e-01,2.466135370826139372e-01,1.729791621055724593e-01,6.822672923630752721e-03,1.895611927414318776e-02,4.287631074826433325e-02,-7.455676450060609931e-03,-2.643692006758989813e-02,4.881813172684862541e-03,1.742817011350696055e-02,4.190134169635969380e-02,-4.566255372295485206e-03,-2.510833486390184194e-02
cmx,6.607999999999999985e-02,2.415899999999999992e-01,5.411299999999999999e-01,9.258499999999999508e-01,1.422709999999999919e+00,2.263930000000000220e+00,2.454159999999999897e+00,3.019719999999999960e+00,3.665999999999999925e+00,4.032530000000000392e+00,4.095139999999999780e+00,4.285330000000000084e+00,4.529860000000000220e+00,4.648590000000000444e+00,4.261449999999999960e+00,-6.561000000000000165e-02,-2.394300000000000039e-01,-5.367600000000000149e-01,-9.181700000000000417e-01,-1.410120000000000040e+00,-2.241049999999999986e+00,-2.417030000000000012e+00,-2.975620000000000154e+00,-3.614360000000000017e+00,-3.975340000000000096e+00,-4.032090000000000174e+00,-4.224319999999999631e+00,-4.468560000000000088e+00,-4.595410000000000217e+00,-4.217209999999999681e+00,-2.299999999999999961e-03,4.100000000000000346e-03,4.302000000000000268e-02,-2.392000000000000029e-02,-8.816999999999999837e-02,1.590000000000000050e-03,-3.779999999999999940e-03,-4.182999999999999913e-02,1.808999999999999844e-02,8.386000000000000398e-02
cmx*c/cref,1.053255438416045159e-01,3.582894269551481492e-01,7.425405618410902964e-01,1.167838546908863462e+00,1.636916098244131312e+00,2.421439584542482315e+00,2.499302732983139208e+00,2.920746882782940812e+00,3.358322907100613097e+00,3.487857744554237360e+00,3.290793911031113073e+00,3.136942471715093550e+00,2.991799226205781537e+00,2.737618737097307076e+00,2.204767752451970431e+00,-1.045764063475737443e-01,-3.550860445211768690e-01,-7.365440318848033296e-01,-1.158151232505601591e+00,-1.622430522352422244e+00,-2.396967742350218256e+00,-2.461489749935716009e+00,-2.878092286485692153e+00,-3.311016907394482178e+00,-3.438392375564779613e+00,-3.240127863938581321e+00,-3.092281999779597168e+00,-2.951312921426734626e+00,-2.706300301950556264e+00,-2.181879081842558854e+00,-1.949335121037358044e-03,3.262808103441942366e-03,3.201768596407449097e-02,-1.657432905998603920e-02,-5.659002773390146845e-02,1.347583844543217115e-03,-3.008149910002571020e-03,-3.113202705432905476e-02,1.253468280498108017e-02,5.382374646438672222e-02
cmy,-1.008899999999999936e-01,-1.349700000000000066e-01,-2.137199999999999933e-01,-2.729099999999999859e-01,-3.324699999999999878e-01,-3.709899999999999864e-01,-2.372799999999999909e-01,-2.162800000000000000e-01,-2.085799999999999876e-01,-1.851599999999999913e-01,-1.822000000000000008e-01,-2.155400000000000094e-01,-2.585999999999999965e-01,-2.923000000000000043e-01,-2.985099999999999976e-01,-9.846000000000000585e-02,-1.317000000000000115e-01,-2.103599999999999914e-01,-2.690299999999999914e-01,-3.278300000000000103e-01,-3.653899999999999926e-01,-2.309700000000000086e-01,-2.109300000000000064e-01,-2.036000000000000032e-01,-1.805200000000000138e-01,-1.774699999999999889e-01,-2.110700000000000076e-01,-2.537300000000000111e-01,-2.881400000000000072e-01,-2.948799999999999755e-01,-3.450000000000000289e-02,-1.015299999999999953e-01,-2.764099999999999890e-01,4.390000000000000152e-02,2.419000000000000039e-01,-2.543000000000000121e-02,-9.342999999999999916e-02,-2.712899999999999756e-01,1.719000000000000042e-02,2.275500000000000023e-01
cmy*c/cref,-1.608095356867354497e-01,-2.001669107005105697e-01,-2.932673643610182457e-01,-3.442402309627887180e-01,-3.825273563714505221e-01,-3.968010810711529723e-01,-2.416446166844212484e-01,-2.091912944936267227e-01,-1.910744658928111850e-01,-1.601505109649928038e-01,-1.464132241119641409e-01,-1.577793496308268484e-01,-1.707954064577746622e-01,-1.721394996877639860e-01,-1.544416153620100374e-01,-1.569363354516401521e-01,-1.953173456268596231e-01,-2.886567600925687982e-01,-3.393461189986407556e-01,-3.771887485765711978e-01,-3.908114693457737099e-01,-2.352185481945413825e-01,-2.040166439224185557e-01,-1.865124233185174174e-01,-1.561372339565808287e-01,-1.426122660985196244e-01,-1.545072252323402839e-01,-1.675789577746758241e-01,-1.696896183374352329e-01,-1.525635440620063399e-01,-2.924002681556037153e-02,-8.079826993718546013e-02,-2.057184699518788962e-01,3.041860559086066729e-02,1.552583385372662550e-01,-2.155286614260000858e-02,-7.435223441575138092e-02,-2.019079038864195208e-01,1.191106674503177379e-02,1.460480981155640179e-01
cmz,5.939999999999999968e-03,2.728999999999999829e-02,3.957000000000000101e-02,5.646999999999999936e-02,8.330999999999999517e-02,1.035800000000000054e-01,2.389499999999999957e-01,2.930400000000000227e-01,3.301499999999999990e-01,3.231200000000000183e-01,2.320099999999999940e-01,3.230700000000000238e-01,4.238000000000000100e-01,4.725699999999999901e-01,4.698599999999999999e-01,-5.819999999999999653e-03,-2.695000000000000173e-02,-3.937000000000000222e-02,-5.639999999999999875e-02,-8.329000000000000292e-02,-1.041399999999999965e-01,-2.368500000000000050e-01,-2.899399999999999755e-01,-3.267900000000000249e-01,-3.202900000000000191e-01,-2.322799999999999865e-01,-3.223400000000000154e-01,-4.206500000000000239e-01,-4.680500000000000216e-01,-4.648300000000000209e-01,-3.375999999999999834e-02,-1.010100000000000026e-01,-1.844200000000000006e-01,1.497999999999999887e-01,2.486800000000000122e-01,2.469999999999999973e-02,9.313000000000000445e-02,1.781500000000000028e-01,-1.279000000000000137e-01,-2.352100000000000024e-01
cmz*c/cref,9.467822796899680662e-03,4.047236417735002728e-02,5.429809848290049340e-02,7.122951098335963960e-02,9.585332228262863352e-02,1.107864254490687900e-01,2.433453352863387265e-01,2.834354398853910495e-01,3.024414369283326409e-01,2.794763075340704339e-01,1.864398031076663076e-01,2.364933399147779169e-01,2.799036862212099797e-01,2.783029879146309282e-01,2.430938239723762495e-01,-9.276553649487564307e-03,-3.996812805348418096e-02,-5.402365775263564401e-02,-7.114121514895491161e-02,-9.583031104213346474e-02,-1.113853866216066996e-01,-2.412067071042867938e-01,-2.804370442273077524e-01,-2.993634322998934838e-01,-2.770285545310950392e-01,-1.866567711126620732e-01,-2.359589661315798781e-01,-2.778232317341953195e-01,-2.756410976012929614e-01,-2.404914276530874251e-01,-2.861284942879182766e-02,-8.038445037284648598e-02,-1.372548034750027401e-01,1.037974286448958422e-01,1.596099364507952423e-01,2.093416412592292997e-02,7.411349235940196956e-02,1.325883485471843481e-01,-8.862277118612937876e-02,-1.509645051978106556e-01
cs,1.111000000000000008e-02,2.083000000000000129e-02,2.936000000000000068e-02,2.403999999999999887e-02,2.213999999999999996e-02,-6.671000000000000540e-02,-4.920999999999999680e-02,-3.647999999999999854e-02,-3.411000000000000143e-02,-3.794000000000000150e-02,-1.692500000000000115e-01,-1.448399999999999965e-01,-1.259000000000000119e-01,-1.008799999999999975e-01,-7.650999999999999468e-02,-1.098000000000000018e-02,-2.045999999999999902e-02,-2.883000000000000146e-02,-2.361999999999999864e-02,-2.174999999999999850e-02,6.597999999999999698e-02,4.836000000000000021e-02,3.586000000000000298e-02,3.355000000000000343e-02,3.724999999999999839e-02,1.659200000000000119e-01,1.419100000000000084e-01,1.236199999999999938e-01,9.944999999999999674e-02,7.567000000000000115e-02,-7.790000000000000049e-03,-2.365000000000000088e-02,-4.018000000000000044e-02,2.977000000000000132e-02,4.259000000000000286e-02,5.530000000000000193e-03,2.179000000000000034e-02,3.851000000000000256e-02,-2.656000000000000028e-02,-4.064000000000000251e-02
cs*c/cref,1.770833523123829106e-02,3.089187782389890558e-02,4.028789920287992321e-02,3.032331227271056751e-02,2.547344322815265835e-02,-7.135124967858059997e-02,-5.011518706608381751e-02,-3.528434632479888339e-02,-3.124724341549424758e-02,-3.281545898688608548e-02,-1.360067957242037939e-01,-1.060256147375380903e-01,-8.315213330639532885e-02,-5.940962274547256783e-02,-3.958436230393416050e-02,-1.750112698820849993e-02,-3.034315027733900869e-02,-3.956063126767807303e-02,-2.979353726628217874e-02,-2.502472403849685320e-02,7.057046100723651794e-02,4.924955184953899029e-02,3.468466719318223646e-02,3.073424264408771908e-02,3.221865701796274711e-02,1.333308569959225642e-01,1.038807994159350462e-01,8.164628053484185299e-02,5.856747603129705548e-02,3.914976729236306630e-02,-6.602313301252616881e-03,-1.882083210887851993e-02,-2.990401259964000844e-02,2.062783344965653937e-02,2.733548010873158157e-02,4.686879660581125956e-03,1.734063135951217569e-02,2.866111312125775926e-02,-1.840360283583734186e-02,-2.608391433714138397e-02
cx,-5.473999999999999699e-02,-6.607999999999999985e-02,-4.950000000000000233e-02,-5.741000000000000270e-02,-6.456000000000000627e-02,-6.764000000000000568e-02,-8.841000000000000247e-02,-7.566000000000000503e-02,-6.508999999999999508e-02,-5.106000000000000122e-02,-3.891000000000000014e-02,-4.594000000000000167e-02,-5.181999999999999801e-02,-4.988000000000000073e-02,-4.288000000000000145e-02,-5.415999999999999981e-02,-6.574000000000000676e-02,-4.975000000000000255e-02,-5.757999999999999924e-02,-6.468000000000000138e-02,-6.771000000000000629e-02,-8.751000000000000445e-02,-7.481000000000000150e-02,-6.439000000000000279e-02,-5.056999999999999690e-02,-3.862999999999999767e-02,-4.556999999999999940e-02,-5.127000000000000307e-02,-4.932999999999999885e-02,-4.240000000000000019e-02,-6.999999999999999929e-04,-2.000000000000000042e-03,-4.859999999999999737e-03,-2.289999999999999935e-03,-8.000000000000000654e-05,-5.199999999999999544e-04,-1.799999999999999951e-03,-4.720000000000000237e-03,-2.799999999999999972e-03,-1.600000000000000131e-04
cx*c/cref,-8.725060941115966862e-02,-9.799977372075081850e-02,-6.792408074055027167e-02,-7.241519790250890154e-02,-7.428028431840721924e-02,-7.234595305440251478e-02,-9.003624646438672385e-02,-7.318019854534768553e-02,-5.962717894794841711e-02,-4.416334570032692808e-02,-3.126750027550233291e-02,-3.362894739742129657e-02,-3.422512746574587345e-02,-2.937501965249971966e-02,-2.218504059067699652e-02,-8.632614186533445200e-02,-9.749553759688497911e-02,-6.826713165338134381e-02,-7.262963064320610007e-02,-7.441835176137823193e-02,-7.242082320096976389e-02,-8.911969152922161186e-02,-7.235805780038938317e-02,-5.898592798369025475e-02,-4.373952980935237600e-02,-3.104249641846967486e-02,-3.335810041141681198e-02,-3.386187350769569865e-02,-2.905111707012452207e-02,-2.193670058406494219e-02,-5.932759064026741497e-04,-1.591613708996069288e-03,-3.617060757447745651e-03,-1.586756419204349115e-03,-5.134628806523894567e-05,-4.407192447562722224e-04,-1.432452338096462359e-03,-3.512865591595342157e-03,-1.940138853175623354e-03,-1.026925761304778913e-04
cy,1.111000000000000008e-02,2.083000000000000129e-02,2.936000000000000068e-02,2.403999999999999887e-02,2.213999999999999996e-02,-6.671000000000000540e-02,-4.920999999999999680e-02,-3.647999999999999854e-02,-3.411000000000000143e-02,-3.794000000000000150e-02,-1.692500000000000115e-01,-1.448399999999999965e-01,-1.259000000000000119e-01,-1.008799999999999975e-01,-7.650999999999999468e-02,-1.098000000000000018e-02,-2.045999999999999902e-02,-2.883000000000000146e-02,-2.361999999999999864e-02,-2.174999999999999850e-02,6.597999999999999698e-02,4.836000000000000021e-02,3.586000000000000298e-02,3.355000000000000343e-02,3.724999999999999839e-02,1.659200000000000119e-01,1.419100000000000084e-01,1.236199999999999938e-01,9.944999999999999674e-02,7.567000000000000115e-02,-7.790000000000000049e-03,-2.365000000000000088e-02,-4.018000000000000044e-02,2.977000000000000132e-02,4.259000000000000286e-02,5.530000000000000193e-03,2.179000000000000034e-02,3.851000000000000256e-02,-2.656000000000000028e-02,-4.064000000000000251e-02
cy*c/cref,1.770833523123829106e-02,3.089187782389890558e-02,4.028789920287992321e-02,3.032331227271056751e-02,2.547344322815265835e-02,-7.135124967858059997e-02,-5.011518706608381751e-02,-3.528434632479888339e-02,-3.124724341549424758e-02,-3.281545898688608548e-02,-1.360067957242037939e-01,-1.060256147375380903e-01,-8.315213330639532885e-02,-5.940962274547256783e-02,-3.958436230393416050e-02,-1.750112698820849993e-02,-3.034315027733900869e-02,-3.956063126767807303e-02,-2.979353726628217874e-02,-2.502472403849685320e-02,7.057046100723651794e-02,4.924955184953899029e-02,3.468466719318223646e-02,3.073424264408771908e-02,3.221865701796274711e-02,1.333308569959225642e-01,1.038807994159350462e-01,8.164628053484185299e-02,5.856747603129705548e-02,3.914976729236306630e-02,-6.602313301252616881e-03,-1.882083210887851993e-02,-2.990401259964000844e-02,2.062783344965653937e-02,2.733548010873158157e-02,4.686879660581125956e-03,1.734063135951217569e-02,2.866111312125775926e-02,-1.840360283583734186e-02,-2.608391433714138397e-02
cz,6.762700000000000378e-01,7.583299999999999486e-01,9.385099999999999554e-01,1.049630000000000063e+00,1.142419999999999991e+00,1.171680000000000055e+00,8.402899999999999814e-01,7.522100000000000453e-01,7.007600000000000495e-01,6.114100000000000090e-01,5.204299999999999482e-01,4.912599999999999745e-01,4.638800000000000145e-01,4.206699999999999884e-01,3.352100000000000080e-01,6.713900000000000423e-01,7.514600000000000168e-01,9.308199999999999807e-01,1.040869999999999962e+00,1.132279999999999953e+00,1.159839999999999982e+00,8.276000000000000023e-01,7.412300000000000555e-01,6.908900000000000041e-01,6.027500000000000080e-01,5.124699999999999811e-01,4.843399999999999928e-01,4.576500000000000012e-01,4.158800000000000274e-01,3.317300000000000249e-01,8.019999999999999352e-03,2.374000000000000069e-02,5.741000000000000270e-02,-1.106000000000000039e-02,-4.141999999999999849e-02,5.740000000000000310e-03,2.182999999999999871e-02,5.611000000000000015e-02,-6.919999999999999936e-03,-3.935000000000000303e-02
cz*c/cref,1.077913219336590345e+00,1.124639352385850000e+00,1.287826848804319857e+00,1.323970809517686975e+00,1.314425068324578172e+00,1.253197904712926469e+00,8.557466071887741554e-01,7.275558703118686354e-01,6.419471795907871758e-01,5.288270895933585569e-01,4.182098475553759354e-01,3.596115955258420427e-01,3.063749928369393083e-01,2.477383624141350493e-01,1.734292783675568106e-01,1.070134940675164348e+00,1.114450816588913540e+00,1.277274602725636532e+00,1.312921216526466317e+00,1.302758369393527182e+00,1.240534154207838746e+00,8.428231826029459750e-01,7.169357463358190241e-01,6.329055409947470512e-01,5.213367924181757651e-01,4.118133093340189954e-01,3.545460248686771454e-01,3.022603161848436693e-01,2.449174653785401723e-01,1.716288133196194055e-01,6.797246813356352599e-03,1.889245472578334265e-02,4.272746051133232553e-02,-7.663548470043712348e-03,-2.658454064577745954e-02,4.864862432501928548e-03,1.737246363369209651e-02,4.175993397127428230e-02,-4.794914594276897604e-03,-2.525595544208940682e-02
Results_Name,VSPAERO_Comp_Load
Results_Timestamp,1759253980
Results_Date,9,30,2025
Results_Time,13,39,40
AoA,6.000000000000000000e+00,6.000000000000000000e+00,6.000000000000000000e+00,6.000000000000000000e+00,6.000000000000000000e+00,6.000000000000000000e+00,6.000000000000000000e+00,6.000000000000000000e+00,6.000000000000000000e+00
Beta,0.000000000000000000e+00,0.000000000000000000e+00,0.000000000000000000e+00,0.000000000000000000e+00,0.000000000000000000e+00,0.000000000000000000e+00,0.000000000000000000e+00,0.000000000000000000e+00,0.000000000000000000e+00
CDi,0.000000000000000000e+00,1.115000000000000019e-02,1.085000000000000027e-02,-8.000000000000000654e-05,-8.000000000000000654e-05,0.000000000000000000e+00,0.000000000000000000e+00,0.000000000000000000e+00,0.000000000000000000e+00
CFx,0.000000000000000000e+00,-3.277000000000000052e-02,-3.255999999999999867e-02,-1.499999999999999869e-04,-1.499999999999999869e-04,0.000000000000000000e+00,0.000000000000000000e+00,0.000000000000000000e+00,0.000000000000000000e+00
CFy,0.000000000000000000e+00,-1.359999999999999924e-02,1.339000000000000086e-02,-1.399999999999999877e-04,1.200000000000000030e-04,0.000000000000000000e+00,0.000000000000000000e+00,0.000000000000000000e+00,0.000000000000000000e+00
CFz,0.000000000000000000e+00,4.184999999999999831e-01,4.136799999999999922e-01,6.899999999999999667e-04,6.899999999999999667e-04,0.000000000000000000e+00,0.000000000000000000e+00,0.000000000000000000e+00,0.000000000000000000e+00
CL,0.000000000000000000e+00,4.196300000000000030e-01,4.148100000000000120e-01,6.999999999999999929e-04,6.999999999999999929e-04,0.000000000000000000e+00,0.000000000000000000e+00,0.000000000000000000e+00,0.000000000000000000e+00
Cmx,0.000000000000000000e+00,8.501999999999999835e-02,-8.390999999999999848e-02,-4.000000000000000327e-05,3.000000000000000076e-05,-5.000000000000000240e-05,5.000000000000000240e-05,-0.000000000000000000e+00,0.000000000000000000e+00
Cmy,0.000000000000000000e+00,-1.247000000000000053e-01,-1.222000000000000031e-01,-2.459999999999999947e-03,-2.550000000000000183e-03,1.369000000000000078e-02,1.358999999999999965e-02,-0.000000000000000000e+00,1.000000000000000082e-05
Cmz,0.000000000000000000e+00,6.890000000000000291e-03,-6.839999999999999726e-03,-2.000000000000000164e-05,2.000000000000000164e-05,2.000000000000000164e-05,-2.000000000000000164e-05,1.000000000000000082e-05,4.000000000000000327e-05
Comp_ID,0,1,2,3,4,5,6,7,8
Comp_Name,NONE,main_wing,main_wing,horizontal_tail,horizontal_tail,fuselage,fuselage,fuselage,fuselage
Cs,0.000000000000000000e+00,-1.359999999999999924e-02,1.339000000000000086e-02,-1.399999999999999877e-04,1.200000000000000030e-04,0.000000000000000000e+00,0.000000000000000000e+00,0.000000000000000000e+00,0.000000000000000000e+00
Mach,1.499999999999999944e-01,1.499999999999999944e-01,1.499999999999999944e-01,1.499999999999999944e-01,1.499999999999999944e-01,1.499999999999999944e-01,1.499999999999999944e-01,1.499999999999999944e-01,1.499999999999999944e-01
Results_Name,VSPAERO_Load
Results_Timestamp,1759253980
Results_Date,9,30,2025
Results_Time,13,39,40
AnalysisMethod,0
Chord,1.735640000000000072e+00,1.614919999999999911e+00,1.494220000000000104e+00,1.373529999999999918e+00,1.252869999999999928e+00,1.164679999999999938e+00,1.108950000000000102e+00,1.053230000000000111e+00,9.975300000000000278e-01,9.418400000000000105e-01,8.750400000000000400e-01,7.971099999999999852e-01,7.191899999999999959e-01,6.412799999999999612e-01,5.633799999999999919e-01,1.735640000000000072e+00,1.614919999999999911e+00,1.494220000000000104e+00,1.373529999999999918e+00,1.252869999999999928e+00,1.164679999999999938e+00,1.108950000000000102e+00,1.053230000000000111e+00,9.975300000000000278e-01,9.418400000000000105e-01,8.750400000000000400e-01,7.971099999999999852e-01,7.191899999999999959e-01,6.412799999999999612e-01,5.633799999999999919e-01,9.229000000000000536e-01,8.665699999999999514e-01,8.104299999999999837e-01,7.545199999999999685e-01,6.988999999999999657e-01,9.229000000000000536e-01,8.665699999999999514e-01,8.104299999999999837e-01,7.545199999999999685e-01,6.988999999999999657e-01
FC_AoA_,7.000000000000000000e+00
FC_Beta_,0.000000000000000000e+00
FC_Bref_,1.417173599999999922e+01
FC_Cref_,1.088920000000000110e+00
FC_Mach_,1.499999999999999944e-01
FC_Pitch_Rate,0.000000000000000000e+00
FC_Rho_,2.377000000000000206e-03
FC_Roll__Rate,0.000000000000000000e+00
FC_Sref_,1.619368700000000061e+01
FC_Vinf_,5.100000000000000000e+01
FC_Xcg_,1.774861999999999940e+00
FC_Yaw___Rate,0.000000000000000000e+00
FC_Ycg_,0.000000000000000000e+00
FC_Zcg_,7.545150000000000468e-01
S,3.314000000000000279e-02,8.981999999999999706e-02,1.368900000000000117e-01,1.839600000000000124e-01,2.310300000000000131e-01,2.997400000000000064e-01,4.117600000000000149e-01,5.454599999999999449e-01,6.791599999999999859e-01,8.128699999999999815e-01,9.157600000000000184e-01,9.578299999999999592e-01,9.698799999999999644e-01,9.819299999999999695e-01,9.939799999999999747e-01,3.314000000000000279e-02,8.981999999999999706e-02,1.368900000000000117e-01,1.839600000000000124e-01,2.310300000000000131e-01,2.997400000000000064e-01,4.117600000000000149e-01,5.454599999999999449e-01,6.791599999999999859e-01,8.128699999999999815e-01,9.157600000000000184e-01,9.578299999999999592e-01,9.698799999999999644e-01,9.819299999999999695e-01,9.939799999999999747e-01,1.020299999999999957e-01,3.035599999999999965e-01,5.025399999999999867e-01,7.015200000000000324e-01,9.005100000000000326e-01,1.020299999999999957e-01,3.035599999999999965e-01,5.025399999999999867e-01,7.015200000000000324e-01,9.005100000000000326e-01
V/Vref,1.001169999999999893e+00,1.002699999999999925e+00,1.002969999999999917e+00,1.003670000000000062e+00,1.005880000000000107e+00,1.005430000000000046e+00,9.996000000000000441e-01,9.987099999999999866e-01,9.970599999999999463e-01,9.974899999999999878e-01,1.007700000000000040e+00,1.007719999999999949e+00,1.007929999999999993e+00,1.007390000000000008e+00,1.009679999999999911e+00,1.001689999999999969e+00,1.002979999999999983e+00,1.003020000000000023e+00,1.003719999999999946e+00,1.005810000000000093e+00,1.005309999999999926e+00,9.995100000000000096e-01,9.986099999999999977e-01,9.969599999999999573e-01,9.973400000000000043e-01,1.007270000000000110e+00,1.007300000000000084e+00,1.007500000000000062e+00,1.007160000000000055e+00,1.009549999999999947e+00,9.892300000000000537e-01,9.939599999999999547e-01,9.961200000000000054e-01,1.010760000000000103e+00,1.003379999999999939e+00,9.889499999999999957e-01,9.937799999999999967e-01,9.958299999999999930e-01,1.011069999999999913e+00,1.003360000000000030e+00
WingId,1,1,1,1,1,1,1,1,1,1,1,1,1,1,1,2,2,2,2,2,2,2,2,2,2,2,2,2,2,2,3,3,3,3,3,4,4,4,4,4
Xavg,2.391169999999999796e+00,2.380489999999999995e+00,2.369810000000000194e+00,2.359129999999999949e+00,2.348450000000000149e+00,2.336259999999999781e+00,2.322589999999999932e+00,2.308860000000000134e+00,2.295059999999999878e+00,2.281190000000000051e+00,2.284749999999999837e+00,2.305000000000000160e+00,2.325239999999999974e+00,2.345470000000000166e+00,2.365699999999999914e+00,2.391169999999999796e+00,2.380489999999999995e+00,2.369810000000000194e+00,2.359129999999999949e+00,2.348450000000000149e+00,2.336259999999999781e+00,2.322589999999999932e+00,2.308860000000000134e+00,2.295059999999999878e+00,2.281190000000000051e+00,2.284749999999999837e+00,2.305000000000000160e+00,2.325239999999999974e+00,2.345470000000000166e+00,2.365699999999999914e+00,5.722059999999999924e+00,5.820210000000000328e+00,5.918350000000000222e+00,6.016490000000000116e+00,6.114630000000000010e+00,5.722059999999999924e+00,5.820210000000000328e+00,5.918350000000000222e+00,6.016490000000000116e+00,6.114630000000000010e+00
Yavg,1.718899999999999872e-01,5.195499999999999563e-01,8.671900000000000164e-01,1.214790000000000036e+00,1.562359999999999971e+00,2.229140000000000121e+00,3.217070000000000096e+00,4.204979999999999940e+00,5.192870000000000097e+00,6.180740000000000123e+00,6.716649999999999565e+00,6.791660000000000252e+00,6.866660000000000430e+00,6.941650000000000098e+00,7.016610000000000014e+00,-1.718899999999999872e-01,-5.195499999999999563e-01,-8.671900000000000164e-01,-1.214790000000000036e+00,-1.562359999999999971e+00,-2.229140000000000121e+00,-3.217070000000000096e+00,-4.204979999999999940e+00,-5.192870000000000097e+00,-6.180740000000000123e+00,-6.716649999999999565e+00,-6.791660000000000252e+00,-6.866660000000000430e+00,-6.941650000000000098e+00,-7.016610000000000014e+00,1.078800000000000037e-01,3.257399999999999740e-01,5.435900000000000176e-01,7.614400000000000057e-01,9.792699999999999738e-01,-1.078800000000000037e-01,-3.257399999999999740e-01,-5.435900000000000176e-01,-7.614400000000000057e-01,-9.792699999999999738e-01
Zavg,1.027309999999999945e+00,1.024350000000000094e+00,1.021379999999999955e+00,1.018420000000000103e+00,1.015449999999999964e+00,1.037979999999999903e+00,1.086500000000000021e+00,1.135019999999999918e+00,1.183540000000000036e+00,1.232069999999999999e+00,1.270329999999999959e+00,1.298289999999999944e+00,1.326240000000000085e+00,1.354190000000000005e+00,1.382130000000000081e+00,1.027309999999999945e+00,1.024350000000000094e+00,1.021379999999999955e+00,1.018420000000000103e+00,1.015449999999999964e+00,1.037979999999999903e+00,1.086500000000000021e+00,1.135019999999999918e+00,1.183540000000000036e+00,1.232069999999999999e+00,1.270329999999999959e+00,1.298289999999999944e+00,1.326240000000000085e+00,1.354190000000000005e+00,1.382130000000000081e+00,3.777900000000000147e-01,5.956799999999999873e-01,8.135799999999999699e-01,1.031470000000000109e+00,1.249349999999999961e+00,3.777900000000000147e-01,5.956799999999999873e-01,8.135799999999999699e-01,1.031470000000000109e+00,1.249349999999999961e+00
cd,2.350000000000000006e-02,1.861000000000000154e-02,5.560999999999999971e-02,5.918999999999999956e-02,6.131000000000000338e-02,6.101999999999999785e-02,1.459999999999999926e-03,5.440000000000000391e-03,1.157000000000000042e-02,1.723999999999999838e-02,2.065000000000000169e-02,7.799999999999999642e-03,-3.299999999999999982e-03,-6.559999999999999859e-03,-8.970000000000000542e-03,2.335999999999999882e-02,1.813000000000000028e-02,5.437999999999999778e-02,5.788999999999999702e-02,5.985000000000000042e-02,5.936000000000000304e-02,8.599999999999999789e-04,4.989999999999999644e-03,1.106999999999999998e-02,1.660999999999999976e-02,1.981000000000000122e-02,7.270000000000000420e-03,-3.490000000000000047e-03,-6.499999999999999702e-03,-8.789999999999999203e-03,1.479999999999999979e-03,1.549999999999999946e-03,1.920000000000000049e-03,4.729999999999999830e-03,-1.610000000000000103e-03,1.440000000000000091e-03,1.539999999999999919e-03,1.930000000000000075e-03,5.020000000000000157e-03,-1.379999999999999933e-03
cd*c/cref,3.745687470153914039e-02,2.759951254453954159e-02,7.630824505014142944e-02,7.466043483451491325e-02,7.054095773794216706e-02,6.526537633618630097e-02,1.486855783712301904e-03,5.261700767733167201e-03,1.059896236638136792e-02,1.491139991918597960e-02,1.659403445615839634e-02,5.709747272526905816e-03,-2.179523748301068729e-03,-3.863274437056899661e-03,-4.640853873562795356e-03,3.723372736289166929e-02,2.688764978143481227e-02,7.462043455901259947e-02,7.302065505271275458e-02,6.886113718179479037e-02,6.348988428902030412e-02,8.758191602688901846e-04,4.826449785108179874e-03,1.014092596333982139e-02,1.436649377364728267e-02,1.591902288506042568e-02,5.321777265547514291e-03,-2.305011479263857372e-03,-3.827939609888696224e-03,-4.547726371083273683e-03,1.254354773537082537e-03,1.233500624471953752e-03,1.428962274547257742e-03,3.277448848400249439e-03,-1.033344047312933795e-03,1.220453293171215635e-03,1.225542555926973330e-03,1.436404786393858084e-03,3.478391801050582152e-03,-8.857234691253717315e-04
cl,7.486199999999999521e-01,8.332600000000000007e-01,1.016559999999999908e+00,1.137280000000000069e+00,1.237249999999999961e+00,1.269419999999999993e+00,9.437299999999999578e-01,8.538000000000000034e-01,7.974999999999999867e-01,6.961800000000000210e-01,5.934599999999999875e-01,5.614599999999999591e-01,5.322700000000000209e-01,4.838999999999999968e-01,3.878599999999999826e-01,7.434899999999999842e-01,8.259100000000000330e-01,1.008000000000000007e+00,1.127259999999999929e+00,1.225400000000000045e+00,1.255279999999999951e+00,9.283299999999999885e-01,8.399600000000000399e-01,7.849099999999999966e-01,6.850399999999999823e-01,5.832500000000000462e-01,5.525999999999999801e-01,5.240799999999999903e-01,4.775699999999999945e-01,3.833199999999999941e-01,4.041999999999999760e-02,5.322000000000000342e-02,8.389000000000000623e-02,3.774000000000000271e-02,-1.392999999999999967e-02,3.864000000000000073e-02,5.106999999999999734e-02,8.172000000000000097e-02,4.087999999999999967e-02,-1.153999999999999991e-02
cl*c/cref,1.193232576130477840e+00,1.235764095801344276e+00,1.394927343790177243e+00,1.434529807883039965e+00,1.423532865132424385e+00,1.357738020791242395e+00,9.610893210704183343e-01,8.258161977004738752e-01,7.305680628512654096e-01,6.021472387319545261e-01,4.768956749807148343e-01,4.109993209785841595e-01,3.515439713661241972e-01,2.849753811115600111e-01,2.006690728428166814e-01,1.185055820078609878e+00,1.224863697241303173e+00,1.383181280534842017e+00,1.421890889872533759e+00,1.409898705139036590e+00,1.342614251184659713e+00,9.454060477353707359e-01,8.124298119237409743e-01,7.190347062226792874e-01,5.925119141902067676e-01,4.686910700510598105e-01,4.045136336920985287e-01,3.461347896998860918e-01,2.812475568453145502e-01,1.983201902802776695e-01,3.425744590970870168e-02,4.235284079638540478e-02,6.243523188112992672e-02,2.615030011387429673e-02,-8.940672409359730344e-03,3.274883003342761445e-02,4.064185605921463024e-02,6.082020681041765825e-02,2.832602725636410024e-02,-7.406702053410717072e-03
cmx,7.276000000000000523e-02,2.641700000000000159e-01,5.859999999999999654e-01,1.001810000000000089e+00,1.538200000000000012e+00,2.448570000000000135e+00,2.735990000000000144e+00,3.404599999999999849e+00,4.148310000000000386e+00,4.571449999999999569e+00,4.652330000000000076e+00,4.865420000000000300e+00,5.149370000000000225e+00,5.290729999999999933e+00,4.872359999999999580e+00,-7.227000000000000091e-02,-2.618599999999999817e-01,-5.810800000000000409e-01,-9.929499999999999993e-01,-1.523379999999999956e+00,-2.421069999999999833e+00,-2.691059999999999786e+00,-3.349200000000000177e+00,-4.082550000000000345e+00,-4.497910000000000075e+00,-4.571180000000000021e+00,-4.787309999999999732e+00,-5.069219999999999615e+00,-5.221199999999999619e+00,-4.815559999999999619e+00,-1.162999999999999971e-02,9.480000000000000579e-03,6.149000000000000299e-02,4.807999999999999774e-02,-2.904999999999999943e-02,1.107999999999999957e-02,-9.110000000000000042e-03,-5.974999999999999756e-02,-5.281999999999999890e-02,2.401000000000000009e-02
cmx*c/cref,1.159728597142122425e-01,3.917766377695330871e-01,8.041113396760092291e-01,1.263652140928626322e+00,1.769794506483487906e+00,2.618925639716415787e+00,2.786316818958233910e+00,3.293012212100062452e+00,3.800153982202548963e+00,3.953986030195054902e+00,3.738543550674062299e+00,3.561579304448443839e+00,3.400961879936083232e+00,3.115783835727141682e+00,2.520837322117326362e+00,-1.151918440289461110e-01,-3.883507982220915089e-01,-7.973600977114940758e-01,-1.252476411031113068e+00,-1.752743177276567144e+00,-2.589512367850713925e+00,-2.740560359806046176e+00,-3.239427980016897468e+00,-3.739913034474525055e+00,-3.890379049333283934e+00,-3.673332611394776404e+00,-3.504401309646254070e+00,-3.348025871322043212e+00,-3.074836660177055592e+00,-2.491450421334899801e+00,-9.856855416375858575e-03,7.544248980641369250e-03,4.576400534474524967e-02,3.331495573595855825e-02,-1.864512085368989075e-02,9.390710061345185905e-03,-7.249800444477095575e-03,-4.446900828343679224e-02,-3.659933365169158043e-02,1.541030470557983728e-02
cmy,-1.084200000000000025e-01,-1.420500000000000096e-01,-2.235399999999999887e-01,-2.893800000000000261e-01,-3.541900000000000048e-01,-3.971500000000000030e-01,-2.664400000000000102e-01,-2.474000000000000088e-01,-2.405299999999999938e-01,-2.147600000000000064e-01,-2.109000000000000041e-01,-2.498299999999999965e-01,-3.008700000000000263e-01,-3.407899999999999818e-01,-3.499900000000000233e-01,-1.061200000000000060e-01,-1.387500000000000122e-01,-2.198499999999999899e-01,-2.849599999999999911e-01,-3.487399999999999944e-01,-3.903800000000000048e-01,-2.587599999999999900e-01,-2.405500000000000138e-01,-2.340800000000000103e-01,-2.086899999999999866e-01,-2.047700000000000076e-01,-2.440900000000000014e-01,-2.943500000000000005e-01,-3.351799999999999780e-01,-3.451799999999999868e-01,-1.665399999999999936e-01,-2.300200000000000022e-01,-4.018900000000000250e-01,-2.130100000000000049e-01,7.978000000000000369e-02,-1.595799999999999996e-01,-2.210000000000000020e-01,-3.918599999999999861e-01,-2.318600000000000105e-01,6.446000000000000341e-02
cmy*c/cref,-1.728116746868456899e-01,-2.106668864563052967e-01,-3.067424042170223686e-01,-3.650149794291591143e-01,-4.075175635492046533e-01,-4.247811244168533396e-01,-2.713409965837710880e-01,-2.392913180031590870e-01,-2.203429920471659531e-01,-1.857524505014142291e-01,-1.694761194578114083e-01,-1.828802770635124253e-01,-1.987131242882856363e-01,-2.006959291775336496e-01,-1.810760810711530555e-01,-1.691456826947801417e-01,-2.057728299599602961e-01,-3.016789727436359203e-01,-3.594397281710317582e-01,-4.012470005142709240e-01,-4.175401116702787130e-01,-2.635197278036953694e-01,-2.326658308232009698e-01,-2.144343224479300369e-01,-1.805023230356683495e-01,-1.645501421592036051e-01,-1.786784886860375010e-01,-1.944069137310362461e-01,-1.973921228373066439e-01,-1.785875072548947229e-01,-1.411488135032876456e-01,-1.830514926716379498e-01,-2.991071086030194781e-01,-1.475960632553355578e-01,5.120508577305953740e-02,-1.352499559196267687e-01,-1.758733148440656535e-01,-2.916422692208793799e-01,-1.606573551776071529e-01,4.137227160856627589e-02
cmz,7.040000000000000251e-03,3.148999999999999716e-02,4.939999999999999947e-02,7.609000000000000485e-02,1.147799999999999931e-01,1.531899999999999928e-01,3.109399999999999942e-01,3.838599999999999790e-01,4.364100000000000201e-01,4.303899999999999948e-01,3.214199999999999835e-01,4.397699999999999942e-01,5.715099999999999625e-01,6.356199999999999628e-01,6.301099999999999479e-01,-6.939999999999999988e-03,-3.111999999999999836e-02,-4.913000000000000006e-02,-7.588999999999999913e-02,-1.145700000000000052e-01,-1.535600000000000021e-01,-3.078199999999999825e-01,-3.793199999999999905e-01,-4.314100000000000157e-01,-4.260900000000000243e-01,-3.213699999999999890e-01,-4.382800000000000029e-01,-5.665799999999999725e-01,-6.285399999999999876e-01,-6.222100000000000408e-01,-1.628100000000000103e-01,-2.252300000000000135e-01,-3.356799999999999784e-01,-1.677299999999999902e-01,7.488999999999999824e-02,1.559300000000000130e-01,2.165600000000000025e-01,3.286200000000000232e-01,1.882999999999999952e-01,-5.992999999999999716e-02
cmz*c/cref,1.122112331484406526e-02,4.670116335451639233e-02,6.778686037541785392e-02,9.597757199794290650e-02,1.320615092017778658e-01,1.638479678947948048e-01,3.166595461558240898e-01,3.712787604231715388e-01,3.997833333027219216e-01,3.722573904419057000e-01,2.582883561694155339e-01,3.219199433383535536e-01,3.774604901186496275e-01,3.743253807442235570e-01,3.260031699298386321e-01,-1.106173235866730366e-02,-4.615243580795649891e-02,-6.741636538956030655e-02,-9.572529818535795154e-02,-1.318198911765786074e-01,-1.642437100980788101e-01,-3.134821557139183534e-01,-3.668875616206883628e-01,-3.952029692723064702e-01,-3.685381897660066630e-01,-2.582481769092311308e-01,-3.208292352055246988e-01,-3.742044137310361895e-01,-3.701558711383755584e-01,-3.219159073210152711e-01,-1.379875004591705479e-01,-1.792395778385923732e-01,-2.498302376666788616e-01,-1.162212463725526002e-01,4.806654391507179935e-02,1.321564458362414207e-01,1.723399324100944041e-01,2.445758243029790835e-01,1.304743378760606642e-01,-3.846478804687211706e-02
cs,1.315999999999999982e-02,2.204000000000000056e-02,3.113000000000000142e-02,2.747000000000000136e-02,2.610000000000000167e-02,-7.129000000000000614e-02,-5.367000000000000243e-02,-4.087999999999999967e-02,-3.844999999999999807e-02,-4.408000000000000113e-02,-1.884000000000000119e-01,-1.587200000000000000e-01,-1.362500000000000100e-01,-1.066700000000000009e-01,-8.054000000000000048e-02,-1.301000000000000073e-02,-2.162999999999999992e-02,-3.051999999999999852e-02,-2.695000000000000173e-02,-2.561000000000000082e-02,7.041000000000000036e-02,5.263999999999999929e-02,4.009000000000000064e-02,3.774000000000000271e-02,4.315999999999999698e-02,1.840700000000000114e-01,1.549099999999999921e-01,1.332899999999999918e-01,1.049500000000000016e-01,7.960000000000000409e-02,-3.919000000000000261e-02,-5.206999999999999823e-02,-7.165000000000000535e-02,-2.980000000000000010e-02,1.331000000000000065e-02,3.744999999999999718e-02,5.000999999999999890e-02,7.001999999999999891e-02,3.325999999999999790e-02,-1.094999999999999966e-02
cs*c/cref,2.097584983286191612e-02,3.268636520589206923e-02,4.271669966572384097e-02,3.464980815854240559e-02,3.002966884619622662e-02,-7.624989641112293881e-02,-5.465722596701318853e-02,-3.954013371046541381e-02,-3.522299939389485907e-02,-3.812613157991404100e-02,-1.513954523748300973e-01,-1.161860368071116201e-01,-8.998791233515776589e-02,-6.281943356720419425e-02,-4.166938360944788533e-02,-2.073676339859677545e-02,-3.207831576240677968e-02,-4.187965543841604826e-02,-3.399389624582154629e-02,-2.946589345406457061e-02,7.530867171142047178e-02,5.360827976343532364e-02,3.877602642985710640e-02,3.457258770157586869e-02,3.733039562134958522e-02,1.479159284428608057e-01,1.133970448701465406e-01,8.803294557910588958e-02,6.180650185504903138e-02,4.118305109649927909e-02,-3.321497538845828712e-02,-4.143766291371266119e-02,-5.332559738089115431e-02,-2.064862065165484761e-02,8.542738676854129409e-03,3.174026099254306788e-02,3.979830079344671284e-02,5.211246794989530390e-02,2.304607794879329555e-02,-7.028023178929579916e-03
cx,-6.790999999999999814e-02,-8.308000000000000107e-02,-6.869000000000000106e-02,-7.985000000000000431e-02,-8.992999999999999605e-02,-9.414000000000000146e-02,-1.135700000000000043e-01,-9.865000000000000158e-02,-8.570999999999999452e-02,-6.773999999999999466e-02,-5.183000000000000107e-02,-6.067999999999999783e-02,-6.815000000000000224e-02,-6.547999999999999654e-02,-5.616999999999999771e-02,-6.743000000000000382e-02,-8.265999999999999737e-02,-6.887000000000000066e-02,-7.992000000000000492e-02,-8.992999999999999605e-02,-9.406000000000000472e-02,-1.122800000000000048e-01,-9.740999999999999659e-02,-8.466999999999999527e-02,-6.700000000000000400e-02,-5.140999999999999737e-02,-6.013000000000000289e-02,-6.733000000000000096e-02,-6.465999999999999526e-02,-5.544000000000000317e-02,-3.459999999999999968e-03,-4.939999999999999947e-03,-8.319999999999999271e-03,9.000000000000000567e-05,1.000000000000000048e-04,-3.279999999999999930e-03,-4.689999999999999725e-03,-8.040000000000000271e-03,0.000000000000000000e+00,4.000000000000000327e-05
cx*c/cref,-1.082423983396392647e-01,-1.232115799140432455e-01,-9.425666880946259596e-02,-1.007203196745398988e-01,-1.034700428865297506e-01,-1.006896513977151575e-01,-1.156590488741137956e-01,-9.541668763545531340e-02,-7.851660020938175388e-02,-5.859038460125628317e-02,-4.164982110715204078e-02,-4.441890570473495947e-02,-4.501046771112661438e-02,-3.856207471623258887e-02,-2.906095452374829469e-02,-1.074773217499908201e-01,-1.225886999963266139e-01,-9.450366546670095624e-02,-1.008086155089446267e-01,-1.034700428865297506e-01,-1.006040855159240216e-01,-1.143453201337104597e-01,-9.421732937222201953e-02,-7.756388449105534877e-02,-5.795033611284575170e-02,-4.131231532160305198e-02,-4.401629532013370816e-02,-4.446888908276089292e-02,-3.807916541160047408e-02,-2.868327076369246026e-02,-2.932478051647503629e-03,-3.931285861220290903e-03,-6.192169856371449420e-03,6.236160599493075765e-05,6.418286008154868208e-05,-2.779921390001102027e-03,-3.732334147595782296e-03,-5.983779524666641564e-03,0.000000000000000000e+00,2.567314403261947283e-05
cy,1.315999999999999982e-02,2.204000000000000056e-02,3.113000000000000142e-02,2.747000000000000136e-02,2.610000000000000167e-02,-7.129000000000000614e-02,-5.367000000000000243e-02,-4.087999999999999967e-02,-3.844999999999999807e-02,-4.408000000000000113e-02,-1.884000000000000119e-01,-1.587200000000000000e-01,-1.362500000000000100e-01,-1.066700000000000009e-01,-8.054000000000000048e-02,-1.301000000000000073e-02,-2.162999999999999992e-02,-3.051999999999999852e-02,-2.695000000000000173e-02,-2.561000000000000082e-02,7.041000000000000036e-02,5.263999999999999929e-02,4.009000000000000064e-02,3.774000000000000271e-02,4.315999999999999698e-02,1.840700000000000114e-01,1.549099999999999921e-01,1.332899999999999918e-01,1.049500000000000016e-01,7.960000000000000409e-02,-3.919000000000000261e-02,-5.206999999999999823e-02,-7.165000000000000535e-02,-2.980000000000000010e-02,1.331000000000000065e-02,3.744999999999999718e-02,5.000999999999999890e-02,7.001999999999999891e-02,3.325999999999999790e-02,-1.094999999999999966e-02
cy*c/cref,2.097584983286191612e-02,3.268636520589206923e-02,4.271669966572384097e-02,3.464980815854240559e-02,3.002966884619622662e-02,-7.624989641112293881e-02,-5.465722596701318853e-02,-3.954013371046541381e-02,-3.522299939389485907e-02,-3.812613157991404100e-02,-1.513954523748300973e-01,-1.161860368071116201e-01,-8.998791233515776589e-02,-6.281943356720419425e-02,-4.166938360944788533e-02,-2.073676339859677545e-02,-3.207831576240677968e-02,-4.187965543841604826e-02,-3.399389624582154629e-02,-2.946589345406457061e-02,7.530867171142047178e-02,5.360827976343532364e-02,3.877602642985710640e-02,3.457258770157586869e-02,3.733039562134958522e-02,1.479159284428608057e-01,1.133970448701465406e-01,8.803294557910588958e-02,6.180650185504903138e-02,4.118305109649927909e-02,-3.321497538845828712e-02,-4.143766291371266119e-02,-5.332559738089115431e-02,-2.064862065165484761e-02,8.542738676854129409e-03,3.174026099254306788e-02,3.979830079344671284e-02,5.211246794989530390e-02,2.304607794879329555e-02,-7.028023178929579916e-03
cz,7.459099999999999620e-01,8.293199999999999461e-01,1.015759999999999996e+00,1.136020000000000030e+00,1.235500000000000043e+00,1.267390000000000017e+00,9.368699999999999806e-01,8.480999999999999650e-01,7.929699999999999527e-01,6.930899999999999839e-01,5.915500000000000203e-01,5.582300000000000040e-01,5.279000000000000359e-01,4.794900000000000273e-01,3.838699999999999890e-01,7.408000000000000140e-01,8.219600000000000239e-01,1.007109999999999950e+00,1.125909999999999966e+00,1.223559999999999981e+00,1.253160000000000052e+00,9.215200000000000058e-01,8.343099999999999961e-01,7.803999999999999826e-01,6.819600000000000106e-01,5.813099999999999934e-01,5.493599999999999595e-01,5.197500000000000453e-01,4.732199999999999740e-01,3.794000000000000150e-01,4.028999999999999942e-02,5.301000000000000156e-02,8.350000000000000477e-02,3.803000000000000130e-02,-1.403000000000000080e-02,3.853000000000000175e-02,5.088000000000000161e-02,8.133999999999999564e-02,4.118999999999999745e-02,-1.162999999999999971e-02
cz*c/cref,1.188913081218087475e+00,1.229920888954192826e+00,1.393829580869118123e+00,1.432940482863754639e+00,1.421519381589097186e+00,1.355566786540792545e+00,9.541031356757153636e-01,8.203030185872239866e-01,7.264182530397089721e-01,5.994746038276456135e-01,4.753608272416706693e-01,4.086348999926531778e-01,3.486577535539800987e-01,2.823782713146971157e-01,1.986047465378539822e-01,1.180768203357455137e+00,1.219005659919920381e+00,1.381960019285163321e+00,1.420188041637585608e+00,1.407781671013480951e+00,1.340346755317194827e+00,9.384707820592880223e-01,8.069649940307828118e-01,7.149032178672445337e-01,5.898479285897952895e-01,4.671321147559048814e-01,4.021418925173565473e-01,3.432749903574183747e-01,2.786857818756198202e-01,1.962920802262792253e-01,3.414726609851963246e-02,4.218572135694081959e-02,6.214497391911251445e-02,2.635124306652462944e-02,-9.004855269441279161e-03,3.265560096242148269e-02,4.049065275686000720e-02,6.053739136024684220e-02,2.854082834367997409e-02,-7.464466627484111008e-03
Results_Name,VSPAERO_Comp_Load
Results_Timestamp,1759253980
Results_Date,9,30,2025
Results_Time,13,39,40
AoA,7.000000000000000000e+00,7.000000000000000000e+00,7.000000000000000000e+00,7.000000000000000000e+00,7.000000000000000000e+00,7.000000000000000000e+00,7.000000000000000000e+00,7.000000000000000000e+00,7.000000000000000000e+00
Beta,0.000000000000000000e+00,0.000000000000000000e+00,0.000000000000000000e+00,0.000000000000000000e+00,0.000000000000000000e+00,0.000000000000000000e+00,0.000000000000000000e+00,0.000000000000000000e+00,0.000000000000000000e+00
CDi,0.000000000000000000e+00,1.327000000000000055e-02,1.286999999999999950e-02,1.299999999999999886e-04,1.299999999999999886e-04,0.000000000000000000e+00,0.000000000000000000e+00,0.000000000000000000e+00,0.000000000000000000e+00
CFx,0.000000000000000000e+00,-4.336999999999999883e-02,-4.304999999999999799e-02,-2.599999999999999772e-04,-2.500000000000000052e-04,0.000000000000000000e+00,0.000000000000000000e+00,0.000000000000000000e+00,0.000000000000000000e+00
CFy,0.000000000000000000e+00,-1.494999999999999975e-02,1.468999999999999993e-02,-2.860000000000000129e-03,2.850000000000000103e-03,0.000000000000000000e+00,0.000000000000000000e+00,0.000000000000000000e+00,0.000000000000000000e+00
CFz,0.000000000000000000e+00,4.620900000000000007e-01,4.562599999999999989e-01,3.180000000000000101e-03,3.160000000000000048e-03,0.000000000000000000e+00,0.000000000000000000e+00,0.000000000000000000e+00,0.000000000000000000e+00
CL,0.000000000000000000e+00,4.639400000000000190e-01,4.581000000000000072e-01,3.190000000000000127e-03,3.170000000000000075e-03,0.000000000000000000e+00,0.000000000000000000e+00,0.000000000000000000e+00,0.000000000000000000e+00
Cmx,0.000000000000000000e+00,9.488000000000000600e-02,-9.349999999999999978e-02,6.999999999999999387e-05,-6.999999999999999387e-05,-5.000000000000000240e-05,5.000000000000000240e-05,-0.000000000000000000e+00,0.000000000000000000e+00
Cmy,0.000000000000000000e+00,-1.368999999999999939e-01,-1.338999999999999913e-01,-1.137999999999999949e-02,-1.136999999999999990e-02,1.662999999999999895e-02,1.649000000000000118e-02,-0.000000000000000000e+00,1.000000000000000082e-05
Cmz,0.000000000000000000e+00,9.169999999999999332e-03,-9.079999999999999530e-03,-7.799999999999999859e-04,7.799999999999999859e-04,3.000000000000000076e-05,-3.000000000000000076e-05,1.000000000000000082e-05,4.000000000000000327e-05
Comp_ID,0,1,2,3,4,5,6,7,8
Comp_Name,NONE,main_wing,main_wing,horizontal_tail,horizontal_tail,fuselage,fuselage,fuselage,fuselage
Cs,0.000000000000000000e+00,-1.494999999999999975e-02,1.468999999999999993e-02,-2.860000000000000129e-03,2.850000000000000103e-03,0.000000000000000000e+00,0.000000000000000000e+00,0.000000000000000000e+00,0.000000000000000000e+00
Mach,1.499999999999999944e-01,1.499999999999999944e-01,1.499999999999999944e-01,1.499999999999999944e-01,1.499999999999999944e-01,1.499999999999999944e-01,1.499999999999999944e-01,1.499999999999999944e-01,1.499999999999999944e-01
Results_Name,VSPAERO_Load
Results_Timestamp,1759253980
Results_Date,9,30,2025
Results_Time,13,39,40
AnalysisMethod,0
Chord,1.735640000000000072e+00,1.614919999999999911e+00,1.494220000000000104e+00,1.373529999999999918e+00,1.252869999999999928e+00,1.164679999999999938e+00,1.108950000000000102e+00,1.053230000000000111e+00,9.975300000000000278e-01,9.418400000000000105e-01,8.750400000000000400e-01,7.971099999999999852e-01,7.191899999999999959e-01,6.412799999999999612e-01,5.633799999999999919e-01,1.735640000000000072e+00,1.614919999999999911e+00,1.494220000000000104e+00,1.373529999999999918e+00,1.252869999999999928e+00,1.164679999999999938e+00,1.108950000000000102e+00,1.053230000000000111e+00,9.975300000000000278e-01,9.418400000000000105e-01,8.750400000000000400e-01,7.971099999999999852e-01,7.191899999999999959e-01,6.412799999999999612e-01,5.633799999999999919e-01,9.229000000000000536e-01,8.665699999999999514e-01,8.104299999999999837e-01,7.545199999999999685e-01,6.988999999999999657e-01,9.229000000000000536e-01,8.665699999999999514e-01,8.104299999999999837e-01,7.545199999999999685e-01,6.988999999999999657e-01
FC_AoA_,8.000000000000000000e+00
FC_Beta_,0.000000000000000000e+00
FC_Bref_,1.417173599999999922e+01
FC_Cref_,1.088920000000000110e+00
FC_Mach_,1.499999999999999944e-01
FC_Pitch_Rate,0.000000000000000000e+00
FC_Rho_,2.377000000000000206e-03
FC_Roll__Rate,0.000000000000000000e+00
FC_Sref_,1.619368700000000061e+01
FC_Vinf_,5.100000000000000000e+01
FC_Xcg_,1.774861999999999940e+00
FC_Yaw___Rate,0.000000000000000000e+00
FC_Ycg_,0.000000000000000000e+00
FC_Zcg_,7.545150000000000468e-01
S,3.314000000000000279e-02,8.981999999999999706e-02,1.368900000000000117e-01,1.839600000000000124e-01,2.310300000000000131e-01,2.997400000000000064e-01,4.117600000000000149e-01,5.454599999999999449e-01,6.791599999999999859e-01,8.128699999999999815e-01,9.157600000000000184e-01,9.578299999999999592e-01,9.698799999999999644e-01,9.819299999999999695e-01,9.939799999999999747e-01,3.314000000000000279e-02,8.981999999999999706e-02,1.368900000000000117e-01,1.839600000000000124e-01,2.310300000000000131e-01,2.997400000000000064e-01,4.117600000000000149e-01,5.454599999999999449e-01,6.791599999999999859e-01,8.128699999999999815e-01,9.157600000000000184e-01,9.578299999999999592e-01,9.698799999999999644e-01,9.819299999999999695e-01,9.939799999999999747e-01,1.020299999999999957e-01,3.035599999999999965e-01,5.025399999999999867e-01,7.015200000000000324e-01,9.005100000000000326e-01,1.020299999999999957e-01,3.035599999999999965e-01,5.025399999999999867e-01,7.015200000000000324e-01,9.005100000000000326e-01
V/Vref,9.996199999999999530e-01,1.000879999999999992e+00,1.002369999999999983e+00,1.003190000000000026e+00,1.005570000000000075e+00,1.005039999999999933e+00,9.990799999999999681e-01,9.970499999999999918e-01,9.955399999999999805e-01,9.960799999999999654e-01,1.007719999999999949e+00,1.007789999999999964e+00,1.008180000000000076e+00,1.007800000000000029e+00,1.010240000000000027e+00,1.000340000000000007e+00,1.001570000000000071e+00,1.002159999999999940e+00,1.003100000000000103e+00,1.005419999999999980e+00,1.004899999999999904e+00,9.989799999999999791e-01,9.969599999999999573e-01,9.954600000000000115e-01,9.959999999999999964e-01,1.007719999999999949e+00,1.007830000000000004e+00,1.008499999999999952e+00,1.006969999999999921e+00,1.009430000000000049e+00,9.906399999999999650e-01,9.947599999999999776e-01,9.967700000000000449e-01,1.008320000000000105e+00,1.003489999999999993e+00,9.899799999999999711e-01,9.943199999999999816e-01,9.959099999999999620e-01,1.009640000000000093e+00,1.003649999999999931e+00
WingId,1,1,1,1,1,1,1,1,1,1,1,1,1,1,1,2,2,2,2,2,2,2,2,2,2,2,2,2,2,2,3,3,3,3,3,4,4,4,4,4
Xavg,2.391169999999999796e+00,2.380489999999999995e+00,2.369810000000000194e+00,2.359129999999999949e+00,2.348450000000000149e+00,2.336259999999999781e+00,2.322589999999999932e+00,2.308860000000000134e+00,2.295059999999999878e+00,2.281190000000000051e+00,2.284749999999999837e+00,2.305000000000000160e+00,2.325239999999999974e+00,2.345470000000000166e+00,2.365699999999999914e+00,2.391169999999999796e+00,2.380489999999999995e+00,2.369810000000000194e+00,2.359129999999999949e+00,2.348450000000000149e+00,2.336259999999999781e+00,2.322589999999999932e+00,2.308860000000000134e+00,2.295059999999999878e+00,2.281190000000000051e+00,2.284749999999999837e+00,2.305000000000000160e+00,2.325239999999999974e+00,2.345470000000000166e+00,2.365699999999999914e+00,5.722059999999999924e+00,5.820210000000000328e+00,5.918350000000000222e+00,6.016490000000000116e+00,6.114630000000000010e+00,5.722059999999999924e+00,5.820210000000000328e+00,5.918350000000000222e+00,6.016490000000000116e+00,6.114630000000000010e+00
Yavg,1.718899999999999872e-01,5.195499999999999563e-01,8.671900000000000164e-01,1.214790000000000036e+00,1.562359999999999971e+00,2.229140000000000121e+00,3.217070000000000096e+00,4.204979999999999940e+00,5.192870000000000097e+00,6.180740000000000123e+00,6.716649999999999565e+00,6.791660000000000252e+00,6.866660000000000430e+00,6.941650000000000098e+00,7.016610000000000014e+00,-1.718899999999999872e-01,-5.195499999999999563e-01,-8.671900000000000164e-01,-1.214790000000000036e+00,-1.562359999999999971e+00,-2.229140000000000121e+00,-3.217070000000000096e+00,-4.204979999999999940e+00,-5.192870000000000097e+00,-6.180740000000000123e+00,-6.716649999999999565e+00,-6.791660000000000252e+00,-6.866660000000000430e+00,-6.941650000000000098e+00,-7.016610000000000014e+00,1.078800000000000037e-01,3.257399999999999740e-01,5.435900000000000176e-01,7.614400000000000057e-01,9.792699999999999738e-01,-1.078800000000000037e-01,-3.257399999999999740e-01,-5.435900000000000176e-01,-7.614400000000000057e-01,-9.792699999999999738e-01
Zavg,1.027309999999999945e+00,1.024350000000000094e+00,1.021379999999999955e+00,1.018420000000000103e+00,1.015449999999999964e+00,1.037979999999999903e+00,1.086500000000000021e+00,1.135019999999999918e+00,1.183540000000000036e+00,1.232069999999999999e+00,1.270329999999999959e+00,1.298289999999999944e+00,1.326240000000000085e+00,1.354190000000000005e+00,1.382130000000000081e+00,1.027309999999999945e+00,1.024350000000000094e+00,1.021379999999999955e+00,1.018420000000000103e+00,1.015449999999999964e+00,1.037979999999999903e+00,1.086500000000000021e+00,1.135019999999999918e+00,1.183540000000000036e+00,1.232069999999999999e+00,1.270329999999999959e+00,1.298289999999999944e+00,1.326240000000000085e+00,1.354190000000000005e+00,1.382130000000000081e+00,3.777900000000000147e-01,5.956799999999999873e-01,8.135799999999999699e-01,1.031470000000000109e+00,1.249349999999999961e+00,3.777900000000000147e-01,5.956799999999999873e-01,8.135799999999999699e-01,1.031470000000000109e+00,1.249349999999999961e+00
cd,3.228000000000000314e-02,2.552000000000000102e-02,6.446000000000000341e-02,6.650000000000000355e-02,6.761999999999999955e-02,6.690000000000000113e-02,3.550000000000000204e-03,8.019999999999999352e-03,1.502000000000000036e-02,2.183999999999999830e-02,2.606999999999999942e-02,9.950000000000000511e-03,-3.899999999999999821e-03,-7.870000000000000259e-03,-1.063000000000000056e-02,3.169999999999999901e-02,2.454999999999999891e-02,6.288000000000000533e-02,6.535000000000000531e-02,6.646000000000000518e-02,6.568999999999999839e-02,3.129999999999999970e-03,7.769999999999999997e-03,1.473000000000000004e-02,2.137999999999999970e-02,2.537999999999999978e-02,9.329999999999999752e-03,-4.179999999999999688e-03,-8.109999999999999154e-03,-1.089000000000000037e-02,3.370000000000000166e-03,3.059999999999999786e-03,3.660000000000000059e-03,9.209999999999999437e-03,1.260000000000000052e-03,3.340000000000000087e-03,3.059999999999999786e-03,3.380000000000000192e-03,1.058000000000000086e-02,1.490000000000000005e-03
cd*c/cref,5.145140065385887113e-02,3.784737023840134551e-02,8.845224736436102519e-02,8.388104268449471379e-02,7.780100411416815409e-02,7.155446864783454597e-02,3.615300022040186627e-03,7.757139734783087374e-03,1.375941354736803270e-02,1.889007971200822381e-02,2.094946626014766722e-02,7.283587866877272443e-03,-2.575800793446717234e-03,-4.634751496896006434e-03,-5.499696396429489161e-03,5.052693310803364063e-02,3.640881423796053784e-02,8.628416559526871921e-02,8.243046826213128175e-02,7.646635216544832303e-02,7.026028468574366248e-02,3.187574385629797936e-03,7.515333633324762334e-03,1.349375243360393696e-02,1.849221173272600285e-02,2.039499246960290932e-02,6.829736160599491485e-03,-2.760730081181353608e-03,-4.776090805568819313e-03,-5.634213900011018732e-03,2.856199720824302828e-03,2.435168974763985816e-03,2.723959335855710186e-03,6.381671013481246720e-03,8.087040370275133672e-04,2.830773610549902706e-03,2.435168974763985816e-03,2.515569004150901896e-03,7.330953238070749174e-03,9.563246152150753224e-04
cl,8.251399999999999846e-01,9.171700000000000408e-01,1.104700000000000015e+00,1.230019999999999891e+00,1.335439999999999960e+00,1.369019999999999904e+00,1.045749999999999957e+00,9.534700000000000397e-01,8.916600000000000081e-01,7.785300000000000553e-01,6.641700000000000381e-01,6.277199999999999447e-01,5.954000000000000403e-01,5.420599999999999863e-01,4.362599999999999811e-01,8.198699999999999877e-01,9.079000000000000403e-01,1.095599999999999907e+00,1.221530000000000005e+00,1.326259999999999994e+00,1.358919999999999906e+00,1.035690000000000000e+00,9.452500000000000346e-01,8.841900000000000315e-01,7.712099999999999511e-01,6.569000000000000394e-01,6.204800000000000315e-01,5.893500000000000405e-01,5.364900000000000224e-01,4.313899999999999957e-01,6.783000000000000140e-02,7.739999999999999658e-02,1.038400000000000017e-01,7.406000000000000083e-02,1.183000000000000024e-02,6.614000000000000434e-02,7.613000000000000322e-02,1.039299999999999946e-01,7.860999999999999932e-02,1.383000000000000028e-02
cl*c/cref,1.315198535796936241e+00,1.360206605076589526e+00,1.515873373617896647e+00,1.551509174778679334e+00,1.536506550343459176e+00,1.464267543621202261e+00,1.064985914943246348e+00,9.222194542298791653e-01,8.168254782720493212e-01,6.733742563273702464e-01,5.337171847334973851e-01,4.595028920398191441e-01,3.932389211328655709e-01,3.192266069132718154e-01,2.257100235095323149e-01,1.306798632406420912e+00,1.346458755464129409e+00,1.503386320390845965e+00,1.540800151434448484e+00,1.525944390956176511e+00,1.453464851045071837e+00,1.054740867556845263e+00,9.142688696139293913e-01,8.099824144106085866e-01,6.670429658744443380e-01,5.278751203026852412e-01,4.542030753407044763e-01,3.892431275943136204e-01,3.159463571244902624e-01,2.231904071924475097e-01,5.748843533041912701e-02,6.159545053814788340e-02,7.728304301509751617e-02,5.131667266649524162e-02,7.592832347647208643e-03,5.605609778496124795e-02,6.058477583293538082e-02,7.735002562171691687e-02,5.446939830290562640e-02,8.876489549278181526e-03
cmx,7.999000000000000554e-02,2.903899999999999815e-01,6.361900000000000333e-01,1.082060000000000022e+00,1.657710000000000017e+00,2.636899999999999800e+00,3.025860000000000216e+00,3.794620000000000104e+00,4.630080000000000418e+00,5.105299999999999727e+00,5.198339999999999961e+00,5.425110000000000099e+00,5.739230000000000054e+00,5.901489999999999903e+00,5.455300000000000260e+00,-7.947999999999999510e-02,-2.874200000000000088e-01,-6.309200000000000363e-01,-1.074519999999999920e+00,-1.646220000000000017e+00,-2.617230000000000167e+00,-2.996539999999999981e+00,-3.761789999999999967e+00,-4.591149999999999842e+00,-5.057030000000000136e+00,-5.140629999999999811e+00,-5.361259999999999692e+00,-5.679859999999999687e+00,-5.839570000000000149e+00,-5.393189999999999706e+00,-1.955000000000000140e-02,1.395000000000000059e-02,7.574000000000000177e-02,1.007200000000000040e-01,2.597999999999999962e-02,1.902999999999999831e-02,-1.375000000000000007e-02,-7.560999999999999666e-02,-1.075600000000000028e-01,-3.063000000000000098e-02
cmx*c/cref,1.274968258457921666e-01,4.306621412041287678e-01,8.729822409359733193e-01,1.364877008228336130e+00,1.907298174062373342e+00,2.820358421187965536e+00,3.081518795687470114e+00,3.670249074863167316e+00,4.241490377989199700e+00,4.415729118759871064e+00,4.177309107739779037e+00,3.971282952007493261e+00,3.790541843018770507e+00,3.475468819748006588e+00,2.822435912647393241e+00,-1.266839319692906474e-01,-4.262574903574182783e-01,-8.657507276934945928e-01,-1.355366285493883494e+00,-1.894078216397898418e+00,-2.799319910002571188e+00,-3.051659472688535324e+00,-3.638495097619659724e+00,-4.205827663648384451e+00,-4.373978928846930181e+00,-4.130934205634940959e+00,-3.924543546449692499e+00,-3.751330229401608207e+00,-3.439003278110420947e+00,-2.790301750541820613e+00,-1.656934852881754294e-02,1.110150562024758356e-02,5.636958472615067467e-02,6.978956617566028919e-02,1.667470704918634639e-02,1.612862928406126953e-02,-1.094234424934797771e-02,-5.627283207214486827e-02,-7.452904823127502743e-02,-1.965921004297836033e-02
cmy,-1.180299999999999960e-01,-1.556400000000000006e-01,-2.390899999999999970e-01,-3.082199999999999940e-01,-3.776800000000000157e-01,-4.247400000000000064e-01,-2.978600000000000136e-01,-2.804300000000000126e-01,-2.737299999999999733e-01,-2.452699999999999880e-01,-2.396999999999999964e-01,-2.837500000000000022e-01,-3.422799999999999732e-01,-3.886399999999999855e-01,-4.011500000000000066e-01,-1.158200000000000063e-01,-1.509199999999999986e-01,-2.347599999999999965e-01,-3.044799999999999729e-01,-3.734899999999999887e-01,-4.198600000000000110e-01,-2.928000000000000047e-01,-2.763800000000000145e-01,-2.698999999999999733e-01,-2.411800000000000055e-01,-2.351199999999999957e-01,-2.785299999999999998e-01,-3.375500000000000167e-01,-3.835700000000000220e-01,-3.956999999999999962e-01,-2.769099999999999895e-01,-3.353599999999999914e-01,-4.972300000000000053e-01,-4.082600000000000118e-01,-7.527000000000000357e-02,-2.703900000000000192e-01,-3.302700000000000080e-01,-4.977900000000000102e-01,-4.327199999999999935e-01,-8.742999999999999383e-02
cmy*c/cref,-1.881291455754325326e-01,-2.308215009367078907e-01,-3.280801709951144396e-01,-3.887791725746610472e-01,-4.345442655107812358e-01,-4.542906578995701272e-01,-3.033389477647577270e-01,-2.712387401278331112e-01,-2.507566092091245702e-01,-2.121414766925026341e-01,-1.926193733240274542e-01,-2.077103575101935384e-01,-2.260628450207544660e-01,-2.288754538441758191e-01,-2.075449867758880074e-01,-1.846066054439260973e-01,-2.238215170995113967e-01,-3.221385291848804511e-01,-3.840616522793225407e-01,-4.297234106270432230e-01,-4.490711391103110461e-01,-2.981858722403849526e-01,-2.673214812842082400e-01,-2.472480503618263437e-01,-2.086039113984498317e-01,-1.889389530911361470e-01,-2.038892189508870745e-01,-2.229388609815229627e-01,-2.258896609484626616e-01,-2.047252929508135977e-01,-2.346914732028064221e-01,-2.668817867244608899e-01,-3.700640165485067357e-01,-2.828861029276714678e-01,-4.831043878338169006e-02,-2.291655319031701277e-01,-2.628311298350659020e-01,-3.704807972119163462e-01,-2.998346016236270728e-01,-5.611507456929800547e-02
cmz,8.309999999999999679e-03,3.742000000000000187e-02,6.140000000000000319e-02,9.812999999999999501e-02,1.505499999999999894e-01,2.096899999999999875e-01,3.919599999999999751e-01,4.866199999999999970e-01,5.577400000000000135e-01,5.526699999999999946e-01,4.253000000000000114e-01,5.750999999999999446e-01,7.423800000000000399e-01,8.241000000000000547e-01,8.146999999999999797e-01,-8.229999999999999469e-03,-3.710000000000000103e-02,-6.131999999999999951e-02,-9.801999999999999602e-02,-1.503099999999999992e-01,-2.096999999999999975e-01,-3.895799999999999819e-01,-4.832799999999999874e-01,-5.540300000000000225e-01,-5.492899999999999450e-01,-4.249700000000000144e-01,-5.744399999999999507e-01,-7.392100000000000337e-01,-8.205000000000000071e-01,-8.114799999999999791e-01,-2.701600000000000112e-01,-3.255199999999999760e-01,-4.495399999999999952e-01,-3.902800000000000158e-01,-8.217000000000000692e-02,2.637900000000000245e-01,3.207999999999999741e-01,4.485299999999999843e-01,4.204899999999999749e-01,9.739000000000000434e-02
cmz*c/cref,1.324538845828894529e-02,5.549563457370604996e-02,8.425330419130883097e-02,1.237781461448039938e-01,1.732171128273885530e-01,2.242788719097821293e-01,3.991698582081327773e-01,4.706707403666017808e-01,5.109304468647833941e-01,4.780210784997979134e-01,3.417647871285310335e-01,4.209840585166953475e-01,4.903135879587113277e-01,4.853238511552730450e-01,4.215054237225874245e-01,-1.311787569334753496e-02,-5.502105939830289477e-02,-8.414352789920288844e-02,-1.236393955478822804e-01,-1.729409779414465276e-01,-2.242895676450060161e-01,-3.967460796018072444e-01,-4.674402108511185316e-01,-5.075318167542151038e-01,-4.750976137824632350e-01,-3.414996040113139619e-01,-4.205009260551738071e-01,-4.882199242368585046e-01,-4.832037615251808527e-01,-4.198394761782315299e-01,-2.289705983910663711e-01,-2.590510472762002081e-01,-3.345706775520699283e-01,-2.704276398633508327e-01,-5.273905612900855328e-02,2.235717876428020556e-01,2.552948389229695025e-01,3.338189838555632449e-01,2.913603522756492148e-01,6.250768743342026423e-02
cs,1.554999999999999959e-02,2.488999999999999893e-02,3.447999999999999676e-02,3.108999999999999958e-02,3.040999999999999953e-02,-7.600999999999999424e-02,-5.872999999999999748e-02,-4.576999999999999819e-02,-4.277000000000000246e-02,-5.049000000000000016e-02,-2.061199999999999977e-01,-1.702200000000000102e-01,-1.436300000000000077e-01,-1.092199999999999976e-01,-8.192000000000000670e-02,-1.540000000000000049e-02,-2.450000000000000094e-02,-3.402999999999999775e-02,-3.082999999999999977e-02,-3.012000000000000094e-02,7.531999999999999806e-02,5.800999999999999907e-02,4.528999999999999693e-02,4.234000000000000263e-02,4.991000000000000297e-02,2.031699999999999895e-01,1.671600000000000030e-01,1.412899999999999989e-01,1.072300000000000059e-01,8.042000000000000537e-02,-6.561000000000000165e-02,-7.507999999999999396e-02,-9.531000000000000583e-02,-7.162000000000000310e-02,-1.312999999999999931e-02,6.397999999999999521e-02,7.389999999999999347e-02,9.507999999999999785e-02,7.717000000000000248e-02,1.565000000000000072e-02
cs*c/cref,2.478529368548653550e-02,3.691305036182639110e-02,4.731358189766006472e-02,3.921596416632993493e-02,3.498859117290525206e-02,-8.129828343679974811e-02,-5.981030149138595597e-02,-4.426986105499026297e-02,-3.918043391617381799e-02,-4.367033537817286565e-02,-1.656349821841824888e-01,-1.246042539396833432e-01,-9.486211999044924514e-02,-6.432116372185282815e-02,-4.238336112845755149e-02,-2.454620725122139482e-02,-3.633466186680379961e-02,-4.669609025456415707e-02,-3.888800820996950180e-02,-3.465492818572529776e-02,8.056027770635122709e-02,5.907705754325386083e-02,4.380559334019027556e-02,3.878652260955808839e-02,4.316867575212136876e-02,1.632644058333027060e-01,1.223642761635381632e-01,9.331663951438121107e-02,6.314922528744075503e-02,4.160729860779487088e-02,-5.560690317011350581e-02,-5.974917863571244103e-02,-7.093458040994746194e-02,-4.962598023729933999e-02,-8.427209528707341538e-03,5.422541784520441832e-02,5.881012654740475770e-02,7.076340263747565862e-02,5.347161260698673341e-02,1.004461760276236827e-02
cx,-8.286999999999999922e-02,-1.023799999999999988e-01,-8.991000000000000381e-02,-1.053299999999999931e-01,-1.189000000000000057e-01,-1.242800000000000016e-01,-1.420200000000000073e-01,-1.247599999999999959e-01,-1.092199999999999976e-01,-8.673000000000000154e-02,-6.661999999999999866e-02,-7.750999999999999557e-02,-8.673000000000000154e-02,-8.322999999999999843e-02,-7.123999999999999777e-02,-8.272000000000000186e-02,-1.020500000000000018e-01,-9.020999999999999852e-02,-1.052899999999999947e-01,-1.187600000000000044e-01,-1.240699999999999997e-01,-1.410399999999999987e-01,-1.238599999999999979e-01,-1.084699999999999970e-01,-8.616000000000000048e-02,-6.629000000000000170e-02,-7.710999999999999799e-02,-8.616000000000000048e-02,-8.268999999999999961e-02,-7.081999999999999407e-02,-6.100000000000000387e-03,-7.740000000000000352e-03,-1.082999999999999935e-02,-1.190000000000000085e-03,-4.000000000000000192e-04,-5.899999999999999863e-03,-7.559999999999999880e-03,-1.111999999999999968e-02,-4.600000000000000139e-04,-4.499999999999999877e-04
cx*c/cref,-1.320872853836829175e-01,-1.518343951805458392e-01,-1.233748302905631339e-01,-1.328600033978620532e-01,-1.368018247437828017e-01,-1.329265973625243236e-01,-1.446323687690555804e-01,-1.206709168717628455e-01,-1.000534718803952339e-01,-7.501541270249420523e-02,-5.353484626969841342e-02,-5.673878347353339402e-02,-5.728184687580354512e-02,-4.901529442015941512e-02,-3.685779598133930024e-02,-1.318481989494177664e-01,-1.513449895309113280e-01,-1.237864913859604010e-01,-1.328095486353450816e-01,-1.366407460603166202e-01,-1.327019869228225901e-01,-1.436343422840979933e-01,-1.198004149065128726e-01,-9.936641727583292449e-02,-7.452240238034014974e-02,-5.326966315248135575e-02,-5.644597592109611844e-02,-5.690538368291517268e-02,-4.869728097564558766e-02,-3.664049847555374967e-02,-5.169975755794732619e-03,-6.159545053814788340e-03,-8.060240329868125636e-03,-8.245590125996399636e-04,-2.567314403261947283e-04,-5.000468353965396157e-03,-6.016299820005142039e-03,-8.276073173419534051e-03,-3.187370973074238724e-04,-2.888228703669690287e-04
cy,1.554999999999999959e-02,2.488999999999999893e-02,3.447999999999999676e-02,3.108999999999999958e-02,3.040999999999999953e-02,-7.600999999999999424e-02,-5.872999999999999748e-02,-4.576999999999999819e-02,-4.277000000000000246e-02,-5.049000000000000016e-02,-2.061199999999999977e-01,-1.702200000000000102e-01,-1.436300000000000077e-01,-1.092199999999999976e-01,-8.192000000000000670e-02,-1.540000000000000049e-02,-2.450000000000000094e-02,-3.402999999999999775e-02,-3.082999999999999977e-02,-3.012000000000000094e-02,7.531999999999999806e-02,5.800999999999999907e-02,4.528999999999999693e-02,4.234000000000000263e-02,4.991000000000000297e-02,2.031699999999999895e-01,1.671600000000000030e-01,1.412899999999999989e-01,1.072300000000000059e-01,8.042000000000000537e-02,-6.561000000000000165e-02,-7.507999999999999396e-02,-9.531000000000000583e-02,-7.162000000000000310e-02,-1.312999999999999931e-02,6.397999999999999521e-02,7.389999999999999347e-02,9.507999999999999785e-02,7.717000000000000248e-02,1.565000000000000072e-02
cy*c/cref,2.478529368548653550e-02,3.691305036182639110e-02,4.731358189766006472e-02,3.921596416632993493e-02,3.498859117290525206e-02,-8.129828343679974811e-02,-5.981030149138595597e-02,-4.426986105499026297e-02,-3.918043391617381799e-02,-4.367033537817286565e-02,-1.656349821841824888e-01,-1.246042539396833432e-01,-9.486211999044924514e-02,-6.432116372185282815e-02,-4.238336112845755149e-02,-2.454620725122139482e-02,-3.633466186680379961e-02,-4.669609025456415707e-02,-3.888800820996950180e-02,-3.465492818572529776e-02,8.056027770635122709e-02,5.907705754325386083e-02,4.380559334019027556e-02,3.878652260955808839e-02,4.316867575212136876e-02,1.632644058333027060e-01,1.223642761635381632e-01,9.331663951438121107e-02,6.314922528744075503e-02,4.160729860779487088e-02,-5.560690317011350581e-02,-5.974917863571244103e-02,-7.093458040994746194e-02,-4.962598023729933999e-02,-8.427209528707341538e-03,5.422541784520441832e-02,5.881012654740475770e-02,7.076340263747565862e-02,5.347161260698673341e-02,1.004461760276236827e-02
cz,8.215999999999999970e-01,9.118000000000000549e-01,1.102919999999999900e+00,1.227300000000000058e+00,1.331849999999999978e+00,1.365010000000000057e+00,1.036070000000000046e+00,9.453099999999999836e-01,8.850700000000000234e-01,7.739899999999999558e-01,6.613299999999999734e-01,6.229900000000000437e-01,5.890600000000000280e-01,5.356899999999999995e-01,4.305300000000000238e-01,8.163000000000000256e-01,9.024799999999999489e-01,1.093690000000000051e+00,1.218739999999999934e+00,1.322610000000000063e+00,1.354840000000000044e+00,1.026049999999999907e+00,9.371300000000000185e-01,8.776300000000000212e-01,7.666800000000000281e-01,6.540399999999999547e-01,6.157399999999999540e-01,5.830300000000000482e-01,5.301399999999999446e-01,4.256800000000000028e-01,6.764000000000000568e-02,7.706999999999999962e-02,1.033400000000000013e-01,7.462000000000000577e-02,1.188999999999999953e-02,6.596000000000000474e-02,7.581000000000000238e-02,1.033899999999999958e-01,7.932000000000000162e-02,1.389999999999999916e-02
cz*c/cref,1.309556095948279042e+00,1.352242640414355268e+00,1.513430851118539477e+00,1.548078250927524158e+00,1.532376032674576338e+00,1.459978553796422052e+00,1.055127857418359572e+00,9.143269030782793516e-01,8.107885584799616741e-01,6.694474723579325603e-01,5.314350027550233113e-01,4.560404427322484189e-01,3.890515936891598692e-01,3.154752260955808740e-01,2.227454646806009408e-01,1.301108375270910500e+00,1.338420638430738441e+00,1.500765411416816741e+00,1.537280931748888468e+00,1.521744839565807972e+00,1.449100991073724254e+00,1.044923545806854426e+00,9.064150074385629585e-01,8.039729768027035206e-01,6.631248312089041974e-01,5.255768666201373618e-01,4.507333058443226959e-01,3.850690093854461371e-01,3.122067545825220614e-01,2.202361958637915895e-01,5.732740329868126622e-02,6.133283427616353228e-02,7.691091742276751075e-02,5.170470043713036590e-02,7.631342063696137067e-03,5.590354112331484548e-02,6.033011763949600731e-02,7.694812998200049881e-02,5.496136208353230579e-02,8.921417551335264831e-03
Results_Name,VSPAERO_Comp_Load
Results_Timestamp,1759253980
Results_Date,9,30,2025
Results_Time,13,39,40
AoA,8.000000000000000000e+00,8.000000000000000000e+00,8.000000000000000000e+00,8.000000000000000000e+00,8.000000000000000000e+00,8.000000000000000000e+00,8.000000000000000000e+00,8.000000000000000000e+00,8.000000000000000000e+00
Beta,0.000000000000000000e+00,0.000000000000000000e+00,0.000000000000000000e+00,0.000000000000000000e+00,0.000000000000000000e+00,0.000000000000000000e+00,0.000000000000000000e+00,0.000000000000000000e+00,0.000000000000000000e+00
CDi,0.000000000000000000e+00,1.573000000000000093e-02,1.537999999999999957e-02,3.099999999999999999e-04,3.299999999999999982e-04,0.000000000000000000e+00,0.000000000000000000e+00,0.000000000000000000e+00,0.000000000000000000e+00
CFx,0.000000000000000000e+00,-5.539000000000000173e-02,-5.514999999999999764e-02,-4.200000000000000174e-04,-4.099999999999999912e-04,0.000000000000000000e+00,0.000000000000000000e+00,0.000000000000000000e+00,0.000000000000000000e+00
CFy,0.000000000000000000e+00,-1.621999999999999831e-02,1.602999999999999911e-02,-5.000000000000000104e-03,5.060000000000000261e-03,0.000000000000000000e+00,0.000000000000000000e+00,0.000000000000000000e+00,0.000000000000000000e+00
CFz,0.000000000000000000e+00,5.071799999999999642e-01,5.029400000000000537e-01,5.210000000000000221e-03,5.259999999999999919e-03,0.000000000000000000e+00,0.000000000000000000e+00,0.000000000000000000e+00,0.000000000000000000e+00
CL,0.000000000000000000e+00,5.099500000000000144e-01,5.057199999999999473e-01,5.219999999999999814e-03,5.259999999999999919e-03,0.000000000000000000e+00,0.000000000000000000e+00,0.000000000000000000e+00,0.000000000000000000e+00
Cmx,0.000000000000000000e+00,1.048499999999999988e-01,-1.039299999999999946e-01,1.499999999999999869e-04,-1.600000000000000131e-04,-4.000000000000000327e-05,4.000000000000000327e-05,-0.000000000000000000e+00,0.000000000000000000e+00
Cmy,0.000000000000000000e+00,-1.504500000000000004e-01,-1.481699999999999962e-01,-1.867999999999999869e-02,-1.887000000000000136e-02,1.944999999999999854e-02,1.931000000000000077e-02,-0.000000000000000000e+00,0.000000000000000000e+00
Cmz,0.000000000000000000e+00,1.175999999999999962e-02,-1.170000000000000033e-02,-1.369999999999999907e-03,1.389999999999999960e-03,4.000000000000000327e-05,-4.000000000000000327e-05,1.000000000000000082e-05,4.000000000000000327e-05
Comp_ID,0,1,2,3,4,5,6,7,8
Comp_Name,NONE,main_wing,main_wing,horizontal_tail,horizontal_tail,fuselage,fuselage,fuselage,fuselage
Cs,0.000000000000000000e+00,-1.621999999999999831e-02,1.602999999999999911e-02,-5.000000000000000104e-03,5.060000000000000261e-03,0.000000000000000000e+00,0.000000000000000000e+00,0.000000000000000000e+00,0.000000000000000000e+00
Mach,1.499999999999999944e-01,1.499999999999999944e-01,1.499999999999999944e-01,1.499999999999999944e-01,1.499999999999999944e-01,1.499999999999999944e-01,1.499999999999999944e-01,1.499999999999999944e-01,1.499999999999999944e-01
Results_Name,VSPAERO_Load
Results_Timestamp,1759253980
Results_Date,9,30,2025
Results_Time,13,39,40
AnalysisMethod,0
Chord,1.735640000000000072e+00,1.614919999999999911e+00,1.494220000000000104e+00,1.373529999999999918e+00,1.252869999999999928e+00,1.164679999999999938e+00,1.108950000000000102e+00,1.053230000000000111e+00,9.975300000000000278e-01,9.418400000000000105e-01,8.750400000000000400e-01,7.971099999999999852e-01,7.191899999999999959e-01,6.412799999999999612e-01,5.633799999999999919e-01,1.735640000000000072e+00,1.614919999999999911e+00,1.494220000000000104e+00,1.373529999999999918e+00,1.252869999999999928e+00,1.164679999999999938e+00,1.108950000000000102e+00,1.053230000000000111e+00,9.975300000000000278e-01,9.418400000000000105e-01,8.750400000000000400e-01,7.971099999999999852e-01,7.191899999999999959e-01,6.412799999999999612e-01,5.633799999999999919e-01,9.229000000000000536e-01,8.665699999999999514e-01,8.104299999999999837e-01,7.545199999999999685e-01,6.988999999999999657e-01,9.229000000000000536e-01,8.665699999999999514e-01,8.104299999999999837e-01,7.545199999999999685e-01,6.988999999999999657e-01
FC_AoA_,9.000000000000000000e+00
FC_Beta_,0.000000000000000000e+00
FC_Bref_,1.417173599999999922e+01
FC_Cref_,1.088920000000000110e+00
FC_Mach_,1.499999999999999944e-01
FC_Pitch_Rate,0.000000000000000000e+00
FC_Rho_,2.377000000000000206e-03
FC_Roll__Rate,0.000000000000000000e+00
FC_Sref_,1.619368700000000061e+01
FC_Vinf_,5.100000000000000000e+01
FC_Xcg_,1.774861999999999940e+00
FC_Yaw___Rate,0.000000000000000000e+00
FC_Ycg_,0.000000000000000000e+00
FC_Zcg_,7.545150000000000468e-01
S,3.314000000000000279e-02,8.981999999999999706e-02,1.368900000000000117e-01,1.839600000000000124e-01,2.310300000000000131e-01,2.997400000000000064e-01,4.117600000000000149e-01,5.454599999999999449e-01,6.791599999999999859e-01,8.128699999999999815e-01,9.157600000000000184e-01,9.578299999999999592e-01,9.698799999999999644e-01,9.819299999999999695e-01,9.939799999999999747e-01,3.314000000000000279e-02,8.981999999999999706e-02,1.368900000000000117e-01,1.839600000000000124e-01,2.310300000000000131e-01,2.997400000000000064e-01,4.117600000000000149e-01,5.454599999999999449e-01,6.791599999999999859e-01,8.128699999999999815e-01,9.157600000000000184e-01,9.578299999999999592e-01,9.698799999999999644e-01,9.819299999999999695e-01,9.939799999999999747e-01,1.020299999999999957e-01,3.035599999999999965e-01,5.025399999999999867e-01,7.015200000000000324e-01,9.005100000000000326e-01,1.020299999999999957e-01,3.035599999999999965e-01,5.025399999999999867e-01,7.015200000000000324e-01,9.005100000000000326e-01
V/Vref,9.972499999999999698e-01,9.984399999999999942e-01,1.001949999999999896e+00,1.002459999999999907e+00,1.004979999999999984e+00,1.004010000000000069e+00,9.981499999999999817e-01,9.954800000000000315e-01,9.938099999999999712e-01,9.945300000000000251e-01,1.007819999999999938e+00,1.008000000000000007e+00,1.008499999999999952e+00,1.008049999999999891e+00,1.011160000000000059e+00,9.977300000000000058e-01,9.987000000000000322e-01,1.001949999999999896e+00,1.002439999999999998e+00,1.004869999999999930e+00,1.003900000000000015e+00,9.981499999999999817e-01,9.954899999999999860e-01,9.937799999999999967e-01,9.944800000000000306e-01,1.007500000000000062e+00,1.007700000000000040e+00,1.008229999999999960e+00,1.007880000000000109e+00,1.011200000000000099e+00,9.912800000000000500e-01,9.948299999999999921e-01,9.965600000000000014e-01,1.007069999999999910e+00,1.003679999999999906e+00,9.909900000000000375e-01,9.946800000000000086e-01,9.964199999999999724e-01,1.006999999999999895e+00,1.003759999999999986e+00
WingId,1,1,1,1,1,1,1,1,1,1,1,1,1,1,1,2,2,2,2,2,2,2,2,2,2,2,2,2,2,2,3,3,3,3,3,4,4,4,4,4
Xavg,2.391169999999999796e+00,2.380489999999999995e+00,2.369810000000000194e+00,2.359129999999999949e+00,2.348450000000000149e+00,2.336259999999999781e+00,2.322589999999999932e+00,2.308860000000000134e+00,2.295059999999999878e+00,2.281190000000000051e+00,2.284749999999999837e+00,2.305000000000000160e+00,2.325239999999999974e+00,2.345470000000000166e+00,2.365699999999999914e+00,2.391169999999999796e+00,2.380489999999999995e+00,2.369810000000000194e+00,2.359129999999999949e+00,2.348450000000000149e+00,2.336259999999999781e+00,2.322589999999999932e+00,2.308860000000000134e+00,2.295059999999999878e+00,2.281190000000000051e+00,2.284749999999999837e+00,2.305000000000000160e+00,2.325239999999999974e+00,2.345470000000000166e+00,2.365699999999999914e+00,5.722059999999999924e+00,5.820210000000000328e+00,5.918350000000000222e+00,6.016490000000000116e+00,6.114630000000000010e+00,5.722059999999999924e+00,5.820210000000000328e+00,5.918350000000000222e+00,6.016490000000000116e+00,6.114630000000000010e+00
Yavg,1.718899999999999872e-01,5.195499999999999563e-01,8.671900000000000164e-01,1.214790000000000036e+00,1.562359999999999971e+00,2.229140000000000121e+00,3.217070000000000096e+00,4.204979999999999940e+00,5.192870000000000097e+00,6.180740000000000123e+00,6.716649999999999565e+00,6.791660000000000252e+00,6.866660000000000430e+00,6.941650000000000098e+00,7.016610000000000014e+00,-1.718899999999999872e-01,-5.195499999999999563e-01,-8.671900000000000164e-01,-1.214790000000000036e+00,-1.562359999999999971e+00,-2.229140000000000121e+00,-3.217070000000000096e+00,-4.204979999999999940e+00,-5.192870000000000097e+00,-6.180740000000000123e+00,-6.716649999999999565e+00,-6.791660000000000252e+00,-6.866660000000000430e+00,-6.941650000000000098e+00,-7.016610000000000014e+00,1.078800000000000037e-01,3.257399999999999740e-01,5.435900000000000176e-01,7.614400000000000057e-01,9.792699999999999738e-01,-1.078800000000000037e-01,-3.257399999999999740e-01,-5.435900000000000176e-01,-7.614400000000000057e-01,-9.792699999999999738e-01
Zavg,1.027309999999999945e+00,1.024350000000000094e+00,1.021379999999999955e+00,1.018420000000000103e+00,1.015449999999999964e+00,1.037979999999999903e+00,1.086500000000000021e+00,1.135019999999999918e+00,1.183540000000000036e+00,1.232069999999999999e+00,1.270329999999999959e+00,1.298289999999999944e+00,1.326240000000000085e+00,1.354190000000000005e+00,1.382130000000000081e+00,1.027309999999999945e+00,1.024350000000000094e+00,1.021379999999999955e+00,1.018420000000000103e+00,1.015449999999999964e+00,1.037979999999999903e+00,1.086500000000000021e+00,1.135019999999999918e+00,1.183540000000000036e+00,1.232069999999999999e+00,1.270329999999999959e+00,1.298289999999999944e+00,1.326240000000000085e+00,1.354190000000000005e+00,1.382130000000000081e+00,3.777900000000000147e-01,5.956799999999999873e-01,8.135799999999999699e-01,1.031470000000000109e+00,1.249349999999999961e+00,3.777900000000000147e-01,5.956799999999999873e-01,8.135799999999999699e-01,1.031470000000000109e+00,1.249349999999999961e+00
cd,4.220000000000000140e-02,3.339000000000000301e-02,7.380000000000000449e-02,7.409000000000000308e-02,7.427999999999999881e-02,7.195999999999999619e-02,4.700000000000000185e-03,1.074999999999999914e-02,1.892999999999999891e-02,2.701999999999999888e-02,3.248999999999999805e-02,1.290999999999999960e-02,-3.759999999999999887e-03,-8.349999999999999784e-03,-1.163999999999999931e-02,4.164999999999999952e-02,3.293000000000000094e-02,7.291999999999999871e-02,7.312000000000000444e-02,7.323999999999999955e-02,7.094000000000000306e-02,4.309999999999999595e-03,1.039999999999999952e-02,1.853000000000000133e-02,2.653000000000000150e-02,3.221999999999999864e-02,1.285000000000000031e-02,-3.569999999999999823e-03,-8.269999999999999574e-03,-1.158999999999999961e-02,5.550000000000000246e-03,5.120000000000000419e-03,6.470000000000000057e-03,1.086999999999999945e-02,3.959999999999999978e-03,5.459999999999999576e-03,5.089999999999999906e-03,6.389999999999999847e-03,1.094999999999999966e-02,4.329999999999999648e-03
cd*c/cref,6.726298350659368208e-02,4.951895345847261154e-02,1.012686294677295068e-01,9.345483387209344017e-02,8.546374719905959483e-02,7.696651067112365852e-02,4.786453550306725944e-03,1.039766236270800275e-02,1.734125821915291979e-02,2.337041913088197184e-02,2.610848326782499659e-02,9.450363754913123152e-03,-2.483336149579399264e-03,-4.917430114241633059e-03,-6.022245160342355567e-03,6.638633324762149845e-02,4.883675164383057682e-02,1.000610902545641528e-01,9.223130588105644956e-02,8.426716269331077647e-02,7.587554567828673491e-02,4.389279745068507162e-03,1.005913382066634700e-02,1.697482909671968465e-02,2.294660323990743017e-02,2.589151526282922403e-02,9.406442622047532509e-03,-2.357848418616610622e-03,-4.870317011350694565e-03,-5.996376409653600414e-03,4.703830400764059949e-03,4.074531095029938071e-03,4.815305164750394509e-03,7.531896190721080152e-03,2.541641259229327540e-03,4.627552069940857847e-03,4.050656889394996588e-03,4.755765069977591769e-03,7.587328729383241259e-03,2.779117841531057297e-03
cl,9.001400000000000512e-01,9.986099999999999977e-01,1.190320000000000045e+00,1.319720000000000004e+00,1.430860000000000021e+00,1.459039999999999893e+00,1.136679999999999913e+00,1.049299999999999899e+00,9.845899999999999652e-01,8.610400000000000276e-01,7.367899999999999450e-01,6.971500000000000474e-01,6.634299999999999642e-01,6.060499999999999776e-01,4.901300000000000101e-01,8.961299999999999821e-01,9.936199999999999477e-01,1.184660000000000046e+00,1.313180000000000014e+00,1.423399999999999999e+00,1.450890000000000013e+00,1.128120000000000012e+00,1.041109999999999980e+00,9.769200000000000106e-01,8.542499999999999538e-01,7.320400000000000240e-01,6.928900000000000059e-01,6.603200000000000180e-01,6.027799999999999825e-01,4.874999999999999889e-01,8.924999999999999600e-02,9.959999999999999409e-02,1.287000000000000088e-01,9.267999999999999849e-02,3.273000000000000215e-02,8.774999999999999467e-02,9.833000000000000074e-02,1.278100000000000069e-01,9.476999999999999313e-02,3.556000000000000133e-02
cl*c/cref,1.434741752929508118e+00,1.480985987216691502e+00,1.633361450244278812e+00,1.664653979723027977e+00,1.646293178745912966e+00,1.560550552106674038e+00,1.157588515226095405e+00,1.014908569040884334e+00,9.019561241413509567e-01,7.447396627851448070e-01,5.920735422253241564e-01,5.103269629541196117e-01,4.381701334349630272e-01,3.569112000881606850e-01,2.535810155015978395e-01,1.428350175586819759e+00,1.473585580575248466e+00,1.625594777577783701e+00,1.656404626051500184e+00,1.637709986041214760e+00,1.551833527899202592e+00,1.148871059398302918e+00,1.006987001157109818e+00,8.949298457186936062e-01,7.388667854387832579e-01,5.882565125078058621e-01,5.072085625206625981e-01,4.361160974176247485e-01,3.549854520074935960e-01,2.522203192153693041e-01,7.564267806634095148e-02,7.926236270800425532e-02,9.578512746574587011e-02,6.421859604011313782e-02,2.100705010469088377e-02,7.437137255262094016e-02,7.825168800279175274e-02,9.512274391139843854e-02,6.566677111266207290e-02,2.282342504499871097e-02
cmx,8.702999999999999625e-02,3.156100000000000017e-01,6.843399999999999483e-01,1.159140000000000059e+00,1.772990000000000066e+00,2.801899999999999835e+00,3.282760000000000122e+00,4.166879999999999917e+00,5.102719999999999700e+00,5.637620000000000076e+00,5.757049999999999557e+00,6.008689999999999642e+00,6.371629999999999683e+00,6.570470000000000255e+00,6.101429999999999687e+00,-8.663999999999999480e-02,-3.140299999999999758e-01,-6.810800000000000187e-01,-1.153340000000000032e+00,-1.763640000000000096e+00,-2.786129999999999995e+00,-3.257859999999999978e+00,-4.134149999999999991e+00,-5.062730000000000175e+00,-5.592839999999999812e+00,-5.719710000000000072e+00,-5.971969999999999779e+00,-6.342109999999999914e+00,-6.534889999999999866e+00,-6.068559999999999732e+00,-2.579000000000000042e-02,1.813000000000000028e-02,9.378999999999999837e-02,1.264699999999999991e-01,7.020999999999999464e-02,2.532999999999999835e-02,-1.793000000000000149e-02,-9.307999999999999607e-02,-1.296200000000000130e-01,-7.639999999999999569e-02
cmx*c/cref,1.387179491606362058e-01,4.680645972155896839e-01,9.390538467472357986e-01,1.462103335598574416e+00,2.039934964276530316e+00,2.996838052382176265e+00,3.343144309958490989e+00,4.030308032178671951e+00,4.674463029056311392e+00,4.876148863828380087e+00,4.626280196892333052e+00,4.398474530635858137e+00,4.208217848602283873e+00,3.869440364397751519e+00,3.156727430297908921e+00,-1.380963244315468463e-01,-4.657213822870365783e-01,-9.345804628439188244e-01,-1.454787395033610986e+00,-2.029177209345038868e+00,-2.979970877934099427e+00,-3.317786290085589229e+00,-3.998650777375748255e+00,-4.637829277541049677e+00,-4.837417280975644829e+00,-4.596274325386621840e+00,-4.371594797322116754e+00,-4.188721017981118067e+00,-3.848486811887006365e+00,-3.139721313595121188e+00,-2.185797946589281004e-02,1.442797827204936843e-02,6.980331860926421161e-02,8.763191455754325287e-02,4.506278606325532510e-02,2.146811244168533861e-02,-1.426881690114976259e-02,-6.927490026815559532e-02,-8.981457076736583389e-02,-4.903570510230318563e-02
cmy,-1.277300000000000102e-01,-1.688800000000000023e-01,-2.545100000000000140e-01,-3.264000000000000234e-01,-4.007299999999999751e-01,-4.457200000000000051e-01,-3.213900000000000090e-01,-3.123600000000000265e-01,-3.075200000000000156e-01,-2.769699999999999940e-01,-2.705799999999999872e-01,-3.211300000000000265e-01,-3.894199999999999884e-01,-4.440700000000000203e-01,-4.605199999999999849e-01,-1.261700000000000044e-01,-1.668000000000000038e-01,-2.520800000000000263e-01,-3.234500000000000153e-01,-3.971999999999999975e-01,-4.418000000000000260e-01,-3.170600000000000085e-01,-3.080700000000000105e-01,-3.034000000000000030e-01,-2.731100000000000194e-01,-2.679000000000000270e-01,-3.182300000000000129e-01,-3.873599999999999821e-01,-4.411900000000000266e-01,-4.577300000000000257e-01,-3.617199999999999860e-01,-4.325600000000000001e-01,-6.215699999999999559e-01,-5.022999999999999687e-01,-2.015299999999999869e-01,-3.559100000000000041e-01,-4.275100000000000011e-01,-6.174600000000000088e-01,-5.119599999999999707e-01,-2.179099999999999926e-01
cmy*c/cref,-2.035900683245784881e-01,-2.504570488190133171e-01,-3.492395512985343453e-01,-4.117108621386327272e-01,-4.610647201814640495e-01,-4.767303103992946434e-01,-3.273017673474635236e-01,-3.021222154060904663e-01,-2.817107093266723039e-01,-2.395597700473863778e-01,-2.174340844139146800e-01,-2.350732232854571280e-01,-2.571970115343643060e-01,-2.615189450097343826e-01,-2.382615413437166596e-01,-2.011035694082209946e-01,-2.473723101788928014e-01,-3.459050964258164607e-01,-4.079898234030047699e-01,-4.570032362340666898e-01,-4.725375821915291930e-01,-3.228921197149469124e-01,-2.979728227050655875e-01,-2.779364893656099400e-01,-2.362211387429746789e-01,-2.152804760680307183e-01,-2.329503685302868610e-01,-2.558364603460309139e-01,-2.598228733056606177e-01,-2.368180650552841049e-01,-3.065710869485361312e-01,-3.442342129816698959e-01,-4.626042088491348347e-01,-3.480470521250412785e-01,-1.293477179223450346e-01,-3.016468969253939814e-01,-3.402153883664548184e-01,-4.595453364801821428e-01,-3.547405311684971863e-01,-1.398608704037027084e-01
cmz,9.749999999999999986e-03,4.479000000000000342e-02,7.559000000000000441e-02,1.223400000000000043e-01,1.895499999999999963e-01,2.748200000000000087e-01,4.847000000000000197e-01,6.005300000000000082e-01,6.925999999999999934e-01,6.899800000000000377e-01,5.422099999999999698e-01,7.262899999999999912e-01,9.328800000000000425e-01,1.033970000000000056e+00,1.021320000000000006e+00,-9.700000000000000289e-03,-4.454000000000000320e-02,-7.535999999999999643e-02,-1.221499999999999947e-01,-1.892999999999999960e-01,-2.744800000000000018e-01,-4.821199999999999930e-01,-5.970299999999999496e-01,-6.886900000000000244e-01,-6.865900000000000336e-01,-5.397399999999999975e-01,-7.221499999999999586e-01,-9.268999999999999462e-01,-1.028410000000000046e+00,-1.016450000000000076e+00,-3.522799999999999820e-01,-4.170900000000000163e-01,-5.714599999999999680e-01,-4.835599999999999898e-01,-2.045299999999999896e-01,3.466199999999999837e-01,4.123499999999999943e-01,5.698800000000000532e-01,4.965700000000000114e-01,2.222600000000000131e-01
cmz*c/cref,1.554061822723432247e-02,6.642569408220988514e-02,1.037248740035999067e-01,1.543158911582117876e-01,2.180890317929691236e-01,2.939401954229878822e-01,4.936157523050361817e-01,5.808472724350732808e-01,6.344720254931490722e-01,5.967846703155419430e-01,4.357119332917018251e-01,5.316579931491752786e-01,6.161315497924548801e-01,6.089191874517869696e-01,5.284054490688020467e-01,-1.546092274914594167e-02,-6.605493222642618012e-02,-1.034092671637953237e-01,-1.540762310362560616e-01,-2.178013912867794999e-01,-2.935765404253755650e-01,-4.909882948242294542e-01,-5.774619870146566747e-01,-6.308901808213642770e-01,-5.938525562943098857e-01,-4.337270778385923231e-01,-5.286274349814493734e-01,-6.121819885758364999e-01,-6.056448268008668423e-01,-5.258858327517171860e-01,-2.985703375821914807e-01,-3.319230809425852691e-01,-4.253097819858207562e-01,-3.350619799434301771e-01,-1.312732037247915096e-01,2.937732781104213098e-01,3.281509564522646083e-01,4.241338651140579841e-01,3.440766965433640356e-01,1.426528248172500846e-01
cs,1.821000000000000049e-02,2.912999999999999964e-02,3.916000000000000036e-02,3.504999999999999782e-02,3.508000000000000007e-02,-7.706000000000000349e-02,-5.967999999999999694e-02,-5.002000000000000196e-02,-4.694999999999999868e-02,-5.700999999999999818e-02,-2.233700000000000130e-01,-1.814399999999999902e-01,-1.510299999999999976e-01,-1.115700000000000025e-01,-8.319999999999999618e-02,-1.808999999999999844e-02,-2.884000000000000105e-02,-3.876999999999999891e-02,-3.475000000000000311e-02,-3.481000000000000066e-02,7.668999999999999428e-02,5.926000000000000018e-02,4.954999999999999682e-02,4.649999999999999967e-02,5.637000000000000344e-02,2.216299999999999937e-01,1.802499999999999936e-01,1.504300000000000082e-01,1.107999999999999957e-01,8.261000000000000287e-02,-8.612999999999999823e-02,-9.600999999999999812e-02,-1.199999999999999956e-01,-9.071999999999999509e-02,-3.384999999999999815e-02,8.468000000000000527e-02,9.481000000000000538e-02,1.195999999999999980e-01,9.346999999999999753e-02,3.694999999999999674e-02
cs*c/cref,2.902509311978841364e-02,4.320117143591815229e-02,5.373549498585755008e-02,4.421098565551186826e-02,4.036171582852733641e-02,-8.242133563530837370e-02,-6.077777614517135274e-02,-4.838056477978180253e-02,-4.300961824560113611e-02,-4.930968151930352483e-02,-1.794968269478015022e-01,-1.328175057855489616e-01,-9.974953688057891510e-02,-6.570511111927412884e-02,-4.304560114608969174e-02,-2.883382397237629555e-02,-4.277108768320904419e-02,-5.320033556184108892e-02,-4.383257493663445664e-02,-4.005106408184255090e-02,8.202559343202436848e-02,6.035005050876097316e-02,4.792596930904014646e-02,4.259738548286375048e-02,4.875612606986738651e-02,1.780985886933842688e-01,1.319464033170480444e-01,9.935325983543326356e-02,6.525164750394885083e-02,4.274034988796237416e-02,-7.299836259780331793e-02,-7.640541610035631037e-02,-8.931014215920360377e-02,-6.286049884289018896e-02,-2.172589813760422706e-02,7.176943393454064679e-02,7.545044787495867877e-02,8.901244168533958834e-02,6.476599235940197485e-02,2.371556680013223520e-02
cx,-9.912999999999999590e-02,-1.232400000000000023e-01,-1.133200000000000041e-01,-1.332699999999999996e-01,-1.504699999999999926e-01,-1.571700000000000041e-01,-1.731800000000000006e-01,-1.535299999999999998e-01,-1.353300000000000058e-01,-1.080099999999999949e-01,-8.316999999999999393e-02,-9.629999999999999671e-02,-1.074999999999999983e-01,-1.030599999999999988e-01,-8.816999999999999837e-02,-9.904999999999999916e-02,-1.229200000000000015e-01,-1.132900000000000018e-01,-1.332099999999999951e-01,-1.503299999999999914e-01,-1.569099999999999939e-01,-1.722200000000000120e-01,-1.525900000000000034e-01,-1.345300000000000107e-01,-1.074399999999999938e-01,-8.268999999999999961e-02,-9.569999999999999341e-02,-1.068199999999999983e-01,-1.024599999999999955e-01,-8.770999999999999630e-02,-8.479999999999999691e-03,-1.051999999999999984e-02,-1.374000000000000048e-02,-3.769999999999999914e-03,-1.209999999999999921e-03,-8.340000000000000191e-03,-1.035999999999999942e-02,-1.367999999999999945e-02,-4.009999999999999676e-03,-1.280000000000000105e-03
cx*c/cref,-1.580042548580244399e-01,-1.827707644271387988e-01,-1.554981177680637705e-01,-1.681026550159790967e-01,-1.731250678654078778e-01,-1.681048705139036592e-01,-1.763655374132167553e-01,-1.484979630275869711e-01,-1.239721328472247613e-01,-9.342113139624580453e-02,-6.683418139073576958e-02,-7.049341824927449207e-02,-7.099963725526207969e-02,-6.069345479925062486e-02,-4.561695496455202281e-02,-1.578767420930830556e-01,-1.822961892517356297e-01,-1.554569516585240507e-01,-1.680269728722036116e-01,-1.729639891819416964e-01,-1.678267813980824641e-01,-1.753878788157073043e-01,-1.475887720861036589e-01,-1.232392746023582980e-01,-9.292812107409174904e-02,-6.644846049296550261e-02,-7.005420692061857524e-02,-7.055052327076367924e-02,-6.034010652756858356e-02,-4.537896245821546742e-02,-7.187113837563824034e-03,-8.371888109319325366e-03,-1.022601127722881295e-02,-2.612258384454321358e-03,-7.766126069867389584e-04,-7.068458656283289551e-03,-8.244559012599638609e-03,-1.018135620614921133e-02,-2.778556000440803378e-03,-8.215406090438231307e-04
cy,1.821000000000000049e-02,2.912999999999999964e-02,3.916000000000000036e-02,3.504999999999999782e-02,3.508000000000000007e-02,-7.706000000000000349e-02,-5.967999999999999694e-02,-5.002000000000000196e-02,-4.694999999999999868e-02,-5.700999999999999818e-02,-2.233700000000000130e-01,-1.814399999999999902e-01,-1.510299999999999976e-01,-1.115700000000000025e-01,-8.319999999999999618e-02,-1.808999999999999844e-02,-2.884000000000000105e-02,-3.876999999999999891e-02,-3.475000000000000311e-02,-3.481000000000000066e-02,7.668999999999999428e-02,5.926000000000000018e-02,4.954999999999999682e-02,4.649999999999999967e-02,5.637000000000000344e-02,2.216299999999999937e-01,1.802499999999999936e-01,1.504300000000000082e-01,1.107999999999999957e-01,8.261000000000000287e-02,-8.612999999999999823e-02,-9.600999999999999812e-02,-1.199999999999999956e-01,-9.071999999999999509e-02,-3.384999999999999815e-02,8.468000000000000527e-02,9.481000000000000538e-02,1.195999999999999980e-01,9.346999999999999753e-02,3.694999999999999674e-02
cy*c/cref,2.902509311978841364e-02,4.320117143591815229e-02,5.373549498585755008e-02,4.421098565551186826e-02,4.036171582852733641e-02,-8.242133563530837370e-02,-6.077777614517135274e-02,-4.838056477978180253e-02,-4.300961824560113611e-02,-4.930968151930352483e-02,-1.794968269478015022e-01,-1.328175057855489616e-01,-9.974953688057891510e-02,-6.570511111927412884e-02,-4.304560114608969174e-02,-2.883382397237629555e-02,-4.277108768320904419e-02,-5.320033556184108892e-02,-4.383257493663445664e-02,-4.005106408184255090e-02,8.202559343202436848e-02,6.035005050876097316e-02,4.792596930904014646e-02,4.259738548286375048e-02,4.875612606986738651e-02,1.780985886933842688e-01,1.319464033170480444e-01,9.935325983543326356e-02,6.525164750394885083e-02,4.274034988796237416e-02,-7.299836259780331793e-02,-7.640541610035631037e-02,-8.931014215920360377e-02,-6.286049884289018896e-02,-2.172589813760422706e-02,7.176943393454064679e-02,7.545044787495867877e-02,8.901244168533958834e-02,6.476599235940197485e-02,2.371556680013223520e-02
cz,8.956600000000000117e-01,9.915399999999999769e-01,1.187210000000000099e+00,1.315059999999999896e+00,1.424870000000000081e+00,1.452329999999999899e+00,1.123420000000000085e+00,1.038059999999999983e+00,9.754300000000000193e-01,8.546599999999999753e-01,7.328000000000000069e-01,6.905799999999999716e-01,6.546800000000000397e-01,5.972800000000000331e-01,4.822699999999999765e-01,8.916100000000000136e-01,9.865300000000000180e-01,1.181480000000000086e+00,1.308449999999999891e+00,1.417340000000000044e+00,1.444129999999999914e+00,1.114910000000000068e+00,1.029919999999999947e+00,9.677900000000000391e-01,8.478799999999999670e-01,7.280699999999999950e-01,6.863700000000000356e-01,6.516399999999999970e-01,5.940600000000000325e-01,4.796799999999999953e-01,8.902000000000000191e-02,9.918000000000000427e-02,1.281299999999999939e-01,9.324000000000000343e-02,3.295000000000000012e-02,8.752000000000000057e-02,9.790999999999999703e-02,1.272399999999999920e-01,9.532000000000000195e-02,3.579999999999999849e-02
cz*c/cref,1.427601038092789043e+00,1.470500841935127978e+00,1.629093896888660575e+00,1.658775999889798625e+00,1.639401312217609874e+00,1.553373713771442954e+00,1.144084605847996094e+00,1.004036966719318302e+00,8.935648972376298849e-01,7.392214068985782927e-01,5.888672372626088114e-01,5.055175989053373176e-01,4.323910931932556934e-01,3.517464261837416339e-01,2.495144478933254417e-01,1.421145704367630325e+00,1.463070774345222480e+00,1.621231169966572461e+00,1.650438350383865993e+00,1.630737580171178536e+00,1.544603210887851796e+00,1.135418069738823865e+00,9.961637600558350680e-01,8.865661009991550046e-01,7.333571788561141780e-01,5.850662792491643227e-01,5.024357994159349694e-01,4.303832894978510404e-01,3.498501237923813956e-01,2.481744466076478972e-01,7.544774455423722270e-02,7.892812382911508495e-02,9.536090429048964257e-02,6.460662381074826210e-02,2.114825239687028943e-02,7.417643904051721138e-02,7.791744912390256850e-02,9.469852073614221100e-02,6.604786981596444395e-02,2.297746390919442466e-02
Results_Name,VSPAERO_Comp_Load
Results_Timestamp,1759253980
Results_Date,9,30,2025
Results_Time,13,39,40
AoA,9.000000000000000000e+00,9.000000000000000000e+00,9.000000000000000000e+00,9.000000000000000000e+00,9.000000000000000000e+00,9.000000000000000000e+00,9.000000000000000000e+00,9.000000000000000000e+00,9.000000000000000000e+00
Beta,0.000000000000000000e+00,0.000000000000000000e+00,0.000000000000000000e+00,0.000000000000000000e+00,0.000000000000000000e+00,0.000000000000000000e+00,0.000000000000000000e+00,0.000000000000000000e+00,0.000000000000000000e+00
CDi,0.000000000000000000e+00,1.827000000000000152e-02,1.796999999999999986e-02,4.800000000000000122e-04,4.899999999999999842e-04,0.000000000000000000e+00,0.000000000000000000e+00,0.000000000000000000e+00,0.000000000000000000e+00
CFx,0.000000000000000000e+00,-6.861000000000000432e-02,-6.834999999999999409e-02,-5.999999999999999474e-04,-5.900000000000000296e-04,0.000000000000000000e+00,0.000000000000000000e+00,0.000000000000000000e+00,0.000000000000000000e+00
CFy,0.000000000000000000e+00,-1.677999999999999978e-02,1.665000000000000160e-02,-6.610000000000000424e-03,6.640000000000000069e-03,0.000000000000000000e+00,0.000000000000000000e+00,0.000000000000000000e+00,0.000000000000000000e+00
CFz,0.000000000000000000e+00,5.499399999999999844e-01,5.464299999999999713e-01,6.859999999999999779e-03,6.870000000000000238e-03,0.000000000000000000e+00,0.000000000000000000e+00,0.000000000000000000e+00,0.000000000000000000e+00
CL,0.000000000000000000e+00,5.538999999999999480e-01,5.503900000000000459e-01,6.870000000000000238e-03,6.879999999999999831e-03,0.000000000000000000e+00,0.000000000000000000e+00,0.000000000000000000e+00,0.000000000000000000e+00
Cmx,0.000000000000000000e+00,1.143799999999999956e-01,-1.135599999999999943e-01,2.100000000000000087e-04,-2.200000000000000078e-04,-3.000000000000000076e-05,3.000000000000000076e-05,-0.000000000000000000e+00,0.000000000000000000e+00
Cmy,0.000000000000000000e+00,-1.629800000000000137e-01,-1.611299999999999955e-01,-2.459000000000000075e-02,-2.462999999999999912e-02,2.216999999999999874e-02,2.205999999999999975e-02,-0.000000000000000000e+00,1.000000000000000082e-05
Cmz,0.000000000000000000e+00,1.468000000000000034e-02,-1.460999999999999972e-02,-1.809999999999999977e-03,1.820000000000000003e-03,4.000000000000000327e-05,-4.000000000000000327e-05,1.000000000000000082e-05,3.000000000000000076e-05
Comp_ID,0,1,2,3,4,5,6,7,8
Comp_Name,NONE,main_wing,main_wing,horizontal_tail,horizontal_tail,fuselage,fuselage,fuselage,fuselage
Cs,0.000000000000000000e+00,-1.677999999999999978e-02,1.665000000000000160e-02,-6.610000000000000424e-03,6.640000000000000069e-03,0.000000000000000000e+00,0.000000000000000000e+00,0.000000000000000000e+00,0.000000000000000000e+00
Mach,1.499999999999999944e-01,1.499999999999999944e-01,1.499999999999999944e-01,1.499999999999999944e-01,1.499999999999999944e-01,1.499999999999999944e-01,1.499999999999999944e-01,1.499999999999999944e-01,1.499999999999999944e-01
Results_Name,VSPAERO_Load
Results_Timestamp,1759253980
Results_Date,9,30,2025
Results_Time,13,39,40
AnalysisMethod,0
Chord,1.735640000000000072e+00,1.614919999999999911e+00,1.494220000000000104e+00,1.373529999999999918e+00,1.252869999999999928e+00,1.164679999999999938e+00,1.108950000000000102e+00,1.053230000000000111e+00,9.975300000000000278e-01,9.418400000000000105e-01,8.750400000000000400e-01,7.971099999999999852e-01,7.191899999999999959e-01,6.412799999999999612e-01,5.633799999999999919e-01,1.735640000000000072e+00,1.614919999999999911e+00,1.494220000000000104e+00,1.373529999999999918e+00,1.252869999999999928e+00,1.164679999999999938e+00,1.108950000000000102e+00,1.053230000000000111e+00,9.975300000000000278e-01,9.418400000000000105e-01,8.750400000000000400e-01,7.971099999999999852e-01,7.191899999999999959e-01,6.412799999999999612e-01,5.633799999999999919e-01,9.229000000000000536e-01,8.665699999999999514e-01,8.104299999999999837e-01,7.545199999999999685e-01,6.988999999999999657e-01,9.229000000000000536e-01,8.665699999999999514e-01,8.104299999999999837e-01,7.545199999999999685e-01,6.988999999999999657e-01
FC_AoA_,1.000000000000000000e+01
FC_Beta_,0.000000000000000000e+00
FC_Bref_,1.417173599999999922e+01
FC_Cref_,1.088920000000000110e+00
FC_Mach_,1.499999999999999944e-01
FC_Pitch_Rate,0.000000000000000000e+00
FC_Rho_,2.377000000000000206e-03
FC_Roll__Rate,0.000000000000000000e+00
FC_Sref_,1.619368700000000061e+01
FC_Vinf_,5.100000000000000000e+01
FC_Xcg_,1.774861999999999940e+00
FC_Yaw___Rate,0.000000000000000000e+00
FC_Ycg_,0.000000000000000000e+00
FC_Zcg_,7.545150000000000468e-01
S,3.314000000000000279e-02,8.981999999999999706e-02,1.368900000000000117e-01,1.839600000000000124e-01,2.310300000000000131e-01,2.997400000000000064e-01,4.117600000000000149e-01,5.454599999999999449e-01,6.791599999999999859e-01,8.128699999999999815e-01,9.157600000000000184e-01,9.578299999999999592e-01,9.698799999999999644e-01,9.819299999999999695e-01,9.939799999999999747e-01,3.314000000000000279e-02,8.981999999999999706e-02,1.368900000000000117e-01,1.839600000000000124e-01,2.310300000000000131e-01,2.997400000000000064e-01,4.117600000000000149e-01,5.454599999999999449e-01,6.791599999999999859e-01,8.128699999999999815e-01,9.157600000000000184e-01,9.578299999999999592e-01,9.698799999999999644e-01,9.819299999999999695e-01,9.939799999999999747e-01,1.020299999999999957e-01,3.035599999999999965e-01,5.025399999999999867e-01,7.015200000000000324e-01,9.005100000000000326e-01,1.020299999999999957e-01,3.035599999999999965e-01,5.025399999999999867e-01,7.015200000000000324e-01,9.005100000000000326e-01
V/Vref,9.951600000000000446e-01,9.965699999999999559e-01,1.000269999999999992e+00,1.000750000000000028e+00,1.003470000000000084e+00,1.001370000000000093e+00,9.982499999999999707e-01,9.940499999999999892e-01,9.919900000000000384e-01,9.928099999999999703e-01,1.007730000000000015e+00,1.008040000000000047e+00,1.008750000000000036e+00,1.008199999999999985e+00,1.011570000000000080e+00,9.956000000000000405e-01,9.968099999999999739e-01,1.000310000000000032e+00,1.000769999999999937e+00,1.003390000000000004e+00,1.001200000000000090e+00,9.982199999999999962e-01,9.939900000000000402e-01,9.918900000000000494e-01,9.926300000000000123e-01,1.007270000000000110e+00,1.007549999999999946e+00,1.008219999999999894e+00,1.007770000000000055e+00,1.011239999999999917e+00,9.921600000000000419e-01,9.954899999999999860e-01,9.964699999999999669e-01,1.006229999999999958e+00,1.004110000000000058e+00,9.918000000000000149e-01,9.953199999999999825e-01,9.962800000000000544e-01,1.005779999999999896e+00,1.004029999999999978e+00
WingId,1,1,1,1,1,1,1,1,1,1,1,1,1,1,1,2,2,2,2,2,2,2,2,2,2,2,2,2,2,2,3,3,3,3,3,4,4,4,4,4
Xavg,2.391169999999999796e+00,2.380489999999999995e+00,2.369810000000000194e+00,2.359129999999999949e+00,2.348450000000000149e+00,2.336259999999999781e+00,2.322589999999999932e+00,2.308860000000000134e+00,2.295059999999999878e+00,2.281190000000000051e+00,2.284749999999999837e+00,2.305000000000000160e+00,2.325239999999999974e+00,2.345470000000000166e+00,2.365699999999999914e+00,2.391169999999999796e+00,2.380489999999999995e+00,2.369810000000000194e+00,2.359129999999999949e+00,2.348450000000000149e+00,2.336259999999999781e+00,2.322589999999999932e+00,2.308860000000000134e+00,2.295059999999999878e+00,2.281190000000000051e+00,2.284749999999999837e+00,2.305000000000000160e+00,2.325239999999999974e+00,2.345470000000000166e+00,2.365699999999999914e+00,5.722059999999999924e+00,5.820210000000000328e+00,5.918350000000000222e+00,6.016490000000000116e+00,6.114630000000000010e+00,5.722059999999999924e+00,5.820210000000000328e+00,5.918350000000000222e+00,6.016490000000000116e+00,6.114630000000000010e+00
Yavg,1.718899999999999872e-01,5.195499999999999563e-01,8.671900000000000164e-01,1.214790000000000036e+00,1.562359999999999971e+00,2.229140000000000121e+00,3.217070000000000096e+00,4.204979999999999940e+00,5.192870000000000097e+00,6.180740000000000123e+00,6.716649999999999565e+00,6.791660000000000252e+00,6.866660000000000430e+00,6.941650000000000098e+00,7.016610000000000014e+00,-1.718899999999999872e-01,-5.195499999999999563e-01,-8.671900000000000164e-01,-1.214790000000000036e+00,-1.562359999999999971e+00,-2.229140000000000121e+00,-3.217070000000000096e+00,-4.204979999999999940e+00,-5.192870000000000097e+00,-6.180740000000000123e+00,-6.716649999999999565e+00,-6.791660000000000252e+00,-6.866660000000000430e+00,-6.941650000000000098e+00,-7.016610000000000014e+00,1.078800000000000037e-01,3.257399999999999740e-01,5.435900000000000176e-01,7.614400000000000057e-01,9.792699999999999738e-01,-1.078800000000000037e-01,-3.257399999999999740e-01,-5.435900000000000176e-01,-7.614400000000000057e-01,-9.792699999999999738e-01
Zavg,1.027309999999999945e+00,1.024350000000000094e+00,1.021379999999999955e+00,1.018420000000000103e+00,1.015449999999999964e+00,1.037979999999999903e+00,1.086500000000000021e+00,1.135019999999999918e+00,1.183540000000000036e+00,1.232069999999999999e+00,1.270329999999999959e+00,1.298289999999999944e+00,1.326240000000000085e+00,1.354190000000000005e+00,1.382130000000000081e+00,1.027309999999999945e+00,1.024350000000000094e+00,1.021379999999999955e+00,1.018420000000000103e+00,1.015449999999999964e+00,1.037979999999999903e+00,1.086500000000000021e+00,1.135019999999999918e+00,1.183540000000000036e+00,1.232069999999999999e+00,1.270329999999999959e+00,1.298289999999999944e+00,1.326240000000000085e+00,1.354190000000000005e+00,1.382130000000000081e+00,3.777900000000000147e-01,5.956799999999999873e-01,8.135799999999999699e-01,1.031470000000000109e+00,1.249349999999999961e+00,3.777900000000000147e-01,5.956799999999999873e-01,8.135799999999999699e-01,1.031470000000000109e+00,1.249349999999999961e+00
cd,5.179000000000000270e-02,4.130000000000000338e-02,8.300000000000000433e-02,8.175000000000000322e-02,8.087999999999999357e-02,7.678999999999999715e-02,6.499999999999999702e-03,1.401999999999999948e-02,2.340000000000000066e-02,3.273999999999999827e-02,3.969000000000000306e-02,1.637999999999999873e-02,-3.360000000000000139e-03,-8.449999999999999178e-03,-1.169000000000000074e-02,5.199999999999999761e-02,4.064000000000000251e-02,8.161000000000000199e-02,8.044999999999999374e-02,7.950999999999999734e-02,7.537000000000000643e-02,6.000000000000000125e-03,1.359999999999999924e-02,2.285999999999999838e-02,3.175999999999999657e-02,3.790000000000000313e-02,1.472000000000000045e-02,-4.259999999999999898e-03,-8.869999999999999413e-03,-1.186000000000000075e-02,8.680000000000000215e-03,7.519999999999999775e-03,9.169999999999999332e-03,1.438000000000000042e-02,7.440000000000000432e-03,8.680000000000000215e-03,7.519999999999999775e-03,9.209999999999999437e-03,1.395000000000000059e-02,7.320000000000000118e-03
cd*c/cref,8.254857620394519258e-02,6.124985857546926676e-02,1.138929030599125786e-01,1.031169208940968807e-01,9.305745656246552922e-02,8.213255078426329181e-02,6.619563420636960342e-03,1.356048616978290308e-02,2.143610366234434059e-02,2.831782096021745812e-02,3.189429673437901847e-02,1.199046927230650213e-02,-2.219151452815633883e-03,-4.976321492855304875e-03,-6.048113911031112455e-03,8.288329721191638189e-02,6.027104727620026525e-02,1.119855399845718774e-01,1.014771411122947220e-01,9.148118658854642593e-02,8.061375638247070263e-02,6.110366234434117839e-03,1.315425191933291584e-02,2.094142434705946812e-02,2.747018917826837131e-02,3.045587921977739587e-02,1.077531792969180398e-02,-2.813567020534106858e-03,-5.223665283032728063e-03,-6.136067663372882057e-03,7.356621239393159629e-03,5.984467545825220350e-03,6.824783363332475282e-03,9.963998824523380080e-03,4.775204790067221622e-03,7.356621239393159629e-03,5.984467545825220350e-03,6.854553410718876652e-03,9.666048929214266297e-03,4.698185357969363041e-03
cl,9.684800000000000075e-01,1.073209999999999997e+00,1.269889999999999963e+00,1.405589999999999895e+00,1.522799999999999931e+00,1.550720000000000098e+00,1.232080000000000064e+00,1.145860000000000101e+00,1.077760000000000051e+00,9.431199999999999584e-01,8.095400000000000373e-01,7.669000000000000261e-01,7.319299999999999695e-01,6.711099999999999843e-01,5.468100000000000183e-01,9.641999999999999460e-01,1.066759999999999931e+00,1.262659999999999894e+00,1.397550000000000070e+00,1.513540000000000108e+00,1.540019999999999945e+00,1.221300000000000052e+00,1.135769999999999946e+00,1.067600000000000104e+00,9.320699999999999541e-01,7.973900000000000432e-01,7.550799999999999734e-01,7.212499999999999467e-01,6.629399999999999737e-01,5.407499999999999529e-01,1.171999999999999986e-01,1.254899999999999904e-01,1.529200000000000004e-01,1.223800000000000027e-01,5.585999999999999993e-02,1.161299999999999971e-01,1.238699999999999940e-01,1.515199999999999880e-01,1.222599999999999937e-01,5.616000000000000159e-02
cl*c/cref,1.543669532380707476e+00,1.591621324982551267e+00,1.742547694780149259e+00,1.772967741156374677e+00,1.752075851302207221e+00,1.658609052639312242e+00,1.254743338353597970e+00,1.108303757668148259e+00,9.873066274841125756e-01,8.157331491753295749e-01,6.505343657936304425e-01,5.613852799103697944e-01,4.834117627557579233e-01,3.952259310142158255e-01,2.829058312823714560e-01,1.536847599456341973e+00,1.582055669103331397e+00,1.732626662381074656e+00,1.762826333890459951e+00,1.741421646952943991e+00,1.647164615949747946e+00,1.243765047019064651e+00,1.098544463413290151e+00,9.779993277743084246e-01,8.061756683686587266e-01,6.407708055688204896e-01,5.527328167358482869e-01,4.763580313521653675e-01,3.904145053814788158e-01,2.797705386988942333e-01,9.933133747199059116e-02,9.986580217095836209e-02,1.138108911582117883e-01,8.479792601844028666e-02,3.585254564155308799e-02,9.842447287220364160e-02,9.857659506667154625e-02,1.127689394996877481e-01,8.471477721044703979e-02,3.604509422179773964e-02
cmx,9.336999999999999467e-02,3.385500000000000176e-01,7.290299999999999558e-01,1.232259999999999911e+00,1.882970000000000033e+00,2.970959999999999823e+00,3.548350000000000115e+00,4.539369999999999905e+00,5.573559999999999626e+00,6.164340000000000153e+00,6.314110000000000333e+00,6.590620000000000367e+00,7.002189999999999692e+00,7.244270000000000209e+00,6.777569999999999872e+00,-9.297999999999999321e-02,-3.365099999999999758e-01,-7.248400000000000398e-01,-1.225109999999999921e+00,-1.871359999999999912e+00,-2.950110000000000010e+00,-3.517049999999999788e+00,-4.499170000000000336e+00,-5.520660000000000345e+00,-6.091359999999999886e+00,-6.216560000000000308e+00,-6.484880000000000422e+00,-6.896550000000000402e+00,-7.153780000000000250e+00,-6.701249999999999929e+00,-3.384000000000000202e-02,2.304000000000000145e-02,1.111700000000000049e-01,1.674200000000000133e-01,1.194000000000000061e-01,3.350999999999999812e-02,-2.275999999999999898e-02,-1.101499999999999979e-01,-1.669200000000000128e-01,-1.195999999999999980e-01
cmx*c/cref,1.488233357822429381e-01,5.020857051023031037e-01,1.000377627924916357e+00,1.554334641479630852e+00,2.166473775759467646e+00,3.177660152077286693e+00,3.613619671325717153e+00,4.390589451107519636e+00,5.105786749072474429e+00,5.331724998714322261e+00,5.073925370458803208e+00,4.824458278110420828e+00,4.624678604580684471e+00,4.266250473496675077e+00,3.506545372111816494e+00,-1.482017110531535786e-01,-4.990602883591079841e-01,-9.946280946258678757e-01,-1.545315852679718827e+00,-2.153115750652021543e+00,-3.155359544135472927e+00,-3.581743927469418942e+00,-4.351707029993020726e+00,-5.057326497630679540e+00,-5.268602378870807179e+00,-4.995535633839033096e+00,-4.747054601623626802e+00,-4.554907426165375028e+00,-4.212959664989162967e+00,-3.467059311060499471e+00,-2.868065238952356363e-02,1.833538992763471959e-02,8.273840419865553797e-02,1.160064452852367506e-01,7.663433493736912516e-02,2.840096517650515795e-02,-1.811256400837526689e-02,-8.197926799030230693e-02,-1.156599919185982428e-01,-7.676270065753221239e-02
cmy,-1.362400000000000000e-01,-1.798800000000000121e-01,-2.677999999999999825e-01,-3.440199999999999925e-01,-4.232899999999999996e-01,-4.711000000000000187e-01,-3.509700000000000042e-01,-3.457700000000000218e-01,-3.425400000000000111e-01,-3.096499999999999808e-01,-3.025999999999999801e-01,-3.600099999999999967e-01,-4.384199999999999764e-01,-5.021999999999999797e-01,-5.250299999999999967e-01,-1.337899999999999923e-01,-1.765200000000000102e-01,-2.643400000000000194e-01,-3.402399999999999869e-01,-4.188700000000000201e-01,-4.658900000000000263e-01,-3.456899999999999973e-01,-3.408100000000000018e-01,-3.372700000000000142e-01,-3.033799999999999830e-01,-2.947600000000000220e-01,-3.515199999999999991e-01,-4.292400000000000104e-01,-4.944500000000000006e-01,-5.181700000000000195e-01,-4.728800000000000225e-01,-5.453500000000000014e-01,-7.379299999999999748e-01,-6.581900000000000528e-01,-3.375799999999999912e-01,-4.691000000000000170e-01,-5.386900000000000022e-01,-7.316799999999999971e-01,-6.590899999999999537e-01,-3.418399999999999772e-01
cmy*c/cref,-2.171542386952209358e-01,-2.667705704734966710e-01,-3.674761378246335641e-01,-4.339361850273664722e-01,-4.870213994600153251e-01,-5.038760863975314530e-01,-3.574258728832237497e-01,-3.344371828049810813e-01,-3.137915789957021473e-01,-2.678256951842191702e-01,-2.431648826360063020e-01,-2.635341173823604333e-01,-2.895596368879255755e-01,-2.957525033978620210e-01,-2.716374034823494377e-01,-2.132491602688902643e-01,-2.617875311317635623e-01,-3.627283131910516989e-01,-4.291682099695109942e-01,-4.819359153105828852e-01,-4.983036083458839416e-01,-3.520487505969217001e-01,-3.296397497520479059e-01,-3.089638753076442423e-01,-2.624025816405244904e-01,-2.368647746390919462e-01,-2.573192770818792385e-01,-2.834965980971971833e-01,-2.911884215553024458e-01,-2.680882108878521186e-01,-4.007833008852808021e-01,-4.339932681005032045e-01,-5.492052766961759147e-01,-4.560642827755941875e-01,-2.166684990632920249e-01,-3.975796109907063780e-01,-4.286931944495462887e-01,-5.445537067920507290e-01,-4.566878988355433933e-01,-2.194026889027659855e-01
cmz,1.124999999999999958e-02,5.163000000000000228e-02,8.996999999999999442e-02,1.487199999999999911e-01,2.320399999999999963e-01,3.457600000000000118e-01,5.856400000000000494e-01,7.258799999999999697e-01,8.413800000000000168e-01,8.418200000000000127e-01,6.724299999999999722e-01,8.939200000000000479e-01,1.143920000000000048e+00,1.265120000000000022e+00,1.244320000000000093e+00,-1.111000000000000008e-02,-5.124999999999999695e-02,-8.970999999999999808e-02,-1.484300000000000064e-01,-2.315800000000000081e-01,-3.452700000000000213e-01,-5.820499999999999563e-01,-7.208299999999999708e-01,-8.353099999999999969e-01,-8.361100000000000199e-01,-6.743000000000000105e-01,-8.961099999999999621e-01,-1.139690000000000092e+00,-1.257619999999999960e+00,-1.235449999999999937e+00,-4.594900000000000095e-01,-5.223600000000000465e-01,-6.847900000000000098e-01,-6.363600000000000367e-01,-3.371999999999999997e-01,4.558499999999999774e-01,5.161499999999999977e-01,6.785099999999999465e-01,6.322699999999999987e-01,3.374599999999999822e-01
cmz*c/cref,1.793148256988575523e-02,7.656973845645224930e-02,1.234571625096425734e-01,1.875908070381662185e-01,2.669764122249567717e-01,3.698157411012746310e-01,5.964124802556661775e-01,7.020888517062777723e-01,7.707653375821914565e-01,7.281157006942657883e-01,5.403547985159606881e-01,6.543663181868272227e-01,7.555153958050178087e-01,7.450466091172903704e-01,6.437800771406529954e-01,-1.770833523123829106e-02,-7.600618043566099991e-02,-1.231003895602982845e-01,-1.872250100099180636e-01,-2.664471536935678619e-01,-3.692916500753039011e-01,-5.927564444587296588e-01,-6.972043684568195454e-01,-7.652047756492670327e-01,-7.231769481688278267e-01,-5.418575028468574084e-01,-6.559694395364212838e-01,-7.527216426367410174e-01,-7.406297557212649929e-01,-6.391909607684677086e-01,-3.894347803328068180e-01,-4.156976685155934215e-01,-5.096557687433419526e-01,-4.409381287881570799e-01,-2.164246041949821342e-01,3.863497456195128521e-01,4.107557079491606089e-01,5.049818713036768880e-01,4.381041402490540859e-01,2.165914796311941559e-01
cs,2.085000000000000048e-02,3.227000000000000007e-02,4.295999999999999819e-02,3.941999999999999671e-02,4.018000000000000044e-02,-7.889999999999999791e-02,-6.156999999999999973e-02,-5.419999999999999818e-02,-5.108000000000000040e-02,-6.371999999999999886e-02,-2.396300000000000097e-01,-1.913100000000000078e-01,-1.568900000000000017e-01,-1.125300000000000050e-01,-8.391999999999999460e-02,-2.071999999999999884e-02,-3.189999999999999780e-02,-4.243000000000000244e-02,-3.901999999999999913e-02,-3.980999999999999817e-02,7.822999999999999399e-02,6.083999999999999825e-02,5.362000000000000099e-02,5.047999999999999710e-02,6.278000000000000247e-02,2.339499999999999913e-01,1.851700000000000013e-01,1.521899999999999920e-01,1.097400000000000042e-01,8.237999999999999490e-02,-1.127800000000000052e-01,-1.201399999999999968e-01,-1.438599999999999879e-01,-1.207099999999999979e-01,-5.707000000000000267e-02,1.117900000000000005e-01,1.186399999999999955e-01,1.424499999999999933e-01,1.197000000000000008e-01,5.673999999999999877e-02
cs*c/cref,3.323301436285493876e-02,4.785794034456157531e-02,5.894986886088968842e-02,4.972316846049294747e-02,4.622958215479557043e-02,-8.438935091650441589e-02,-6.270254150901810597e-02,-5.242356279616500192e-02,-4.679299893472430721e-02,-5.511336443448553585e-02,-1.925631223597693009e-01,-1.400425321419387914e-01,-1.036198426881680817e-01,-6.627046835396538382e-02,-4.341811115600777843e-02,-3.302580611982514763e-02,-4.730921279800167495e-02,-5.822260092568784517e-02,-4.921862083532305837e-02,-4.580387420563492712e-02,8.367273665650366843e-02,6.195911361716195664e-02,5.186257264078169421e-02,4.624335525107445277e-02,5.430032986812621115e-02,1.879987584028211256e-01,1.355479362120265707e-01,1.005156725011938229e-01,6.462739889064393617e-02,4.262135363479409300e-02,-9.558522389156227927e-02,-9.560823549939388710e-02,-1.070679754251919191e-01,-8.364077177386768092e-02,-3.662915824853982955e-02,9.474616225250706569e-02,9.441452521764683026e-02,1.060185812548212758e-01,8.294093597325789824e-02,3.641735481027071758e-02
cx,-1.171800000000000064e-01,-1.456899999999999862e-01,-1.387799999999999867e-01,-1.635699999999999932e-01,-1.847799999999999998e-01,-1.936499999999999888e-01,-2.075500000000000123e-01,-1.851700000000000013e-01,-1.640999999999999959e-01,-1.315300000000000080e-01,-1.014899999999999969e-01,-1.170400000000000051e-01,-1.304099999999999981e-01,-1.248500000000000026e-01,-1.064599999999999991e-01,-1.162200000000000039e-01,-1.452199999999999880e-01,-1.388900000000000134e-01,-1.634500000000000119e-01,-1.845199999999999896e-01,-1.932000000000000106e-01,-2.061600000000000099e-01,-1.838299999999999934e-01,-1.628799999999999970e-01,-1.305699999999999916e-01,-1.011399999999999938e-01,-1.166200000000000014e-01,-1.294399999999999995e-01,-1.238500000000000018e-01,-1.055799999999999933e-01,-1.180999999999999932e-02,-1.439000000000000001e-02,-1.752000000000000085e-02,-7.089999999999999948e-03,-2.370000000000000145e-03,-1.162000000000000012e-02,-1.409999999999999969e-02,-1.723999999999999838e-02,-7.490000000000000130e-03,-2.540000000000000157e-03
cx*c/cref,-1.867743224479300468e-01,-2.160651790765161229e-01,-1.904344227307790960e-01,-2.063221376225984893e-01,-2.126008509348711883e-01,-2.071229126106600427e-01,-2.113677519928001958e-01,-1.791009432281526759e-01,-1.503275474782352905e-01,-1.137642941630239157e-01,-8.155586232230098431e-02,-8.567548984314732330e-02,-8.613081576240677606e-02,-7.352588619916980428e-02,-5.507974396649890220e-02,-1.852441692686331298e-01,-2.153681467876427391e-01,-1.905853651324247999e-01,-2.061707733350475469e-01,-2.123017048084339942e-01,-2.066416045255849709e-01,-2.099521838151562902e-01,-1.778048625243360270e-01,-1.492099386548139117e-01,-1.129339609888696805e-01,-8.127460750101016262e-02,-8.536804191308818013e-02,-8.549016787275465212e-02,-7.293697241303308265e-02,-5.462445395437679624e-02,-1.000941207802225931e-02,-1.145166063622671954e-02,-1.303928075524372725e-02,-4.912708738933989523e-03,-1.521133783932703725e-03,-9.848380046284391579e-03,-1.122087664842228924e-02,-1.283089042353891679e-02,-5.189871432244792457e-03,-1.630244646071336498e-03
cy,2.085000000000000048e-02,3.227000000000000007e-02,4.295999999999999819e-02,3.941999999999999671e-02,4.018000000000000044e-02,-7.889999999999999791e-02,-6.156999999999999973e-02,-5.419999999999999818e-02,-5.108000000000000040e-02,-6.371999999999999886e-02,-2.396300000000000097e-01,-1.913100000000000078e-01,-1.568900000000000017e-01,-1.125300000000000050e-01,-8.391999999999999460e-02,-2.071999999999999884e-02,-3.189999999999999780e-02,-4.243000000000000244e-02,-3.901999999999999913e-02,-3.980999999999999817e-02,7.822999999999999399e-02,6.083999999999999825e-02,5.362000000000000099e-02,5.047999999999999710e-02,6.278000000000000247e-02,2.339499999999999913e-01,1.851700000000000013e-01,1.521899999999999920e-01,1.097400000000000042e-01,8.237999999999999490e-02,-1.127800000000000052e-01,-1.201399999999999968e-01,-1.438599999999999879e-01,-1.207099999999999979e-01,-5.707000000000000267e-02,1.117900000000000005e-01,1.186399999999999955e-01,1.424499999999999933e-01,1.197000000000000008e-01,5.673999999999999877e-02
cy*c/cref,3.323301436285493876e-02,4.785794034456157531e-02,5.894986886088968842e-02,4.972316846049294747e-02,4.622958215479557043e-02,-8.438935091650441589e-02,-6.270254150901810597e-02,-5.242356279616500192e-02,-4.679299893472430721e-02,-5.511336443448553585e-02,-1.925631223597693009e-01,-1.400425321419387914e-01,-1.036198426881680817e-01,-6.627046835396538382e-02,-4.341811115600777843e-02,-3.302580611982514763e-02,-4.730921279800167495e-02,-5.822260092568784517e-02,-4.921862083532305837e-02,-4.580387420563492712e-02,8.367273665650366843e-02,6.195911361716195664e-02,5.186257264078169421e-02,4.624335525107445277e-02,5.430032986812621115e-02,1.879987584028211256e-01,1.355479362120265707e-01,1.005156725011938229e-01,6.462739889064393617e-02,4.262135363479409300e-02,-9.558522389156227927e-02,-9.560823549939388710e-02,-1.070679754251919191e-01,-8.364077177386768092e-02,-3.662915824853982955e-02,9.474616225250706569e-02,9.441452521764683026e-02,1.060185812548212758e-01,8.294093597325789824e-02,3.641735481027071758e-02
cz,9.627599999999999492e-01,1.064079999999999915e+00,1.265009999999999968e+00,1.398430000000000062e+00,1.513710000000000111e+00,1.540499999999999980e+00,1.214490000000000069e+00,1.130880000000000107e+00,1.065450000000000008e+00,9.344700000000000228e-01,8.041399999999999659e-01,7.580900000000000416e-01,7.202300000000000368e-01,6.594400000000000261e-01,5.364700000000000024e-01,9.585799999999999876e-01,1.057609999999999939e+00,1.257649999999999935e+00,1.390290000000000026e+00,1.504350000000000076e+00,1.529709999999999903e+00,1.203789999999999916e+00,1.120880000000000098e+00,1.055350000000000010e+00,9.234200000000000186e-01,7.918600000000000083e-01,7.461699999999999999e-01,7.095599999999999685e-01,6.513299999999999645e-01,5.304799999999999516e-01,1.169199999999999962e-01,1.248900000000000010e-01,1.521899999999999920e-01,1.230200000000000043e-01,5.630999999999999894e-02,1.158799999999999969e-01,1.232899999999999968e-01,1.508200000000000096e-01,1.228299999999999947e-01,5.657999999999999835e-02
cz*c/cref,1.534552369687396611e+00,1.578081102009329939e+00,1.735851340961686917e+00,1.763936338665833770e+00,1.741617242497152773e+00,1.647678011240494955e+00,1.236829781342982049e+00,1.093814736068765558e+00,9.760297712412296933e-01,8.082515013040443286e-01,6.461950056937147968e-01,5.549361935679387736e-01,4.756843603754178362e-01,3.883533071300003248e-01,2.775561736399367874e-01,1.527889827719207894e+00,1.568485785181647607e+00,1.725751922087940260e+00,1.753668794493626448e+00,1.730847981945413450e+00,1.636137312933915844e+00,1.225932961558241052e+00,1.084142492010432335e+00,9.667774358997904827e-01,7.986940204973734803e-01,6.363269793924255513e-01,5.462105285053079351e-01,4.686372335892443064e-01,3.835772163244314803e-01,2.744570973074237918e-01,9.909402710942952219e-02,9.938831805825955323e-02,1.132675877934099656e-01,8.524138632773757551e-02,3.614136851192006200e-02,9.821258861991696842e-02,9.811502709106269260e-02,1.122479636704257350e-01,8.510973404841493117e-02,3.631466223414023947e-02
Results_Name,VSPAERO_Comp_Load
Results_Timestamp,1759253980
Results_Date,9,30,2025
Results_Time,13,39,40
AoA,1.000000000000000000e+01,1.000000000000000000e+01,1.000000000000000000e+01,1.000000000000000000e+01,1.000000000000000000e+01,1.000000000000000000e+01,1.000000000000000000e+01,1.000000000000000000e+01,1.000000000000000000e+01
Beta,0.000000000000000000e+00,0.000000000000000000e+00,0.000000000000000000e+00,0.000000000000000000e+00,0.000000000000000000e+00,0.000000000000000000e+00,0.000000000000000000e+00,0.000000000000000000e+00,0.000000000000000000e+00
CDi,0.000000000000000000e+00,2.092000000000000109e-02,2.052000000000000005e-02,7.100000000000000191e-04,7.100000000000000191e-04,0.000000000000000000e+00,0.000000000000000000e+00,0.000000000000000000e+00,0.000000000000000000e+00
CFx,0.000000000000000000e+00,-8.314000000000000556e-02,-8.272000000000000186e-02,-8.400000000000000348e-04,-8.300000000000000086e-04,0.000000000000000000e+00,0.000000000000000000e+00,0.000000000000000000e+00,0.000000000000000000e+00
CFy,0.000000000000000000e+00,-1.747999999999999901e-02,1.722999999999999879e-02,-8.559999999999999901e-03,8.479999999999999691e-03,0.000000000000000000e+00,0.000000000000000000e+00,0.000000000000000000e+00,0.000000000000000000e+00
CFz,0.000000000000000000e+00,5.919999999999999707e-01,5.873199999999999532e-01,8.859999999999999820e-03,8.800000000000000530e-03,0.000000000000000000e+00,0.000000000000000000e+00,0.000000000000000000e+00,0.000000000000000000e+00
CL,0.000000000000000000e+00,5.974399999999999711e-01,5.927599999999999536e-01,8.869999999999999413e-03,8.810000000000000123e-03,0.000000000000000000e+00,0.000000000000000000e+00,0.000000000000000000e+00,0.000000000000000000e+00
Cmx,0.000000000000000000e+00,1.238999999999999962e-01,-1.227499999999999980e-01,2.900000000000000017e-04,-2.900000000000000017e-04,-2.000000000000000164e-05,2.000000000000000164e-05,-0.000000000000000000e+00,0.000000000000000000e+00
Cmy,0.000000000000000000e+00,-1.761800000000000033e-01,-1.736499999999999988e-01,-3.169000000000000289e-02,-3.151999999999999941e-02,2.496999999999999914e-02,2.486999999999999975e-02,-0.000000000000000000e+00,0.000000000000000000e+00
Cmz,0.000000000000000000e+00,1.788000000000000006e-02,-1.778000000000000067e-02,-2.330000000000000040e-03,2.320000000000000014e-03,6.000000000000000152e-05,-5.000000000000000240e-05,1.000000000000000082e-05,3.000000000000000076e-05
Comp_ID,0,1,2,3,4,5,6,7,8
Comp_Name,NONE,main_wing,main_wing,horizontal_tail,horizontal_tail,fuselage,fuselage,fuselage,fuselage
Cs,0.000000000000000000e+00,-1.747999999999999901e-02,1.722999999999999879e-02,-8.559999999999999901e-03,8.479999999999999691e-03,0.000000000000000000e+00,0.000000000000000000e+00,0.000000000000000000e+00,0.000000000000000000e+00
Mach,1.499999999999999944e-01,1.499999999999999944e-01,1.499999999999999944e-01,1.499999999999999944e-01,1.499999999999999944e-01,1.499999999999999944e-01,1.499999999999999944e-01,1.499999999999999944e-01,1.499999999999999944e-01
Results_Name,VSPAERO_Load
Results_Timestamp,1759253980
Results_Date,9,30,2025
Results_Time,13,39,40
AnalysisMethod,0
Chord,1.735640000000000072e+00,1.614919999999999911e+00,1.494220000000000104e+00,1.373529999999999918e+00,1.252869999999999928e+00,1.164679999999999938e+00,1.108950000000000102e+00,1.053230000000000111e+00,9.975300000000000278e-01,9.418400000000000105e-01,8.750400000000000400e-01,7.971099999999999852e-01,7.191899999999999959e-01,6.412799999999999612e-01,5.633799999999999919e-01,1.735640000000000072e+00,1.614919999999999911e+00,1.494220000000000104e+00,1.373529999999999918e+00,1.252869999999999928e+00,1.164679999999999938e+00,1.108950000000000102e+00,1.053230000000000111e+00,9.975300000000000278e-01,9.418400000000000105e-01,8.750400000000000400e-01,7.971099999999999852e-01,7.191899999999999959e-01,6.412799999999999612e-01,5.633799999999999919e-01,9.229000000000000536e-01,8.665699999999999514e-01,8.104299999999999837e-01,7.545199999999999685e-01,6.988999999999999657e-01,9.229000000000000536e-01,8.665699999999999514e-01,8.104299999999999837e-01,7.545199999999999685e-01,6.988999999999999657e-01
FC_AoA_,1.100000000000000000e+01
FC_Beta_,0.000000000000000000e+00
FC_Bref_,1.417173599999999922e+01
FC_Cref_,1.088920000000000110e+00
FC_Mach_,1.499999999999999944e-01
FC_Pitch_Rate,0.000000000000000000e+00
FC_Rho_,2.377000000000000206e-03
FC_Roll__Rate,0.000000000000000000e+00
FC_Sref_,1.619368700000000061e+01
FC_Vinf_,5.100000000000000000e+01
FC_Xcg_,1.774861999999999940e+00
FC_Yaw___Rate,0.000000000000000000e+00
FC_Ycg_,0.000000000000000000e+00
FC_Zcg_,7.545150000000000468e-01
S,3.314000000000000279e-02,8.981999999999999706e-02,1.368900000000000117e-01,1.839600000000000124e-01,2.310300000000000131e-01,2.997400000000000064e-01,4.117600000000000149e-01,5.454599999999999449e-01,6.791599999999999859e-01,8.128699999999999815e-01,9.157600000000000184e-01,9.578299999999999592e-01,9.698799999999999644e-01,9.819299999999999695e-01,9.939799999999999747e-01,3.314000000000000279e-02,8.981999999999999706e-02,1.368900000000000117e-01,1.839600000000000124e-01,2.310300000000000131e-01,2.997400000000000064e-01,4.117600000000000149e-01,5.454599999999999449e-01,6.791599999999999859e-01,8.128699999999999815e-01,9.157600000000000184e-01,9.578299999999999592e-01,9.698799999999999644e-01,9.819299999999999695e-01,9.939799999999999747e-01,1.020299999999999957e-01,3.035599999999999965e-01,5.025399999999999867e-01,7.015200000000000324e-01,9.005100000000000326e-01,1.020299999999999957e-01,3.035599999999999965e-01,5.025399999999999867e-01,7.015200000000000324e-01,9.005100000000000326e-01
V/Vref,9.930999999999999828e-01,9.947500000000000231e-01,9.992499999999999716e-01,9.998799999999999910e-01,1.002580000000000027e+00,1.002000000000000002e+00,9.946099999999999941e-01,9.916000000000000369e-01,9.898099999999999676e-01,9.907700000000000395e-01,1.007449999999999957e+00,1.007900000000000018e+00,1.008809999999999985e+00,1.008080000000000087e+00,1.011589999999999989e+00,9.935100000000000042e-01,9.949799999999999756e-01,9.992699999999999916e-01,9.999299999999999855e-01,1.002799999999999914e+00,1.001859999999999973e+00,9.945100000000000051e-01,9.915199999999999569e-01,9.897099999999999786e-01,9.905899999999999705e-01,1.006920000000000037e+00,1.007349999999999968e+00,1.008219999999999894e+00,1.007600000000000051e+00,1.011139999999999928e+00,9.926000000000000378e-01,9.952299999999999480e-01,9.959599999999999564e-01,1.004539999999999988e+00,1.004129999999999967e+00,9.923399999999999999e-01,9.951200000000000045e-01,9.958399999999999475e-01,1.004170000000000007e+00,1.003740000000000077e+00
WingId,1,1,1,1,1,1,1,1,1,1,1,1,1,1,1,2,2,2,2,2,2,2,2,2,2,2,2,2,2,2,3,3,3,3,3,4,4,4,4,4
Xavg,2.391169999999999796e+00,2.380489999999999995e+00,2.369810000000000194e+00,2.359129999999999949e+00,2.348450000000000149e+00,2.336259999999999781e+00,2.322589999999999932e+00,2.308860000000000134e+00,2.295059999999999878e+00,2.281190000000000051e+00,2.284749999999999837e+00,2.305000000000000160e+00,2.325239999999999974e+00,2.345470000000000166e+00,2.365699999999999914e+00,2.391169999999999796e+00,2.380489999999999995e+00,2.369810000000000194e+00,2.359129999999999949e+00,2.348450000000000149e+00,2.336259999999999781e+00,2.322589999999999932e+00,2.308860000000000134e+00,2.295059999999999878e+00,2.281190000000000051e+00,2.284749999999999837e+00,2.305000000000000160e+00,2.325239999999999974e+00,2.345470000000000166e+00,2.365699999999999914e+00,5.722059999999999924e+00,5.820210000000000328e+00,5.918350000000000222e+00,6.016490000000000116e+00,6.114630000000000010e+00,5.722059999999999924e+00,5.820210000000000328e+00,5.918350000000000222e+00,6.016490000000000116e+00,6.114630000000000010e+00
Yavg,1.718899999999999872e-01,5.195499999999999563e-01,8.671900000000000164e-01,1.214790000000000036e+00,1.562359999999999971e+00,2.229140000000000121e+00,3.217070000000000096e+00,4.204979999999999940e+00,5.192870000000000097e+00,6.180740000000000123e+00,6.716649999999999565e+00,6.791660000000000252e+00,6.866660000000000430e+00,6.941650000000000098e+00,7.016610000000000014e+00,-1.718899999999999872e-01,-5.195499999999999563e-01,-8.671900000000000164e-01,-1.214790000000000036e+00,-1.562359999999999971e+00,-2.229140000000000121e+00,-3.217070000000000096e+00,-4.204979999999999940e+00,-5.192870000000000097e+00,-6.180740000000000123e+00,-6.716649999999999565e+00,-6.791660000000000252e+00,-6.866660000000000430e+00,-6.941650000000000098e+00,-7.016610000000000014e+00,1.078800000000000037e-01,3.257399999999999740e-01,5.435900000000000176e-01,7.614400000000000057e-01,9.792699999999999738e-01,-1.078800000000000037e-01,-3.257399999999999740e-01,-5.435900000000000176e-01,-7.614400000000000057e-01,-9.792699999999999738e-01
Zavg,1.027309999999999945e+00,1.024350000000000094e+00,1.021379999999999955e+00,1.018420000000000103e+00,1.015449999999999964e+00,1.037979999999999903e+00,1.086500000000000021e+00,1.135019999999999918e+00,1.183540000000000036e+00,1.232069999999999999e+00,1.270329999999999959e+00,1.298289999999999944e+00,1.326240000000000085e+00,1.354190000000000005e+00,1.382130000000000081e+00,1.027309999999999945e+00,1.024350000000000094e+00,1.021379999999999955e+00,1.018420000000000103e+00,1.015449999999999964e+00,1.037979999999999903e+00,1.086500000000000021e+00,1.135019999999999918e+00,1.183540000000000036e+00,1.232069999999999999e+00,1.270329999999999959e+00,1.298289999999999944e+00,1.326240000000000085e+00,1.354190000000000005e+00,1.382130000000000081e+00,3.777900000000000147e-01,5.956799999999999873e-01,8.135799999999999699e-01,1.031470000000000109e+00,1.249349999999999961e+00,3.777900000000000147e-01,5.956799999999999873e-01,8.135799999999999699e-01,1.031470000000000109e+00,1.249349999999999961e+00
cd,6.325999999999999679e-02,5.018000000000000238e-02,9.306999999999999995e-02,9.016000000000000403e-02,8.798000000000000265e-02,8.599999999999999312e-02,1.144000000000000052e-02,1.740999999999999839e-02,2.803999999999999895e-02,3.887000000000000177e-02,4.742999999999999994e-02,2.001000000000000001e-02,-2.969999999999999984e-03,-8.429999999999999993e-03,-1.154999999999999950e-02,6.354999999999999538e-02,4.943999999999999784e-02,9.148000000000000576e-02,8.863999999999999657e-02,8.656999999999999418e-02,8.418000000000000482e-02,1.060000000000000005e-02,1.688999999999999876e-02,2.743999999999999911e-02,3.772999999999999965e-02,4.537000000000000061e-02,1.820000000000000090e-02,-4.100000000000000346e-03,-8.989999999999999727e-03,-1.184999999999999942e-02,1.216000000000000067e-02,1.112999999999999927e-02,1.260999999999999968e-02,1.744000000000000064e-02,1.257999999999999917e-02,1.199000000000000066e-02,1.107999999999999957e-02,1.261999999999999927e-02,1.703999999999999959e-02,1.203000000000000076e-02
cd*c/cref,1.008307188774198171e-01,7.441931969290672966e-02,1.277109938287477597e-01,1.137250347132938849e-01,1.012264469382507248e-01,9.198332292546741729e-02,1.165043162032105249e-02,1.683937690555779854e-02,2.568668148256988276e-02,3.361984424934797572e-02,3.811404621092458200e-02,1.464769781067479411e-02,-1.961571373470961683e-03,-4.964543217132570685e-03,-5.975681409102595598e-03,1.012929526503324323e-01,7.332186459978692894e-02,1.255291900231421953e-01,1.118077537376482855e-01,9.960415448334125621e-02,9.003669911471916254e-02,1.079498034750027424e-02,1.633642021452448231e-02,2.513703779892002832e-02,3.263382360503985086e-02,3.645866069132718684e-02,1.332274363589611502e-02,-2.707893141828600792e-03,-5.294334937369134936e-03,-6.130893913235130853e-03,1.030605003122359725e-02,8.857330290563125708e-03,9.385007438562978366e-03,1.208429342835102595e-02,8.074203798258822173e-03,1.016196873966866178e-02,8.817539947838223813e-03,9.392449950409578058e-03,1.180713073504022215e-02,7.721198067810306279e-03
cl,1.040720000000000089e+00,1.151529999999999943e+00,1.353329999999999922e+00,1.495880000000000098e+00,1.619490000000000096e+00,1.659759999999999902e+00,1.341609999999999969e+00,1.243589999999999973e+00,1.170840000000000103e+00,1.025179999999999980e+00,8.820700000000000207e-01,8.363800000000000123e-01,8.006199999999999983e-01,7.367700000000000360e-01,6.039099999999999469e-01,1.036459999999999937e+00,1.144900000000000029e+00,1.345699999999999896e+00,1.487209999999999921e+00,1.610020000000000007e+00,1.647559999999999913e+00,1.328470000000000040e+00,1.232250000000000068e+00,1.160009999999999986e+00,1.013400000000000079e+00,8.693499999999999561e-01,8.245200000000000307e-01,7.890300000000000091e-01,7.279400000000000315e-01,5.972699999999999676e-01,1.424700000000000133e-01,1.563700000000000090e-01,1.774699999999999889e-01,1.490400000000000058e-01,8.568000000000000616e-02,1.407400000000000040e-01,1.542800000000000005e-01,1.755899999999999961e-01,1.476000000000000090e-01,8.440999999999999892e-02
cl*c/cref,1.658813559122800596e+00,1.707773599162472511e+00,1.857044367446644362e+00,1.886856753847848900e+00,1.863323693476104381e+00,1.775235349520625450e+00,1.366288073963192851e+00,1.202830598850236798e+00,1.072574684274326895e+00,8.867093369577194739e-01,7.088184006171251994e-01,6.122459517687248720e-01,5.287788798075155894e-01,4.338940102119530628e-01,3.124479445689306023e-01,1.652023504389670272e+00,1.697940994747088705e+00,1.846574453587040310e+00,1.875920684072291289e+00,1.852427871101641532e+00,1.762186552547477802e+00,1.352906371909782024e+00,1.191862274088087315e+00,1.062653615784446837e+00,8.765204569665355772e-01,6.985967968262131178e-01,6.035642078389595877e-01,5.211241282187855095e-01,4.286939014803657910e-01,3.090125744774638306e-01,1.207485976931271382e-01,1.244403178378576946e-01,1.320822577416155275e-01,1.032708195276053342e-01,5.499187451787090897e-02,1.192823586673033842e-01,1.227770815119567926e-01,1.306830655144546605e-01,1.022730338316864412e-01,5.417675219483523985e-02
cmx,1.000500000000000000e-01,3.624999999999999889e-01,7.756100000000000216e-01,1.308629999999999960e+00,1.997740000000000071e+00,3.178380000000000205e+00,3.851960000000000051e+00,4.913009999999999877e+00,6.040409999999999613e+00,6.687700000000000422e+00,6.866159999999999819e+00,7.164719999999999978e+00,7.626859999999999751e+00,7.916310000000000180e+00,7.450940000000000119e+00,-9.965999999999999859e-02,-3.604100000000000081e-01,-7.711799999999999766e-01,-1.300920000000000076e+00,-1.985910000000000064e+00,-3.154490000000000016e+00,-3.813730000000000064e+00,-4.867880000000000429e+00,-5.984140000000000015e+00,-6.609820000000000029e+00,-6.763659999999999783e+00,-7.058130000000000237e+00,-7.511930000000000440e+00,-7.818349999999999689e+00,-7.367180000000000284e+00,-4.105000000000000315e-02,2.911000000000000046e-02,1.288900000000000046e-01,2.032299999999999940e-01,1.825400000000000078e-01,4.053999999999999965e-02,-2.872999999999999859e-02,-1.275199999999999945e-01,-2.009700000000000097e-01,-1.792400000000000104e-01
cmx*c/cref,1.594706516548506647e-01,5.376046908863827412e-01,1.064294874003600011e+00,1.650665396815192532e+00,2.298523779340997830e+00,3.399511092091246134e+00,3.922814386731807712e+00,4.751983178103074579e+00,5.533455338592365713e+00,5.784394967490724682e+00,5.517544582154795485e+00,5.244710317746022810e+00,5.037249240899239311e+00,4.662024094331997937e+00,3.854930185137566578e+00,-1.588490269257613052e-01,-5.345051217720309111e-01,-1.058216011828233549e+00,-1.640940241340043126e+00,-2.284912630588105120e+00,-3.373958980641369010e+00,-3.883881169874737971e+00,-4.708332340667817917e+00,-5.481907921794070049e+00,-5.717034188737463829e+00,-5.435177098776769355e+00,-5.166684425210299025e+00,-4.961342372901590636e+00,-4.604334099842044559e+00,-3.811594853983763187e+00,-3.479139422547111032e-02,2.316593753443779019e-02,9.592653519083127467e-02,1.408194354038864171e-01,1.171593927928589601e-01,3.435915035080629870e-02,-2.286353092972853371e-02,-9.490691106784703013e-02,-1.392534661866803858e-01,-1.150413584101678544e-01
cmy,-1.456399999999999917e-01,-1.918999999999999873e-01,-2.822700000000000209e-01,-3.630999999999999783e-01,-4.472200000000000064e-01,-5.083400000000000141e-01,-3.917100000000000026e-01,-3.801800000000000179e-01,-3.782300000000000106e-01,-3.433499999999999885e-01,-3.351500000000000035e-01,-3.995900000000000007e-01,-4.888299999999999867e-01,-5.624599999999999600e-01,-5.914099999999999913e-01,-1.431000000000000050e-01,-1.883900000000000019e-01,-2.785799999999999943e-01,-3.589899999999999758e-01,-4.429299999999999904e-01,-5.023699999999999832e-01,-3.850500000000000034e-01,-3.745800000000000241e-01,-3.726300000000000168e-01,-3.366399999999999948e-01,-3.270500000000000074e-01,-3.913800000000000057e-01,-4.787399999999999989e-01,-5.540000000000000480e-01,-5.838200000000000056e-01,-5.729199999999999848e-01,-6.829699999999999660e-01,-8.568299999999999805e-01,-8.013599999999999612e-01,-5.189300000000000024e-01,-5.660600000000000076e-01,-6.742099999999999760e-01,-8.481999999999999540e-01,-7.951099999999999834e-01,-5.139099999999999779e-01
cmy*c/cref,-2.321369885758365892e-01,-2.845968004995774736e-01,-3.873319246592955012e-01,-4.580031067479703455e-01,-5.145543487124856208e-01,-5.437070043713035927e-01,-3.989152596150313812e-01,-3.677193746097050520e-01,-3.464862174448076759e-01,-2.969738493185908323e-01,-2.693215810160525803e-01,-2.925074246960290281e-01,-3.228535132975792199e-01,-3.312404481504609421e-01,-3.059807568967416458e-01,-2.280884582889468326e-01,-2.793913040443741780e-01,-3.822684931859089974e-01,-4.528188798993497133e-01,-5.096184376262717919e-01,-5.373216504426403528e-01,-3.921327530948094942e-01,-3.623029179370385600e-01,-3.413562097307423771e-01,-2.911701664034088699e-01,-2.628125408661793339e-01,-2.864975496822539380e-01,-3.161894543217131925e-01,-3.262582375197443096e-01,-3.020538805421885131e-01,-4.855709032803143810e-01,-5.435122074165227302e-01,-6.376967425522535038e-01,-5.552677397788633451e-01,-3.330641158211805619e-01,-4.797567993975682121e-01,-5.365409393711199071e-01,-6.312738548286374041e-01,-5.509370726958821018e-01,-3.298421362450867922e-01
cmz,1.286999999999999950e-02,5.922000000000000181e-02,1.058700000000000058e-01,1.777799999999999936e-01,2.790000000000000258e-01,4.131600000000000272e-01,6.869399999999999951e-01,8.649400000000000421e-01,1.006070000000000020e+00,1.009330000000000060e+00,8.175999999999999934e-01,1.080610000000000070e+00,1.378339999999999899e+00,1.521039999999999948e+00,1.490830000000000100e+00,-1.271000000000000081e-02,-5.879999999999999810e-02,-1.055799999999999933e-01,-1.774300000000000044e-01,-2.782899999999999818e-01,-4.125599999999999823e-01,-6.826299999999999590e-01,-8.587299999999999933e-01,-9.987200000000000522e-01,-1.002539999999999987e+00,-8.194900000000000517e-01,-1.082519999999999927e+00,-1.373469999999999969e+00,-1.512620000000000076e+00,-1.481200000000000072e+00,-5.552799999999999958e-01,-6.500799999999999912e-01,-7.945400000000000240e-01,-7.635600000000000165e-01,-5.093400000000000150e-01,5.485799999999999566e-01,6.419399999999999551e-01,7.861900000000000555e-01,7.531499999999999861e-01,4.991800000000000126e-01
cmz*c/cref,2.051361605994930434e-02,8.782606839804575627e-02,1.452752005656981482e-01,2.242461920067589376e-01,3.210068049076148511e-01,4.419049965103037381e-01,6.995758301803621793e-01,8.365910775814568989e-01,9.216333680160158082e-01,8.730001902802776437e-01,6.570112625353561331e-01,7.910269230981155086e-01,9.103408373434226375e-01,8.957614252654003684e-01,7.713181917863569659e-01,-2.025859053006648716e-02,-8.720318848032911074e-02,-1.448772615068140979e-01,-2.238047128347352976e-01,-3.201899058700362621e-01,-4.412632523968701981e-01,-6.951865504352936487e-01,-8.305846140212320705e-01,-9.149002328913050652e-01,-8.671273129339160946e-01,-6.585300385703265480e-01,-7.924250791610033540e-01,-9.071243886603238549e-01,-8.908027711861292719e-01,-7.663358704037026570e-01,-4.706203504389670500e-01,-5.173381199720823442e-01,-5.913373362597802441e-01,-5.290758652609924839e-01,-3.269089795393600451e-01,4.649418524776842698e-01,5.108602521764683546e-01,5.851228388678690884e-01,5.218627061675787937e-01,3.203880009550746921e-01
cs,2.382000000000000089e-02,3.586000000000000298e-02,4.726000000000000340e-02,4.433000000000000135e-02,4.594000000000000167e-02,-8.902999999999999803e-02,-7.173999999999999821e-02,-5.820000000000000173e-02,-5.489000000000000129e-02,-7.068000000000000671e-02,-2.546100000000000030e-01,-1.992200000000000082e-01,-1.605399999999999883e-01,-1.113200000000000023e-01,-8.279999999999999860e-02,-2.368999999999999925e-02,-3.545000000000000234e-02,-4.667000000000000315e-02,-4.388000000000000234e-02,-4.546999999999999653e-02,8.827999999999999736e-02,7.081999999999999407e-02,5.752999999999999781e-02,5.423999999999999655e-02,6.962000000000000133e-02,2.484399999999999942e-01,1.927200000000000024e-01,1.553200000000000136e-01,1.081600000000000061e-01,8.107999999999999929e-02,-1.366799999999999959e-01,-1.487999999999999878e-01,-1.669200000000000128e-01,-1.453800000000000092e-01,-8.631999999999999396e-02,1.350000000000000089e-01,1.468700000000000006e-01,1.650999999999999968e-01,1.431699999999999917e-01,8.422000000000000319e-02
cs*c/cref,3.796692576130478169e-02,5.318208059361568402e-02,6.485034456158396410e-02,5.591649055945339258e-02,5.285681941740438816e-02,-9.522413069830655552e-02,-7.305961227638393951e-02,-5.629246041949821644e-02,-5.028323632590088466e-02,-6.113327994710355401e-02,-2.046008287110164248e-01,-1.458328014913859438e-01,-1.060305280461374400e-01,-6.555788267273995884e-02,-4.283865114057965051e-02,-3.775971751827498363e-02,-5.257403115013040140e-02,-6.404074440730266049e-02,-5.534887448113726821e-02,-5.231605526576790094e-02,9.442195055651468605e-02,7.212268945377070528e-02,5.564442006758990589e-02,4.968778900194687626e-02,6.021645373397493950e-02,1.996427080042610935e-01,1.410746787642801758e-01,1.025829177533703063e-01,6.369691510854791350e-02,4.194876611688645035e-02,-1.158413584101678634e-01,-1.184160599493075533e-01,-1.242304077434522175e-01,-1.007347808838114783e-01,-5.540264482239281446e-02,1.144174962348014635e-01,1.168801527201263485e-01,1.228758705873709556e-01,9.920345700326928251e-02,5.405480476068029450e-02
cx,-1.364799999999999902e-01,-1.704600000000000004e-01,-1.668699999999999906e-01,-1.969299999999999939e-01,-2.226499999999999868e-01,-2.322700000000000042e-01,-2.447600000000000053e-01,-2.201899999999999968e-01,-1.958799999999999986e-01,-1.574599999999999889e-01,-1.217400000000000010e-01,-1.399499999999999911e-01,-1.556800000000000128e-01,-1.488500000000000101e-01,-1.265699999999999881e-01,-1.353800000000000003e-01,-1.699299999999999977e-01,-1.669700000000000073e-01,-1.967599999999999905e-01,-2.222200000000000009e-01,-2.317400000000000015e-01,-2.430799999999999905e-01,-2.185499999999999943e-01,-1.943999999999999895e-01,-1.563199999999999867e-01,-1.213400000000000034e-01,-1.394600000000000006e-01,-1.545799999999999952e-01,-1.477199999999999902e-01,-1.255900000000000072e-01,-1.524999999999999967e-02,-1.890999999999999973e-02,-2.148999999999999869e-02,-1.132000000000000020e-02,-4.000000000000000083e-03,-1.507999999999999965e-02,-1.856999999999999970e-02,-2.111999999999999988e-02,-1.144000000000000052e-02,-4.290000000000000410e-03
cx*c/cref,-2.175367769900451442e-01,-2.528002637475663672e-01,-2.289796232964772527e-01,-2.484014095617675666e-01,-2.561726348124746533e-01,-2.484298420453292799e-01,-2.492622065900158002e-01,-2.129731419204349274e-01,-1.794403412555559407e-01,-1.361919391690849523e-01,-9.782846269698416974e-02,-1.024460424089923688e-01,-1.028206839804576972e-01,-8.765981706645115112e-02,-6.548415549351649378e-02,-2.157834764721007770e-01,-2.520142486133049031e-01,-2.291168436616096982e-01,-2.481869768210703542e-01,-2.556778931418285383e-01,-2.478629680784630307e-01,-2.475513040443742263e-01,-2.113868938948683107e-01,-1.780845535025529502e-01,-1.352059185247768136e-01,-9.750702861550894496e-02,-1.020873531572567133e-01,-1.020941760643573337e-01,-8.699434448811664555e-02,-6.497712798001688272e-02,-1.292493938948682981e-02,-1.504870761855783487e-02,-1.599395795834404610e-02,-7.843704220695734211e-03,-2.567314403261947067e-03,-1.278085809793189434e-02,-1.477813328802850441e-02,-1.571858502001983321e-02,-7.926853028688975872e-03,-2.753444697498438638e-03
cy,2.382000000000000089e-02,3.586000000000000298e-02,4.726000000000000340e-02,4.433000000000000135e-02,4.594000000000000167e-02,-8.902999999999999803e-02,-7.173999999999999821e-02,-5.820000000000000173e-02,-5.489000000000000129e-02,-7.068000000000000671e-02,-2.546100000000000030e-01,-1.992200000000000082e-01,-1.605399999999999883e-01,-1.113200000000000023e-01,-8.279999999999999860e-02,-2.368999999999999925e-02,-3.545000000000000234e-02,-4.667000000000000315e-02,-4.388000000000000234e-02,-4.546999999999999653e-02,8.827999999999999736e-02,7.081999999999999407e-02,5.752999999999999781e-02,5.423999999999999655e-02,6.962000000000000133e-02,2.484399999999999942e-01,1.927200000000000024e-01,1.553200000000000136e-01,1.081600000000000061e-01,8.107999999999999929e-02,-1.366799999999999959e-01,-1.487999999999999878e-01,-1.669200000000000128e-01,-1.453800000000000092e-01,-8.631999999999999396e-02,1.350000000000000089e-01,1.468700000000000006e-01,1.650999999999999968e-01,1.431699999999999917e-01,8.422000000000000319e-02
cy*c/cref,3.796692576130478169e-02,5.318208059361568402e-02,6.485034456158396410e-02,5.591649055945339258e-02,5.285681941740438816e-02,-9.522413069830655552e-02,-7.305961227638393951e-02,-5.629246041949821644e-02,-5.028323632590088466e-02,-6.113327994710355401e-02,-2.046008287110164248e-01,-1.458328014913859438e-01,-1.060305280461374400e-01,-6.555788267273995884e-02,-4.283865114057965051e-02,-3.775971751827498363e-02,-5.257403115013040140e-02,-6.404074440730266049e-02,-5.534887448113726821e-02,-5.231605526576790094e-02,9.442195055651468605e-02,7.212268945377070528e-02,5.564442006758990589e-02,4.968778900194687626e-02,6.021645373397493950e-02,1.996427080042610935e-01,1.410746787642801758e-01,1.025829177533703063e-01,6.369691510854791350e-02,4.194876611688645035e-02,-1.158413584101678634e-01,-1.184160599493075533e-01,-1.242304077434522175e-01,-1.007347808838114783e-01,-5.540264482239281446e-02,1.144174962348014635e-01,1.168801527201263485e-01,1.228758705873709556e-01,9.920345700326928251e-02,5.405480476068029450e-02
cz,1.033670000000000089e+00,1.139950000000000019e+00,1.346219999999999972e+00,1.485600000000000032e+00,1.606519999999999948e+00,1.645669999999999966e+00,1.319139999999999979e+00,1.224069999999999991e+00,1.154679999999999929e+00,1.013770000000000060e+00,8.749200000000000310e-01,8.248299999999999521e-01,7.853499999999999925e-01,7.216299999999999937e-01,5.906099999999999683e-01,1.029539999999999900e+00,1.133289999999999909e+00,1.338430000000000009e+00,1.476799999999999891e+00,1.596950000000000092e+00,1.633350000000000080e+00,1.306079999999999908e+00,1.212830000000000075e+00,1.143939999999999957e+00,1.001980000000000093e+00,8.620299999999999629e-01,8.128400000000000070e-01,7.737500000000000488e-01,7.128499999999999837e-01,5.840400000000000036e-01,1.421800000000000008e-01,1.556200000000000083e-01,1.766199999999999992e-01,1.496300000000000130e-01,8.649999999999999356e-02,1.404400000000000093e-01,1.535600000000000021e-01,1.747799999999999909e-01,1.481399999999999939e-01,8.515000000000000346e-02
cz*c/cref,1.647576496712338967e+00,1.690599910002571038e+00,1.847287999485728971e+00,1.873889879880982656e+00,1.848400904014986912e+00,1.760165058590162479e+00,1.343404752415237047e+00,1.183950378448370921e+00,1.057770947728023936e+00,8.768404812107408741e-01,7.030727664107555563e-01,6.037911336920984695e-01,5.186936290085588652e-01,4.249778554898430705e-01,3.055668568857215495e-01,1.640993650222238198e+00,1.680722814164492762e+00,1.836598533041913228e+00,1.862789832127244916e+00,1.837390025438048413e+00,1.746987912794328190e+00,1.330104521911618765e+00,1.173078776126804668e+00,1.047932325790691621e+00,8.666429519156595429e-01,6.927145531352164598e-01,5.950142273077910771e-01,5.110322728024097039e-01,4.198071924475626493e-01,3.021677030452190604e-01,1.205028119604745901e-01,1.238434626969841662e-01,1.314496442346544947e-01,1.036796345002387737e-01,5.551817397053960407e-02,1.190280975645593847e-01,1.222041005767182109e-01,1.300802220548800403e-01,1.026472034676560174e-01,5.465170535943870284e-02
Results_Name,VSPAERO_Comp_Load
Results_Timestamp,1759253980
Results_Date,9,30,2025
Results_Time,13,39,40
AoA,1.100000000000000000e+01,1.100000000000000000e+01,1.100000000000000000e+01,1.100000000000000000e+01,1.100000000000000000e+01,1.100000000000000000e+01,1.100000000000000000e+01,1.100000000000000000e+01,1.100000000000000000e+01
Beta,0.000000000000000000e+00,0.000000000000000000e+00,0.000000000000000000e+00,0.000000000000000000e+00,0.000000000000000000e+00,0.000000000000000000e+00,0.000000000000000000e+00,0.000000000000000000e+00,0.000000000000000000e+00
CDi,0.000000000000000000e+00,2.432000000000000134e-02,2.383000000000000049e-02,1.000000000000000021e-03,9.799999999999999684e-04,0.000000000000000000e+00,0.000000000000000000e+00,0.000000000000000000e+00,0.000000000000000000e+00
CFx,0.000000000000000000e+00,-9.898999999999999466e-02,-9.848999999999999422e-02,-1.110000000000000092e-03,-1.100000000000000066e-03,0.000000000000000000e+00,0.000000000000000000e+00,0.000000000000000000e+00,0.000000000000000000e+00
CFy,0.000000000000000000e+00,-1.921000000000000138e-02,1.892999999999999891e-02,-1.052999999999999943e-02,1.038000000000000034e-02,0.000000000000000000e+00,0.000000000000000000e+00,0.000000000000000000e+00,0.000000000000000000e+00
CFz,0.000000000000000000e+00,6.367099999999999982e-01,6.315499999999999448e-01,1.094000000000000007e-02,1.081000000000000016e-02,0.000000000000000000e+00,0.000000000000000000e+00,0.000000000000000000e+00,0.000000000000000000e+00
CL,0.000000000000000000e+00,6.439000000000000279e-01,6.387399999999999745e-01,1.095999999999999926e-02,1.082999999999999935e-02,0.000000000000000000e+00,0.000000000000000000e+00,0.000000000000000000e+00,0.000000000000000000e+00
Cmx,0.000000000000000000e+00,1.338499999999999968e-01,-1.325800000000000034e-01,3.699999999999999947e-04,-3.600000000000000227e-04,-1.000000000000000082e-05,1.000000000000000082e-05,-0.000000000000000000e+00,0.000000000000000000e+00
Cmy,0.000000000000000000e+00,-1.914599999999999913e-01,-1.886700000000000044e-01,-3.923000000000000098e-02,-3.880999999999999728e-02,2.772000000000000158e-02,2.762999999999999831e-02,0.000000000000000000e+00,0.000000000000000000e+00
Cmz,0.000000000000000000e+00,2.129999999999999949e-02,-2.118000000000000091e-02,-2.870000000000000155e-03,2.840000000000000076e-03,6.000000000000000152e-05,-6.000000000000000152e-05,1.000000000000000082e-05,3.000000000000000076e-05
Comp_ID,0,1,2,3,4,5,6,7,8
Comp_Name,NONE,main_wing,main_wing,horizontal_tail,horizontal_tail,fuselage,fuselage,fuselage,fuselage
Cs,0.000000000000000000e+00,-1.921000000000000138e-02,1.892999999999999891e-02,-1.052999999999999943e-02,1.038000000000000034e-02,0.000000000000000000e+00,0.000000000000000000e+00,0.000000000000000000e+00,0.000000000000000000e+00
Mach,1.499999999999999944e-01,1.499999999999999944e-01,1.499999999999999944e-01,1.499999999999999944e-01,1.499999999999999944e-01,1.499999999999999944e-01,1.499999999999999944e-01,1.499999999999999944e-01,1.499999999999999944e-01
Results_Name,VSPAERO_Load
Results_Timestamp,1759253980
Results_Date,9,30,2025
Results_Time,13,39,40
AnalysisMethod,0
Chord,1.735640000000000072e+00,1.614919999999999911e+00,1.494220000000000104e+00,1.373529999999999918e+00,1.252869999999999928e+00,1.164679999999999938e+00,1.108950000000000102e+00,1.053230000000000111e+00,9.975300000000000278e-01,9.418400000000000105e-01,8.750400000000000400e-01,7.971099999999999852e-01,7.191899999999999959e-01,6.412799999999999612e-01,5.633799999999999919e-01,1.735640000000000072e+00,1.614919999999999911e+00,1.494220000000000104e+00,1.373529999999999918e+00,1.252869999999999928e+00,1.164679999999999938e+00,1.108950000000000102e+00,1.053230000000000111e+00,9.975300000000000278e-01,9.418400000000000105e-01,8.750400000000000400e-01,7.971099999999999852e-01,7.191899999999999959e-01,6.412799999999999612e-01,5.633799999999999919e-01,9.229000000000000536e-01,8.665699999999999514e-01,8.104299999999999837e-01,7.545199999999999685e-01,6.988999999999999657e-01,9.229000000000000536e-01,8.665699999999999514e-01,8.104299999999999837e-01,7.545199999999999685e-01,6.988999999999999657e-01
FC_AoA_,1.200000000000000000e+01
FC_Beta_,0.000000000000000000e+00
FC_Bref_,1.417173599999999922e+01
FC_Cref_,1.088920000000000110e+00
FC_Mach_,1.499999999999999944e-01
FC_Pitch_Rate,0.000000000000000000e+00
FC_Rho_,2.377000000000000206e-03
FC_Roll__Rate,0.000000000000000000e+00
FC_Sref_,1.619368700000000061e+01
FC_Vinf_,5.100000000000000000e+01
FC_Xcg_,1.774861999999999940e+00
FC_Yaw___Rate,0.000000000000000000e+00
FC_Ycg_,0.000000000000000000e+00
FC_Zcg_,7.545150000000000468e-01
S,3.314000000000000279e-02,8.981999999999999706e-02,1.368900000000000117e-01,1.839600000000000124e-01,2.310300000000000131e-01,2.997400000000000064e-01,4.117600000000000149e-01,5.454599999999999449e-01,6.791599999999999859e-01,8.128699999999999815e-01,9.157600000000000184e-01,9.578299999999999592e-01,9.698799999999999644e-01,9.819299999999999695e-01,9.939799999999999747e-01,3.314000000000000279e-02,8.981999999999999706e-02,1.368900000000000117e-01,1.839600000000000124e-01,2.310300000000000131e-01,2.997400000000000064e-01,4.117600000000000149e-01,5.454599999999999449e-01,6.791599999999999859e-01,8.128699999999999815e-01,9.157600000000000184e-01,9.578299999999999592e-01,9.698799999999999644e-01,9.819299999999999695e-01,9.939799999999999747e-01,1.020299999999999957e-01,3.035599999999999965e-01,5.025399999999999867e-01,7.015200000000000324e-01,9.005100000000000326e-01,1.020299999999999957e-01,3.035599999999999965e-01,5.025399999999999867e-01,7.015200000000000324e-01,9.005100000000000326e-01
V/Vref,9.905699999999999505e-01,9.924800000000000288e-01,9.974600000000000133e-01,9.980999999999999872e-01,1.000879999999999992e+00,1.000590000000000090e+00,9.926800000000000068e-01,9.894600000000000062e-01,9.871699999999999919e-01,9.885899999999999688e-01,1.006909999999999972e+00,1.007530000000000037e+00,1.008729999999999905e+00,1.007889999999999953e+00,1.011759999999999993e+00,9.909799999999999720e-01,9.926899999999999613e-01,9.974800000000000333e-01,9.980999999999999872e-01,1.000739999999999963e+00,1.000529999999999919e+00,9.926000000000000378e-01,9.893800000000000372e-01,9.870799999999999574e-01,9.884800000000000253e-01,1.006499999999999950e+00,1.007060000000000066e+00,1.008219999999999894e+00,1.007379999999999942e+00,1.011160000000000059e+00,9.932999999999999607e-01,9.949700000000000211e-01,9.957099999999999840e-01,1.003409999999999913e+00,1.005120000000000013e+00,9.930700000000000083e-01,9.948399999999999466e-01,9.955699999999999550e-01,1.003069999999999906e+00,1.004780000000000006e+00
WingId,1,1,1,1,1,1,1,1,1,1,1,1,1,1,1,2,2,2,2,2,2,2,2,2,2,2,2,2,2,2,3,3,3,3,3,4,4,4,4,4
Xavg,2.391169999999999796e+00,2.380489999999999995e+00,2.369810000000000194e+00,2.359129999999999949e+00,2.348450000000000149e+00,2.336259999999999781e+00,2.322589999999999932e+00,2.308860000000000134e+00,2.295059999999999878e+00,2.281190000000000051e+00,2.284749999999999837e+00,2.305000000000000160e+00,2.325239999999999974e+00,2.345470000000000166e+00,2.365699999999999914e+00,2.391169999999999796e+00,2.380489999999999995e+00,2.369810000000000194e+00,2.359129999999999949e+00,2.348450000000000149e+00,2.336259999999999781e+00,2.322589999999999932e+00,2.308860000000000134e+00,2.295059999999999878e+00,2.281190000000000051e+00,2.284749999999999837e+00,2.305000000000000160e+00,2.325239999999999974e+00,2.345470000000000166e+00,2.365699999999999914e+00,5.722059999999999924e+00,5.820210000000000328e+00,5.918350000000000222e+00,6.016490000000000116e+00,6.114630000000000010e+00,5.722059999999999924e+00,5.820210000000000328e+00,5.918350000000000222e+00,6.016490000000000116e+00,6.114630000000000010e+00
Yavg,1.718899999999999872e-01,5.195499999999999563e-01,8.671900000000000164e-01,1.214790000000000036e+00,1.562359999999999971e+00,2.229140000000000121e+00,3.217070000000000096e+00,4.204979999999999940e+00,5.192870000000000097e+00,6.180740000000000123e+00,6.716649999999999565e+00,6.791660000000000252e+00,6.866660000000000430e+00,6.941650000000000098e+00,7.016610000000000014e+00,-1.718899999999999872e-01,-5.195499999999999563e-01,-8.671900000000000164e-01,-1.214790000000000036e+00,-1.562359999999999971e+00,-2.229140000000000121e+00,-3.217070000000000096e+00,-4.204979999999999940e+00,-5.192870000000000097e+00,-6.180740000000000123e+00,-6.716649999999999565e+00,-6.791660000000000252e+00,-6.866660000000000430e+00,-6.941650000000000098e+00,-7.016610000000000014e+00,1.078800000000000037e-01,3.257399999999999740e-01,5.435900000000000176e-01,7.614400000000000057e-01,9.792699999999999738e-01,-1.078800000000000037e-01,-3.257399999999999740e-01,-5.435900000000000176e-01,-7.614400000000000057e-01,-9.792699999999999738e-01
Zavg,1.027309999999999945e+00,1.024350000000000094e+00,1.021379999999999955e+00,1.018420000000000103e+00,1.015449999999999964e+00,1.037979999999999903e+00,1.086500000000000021e+00,1.135019999999999918e+00,1.183540000000000036e+00,1.232069999999999999e+00,1.270329999999999959e+00,1.298289999999999944e+00,1.326240000000000085e+00,1.354190000000000005e+00,1.382130000000000081e+00,1.027309999999999945e+00,1.024350000000000094e+00,1.021379999999999955e+00,1.018420000000000103e+00,1.015449999999999964e+00,1.037979999999999903e+00,1.086500000000000021e+00,1.135019999999999918e+00,1.183540000000000036e+00,1.232069999999999999e+00,1.270329999999999959e+00,1.298289999999999944e+00,1.326240000000000085e+00,1.354190000000000005e+00,1.382130000000000081e+00,3.777900000000000147e-01,5.956799999999999873e-01,8.135799999999999699e-01,1.031470000000000109e+00,1.249349999999999961e+00,3.777900000000000147e-01,5.956799999999999873e-01,8.135799999999999699e-01,1.031470000000000109e+00,1.249349999999999961e+00
cd,7.655000000000000693e-02,5.988000000000000267e-02,1.034700000000000064e-01,9.857000000000000484e-02,9.493000000000000049e-02,9.253000000000000114e-02,1.464999999999999983e-02,2.137999999999999970e-02,3.302999999999999686e-02,4.522999999999999937e-02,5.573999999999999788e-02,2.384000000000000008e-02,-2.579999999999999828e-03,-8.349999999999999784e-03,-1.123999999999999999e-02,7.581000000000000238e-02,5.906000000000000139e-02,1.020800000000000041e-01,9.715999999999999637e-02,9.338000000000000467e-02,9.098000000000000531e-02,1.396000000000000019e-02,2.086999999999999966e-02,3.243000000000000049e-02,4.417999999999999705e-02,5.460000000000000270e-02,2.317999999999999922e-02,-2.579999999999999828e-03,-8.370000000000000703e-03,-1.128999999999999969e-02,1.603999999999999870e-02,1.545000000000000019e-02,1.677999999999999978e-02,2.117000000000000132e-02,2.069999999999999965e-02,1.591000000000000053e-02,1.533999999999999947e-02,1.675000000000000100e-02,2.077999999999999986e-02,1.952999999999999875e-02
cd*c/cref,1.220137769533115452e-01,8.880487969731476472e-02,1.419819118025199556e-01,1.243331485324908892e-01,1.092228530103221268e-01,9.896763802666860843e-02,1.491947755574330424e-02,2.067925779671601211e-02,3.025788478492450612e-02,3.912080152811960032e-02,4.479183925357234364e-02,1.745133012526172561e-02,-1.703991294126289916e-03,-4.917430114241633059e-03,-5.815295154832310007e-03,1.208342838776034905e-01,8.758878081034418561e-02,1.400745487271792267e-01,1.225546181537670032e-01,1.074394818719464906e-01,9.730979906696542170e-02,1.421678543878338030e-02,2.018597334974102722e-02,2.970824110127465514e-02,3.821262461888843415e-02,4.387575212136796132e-02,1.696819766374021640e-02,-1.703991294126289916e-03,-4.929208389964368116e-03,-5.841163905521065160e-03,1.359449362671270520e-02,1.229521590199463520e-02,1.248853487859530320e-02,1.466883554347426719e-02,1.328585203688057575e-02,1.348431381552363771e-02,1.220767714799985207e-02,1.246620734305550413e-02,1.439860191749623396e-02,1.253491257392645546e-02
cl,1.113140000000000018e+00,1.229510000000000103e+00,1.435759999999999925e+00,1.584680000000000089e+00,1.714620000000000033e+00,1.756750000000000034e+00,1.440490000000000048e+00,1.341439999999999966e+00,1.263740000000000085e+00,1.106190000000000007e+00,9.543199999999999461e-01,9.055900000000000061e-01,8.691799999999999526e-01,8.026400000000000201e-01,6.612799999999999789e-01,1.109050000000000091e+00,1.223640000000000061e+00,1.428989999999999982e+00,1.576770000000000005e+00,1.705259999999999998e+00,1.746140000000000025e+00,1.429480000000000084e+00,1.331490000000000062e+00,1.254089999999999927e+00,1.095879999999999965e+00,9.452300000000000146e-01,8.979399999999999604e-01,8.627700000000000369e-01,7.968600000000000128e-01,6.565299999999999470e-01,1.676999999999999880e-01,1.861099999999999977e-01,2.032299999999999940e-01,1.773099999999999954e-01,1.254500000000000060e-01,1.662500000000000089e-01,1.840799999999999936e-01,2.015099999999999947e-01,1.762799999999999923e-01,1.213899999999999979e-01
cl*c/cref,1.774244489586011664e+00,1.823421637218528346e+00,1.970155114425302001e+00,1.998866326635565294e+00,1.972776658891378210e+00,1.878973285457149922e+00,1.466986909506667214e+00,1.297473506961025480e+00,1.157677847959446060e+00,9.567773478308781998e-01,7.668774315835873434e-01,6.629089785291847337e-01,5.740601368328250853e-01,4.726857613047789619e-01,3.421297491092090692e-01,1.767725399478382364e+00,1.814716148844726540e+00,1.960865295705837008e+00,1.988888897347830476e+00,1.962007398339638886e+00,1.867625110384600884e+00,1.455774387466480579e+00,1.287849624122984205e+00,1.148837745380743902e+00,9.478599155126178344e-01,7.595728420820629934e-01,6.573090340888217975e-01,5.698265770671857577e-01,4.692818396209086917e-01,3.396722177937772091e-01,1.421319564338977826e-01,1.481076136906292195e-01,1.512541682584578884e-01,1.228592928773463433e-01,8.051739797230281215e-02,1.409030277706351253e-01,1.464921257759982109e-01,1.499740562208426442e-01,1.221455989420710264e-01,7.791157385299193883e-02
cmx,1.067199999999999954e-01,3.861700000000000133e-01,8.212699999999999445e-01,1.383010000000000073e+00,2.109399999999999942e+00,3.355649999999999800e+00,4.123079999999999856e+00,5.284539999999999793e+00,6.501159999999999606e+00,7.200070000000000192e+00,7.412429999999999630e+00,7.730330000000000368e+00,8.241789999999999949e+00,8.580439999999999401e+00,8.118090000000000472e+00,-1.063199999999999978e-01,-3.843300000000000050e-01,-8.173500000000000210e-01,-1.375960000000000072e+00,-2.097640000000000171e+00,-3.334970000000000212e+00,-4.091149999999999842e+00,-5.245040000000000369e+00,-6.451050000000000395e+00,-7.131999999999999673e+00,-7.340080000000000382e+00,-7.663369999999999571e+00,-8.180609999999999715e+00,-8.518330000000000624e+00,-8.059269999999999712e+00,-4.809000000000000080e-02,3.488000000000000128e-02,1.475200000000000122e-01,2.412600000000000022e-01,2.678300000000000125e-01,4.764999999999999791e-02,-3.452000000000000207e-02,-1.462700000000000111e-01,-2.396199999999999997e-01,-2.586200000000000165e-01
cmx*c/cref,1.701020284318407183e-01,5.727084233919846890e-01,1.126949692723065111e+00,1.744486027715534293e+00,2.426995535025529449e+00,3.589114390405171218e+00,4.198921468978436877e+00,5.111336061602321124e+00,5.955535883995150215e+00,6.227559351283840527e+00,5.956519071373470808e+00,5.658747517081144096e+00,5.443386979851595697e+00,5.053139407118979243e+00,4.200096925577636142e+00,-1.694644646071336580e-01,-5.699796161334165223e-01,-1.121570654409874024e+00,-1.735593375821915085e+00,-2.413464925614369871e+00,-3.566995609962163805e+00,-4.166404136667523517e+00,-5.073130697571906822e+00,-5.909631475682327384e+00,-6.168683539653968317e+00,-5.898379681886639858e+00,-5.609731532803142962e+00,-5.402979930481577320e+00,-5.016561971862027569e+00,-4.169664927267382915e+00,-4.075805476986371634e-02,2.775774308489144943e-02,1.097919347610476354e-01,1.671706784704110327e-01,1.719009541564118226e-01,4.038513848583917543e-02,-2.747125261727215856e-02,-1.088616207802226010e-01,-1.660343114278367560e-01,-1.659897127429011965e-01
cmy,-1.552999999999999936e-01,-2.041199999999999959e-01,-2.968600000000000128e-01,-3.822400000000000242e-01,-4.715900000000000092e-01,-5.374600000000000488e-01,-4.246400000000000174e-01,-4.162100000000000244e-01,-4.152100000000000235e-01,-3.773699999999999832e-01,-3.684999999999999942e-01,-4.401200000000000112e-01,-5.404700000000000060e-01,-6.244899999999999896e-01,-6.596100000000000296e-01,-1.534600000000000131e-01,-2.013999999999999957e-01,-2.938000000000000056e-01,-3.785899999999999821e-01,-4.670500000000000207e-01,-5.321299999999999919e-01,-4.189399999999999791e-01,-4.110800000000000010e-01,-4.099900000000000211e-01,-3.711400000000000254e-01,-3.625900000000000234e-01,-4.347300000000000053e-01,-5.351599999999999691e-01,-6.189000000000000057e-01,-6.540200000000000458e-01,-6.729199999999999626e-01,-8.141899999999999693e-01,-9.819600000000000550e-01,-9.554200000000000470e-01,-7.634499999999999620e-01,-6.673900000000000388e-01,-8.057299999999999462e-01,-9.739600000000000479e-01,-9.498999999999999666e-01,-7.384399999999999853e-01
cmy*c/cref,-2.475341549425118248e-01,-3.027196400102853402e-01,-4.073523759321162618e-01,-4.821457106123497871e-01,-5.425935452558496852e-01,-5.748529853432758907e-01,-4.324509862983506592e-01,-4.025684699518789489e-01,-3.803625898137604211e-01,-3.263987811776805636e-01,-2.961211475590493358e-01,-3.221761499467361567e-01,-3.569597576497813840e-01,-3.677707703045218213e-01,-3.412657328362046494e-01,-2.446013613488594307e-01,-2.986857510193585696e-01,-4.031534327590640676e-01,-4.775417135326744389e-01,-5.373699936634462881e-01,-5.691521584689416269e-01,-4.266461383756381953e-01,-3.976066087499540713e-01,-3.755806897660066701e-01,-3.210102648495757327e-01,-2.913719590052529229e-01,-3.182305681776438355e-01,-3.534527058002424060e-01,-3.644787422400175836e-01,-3.383736065092017298e-01,-5.703246041949820988e-01,-6.479379828637548133e-01,-7.308248932887631000e-01,-6.620169511075193469e-01,-4.900040452925833456e-01,-5.656377245344010873e-01,-6.412054568747014294e-01,-7.248708838114829023e-01,-6.581921059398302409e-01,-4.739519119861880236e-01
cmz,1.455000000000000043e-02,6.733000000000000096e-02,1.230300000000000005e-01,2.091999999999999971e-01,3.299099999999999810e-01,4.935800000000000187e-01,8.031599999999999850e-01,1.014539999999999997e+00,1.186020000000000074e+00,1.193719999999999892e+00,9.773800000000000265e-01,1.285800000000000054e+00,1.635569999999999968e+00,1.802939999999999987e+00,1.762229999999999963e+00,-1.447000000000000022e-02,-6.697999999999999787e-02,-1.227000000000000035e-01,-2.087900000000000034e-01,-3.292599999999999971e-01,-4.927000000000000268e-01,-7.989600000000000035e-01,-1.008610000000000007e+00,-1.178970000000000073e+00,-1.186970000000000081e+00,-9.746099999999999763e-01,-1.280739999999999990e+00,-1.624810000000000088e+00,-1.791439999999999921e+00,-1.751759999999999984e+00,-6.500099999999999767e-01,-7.712299999999999711e-01,-9.080599999999999783e-01,-9.008000000000000451e-01,-7.475600000000000023e-01,6.446699999999999653e-01,7.634100000000000330e-01,9.009700000000000486e-01,8.927500000000000435e-01,7.189799999999999525e-01
cmz*c/cref,2.319138412371891250e-02,9.985358299966938522e-02,1.688222152224222172e-01,2.638784079638540336e-01,3.795819175880688068e-01,5.279200991808397081e-01,8.179336241413509567e-01,9.812878486941188916e-01,1.086480669470668126e+00,1.032484704845167522e+00,7.854081063806339635e-01,9.412298773096278159e-01,1.080231411214781501e+00,1.061776221577342527e+00,9.117337705249235480e-01,-2.306387135877750391e-02,-9.933451640157217599e-02,-1.683693880174852164e-01,-2.633612466480548808e-01,-3.788340522719758074e-01,-5.269788744811372272e-01,-8.136563677772471470e-01,-9.755522079675275071e-01,-1.080022356187782417e+00,-1.026646424714395822e+00,-7.831821753664180985e-01,-9.375258617712961540e-01,-1.073124842871836293e+00,-1.055003713036770208e+00,-9.063168541306980686e-01,-5.509075313154317977e-01,-6.137501203945192607e-01,-6.758247307423869144e-01,-6.241703853359291676e-01,-4.798053888256252897e-01,5.463816836865884596e-01,6.075269107923446654e-01,6.705479898431473407e-01,6.185924861330492908e-01,4.614619274143186289e-01
cs,2.702999999999999847e-02,3.967999999999999999e-02,5.177999999999999964e-02,4.950000000000000233e-02,5.217000000000000109e-02,-9.299000000000000321e-02,-7.592000000000000137e-02,-6.260000000000000286e-02,-5.777000000000000191e-02,-7.638999999999999957e-02,-2.681700000000000195e-01,-2.050400000000000000e-01,-1.617899999999999894e-01,-1.068800000000000028e-01,-7.900000000000000078e-02,-2.687000000000000152e-02,-3.928000000000000241e-02,-5.124999999999999695e-02,-4.907999999999999863e-02,-5.177999999999999964e-02,9.228000000000000091e-02,7.514999999999999458e-02,6.201999999999999874e-02,5.720000000000000084e-02,7.539999999999999480e-02,2.643300000000000094e-01,2.020099999999999951e-01,1.601100000000000023e-01,1.059500000000000025e-01,7.832000000000000073e-02,-1.602300000000000113e-01,-1.762900000000000023e-01,-1.907600000000000129e-01,-1.716000000000000025e-01,-1.263499999999999901e-01,1.588499999999999912e-01,1.744199999999999917e-01,1.892199999999999993e-01,1.701000000000000012e-01,1.216600000000000042e-01
cs*c/cref,4.308337545457884693e-02,5.884732174999080662e-02,7.105270506556955745e-02,6.243776861477426388e-02,6.002482083164969312e-02,-9.945964184696762245e-02,-7.731650075303971026e-02,-6.054824780516475380e-02,-5.292152600742019292e-02,-6.607203247254159195e-02,-2.154974440730264840e-01,-1.500931513793483107e-01,-1.068561052235242059e-01,-6.294310546229289760e-02,-4.087262608823420684e-02,-4.282834992469602975e-02,-5.825410278073687304e-02,-7.032543713036770727e-02,-6.190799360834586818e-02,-5.957610164199388797e-02,9.870024464607131398e-02,7.653233708628731646e-02,5.998725764978143221e-02,5.239936450795282946e-02,6.521575138669506722e-02,2.124116768908643482e-01,1.478751341696359356e-01,1.057465294971163955e-01,6.239541564118575301e-02,4.052081107886712497e-02,-1.358008549755721217e-01,-1.402927903794585485e-01,-1.419733559857473404e-01,-1.189027954303346346e-01,-8.109504371303674630e-02,1.346312539029496935e-01,1.388046315615472093e-01,1.408272091613708976e-01,1.178634353304191251e-01,7.808486757521211630e-02
cx,-1.565600000000000047e-01,-1.970600000000000129e-01,-1.973000000000000032e-01,-2.330500000000000071e-01,-2.636299999999999755e-01,-2.747399999999999842e-01,-2.851699999999999791e-01,-2.579799999999999871e-01,-2.304400000000000059e-01,-1.857499999999999984e-01,-1.438899999999999901e-01,-1.649599999999999955e-01,-1.832300000000000040e-01,-1.750500000000000111e-01,-1.484800000000000009e-01,-1.564300000000000135e-01,-1.966400000000000092e-01,-1.972500000000000087e-01,-2.327899999999999969e-01,-2.631999999999999895e-01,-2.740500000000000158e-01,-2.835500000000000242e-01,-2.564100000000000268e-01,-2.290200000000000014e-01,-1.846299999999999886e-01,-1.431199999999999972e-01,-1.640199999999999991e-01,-1.819099999999999884e-01,-1.738599999999999868e-01,-1.475499999999999867e-01,-1.917999999999999913e-02,-2.358000000000000027e-02,-2.583999999999999839e-02,-1.616000000000000075e-02,-5.839999999999999705e-03,-1.899999999999999953e-02,-2.326999999999999902e-02,-2.552000000000000102e-02,-1.632000000000000117e-02,-6.139999999999999625e-03
cx*c/cref,-2.495424809903390440e-01,-2.922493252029533251e-01,-2.707357804062741069e-01,-2.939620601146089029e-01,-3.033226665870770167e-01,-2.938546295411967324e-01,-2.904155231789295466e-01,-2.495245522168754171e-01,-2.110998174337875843e-01,-1.606608198949417698e-01,-1.156278749586746313e-01,-1.207538346251331302e-01,-1.210164049700620664e-01,-1.030893582632332883e-01,-7.681984204532929517e-02,-2.493352727473092667e-01,-2.916264452852367350e-01,-2.706671702237078980e-01,-2.936341041582484768e-01,-3.028279249164309017e-01,-2.931166238107482114e-01,-2.887657242956323533e-01,-2.480060098997171614e-01,-2.097989940491495897e-01,-1.596920978584285000e-01,-1.150091143518348347e-01,-1.200657368769055405e-01,-1.201445954707416330e-01,-1.023885508577305758e-01,-7.633868328251842972e-02,-1.625575983543327274e-02,-1.876512562906365936e-02,-1.923145061161517580e-02,-1.119737280975645517e-02,-3.748279028762442708e-03,-1.610320317378687027e-02,-1.851842550416926692e-02,-1.899329023252396831e-02,-1.130823788708077739e-02,-3.940827609007088728e-03
cy,2.702999999999999847e-02,3.967999999999999999e-02,5.177999999999999964e-02,4.950000000000000233e-02,5.217000000000000109e-02,-9.299000000000000321e-02,-7.592000000000000137e-02,-6.260000000000000286e-02,-5.777000000000000191e-02,-7.638999999999999957e-02,-2.681700000000000195e-01,-2.050400000000000000e-01,-1.617899999999999894e-01,-1.068800000000000028e-01,-7.900000000000000078e-02,-2.687000000000000152e-02,-3.928000000000000241e-02,-5.124999999999999695e-02,-4.907999999999999863e-02,-5.177999999999999964e-02,9.228000000000000091e-02,7.514999999999999458e-02,6.201999999999999874e-02,5.720000000000000084e-02,7.539999999999999480e-02,2.643300000000000094e-01,2.020099999999999951e-01,1.601100000000000023e-01,1.059500000000000025e-01,7.832000000000000073e-02,-1.602300000000000113e-01,-1.762900000000000023e-01,-1.907600000000000129e-01,-1.716000000000000025e-01,-1.263499999999999901e-01,1.588499999999999912e-01,1.744199999999999917e-01,1.892199999999999993e-01,1.701000000000000012e-01,1.216600000000000042e-01
cy*c/cref,4.308337545457884693e-02,5.884732174999080662e-02,7.105270506556955745e-02,6.243776861477426388e-02,6.002482083164969312e-02,-9.945964184696762245e-02,-7.731650075303971026e-02,-6.054824780516475380e-02,-5.292152600742019292e-02,-6.607203247254159195e-02,-2.154974440730264840e-01,-1.500931513793483107e-01,-1.068561052235242059e-01,-6.294310546229289760e-02,-4.087262608823420684e-02,-4.282834992469602975e-02,-5.825410278073687304e-02,-7.032543713036770727e-02,-6.190799360834586818e-02,-5.957610164199388797e-02,9.870024464607131398e-02,7.653233708628731646e-02,5.998725764978143221e-02,5.239936450795282946e-02,6.521575138669506722e-02,2.124116768908643482e-01,1.478751341696359356e-01,1.057465294971163955e-01,6.239541564118575301e-02,4.052081107886712497e-02,-1.358008549755721217e-01,-1.402927903794585485e-01,-1.419733559857473404e-01,-1.189027954303346346e-01,-8.109504371303674630e-02,1.346312539029496935e-01,1.388046315615472093e-01,1.408272091613708976e-01,1.178634353304191251e-01,7.808486757521211630e-02
cz,1.104729999999999990e+00,1.215090000000000003e+00,1.425899999999999945e+00,1.570549999999999891e+00,1.696890000000000009e+00,1.737600000000000033e+00,1.412060000000000093e+00,1.316570000000000018e+00,1.242990000000000039e+00,1.091420000000000057e+00,9.450600000000000112e-01,8.907500000000000417e-01,8.496500000000000163e-01,7.833599999999999453e-01,6.444900000000000073e-01,1.100579999999999892e+00,1.209179999999999922e+00,1.418989999999999974e+00,1.562510000000000066e+00,1.687410000000000077e+00,1.726900000000000102e+00,1.401149999999999896e+00,1.306740000000000013e+00,1.233419999999999961e+00,1.081120000000000081e+00,9.359199999999999742e-01,8.831400000000000361e-01,8.433800000000000185e-01,7.777100000000000124e-01,6.398300000000000098e-01,1.673699999999999910e-01,1.852600000000000080e-01,2.022799999999999876e-01,1.778399999999999981e-01,1.270199999999999940e-01,1.659200000000000119e-01,1.832499999999999962e-01,2.005899999999999905e-01,1.767499999999999905e-01,1.228000000000000064e-01
cz*c/cref,1.760839710171546058e+00,1.802036093376923498e+00,1.956625186423245122e+00,1.981043181776438455e+00,1.952377194192410403e+00,1.858490952503397464e+00,1.438033957499173399e+00,1.273418635987951353e+00,1.138669337233221723e+00,9.440023259743598461e-01,7.594362325974359784e-01,6.520458183337618507e-01,5.611613190133342144e-01,4.613315035080629012e-01,3.334430226279248566e-01,1.754224985490210331e+00,1.793271283106196545e+00,1.947143259192594567e+00,1.970901774510523952e+00,1.941469866197700123e+00,1.847046515813833611e+00,1.426923274896227278e+00,1.263910820078609998e+00,1.129902520479006522e+00,9.350935429599970261e-01,7.520914638357271143e-01,6.464751546486425804e-01,5.570202238915622495e-01,4.580041406163904982e-01,3.310320550637327885e-01,1.418522692208794012e-01,1.474311778643059012e-01,1.505471296330308795e-01,1.232265334459831663e-01,8.152506887558312598e-02,1.406233405576167161e-01,1.458316060867648478e-01,1.492893451309554309e-01,1.224712651067112190e-01,7.881655218014177455e-02
Results_Name,VSPAERO_Comp_Load
Results_Timestamp,1759253980
Results_Date,9,30,2025
Results_Time,13,39,40
AoA,1.200000000000000000e+01,1.200000000000000000e+01,1.200000000000000000e+01,1.200000000000000000e+01,1.200000000000000000e+01,1.200000000000000000e+01,1.200000000000000000e+01,1.200000000000000000e+01,1.200000000000000000e+01
Beta,0.000000000000000000e+00,0.000000000000000000e+00,0.000000000000000000e+00,0.000000000000000000e+00,0.000000000000000000e+00,0.000000000000000000e+00,0.000000000000000000e+00,0.000000000000000000e+00,0.000000000000000000e+00
CDi,0.000000000000000000e+00,2.758999999999999994e-02,2.710999999999999868e-02,1.360000000000000098e-03,1.330000000000000019e-03,0.000000000000000000e+00,0.000000000000000000e+00,0.000000000000000000e+00,0.000000000000000000e+00
CFx,0.000000000000000000e+00,-1.161800000000000055e-01,-1.157200000000000034e-01,-1.410000000000000012e-03,-1.410000000000000012e-03,0.000000000000000000e+00,0.000000000000000000e+00,0.000000000000000000e+00,0.000000000000000000e+00
CFy,0.000000000000000000e+00,-1.991000000000000061e-02,1.969999999999999876e-02,-1.264999999999999979e-02,1.248999999999999937e-02,0.000000000000000000e+00,0.000000000000000000e+00,0.000000000000000000e+00,0.000000000000000000e+00
CFz,0.000000000000000000e+00,6.792799999999999949e-01,6.747699999999999809e-01,1.319000000000000034e-02,1.303999999999999951e-02,0.000000000000000000e+00,0.000000000000000000e+00,0.000000000000000000e+00,0.000000000000000000e+00
CL,0.000000000000000000e+00,6.885999999999999899e-01,6.840899999999999759e-01,1.319999999999999993e-02,1.303999999999999951e-02,0.000000000000000000e+00,0.000000000000000000e+00,0.000000000000000000e+00,0.000000000000000000e+00
Cmx,0.000000000000000000e+00,1.433500000000000052e-01,-1.422700000000000076e-01,4.699999999999999859e-04,-4.600000000000000139e-04,0.000000000000000000e+00,-0.000000000000000000e+00,-0.000000000000000000e+00,0.000000000000000000e+00
Cmy,0.000000000000000000e+00,-2.058500000000000052e-01,-2.033999999999999975e-01,-4.741000000000000075e-02,-4.685999999999999888e-02,3.039999999999999994e-02,3.031999999999999973e-02,-0.000000000000000000e+00,0.000000000000000000e+00
Cmz,0.000000000000000000e+00,2.509000000000000119e-02,-2.496999999999999914e-02,-3.459999999999999968e-03,3.409999999999999837e-03,6.999999999999999387e-05,-6.999999999999999387e-05,1.000000000000000082e-05,3.000000000000000076e-05
Comp_ID,0,1,2,3,4,5,6,7,8
Comp_Name,NONE,main_wing,main_wing,horizontal_tail,horizontal_tail,fuselage,fuselage,fuselage,fuselage
Cs,0.000000000000000000e+00,-1.991000000000000061e-02,1.969999999999999876e-02,-1.264999999999999979e-02,1.248999999999999937e-02,0.000000000000000000e+00,0.000000000000000000e+00,0.000000000000000000e+00,0.000000000000000000e+00
Mach,1.499999999999999944e-01,1.499999999999999944e-01,1.499999999999999944e-01,1.499999999999999944e-01,1.499999999999999944e-01,1.499999999999999944e-01,1.499999999999999944e-01,1.499999999999999944e-01,1.499999999999999944e-01
Results_Name,VSPAERO_Load
Results_Timestamp,1759253980
Results_Date,9,30,2025
Results_Time,13,39,40
AnalysisMethod,0
Chord,1.735640000000000072e+00,1.614919999999999911e+00,1.494220000000000104e+00,1.373529999999999918e+00,1.252869999999999928e+00,1.164679999999999938e+00,1.108950000000000102e+00,1.053230000000000111e+00,9.975300000000000278e-01,9.418400000000000105e-01,8.750400000000000400e-01,7.971099999999999852e-01,7.191899999999999959e-01,6.412799999999999612e-01,5.633799999999999919e-01,1.735640000000000072e+00,1.614919999999999911e+00,1.494220000000000104e+00,1.373529999999999918e+00,1.252869999999999928e+00,1.164679999999999938e+00,1.108950000000000102e+00,1.053230000000000111e+00,9.975300000000000278e-01,9.418400000000000105e-01,8.750400000000000400e-01,7.971099999999999852e-01,7.191899999999999959e-01,6.412799999999999612e-01,5.633799999999999919e-01,9.229000000000000536e-01,8.665699999999999514e-01,8.104299999999999837e-01,7.545199999999999685e-01,6.988999999999999657e-01,9.229000000000000536e-01,8.665699999999999514e-01,8.104299999999999837e-01,7.545199999999999685e-01,6.988999999999999657e-01
FC_AoA_,1.300000000000000000e+01
FC_Beta_,0.000000000000000000e+00
FC_Bref_,1.417173599999999922e+01
FC_Cref_,1.088920000000000110e+00
FC_Mach_,1.499999999999999944e-01
FC_Pitch_Rate,0.000000000000000000e+00
FC_Rho_,2.377000000000000206e-03
FC_Roll__Rate,0.000000000000000000e+00
FC_Sref_,1.619368700000000061e+01
FC_Vinf_,5.100000000000000000e+01
FC_Xcg_,1.774861999999999940e+00
FC_Yaw___Rate,0.000000000000000000e+00
FC_Ycg_,0.000000000000000000e+00
FC_Zcg_,7.545150000000000468e-01
S,3.314000000000000279e-02,8.981999999999999706e-02,1.368900000000000117e-01,1.839600000000000124e-01,2.310300000000000131e-01,2.997400000000000064e-01,4.117600000000000149e-01,5.454599999999999449e-01,6.791599999999999859e-01,8.128699999999999815e-01,9.157600000000000184e-01,9.578299999999999592e-01,9.698799999999999644e-01,9.819299999999999695e-01,9.939799999999999747e-01,3.314000000000000279e-02,8.981999999999999706e-02,1.368900000000000117e-01,1.839600000000000124e-01,2.310300000000000131e-01,2.997400000000000064e-01,4.117600000000000149e-01,5.454599999999999449e-01,6.791599999999999859e-01,8.128699999999999815e-01,9.157600000000000184e-01,9.578299999999999592e-01,9.698799999999999644e-01,9.819299999999999695e-01,9.939799999999999747e-01,1.020299999999999957e-01,3.035599999999999965e-01,5.025399999999999867e-01,7.015200000000000324e-01,9.005100000000000326e-01,1.020299999999999957e-01,3.035599999999999965e-01,5.025399999999999867e-01,7.015200000000000324e-01,9.005100000000000326e-01
V/Vref,9.879000000000000004e-01,9.900400000000000311e-01,9.954899999999999860e-01,9.961100000000000509e-01,9.992199999999999971e-01,9.988099999999999756e-01,9.904500000000000526e-01,9.868500000000000050e-01,9.837299999999999933e-01,9.869599999999999485e-01,1.006389999999999896e+00,1.007090000000000041e+00,1.008510000000000018e+00,1.007640000000000091e+00,1.011740000000000084e+00,9.882199999999999873e-01,9.901999999999999691e-01,9.954600000000000115e-01,9.960400000000000365e-01,9.989799999999999791e-01,9.987099999999999866e-01,9.903399999999999981e-01,9.867500000000000160e-01,9.836200000000000498e-01,9.867299999999999960e-01,1.005880000000000107e+00,1.006510000000000016e+00,1.007900000000000018e+00,1.007190000000000030e+00,1.011300000000000088e+00,9.931999999999999718e-01,9.954100000000000170e-01,9.951799999999999535e-01,1.002129999999999965e+00,1.005609999999999893e+00,9.930799999999999628e-01,9.953899999999999970e-01,9.951100000000000501e-01,1.001949999999999896e+00,1.005689999999999973e+00
WingId,1,1,1,1,1,1,1,1,1,1,1,1,1,1,1,2,2,2,2,2,2,2,2,2,2,2,2,2,2,2,3,3,3,3,3,4,4,4,4,4
Xavg,2.391169999999999796e+00,2.380489999999999995e+00,2.369810000000000194e+00,2.359129999999999949e+00,2.348450000000000149e+00,2.336259999999999781e+00,2.322589999999999932e+00,2.308860000000000134e+00,2.295059999999999878e+00,2.281190000000000051e+00,2.284749999999999837e+00,2.305000000000000160e+00,2.325239999999999974e+00,2.345470000000000166e+00,2.365699999999999914e+00,2.391169999999999796e+00,2.380489999999999995e+00,2.369810000000000194e+00,2.359129999999999949e+00,2.348450000000000149e+00,2.336259999999999781e+00,2.322589999999999932e+00,2.308860000000000134e+00,2.295059999999999878e+00,2.281190000000000051e+00,2.284749999999999837e+00,2.305000000000000160e+00,2.325239999999999974e+00,2.345470000000000166e+00,2.365699999999999914e+00,5.722059999999999924e+00,5.820210000000000328e+00,5.918350000000000222e+00,6.016490000000000116e+00,6.114630000000000010e+00,5.722059999999999924e+00,5.820210000000000328e+00,5.918350000000000222e+00,6.016490000000000116e+00,6.114630000000000010e+00
Yavg,1.718899999999999872e-01,5.195499999999999563e-01,8.671900000000000164e-01,1.214790000000000036e+00,1.562359999999999971e+00,2.229140000000000121e+00,3.217070000000000096e+00,4.204979999999999940e+00,5.192870000000000097e+00,6.180740000000000123e+00,6.716649999999999565e+00,6.791660000000000252e+00,6.866660000000000430e+00,6.941650000000000098e+00,7.016610000000000014e+00,-1.718899999999999872e-01,-5.195499999999999563e-01,-8.671900000000000164e-01,-1.214790000000000036e+00,-1.562359999999999971e+00,-2.229140000000000121e+00,-3.217070000000000096e+00,-4.204979999999999940e+00,-5.192870000000000097e+00,-6.180740000000000123e+00,-6.716649999999999565e+00,-6.791660000000000252e+00,-6.866660000000000430e+00,-6.941650000000000098e+00,-7.016610000000000014e+00,1.078800000000000037e-01,3.257399999999999740e-01,5.435900000000000176e-01,7.614400000000000057e-01,9.792699999999999738e-01,-1.078800000000000037e-01,-3.257399999999999740e-01,-5.435900000000000176e-01,-7.614400000000000057e-01,-9.792699999999999738e-01
Zavg,1.027309999999999945e+00,1.024350000000000094e+00,1.021379999999999955e+00,1.018420000000000103e+00,1.015449999999999964e+00,1.037979999999999903e+00,1.086500000000000021e+00,1.135019999999999918e+00,1.183540000000000036e+00,1.232069999999999999e+00,1.270329999999999959e+00,1.298289999999999944e+00,1.326240000000000085e+00,1.354190000000000005e+00,1.382130000000000081e+00,1.027309999999999945e+00,1.024350000000000094e+00,1.021379999999999955e+00,1.018420000000000103e+00,1.015449999999999964e+00,1.037979999999999903e+00,1.086500000000000021e+00,1.135019999999999918e+00,1.183540000000000036e+00,1.232069999999999999e+00,1.270329999999999959e+00,1.298289999999999944e+00,1.326240000000000085e+00,1.354190000000000005e+00,1.382130000000000081e+00,3.777900000000000147e-01,5.956799999999999873e-01,8.135799999999999699e-01,1.031470000000000109e+00,1.249349999999999961e+00,3.777900000000000147e-01,5.956799999999999873e-01,8.135799999999999699e-01,1.031470000000000109e+00,1.249349999999999961e+00
cd,8.919000000000000539e-02,6.994999999999999829e-02,1.142800000000000066e-01,1.072700000000000042e-01,1.023400000000000004e-01,9.946000000000000674e-02,1.841999999999999887e-02,2.571000000000000021e-02,3.805000000000000049e-02,5.194000000000000006e-02,6.514999999999999958e-02,2.876000000000000084e-02,-1.110000000000000092e-03,-6.899999999999999883e-03,-8.850000000000000228e-03,8.919000000000000539e-02,6.904000000000000414e-02,1.126299999999999940e-01,1.057000000000000023e-01,1.004899999999999960e-01,9.754000000000000170e-02,1.746999999999999942e-02,2.513999999999999915e-02,3.753999999999999698e-02,5.061999999999999833e-02,6.221000000000000141e-02,2.574999999999999858e-02,-2.880000000000000181e-03,-7.810000000000000102e-03,-9.339999999999999344e-03,2.087999999999999926e-02,1.901999999999999871e-02,2.101000000000000090e-02,2.563000000000000000e-02,2.724999999999999992e-02,2.053999999999999923e-02,1.912000000000000158e-02,2.110000000000000070e-02,2.547999999999999918e-02,2.784000000000000016e-02
cd*c/cref,1.421607938140543037e-01,1.037391672482826793e-01,1.568154332733350531e-01,1.353070593799360621e-01,1.177485176137824385e-01,1.063797825368254651e-01,1.875882433971274091e-02,2.486733947397421277e-02,3.485657027146162740e-02,4.492448444330161827e-02,5.235357602027696650e-02,2.105286302024023462e-02,-7.331125335194504716e-04,-4.063505124343385656e-03,-4.578768871909780908e-03,1.421607938140543037e-01,1.023895940932299797e-01,1.545512972486500491e-01,1.333267099511442344e-01,1.156199778679792567e-01,1.043262013738382871e-01,1.779134968592734067e-02,2.431602156264922945e-02,3.438937314035924592e-02,4.378277632883957604e-02,4.999103552143407958e-02,1.884948618814972360e-02,-1.902129816699114602e-03,-4.599416669727802998e-03,-4.832282628659588172e-03,1.769657275098262400e-02,1.513624637255261800e-02,1.563671738970723313e-02,1.775919957388972376e-02,1.748982937222201550e-02,1.740841016787275305e-02,1.521582705800242352e-02,1.570369999632663383e-02,1.765526356389817211e-02,1.786850824670315266e-02
cl,1.180749999999999966e+00,1.303670000000000107e+00,1.514990000000000059e+00,1.670479999999999965e+00,1.807260000000000089e+00,1.851849999999999996e+00,1.537979999999999903e+00,1.436600000000000099e+00,1.351849999999999996e+00,1.183939999999999992e+00,1.025339999999999918e+00,9.745300000000000074e-01,9.383000000000000229e-01,8.697899999999999521e-01,7.220999999999999641e-01,1.176930000000000032e+00,1.297500000000000098e+00,1.507759999999999989e+00,1.661999999999999922e+00,1.796790000000000109e+00,1.839779999999999971e+00,1.525470000000000104e+00,1.426020000000000065e+00,1.342270000000000074e+00,1.172350000000000003e+00,1.011260000000000048e+00,9.602000000000000535e-01,9.252099999999999769e-01,8.599999999999999867e-01,7.147499999999999964e-01,1.931599999999999984e-01,2.118400000000000005e-01,2.278499999999999970e-01,2.039499999999999924e-01,1.551200000000000079e-01,1.910399999999999876e-01,2.100700000000000067e-01,2.269599999999999951e-01,2.044100000000000084e-01,1.577300000000000091e-01
cl*c/cref,1.882008715057120751e+00,1.933404434118208615e+00,2.078874809719722272e+00,2.107091792234506933e+00,2.079364724865003566e+00,1.980689727436358627e+00,1.566270176872497366e+00,1.389514581420122852e+00,1.238393022903427010e+00,1.024025685633471516e+00,8.239480527495132156e-01,7.133743601917494903e-01,6.197112524336039208e-01,5.122313220438599046e-01,3.735964974470116218e-01,1.875919980531168374e+00,1.924254031517466546e+00,2.068953777320647891e+00,2.096395382580905409e+00,2.067318340465782445e+00,1.967779975021121563e+00,1.553530063273702355e+00,1.379281347206406494e+00,1.229617045421151245e+00,1.014001142416339096e+00,8.126335730815854586e-01,7.028845296256840403e-01,6.110658082320096218e-01,5.064658560775813223e-01,3.697937910957645458e-01,1.637102486867721973e-01,1.685837240568636708e-01,1.695776324247878497e-01,1.413183282518458428e-01,9.956045255849831077e-02,1.619134702273812287e-01,1.671751459244021631e-01,1.689152488704404043e-01,1.416370653491532960e-01,1.012356252066267392e-01
cmx,1.128500000000000059e-01,4.084699999999999998e-01,8.647399999999999531e-01,1.454029999999999934e+00,2.216889999999999805e+00,3.527590000000000003e+00,4.387579999999999814e+00,5.641670000000000407e+00,6.933600000000000207e+00,7.688089999999999868e+00,7.946539999999999715e+00,8.289820000000000633e+00,8.857010000000000716e+00,9.255209999999999937e+00,8.827450000000000685e+00,-1.125000000000000028e-01,-4.065199999999999925e-01,-8.605300000000000171e-01,-1.446490000000000054e+00,-2.203720000000000123e+00,-3.504030000000000200e+00,-4.351270000000000415e+00,-5.599709999999999965e+00,-6.884100000000000108e+00,-7.611509999999999998e+00,-7.831900000000000084e+00,-8.159299999999999997e+00,-8.726250000000000284e+00,-9.146340000000000359e+00,-8.734959999999999170e+00,-5.537000000000000255e-02,4.007999999999999757e-02,1.653100000000000125e-01,2.771500000000000075e-01,3.313300000000000134e-01,5.476999999999999924e-02,-3.966999999999999693e-02,-1.646400000000000086e-01,-2.777100000000000124e-01,-3.370600000000000263e-01
cmx*c/cref,1.798726940454762613e-01,6.057803809278917706e-01,1.186599385446130084e+00,1.834068458564448667e+00,2.550669447066817863e+00,3.773016861844762815e+00,4.468286780479741260e+00,5.456760913657569212e+00,6.351682408257723012e+00,6.649662680086690258e+00,6.385721964515298943e+00,6.068304760863974856e+00,5.849716252709106001e+00,5.450520762590455703e+00,4.567102065349152973e+00,-1.793148256988575662e-01,-6.028884384527787299e-01,-1.180822408074055030e+00,-1.824557735829996474e+00,-2.535516545200748872e+00,-3.747817709657274676e+00,-4.431308880817691254e+00,-5.416176177588803320e+00,-6.306336804356609704e+00,-6.583426310840097884e+00,-6.293598956764500763e+00,-5.972761656503690730e+00,-5.763354275337031041e+00,-5.386405718693750622e+00,-4.519250050325091195e+00,-4.692812419645153027e-02,3.189593872828122567e-02,1.230321633361495803e-01,1.920391011277228777e-01,2.126570703081952507e-01,4.641960199096351741e-02,-3.156965791793703291e-02,-1.225335150424273489e-01,-1.924271288983580019e-01,-2.163347481908679815e-01
cmy,-1.642500000000000071e-01,-2.157799999999999996e-01,-3.109999999999999987e-01,-4.007899999999999796e-01,-4.955100000000000060e-01,-5.664299999999999891e-01,-4.577300000000000257e-01,-4.517300000000000204e-01,-4.505000000000000115e-01,-4.106099999999999750e-01,-4.019800000000000040e-01,-4.813600000000000101e-01,-5.935099999999999820e-01,-6.886700000000000044e-01,-7.331499999999999684e-01,-1.620600000000000096e-01,-2.125900000000000012e-01,-3.075700000000000101e-01,-3.968400000000000261e-01,-4.903699999999999726e-01,-5.604000000000000092e-01,-4.513800000000000034e-01,-4.464699999999999780e-01,-4.455899999999999861e-01,-4.039099999999999913e-01,-3.926899999999999835e-01,-4.708100000000000063e-01,-5.818499999999999783e-01,-6.790899999999999714e-01,-7.245399999999999618e-01,-7.729399999999999604e-01,-9.270599999999999952e-01,-1.101839999999999931e+00,-1.096870000000000012e+00,-9.431699999999999529e-01,-7.637100000000000000e-01,-9.187800000000000411e-01,-1.096950000000000092e+00,-1.098910000000000053e+00,-9.590100000000000291e-01
cmy*c/cref,-2.617996455203320805e-01,-3.200119729640377164e-01,-4.267553355618410871e-01,-5.055441067296034818e-01,-5.701149888880724381e-01,-6.058385302868896094e-01,-4.661496560812548040e-01,-4.369242808470778505e-01,-4.126907991404326626e-01,-3.551490673327700187e-01,-3.230251801785254950e-01,-3.523646086030194358e-01,-3.919906484406567304e-01,-4.055672570987767234e-01,-3.793134913492266502e-01,-2.583089835800609912e-01,-3.152810516842375343e-01,-4.220486770377989694e-01,-5.005616989310508469e-01,-5.642011000808138110e-01,-5.993890019468830488e-01,-4.596828518164786659e-01,-4.318366804723946517e-01,-4.081928816625646772e-01,-3.493540337214854907e-01,-3.155598736362634216e-01,-3.446418094074862881e-01,-3.842896645299929692e-01,-3.999254630275868583e-01,-3.748588924806229294e-01,-6.550952558498327472e-01,-7.377607025309480537e-01,-8.200457253058074381e-01,-7.600286085295521188e-01,-6.053534814311426482e-01,-6.472724892554090337e-01,-7.311714217757043777e-01,-8.164063370128200603e-01,-7.614421382654372739e-01,-6.155200464680600225e-01
cmz,1.635999999999999954e-02,7.587000000000000688e-02,1.411799999999999999e-01,2.424999999999999933e-01,3.835100000000000176e-01,5.786499999999999977e-01,9.265299999999999647e-01,1.173820000000000086e+00,1.375569999999999959e+00,1.387790000000000079e+00,1.146069999999999922e+00,1.501109999999999944e+00,1.904889999999999972e+00,2.094030000000000058e+00,2.038170000000000037e+00,-1.623000000000000137e-02,-7.546999999999999542e-02,-1.408300000000000107e-01,-2.419499999999999984e-01,-3.826600000000000001e-01,-5.775200000000000333e-01,-9.215999999999999748e-01,-1.166900000000000048e+00,-1.367259999999999920e+00,-1.379680000000000017e+00,-1.149710000000000010e+00,-1.507050000000000001e+00,-1.900579999999999936e+00,-2.084260000000000002e+00,-2.026089999999999947e+00,-7.450200000000000156e-01,-8.719099999999999628e-01,-1.015749999999999931e+00,-1.028510000000000035e+00,-9.184700000000000086e-01,7.360200000000000076e-01,8.648200000000000331e-01,1.012140000000000040e+00,1.030250000000000110e+00,9.348600000000000243e-01
cmz*c/cref,2.607636043051830832e-02,1.125188079932410018e-01,1.937277114939573164e-01,3.058819977592476258e-01,4.412520421151231442e-01,6.189087187304851412e-01,9.435729378650404842e-01,1.135347352055247505e+00,1.260122269863718003e+00,1.200341745582779174e+00,9.209648943907724483e-01,1.098840862597803003e+00,1.258106967545824961e+00,1.233203135583881060e+00,1.054498231826029198e+00,-2.586915218748852066e-02,-1.119255890239870405e-01,-1.932474402159938542e-01,-3.051882447746390170e-01,-4.402740643940784571e-01,-6.177001006501854352e-01,-9.385522536090804557e-01,-1.128654159166881055e+00,-1.252509704845167438e+00,-1.193327160121955499e+00,-9.238899445321969717e-01,-1.103189054751496645e+00,-1.255260377438195407e+00,-1.227449447893325329e+00,-1.048248341659625771e+00,-6.314320225544576282e-01,-6.938719545053814164e-01,-7.559731408184254819e-01,-7.126615042427358881e-01,-5.895003149910000850e-01,6.238041894721375602e-01,6.882296839069903527e-01,7.532863940418028648e-01,7.138671619586379746e-01,6.000198857583659562e-01
cs,3.028000000000000136e-02,4.361000000000000293e-02,5.652999999999999692e-02,5.501999999999999946e-02,5.865999999999999687e-02,-9.689000000000000390e-02,-7.993000000000000105e-02,-6.653000000000000580e-02,-6.149999999999999911e-02,-8.329000000000000292e-02,-2.803800000000000181e-01,-2.100799999999999890e-01,-1.628600000000000048e-01,-1.039599999999999969e-01,-7.699000000000000288e-02,-3.014999999999999972e-02,-4.318999999999999923e-02,-5.593999999999999667e-02,-5.451000000000000290e-02,-5.816000000000000336e-02,9.607999999999999874e-02,7.903000000000000302e-02,6.589000000000000412e-02,6.090000000000000274e-02,8.225999999999999979e-02,2.731899999999999884e-01,2.014799999999999924e-01,1.562500000000000000e-01,1.003899999999999931e-01,7.531000000000000194e-02,-1.841299999999999881e-01,-1.991300000000000014e-01,-2.133500000000000119e-01,-1.967599999999999905e-01,-1.559800000000000075e-01,1.820499999999999896e-01,1.976700000000000124e-01,2.127199999999999924e-01,1.971700000000000119e-01,1.587399999999999922e-01
cs*c/cref,4.826358153032362514e-02,6.467569812291076858e-02,7.757067240935973385e-02,6.940052584211878206e-02,6.749196837233220614e-02,-1.036309785842853270e-01,-8.140026218638650446e-02,-6.434943972008963509e-02,-5.633847757411011847e-02,-7.204005216177496174e-02,-2.253092194100576873e-01,-1.537825265400580010e-01,-1.075627992873672972e-01,-6.122347720677367294e-02,-3.983270231054622523e-02,-4.805637328729382707e-02,-6.405281820519412306e-02,-7.676107225507843024e-02,-6.875722762002717259e-02,-6.691668735995297268e-02,1.027646240311501091e-01,8.048370725122139246e-02,6.373041610035631854e-02,5.578883389046027097e-02,7.114917386033867142e-02,2.195314417955405162e-01,1.474871641626565588e-01,1.031971471733460488e-01,5.912105499026557021e-02,3.896351228740402295e-02,-1.560569894941777058e-01,-1.584690189361936397e-01,-1.587859902472174289e-01,-1.363363288395841588e-01,-1.001124251551996358e-01,1.542941125151525983e-01,1.573071409286265210e-01,1.583171120008815824e-01,1.366204206002277488e-01,1.018838720934503589e-01
cx,-1.786999999999999977e-01,-2.251100000000000045e-01,-2.294499999999999873e-01,-2.712600000000000011e-01,-3.068199999999999816e-01,-3.196700000000000097e-01,-3.280199999999999783e-01,-2.981099999999999861e-01,-2.670299999999999896e-01,-2.157199999999999951e-01,-1.671700000000000130e-01,-1.912000000000000088e-01,-2.121500000000000052e-01,-2.023899999999999866e-01,-1.710599999999999898e-01,-1.778500000000000081e-01,-2.245999999999999941e-01,-2.294299999999999951e-01,-2.708800000000000097e-01,-3.062799999999999967e-01,-3.188199999999999923e-01,-3.261299999999999755e-01,-2.962899999999999978e-01,-2.653599999999999848e-01,-2.144000000000000072e-01,-1.668600000000000083e-01,-1.909099999999999964e-01,-2.109300000000000064e-01,-2.010599999999999887e-01,-1.698900000000000132e-01,-2.310999999999999860e-02,-2.912000000000000005e-02,-3.077999999999999833e-02,-2.091000000000000150e-02,-8.349999999999999784e-03,-2.296000000000000124e-02,-2.862999999999999920e-02,-3.049999999999999933e-02,-2.116000000000000172e-02,-8.349999999999999784e-03
cx*c/cref,-2.848316386878742001e-01,-3.338488054218858303e-01,-3.148521277963486908e-01,-3.421589720089629472e-01,-3.530154404363956000e-01,-3.419105679021415267e-01,-3.340537220365131788e-01,-2.883392676229658558e-01,-2.446189214083678842e-01,-1.865827836755684366e-01,-1.343353385005326417e-01,-1.399620100650185439e-01,-1.401169585460823319e-01,-1.191902611762112596e-01,-8.850216985637142375e-02,-2.834768155603717421e-01,-3.330924512360870504e-01,-3.148246837233221740e-01,-3.416796517650515508e-01,-3.523941369430260151e-01,-3.410014304081107062e-01,-3.321289566726664533e-01,-2.865789192043492473e-01,-2.430890798222091198e-01,-1.854410755611063943e-01,-1.340862270873893480e-01,-1.397497245895014950e-01,-1.393111952209528659e-01,-1.184070058406494208e-01,-8.789684109025455716e-02,-1.958658028137971394e-02,-2.317389560298277126e-02,-2.290805146383572202e-02,-1.448867979282224619e-02,-5.359268816809314127e-03,-1.945944973000771419e-02,-2.278395024427873339e-02,-2.269966113213091677e-02,-1.466190647614149835e-02,-5.359268816809314127e-03
cy,3.028000000000000136e-02,4.361000000000000293e-02,5.652999999999999692e-02,5.501999999999999946e-02,5.865999999999999687e-02,-9.689000000000000390e-02,-7.993000000000000105e-02,-6.653000000000000580e-02,-6.149999999999999911e-02,-8.329000000000000292e-02,-2.803800000000000181e-01,-2.100799999999999890e-01,-1.628600000000000048e-01,-1.039599999999999969e-01,-7.699000000000000288e-02,-3.014999999999999972e-02,-4.318999999999999923e-02,-5.593999999999999667e-02,-5.451000000000000290e-02,-5.816000000000000336e-02,9.607999999999999874e-02,7.903000000000000302e-02,6.589000000000000412e-02,6.090000000000000274e-02,8.225999999999999979e-02,2.731899999999999884e-01,2.014799999999999924e-01,1.562500000000000000e-01,1.003899999999999931e-01,7.531000000000000194e-02,-1.841299999999999881e-01,-1.991300000000000014e-01,-2.133500000000000119e-01,-1.967599999999999905e-01,-1.559800000000000075e-01,1.820499999999999896e-01,1.976700000000000124e-01,2.127199999999999924e-01,1.971700000000000119e-01,1.587399999999999922e-01
cy*c/cref,4.826358153032362514e-02,6.467569812291076858e-02,7.757067240935973385e-02,6.940052584211878206e-02,6.749196837233220614e-02,-1.036309785842853270e-01,-8.140026218638650446e-02,-6.434943972008963509e-02,-5.633847757411011847e-02,-7.204005216177496174e-02,-2.253092194100576873e-01,-1.537825265400580010e-01,-1.075627992873672972e-01,-6.122347720677367294e-02,-3.983270231054622523e-02,-4.805637328729382707e-02,-6.405281820519412306e-02,-7.676107225507843024e-02,-6.875722762002717259e-02,-6.691668735995297268e-02,1.027646240311501091e-01,8.048370725122139246e-02,6.373041610035631854e-02,5.578883389046027097e-02,7.114917386033867142e-02,2.195314417955405162e-01,1.474871641626565588e-01,1.031971471733460488e-01,5.912105499026557021e-02,3.896351228740402295e-02,-1.560569894941777058e-01,-1.584690189361936397e-01,-1.587859902472174289e-01,-1.363363288395841588e-01,-1.001124251551996358e-01,1.542941125151525983e-01,1.573071409286265210e-01,1.583171120008815824e-01,1.366204206002277488e-01,1.018838720934503589e-01
cz,1.170549999999999979e+00,1.285989999999999966e+00,1.501870000000000038e+00,1.651799999999999935e+00,1.783959999999999990e+00,1.826759999999999939e+00,1.502699999999999925e+00,1.405569999999999986e+00,1.325760000000000050e+00,1.165280000000000094e+00,1.013719999999999954e+00,9.560199999999999809e-01,9.140000000000000346e-01,8.459499999999999797e-01,7.016099999999999559e-01,1.166830000000000034e+00,1.279779999999999918e+00,1.494450000000000056e+00,1.643180000000000085e+00,1.773339999999999916e+00,1.814570000000000016e+00,1.490299999999999958e+00,1.395129999999999981e+00,1.316310000000000091e+00,1.153690000000000104e+00,9.993300000000000516e-01,9.413799999999999946e-01,9.008500000000000396e-01,8.362000000000000544e-01,6.943300000000000027e-01,1.929099999999999981e-01,2.106899999999999884e-01,2.267399999999999971e-01,2.044799999999999951e-01,1.572699999999999931e-01,1.907600000000000129e-01,2.089900000000000091e-01,2.258900000000000075e-01,2.048999999999999988e-01,1.599500000000000088e-01
cz*c/cref,1.865750837527091033e+00,1.907184155677184245e+00,2.060871497814348086e+00,2.083529418139073108e+00,2.052556629688131018e+00,1.953854127759614645e+00,1.530341223414024787e+00,1.359501608107115178e+00,1.214492683392719208e+00,1.007886084560849271e+00,8.146103926826580022e-01,6.998246907027144692e-01,6.036620321052050819e-01,4.981916173823603966e-01,3.629954834147594567e-01,1.859821493957315441e+00,1.897974431179516808e+00,2.050689746721522599e+00,2.072656416816661906e+00,2.040337660985195978e+00,1.940816026521690940e+00,1.517713133196194164e+00,1.349403785310215653e+00,1.205835795375234110e+00,9.978615413437167403e-01,8.030468016015869237e-01,6.891079342835101373e-01,5.949769601990962942e-01,4.924497079675274058e-01,3.592289933144766634e-01,1.634983644344855380e-01,1.676685461741909133e-01,1.687515136098152180e-01,1.416855688204826658e-01,1.009403840502516025e-01,1.616761598648202014e-01,1.663156745215442767e-01,1.681189001028541852e-01,1.419765896484590229e-01,1.026604847004371074e-01
Results_Name,VSPAERO_Comp_Load
Results_Timestamp,1759253980
Results_Date,9,30,2025
Results_Time,13,39,40
AoA,1.300000000000000000e+01,1.300000000000000000e+01,1.300000000000000000e+01,1.300000000000000000e+01,1.300000000000000000e+01,1.300000000000000000e+01,1.300000000000000000e+01,1.300000000000000000e+01,1.300000000000000000e+01
Beta,0.000000000000000000e+00,0.000000000000000000e+00,0.000000000000000000e+00,0.000000000000000000e+00,0.000000000000000000e+00,0.000000000000000000e+00,0.000000000000000000e+00,0.000000000000000000e+00,0.000000000000000000e+00
CDi,0.000000000000000000e+00,3.100999999999999937e-02,3.045000000000000137e-02,1.719999999999999958e-03,1.719999999999999958e-03,0.000000000000000000e+00,0.000000000000000000e+00,0.000000000000000000e+00,0.000000000000000000e+00
CFx,0.000000000000000000e+00,-1.344200000000000117e-01,-1.338399999999999868e-01,-1.750000000000000036e-03,-1.740000000000000010e-03,0.000000000000000000e+00,0.000000000000000000e+00,0.000000000000000000e+00,0.000000000000000000e+00
CFy,0.000000000000000000e+00,-2.065000000000000169e-02,2.035000000000000003e-02,-1.452999999999999951e-02,1.450000000000000074e-02,0.000000000000000000e+00,0.000000000000000000e+00,0.000000000000000000e+00,0.000000000000000000e+00
CFz,0.000000000000000000e+00,7.200600000000000334e-01,7.150800000000000489e-01,1.519999999999999997e-02,1.515999999999999986e-02,0.000000000000000000e+00,0.000000000000000000e+00,0.000000000000000000e+00,0.000000000000000000e+00
CL,0.000000000000000000e+00,7.318400000000000460e-01,7.268599999999999506e-01,1.519999999999999997e-02,1.515999999999999986e-02,0.000000000000000000e+00,0.000000000000000000e+00,0.000000000000000000e+00,0.000000000000000000e+00
Cmx,0.000000000000000000e+00,1.524699999999999944e-01,-1.512499999999999956e-01,5.500000000000000331e-04,-5.500000000000000331e-04,1.000000000000000082e-05,-1.000000000000000082e-05,-0.000000000000000000e+00,0.000000000000000000e+00
Cmy,0.000000000000000000e+00,-2.199500000000000066e-01,-2.172499999999999987e-01,-5.460999999999999882e-02,-5.446999999999999759e-02,3.305000000000000299e-02,3.296999999999999931e-02,0.000000000000000000e+00,0.000000000000000000e+00
Cmz,0.000000000000000000e+00,2.910000000000000087e-02,-2.895999999999999963e-02,-3.969999999999999571e-03,3.959999999999999978e-03,8.000000000000000654e-05,-8.000000000000000654e-05,1.000000000000000082e-05,2.000000000000000164e-05
Comp_ID,0,1,2,3,4,5,6,7,8
Comp_Name,NONE,main_wing,main_wing,horizontal_tail,horizontal_tail,fuselage,fuselage,fuselage,fuselage
Cs,0.000000000000000000e+00,-2.065000000000000169e-02,2.035000000000000003e-02,-1.452999999999999951e-02,1.450000000000000074e-02,0.000000000000000000e+00,0.000000000000000000e+00,0.000000000000000000e+00,0.000000000000000000e+00
Mach,1.499999999999999944e-01,1.499999999999999944e-01,1.499999999999999944e-01,1.499999999999999944e-01,1.499999999999999944e-01,1.499999999999999944e-01,1.499999999999999944e-01,1.499999999999999944e-01,1.499999999999999944e-01
Results_Name,VSPAERO_Load
Results_Timestamp,1759253980
Results_Date,9,30,2025
Results_Time,13,39,40
AnalysisMethod,0
Chord,1.735640000000000072e+00,1.614919999999999911e+00,1.494220000000000104e+00,1.373529999999999918e+00,1.252869999999999928e+00,1.164679999999999938e+00,1.108950000000000102e+00,1.053230000000000111e+00,9.975300000000000278e-01,9.418400000000000105e-01,8.750400000000000400e-01,7.971099999999999852e-01,7.191899999999999959e-01,6.412799999999999612e-01,5.633799999999999919e-01,1.735640000000000072e+00,1.614919999999999911e+00,1.494220000000000104e+00,1.373529999999999918e+00,1.252869999999999928e+00,1.164679999999999938e+00,1.108950000000000102e+00,1.053230000000000111e+00,9.975300000000000278e-01,9.418400000000000105e-01,8.750400000000000400e-01,7.971099999999999852e-01,7.191899999999999959e-01,6.412799999999999612e-01,5.633799999999999919e-01,9.229000000000000536e-01,8.665699999999999514e-01,8.104299999999999837e-01,7.545199999999999685e-01,6.988999999999999657e-01,9.229000000000000536e-01,8.665699999999999514e-01,8.104299999999999837e-01,7.545199999999999685e-01,6.988999999999999657e-01
FC_AoA_,1.400000000000000000e+01
FC_Beta_,0.000000000000000000e+00
FC_Bref_,1.417173599999999922e+01
FC_Cref_,1.088920000000000110e+00
FC_Mach_,1.499999999999999944e-01
FC_Pitch_Rate,0.000000000000000000e+00
FC_Rho_,2.377000000000000206e-03
FC_Roll__Rate,0.000000000000000000e+00
FC_Sref_,1.619368700000000061e+01
FC_Vinf_,5.100000000000000000e+01
FC_Xcg_,1.774861999999999940e+00
FC_Yaw___Rate,0.000000000000000000e+00
FC_Ycg_,0.000000000000000000e+00
FC_Zcg_,7.545150000000000468e-01
S,3.314000000000000279e-02,8.981999999999999706e-02,1.368900000000000117e-01,1.839600000000000124e-01,2.310300000000000131e-01,2.997400000000000064e-01,4.117600000000000149e-01,5.454599999999999449e-01,6.791599999999999859e-01,8.128699999999999815e-01,9.157600000000000184e-01,9.578299999999999592e-01,9.698799999999999644e-01,9.819299999999999695e-01,9.939799999999999747e-01,3.314000000000000279e-02,8.981999999999999706e-02,1.368900000000000117e-01,1.839600000000000124e-01,2.310300000000000131e-01,2.997400000000000064e-01,4.117600000000000149e-01,5.454599999999999449e-01,6.791599999999999859e-01,8.128699999999999815e-01,9.157600000000000184e-01,9.578299999999999592e-01,9.698799999999999644e-01,9.819299999999999695e-01,9.939799999999999747e-01,1.020299999999999957e-01,3.035599999999999965e-01,5.025399999999999867e-01,7.015200000000000324e-01,9.005100000000000326e-01,1.020299999999999957e-01,3.035599999999999965e-01,5.025399999999999867e-01,7.015200000000000324e-01,9.005100000000000326e-01
V/Vref,9.849599999999999467e-01,9.873800000000000354e-01,9.933300000000000463e-01,9.940700000000000092e-01,9.979700000000000237e-01,9.966199999999999504e-01,9.879700000000000149e-01,9.841900000000000093e-01,9.815700000000000536e-01,9.826300000000000034e-01,1.003149999999999986e+00,1.003100000000000103e+00,1.003400000000000070e+00,1.000140000000000029e+00,1.003249999999999975e+00,9.853300000000000392e-01,9.875899999999999679e-01,9.934100000000000152e-01,9.941699999999999982e-01,9.978900000000000547e-01,9.965199999999999614e-01,9.878900000000000459e-01,9.841100000000000403e-01,9.814699999999999536e-01,9.823800000000000310e-01,1.002089999999999925e+00,1.001970000000000027e+00,1.002110000000000056e+00,1.000129999999999963e+00,1.004299999999999971e+00,9.929000000000000048e-01,9.955699999999999550e-01,9.946899999999999631e-01,1.001169999999999893e+00,1.003460000000000019e+00,9.927200000000000468e-01,9.955199999999999605e-01,9.946099999999999941e-01,1.001020000000000021e+00,1.003400000000000070e+00
WingId,1,1,1,1,1,1,1,1,1,1,1,1,1,1,1,2,2,2,2,2,2,2,2,2,2,2,2,2,2,2,3,3,3,3,3,4,4,4,4,4
Xavg,2.391169999999999796e+00,2.380489999999999995e+00,2.369810000000000194e+00,2.359129999999999949e+00,2.348450000000000149e+00,2.336259999999999781e+00,2.322589999999999932e+00,2.308860000000000134e+00,2.295059999999999878e+00,2.281190000000000051e+00,2.284749999999999837e+00,2.305000000000000160e+00,2.325239999999999974e+00,2.345470000000000166e+00,2.365699999999999914e+00,2.391169999999999796e+00,2.380489999999999995e+00,2.369810000000000194e+00,2.359129999999999949e+00,2.348450000000000149e+00,2.336259999999999781e+00,2.322589999999999932e+00,2.308860000000000134e+00,2.295059999999999878e+00,2.281190000000000051e+00,2.284749999999999837e+00,2.305000000000000160e+00,2.325239999999999974e+00,2.345470000000000166e+00,2.365699999999999914e+00,5.722059999999999924e+00,5.820210000000000328e+00,5.918350000000000222e+00,6.016490000000000116e+00,6.114630000000000010e+00,5.722059999999999924e+00,5.820210000000000328e+00,5.918350000000000222e+00,6.016490000000000116e+00,6.114630000000000010e+00
Yavg,1.718899999999999872e-01,5.195499999999999563e-01,8.671900000000000164e-01,1.214790000000000036e+00,1.562359999999999971e+00,2.229140000000000121e+00,3.217070000000000096e+00,4.204979999999999940e+00,5.192870000000000097e+00,6.180740000000000123e+00,6.716649999999999565e+00,6.791660000000000252e+00,6.866660000000000430e+00,6.941650000000000098e+00,7.016610000000000014e+00,-1.718899999999999872e-01,-5.195499999999999563e-01,-8.671900000000000164e-01,-1.214790000000000036e+00,-1.562359999999999971e+00,-2.229140000000000121e+00,-3.217070000000000096e+00,-4.204979999999999940e+00,-5.192870000000000097e+00,-6.180740000000000123e+00,-6.716649999999999565e+00,-6.791660000000000252e+00,-6.866660000000000430e+00,-6.941650000000000098e+00,-7.016610000000000014e+00,1.078800000000000037e-01,3.257399999999999740e-01,5.435900000000000176e-01,7.614400000000000057e-01,9.792699999999999738e-01,-1.078800000000000037e-01,-3.257399999999999740e-01,-5.435900000000000176e-01,-7.614400000000000057e-01,-9.792699999999999738e-01
Zavg,1.027309999999999945e+00,1.024350000000000094e+00,1.021379999999999955e+00,1.018420000000000103e+00,1.015449999999999964e+00,1.037979999999999903e+00,1.086500000000000021e+00,1.135019999999999918e+00,1.183540000000000036e+00,1.232069999999999999e+00,1.270329999999999959e+00,1.298289999999999944e+00,1.326240000000000085e+00,1.354190000000000005e+00,1.382130000000000081e+00,1.027309999999999945e+00,1.024350000000000094e+00,1.021379999999999955e+00,1.018420000000000103e+00,1.015449999999999964e+00,1.037979999999999903e+00,1.086500000000000021e+00,1.135019999999999918e+00,1.183540000000000036e+00,1.232069999999999999e+00,1.270329999999999959e+00,1.298289999999999944e+00,1.326240000000000085e+00,1.354190000000000005e+00,1.382130000000000081e+00,3.777900000000000147e-01,5.956799999999999873e-01,8.135799999999999699e-01,1.031470000000000109e+00,1.249349999999999961e+00,3.777900000000000147e-01,5.956799999999999873e-01,8.135799999999999699e-01,1.031470000000000109e+00,1.249349999999999961e+00
cd,1.045699999999999963e-01,8.107000000000000317e-02,1.256700000000000039e-01,1.163799999999999973e-01,1.106100000000000000e-01,1.065600000000000019e-01,2.227000000000000160e-02,3.029000000000000095e-02,4.512000000000000038e-02,5.997000000000000247e-02,7.247000000000000663e-02,2.880999999999999880e-02,-7.660000000000000142e-03,-2.205000000000000016e-02,-3.497999999999999721e-02,1.038300000000000056e-01,8.039999999999999925e-02,1.246400000000000008e-01,1.153300000000000020e-01,1.094299999999999995e-01,1.052499999999999963e-01,2.157999999999999849e-02,2.976000000000000173e-02,4.447999999999999871e-02,5.906999999999999751e-02,7.199999999999999456e-02,2.891000000000000167e-02,-6.839999999999999726e-03,-1.932999999999999996e-02,-3.289999999999999869e-02,2.640999999999999945e-02,2.369999999999999885e-02,2.580999999999999961e-02,2.867000000000000104e-02,2.564999999999999919e-02,2.624999999999999903e-02,2.355000000000000149e-02,2.569000000000000103e-02,2.878000000000000003e-02,2.564999999999999919e-02
cd*c/cref,1.666751228740403212e-01,1.202306545935422077e-01,1.724448328619182513e-01,1.467981315431803602e-01,1.272636655585350218e-01,1.139737545457884665e-01,2.267964267347463703e-02,2.929722725269073846e-02,4.133320501046908180e-02,5.186987547294566459e-02,5.823581971127355511e-02,2.108946396429489320e-02,-5.059136943026116932e-03,-1.298554898431473169e-02,-1.809777798185357306e-02,1.654956297983322944e-01,1.192370128200418572e-01,1.710314631010542707e-01,1.454736940271094126e-01,1.259060023693200359e-01,1.125726132314586736e-01,2.197695055651470789e-02,2.878459831759909091e-02,4.074691841457590141e-02,5.109143812217609160e-02,5.785813466554016321e-02,2.116266585240421383e-02,-4.517558314660396340e-03,-1.138370348602284546e-02,-1.702163795320133302e-02,2.238345241156374996e-02,1.886062245160342182e-02,1.920912307607537672e-02,1.986563604305183195e-02,1.646290361091723442e-02,2.224784649010028148e-02,1.874125142342871614e-02,1.911981293391617348e-02,1.994185578371230130e-02,1.646290361091723442e-02
cl,1.251959999999999962e+00,1.380579999999999918e+00,1.596279999999999921e+00,1.758229999999999960e+00,1.902660000000000018e+00,1.947950000000000070e+00,1.635809999999999986e+00,1.532829999999999915e+00,1.447230000000000016e+00,1.263249999999999984e+00,1.085620000000000029e+00,1.024010000000000087e+00,9.756700000000000372e-01,8.804400000000000004e-01,6.966099999999999515e-01,1.248830000000000107e+00,1.376309999999999922e+00,1.591350000000000042e+00,1.752510000000000012e+00,1.895780000000000021e+00,1.939789999999999903e+00,1.626980000000000093e+00,1.524759999999999893e+00,1.439729999999999954e+00,1.256459999999999910e+00,1.081509999999999971e+00,1.021670000000000078e+00,9.760600000000000387e-01,8.874999999999999556e-01,7.039400000000000102e-01,2.171899999999999942e-01,2.378200000000000036e-01,2.487800000000000011e-01,2.216100000000000014e-01,1.558499999999999885e-01,2.154000000000000081e-01,2.363500000000000045e-01,2.477300000000000058e-01,2.210000000000000020e-01,1.564500000000000057e-01
cl*c/cref,1.995511014950593021e+00,2.047465611431509735e+00,2.190421244535870393e+00,2.217776927506152518e+00,2.189128342026962049e+00,2.083475742937956454e+00,1.665899698324945666e+00,1.482590585993461385e+00,1.325768047147632300e+00,1.092623314844065607e+00,8.723881688278294355e-01,7.495946544282408031e-01,6.443927077287586735e-01,5.185032538662159851e-01,3.604086083458838963e-01,1.990522078022260555e+00,2.041132998934723997e+00,2.183656280534842065e+00,2.210561896466222809e+00,2.181212475296623765e+00,2.074748022995260843e+00,1.656907276016603703e+00,1.474785085038386567e+00,1.318897501102009207e+00,1.086750437497703947e+00,8.690854336406714786e-01,7.478817302464826344e-01,6.446502878081034060e-01,5.226609851963411879e-01,3.642009671968555184e-01,1.840765630165668576e-01,1.892587861367226176e-01,1.851548097197222853e-01,1.535550611615178196e-01,1.000289874370936111e-01,1.825594717701943259e-01,1.880889500606104936e-01,1.843733459758292448e-01,1.531323880542188598e-01,1.004140845975829005e-01
cmx,1.193000000000000033e-01,4.314500000000000002e-01,9.089800000000000102e-01,1.525970000000000049e+00,2.326719999999999899e+00,3.699320000000000164e+00,4.649879999999999569e+00,5.998999999999999666e+00,7.402580000000000382e+00,8.183120000000000616e+00,8.390719999999999956e+00,8.666249999999999787e+00,9.137579999999999814e+00,9.250909999999999300e+00,8.351869999999999905e+00,-1.189999999999999947e-01,-4.300999999999999823e-01,-9.061299999999999910e-01,-1.520890000000000075e+00,-2.318080000000000140e+00,-3.683399999999999785e+00,-4.624329999999999607e+00,-5.967039999999999900e+00,-7.363629999999999676e+00,-8.138030000000000541e+00,-8.357939999999999259e+00,-8.646309999999999718e+00,-9.143240000000000478e+00,-9.333809999999999718e+00,-8.448800000000000310e+00,-6.233999999999999958e-02,4.519999999999999712e-02,1.803599999999999925e-01,2.997299999999999964e-01,3.296700000000000186e-01,6.187000000000000138e-02,-4.495999999999999996e-02,-1.796000000000000096e-01,-2.989800000000000235e-01,-3.308699999999999974e-01
cmx*c/cref,1.901534107188774247e-01,6.398608107115305588e-01,1.247305674980714985e+00,1.924811348951254164e+00,2.677035674246041275e+00,3.956694722844652734e+00,4.735411624361752558e+00,5.802379210593982428e+00,6.781302232854571344e+00,7.077829170921646984e+00,6.742658440289460486e+00,6.343858628273884470e+00,6.035022003636630217e+00,5.447988433310067435e+00,4.321048856297982077e+00,-1.896752378503471226e-01,-6.378586966902984878e-01,-1.243394894574440857e+00,-1.918403594111596444e+00,-2.667094818352128360e+00,-3.939667112368216983e+00,-4.709391648146787013e+00,-5.771466718583550204e+00,-6.745621197057634078e+00,-7.038829459648091813e+00,-6.716316917312565415e+00,-6.329262171784886704e+00,-6.038760217095838101e+00,-5.496809386180801837e+00,-4.371198016383204710e+00,-5.283545715020386557e-02,3.597046982331116721e-02,1.342331436652830223e-01,2.076849351651177122e-01,2.115916348308415351e-01,5.243711475590492888e-02,-3.577947617823164228e-02,-1.336675127649414041e-01,-2.071652551151599853e-01,-2.123618291518201140e-01
cmy,-1.740800000000000125e-01,-2.282800000000000107e-01,-3.259500000000000175e-01,-4.203299999999999814e-01,-5.213799999999999546e-01,-5.964599999999999902e-01,-4.916300000000000114e-01,-4.884999999999999898e-01,-4.917500000000000204e-01,-4.472599999999999909e-01,-4.295100000000000029e-01,-5.090700000000000225e-01,-6.193499999999999561e-01,-6.933599999999999763e-01,-6.964599999999999680e-01,-1.727799999999999891e-01,-2.263900000000000079e-01,-3.237599999999999922e-01,-4.177400000000000002e-01,-5.180700000000000305e-01,-5.923500000000000432e-01,-4.869899999999999785e-01,-4.841699999999999893e-01,-4.875900000000000234e-01,-4.431999999999999829e-01,-4.271199999999999997e-01,-5.076899999999999746e-01,-6.203999999999999515e-01,-7.026200000000000223e-01,-7.071899999999999853e-01,-8.663800000000000390e-01,-1.039460000000000051e+00,-1.201999999999999957e+00,-1.190530000000000088e+00,-9.389600000000000168e-01,-8.590499999999999803e-01,-1.033470000000000111e+00,-1.197100000000000053e+00,-1.186350000000000016e+00,-9.438199999999999923e-01
cmy*c/cref,-2.774677765125078133e-01,-3.385500657532233282e-01,-4.472697801491386516e-01,-5.301912582191528056e-01,-5.998800284685741335e-01,-6.379578231642359931e-01,-5.006732253058076010e-01,-4.724891222495683496e-01,-4.504788023913602335e-01,-3.868487661168864000e-01,-3.451478808360577410e-01,-3.726488517981118576e-01,-4.090569798515960032e-01,-4.083292627557579269e-01,-3.603310020938176317e-01,-2.753956940822098742e-01,-3.357471061234984511e-01,-4.442646541527385251e-01,-5.269243123461777589e-01,-5.960716681666237138e-01,-6.335618759872165828e-01,-4.959478754178451299e-01,-4.683010405723101455e-01,-4.466679395180545575e-01,-3.833371487345259010e-01,-3.432273121992432952e-01,-3.716386657422032225e-01,-4.097504646806008899e-01,-4.137826044153840033e-01,-3.658824359916246216e-01,-7.342891139844983650e-01,-8.272093929765271803e-01,-8.945899239613560594e-01,-8.249262531682768351e-01,-6.026513830217095080e-01,-7.280766677074531623e-01,-8.224425099180839860e-01,-8.909430931565219813e-01,-8.220299030231789095e-01,-6.057706700216727302e-01
cmz,1.822999999999999968e-02,8.505999999999999672e-02,1.607699999999999962e-01,2.783499999999999863e-01,4.405299999999999772e-01,6.696900000000000075e-01,1.059330000000000105e+00,1.345849999999999991e+00,1.577830000000000066e+00,1.590580000000000105e+00,1.329809999999999937e+00,1.742729999999999890e+00,2.213750000000000107e+00,2.476599999999999913e+00,2.482310000000000016e+00,-1.819000000000000131e-02,-8.479000000000000425e-02,-1.604599999999999915e-01,-2.779099999999999904e-01,-4.398000000000000242e-01,-6.686699999999999866e-01,-1.055479999999999974e+00,-1.340419999999999945e+00,-1.571849999999999969e+00,-1.586130000000000040e+00,-1.327460000000000084e+00,-1.738320000000000087e+00,-2.206879999999999953e+00,-2.464609999999999967e+00,-2.477030000000000065e+00,-8.335099999999999731e-01,-9.721400000000000041e-01,-1.102889999999999926e+00,-1.095930000000000071e+00,-8.870700000000000252e-01,8.266000000000000014e-01,9.665099999999999802e-01,1.098859999999999948e+00,1.093760000000000066e+00,8.907899999999999707e-01
cmz*c/cref,2.905697131102376318e-02,1.261480138118502570e-01,2.206091810233993256e-01,3.511020786650992931e-01,5.068570887668514269e-01,7.162826922087939252e-01,1.078815710520515836e+00,1.301738966590750390e+00,1.445407155622084217e+00,1.375740979318958113e+00,1.068615639716416155e+00,1.275711264647540366e+00,1.462097181151966963e+00,1.458503882746206903e+00,1.284285170444109392e+00,-2.899321492855306062e-02,-1.257475910076038539e-01,-2.201837978914888139e-01,-3.505470762774123838e-01,-5.060171784887778079e-01,-7.151917272159569183e-01,-1.074894892186753825e+00,-1.296486938067075601e+00,-1.439929040241707092e+00,-1.371892039084597448e+00,-1.066727214487749320e+00,-1.272483061381919578e+00,-1.457559808985049221e+00,-1.451442806450427669e+00,-1.281553430371376923e+00,-7.064305724938471087e-01,-7.736356755317194134e-01,-8.208271890497004231e-01,-7.593772762002718446e-01,-5.693468969253938639e-01,7.005740917606435580e-01,7.691552829408955239e-01,8.178278567755206119e-01,7.578736685890606894e-01,5.717344993204274139e-01
cs,3.389000000000000346e-02,4.791000000000000120e-02,6.162999999999999728e-02,6.090999999999999887e-02,6.537999999999999368e-02,-1.010100000000000026e-01,-8.387999999999999623e-02,-7.041999999999999649e-02,-6.679999999999999827e-02,-9.316000000000000669e-02,-2.895400000000000196e-01,-2.055899999999999950e-01,-1.454400000000000137e-01,-6.479999999999999649e-02,-3.153999999999999859e-02,-3.375999999999999834e-02,-4.762000000000000260e-02,-6.124000000000000277e-02,-6.060000000000000109e-02,-6.507000000000000284e-02,1.004700000000000037e-01,8.326000000000000068e-02,6.994000000000000217e-02,6.633999999999999619e-02,9.218999999999999417e-02,2.873499999999999943e-01,2.044499999999999929e-01,1.457299999999999984e-01,6.644999999999999518e-02,3.334999999999999770e-02,-2.067199999999999871e-01,-2.222800000000000054e-01,-2.321400000000000130e-01,-2.106500000000000039e-01,-1.532300000000000051e-01,2.050599999999999923e-01,2.209000000000000130e-01,2.312500000000000111e-01,2.103800000000000114e-01,1.536700000000000010e-01
cs*c/cref,5.401759504830474373e-02,7.105280204239061703e-02,8.456891103111340013e-02,7.682998962274545374e-02,7.522374517870915323e-02,-1.080376214965286519e-01,-8.542291995738895971e-02,-6.811194265878117715e-02,-6.119366344635050053e-02,-8.057691510854791961e-02,-2.326700598758403016e-01,-1.504957617639495759e-01,-9.605755574330529512e-02,-3.816161334165961427e-02,-1.631800793446717274e-02,-5.381038680527494567e-02,-7.062271828968151588e-02,-8.403375160709694591e-02,-7.643896521323878535e-02,-7.486707095103403709e-02,1.074600517944385158e-01,8.479151544649744798e-02,6.764767494398118974e-02,6.077226995555227995e-02,7.973793263049626379e-02,2.309102082797634126e-01,1.496612602395033242e-01,9.624908964845900472e-02,3.913332108878520704e-02,1.725445670940013373e-02,-1.752028505308011463e-01,-1.768919476178231476e-01,-1.727704700069793708e-01,-1.459608033648018000e-01,-9.834739650295704072e-02,1.737959390956176631e-01,1.757937341586158775e-01,1.721080864526319532e-01,1.457737185468170327e-01,9.862980108731585205e-02
cx,-2.014100000000000057e-01,-2.553300000000000014e-01,-2.642399999999999749e-01,-3.124299999999999855e-01,-3.529700000000000060e-01,-3.678600000000000203e-01,-3.741300000000000181e-01,-3.414300000000000113e-01,-3.063400000000000012e-01,-2.474200000000000010e-01,-1.923199999999999910e-01,-2.197699999999999931e-01,-2.434699999999999920e-01,-2.343899999999999872e-01,-2.024600000000000011e-01,-2.013699999999999934e-01,-2.549500000000000099e-01,-2.640500000000000069e-01,-3.120600000000000041e-01,-3.524499999999999855e-01,-3.671599999999999864e-01,-3.726700000000000013e-01,-3.400000000000000244e-01,-3.051400000000000223e-01,-2.466500000000000081e-01,-1.917800000000000060e-01,-2.191200000000000092e-01,-2.427700000000000136e-01,-2.334600000000000009e-01,-2.022200000000000109e-01,-2.691999999999999948e-02,-3.452999999999999819e-02,-3.513999999999999763e-02,-2.580000000000000002e-02,-1.281000000000000021e-02,-2.664000000000000049e-02,-3.432000000000000328e-02,-3.500999999999999945e-02,-2.554000000000000020e-02,-1.295999999999999930e-02
cx*c/cref,-3.210293248356169138e-01,-3.786664985490209578e-01,-3.625910928259192256e-01,-3.940895363295741638e-01,-4.061138778789992743e-01,-3.934533159460749663e-01,-3.810118865481394446e-01,-3.302394288836645320e-01,-2.806297434154942372e-01,-2.140010770304521803e-01,-1.545455063732872891e-01,-1.608757894978510572e-01,-1.608026203026852174e-01,-1.380355023325863795e-01,-1.047477452889100935e-01,-3.209655684531462216e-01,-3.781029405282297362e-01,-3.623303741321676763e-01,-3.936228297762920381e-01,-4.055155856261248304e-01,-3.927046144804025030e-01,-3.795250307644271182e-01,-3.288562979833229427e-01,-2.795304560481945422e-01,-2.133350806303493108e-01,-1.541115703632957301e-01,-1.603999772251404887e-01,-1.603402970833486263e-01,-1.374878125114792349e-01,-1.046235752856040646e-01,-2.281569628622855464e-02,-2.747921068581713616e-02,-2.615298662895345488e-02,-1.787699371854681654e-02,-8.221824376446385321e-03,-2.257838592366748567e-02,-2.731209124637255445e-02,-2.605623397494765195e-02,-1.769683796789479208e-02,-8.318098666568707680e-03
cy,3.389000000000000346e-02,4.791000000000000120e-02,6.162999999999999728e-02,6.090999999999999887e-02,6.537999999999999368e-02,-1.010100000000000026e-01,-8.387999999999999623e-02,-7.041999999999999649e-02,-6.679999999999999827e-02,-9.316000000000000669e-02,-2.895400000000000196e-01,-2.055899999999999950e-01,-1.454400000000000137e-01,-6.479999999999999649e-02,-3.153999999999999859e-02,-3.375999999999999834e-02,-4.762000000000000260e-02,-6.124000000000000277e-02,-6.060000000000000109e-02,-6.507000000000000284e-02,1.004700000000000037e-01,8.326000000000000068e-02,6.994000000000000217e-02,6.633999999999999619e-02,9.218999999999999417e-02,2.873499999999999943e-01,2.044499999999999929e-01,1.457299999999999984e-01,6.644999999999999518e-02,3.334999999999999770e-02,-2.067199999999999871e-01,-2.222800000000000054e-01,-2.321400000000000130e-01,-2.106500000000000039e-01,-1.532300000000000051e-01,2.050599999999999923e-01,2.209000000000000130e-01,2.312500000000000111e-01,2.103800000000000114e-01,1.536700000000000010e-01
cy*c/cref,5.401759504830474373e-02,7.105280204239061703e-02,8.456891103111340013e-02,7.682998962274545374e-02,7.522374517870915323e-02,-1.080376214965286519e-01,-8.542291995738895971e-02,-6.811194265878117715e-02,-6.119366344635050053e-02,-8.057691510854791961e-02,-2.326700598758403016e-01,-1.504957617639495759e-01,-9.605755574330529512e-02,-3.816161334165961427e-02,-1.631800793446717274e-02,-5.381038680527494567e-02,-7.062271828968151588e-02,-8.403375160709694591e-02,-7.643896521323878535e-02,-7.486707095103403709e-02,1.074600517944385158e-01,8.479151544649744798e-02,6.764767494398118974e-02,6.077226995555227995e-02,7.973793263049626379e-02,2.309102082797634126e-01,1.496612602395033242e-01,9.624908964845900472e-02,3.913332108878520704e-02,1.725445670940013373e-02,-1.752028505308011463e-01,-1.768919476178231476e-01,-1.727704700069793708e-01,-1.459608033648018000e-01,-9.834739650295704072e-02,1.737959390956176631e-01,1.757937341586158775e-01,1.721080864526319532e-01,1.457737185468170327e-01,9.862980108731585205e-02
cz,1.240070000000000006e+00,1.359180000000000055e+00,1.579260000000000108e+00,1.734150000000000080e+00,1.872910000000000075e+00,1.915869999999999962e+00,1.592600000000000016e+00,1.494620000000000060e+00,1.415159999999999973e+00,1.240240000000000009e+00,1.070899999999999963e+00,1.000559999999999894e+00,9.448400000000000132e-01,8.489499999999999824e-01,6.674499999999999877e-01,1.236850000000000005e+00,1.354870000000000019e+00,1.574230000000000018e+00,1.728350000000000053e+00,1.865939999999999932e+00,1.907629999999999937e+00,1.583879999999999955e+00,1.486669999999999936e+00,1.407720000000000082e+00,1.233430000000000026e+00,1.066799999999999971e+00,9.983199999999999852e-01,9.454099999999999726e-01,8.564599999999999991e-01,6.750699999999999479e-01,2.171299999999999897e-01,2.364900000000000058e-01,2.476299999999999890e-01,2.219599999999999906e-01,1.574200000000000044e-01,2.153500000000000136e-01,2.350299999999999889e-01,2.465900000000000036e-01,2.213900000000000035e-01,1.580100000000000116e-01
cz*c/cref,1.976559430261176198e+00,2.015728396576423886e+00,2.167066338390331914e+00,2.187403160470924757e+00,2.154899121790397221e+00,2.049163824339712558e+00,1.621894877493295972e+00,1.445632941446570952e+00,1.296389592256547596e+00,1.072721266576056820e+00,8.605593946295411190e-01,7.324288116666052284e-01,6.240306722256914185e-01,4.999583587407705476e-01,3.453219529442015379e-01,1.971427041472284314e+00,2.009336462182712779e+00,2.160164154024170724e+00,2.180087219905961327e+00,2.146879704477830497e+00,2.040350538515225853e+00,1.613014478565918397e+00,1.437943507420196054e+00,1.289574010579289443e+00,1.066831090621900513e+00,8.572646952944200649e-01,7.307890893729565018e-01,6.244071354185798395e-01,5.043811012746574063e-01,3.492643505491678790e-01,1.840257107960180660e-01,1.882003630202402356e-01,1.842989208573632409e-01,1.537975785181647792e-01,1.010366583403739249e-01,1.825170949197369996e-01,1.870384850126730891e-01,1.835248996253168174e-01,1.534026216801968878e-01,1.014153372148550725e-01
Results_Name,VSPAERO_Comp_Load
Results_Timestamp,1759253980
Results_Date,9,30,2025
Results_Time,13,39,40
AoA,1.400000000000000000e+01,1.400000000000000000e+01,1.400000000000000000e+01,1.400000000000000000e+01,1.400000000000000000e+01,1.400000000000000000e+01,1.400000000000000000e+01,1.400000000000000000e+01,1.400000000000000000e+01
Beta,0.000000000000000000e+00,0.000000000000000000e+00,0.000000000000000000e+00,0.000000000000000000e+00,0.000000000000000000e+00,0.000000000000000000e+00,0.000000000000000000e+00,0.000000000000000000e+00,0.000000000000000000e+00
CDi,0.000000000000000000e+00,3.466999999999999943e-02,3.427000000000000185e-02,1.979999999999999989e-03,1.979999999999999989e-03,0.000000000000000000e+00,0.000000000000000000e+00,0.000000000000000000e+00,0.000000000000000000e+00
CFx,0.000000000000000000e+00,-1.539899999999999880e-01,-1.535700000000000121e-01,-2.099999999999999870e-03,-2.089999999999999844e-03,0.000000000000000000e+00,0.000000000000000000e+00,0.000000000000000000e+00,0.000000000000000000e+00
CFy,0.000000000000000000e+00,-2.126000000000000112e-02,2.110000000000000070e-02,-1.574000000000000052e-02,1.567999999999999949e-02,0.000000000000000000e+00,0.000000000000000000e+00,0.000000000000000000e+00,0.000000000000000000e+00
CFz,0.000000000000000000e+00,7.609099999999999753e-01,7.576000000000000512e-01,1.660000000000000017e-02,1.652999999999999955e-02,0.000000000000000000e+00,0.000000000000000000e+00,0.000000000000000000e+00,0.000000000000000000e+00
CL,0.000000000000000000e+00,7.755600000000000271e-01,7.722499999999999920e-01,1.661999999999999936e-02,1.653999999999999915e-02,0.000000000000000000e+00,0.000000000000000000e+00,0.000000000000000000e+00,0.000000000000000000e+00
Cmx,0.000000000000000000e+00,1.614200000000000079e-01,-1.606599999999999973e-01,5.800000000000000034e-04,-5.800000000000000034e-04,3.000000000000000076e-05,-3.000000000000000076e-05,-0.000000000000000000e+00,0.000000000000000000e+00
Cmy,0.000000000000000000e+00,-2.346100000000000130e-01,-2.328300000000000092e-01,-5.945000000000000284e-02,-5.920999999999999874e-02,3.561999999999999889e-02,3.554000000000000214e-02,-0.000000000000000000e+00,0.000000000000000000e+00
Cmz,0.000000000000000000e+00,3.341999999999999832e-02,-3.330999999999999933e-02,-4.270000000000000358e-03,4.259999999999999898e-03,9.000000000000000567e-05,-9.000000000000000567e-05,0.000000000000000000e+00,3.000000000000000076e-05
Comp_ID,0,1,2,3,4,5,6,7,8
Comp_Name,NONE,main_wing,main_wing,horizontal_tail,horizontal_tail,fuselage,fuselage,fuselage,fuselage
Cs,0.000000000000000000e+00,-2.126000000000000112e-02,2.110000000000000070e-02,-1.574000000000000052e-02,1.567999999999999949e-02,0.000000000000000000e+00,0.000000000000000000e+00,0.000000000000000000e+00,0.000000000000000000e+00
Mach,1.499999999999999944e-01,1.499999999999999944e-01,1.499999999999999944e-01,1.499999999999999944e-01,1.499999999999999944e-01,1.499999999999999944e-01,1.499999999999999944e-01,1.499999999999999944e-01,1.499999999999999944e-01
Results_Name,VSPAERO_Load
Results_Timestamp,1759253980
Results_Date,9,30,2025
Results_Time,13,39,40
AnalysisMethod,0
Chord,1.735640000000000072e+00,1.614919999999999911e+00,1.494220000000000104e+00,1.373529999999999918e+00,1.252869999999999928e+00,1.164679999999999938e+00,1.108950000000000102e+00,1.053230000000000111e+00,9.975300000000000278e-01,9.418400000000000105e-01,8.750400000000000400e-01,7.971099999999999852e-01,7.191899999999999959e-01,6.412799999999999612e-01,5.633799999999999919e-01,1.735640000000000072e+00,1.614919999999999911e+00,1.494220000000000104e+00,1.373529999999999918e+00,1.252869999999999928e+00,1.164679999999999938e+00,1.108950000000000102e+00,1.053230000000000111e+00,9.975300000000000278e-01,9.418400000000000105e-01,8.750400000000000400e-01,7.971099999999999852e-01,7.191899999999999959e-01,6.412799999999999612e-01,5.633799999999999919e-01,9.229000000000000536e-01,8.665699999999999514e-01,8.104299999999999837e-01,7.545199999999999685e-01,6.988999999999999657e-01,9.229000000000000536e-01,8.665699999999999514e-01,8.104299999999999837e-01,7.545199999999999685e-01,6.988999999999999657e-01
FC_AoA_,1.500000000000000000e+01
FC_Beta_,0.000000000000000000e+00
FC_Bref_,1.417173599999999922e+01
FC_Cref_,1.088920000000000110e+00
FC_Mach_,1.499999999999999944e-01
FC_Pitch_Rate,0.000000000000000000e+00
FC_Rho_,2.377000000000000206e-03
FC_Roll__Rate,0.000000000000000000e+00
FC_Sref_,1.619368700000000061e+01
FC_Vinf_,5.100000000000000000e+01
FC_Xcg_,1.774861999999999940e+00
FC_Yaw___Rate,0.000000000000000000e+00
FC_Ycg_,0.000000000000000000e+00
FC_Zcg_,7.545150000000000468e-01
S,3.314000000000000279e-02,8.981999999999999706e-02,1.368900000000000117e-01,1.839600000000000124e-01,2.310300000000000131e-01,2.997400000000000064e-01,4.117600000000000149e-01,5.454599999999999449e-01,6.791599999999999859e-01,8.128699999999999815e-01,9.157600000000000184e-01,9.578299999999999592e-01,9.698799999999999644e-01,9.819299999999999695e-01,9.939799999999999747e-01,3.314000000000000279e-02,8.981999999999999706e-02,1.368900000000000117e-01,1.839600000000000124e-01,2.310300000000000131e-01,2.997400000000000064e-01,4.117600000000000149e-01,5.454599999999999449e-01,6.791599999999999859e-01,8.128699999999999815e-01,9.157600000000000184e-01,9.578299999999999592e-01,9.698799999999999644e-01,9.819299999999999695e-01,9.939799999999999747e-01,1.020299999999999957e-01,3.035599999999999965e-01,5.025399999999999867e-01,7.015200000000000324e-01,9.005100000000000326e-01,1.020299999999999957e-01,3.035599999999999965e-01,5.025399999999999867e-01,7.015200000000000324e-01,9.005100000000000326e-01
V/Vref,9.818200000000000260e-01,9.844699999999999562e-01,9.908700000000000285e-01,9.916500000000000314e-01,9.958399999999999475e-01,9.943199999999999816e-01,9.852699999999999791e-01,9.811999999999999611e-01,9.784300000000000219e-01,9.797299999999999898e-01,1.002620000000000067e+00,1.003079999999999972e+00,1.004450000000000065e+00,1.002429999999999932e+00,1.008119999999999905e+00,9.820600000000000440e-01,9.846200000000000507e-01,9.909299999999999775e-01,9.917000000000000259e-01,9.958399999999999475e-01,9.942999999999999616e-01,9.852300000000000502e-01,9.811499999999999666e-01,9.783699999999999619e-01,9.796799999999999953e-01,1.002480000000000038e+00,1.002969999999999917e+00,1.004329999999999945e+00,1.002010000000000067e+00,1.007100000000000106e+00,9.923999999999999488e-01,9.956099999999999950e-01,9.939000000000000057e-01,9.996800000000000130e-01,1.002750000000000030e+00,9.922400000000000109e-01,9.955500000000000460e-01,9.937500000000000222e-01,9.993800000000000461e-01,1.002569999999999961e+00
WingId,1,1,1,1,1,1,1,1,1,1,1,1,1,1,1,2,2,2,2,2,2,2,2,2,2,2,2,2,2,2,3,3,3,3,3,4,4,4,4,4
Xavg,2.391169999999999796e+00,2.380489999999999995e+00,2.369810000000000194e+00,2.359129999999999949e+00,2.348450000000000149e+00,2.336259999999999781e+00,2.322589999999999932e+00,2.308860000000000134e+00,2.295059999999999878e+00,2.281190000000000051e+00,2.284749999999999837e+00,2.305000000000000160e+00,2.325239999999999974e+00,2.345470000000000166e+00,2.365699999999999914e+00,2.391169999999999796e+00,2.380489999999999995e+00,2.369810000000000194e+00,2.359129999999999949e+00,2.348450000000000149e+00,2.336259999999999781e+00,2.322589999999999932e+00,2.308860000000000134e+00,2.295059999999999878e+00,2.281190000000000051e+00,2.284749999999999837e+00,2.305000000000000160e+00,2.325239999999999974e+00,2.345470000000000166e+00,2.365699999999999914e+00,5.722059999999999924e+00,5.820210000000000328e+00,5.918350000000000222e+00,6.016490000000000116e+00,6.114630000000000010e+00,5.722059999999999924e+00,5.820210000000000328e+00,5.918350000000000222e+00,6.016490000000000116e+00,6.114630000000000010e+00
Yavg,1.718899999999999872e-01,5.195499999999999563e-01,8.671900000000000164e-01,1.214790000000000036e+00,1.562359999999999971e+00,2.229140000000000121e+00,3.217070000000000096e+00,4.204979999999999940e+00,5.192870000000000097e+00,6.180740000000000123e+00,6.716649999999999565e+00,6.791660000000000252e+00,6.866660000000000430e+00,6.941650000000000098e+00,7.016610000000000014e+00,-1.718899999999999872e-01,-5.195499999999999563e-01,-8.671900000000000164e-01,-1.214790000000000036e+00,-1.562359999999999971e+00,-2.229140000000000121e+00,-3.217070000000000096e+00,-4.204979999999999940e+00,-5.192870000000000097e+00,-6.180740000000000123e+00,-6.716649999999999565e+00,-6.791660000000000252e+00,-6.866660000000000430e+00,-6.941650000000000098e+00,-7.016610000000000014e+00,1.078800000000000037e-01,3.257399999999999740e-01,5.435900000000000176e-01,7.614400000000000057e-01,9.792699999999999738e-01,-1.078800000000000037e-01,-3.257399999999999740e-01,-5.435900000000000176e-01,-7.614400000000000057e-01,-9.792699999999999738e-01
Zavg,1.027309999999999945e+00,1.024350000000000094e+00,1.021379999999999955e+00,1.018420000000000103e+00,1.015449999999999964e+00,1.037979999999999903e+00,1.086500000000000021e+00,1.135019999999999918e+00,1.183540000000000036e+00,1.232069999999999999e+00,1.270329999999999959e+00,1.298289999999999944e+00,1.326240000000000085e+00,1.354190000000000005e+00,1.382130000000000081e+00,1.027309999999999945e+00,1.024350000000000094e+00,1.021379999999999955e+00,1.018420000000000103e+00,1.015449999999999964e+00,1.037979999999999903e+00,1.086500000000000021e+00,1.135019999999999918e+00,1.183540000000000036e+00,1.232069999999999999e+00,1.270329999999999959e+00,1.298289999999999944e+00,1.326240000000000085e+00,1.354190000000000005e+00,1.382130000000000081e+00,3.777900000000000147e-01,5.956799999999999873e-01,8.135799999999999699e-01,1.031470000000000109e+00,1.249349999999999961e+00,3.777900000000000147e-01,5.956799999999999873e-01,8.135799999999999699e-01,1.031470000000000109e+00,1.249349999999999961e+00
cd,1.198400000000000021e-01,9.259000000000000563e-02,1.373900000000000121e-01,1.256799999999999862e-01,1.184700000000000059e-01,1.137100000000000055e-01,2.655000000000000068e-02,3.527999999999999886e-02,5.163000000000000228e-02,6.812000000000000000e-02,8.336999999999999966e-02,3.406000000000000000e-02,-6.700000000000000226e-03,-2.186000000000000096e-02,-4.091000000000000192e-02,1.195399999999999935e-01,9.229999999999999316e-02,1.369299999999999962e-01,1.251099999999999990e-01,1.178600000000000064e-01,1.131000000000000061e-01,2.620000000000000107e-02,3.490999999999999659e-02,5.122000000000000164e-02,6.775000000000000466e-02,8.329999999999999905e-02,3.432000000000000328e-02,-6.550000000000000266e-03,-2.188000000000000014e-02,-4.173000000000000320e-02,3.169000000000000289e-02,2.801999999999999977e-02,3.076999999999999874e-02,3.475999999999999923e-02,2.381000000000000130e-02,3.162999999999999839e-02,2.792999999999999997e-02,3.063000000000000098e-02,3.431000000000000022e-02,2.373000000000000109e-02
cd*c/cref,1.910141218822319353e-01,1.373153609080556836e-01,1.885270596554384503e-01,1.585288638283803564e-01,1.363070830731366589e-01,1.216212052308709435e-01,2.703837058737097385e-02,3.412367703779892181e-02,4.729683897807000770e-02,5.891905814935899377e-02,6.699489843147338197e-02,2.493256309003415855e-02,-4.425093670793078804e-03,-1.287365536494875472e-02,-2.116581181354001626e-02,1.905359490137016332e-01,1.368852771553465408e-01,1.878958459758292565e-01,1.578098834625132896e-01,1.356052402380339972e-01,1.209687653822135583e-01,2.668193255702898392e-02,3.376580400764059298e-02,4.692124912757594107e-02,5.859903390515373151e-02,6.693864746721521486e-02,2.512288799911839218e-02,-4.326024409506666786e-03,-1.288543364067148804e-02,-2.159005932483561499e-02,2.685844781985820967e-02,2.229850806303493305e-02,2.290060895198912233e-02,2.408543804870880850e-02,1.528193898541674138e-02,2.680759559930940422e-02,2.222688544613010686e-02,2.279641378613671970e-02,2.377363001873415704e-02,1.523059269735150233e-02
cl,1.320820000000000105e+00,1.455799999999999983e+00,1.676209999999999978e+00,1.844980000000000064e+00,1.996259999999999923e+00,2.043460000000000054e+00,1.733740000000000059e+00,1.628989999999999938e+00,1.539199999999999902e+00,1.343210000000000015e+00,1.156830000000000025e+00,1.091800000000000104e+00,1.042750000000000066e+00,9.451399999999999801e-01,7.376599999999999824e-01,1.319059999999999899e+00,1.453580000000000094e+00,1.673599999999999977e+00,1.841830000000000078e+00,1.992580000000000018e+00,2.039289999999999825e+00,1.729079999999999950e+00,1.624249999999999972e+00,1.534750000000000059e+00,1.339739999999999931e+00,1.154689999999999994e+00,1.090330000000000021e+00,1.041130000000000111e+00,9.431199999999999584e-01,7.333100000000000174e-01,2.384699999999999875e-01,2.610999999999999988e-01,2.702300000000000257e-01,2.400200000000000111e-01,1.693900000000000128e-01,2.377499999999999891e-01,2.600899999999999879e-01,2.690000000000000169e-01,2.383599999999999886e-01,1.683699999999999919e-01
cl*c/cref,2.105267627373911932e+00,2.159020438599712932e+00,2.300101482386217810e+00,2.327200693714873037e+00,2.296820947544355285e+00,2.185630710061345017e+00,1.765631059214634702e+00,1.575598884858391724e+00,1.410019263123094113e+00,1.161783148807993049e+00,9.296114711824560173e-01,7.992182143775483638e-01,6.886964813760423354e-01,5.566059758292618564e-01,3.816468526613524537e-01,2.102462346545200589e+00,2.155728073320353655e+00,2.296520030856261219e+00,2.323227381166660166e+00,2.292586879293244007e+00,2.181170588472981731e+00,1.760885341439224039e+00,1.571014241174741866e+00,1.405942739136024633e+00,1.158781840355581405e+00,9.278917988465634759e-01,7.981421466223412864e-01,6.876265333541490277e-01,5.554163699812657562e-01,3.793962713514307250e-01,2.021121505712081545e-01,2.077851697094368622e-01,2.011189976306799465e-01,1.663114741211475511e-01,1.087193466921353158e-01,2.015019239246225446e-01,2.069814047863938189e-01,2.002035686735481046e-01,1.651612489439077125e-01,1.080646815193034987e-01
cmx,1.254599999999999882e-01,4.536800000000000277e-01,9.520199999999999774e-01,1.596200000000000063e+00,2.432710000000000150e+00,3.867799999999999905e+00,4.909329999999999750e+00,6.352079999999999949e+00,7.846899999999999764e+00,8.677289999999999281e+00,8.919930000000000803e+00,9.203860000000000596e+00,9.715189999999999770e+00,9.875709999999999766e+00,8.766700000000000159e+00,-1.252999999999999947e-01,-4.529799999999999938e-01,-9.505200000000000315e-01,-1.593399999999999928e+00,-2.428110000000000213e+00,-3.859710000000000196e+00,-4.895900000000000141e+00,-6.333260000000000112e+00,-7.823809999999999931e+00,-8.654510000000000147e+00,-8.903560000000000585e+00,-9.192310000000000869e+00,-9.700419999999999376e+00,-9.853989999999999583e+00,-8.709970000000000212e+00,-6.825000000000000511e-02,4.997999999999999665e-02,1.958100000000000118e-01,3.242800000000000127e-01,3.521599999999999731e-01,6.804000000000000326e-02,-4.981000000000000011e-02,-1.949200000000000099e-01,-3.218699999999999894e-01,-3.500800000000000023e-01
cmx*c/cref,1.999718936193659591e-01,6.728289549278183568e-01,1.306365320133710428e+00,2.013397298240457989e+00,2.798983743250192280e+00,4.136896469896777617e+00,4.999634044282407430e+00,6.143886803805605368e+00,7.188331702053409877e+00,7.505251821621421904e+00,7.167923765933218228e+00,6.737399298938396619e+00,6.416511310380927036e+00,5.815941766888292008e+00,4.535671533262314092e+00,-1.997168680894831350e-01,-6.717908217316238551e-01,-1.304307014656724162e+00,-2.009865464864268869e+00,-2.793691157936303515e+00,-4.128243620100649380e+00,-4.985957007860999823e+00,-6.125683640487823212e+00,-7.167179580960951313e+00,-7.485548707343054886e+00,-7.154769076148844498e+00,-6.728944480861771105e+00,-6.406756290452924496e+00,-5.803150559453402302e+00,-4.506320848730851480e+00,-5.784440087426073740e-02,3.977442658781177309e-02,1.457318244682804798e-01,2.246957954670682767e-01,2.260263600631818026e-01,5.766641810233993221e-02,-3.963913942254710526e-02,-1.450694409139330621e-01,-2.230258902398706833e-01,-2.246913565734856011e-01
cmy,-1.837600000000000067e-01,-2.407199999999999895e-01,-3.408900000000000263e-01,-4.399799999999999822e-01,-5.465100000000000513e-01,-6.265699999999999603e-01,-5.261900000000000466e-01,-5.260599999999999721e-01,-5.313600000000000545e-01,-4.841400000000000148e-01,-4.643700000000000050e-01,-5.507300000000000528e-01,-6.721000000000000307e-01,-7.571600000000000552e-01,-7.442400000000000126e-01,-1.831399999999999972e-01,-2.398699999999999999e-01,-3.398300000000000209e-01,-4.385999999999999899e-01,-5.448199999999999710e-01,-6.246099999999999985e-01,-5.238699999999999468e-01,-5.235400000000000054e-01,-5.289199999999999458e-01,-4.822000000000000175e-01,-4.633599999999999941e-01,-5.500899999999999679e-01,-6.711799999999999988e-01,-7.554899999999999949e-01,-7.385000000000000453e-01,-9.497100000000000541e-01,-1.140330000000000066e+00,-1.304959999999999898e+00,-1.285460000000000047e+00,-1.025840000000000085e+00,-9.470899999999999874e-01,-1.136330000000000062e+00,-1.299360000000000070e+00,-1.276750000000000052e+00,-1.019889999999999963e+00
cmy*c/cref,-2.928968210704183672e-01,-3.569991756970208319e-01,-4.677705026999229299e-01,-5.549771603056238289e-01,-6.287936521507547782e-01,-6.701626819233734711e-01,-5.358689348161481680e-01,-5.088180709326671769e-01,-4.867644462403115102e-01,-4.187473988906438849e-01,-3.731608610366234369e-01,-4.031447583844542937e-01,-4.438963367373176538e-01,-4.459019623112808750e-01,-3.850511802519927529e-01,-2.919085971421224723e-01,-3.557385853873561987e-01,-4.663159668295192017e-01,-5.532364709987876994e-01,-6.268492023289128356e-01,-6.680663178194907736e-01,-5.335062598721668214e-01,-5.063806654299672916e-01,-4.845292285934686416e-01,-4.170694339345406010e-01,-3.723492399808984721e-01,-4.026762663005545861e-01,-4.432887119347609928e-01,-4.449184762884325073e-01,-3.820814476729235687e-01,-8.049143729566909933e-01,-9.074824303897439659e-01,-9.712180259339526778e-01,-8.907038893582631678e-01,-6.584134518605589959e-01,-8.026938259927266506e-01,-9.042992029717518143e-01,-9.670502192998566837e-01,-8.846686717114204956e-01,-6.545945716857067831e-01
cmz,2.025000000000000064e-02,9.478999999999999926e-02,1.815599999999999992e-01,3.164000000000000146e-01,5.016100000000000003e-01,7.667399999999999771e-01,1.200409999999999977e+00,1.528999999999999915e+00,1.796359999999999957e+00,1.813330000000000108e+00,1.522340000000000027e+00,1.988450000000000051e+00,2.521110000000000184e+00,2.813260000000000094e+00,2.839160000000000128e+00,-2.021999999999999839e-02,-9.464000000000000190e-02,-1.813400000000000012e-01,-3.161100000000000021e-01,-5.011200000000000099e-01,-7.659599999999999742e-01,-1.198099999999999943e+00,-1.525679999999999925e+00,-1.792610000000000037e+00,-1.810060000000000002e+00,-1.518990000000000062e+00,-1.982949999999999990e+00,-2.515950000000000131e+00,-2.808720000000000105e+00,-2.837149999999999839e+00,-9.108899999999999775e-01,-1.059490000000000043e+00,-1.193060000000000009e+00,-1.176960000000000006e+00,-9.217300000000000493e-01,9.083799999999999653e-01,1.055779999999999941e+00,1.187680000000000069e+00,1.167289999999999939e+00,9.163099999999999579e-01
cmz*c/cref,3.227666862579436219e-02,1.405780652389523322e-01,2.491372949344304588e-01,3.990971715093853955e-01,5.771334172390991668e-01,8.200848025566614963e-01,1.222490788579509990e+00,1.478886116519119831e+00,1.645596545935422039e+00,1.568404223634426664e+00,1.223329898982478126e+00,1.455582944109759858e+00,1.665096702145244745e+00,1.656767597986996021e+00,1.468910444109759794e+00,-3.222885133894132920e-02,-1.403556081254821175e-01,-2.488354101311391342e-01,-3.987313744811372129e-01,-5.765696418469674622e-01,-8.192505352091978832e-01,-1.220138297579252740e+00,-1.475674931491753217e+00,-1.642161272912610492e+00,-1.565575901259963931e+00,-1.220637888550123007e+00,-1.451556840263747317e+00,-1.661688719556992044e+00,-1.654093929397935314e+00,-1.467870520332071660e+00,-7.720129862616169625e-01,-8.431494042721228155e-01,-8.879363183704954698e-01,-8.155235087977077413e-01,-5.915926762296586094e-01,7.698856683686587932e-01,8.401969608419349589e-01,8.839322469970245510e-01,8.088231006869190942e-01,5.881139652132386653e-01
cs,3.762000000000000066e-02,5.240999999999999825e-02,6.701000000000000012e-02,6.715999999999999748e-02,7.269000000000000461e-02,-1.047600000000000059e-01,-8.772000000000000630e-02,-7.423000000000000431e-02,-7.054000000000000548e-02,-1.009499999999999981e-01,-3.010099999999999998e-01,-2.087400000000000089e-01,-1.436199999999999977e-01,-5.770999999999999741e-02,-1.822000000000000008e-02,-3.753999999999999698e-02,-5.226000000000000090e-02,-6.680999999999999439e-02,-6.697999999999999787e-02,-7.252000000000000113e-02,1.044800000000000034e-01,8.740000000000000546e-02,7.395000000000000184e-02,7.026000000000000301e-02,1.005100000000000021e-01,3.004000000000000004e-01,2.087499999999999911e-01,1.433599999999999874e-01,5.700999999999999818e-02,1.674000000000000141e-02,-2.262399999999999967e-01,-2.423200000000000076e-01,-2.515000000000000013e-01,-2.275600000000000123e-01,-1.597000000000000086e-01,2.255699999999999927e-01,2.414000000000000035e-01,2.503099999999999770e-01,2.256799999999999917e-01,1.587200000000000000e-01
cs*c/cref,5.996287771369797348e-02,7.772651544649743227e-02,9.195136667523785834e-02,8.471354626602503601e-02,8.363435357969362105e-02,-1.120485222054879992e-01,-8.933355434742680512e-02,-7.179706764500606853e-02,-6.461977574110126799e-02,-8.731472284465341405e-02,-2.418871821621423057e-01,-1.528016212393931428e-01,-9.485551537303014979e-02,-3.398621459795025251e-02,-9.426572750982622692e-03,-5.983536494875656142e-02,-7.750405833302720371e-02,-9.167692594497299508e-02,-8.448649983469858071e-02,-8.343875803548468639e-02,1.117490416192190306e-01,8.900766814825698814e-02,7.152624481137273560e-02,6.436327535539800027e-02,8.693415347316606201e-02,2.413969951878925935e-01,1.528089414282040592e-01,9.468379532013368460e-02,3.357397494765455154e-02,8.660857730595451429e-03,-1.917467729493442796e-01,-1.928399169819637604e-01,-1.871791729419975681e-01,-1.576778562245160220e-01,-1.025000275502332414e-01,1.911789231532160238e-01,1.921077746758255711e-01,1.862935140322521110e-01,1.563751915659552516e-01,1.018710355214340613e-01
cx,-2.260999999999999954e-01,-2.873600000000000043e-01,-3.011300000000000088e-01,-3.561199999999999921e-01,-4.022399999999999864e-01,-4.190499999999999781e-01,-4.230800000000000116e-01,-3.875399999999999956e-01,-3.484999999999999765e-01,-2.818499999999999894e-01,-2.188799999999999912e-01,-2.496800000000000130e-01,-2.763599999999999945e-01,-2.657399999999999762e-01,-2.304400000000000059e-01,-2.259299999999999919e-01,-2.870599999999999818e-01,-3.009000000000000008e-01,-3.558600000000000096e-01,-4.018700000000000050e-01,-4.185599999999999876e-01,-4.222099999999999742e-01,-3.866600000000000037e-01,-3.477500000000000036e-01,-2.813100000000000045e-01,-2.184000000000000108e-01,-2.490499999999999936e-01,-2.757899999999999796e-01,-2.652399999999999758e-01,-2.300999999999999990e-01,-3.110999999999999877e-02,-4.050999999999999740e-02,-4.021999999999999881e-02,-2.854999999999999899e-02,-2.084000000000000088e-02,-3.098000000000000059e-02,-4.034000000000000086e-02,-4.003000000000000308e-02,-2.854999999999999899e-02,-2.065000000000000169e-02
cx*c/cref,-3.603829519156594996e-01,-4.261685075120302257e-01,-4.132116855232708108e-01,-4.491987506887557546e-01,-4.628020688388493897e-01,-4.482047845571758282e-01,-4.308622910773977632e-01,-3.748381462366381367e-01,-3.192513729199573103e-01,-2.437806303493369187e-01,-1.758887293832420984e-01,-1.827704742313484565e-01,-1.825252069940858646e-01,-1.564979495279726351e-01,-1.192238981743378584e-01,-3.601119872901590302e-01,-4.257235932850896853e-01,-4.128960786834662278e-01,-4.488707947323953285e-01,-4.623763608896887534e-01,-4.476806935312051539e-01,-4.299762879734048138e-01,-3.739869887595048126e-01,-3.185643183153950564e-01,-2.433135679388752082e-01,-1.755030084854718453e-01,-1.823093023362597487e-01,-1.821487438011974713e-01,-1.562034926349042674e-01,-1.190479906696543105e-01,-2.636687635455313428e-02,-3.223813567571538058e-02,-2.993378264702640720e-02,-1.978248723505858855e-02,-1.337570804099474410e-02,-2.625669654336406506e-02,-3.210284851045071969e-02,-2.979237492194100612e-02,-1.978248723505858855e-02,-1.325376060683980221e-02
cy,3.762000000000000066e-02,5.240999999999999825e-02,6.701000000000000012e-02,6.715999999999999748e-02,7.269000000000000461e-02,-1.047600000000000059e-01,-8.772000000000000630e-02,-7.423000000000000431e-02,-7.054000000000000548e-02,-1.009499999999999981e-01,-3.010099999999999998e-01,-2.087400000000000089e-01,-1.436199999999999977e-01,-5.770999999999999741e-02,-1.822000000000000008e-02,-3.753999999999999698e-02,-5.226000000000000090e-02,-6.680999999999999439e-02,-6.697999999999999787e-02,-7.252000000000000113e-02,1.044800000000000034e-01,8.740000000000000546e-02,7.395000000000000184e-02,7.026000000000000301e-02,1.005100000000000021e-01,3.004000000000000004e-01,2.087499999999999911e-01,1.433599999999999874e-01,5.700999999999999818e-02,1.674000000000000141e-02,-2.262399999999999967e-01,-2.423200000000000076e-01,-2.515000000000000013e-01,-2.275600000000000123e-01,-1.597000000000000086e-01,2.255699999999999927e-01,2.414000000000000035e-01,2.503099999999999770e-01,2.256799999999999917e-01,1.587200000000000000e-01
cy*c/cref,5.996287771369797348e-02,7.772651544649743227e-02,9.195136667523785834e-02,8.471354626602503601e-02,8.363435357969362105e-02,-1.120485222054879992e-01,-8.933355434742680512e-02,-7.179706764500606853e-02,-6.461977574110126799e-02,-8.731472284465341405e-02,-2.418871821621423057e-01,-1.528016212393931428e-01,-9.485551537303014979e-02,-3.398621459795025251e-02,-9.426572750982622692e-03,-5.983536494875656142e-02,-7.750405833302720371e-02,-9.167692594497299508e-02,-8.448649983469858071e-02,-8.343875803548468639e-02,1.117490416192190306e-01,8.900766814825698814e-02,7.152624481137273560e-02,6.436327535539800027e-02,8.693415347316606201e-02,2.413969951878925935e-01,1.528089414282040592e-01,9.468379532013368460e-02,3.357397494765455154e-02,8.660857730595451429e-03,-1.917467729493442796e-01,-1.928399169819637604e-01,-1.871791729419975681e-01,-1.576778562245160220e-01,-1.025000275502332414e-01,1.911789231532160238e-01,1.921077746758255711e-01,1.862935140322521110e-01,1.563751915659552516e-01,1.018710355214340613e-01
cz,1.306829999999999936e+00,1.430160000000000098e+00,1.654660000000000020e+00,1.814640000000000031e+00,1.958900000000000086e+00,2.003260000000000041e+00,1.681529999999999969e+00,1.582619999999999916e+00,1.500119999999999898e+00,1.315069999999999961e+00,1.138989999999999947e+00,1.063409999999999966e+00,1.005489999999999995e+00,9.072700000000000209e-01,7.019400000000000084e-01,1.305050000000000043e+00,1.427929999999999922e+00,1.652020000000000044e+00,1.811450000000000005e+00,1.955189999999999984e+00,1.999069999999999903e+00,1.676940000000000097e+00,1.577939999999999898e+00,1.495710000000000095e+00,1.311630000000000074e+00,1.136900000000000022e+00,1.062060000000000004e+00,1.003959999999999964e+00,9.053200000000000136e-01,6.975200000000000289e-01,2.385500000000000120e-01,2.594600000000000239e-01,2.689799999999999969e-01,2.408399999999999985e-01,1.697799999999999865e-01,2.378399999999999959e-01,2.584600000000000231e-01,2.677599999999999980e-01,2.391199999999999992e-01,1.687700000000000033e-01
cz*c/cref,2.082968832604782605e+00,2.120995102670535815e+00,2.270530493700180230e+00,2.288930756345736839e+00,2.253835950299378776e+00,2.142633854461300835e+00,1.712460689031333638e+00,1.530748689159901366e+00,1.374219137861366846e+00,1.137444007640597832e+00,9.152755111486610140e-01,7.784361983433124577e-01,6.640876768724974788e-01,5.343038107482642740e-01,3.631662171693053054e-01,2.080131673584836527e+00,2.117687906916944751e+00,2.266907876060684224e+00,2.284906989035006664e+00,2.249567365187524537e+00,2.138152341402490109e+00,1.707786258861991646e+00,1.526222078940601579e+00,1.370179256786540734e+00,1.134468647099878824e+00,9.135960180729529867e-01,7.774479728538367107e-01,6.630771704073760153e-01,5.331554288652976537e-01,3.608794196084192940e-01,2.021799535319399044e-01,2.064800464680600911e-01,2.001886836498548705e-01,1.668796576424347033e-01,1.089696598464533345e-01,2.015782022554457598e-01,2.056842396135620532e-01,1.992806972045696456e-01,1.656878580611982343e-01,1.083214129596297010e-01
Results_Name,VSPAERO_Comp_Load
Results_Timestamp,1759253980
Results_Date,9,30,2025
Results_Time,13,39,40
AoA,1.500000000000000000e+01,1.500000000000000000e+01,1.500000000000000000e+01,1.500000000000000000e+01,1.500000000000000000e+01,1.500000000000000000e+01,1.500000000000000000e+01,1.500000000000000000e+01,1.500000000000000000e+01
Beta,0.000000000000000000e+00,0.000000000000000000e+00,0.000000000000000000e+00,0.000000000000000000e+00,0.000000000000000000e+00,0.000000000000000000e+00,0.000000000000000000e+00,0.000000000000000000e+00,0.000000000000000000e+00
CDi,0.000000000000000000e+00,3.855000000000000093e-02,3.833999999999999908e-02,2.279999999999999909e-03,2.269999999999999882e-03,0.000000000000000000e+00,0.000000000000000000e+00,0.000000000000000000e+00,0.000000000000000000e+00
CFx,0.000000000000000000e+00,-1.748399999999999954e-01,-1.745599999999999929e-01,-2.490000000000000026e-03,-2.480000000000000000e-03,0.000000000000000000e+00,0.000000000000000000e+00,0.000000000000000000e+00,0.000000000000000000e+00
CFy,0.000000000000000000e+00,-2.185000000000000137e-02,2.176000000000000156e-02,-1.702000000000000041e-02,1.694000000000000020e-02,0.000000000000000000e+00,0.000000000000000000e+00,0.000000000000000000e+00,0.000000000000000000e+00
CFz,0.000000000000000000e+00,8.014400000000000412e-01,7.995999999999999774e-01,1.810000000000000150e-02,1.802000000000000129e-02,0.000000000000000000e+00,0.000000000000000000e+00,0.000000000000000000e+00,0.000000000000000000e+00
CL,0.000000000000000000e+00,8.193799999999999972e-01,8.175299999999999789e-01,1.813000000000000028e-02,1.804000000000000048e-02,0.000000000000000000e+00,0.000000000000000000e+00,0.000000000000000000e+00,0.000000000000000000e+00
Cmx,0.000000000000000000e+00,1.704900000000000027e-01,-1.700399999999999967e-01,6.199999999999999999e-04,-6.199999999999999999e-04,4.000000000000000327e-05,-4.000000000000000327e-05,-0.000000000000000000e+00,0.000000000000000000e+00
Cmy,0.000000000000000000e+00,-2.496200000000000085e-01,-2.486700000000000021e-01,-6.482000000000000262e-02,-6.451999999999999402e-02,3.812999999999999723e-02,3.803999999999999743e-02,-0.000000000000000000e+00,0.000000000000000000e+00
Cmz,0.000000000000000000e+00,3.803000000000000130e-02,-3.796000000000000069e-02,-4.610000000000000382e-03,4.590000000000000330e-03,1.000000000000000048e-04,-1.000000000000000048e-04,0.000000000000000000e+00,2.000000000000000164e-05
Comp_ID,0,1,2,3,4,5,6,7,8
Comp_Name,NONE,main_wing,main_wing,horizontal_tail,horizontal_tail,fuselage,fuselage,fuselage,fuselage
Cs,0.000000000000000000e+00,-2.185000000000000137e-02,2.176000000000000156e-02,-1.702000000000000041e-02,1.694000000000000020e-02,0.000000000000000000e+00,0.000000000000000000e+00,0.000000000000000000e+00,0.000000000000000000e+00
Mach,1.499999999999999944e-01,1.499999999999999944e-01,1.499999999999999944e-01,1.499999999999999944e-01,1.499999999999999944e-01,1.499999999999999944e-01,1.499999999999999944e-01,1.499999999999999944e-01,1.499999999999999944e-01
